day,box1,box2,box3,box4,box5,box6,box7,box8,box9,box10,box11,box12,box13,box14,box15,box16,box17,box18,box19,box20,box21,box22,box23,box24,box25,box26,box27,box28,box29
0,0.28982,0.28982,0.28982,0.28982,0.28982,0.28982,0.28982,0.28982,0.28982,0.28982,0.28982,0.28982,0.28982,0.28982,0.28982,0.28982,0.28982,0.28982,0.28982,0.28982,0.28982,0.28982,0.28982,0.28982,0.28982,0.28982,0.28982,0.28982,0.28982
1,0.29079,0.29079,0.29079,0.29079,0.29079,0.29079,0.29079,0.29079,0.29079,0.29079,0.29079,0.29079,0.29079,0.29079,0.29079,0.29079,0.29079,0.29079,0.29079,0.29079,0.29079,0.29079,0.29079,0.29079,0.29079,0.29079,0.29079,0.29079,0.29079
2,0.29183,0.29183,0.29183,0.29183,0.29183,0.29183,0.29183,0.29183,0.29183,0.29183,0.29183,0.29183,0.29183,0.29183,0.29183,0.29183,0.29183,0.29183,0.29183,0.29183,0.29183,0.29183,0.29183,0.29183,0.29183,0.29183,0.29183,0.29183,0.29183
3,0.29296,0.29296,0.29296,0.29296,0.29296,0.29296,0.29296,0.29296,0.29296,0.29296,0.29296,0.29296,0.29296,0.29296,0.29296,0.29296,0.29296,0.29296,0.29296,0.29296,0.29296,0.29296,0.29296,0.29296,0.29296,0.29296,0.29296,0.29296,0.29296
4,0.29416,0.29416,0.29416,0.29416,0.29416,0.29416,0.29416,0.29416,0.29416,0.29416,0.29416,0.29416,0.29416,0.29416,0.29416,0.29416,0.29416,0.29416,0.29416,0.29416,0.29416,0.29416,0.29416,0.29416,0.29416,0.29416,0.29416,0.29416,0.29416
5,0.29543,0.29543,0.29543,0.29543,0.29543,0.29543,0.29543,0.29543,0.29543,0.29543,0.29543,0.29543,0.29543,0.29543,0.29543,0.29543,0.29543,0.29543,0.29543,0.29543,0.29543,0.29543,0.29543,0.29543,0.29543,0.29543,0.29543,0.29543,0.29543
6,0.29678,0.29678,0.29678,0.29678,0.29678,0.29678,0.29678,0.29678,0.29678,0.29678,0.29678,0.29678,0.29678,0.29678,0.29678,0.29678,0.29678,0.29678,0.29678,0.29678,0.29678,0.29678,0.29678,0.29678,0.29678,0.29678,0.29678,0.29678,0.29678
7,0.29819,0.29819,0.29819,0.29819,0.29819,0.29819,0.29819,0.29819,0.29819,0.29819,0.29819,0.29819,0.29819,0.29819,0.29819,0.29819,0.29819,0.29819,0.29819,0.29819,0.29819,0.29819,0.29819,0.29819,0.29819,0.29819,0.29819,0.29819,0.29819
8,0.29968,0.29968,0.29968,0.29968,0.29968,0.29968,0.29968,0.29968,0.29968,0.29968,0.29968,0.29968,0.29968,0.29968,0.29968,0.29968,0.29968,0.29968,0.29968,0.29968,0.29968,0.29968,0.29968,0.29968,0.29968,0.29968,0.29968,0.29968,0.29968
9,0.30123,0.30123,0.30123,0.30123,0.30123,0.30123,0.30123,0.30123,0.30123,0.30123,0.30123,0.30123,0.30123,0.30123,0.30123,0.30123,0.30123,0.30123,0.30123,0.30123,0.30123,0.30123,0.30123,0.30123,0.30123,0.30123,0.30123,0.30123,0.30123
10,0.30285,0.30285,0.30285,0.30285,0.30285,0.30285,0.30285,0.30285,0.30285,0.30285,0.30285,0.30285,0.30285,0.30285,0.30285,0.30285,0.30285,0.30285,0.30285,0.30285,0.30285,0.30285,0.30285,0.30285,0.30285,0.30285,0.30285,0.30285,0.30285
11,0.30454,0.30454,0.30454,0.30454,0.30454,0.30454,0.30454,0.30454,0.30454,0.30454,0.30454,0.30454,0.30454,0.30454,0.30454,0.30454,0.30454,0.30454,0.30454,0.30454,0.30454,0.30454,0.30454,0.30454,0.30454,0.30454,0.30454,0.30454,0.30454
12,0.30628,0.30628,0.30628,0.30628,0.30628,0.30628,0.30628,0.30628,0.30628,0.30628,0.30628,0.30628,0.30628,0.30628,0.30628,0.30628,0.30628,0.30628,0.30628,0.30628,0.30628,0.30628,0.30628,0.30628,0.30628,0.30628,0.30628,0.30628,0.30628
13,0.30809,0.30809,0.30809,0.30809,0.30809,0.30809,0.30809,0.30809,0.30809,0.30809,0.30809,0.30809,0.30809,0.30809,0.30809,0.30809,0.30809,0.30809,0.30809,0.30809,0.30809,0.30809,0.30809,0.30809,0.30809,0.30809,0.30809,0.30809,0.30809
14,0.30996,0.30996,0.30996,0.30996,0.30996,0.30996,0.30996,0.30996,0.30996,0.30996,0.30996,0.30996,0.30996,0.30996,0.30996,0.30996,0.30996,0.30996,0.30996,0.30996,0.30996,0.30996,0.30996,0.30996,0.30996,0.30996,0.30996,0.30996,0.30996
15,0.31189,0.31189,0.31189,0.31189,0.31189,0.31189,0.31189,0.31189,0.31189,0.31189,0.31189,0.31189,0.31189,0.31189,0.31189,0.31189,0.31189,0.31189,0.31189,0.31189,0.31189,0.31189,0.31189,0.31189,0.31189,0.31189,0.31189,0.31189,0.31189
16,0.31388,0.31388,0.31388,0.31388,0.31388,0.31388,0.31388,0.31388,0.31388,0.31388,0.31388,0.31388,0.31388,0.31388,0.31388,0.31388,0.31388,0.31388,0.31388,0.31388,0.31388,0.31388,0.31388,0.31388,0.31388,0.31388,0.31388,0.31388,0.31388
17,0.31592,0.31592,0.31592,0.31592,0.31592,0.31592,0.31592,0.31592,0.31592,0.31592,0.31592,0.31592,0.31592,0.31592,0.31592,0.31592,0.31592,0.31592,0.31592,0.31592,0.31592,0.31592,0.31592,0.31592,0.31592,0.31592,0.31592,0.31592,0.31592
18,0.31801,0.31801,0.31801,0.31801,0.31801,0.31801,0.31801,0.31801,0.31801,0.31801,0.31801,0.31801,0.31801,0.31801,0.31801,0.31801,0.31801,0.31801,0.31801,0.31801,0.31801,0.31801,0.31801,0.31801,0.31801,0.31801,0.31801,0.31801,0.31801
19,0.32015,0.32015,0.32015,0.32015,0.32015,0.32015,0.32015,0.32015,0.32015,0.32015,0.32015,0.32015,0.32015,0.32015,0.32015,0.32015,0.32015,0.32015,0.32015,0.32015,0.32015,0.32015,0.32015,0.32015,0.32015,0.32015,0.32015,0.32015,0.32015
20,0.32235,0.32235,0.32235,0.32235,0.32235,0.32235,0.32235,0.32235,0.32235,0.32235,0.32235,0.32235,0.32235,0.32235,0.32235,0.32235,0.32235,0.32235,0.32235,0.32235,0.32235,0.32235,0.32235,0.32235,0.32235,0.32235,0.32235,0.32235,0.32235
21,0.32459,0.32459,0.32459,0.32459,0.32459,0.32459,0.32459,0.32459,0.32459,0.32459,0.32459,0.32459,0.32459,0.32459,0.32459,0.32459,0.32459,0.32459,0.32459,0.32459,0.32459,0.32459,0.32459,0.32459,0.32459,0.32459,0.32459,0.32459,0.32459
22,0.32688,0.32688,0.32688,0.32688,0.32688,0.32688,0.32688,0.32688,0.32688,0.32688,0.32688,0.32688,0.32688,0.32688,0.32688,0.32688,0.32688,0.32688,0.32688,0.32688,0.32688,0.32688,0.32688,0.32688,0.32688,0.32688,0.32688,0.32688,0.32688
23,0.32922,0.32922,0.32922,0.32922,0.32922,0.32922,0.32922,0.32922,0.32922,0.32922,0.32922,0.32922,0.32922,0.32922,0.32922,0.32922,0.32922,0.32922,0.32922,0.32922,0.32922,0.32922,0.32922,0.32922,0.32922,0.32922,0.32922,0.32922,0.32922
24,0.33160,0.33160,0.33160,0.33160,0.33160,0.33160,0.33160,0.33160,0.33160,0.33160,0.33160,0.33160,0.33160,0.33160,0.33160,0.33160,0.33160,0.33160,0.33160,0.33160,0.33160,0.33160,0.33160,0.33160,0.33160,0.33160,0.33160,0.33160,0.33160
25,0.33402,0.33402,0.33402,0.33402,0.33402,0.33402,0.33402,0.33402,0.33402,0.33402,0.33402,0.33402,0.33402,0.33402,0.33402,0.33402,0.33402,0.33402,0.33402,0.33402,0.33402,0.33402,0.33402,0.33402,0.33402,0.33402,0.33402,0.33402,0.33402
26,0.33648,0.33648,0.33648,0.33648,0.33648,0.33648,0.33648,0.33648,0.33648,0.33648,0.33648,0.33648,0.33648,0.33648,0.33648,0.33648,0.33648,0.33648,0.33648,0.33648,0.33648,0.33648,0.33648,0.33648,0.33648,0.33648,0.33648,0.33648,0.33648
27,0.33898,0.33898,0.33898,0.33898,0.33898,0.33898,0.33898,0.33898,0.33898,0.33898,0.33898,0.33898,0.33898,0.33898,0.33898,0.33898,0.33898,0.33898,0.33898,0.33898,0.33898,0.33898,0.33898,0.33898,0.33898,0.33898,0.33898,0.33898,0.33898
28,0.34152,0.34152,0.34152,0.34152,0.34152,0.34152,0.34152,0.34152,0.34152,0.34152,0.34152,0.34152,0.34152,0.34152,0.34152,0.34152,0.34152,0.34152,0.34152,0.34152,0.34152,0.34152,0.34152,0.34152,0.34152,0.34152,0.34152,0.34152,0.34152
29,0.34410,0.34410,0.34410,0.34410,0.34410,0.34410,0.34410,0.34410,0.34410,0.34410,0.34410,0.34410,0.34410,0.34410,0.34410,0.34410,0.34410,0.34410,0.34410,0.34410,0.34410,0.34410,0.34410,0.34410,0.34410,0.34410,0.34410,0.34410,0.34410
30,0.34671,0.34671,0.34671,0.34671,0.34671,0.34671,0.34671,0.34671,0.34671,0.34671,0.34671,0.34671,0.34671,0.34671,0.34671,0.34671,0.34671,0.34671,0.34671,0.34671,0.34671,0.34671,0.34671,0.34671,0.34671,0.34671,0.34671,0.34671,0.34671
31,0.34935,0.34935,0.34935,0.34935,0.34935,0.34935,0.34935,0.34935,0.34935,0.34935,0.34935,0.34935,0.34935,0.34935,0.34935,0.34935,0.34935,0.34935,0.34935,0.34935,0.34935,0.34935,0.34935,0.34935,0.34935,0.34935,0.34935,0.34935,0.34935
32,0.35203,0.35203,0.35203,0.35203,0.35203,0.35203,0.35203,0.35203,0.35203,0.35203,0.35203,0.35203,0.35203,0.35203,0.35203,0.35203,0.35203,0.35203,0.35203,0.35203,0.35203,0.35203,0.35203,0.35203,0.35203,0.35203,0.35203,0.35203,0.35203
33,0.35473,0.35473,0.35473,0.35473,0.35473,0.35473,0.35473,0.35473,0.35473,0.35473,0.35473,0.35473,0.35473,0.35473,0.35473,0.35473,0.35473,0.35473,0.35473,0.35473,0.35473,0.35473,0.35473,0.35473,0.35473,0.35473,0.35473,0.35473,0.35473
34,0.35747,0.35747,0.35747,0.35747,0.35747,0.35747,0.35747,0.35747,0.35747,0.35747,0.35747,0.35747,0.35747,0.35747,0.35747,0.35747,0.35747,0.35747,0.35747,0.35747,0.35747,0.35747,0.35747,0.35747,0.35747,0.35747,0.35747,0.35747,0.35747
35,0.36024,0.36024,0.36024,0.36024,0.36024,0.36024,0.36024,0.36024,0.36024,0.36024,0.36024,0.36024,0.36024,0.36024,0.36024,0.36024,0.36024,0.36024,0.36024,0.36024,0.36024,0.36024,0.36024,0.36024,0.36024,0.36024,0.36024,0.36024,0.36024
36,0.36303,0.36303,0.36303,0.36303,0.36303,0.36303,0.36303,0.36303,0.36303,0.36303,0.36303,0.36303,0.36303,0.36303,0.36303,0.36303,0.36303,0.36303,0.36303,0.36303,0.36303,0.36303,0.36303,0.36303,0.36303,0.36303,0.36303,0.36303,0.36303
37,0.36585,0.36585,0.36585,0.36585,0.36585,0.36585,0.36585,0.36585,0.36585,0.36585,0.36585,0.36585,0.36585,0.36585,0.36585,0.36585,0.36585,0.36585,0.36585,0.36585,0.36585,0.36585,0.36585,0.36585,0.36585,0.36585,0.36585,0.36585,0.36585
38,0.36869,0.36869,0.36869,0.36869,0.36869,0.36869,0.36869,0.36869,0.36869,0.36869,0.36869,0.36869,0.36869,0.36869,0.36869,0.36869,0.36869,0.36869,0.36869,0.36869,0.36869,0.36869,0.36869,0.36869,0.36869,0.36869,0.36869,0.36869,0.36869
39,0.37156,0.37156,0.37156,0.37156,0.37156,0.37156,0.37156,0.37156,0.37156,0.37156,0.37156,0.37156,0.37156,0.37156,0.37156,0.37156,0.37156,0.37156,0.37156,0.37156,0.37156,0.37156,0.37156,0.37156,0.37156,0.37156,0.37156,0.37156,0.37156
40,0.37445,0.37445,0.37445,0.37445,0.37445,0.37445,0.37445,0.37445,0.37445,0.37445,0.37445,0.37445,0.37445,0.37445,0.37445,0.37445,0.37445,0.37445,0.37445,0.37445,0.37445,0.37445,0.37445,0.37445,0.37445,0.37445,0.37445,0.37445,0.37445
41,0.37736,0.37736,0.37736,0.37736,0.37736,0.37736,0.37736,0.37736,0.37736,0.37736,0.37736,0.37736,0.37736,0.37736,0.37736,0.37736,0.37736,0.37736,0.37736,0.37736,0.37736,0.37736,0.37736,0.37736,0.37736,0.37736,0.37736,0.37736,0.37736
42,0.38029,0.38029,0.38029,0.38029,0.38029,0.38029,0.38029,0.38029,0.38029,0.38029,0.38029,0.38029,0.38029,0.38029,0.38029,0.38029,0.38029,0.38029,0.38029,0.38029,0.38029,0.38029,0.38029,0.38029,0.38029,0.38029,0.38029,0.38029,0.38029
43,0.38324,0.38324,0.38324,0.38324,0.38324,0.38324,0.38324,0.38324,0.38324,0.38324,0.38324,0.38324,0.38324,0.38324,0.38324,0.38324,0.38324,0.38324,0.38324,0.38324,0.38324,0.38324,0.38324,0.38324,0.38324,0.38324,0.38324,0.38324,0.38324
44,0.38621,0.38621,0.38621,0.38621,0.38621,0.38621,0.38621,0.38621,0.38621,0.38621,0.38621,0.38621,0.38621,0.38621,0.38621,0.38621,0.38621,0.38621,0.38621,0.38621,0.38621,0.38621,0.38621,0.38621,0.38621,0.38621,0.38621,0.38621,0.38621
45,0.38920,0.38920,0.38920,0.38920,0.38920,0.38920,0.38920,0.38920,0.38920,0.38920,0.38920,0.38920,0.38920,0.38920,0.38920,0.38920,0.38920,0.38920,0.38920,0.38920,0.38920,0.38920,0.38920,0.38920,0.38920,0.38920,0.38920,0.38920,0.38920
46,0.39221,0.39221,0.39221,0.39221,0.39221,0.39221,0.39221,0.39221,0.39221,0.39221,0.39221,0.39221,0.39221,0.39221,0.39221,0.39221,0.39221,0.39221,0.39221,0.39221,0.39221,0.39221,0.39221,0.39221,0.39221,0.39221,0.39221,0.39221,0.39221
47,0.39523,0.39523,0.39523,0.39523,0.39523,0.39523,0.39523,0.39523,0.39523,0.39523,0.39523,0.39523,0.39523,0.39523,0.39523,0.39523,0.39523,0.39523,0.39523,0.39523,0.39523,0.39523,0.39523,0.39523,0.39523,0.39523,0.39523,0.39523,0.39523
48,0.39826,0.39826,0.39826,0.39826,0.39826,0.39826,0.39826,0.39826,0.39826,0.39826,0.39826,0.39826,0.39826,0.39826,0.39826,0.39826,0.39826,0.39826,0.39826,0.39826,0.39826,0.39826,0.39826,0.39826,0.39826,0.39826,0.39826,0.39826,0.39826
49,0.40132,0.40132,0.40132,0.40132,0.40132,0.40132,0.40132,0.40132,0.40132,0.40132,0.40132,0.40132,0.40132,0.40132,0.40132,0.40132,0.40132,0.40132,0.40132,0.40132,0.40132,0.40132,0.40132,0.40132,0.40132,0.40132,0.40132,0.40132,0.40132
50,0.40438,0.40438,0.40438,0.40438,0.40438,0.40438,0.40438,0.40438,0.40438,0.40438,0.40438,0.40438,0.40438,0.40438,0.40438,0.40438,0.40438,0.40438,0.40438,0.40438,0.40438,0.40438,0.40438,0.40438,0.40438,0.40438,0.40438,0.40438,0.40438
51,0.40746,0.40746,0.40746,0.40746,0.40746,0.40746,0.40746,0.40746,0.40746,0.40746,0.40746,0.40746,0.40746,0.40746,0.40746,0.40746,0.40746,0.40746,0.40746,0.40746,0.40746,0.40746,0.40746,0.40746,0.40746,0.40746,0.40746,0.40746,0.40746
52,0.41055,0.41055,0.41055,0.41055,0.41055,0.41055,0.41055,0.41055,0.41055,0.41055,0.41055,0.41055,0.41055,0.41055,0.41055,0.41055,0.41055,0.41055,0.41055,0.41055,0.41055,0.41055,0.41055,0.41055,0.41055,0.41055,0.41055,0.41055,0.41055
53,0.41365,0.41365,0.41365,0.41365,0.41365,0.41365,0.41365,0.41365,0.41365,0.41365,0.41365,0.41365,0.41365,0.41365,0.41365,0.41365,0.41365,0.41365,0.41365,0.41365,0.41365,0.41365,0.41365,0.41365,0.41365,0.41365,0.41365,0.41365,0.41365
54,0.41677,0.41677,0.41677,0.41677,0.41677,0.41677,0.41677,0.41677,0.41677,0.41677,0.41677,0.41677,0.41677,0.41677,0.41677,0.41677,0.41677,0.41677,0.41677,0.41677,0.41677,0.41677,0.41677,0.41677,0.41677,0.41677,0.41677,0.41677,0.41677
55,0.41989,0.41989,0.41989,0.41989,0.41989,0.41989,0.41989,0.41989,0.41989,0.41989,0.41989,0.41989,0.41989,0.41989,0.41989,0.41989,0.41989,0.41989,0.41989,0.41989,0.41989,0.41989,0.41989,0.41989,0.41989,0.41989,0.41989,0.41989,0.41989
56,0.42303,0.42303,0.42303,0.42303,0.42303,0.42303,0.42303,0.42303,0.42303,0.42303,0.42303,0.42303,0.42303,0.42303,0.42303,0.42303,0.42303,0.42303,0.42303,0.42303,0.42303,0.42303,0.42303,0.42303,0.42303,0.42303,0.42303,0.42303,0.42303
57,0.42617,0.42617,0.42617,0.42617,0.42617,0.42617,0.42617,0.42617,0.42617,0.42617,0.42617,0.42617,0.42617,0.42617,0.42617,0.42617,0.42617,0.42617,0.42617,0.42617,0.42617,0.42617,0.42617,0.42617,0.42617,0.42617,0.42617,0.42617,0.42617
58,0.42932,0.42932,0.42932,0.42932,0.42932,0.42932,0.42932,0.42932,0.42932,0.42932,0.42932,0.42932,0.42932,0.42932,0.42932,0.42932,0.42932,0.42932,0.42932,0.42932,0.42932,0.42932,0.42932,0.42932,0.42932,0.42932,0.42932,0.42932,0.42932
59,0.43248,0.43248,0.43248,0.43248,0.43248,0.43248,0.43248,0.43248,0.43248,0.43248,0.43248,0.43248,0.43248,0.43248,0.43248,0.43248,0.43248,0.43248,0.43248,0.43248,0.43248,0.43248,0.43248,0.43248,0.43248,0.43248,0.43248,0.43248,0.43248
60,0.43565,0.43565,0.43565,0.43565,0.43565,0.43565,0.43565,0.43565,0.43565,0.43565,0.43565,0.43565,0.43565,0.43565,0.43565,0.43565,0.43565,0.43565,0.43565,0.43565,0.43565,0.43565,0.43565,0.43565,0.43565,0.43565,0.43565,0.43565,0.43565
61,0.43883,0.43883,0.43883,0.43883,0.43883,0.43883,0.43883,0.43883,0.43883,0.43883,0.43883,0.43883,0.43883,0.43883,0.43883,0.43883,0.43883,0.43883,0.43883,0.43883,0.43883,0.43883,0.43883,0.43883,0.43883,0.43883,0.43883,0.43883,0.43883
62,0.44201,0.44201,0.44201,0.44201,0.44201,0.44201,0.44201,0.44201,0.44201,0.44201,0.44201,0.44201,0.44201,0.44201,0.44201,0.44201,0.44201,0.44201,0.44201,0.44201,0.44201,0.44201,0.44201,0.44201,0.44201,0.44201,0.44201,0.44201,0.44201
63,0.44520,0.44520,0.44520,0.44520,0.44520,0.44520,0.44520,0.44520,0.44520,0.44520,0.44520,0.44520,0.44520,0.44520,0.44520,0.44520,0.44520,0.44520,0.44520,0.44520,0.44520,0.44520,0.44520,0.44520,0.44520,0.44520,0.44520,0.44520,0.44520
64,0.44839,0.44839,0.44839,0.44839,0.44839,0.44839,0.44839,0.44839,0.44839,0.44839,0.44839,0.44839,0.44839,0.44839,0.44839,0.44839,0.44839,0.44839,0.44839,0.44839,0.44839,0.44839,0.44839,0.44839,0.44839,0.44839,0.44839,0.44839,0.44839
65,0.45159,0.45159,0.45159,0.45159,0.45159,0.45159,0.45159,0.45159,0.45159,0.45159,0.45159,0.45159,0.45159,0.45159,0.45159,0.45159,0.45159,0.45159,0.45159,0.45159,0.45159,0.45159,0.45159,0.45159,0.45159,0.45159,0.45159,0.45159,0.45159
66,0.45480,0.45480,0.45480,0.45480,0.45480,0.45480,0.45480,0.45480,0.45480,0.45480,0.45480,0.45480,0.45480,0.45480,0.45480,0.45480,0.45480,0.45480,0.45480,0.45480,0.45480,0.45480,0.45480,0.45480,0.45480,0.45480,0.45480,0.45480,0.45480
67,0.45801,0.45801,0.45801,0.45801,0.45801,0.45801,0.45801,0.45801,0.45801,0.45801,0.45801,0.45801,0.45801,0.45801,0.45801,0.45801,0.45801,0.45801,0.45801,0.45801,0.45801,0.45801,0.45801,0.45801,0.45801,0.45801,0.45801,0.45801,0.45801
68,0.46122,0.46122,0.46122,0.46122,0.46122,0.46122,0.46122,0.46122,0.46122,0.46122,0.46122,0.46122,0.46122,0.46122,0.46122,0.46122,0.46122,0.46122,0.46122,0.46122,0.46122,0.46122,0.46122,0.46122,0.46122,0.46122,0.46122,0.46122,0.46122
69,0.46444,0.46444,0.46444,0.46444,0.46444,0.46444,0.46444,0.46444,0.46444,0.46444,0.46444,0.46444,0.46444,0.46444,0.46444,0.46444,0.46444,0.46444,0.46444,0.46444,0.46444,0.46444,0.46444,0.46444,0.46444,0.46444,0.46444,0.46444,0.46444
70,0.46766,0.46766,0.46766,0.46766,0.46766,0.46766,0.46766,0.46766,0.46766,0.46766,0.46766,0.46766,0.46766,0.46766,0.46766,0.46766,0.46766,0.46766,0.46766,0.46766,0.46766,0.46766,0.46766,0.46766,0.46766,0.46766,0.46766,0.46766,0.46766
71,0.47089,0.47089,0.47089,0.47089,0.47089,0.47089,0.47089,0.47089,0.47089,0.47089,0.47089,0.47089,0.47089,0.47089,0.47089,0.47089,0.47089,0.47089,0.47089,0.47089,0.47089,0.47089,0.47089,0.47089,0.47089,0.47089,0.47089,0.47089,0.47089
72,0.47412,0.47412,0.47412,0.47412,0.47412,0.47412,0.47412,0.47412,0.47412,0.47412,0.47412,0.47412,0.47412,0.47412,0.47412,0.47412,0.47412,0.47412,0.47412,0.47412,0.47412,0.47412,0.47412,0.47412,0.47412,0.47412,0.47412,0.47412,0.47412
73,0.47735,0.47735,0.47735,0.47735,0.47735,0.47735,0.47735,0.47735,0.47735,0.47735,0.47735,0.47735,0.47735,0.47735,0.47735,0.47735,0.47735,0.47735,0.47735,0.47735,0.47735,0.47735,0.47735,0.47735,0.47735,0.47735,0.47735,0.47735,0.47735
74,0.48058,0.48058,0.48058,0.48058,0.48058,0.48058,0.48058,0.48058,0.48058,0.48058,0.48058,0.48058,0.48058,0.48058,0.48058,0.48058,0.48058,0.48058,0.48058,0.48058,0.48058,0.48058,0.48058,0.48058,0.48058,0.48058,0.48058,0.48058,0.48058
75,0.48381,0.48381,0.48381,0.48381,0.48381,0.48381,0.48381,0.48381,0.48381,0.48381,0.48381,0.48381,0.48381,0.48381,0.48381,0.48381,0.48381,0.48381,0.48381,0.48381,0.48381,0.48381,0.48381,0.48381,0.48381,0.48381,0.48381,0.48381,0.48381
76,0.48705,0.48705,0.48705,0.48705,0.48705,0.48705,0.48705,0.48705,0.48705,0.48705,0.48705,0.48705,0.48705,0.48705,0.48705,0.48705,0.48705,0.48705,0.48705,0.48705,0.48705,0.48705,0.48705,0.48705,0.48705,0.48705,0.48705,0.48705,0.48705
77,0.49029,0.49029,0.49029,0.49029,0.49029,0.49029,0.49029,0.49029,0.49029,0.49029,0.49029,0.49029,0.49029,0.49029,0.49029,0.49029,0.49029,0.49029,0.49029,0.49029,0.49029,0.49029,0.49029,0.49029,0.49029,0.49029,0.49029,0.49029,0.49029
78,0.49352,0.49352,0.49352,0.49352,0.49352,0.49352,0.49352,0.49352,0.49352,0.49352,0.49352,0.49352,0.49352,0.49352,0.49352,0.49352,0.49352,0.49352,0.49352,0.49352,0.49352,0.49352,0.49352,0.49352,0.49352,0.49352,0.49352,0.49352,0.49352
79,0.49676,0.49676,0.49676,0.49676,0.49676,0.49676,0.49676,0.49676,0.49676,0.49676,0.49676,0.49676,0.49676,0.49676,0.49676,0.49676,0.49676,0.49676,0.49676,0.49676,0.49676,0.49676,0.49676,0.49676,0.49676,0.49676,0.49676,0.49676,0.49676
80,0.50000,0.50000,0.50000,0.50000,0.50000,0.50000,0.50000,0.50000,0.50000,0.50000,0.50000,0.50000,0.50000,0.50000,0.50000,0.50000,0.50000,0.50000,0.50000,0.50000,0.50000,0.50000,0.50000,0.50000,0.50000,0.50000,0.50000,0.50000,0.50000
81,0.50324,0.50324,0.50324,0.50324,0.50324,0.50324,0.50324,0.50324,0.50324,0.50324,0.50324,0.50324,0.50324,0.50324,0.50324,0.50324,0.50324,0.50324,0.50324,0.50324,0.50324,0.50324,0.50324,0.50324,0.50324,0.50324,0.50324,0.50324,0.50324
82,0.50648,0.50648,0.50648,0.50648,0.50648,0.50648,0.50648,0.50648,0.50648,0.50648,0.50648,0.50648,0.50648,0.50648,0.50648,0.50648,0.50648,0.50648,0.50648,0.50648,0.50648,0.50648,0.50648,0.50648,0.50648,0.50648,0.50648,0.50648,0.50648
83,0.50971,0.50971,0.50971,0.50971,0.50971,0.50971,0.50971,0.50971,0.50971,0.50971,0.50971,0.50971,0.50971,0.50971,0.50971,0.50971,0.50971,0.50971,0.50971,0.50971,0.50971,0.50971,0.50971,0.50971,0.50971,0.50971,0.50971,0.50971,0.50971
84,0.51295,0.51295,0.51295,0.51295,0.51295,0.51295,0.51295,0.51295,0.51295,0.51295,0.51295,0.51295,0.51295,0.51295,0.51295,0.51295,0.51295,0.51295,0.51295,0.51295,0.51295,0.51295,0.51295,0.51295,0.51295,0.51295,0.51295,0.51295,0.51295
85,0.51619,0.51619,0.51619,0.51619,0.51619,0.51619,0.51619,0.51619,0.51619,0.51619,0.51619,0.51619,0.51619,0.51619,0.51619,0.51619,0.51619,0.51619,0.51619,0.51619,0.51619,0.51619,0.51619,0.51619,0.51619,0.51619,0.51619,0.51619,0.51619
86,0.51942,0.51942,0.51942,0.51942,0.51942,0.51942,0.51942,0.51942,0.51942,0.51942,0.51942,0.51942,0.51942,0.51942,0.51942,0.51942,0.51942,0.51942,0.51942,0.51942,0.51942,0.51942,0.51942,0.51942,0.51942,0.51942,0.51942,0.51942,0.51942
87,0.52265,0.52265,0.52265,0.52265,0.52265,0.52265,0.52265,0.52265,0.52265,0.52265,0.52265,0.52265,0.52265,0.52265,0.52265,0.52265,0.52265,0.52265,0.52265,0.52265,0.52265,0.52265,0.52265,0.52265,0.52265,0.52265,0.52265,0.52265,0.52265
88,0.52588,0.52588,0.52588,0.52588,0.52588,0.52588,0.52588,0.52588,0.52588,0.52588,0.52588,0.52588,0.52588,0.52588,0.52588,0.52588,0.52588,0.52588,0.52588,0.52588,0.52588,0.52588,0.52588,0.52588,0.52588,0.52588,0.52588,0.52588,0.52588
89,0.52911,0.52911,0.52911,0.52911,0.52911,0.52911,0.52911,0.52911,0.52911,0.52911,0.52911,0.52911,0.52911,0.52911,0.52911,0.52911,0.52911,0.52911,0.52911,0.52911,0.52911,0.52911,0.52911,0.52911,0.52911,0.52911,0.52911,0.52911,0.52911
90,0.53234,0.53234,0.53234,0.53234,0.53234,0.53234,0.53234,0.53234,0.53234,0.53234,0.53234,0.53234,0.53234,0.53234,0.53234,0.53234,0.53234,0.53234,0.53234,0.53234,0.53234,0.53234,0.53234,0.53234,0.53234,0.53234,0.53234,0.53234,0.53234
91,0.53556,0.53556,0.53556,0.53556,0.53556,0.53556,0.53556,0.53556,0.53556,0.53556,0.53556,0.53556,0.53556,0.53556,0.53556,0.53556,0.53556,0.53556,0.53556,0.53556,0.53556,0.53556,0.53556,0.53556,0.53556,0.53556,0.53556,0.53556,0.53556
92,0.53878,0.53878,0.53878,0.53878,0.53878,0.53878,0.53878,0.53878,0.53878,0.53878,0.53878,0.53878,0.53878,0.53878,0.53878,0.53878,0.53878,0.53878,0.53878,0.53878,0.53878,0.53878,0.53878,0.53878,0.53878,0.53878,0.53878,0.53878,0.53878
93,0.54199,0.54199,0.54199,0.54199,0.54199,0.54199,0.54199,0.54199,0.54199,0.54199,0.54199,0.54199,0.54199,0.54199,0.54199,0.54199,0.54199,0.54199,0.54199,0.54199,0.54199,0.54199,0.54199,0.54199,0.54199,0.54199,0.54199,0.54199,0.54199
94,0.54520,0.54520,0.54520,0.54520,0.54520,0.54520,0.54520,0.54520,0.54520,0.54520,0.54520,0.54520,0.54520,0.54520,0.54520,0.54520,0.54520,0.54520,0.54520,0.54520,0.54520,0.54520,0.54520,0.54520,0.54520,0.54520,0.54520,0.54520,0.54520
95,0.54841,0.54841,0.54841,0.54841,0.54841,0.54841,0.54841,0.54841,0.54841,0.54841,0.54841,0.54841,0.54841,0.54841,0.54841,0.54841,0.54841,0.54841,0.54841,0.54841,0.54841,0.54841,0.54841,0.54841,0.54841,0.54841,0.54841,0.54841,0.54841
96,0.55161,0.55161,0.55161,0.55161,0.55161,0.55161,0.55161,0.55161,0.55161,0.55161,0.55161,0.55161,0.55161,0.55161,0.55161,0.55161,0.55161,0.55161,0.55161,0.55161,0.55161,0.55161,0.55161,0.55161,0.55161,0.55161,0.55161,0.55161,0.55161
97,0.55480,0.55480,0.55480,0.55480,0.55480,0.55480,0.55480,0.55480,0.55480,0.55480,0.55480,0.55480,0.55480,0.55480,0.55480,0.55480,0.55480,0.55480,0.55480,0.55480,0.55480,0.55480,0.55480,0.55480,0.55480,0.55480,0.55480,0.55480,0.55480
98,0.55799,0.55799,0.55799,0.55799,0.55799,0.55799,0.55799,0.55799,0.55799,0.55799,0.55799,0.55799,0.55799,0.55799,0.55799,0.55799,0.55799,0.55799,0.55799,0.55799,0.55799,0.55799,0.55799,0.55799,0.55799,0.55799,0.55799,0.55799,0.55799
99,0.56117,0.56117,0.56117,0.56117,0.56117,0.56117,0.56117,0.56117,0.56117,0.56117,0.56117,0.56117,0.56117,0.56117,0.56117,0.56117,0.56117,0.56117,0.56117,0.56117,0.56117,0.56117,0.56117,0.56117,0.56117,0.56117,0.56117,0.56117,0.56117
100,0.56435,0.56435,0.56435,0.56435,0.56435,0.56435,0.56435,0.56435,0.56435,0.56435,0.56435,0.56435,0.56435,0.56435,0.56435,0.56435,0.56435,0.56435,0.56435,0.56435,0.56435,0.56435,0.56435,0.56435,0.56435,0.56435,0.56435,0.56435,0.56435
101,0.56752,0.56752,0.56752,0.56752,0.56752,0.56752,0.56752,0.56752,0.56752,0.56752,0.56752,0.56752,0.56752,0.56752,0.56752,0.56752,0.56752,0.56752,0.56752,0.56752,0.56752,0.56752,0.56752,0.56752,0.56752,0.56752,0.56752,0.56752,0.56752
102,0.57068,0.57068,0.57068,0.57068,0.57068,0.57068,0.57068,0.57068,0.57068,0.57068,0.57068,0.57068,0.57068,0.57068,0.57068,0.57068,0.57068,0.57068,0.57068,0.57068,0.57068,0.57068,0.57068,0.57068,0.57068,0.57068,0.57068,0.57068,0.57068
103,0.57383,0.57383,0.57383,0.57383,0.57383,0.57383,0.57383,0.57383,0.57383,0.57383,0.57383,0.57383,0.57383,0.57383,0.57383,0.57383,0.57383,0.57383,0.57383,0.57383,0.57383,0.57383,0.57383,0.57383,0.57383,0.57383,0.57383,0.57383,0.57383
104,0.57697,0.57697,0.57697,0.57697,0.57697,0.57697,0.57697,0.57697,0.57697,0.57697,0.57697,0.57697,0.57697,0.57697,0.57697,0.57697,0.57697,0.57697,0.57697,0.57697,0.57697,0.57697,0.57697,0.57697,0.57697,0.57697,0.57697,0.57697,0.57697
105,0.58011,0.58011,0.58011,0.58011,0.58011,0.58011,0.58011,0.58011,0.58011,0.58011,0.58011,0.58011,0.58011,0.58011,0.58011,0.58011,0.58011,0.58011,0.58011,0.58011,0.58011,0.58011,0.58011,0.58011,0.58011,0.58011,0.58011,0.58011,0.58011
106,0.58323,0.58323,0.58323,0.58323,0.58323,0.58323,0.58323,0.58323,0.58323,0.58323,0.58323,0.58323,0.58323,0.58323,0.58323,0.58323,0.58323,0.58323,0.58323,0.58323,0.58323,0.58323,0.58323,0.58323,0.58323,0.58323,0.58323,0.58323,0.58323
107,0.58635,0.58635,0.58635,0.58635,0.58635,0.58635,0.58635,0.58635,0.58635,0.58635,0.58635,0.58635,0.58635,0.58635,0.58635,0.58635,0.58635,0.58635,0.58635,0.58635,0.58635,0.58635,0.58635,0.58635,0.58635,0.58635,0.58635,0.58635,0.58635
108,0.58945,0.58945,0.58945,0.58945,0.58945,0.58945,0.58945,0.58945,0.58945,0.58945,0.58945,0.58945,0.58945,0.58945,0.58945,0.58945,0.58945,0.58945,0.58945,0.58945,0.58945,0.58945,0.58945,0.58945,0.58945,0.58945,0.58945,0.58945,0.58945
109,0.59254,0.59254,0.59254,0.59254,0.59254,0.59254,0.59254,0.59254,0.59254,0.59254,0.59254,0.59254,0.59254,0.59254,0.59254,0.59254,0.59254,0.59254,0.59254,0.59254,0.59254,0.59254,0.59254,0.59254,0.59254,0.59254,0.59254,0.59254,0.59254
110,0.59562,0.59562,0.59562,0.59562,0.59562,0.59562,0.59562,0.59562,0.59562,0.59562,0.59562,0.59562,0.59562,0.59562,0.59562,0.59562,0.59562,0.59562,0.59562,0.59562,0.59562,0.59562,0.59562,0.59562,0.59562,0.59562,0.59562,0.59562,0.59562
111,0.59868,0.59868,0.59868,0.59868,0.59868,0.59868,0.59868,0.59868,0.59868,0.59868,0.59868,0.59868,0.59868,0.59868,0.59868,0.59868,0.59868,0.59868,0.59868,0.59868,0.59868,0.59868,0.59868,0.59868,0.59868,0.59868,0.59868,0.59868,0.59868
112,0.60174,0.60174,0.60174,0.60174,0.60174,0.60174,0.60174,0.60174,0.60174,0.60174,0.60174,0.60174,0.60174,0.60174,0.60174,0.60174,0.60174,0.60174,0.60174,0.60174,0.60174,0.60174,0.60174,0.60174,0.60174,0.60174,0.60174,0.60174,0.60174
113,0.60477,0.60477,0.60477,0.60477,0.60477,0.60477,0.60477,0.60477,0.60477,0.60477,0.60477,0.60477,0.60477,0.60477,0.60477,0.60477,0.60477,0.60477,0.60477,0.60477,0.60477,0.60477,0.60477,0.60477,0.60477,0.60477,0.60477,0.60477,0.60477
114,0.60779,0.60779,0.60779,0.60779,0.60779,0.60779,0.60779,0.60779,0.60779,0.60779,0.60779,0.60779,0.60779,0.60779,0.60779,0.60779,0.60779,0.60779,0.60779,0.60779,0.60779,0.60779,0.60779,0.60779,0.60779,0.60779,0.60779,0.60779,0.60779
115,0.61080,0.61080,0.61080,0.61080,0.61080,0.61080,0.61080,0.61080,0.61080,0.61080,0.61080,0.61080,0.61080,0.61080,0.61080,0.61080,0.61080,0.61080,0.61080,0.61080,0.61080,0.61080,0.61080,0.61080,0.61080,0.61080,0.61080,0.61080,0.61080
116,0.61379,0.61379,0.61379,0.61379,0.61379,0.61379,0.61379,0.61379,0.61379,0.61379,0.61379,0.61379,0.61379,0.61379,0.61379,0.61379,0.61379,0.61379,0.61379,0.61379,0.61379,0.61379,0.61379,0.61379,0.61379,0.61379,0.61379,0.61379,0.61379
117,0.61676,0.61676,0.61676,0.61676,0.61676,0.61676,0.61676,0.61676,0.61676,0.61676,0.61676,0.61676,0.61676,0.61676,0.61676,0.61676,0.61676,0.61676,0.61676,0.61676,0.61676,0.61676,0.61676,0.61676,0.61676,0.61676,0.61676,0.61676,0.61676
118,0.61971,0.61971,0.61971,0.61971,0.61971,0.61971,0.61971,0.61971,0.61971,0.61971,0.61971,0.61971,0.61971,0.61971,0.61971,0.61971,0.61971,0.61971,0.61971,0.61971,0.61971,0.61971,0.61971,0.61971,0.61971,0.61971,0.61971,0.61971,0.61971
119,0.62264,0.62264,0.62264,0.62264,0.62264,0.62264,0.62264,0.62264,0.62264,0.62264,0.62264,0.62264,0.62264,0.62264,0.62264,0.62264,0.62264,0.62264,0.62264,0.62264,0.62264,0.62264,0.62264,0.62264,0.62264,0.62264,0.62264,0.62264,0.62264
120,0.62555,0.62555,0.62555,0.62555,0.62555,0.62555,0.62555,0.62555,0.62555,0.62555,0.62555,0.62555,0.62555,0.62555,0.62555,0.62555,0.62555,0.62555,0.62555,0.62555,0.62555,0.62555,0.62555,0.62555,0.62555,0.62555,0.62555,0.62555,0.62555
121,0.62844,0.62844,0.62844,0.62844,0.62844,0.62844,0.62844,0.62844,0.62844,0.62844,0.62844,0.62844,0.62844,0.62844,0.62844,0.62844,0.62844,0.62844,0.62844,0.62844,0.62844,0.62844,0.62844,0.62844,0.62844,0.62844,0.62844,0.62844,0.62844
122,0.63131,0.63131,0.63131,0.63131,0.63131,0.63131,0.63131,0.63131,0.63131,0.63131,0.63131,0.63131,0.63131,0.63131,0.63131,0.63131,0.63131,0.63131,0.63131,0.63131,0.63131,0.63131,0.63131,0.63131,0.63131,0.63131,0.63131,0.63131,0.63131
123,0.63415,0.63415,0.63415,0.63415,0.63415,0.63415,0.63415,0.63415,0.63415,0.63415,0.63415,0.63415,0.63415,0.63415,0.63415,0.63415,0.63415,0.63415,0.63415,0.63415,0.63415,0.63415,0.63415,0.63415,0.63415,0.63415,0.63415,0.63415,0.63415
124,0.63697,0.63697,0.63697,0.63697,0.63697,0.63697,0.63697,0.63697,0.63697,0.63697,0.63697,0.63697,0.63697,0.63697,0.63697,0.63697,0.63697,0.63697,0.63697,0.63697,0.63697,0.63697,0.63697,0.63697,0.63697,0.63697,0.63697,0.63697,0.63697
125,0.63976,0.63976,0.63976,0.63976,0.63976,0.63976,0.63976,0.63976,0.63976,0.63976,0.63976,0.63976,0.63976,0.63976,0.63976,0.63976,0.63976,0.63976,0.63976,0.63976,0.63976,0.63976,0.63976,0.63976,0.63976,0.63976,0.63976,0.63976,0.63976
126,0.64253,0.64253,0.64253,0.64253,0.64253,0.64253,0.64253,0.64253,0.64253,0.64253,0.64253,0.64253,0.64253,0.64253,0.64253,0.64253,0.64253,0.64253,0.64253,0.64253,0.64253,0.64253,0.64253,0.64253,0.64253,0.64253,0.64253,0.64253,0.64253
127,0.64527,0.64527,0.64527,0.64527,0.64527,0.64527,0.64527,0.64527,0.64527,0.64527,0.64527,0.64527,0.64527,0.64527,0.64527,0.64527,0.64527,0.64527,0.64527,0.64527,0.64527,0.64527,0.64527,0.64527,0.64527,0.64527,0.64527,0.64527,0.64527
128,0.64797,0.64797,0.64797,0.64797,0.64797,0.64797,0.64797,0.64797,0.64797,0.64797,0.64797,0.64797,0.64797,0.64797,0.64797,0.64797,0.64797,0.64797,0.64797,0.64797,0.64797,0.64797,0.64797,0.64797,0.64797,0.64797,0.64797,0.64797,0.64797
129,0.65065,0.65065,0.65065,0.65065,0.65065,0.65065,0.65065,0.65065,0.65065,0.65065,0.65065,0.65065,0.65065,0.65065,0.65065,0.65065,0.65065,0.65065,0.65065,0.65065,0.65065,0.65065,0.65065,0.65065,0.65065,0.65065,0.65065,0.65065,0.65065
130,0.65329,0.65329,0.65329,0.65329,0.65329,0.65329,0.65329,0.65329,0.65329,0.65329,0.65329,0.65329,0.65329,0.65329,0.65329,0.65329,0.65329,0.65329,0.65329,0.65329,0.65329,0.65329,0.65329,0.65329,0.65329,0.65329,0.65329,0.65329,0.65329
131,0.65590,0.65590,0.65590,0.65590,0.65590,0.65590,0.65590,0.65590,0.65590,0.65590,0.65590,0.65590,0.65590,0.65590,0.65590,0.65590,0.65590,0.65590,0.65590,0.65590,0.65590,0.65590,0.65590,0.65590,0.65590,0.65590,0.65590,0.65590,0.65590
132,0.65848,0.65848,0.65848,0.65848,0.65848,0.65848,0.65848,0.65848,0.65848,0.65848,0.65848,0.65848,0.65848,0.65848,0.65848,0.65848,0.65848,0.65848,0.65848,0.65848,0.65848,0.65848,0.65848,0.65848,0.65848,0.65848,0.65848,0.65848,0.65848
133,0.66102,0.66102,0.66102,0.66102,0.66102,0.66102,0.66102,0.66102,0.66102,0.66102,0.66102,0.66102,0.66102,0.66102,0.66102,0.66102,0.66102,0.66102,0.66102,0.66102,0.66102,0.66102,0.66102,0.66102,0.66102,0.66102,0.66102,0.66102,0.66102
134,0.66352,0.66352,0.66352,0.66352,0.66352,0.66352,0.66352,0.66352,0.66352,0.66352,0.66352,0.66352,0.66352,0.66352,0.66352,0.66352,0.66352,0.66352,0.66352,0.66352,0.66352,0.66352,0.66352,0.66352,0.66352,0.66352,0.66352,0.66352,0.66352
135,0.66598,0.66598,0.66598,0.66598,0.66598,0.66598,0.66598,0.66598,0.66598,0.66598,0.66598,0.66598,0.66598,0.66598,0.66598,0.66598,0.66598,0.66598,0.66598,0.66598,0.66598,0.66598,0.66598,0.66598,0.66598,0.66598,0.66598,0.66598,0.66598
136,0.66840,0.66840,0.66840,0.66840,0.66840,0.66840,0.66840,0.66840,0.66840,0.66840,0.66840,0.66840,0.66840,0.66840,0.66840,0.66840,0.66840,0.66840,0.66840,0.66840,0.66840,0.66840,0.66840,0.66840,0.66840,0.66840,0.66840,0.66840,0.66840
137,0.67078,0.67078,0.67078,0.67078,0.67078,0.67078,0.67078,0.67078,0.67078,0.67078,0.67078,0.67078,0.67078,0.67078,0.67078,0.67078,0.67078,0.67078,0.67078,0.67078,0.67078,0.67078,0.67078,0.67078,0.67078,0.67078,0.67078,0.67078,0.67078
138,0.67312,0.67312,0.67312,0.67312,0.67312,0.67312,0.67312,0.67312,0.67312,0.67312,0.67312,0.67312,0.67312,0.67312,0.67312,0.67312,0.67312,0.67312,0.67312,0.67312,0.67312,0.67312,0.67312,0.67312,0.67312,0.67312,0.67312,0.67312,0.67312
139,0.67541,0.67541,0.67541,0.67541,0.67541,0.67541,0.67541,0.67541,0.67541,0.67541,0.67541,0.67541,0.67541,0.67541,0.67541,0.67541,0.67541,0.67541,0.67541,0.67541,0.67541,0.67541,0.67541,0.67541,0.67541,0.67541,0.67541,0.67541,0.67541
140,0.67765,0.67765,0.67765,0.67765,0.67765,0.67765,0.67765,0.67765,0.67765,0.67765,0.67765,0.67765,0.67765,0.67765,0.67765,0.67765,0.67765,0.67765,0.67765,0.67765,0.67765,0.67765,0.67765,0.67765,0.67765,0.67765,0.67765,0.67765,0.67765
141,0.67985,0.67985,0.67985,0.67985,0.67985,0.67985,0.67985,0.67985,0.67985,0.67985,0.67985,0.67985,0.67985,0.67985,0.67985,0.67985,0.67985,0.67985,0.67985,0.67985,0.67985,0.67985,0.67985,0.67985,0.67985,0.67985,0.67985,0.67985,0.67985
142,0.68199,0.68199,0.68199,0.68199,0.68199,0.68199,0.68199,0.68199,0.68199,0.68199,0.68199,0.68199,0.68199,0.68199,0.68199,0.68199,0.68199,0.68199,0.68199,0.68199,0.68199,0.68199,0.68199,0.68199,0.68199,0.68199,0.68199,0.68199,0.68199
143,0.68408,0.68408,0.68408,0.68408,0.68408,0.68408,0.68408,0.68408,0.68408,0.68408,0.68408,0.68408,0.68408,0.68408,0.68408,0.68408,0.68408,0.68408,0.68408,0.68408,0.68408,0.68408,0.68408,0.68408,0.68408,0.68408,0.68408,0.68408,0.68408
144,0.68612,0.68612,0.68612,0.68612,0.68612,0.68612,0.68612,0.68612,0.68612,0.68612,0.68612,0.68612,0.68612,0.68612,0.68612,0.68612,0.68612,0.68612,0.68612,0.68612,0.68612,0.68612,0.68612,0.68612,0.68612,0.68612,0.68612,0.68612,0.68612
145,0.68811,0.68811,0.68811,0.68811,0.68811,0.68811,0.68811,0.68811,0.68811,0.68811,0.68811,0.68811,0.68811,0.68811,0.68811,0.68811,0.68811,0.68811,0.68811,0.68811,0.68811,0.68811,0.68811,0.68811,0.68811,0.68811,0.68811,0.68811,0.68811
146,0.69004,0.69004,0.69004,0.69004,0.69004,0.69004,0.69004,0.69004,0.69004,0.69004,0.69004,0.69004,0.69004,0.69004,0.69004,0.69004,0.69004,0.69004,0.69004,0.69004,0.69004,0.69004,0.69004,0.69004,0.69004,0.69004,0.69004,0.69004,0.69004
147,0.69191,0.69191,0.69191,0.69191,0.69191,0.69191,0.69191,0.69191,0.69191,0.69191,0.69191,0.69191,0.69191,0.69191,0.69191,0.69191,0.69191,0.69191,0.69191,0.69191,0.69191,0.69191,0.69191,0.69191,0.69191,0.69191,0.69191,0.69191,0.69191
148,0.69372,0.69372,0.69372,0.69372,0.69372,0.69372,0.69372,0.69372,0.69372,0.69372,0.69372,0.69372,0.69372,0.69372,0.69372,0.69372,0.69372,0.69372,0.69372,0.69372,0.69372,0.69372,0.69372,0.69372,0.69372,0.69372,0.69372,0.69372,0.69372
149,0.69546,0.69546,0.69546,0.69546,0.69546,0.69546,0.69546,0.69546,0.69546,0.69546,0.69546,0.69546,0.69546,0.69546,0.69546,0.69546,0.69546,0.69546,0.69546,0.69546,0.69546,0.69546,0.69546,0.69546,0.69546,0.69546,0.69546,0.69546,0.69546
150,0.69715,0.69715,0.69715,0.69715,0.69715,0.69715,0.69715,0.69715,0.69715,0.69715,0.69715,0.69715,0.69715,0.69715,0.69715,0.69715,0.69715,0.69715,0.69715,0.69715,0.69715,0.69715,0.69715,0.69715,0.69715,0.69715,0.69715,0.69715,0.69715
151,0.69877,0.69877,0.69877,0.69877,0.69877,0.69877,0.69877,0.69877,0.69877,0.69877,0.69877,0.69877,0.69877,0.69877,0.69877,0.69877,0.69877,0.69877,0.69877,0.69877,0.69877,0.69877,0.69877,0.69877,0.69877,0.69877,0.69877,0.69877,0.69877
152,0.70032,0.70032,0.70032,0.70032,0.70032,0.70032,0.70032,0.70032,0.70032,0.70032,0.70032,0.70032,0.70032,0.70032,0.70032,0.70032,0.70032,0.70032,0.70032,0.70032,0.70032,0.70032,0.70032,0.70032,0.70032,0.70032,0.70032,0.70032,0.70032
153,0.70181,0.70181,0.70181,0.70181,0.70181,0.70181,0.70181,0.70181,0.70181,0.70181,0.70181,0.70181,0.70181,0.70181,0.70181,0.70181,0.70181,0.70181,0.70181,0.70181,0.70181,0.70181,0.70181,0.70181,0.70181,0.70181,0.70181,0.70181,0.70181
154,0.70322,0.70322,0.70322,0.70322,0.70322,0.70322,0.70322,0.70322,0.70322,0.70322,0.70322,0.70322,0.70322,0.70322,0.70322,0.70322,0.70322,0.70322,0.70322,0.70322,0.70322,0.70322,0.70322,0.70322,0.70322,0.70322,0.70322,0.70322,0.70322
155,0.70457,0.70457,0.70457,0.70457,0.70457,0.70457,0.70457,0.70457,0.70457,0.70457,0.70457,0.70457,0.70457,0.70457,0.70457,0.70457,0.70457,0.70457,0.70457,0.70457,0.70457,0.70457,0.70457,0.70457,0.70457,0.70457,0.70457,0.70457,0.70457
156,0.70584,0.70584,0.70584,0.70584,0.70584,0.70584,0.70584,0.70584,0.70584,0.70584,0.70584,0.70584,0.70584,0.70584,0.70584,0.70584,0.70584,0.70584,0.70584,0.70584,0.70584,0.70584,0.70584,0.70584,0.70584,0.70584,0.70584,0.70584,0.70584
157,0.70704,0.70704,0.70704,0.70704,0.70704,0.70704,0.70704,0.70704,0.70704,0.70704,0.70704,0.70704,0.70704,0.70704,0.70704,0.70704,0.70704,0.70704,0.70704,0.70704,0.70704,0.70704,0.70704,0.70704,0.70704,0.70704,0.70704,0.70704,0.70704
158,0.70817,0.70817,0.70817,0.70817,0.70817,0.70817,0.70817,0.70817,0.70817,0.70817,0.70817,0.70817,0.70817,0.70817,0.70817,0.70817,0.70817,0.70817,0.70817,0.70817,0.70817,0.70817,0.70817,0.70817,0.70817,0.70817,0.70817,0.70817,0.70817
159,0.70921,0.70921,0.70921,0.70921,0.70921,0.70921,0.70921,0.70921,0.70921,0.70921,0.70921,0.70921,0.70921,0.70921,0.70921,0.70921,0.70921,0.70921,0.70921,0.70921,0.70921,0.70921,0.70921,0.70921,0.70921,0.70921,0.70921,0.70921,0.70921
160,0.71018,0.71018,0.71018,0.71018,0.71018,0.71018,0.71018,0.71018,0.71018,0.71018,0.71018,0.71018,0.71018,0.71018,0.71018,0.71018,0.71018,0.71018,0.71018,0.71018,0.71018,0.71018,0.71018,0.71018,0.71018,0.71018,0.71018,0.71018,0.71018
161,0.71108,0.71108,0.71108,0.71108,0.71108,0.71108,0.71108,0.71108,0.71108,0.71108,0.71108,0.71108,0.71108,0.71108,0.71108,0.71108,0.71108,0.71108,0.71108,0.71108,0.71108,0.71108,0.71108,0.71108,0.71108,0.71108,0.71108,0.71108,0.71108
162,0.71189,0.71189,0.71189,0.71189,0.71189,0.71189,0.71189,0.71189,0.71189,0.71189,0.71189,0.71189,0.71189,0.71189,0.71189,0.71189,0.71189,0.71189,0.71189,0.71189,0.71189,0.71189,0.71189,0.71189,0.71189,0.71189,0.71189,0.71189,0.71189
163,0.71262,0.71262,0.71262,0.71262,0.71262,0.71262,0.71262,0.71262,0.71262,0.71262,0.71262,0.71262,0.71262,0.71262,0.71262,0.71262,0.71262,0.71262,0.71262,0.71262,0.71262,0.71262,0.71262,0.71262,0.71262,0.71262,0.71262,0.71262,0.71262
164,0.71327,0.71327,0.71327,0.71327,0.71327,0.71327,0.71327,0.71327,0.71327,0.71327,0.71327,0.71327,0.71327,0.71327,0.71327,0.71327,0.71327,0.71327,0.71327,0.71327,0.71327,0.71327,0.71327,0.71327,0.71327,0.71327,0.71327,0.71327,0.71327
165,0.71384,0.71384,0.71384,0.71384,0.71384,0.71384,0.71384,0.71384,0.71384,0.71384,0.71384,0.71384,0.71384,0.71384,0.71384,0.71384,0.71384,0.71384,0.71384,0.71384,0.71384,0.71384,0.71384,0.71384,0.71384,0.71384,0.71384,0.71384,0.71384
166,0.71433,0.71433,0.71433,0.71433,0.71433,0.71433,0.71433,0.71433,0.71433,0.71433,0.71433,0.71433,0.71433,0.71433,0.71433,0.71433,0.71433,0.71433,0.71433,0.71433,0.71433,0.71433,0.71433,0.71433,0.71433,0.71433,0.71433,0.71433,0.71433
167,0.71473,0.71473,0.71473,0.71473,0.71473,0.71473,0.71473,0.71473,0.71473,0.71473,0.71473,0.71473,0.71473,0.71473,0.71473,0.71473,0.71473,0.71473,0.71473,0.71473,0.71473,0.71473,0.71473,0.71473,0.71473,0.71473,0.71473,0.71473,0.71473
168,0.71504,0.71504,0.71504,0.71504,0.71504,0.71504,0.71504,0.71504,0.71504,0.71504,0.71504,0.71504,0.71504,0.71504,0.71504,0.71504,0.71504,0.71504,0.71504,0.71504,0.71504,0.71504,0.71504,0.71504,0.71504,0.71504,0.71504,0.71504,0.71504
169,0.71528,0.71528,0.71528,0.71528,0.71528,0.71528,0.71528,0.71528,0.71528,0.71528,0.71528,0.71528,0.71528,0.71528,0.71528,0.71528,0.71528,0.71528,0.71528,0.71528,0.71528,0.71528,0.71528,0.71528,0.71528,0.71528,0.71528,0.71528,0.71528
170,0.71543,0.71543,0.71543,0.71543,0.71543,0.71543,0.71543,0.71543,0.71543,0.71543,0.71543,0.71543,0.71543,0.71543,0.71543,0.71543,0.71543,0.71543,0.71543,0.71543,0.71543,0.71543,0.71543,0.71543,0.71543,0.71543,0.71543,0.71543,0.71543
171,0.71549,0.71549,0.71549,0.71549,0.71549,0.71549,0.71549,0.71549,0.71549,0.71549,0.71549,0.71549,0.71549,0.71549,0.71549,0.71549,0.71549,0.71549,0.71549,0.71549,0.71549,0.71549,0.71549,0.71549,0.71549,0.71549,0.71549,0.71549,0.71549
172,0.71547,0.71547,0.71547,0.71547,0.71547,0.71547,0.71547,0.71547,0.71547,0.71547,0.71547,0.71547,0.71547,0.71547,0.71547,0.71547,0.71547,0.71547,0.71547,0.71547,0.71547,0.71547,0.71547,0.71547,0.71547,0.71547,0.71547,0.71547,0.71547
173,0.71536,0.71536,0.71536,0.71536,0.71536,0.71536,0.71536,0.71536,0.71536,0.71536,0.71536,0.71536,0.71536,0.71536,0.71536,0.71536,0.71536,0.71536,0.71536,0.71536,0.71536,0.71536,0.71536,0.71536,0.71536,0.71536,0.71536,0.71536,0.71536
174,0.71517,0.71517,0.71517,0.71517,0.71517,0.71517,0.71517,0.71517,0.71517,0.71517,0.71517,0.71517,0.71517,0.71517,0.71517,0.71517,0.71517,0.71517,0.71517,0.71517,0.71517,0.71517,0.71517,0.71517,0.71517,0.71517,0.71517,0.71517,0.71517
175,0.71490,0.71490,0.71490,0.71490,0.71490,0.71490,0.71490,0.71490,0.71490,0.71490,0.71490,0.71490,0.71490,0.71490,0.71490,0.71490,0.71490,0.71490,0.71490,0.71490,0.71490,0.71490,0.71490,0.71490,0.71490,0.71490,0.71490,0.71490,0.71490
176,0.71454,0.71454,0.71454,0.71454,0.71454,0.71454,0.71454,0.71454,0.71454,0.71454,0.71454,0.71454,0.71454,0.71454,0.71454,0.71454,0.71454,0.71454,0.71454,0.71454,0.71454,0.71454,0.71454,0.71454,0.71454,0.71454,0.71454,0.71454,0.71454
177,0.71409,0.71409,0.71409,0.71409,0.71409,0.71409,0.71409,0.71409,0.71409,0.71409,0.71409,0.71409,0.71409,0.71409,0.71409,0.71409,0.71409,0.71409,0.71409,0.71409,0.71409,0.71409,0.71409,0.71409,0.71409,0.71409,0.71409,0.71409,0.71409
178,0.71357,0.71357,0.71357,0.71357,0.71357,0.71357,0.71357,0.71357,0.71357,0.71357,0.71357,0.71357,0.71357,0.71357,0.71357,0.71357,0.71357,0.71357,0.71357,0.71357,0.71357,0.71357,0.71357,0.71357,0.71357,0.71357,0.71357,0.71357,0.71357
179,0.71296,0.71296,0.71296,0.71296,0.71296,0.71296,0.71296,0.71296,0.71296,0.71296,0.71296,0.71296,0.71296,0.71296,0.71296,0.71296,0.71296,0.71296,0.71296,0.71296,0.71296,0.71296,0.71296,0.71296,0.71296,0.71296,0.71296,0.71296,0.71296
180,0.71227,0.71227,0.71227,0.71227,0.71227,0.71227,0.71227,0.71227,0.71227,0.71227,0.71227,0.71227,0.71227,0.71227,0.71227,0.71227,0.71227,0.71227,0.71227,0.71227,0.71227,0.71227,0.71227,0.71227,0.71227,0.71227,0.71227,0.71227,0.71227
181,0.71149,0.71149,0.71149,0.71149,0.71149,0.71149,0.71149,0.71149,0.71149,0.71149,0.71149,0.71149,0.71149,0.71149,0.71149,0.71149,0.71149,0.71149,0.71149,0.71149,0.71149,0.71149,0.71149,0.71149,0.71149,0.71149,0.71149,0.71149,0.71149
182,0.71064,0.71064,0.71064,0.71064,0.71064,0.71064,0.71064,0.71064,0.71064,0.71064,0.71064,0.71064,0.71064,0.71064,0.71064,0.71064,0.71064,0.71064,0.71064,0.71064,0.71064,0.71064,0.71064,0.71064,0.71064,0.71064,0.71064,0.71064,0.71064
183,0.70971,0.70971,0.70971,0.70971,0.70971,0.70971,0.70971,0.70971,0.70971,0.70971,0.70971,0.70971,0.70971,0.70971,0.70971,0.70971,0.70971,0.70971,0.70971,0.70971,0.70971,0.70971,0.70971,0.70971,0.70971,0.70971,0.70971,0.70971,0.70971
184,0.70870,0.70870,0.70870,0.70870,0.70870,0.70870,0.70870,0.70870,0.70870,0.70870,0.70870,0.70870,0.70870,0.70870,0.70870,0.70870,0.70870,0.70870,0.70870,0.70870,0.70870,0.70870,0.70870,0.70870,0.70870,0.70870,0.70870,0.70870,0.70870
185,0.70761,0.70761,0.70761,0.70761,0.70761,0.70761,0.70761,0.70761,0.70761,0.70761,0.70761,0.70761,0.70761,0.70761,0.70761,0.70761,0.70761,0.70761,0.70761,0.70761,0.70761,0.70761,0.70761,0.70761,0.70761,0.70761,0.70761,0.70761,0.70761
186,0.70645,0.70645,0.70645,0.70645,0.70645,0.70645,0.70645,0.70645,0.70645,0.70645,0.70645,0.70645,0.70645,0.70645,0.70645,0.70645,0.70645,0.70645,0.70645,0.70645,0.70645,0.70645,0.70645,0.70645,0.70645,0.70645,0.70645,0.70645,0.70645
187,0.70521,0.70521,0.70521,0.70521,0.70521,0.70521,0.70521,0.70521,0.70521,0.70521,0.70521,0.70521,0.70521,0.70521,0.70521,0.70521,0.70521,0.70521,0.70521,0.70521,0.70521,0.70521,0.70521,0.70521,0.70521,0.70521,0.70521,0.70521,0.70521
188,0.70391,0.70391,0.70391,0.70391,0.70391,0.70391,0.70391,0.70391,0.70391,0.70391,0.70391,0.70391,0.70391,0.70391,0.70391,0.70391,0.70391,0.70391,0.70391,0.70391,0.70391,0.70391,0.70391,0.70391,0.70391,0.70391,0.70391,0.70391,0.70391
189,0.70252,0.70252,0.70252,0.70252,0.70252,0.70252,0.70252,0.70252,0.70252,0.70252,0.70252,0.70252,0.70252,0.70252,0.70252,0.70252,0.70252,0.70252,0.70252,0.70252,0.70252,0.70252,0.70252,0.70252,0.70252,0.70252,0.70252,0.70252,0.70252
190,0.70107,0.70107,0.70107,0.70107,0.70107,0.70107,0.70107,0.70107,0.70107,0.70107,0.70107,0.70107,0.70107,0.70107,0.70107,0.70107,0.70107,0.70107,0.70107,0.70107,0.70107,0.70107,0.70107,0.70107,0.70107,0.70107,0.70107,0.70107,0.70107
191,0.69955,0.69955,0.69955,0.69955,0.69955,0.69955,0.69955,0.69955,0.69955,0.69955,0.69955,0.69955,0.69955,0.69955,0.69955,0.69955,0.69955,0.69955,0.69955,0.69955,0.69955,0.69955,0.69955,0.69955,0.69955,0.69955,0.69955,0.69955,0.69955
192,0.69797,0.69797,0.69797,0.69797,0.69797,0.69797,0.69797,0.69797,0.69797,0.69797,0.69797,0.69797,0.69797,0.69797,0.69797,0.69797,0.69797,0.69797,0.69797,0.69797,0.69797,0.69797,0.69797,0.69797,0.69797,0.69797,0.69797,0.69797,0.69797
193,0.69631,0.69631,0.69631,0.69631,0.69631,0.69631,0.69631,0.69631,0.69631,0.69631,0.69631,0.69631,0.69631,0.69631,0.69631,0.69631,0.69631,0.69631,0.69631,0.69631,0.69631,0.69631,0.69631,0.69631,0.69631,0.69631,0.69631,0.69631,0.69631
194,0.69460,0.69460,0.69460,0.69460,0.69460,0.69460,0.69460,0.69460,0.69460,0.69460,0.69460,0.69460,0.69460,0.69460,0.69460,0.69460,0.69460,0.69460,0.69460,0.69460,0.69460,0.69460,0.69460,0.69460,0.69460,0.69460,0.69460,0.69460,0.69460
195,0.69282,0.69282,0.69282,0.69282,0.69282,0.69282,0.69282,0.69282,0.69282,0.69282,0.69282,0.69282,0.69282,0.69282,0.69282,0.69282,0.69282,0.69282,0.69282,0.69282,0.69282,0.69282,0.69282,0.69282,0.69282,0.69282,0.69282,0.69282,0.69282
196,0.69098,0.69098,0.69098,0.69098,0.69098,0.69098,0.69098,0.69098,0.69098,0.69098,0.69098,0.69098,0.69098,0.69098,0.69098,0.69098,0.69098,0.69098,0.69098,0.69098,0.69098,0.69098,0.69098,0.69098,0.69098,0.69098,0.69098,0.69098,0.69098
197,0.68908,0.68908,0.68908,0.68908,0.68908,0.68908,0.68908,0.68908,0.68908,0.68908,0.68908,0.68908,0.68908,0.68908,0.68908,0.68908,0.68908,0.68908,0.68908,0.68908,0.68908,0.68908,0.68908,0.68908,0.68908,0.68908,0.68908,0.68908,0.68908
198,0.68712,0.68712,0.68712,0.68712,0.68712,0.68712,0.68712,0.68712,0.68712,0.68712,0.68712,0.68712,0.68712,0.68712,0.68712,0.68712,0.68712,0.68712,0.68712,0.68712,0.68712,0.68712,0.68712,0.68712,0.68712,0.68712,0.68712,0.68712,0.68712
199,0.68511,0.68511,0.68511,0.68511,0.68511,0.68511,0.68511,0.68511,0.68511,0.68511,0.68511,0.68511,0.68511,0.68511,0.68511,0.68511,0.68511,0.68511,0.68511,0.68511,0.68511,0.68511,0.68511,0.68511,0.68511,0.68511,0.68511,0.68511,0.68511
200,0.68304,0.68304,0.68304,0.68304,0.68304,0.68304,0.68304,0.68304,0.68304,0.68304,0.68304,0.68304,0.68304,0.68304,0.68304,0.68304,0.68304,0.68304,0.68304,0.68304,0.68304,0.68304,0.68304,0.68304,0.68304,0.68304,0.68304,0.68304,0.68304
201,0.68093,0.68093,0.68093,0.68093,0.68093,0.68093,0.68093,0.68093,0.68093,0.68093,0.68093,0.68093,0.68093,0.68093,0.68093,0.68093,0.68093,0.68093,0.68093,0.68093,0.68093,0.68093,0.68093,0.68093,0.68093,0.68093,0.68093,0.68093,0.68093
202,0.67876,0.67876,0.67876,0.67876,0.67876,0.67876,0.67876,0.67876,0.67876,0.67876,0.67876,0.67876,0.67876,0.67876,0.67876,0.67876,0.67876,0.67876,0.67876,0.67876,0.67876,0.67876,0.67876,0.67876,0.67876,0.67876,0.67876,0.67876,0.67876
203,0.67654,0.67654,0.67654,0.67654,0.67654,0.67654,0.67654,0.67654,0.67654,0.67654,0.67654,0.67654,0.67654,0.67654,0.67654,0.67654,0.67654,0.67654,0.67654,0.67654,0.67654,0.67654,0.67654,0.67654,0.67654,0.67654,0.67654,0.67654,0.67654
204,0.67427,0.67427,0.67427,0.67427,0.67427,0.67427,0.67427,0.67427,0.67427,0.67427,0.67427,0.67427,0.67427,0.67427,0.67427,0.67427,0.67427,0.67427,0.67427,0.67427,0.67427,0.67427,0.67427,0.67427,0.67427,0.67427,0.67427,0.67427,0.67427
205,0.67196,0.67196,0.67196,0.67196,0.67196,0.67196,0.67196,0.67196,0.67196,0.67196,0.67196,0.67196,0.67196,0.67196,0.67196,0.67196,0.67196,0.67196,0.67196,0.67196,0.67196,0.67196,0.67196,0.67196,0.67196,0.67196,0.67196,0.67196,0.67196
206,0.66960,0.66960,0.66960,0.66960,0.66960,0.66960,0.66960,0.66960,0.66960,0.66960,0.66960,0.66960,0.66960,0.66960,0.66960,0.66960,0.66960,0.66960,0.66960,0.66960,0.66960,0.66960,0.66960,0.66960,0.66960,0.66960,0.66960,0.66960,0.66960
207,0.66720,0.66720,0.66720,0.66720,0.66720,0.66720,0.66720,0.66720,0.66720,0.66720,0.66720,0.66720,0.66720,0.66720,0.66720,0.66720,0.66720,0.66720,0.66720,0.66720,0.66720,0.66720,0.66720,0.66720,0.66720,0.66720,0.66720,0.66720,0.66720
208,0.66476,0.66476,0.66476,0.66476,0.66476,0.66476,0.66476,0.66476,0.66476,0.66476,0.66476,0.66476,0.66476,0.66476,0.66476,0.66476,0.66476,0.66476,0.66476,0.66476,0.66476,0.66476,0.66476,0.66476,0.66476,0.66476,0.66476,0.66476,0.66476
209,0.66227,0.66227,0.66227,0.66227,0.66227,0.66227,0.66227,0.66227,0.66227,0.66227,0.66227,0.66227,0.66227,0.66227,0.66227,0.66227,0.66227,0.66227,0.66227,0.66227,0.66227,0.66227,0.66227,0.66227,0.66227,0.66227,0.66227,0.66227,0.66227
210,0.65975,0.65975,0.65975,0.65975,0.65975,0.65975,0.65975,0.65975,0.65975,0.65975,0.65975,0.65975,0.65975,0.65975,0.65975,0.65975,0.65975,0.65975,0.65975,0.65975,0.65975,0.65975,0.65975,0.65975,0.65975,0.65975,0.65975,0.65975,0.65975
211,0.65720,0.65720,0.65720,0.65720,0.65720,0.65720,0.65720,0.65720,0.65720,0.65720,0.65720,0.65720,0.65720,0.65720,0.65720,0.65720,0.65720,0.65720,0.65720,0.65720,0.65720,0.65720,0.65720,0.65720,0.65720,0.65720,0.65720,0.65720,0.65720
212,0.65460,0.65460,0.65460,0.65460,0.65460,0.65460,0.65460,0.65460,0.65460,0.65460,0.65460,0.65460,0.65460,0.65460,0.65460,0.65460,0.65460,0.65460,0.65460,0.65460,0.65460,0.65460,0.65460,0.65460,0.65460,0.65460,0.65460,0.65460,0.65460
213,0.65198,0.65198,0.65198,0.65198,0.65198,0.65198,0.65198,0.65198,0.65198,0.65198,0.65198,0.65198,0.65198,0.65198,0.65198,0.65198,0.65198,0.65198,0.65198,0.65198,0.65198,0.65198,0.65198,0.65198,0.65198,0.65198,0.65198,0.65198,0.65198
214,0.64931,0.64931,0.64931,0.64931,0.64931,0.64931,0.64931,0.64931,0.64931,0.64931,0.64931,0.64931,0.64931,0.64931,0.64931,0.64931,0.64931,0.64931,0.64931,0.64931,0.64931,0.64931,0.64931,0.64931,0.64931,0.64931,0.64931,0.64931,0.64931
215,0.64662,0.64662,0.64662,0.64662,0.64662,0.64662,0.64662,0.64662,0.64662,0.64662,0.64662,0.64662,0.64662,0.64662,0.64662,0.64662,0.64662,0.64662,0.64662,0.64662,0.64662,0.64662,0.64662,0.64662,0.64662,0.64662,0.64662,0.64662,0.64662
216,0.64390,0.64390,0.64390,0.64390,0.64390,0.64390,0.64390,0.64390,0.64390,0.64390,0.64390,0.64390,0.64390,0.64390,0.64390,0.64390,0.64390,0.64390,0.64390,0.64390,0.64390,0.64390,0.64390,0.64390,0.64390,0.64390,0.64390,0.64390,0.64390
217,0.64115,0.64115,0.64115,0.64115,0.64115,0.64115,0.64115,0.64115,0.64115,0.64115,0.64115,0.64115,0.64115,0.64115,0.64115,0.64115,0.64115,0.64115,0.64115,0.64115,0.64115,0.64115,0.64115,0.64115,0.64115,0.64115,0.64115,0.64115,0.64115
218,0.63837,0.63837,0.63837,0.63837,0.63837,0.63837,0.63837,0.63837,0.63837,0.63837,0.63837,0.63837,0.63837,0.63837,0.63837,0.63837,0.63837,0.63837,0.63837,0.63837,0.63837,0.63837,0.63837,0.63837,0.63837,0.63837,0.63837,0.63837,0.63837
219,0.63557,0.63557,0.63557,0.63557,0.63557,0.63557,0.63557,0.63557,0.63557,0.63557,0.63557,0.63557,0.63557,0.63557,0.63557,0.63557,0.63557,0.63557,0.63557,0.63557,0.63557,0.63557,0.63557,0.63557,0.63557,0.63557,0.63557,0.63557,0.63557
220,0.63274,0.63274,0.63274,0.63274,0.63274,0.63274,0.63274,0.63274,0.63274,0.63274,0.63274,0.63274,0.63274,0.63274,0.63274,0.63274,0.63274,0.63274,0.63274,0.63274,0.63274,0.63274,0.63274,0.63274,0.63274,0.63274,0.63274,0.63274,0.63274
221,0.62988,0.62988,0.62988,0.62988,0.62988,0.62988,0.62988,0.62988,0.62988,0.62988,0.62988,0.62988,0.62988,0.62988,0.62988,0.62988,0.62988,0.62988,0.62988,0.62988,0.62988,0.62988,0.62988,0.62988,0.62988,0.62988,0.62988,0.62988,0.62988
222,0.62700,0.62700,0.62700,0.62700,0.62700,0.62700,0.62700,0.62700,0.62700,0.62700,0.62700,0.62700,0.62700,0.62700,0.62700,0.62700,0.62700,0.62700,0.62700,0.62700,0.62700,0.62700,0.62700,0.62700,0.62700,0.62700,0.62700,0.62700,0.62700
223,0.62410,0.62410,0.62410,0.62410,0.62410,0.62410,0.62410,0.62410,0.62410,0.62410,0.62410,0.62410,0.62410,0.62410,0.62410,0.62410,0.62410,0.62410,0.62410,0.62410,0.62410,0.62410,0.62410,0.62410,0.62410,0.62410,0.62410,0.62410,0.62410
224,0.62118,0.62118,0.62118,0.62118,0.62118,0.62118,0.62118,0.62118,0.62118,0.62118,0.62118,0.62118,0.62118,0.62118,0.62118,0.62118,0.62118,0.62118,0.62118,0.62118,0.62118,0.62118,0.62118,0.62118,0.62118,0.62118,0.62118,0.62118,0.62118
225,0.61824,0.61824,0.61824,0.61824,0.61824,0.61824,0.61824,0.61824,0.61824,0.61824,0.61824,0.61824,0.61824,0.61824,0.61824,0.61824,0.61824,0.61824,0.61824,0.61824,0.61824,0.61824,0.61824,0.61824,0.61824,0.61824,0.61824,0.61824,0.61824
226,0.61528,0.61528,0.61528,0.61528,0.61528,0.61528,0.61528,0.61528,0.61528,0.61528,0.61528,0.61528,0.61528,0.61528,0.61528,0.61528,0.61528,0.61528,0.61528,0.61528,0.61528,0.61528,0.61528,0.61528,0.61528,0.61528,0.61528,0.61528,0.61528
227,0.61230,0.61230,0.61230,0.61230,0.61230,0.61230,0.61230,0.61230,0.61230,0.61230,0.61230,0.61230,0.61230,0.61230,0.61230,0.61230,0.61230,0.61230,0.61230,0.61230,0.61230,0.61230,0.61230,0.61230,0.61230,0.61230,0.61230,0.61230,0.61230
228,0.60930,0.60930,0.60930,0.60930,0.60930,0.60930,0.60930,0.60930,0.60930,0.60930,0.60930,0.60930,0.60930,0.60930,0.60930,0.60930,0.60930,0.60930,0.60930,0.60930,0.60930,0.60930,0.60930,0.60930,0.60930,0.60930,0.60930,0.60930,0.60930
229,0.60629,0.60629,0.60629,0.60629,0.60629,0.60629,0.60629,0.60629,0.60629,0.60629,0.60629,0.60629,0.60629,0.60629,0.60629,0.60629,0.60629,0.60629,0.60629,0.60629,0.60629,0.60629,0.60629,0.60629,0.60629,0.60629,0.60629,0.60629,0.60629
230,0.60326,0.60326,0.60326,0.60326,0.60326,0.60326,0.60326,0.60326,0.60326,0.60326,0.60326,0.60326,0.60326,0.60326,0.60326,0.60326,0.60326,0.60326,0.60326,0.60326,0.60326,0.60326,0.60326,0.60326,0.60326,0.60326,0.60326,0.60326,0.60326
231,0.60021,0.60021,0.60021,0.60021,0.60021,0.60021,0.60021,0.60021,0.60021,0.60021,0.60021,0.60021,0.60021,0.60021,0.60021,0.60021,0.60021,0.60021,0.60021,0.60021,0.60021,0.60021,0.60021,0.60021,0.60021,0.60021,0.60021,0.60021,0.60021
232,0.59715,0.59715,0.59715,0.59715,0.59715,0.59715,0.59715,0.59715,0.59715,0.59715,0.59715,0.59715,0.59715,0.59715,0.59715,0.59715,0.59715,0.59715,0.59715,0.59715,0.59715,0.59715,0.59715,0.59715,0.59715,0.59715,0.59715,0.59715,0.59715
233,0.59408,0.59408,0.59408,0.59408,0.59408,0.59408,0.59408,0.59408,0.59408,0.59408,0.59408,0.59408,0.59408,0.59408,0.59408,0.59408,0.59408,0.59408,0.59408,0.59408,0.59408,0.59408,0.59408,0.59408,0.59408,0.59408,0.59408,0.59408,0.59408
234,0.59100,0.59100,0.59100,0.59100,0.59100,0.59100,0.59100,0.59100,0.59100,0.59100,0.59100,0.59100,0.59100,0.59100,0.59100,0.59100,0.59100,0.59100,0.59100,0.59100,0.59100,0.59100,0.59100,0.59100,0.59100,0.59100,0.59100,0.59100,0.59100
235,0.58790,0.58790,0.58790,0.58790,0.58790,0.58790,0.58790,0.58790,0.58790,0.58790,0.58790,0.58790,0.58790,0.58790,0.58790,0.58790,0.58790,0.58790,0.58790,0.58790,0.58790,0.58790,0.58790,0.58790,0.58790,0.58790,0.58790,0.58790,0.58790
236,0.58479,0.58479,0.58479,0.58479,0.58479,0.58479,0.58479,0.58479,0.58479,0.58479,0.58479,0.58479,0.58479,0.58479,0.58479,0.58479,0.58479,0.58479,0.58479,0.58479,0.58479,0.58479,0.58479,0.58479,0.58479,0.58479,0.58479,0.58479,0.58479
237,0.58167,0.58167,0.58167,0.58167,0.58167,0.58167,0.58167,0.58167,0.58167,0.58167,0.58167,0.58167,0.58167,0.58167,0.58167,0.58167,0.58167,0.58167,0.58167,0.58167,0.58167,0.58167,0.58167,0.58167,0.58167,0.58167,0.58167,0.58167,0.58167
238,0.57854,0.57854,0.57854,0.57854,0.57854,0.57854,0.57854,0.57854,0.57854,0.57854,0.57854,0.57854,0.57854,0.57854,0.57854,0.57854,0.57854,0.57854,0.57854,0.57854,0.57854,0.57854,0.57854,0.57854,0.57854,0.57854,0.57854,0.57854,0.57854
239,0.57540,0.57540,0.57540,0.57540,0.57540,0.57540,0.57540,0.57540,0.57540,0.57540,0.57540,0.57540,0.57540,0.57540,0.57540,0.57540,0.57540,0.57540,0.57540,0.57540,0.57540,0.57540,0.57540,0.57540,0.57540,0.57540,0.57540,0.57540,0.57540
240,0.57225,0.57225,0.57225,0.57225,0.57225,0.57225,0.57225,0.57225,0.57225,0.57225,0.57225,0.57225,0.57225,0.57225,0.57225,0.57225,0.57225,0.57225,0.57225,0.57225,0.57225,0.57225,0.57225,0.57225,0.57225,0.57225,0.57225,0.57225,0.57225
241,0.56910,0.56910,0.56910,0.56910,0.56910,0.56910,0.56910,0.56910,0.56910,0.56910,0.56910,0.56910,0.56910,0.56910,0.56910,0.56910,0.56910,0.56910,0.56910,0.56910,0.56910,0.56910,0.56910,0.56910,0.56910,0.56910,0.56910,0.56910,0.56910
242,0.56593,0.56593,0.56593,0.56593,0.56593,0.56593,0.56593,0.56593,0.56593,0.56593,0.56593,0.56593,0.56593,0.56593,0.56593,0.56593,0.56593,0.56593,0.56593,0.56593,0.56593,0.56593,0.56593,0.56593,0.56593,0.56593,0.56593,0.56593,0.56593
243,0.56276,0.56276,0.56276,0.56276,0.56276,0.56276,0.56276,0.56276,0.56276,0.56276,0.56276,0.56276,0.56276,0.56276,0.56276,0.56276,0.56276,0.56276,0.56276,0.56276,0.56276,0.56276,0.56276,0.56276,0.56276,0.56276,0.56276,0.56276,0.56276
244,0.55958,0.55958,0.55958,0.55958,0.55958,0.55958,0.55958,0.55958,0.55958,0.55958,0.55958,0.55958,0.55958,0.55958,0.55958,0.55958,0.55958,0.55958,0.55958,0.55958,0.55958,0.55958,0.55958,0.55958,0.55958,0.55958,0.55958,0.55958,0.55958
245,0.55640,0.55640,0.55640,0.55640,0.55640,0.55640,0.55640,0.55640,0.55640,0.55640,0.55640,0.55640,0.55640,0.55640,0.55640,0.55640,0.55640,0.55640,0.55640,0.55640,0.55640,0.55640,0.55640,0.55640,0.55640,0.55640,0.55640,0.55640,0.55640
246,0.55320,0.55320,0.55320,0.55320,0.55320,0.55320,0.55320,0.55320,0.55320,0.55320,0.55320,0.55320,0.55320,0.55320,0.55320,0.55320,0.55320,0.55320,0.55320,0.55320,0.55320,0.55320,0.55320,0.55320,0.55320,0.55320,0.55320,0.55320,0.55320
247,0.55001,0.55001,0.55001,0.55001,0.55001,0.55001,0.55001,0.55001,0.55001,0.55001,0.55001,0.55001,0.55001,0.55001,0.55001,0.55001,0.55001,0.55001,0.55001,0.55001,0.55001,0.55001,0.55001,0.55001,0.55001,0.55001,0.55001,0.55001,0.55001
248,0.54680,0.54680,0.54680,0.54680,0.54680,0.54680,0.54680,0.54680,0.54680,0.54680,0.54680,0.54680,0.54680,0.54680,0.54680,0.54680,0.54680,0.54680,0.54680,0.54680,0.54680,0.54680,0.54680,0.54680,0.54680,0.54680,0.54680,0.54680,0.54680
249,0.54360,0.54360,0.54360,0.54360,0.54360,0.54360,0.54360,0.54360,0.54360,0.54360,0.54360,0.54360,0.54360,0.54360,0.54360,0.54360,0.54360,0.54360,0.54360,0.54360,0.54360,0.54360,0.54360,0.54360,0.54360,0.54360,0.54360,0.54360,0.54360
250,0.54038,0.54038,0.54038,0.54038,0.54038,0.54038,0.54038,0.54038,0.54038,0.54038,0.54038,0.54038,0.54038,0.54038,0.54038,0.54038,0.54038,0.54038,0.54038,0.54038,0.54038,0.54038,0.54038,0.54038,0.54038,0.54038,0.54038,0.54038,0.54038
251,0.53717,0.53717,0.53717,0.53717,0.53717,0.53717,0.53717,0.53717,0.53717,0.53717,0.53717,0.53717,0.53717,0.53717,0.53717,0.53717,0.53717,0.53717,0.53717,0.53717,0.53717,0.53717,0.53717,0.53717,0.53717,0.53717,0.53717,0.53717,0.53717
252,0.53395,0.53395,0.53395,0.53395,0.53395,0.53395,0.53395,0.53395,0.53395,0.53395,0.53395,0.53395,0.53395,0.53395,0.53395,0.53395,0.53395,0.53395,0.53395,0.53395,0.53395,0.53395,0.53395,0.53395,0.53395,0.53395,0.53395,0.53395,0.53395
253,0.53072,0.53072,0.53072,0.53072,0.53072,0.53072,0.53072,0.53072,0.53072,0.53072,0.53072,0.53072,0.53072,0.53072,0.53072,0.53072,0.53072,0.53072,0.53072,0.53072,0.53072,0.53072,0.53072,0.53072,0.53072,0.53072,0.53072,0.53072,0.53072
254,0.52750,0.52750,0.52750,0.52750,0.52750,0.52750,0.52750,0.52750,0.52750,0.52750,0.52750,0.52750,0.52750,0.52750,0.52750,0.52750,0.52750,0.52750,0.52750,0.52750,0.52750,0.52750,0.52750,0.52750,0.52750,0.52750,0.52750,0.52750,0.52750
255,0.52427,0.52427,0.52427,0.52427,0.52427,0.52427,0.52427,0.52427,0.52427,0.52427,0.52427,0.52427,0.52427,0.52427,0.52427,0.52427,0.52427,0.52427,0.52427,0.52427,0.52427,0.52427,0.52427,0.52427,0.52427,0.52427,0.52427,0.52427,0.52427
256,0.52104,0.52104,0.52104,0.52104,0.52104,0.52104,0.52104,0.52104,0.52104,0.52104,0.52104,0.52104,0.52104,0.52104,0.52104,0.52104,0.52104,0.52104,0.52104,0.52104,0.52104,0.52104,0.52104,0.52104,0.52104,0.52104,0.52104,0.52104,0.52104
257,0.51780,0.51780,0.51780,0.51780,0.51780,0.51780,0.51780,0.51780,0.51780,0.51780,0.51780,0.51780,0.51780,0.51780,0.51780,0.51780,0.51780,0.51780,0.51780,0.51780,0.51780,0.51780,0.51780,0.51780,0.51780,0.51780,0.51780,0.51780,0.51780
258,0.51457,0.51457,0.51457,0.51457,0.51457,0.51457,0.51457,0.51457,0.51457,0.51457,0.51457,0.51457,0.51457,0.51457,0.51457,0.51457,0.51457,0.51457,0.51457,0.51457,0.51457,0.51457,0.51457,0.51457,0.51457,0.51457,0.51457,0.51457,0.51457
259,0.51133,0.51133,0.51133,0.51133,0.51133,0.51133,0.51133,0.51133,0.51133,0.51133,0.51133,0.51133,0.51133,0.51133,0.51133,0.51133,0.51133,0.51133,0.51133,0.51133,0.51133,0.51133,0.51133,0.51133,0.51133,0.51133,0.51133,0.51133,0.51133
260,0.50810,0.50810,0.50810,0.50810,0.50810,0.50810,0.50810,0.50810,0.50810,0.50810,0.50810,0.50810,0.50810,0.50810,0.50810,0.50810,0.50810,0.50810,0.50810,0.50810,0.50810,0.50810,0.50810,0.50810,0.50810,0.50810,0.50810,0.50810,0.50810
261,0.50486,0.50486,0.50486,0.50486,0.50486,0.50486,0.50486,0.50486,0.50486,0.50486,0.50486,0.50486,0.50486,0.50486,0.50486,0.50486,0.50486,0.50486,0.50486,0.50486,0.50486,0.50486,0.50486,0.50486,0.50486,0.50486,0.50486,0.50486,0.50486
262,0.50162,0.50162,0.50162,0.50162,0.50162,0.50162,0.50162,0.50162,0.50162,0.50162,0.50162,0.50162,0.50162,0.50162,0.50162,0.50162,0.50162,0.50162,0.50162,0.50162,0.50162,0.50162,0.50162,0.50162,0.50162,0.50162,0.50162,0.50162,0.50162
263,0.49838,0.49838,0.49838,0.49838,0.49838,0.49838,0.49838,0.49838,0.49838,0.49838,0.49838,0.49838,0.49838,0.49838,0.49838,0.49838,0.49838,0.49838,0.49838,0.49838,0.49838,0.49838,0.49838,0.49838,0.49838,0.49838,0.49838,0.49838,0.49838
264,0.49514,0.49514,0.49514,0.49514,0.49514,0.49514,0.49514,0.49514,0.49514,0.49514,0.49514,0.49514,0.49514,0.49514,0.49514,0.49514,0.49514,0.49514,0.49514,0.49514,0.49514,0.49514,0.49514,0.49514,0.49514,0.49514,0.49514,0.49514,0.49514
265,0.49190,0.49190,0.49190,0.49190,0.49190,0.49190,0.49190,0.49190,0.49190,0.49190,0.49190,0.49190,0.49190,0.49190,0.49190,0.49190,0.49190,0.49190,0.49190,0.49190,0.49190,0.49190,0.49190,0.49190,0.49190,0.49190,0.49190,0.49190,0.49190
266,0.48867,0.48867,0.48867,0.48867,0.48867,0.48867,0.48867,0.48867,0.48867,0.48867,0.48867,0.48867,0.48867,0.48867,0.48867,0.48867,0.48867,0.48867,0.48867,0.48867,0.48867,0.48867,0.48867,0.48867,0.48867,0.48867,0.48867,0.48867,0.48867
267,0.48543,0.48543,0.48543,0.48543,0.48543,0.48543,0.48543,0.48543,0.48543,0.48543,0.48543,0.48543,0.48543,0.48543,0.48543,0.48543,0.48543,0.48543,0.48543,0.48543,0.48543,0.48543,0.48543,0.48543,0.48543,0.48543,0.48543,0.48543,0.48543
268,0.48220,0.48220,0.48220,0.48220,0.48220,0.48220,0.48220,0.48220,0.48220,0.48220,0.48220,0.48220,0.48220,0.48220,0.48220,0.48220,0.48220,0.48220,0.48220,0.48220,0.48220,0.48220,0.48220,0.48220,0.48220,0.48220,0.48220,0.48220,0.48220
269,0.47896,0.47896,0.47896,0.47896,0.47896,0.47896,0.47896,0.47896,0.47896,0.47896,0.47896,0.47896,0.47896,0.47896,0.47896,0.47896,0.47896,0.47896,0.47896,0.47896,0.47896,0.47896,0.47896,0.47896,0.47896,0.47896,0.47896,0.47896,0.47896
270,0.47573,0.47573,0.47573,0.47573,0.47573,0.47573,0.47573,0.47573,0.47573,0.47573,0.47573,0.47573,0.47573,0.47573,0.47573,0.47573,0.47573,0.47573,0.47573,0.47573,0.47573,0.47573,0.47573,0.47573,0.47573,0.47573,0.47573,0.47573,0.47573
271,0.47250,0.47250,0.47250,0.47250,0.47250,0.47250,0.47250,0.47250,0.47250,0.47250,0.47250,0.47250,0.47250,0.47250,0.47250,0.47250,0.47250,0.47250,0.47250,0.47250,0.47250,0.47250,0.47250,0.47250,0.47250,0.47250,0.47250,0.47250,0.47250
272,0.46928,0.46928,0.46928,0.46928,0.46928,0.46928,0.46928,0.46928,0.46928,0.46928,0.46928,0.46928,0.46928,0.46928,0.46928,0.46928,0.46928,0.46928,0.46928,0.46928,0.46928,0.46928,0.46928,0.46928,0.46928,0.46928,0.46928,0.46928,0.46928
273,0.46605,0.46605,0.46605,0.46605,0.46605,0.46605,0.46605,0.46605,0.46605,0.46605,0.46605,0.46605,0.46605,0.46605,0.46605,0.46605,0.46605,0.46605,0.46605,0.46605,0.46605,0.46605,0.46605,0.46605,0.46605,0.46605,0.46605,0.46605,0.46605
274,0.46283,0.46283,0.46283,0.46283,0.46283,0.46283,0.46283,0.46283,0.46283,0.46283,0.46283,0.46283,0.46283,0.46283,0.46283,0.46283,0.46283,0.46283,0.46283,0.46283,0.46283,0.46283,0.46283,0.46283,0.46283,0.46283,0.46283,0.46283,0.46283
275,0.45962,0.45962,0.45962,0.45962,0.45962,0.45962,0.45962,0.45962,0.45962,0.45962,0.45962,0.45962,0.45962,0.45962,0.45962,0.45962,0.45962,0.45962,0.45962,0.45962,0.45962,0.45962,0.45962,0.45962,0.45962,0.45962,0.45962,0.45962,0.45962
276,0.45640,0.45640,0.45640,0.45640,0.45640,0.45640,0.45640,0.45640,0.45640,0.45640,0.45640,0.45640,0.45640,0.45640,0.45640,0.45640,0.45640,0.45640,0.45640,0.45640,0.45640,0.45640,0.45640,0.45640,0.45640,0.45640,0.45640,0.45640,0.45640
277,0.45320,0.45320,0.45320,0.45320,0.45320,0.45320,0.45320,0.45320,0.45320,0.45320,0.45320,0.45320,0.45320,0.45320,0.45320,0.45320,0.45320,0.45320,0.45320,0.45320,0.45320,0.45320,0.45320,0.45320,0.45320,0.45320,0.45320,0.45320,0.45320
278,0.44999,0.44999,0.44999,0.44999,0.44999,0.44999,0.44999,0.44999,0.44999,0.44999,0.44999,0.44999,0.44999,0.44999,0.44999,0.44999,0.44999,0.44999,0.44999,0.44999,0.44999,0.44999,0.44999,0.44999,0.44999,0.44999,0.44999,0.44999,0.44999
279,0.44680,0.44680,0.44680,0.44680,0.44680,0.44680,0.44680,0.44680,0.44680,0.44680,0.44680,0.44680,0.44680,0.44680,0.44680,0.44680,0.44680,0.44680,0.44680,0.44680,0.44680,0.44680,0.44680,0.44680,0.44680,0.44680,0.44680,0.44680,0.44680
280,0.44360,0.44360,0.44360,0.44360,0.44360,0.44360,0.44360,0.44360,0.44360,0.44360,0.44360,0.44360,0.44360,0.44360,0.44360,0.44360,0.44360,0.44360,0.44360,0.44360,0.44360,0.44360,0.44360,0.44360,0.44360,0.44360,0.44360,0.44360,0.44360
281,0.44042,0.44042,0.44042,0.44042,0.44042,0.44042,0.44042,0.44042,0.44042,0.44042,0.44042,0.44042,0.44042,0.44042,0.44042,0.44042,0.44042,0.44042,0.44042,0.44042,0.44042,0.44042,0.44042,0.44042,0.44042,0.44042,0.44042,0.44042,0.44042
282,0.43724,0.43724,0.43724,0.43724,0.43724,0.43724,0.43724,0.43724,0.43724,0.43724,0.43724,0.43724,0.43724,0.43724,0.43724,0.43724,0.43724,0.43724,0.43724,0.43724,0.43724,0.43724,0.43724,0.43724,0.43724,0.43724,0.43724,0.43724,0.43724
283,0.43407,0.43407,0.43407,0.43407,0.43407,0.43407,0.43407,0.43407,0.43407,0.43407,0.43407,0.43407,0.43407,0.43407,0.43407,0.43407,0.43407,0.43407,0.43407,0.43407,0.43407,0.43407,0.43407,0.43407,0.43407,0.43407,0.43407,0.43407,0.43407
284,0.43090,0.43090,0.43090,0.43090,0.43090,0.43090,0.43090,0.43090,0.43090,0.43090,0.43090,0.43090,0.43090,0.43090,0.43090,0.43090,0.43090,0.43090,0.43090,0.43090,0.43090,0.43090,0.43090,0.43090,0.43090,0.43090,0.43090,0.43090,0.43090
285,0.42775,0.42775,0.42775,0.42775,0.42775,0.42775,0.42775,0.42775,0.42775,0.42775,0.42775,0.42775,0.42775,0.42775,0.42775,0.42775,0.42775,0.42775,0.42775,0.42775,0.42775,0.42775,0.42775,0.42775,0.42775,0.42775,0.42775,0.42775,0.42775
286,0.42460,0.42460,0.42460,0.42460,0.42460,0.42460,0.42460,0.42460,0.42460,0.42460,0.42460,0.42460,0.42460,0.42460,0.42460,0.42460,0.42460,0.42460,0.42460,0.42460,0.42460,0.42460,0.42460,0.42460,0.42460,0.42460,0.42460,0.42460,0.42460
287,0.42146,0.42146,0.42146,0.42146,0.42146,0.42146,0.42146,0.42146,0.42146,0.42146,0.42146,0.42146,0.42146,0.42146,0.42146,0.42146,0.42146,0.42146,0.42146,0.42146,0.42146,0.42146,0.42146,0.42146,0.42146,0.42146,0.42146,0.42146,0.42146
288,0.41833,0.41833,0.41833,0.41833,0.41833,0.41833,0.41833,0.41833,0.41833,0.41833,0.41833,0.41833,0.41833,0.41833,0.41833,0.41833,0.41833,0.41833,0.41833,0.41833,0.41833,0.41833,0.41833,0.41833,0.41833,0.41833,0.41833,0.41833,0.41833
289,0.41521,0.41521,0.41521,0.41521,0.41521,0.41521,0.41521,0.41521,0.41521,0.41521,0.41521,0.41521,0.41521,0.41521,0.41521,0.41521,0.41521,0.41521,0.41521,0.41521,0.41521,0.41521,0.41521,0.41521,0.41521,0.41521,0.41521,0.41521,0.41521
290,0.41210,0.41210,0.41210,0.41210,0.41210,0.41210,0.41210,0.41210,0.41210,0.41210,0.41210,0.41210,0.41210,0.41210,0.41210,0.41210,0.41210,0.41210,0.41210,0.41210,0.41210,0.41210,0.41210,0.41210,0.41210,0.41210,0.41210,0.41210,0.41210
291,0.40900,0.40900,0.40900,0.40900,0.40900,0.40900,0.40900,0.40900,0.40900,0.40900,0.40900,0.40900,0.40900,0.40900,0.40900,0.40900,0.40900,0.40900,0.40900,0.40900,0.40900,0.40900,0.40900,0.40900,0.40900,0.40900,0.40900,0.40900,0.40900
292,0.40592,0.40592,0.40592,0.40592,0.40592,0.40592,0.40592,0.40592,0.40592,0.40592,0.40592,0.40592,0.40592,0.40592,0.40592,0.40592,0.40592,0.40592,0.40592,0.40592,0.40592,0.40592,0.40592,0.40592,0.40592,0.40592,0.40592,0.40592,0.40592
293,0.40285,0.40285,0.40285,0.40285,0.40285,0.40285,0.40285,0.40285,0.40285,0.40285,0.40285,0.40285,0.40285,0.40285,0.40285,0.40285,0.40285,0.40285,0.40285,0.40285,0.40285,0.40285,0.40285,0.40285,0.40285,0.40285,0.40285,0.40285,0.40285
294,0.39979,0.39979,0.39979,0.39979,0.39979,0.39979,0.39979,0.39979,0.39979,0.39979,0.39979,0.39979,0.39979,0.39979,0.39979,0.39979,0.39979,0.39979,0.39979,0.39979,0.39979,0.39979,0.39979,0.39979,0.39979,0.39979,0.39979,0.39979,0.39979
295,0.39674,0.39674,0.39674,0.39674,0.39674,0.39674,0.39674,0.39674,0.39674,0.39674,0.39674,0.39674,0.39674,0.39674,0.39674,0.39674,0.39674,0.39674,0.39674,0.39674,0.39674,0.39674,0.39674,0.39674,0.39674,0.39674,0.39674,0.39674,0.39674
296,0.39371,0.39371,0.39371,0.39371,0.39371,0.39371,0.39371,0.39371,0.39371,0.39371,0.39371,0.39371,0.39371,0.39371,0.39371,0.39371,0.39371,0.39371,0.39371,0.39371,0.39371,0.39371,0.39371,0.39371,0.39371,0.39371,0.39371,0.39371,0.39371
297,0.39070,0.39070,0.39070,0.39070,0.39070,0.39070,0.39070,0.39070,0.39070,0.39070,0.39070,0.39070,0.39070,0.39070,0.39070,0.39070,0.39070,0.39070,0.39070,0.39070,0.39070,0.39070,0.39070,0.39070,0.39070,0.39070,0.39070,0.39070,0.39070
298,0.38770,0.38770,0.38770,0.38770,0.38770,0.38770,0.38770,0.38770,0.38770,0.38770,0.38770,0.38770,0.38770,0.38770,0.38770,0.38770,0.38770,0.38770,0.38770,0.38770,0.38770,0.38770,0.38770,0.38770,0.38770,0.38770,0.38770,0.38770,0.38770
299,0.38472,0.38472,0.38472,0.38472,0.38472,0.38472,0.38472,0.38472,0.38472,0.38472,0.38472,0.38472,0.38472,0.38472,0.38472,0.38472,0.38472,0.38472,0.38472,0.38472,0.38472,0.38472,0.38472,0.38472,0.38472,0.38472,0.38472,0.38472,0.38472
300,0.38176,0.38176,0.38176,0.38176,0.38176,0.38176,0.38176,0.38176,0.38176,0.38176,0.38176,0.38176,0.38176,0.38176,0.38176,0.38176,0.38176,0.38176,0.38176,0.38176,0.38176,0.38176,0.38176,0.38176,0.38176,0.38176,0.38176,0.38176,0.38176
301,0.37882,0.37882,0.37882,0.37882,0.37882,0.37882,0.37882,0.37882,0.37882,0.37882,0.37882,0.37882,0.37882,0.37882,0.37882,0.37882,0.37882,0.37882,0.37882,0.37882,0.37882,0.37882,0.37882,0.37882,0.37882,0.37882,0.37882,0.37882,0.37882
302,0.37590,0.37590,0.37590,0.37590,0.37590,0.37590,0.37590,0.37590,0.37590,0.37590,0.37590,0.37590,0.37590,0.37590,0.37590,0.37590,0.37590,0.37590,0.37590,0.37590,0.37590,0.37590,0.37590,0.37590,0.37590,0.37590,0.37590,0.37590,0.37590
303,0.37300,0.37300,0.37300,0.37300,0.37300,0.37300,0.37300,0.37300,0.37300,0.37300,0.37300,0.37300,0.37300,0.37300,0.37300,0.37300,0.37300,0.37300,0.37300,0.37300,0.37300,0.37300,0.37300,0.37300,0.37300,0.37300,0.37300,0.37300,0.37300
304,0.37012,0.37012,0.37012,0.37012,0.37012,0.37012,0.37012,0.37012,0.37012,0.37012,0.37012,0.37012,0.37012,0.37012,0.37012,0.37012,0.37012,0.37012,0.37012,0.37012,0.37012,0.37012,0.37012,0.37012,0.37012,0.37012,0.37012,0.37012,0.37012
305,0.36726,0.36726,0.36726,0.36726,0.36726,0.36726,0.36726,0.36726,0.36726,0.36726,0.36726,0.36726,0.36726,0.36726,0.36726,0.36726,0.36726,0.36726,0.36726,0.36726,0.36726,0.36726,0.36726,0.36726,0.36726,0.36726,0.36726,0.36726,0.36726
306,0.36443,0.36443,0.36443,0.36443,0.36443,0.36443,0.36443,0.36443,0.36443,0.36443,0.36443,0.36443,0.36443,0.36443,0.36443,0.36443,0.36443,0.36443,0.36443,0.36443,0.36443,0.36443,0.36443,0.36443,0.36443,0.36443,0.36443,0.36443,0.36443
307,0.36163,0.36163,0.36163,0.36163,0.36163,0.36163,0.36163,0.36163,0.36163,0.36163,0.36163,0.36163,0.36163,0.36163,0.36163,0.36163,0.36163,0.36163,0.36163,0.36163,0.36163,0.36163,0.36163,0.36163,0.36163,0.36163,0.36163,0.36163,0.36163
308,0.35885,0.35885,0.35885,0.35885,0.35885,0.35885,0.35885,0.35885,0.35885,0.35885,0.35885,0.35885,0.35885,0.35885,0.35885,0.35885,0.35885,0.35885,0.35885,0.35885,0.35885,0.35885,0.35885,0.35885,0.35885,0.35885,0.35885,0.35885,0.35885
309,0.35610,0.35610,0.35610,0.35610,0.35610,0.35610,0.35610,0.35610,0.35610,0.35610,0.35610,0.35610,0.35610,0.35610,0.35610,0.35610,0.35610,0.35610,0.35610,0.35610,0.35610,0.35610,0.35610,0.35610,0.35610,0.35610,0.35610,0.35610,0.35610
310,0.35338,0.35338,0.35338,0.35338,0.35338,0.35338,0.35338,0.35338,0.35338,0.35338,0.35338,0.35338,0.35338,0.35338,0.35338,0.35338,0.35338,0.35338,0.35338,0.35338,0.35338,0.35338,0.35338,0.35338,0.35338,0.35338,0.35338,0.35338,0.35338
311,0.35069,0.35069,0.35069,0.35069,0.35069,0.35069,0.35069,0.35069,0.35069,0.35069,0.35069,0.35069,0.35069,0.35069,0.35069,0.35069,0.35069,0.35069,0.35069,0.35069,0.35069,0.35069,0.35069,0.35069,0.35069,0.35069,0.35069,0.35069,0.35069
312,0.34802,0.34802,0.34802,0.34802,0.34802,0.34802,0.34802,0.34802,0.34802,0.34802,0.34802,0.34802,0.34802,0.34802,0.34802,0.34802,0.34802,0.34802,0.34802,0.34802,0.34802,0.34802,0.34802,0.34802,0.34802,0.34802,0.34802,0.34802,0.34802
313,0.34540,0.34540,0.34540,0.34540,0.34540,0.34540,0.34540,0.34540,0.34540,0.34540,0.34540,0.34540,0.34540,0.34540,0.34540,0.34540,0.34540,0.34540,0.34540,0.34540,0.34540,0.34540,0.34540,0.34540,0.34540,0.34540,0.34540,0.34540,0.34540
314,0.34280,0.34280,0.34280,0.34280,0.34280,0.34280,0.34280,0.34280,0.34280,0.34280,0.34280,0.34280,0.34280,0.34280,0.34280,0.34280,0.34280,0.34280,0.34280,0.34280,0.34280,0.34280,0.34280,0.34280,0.34280,0.34280,0.34280,0.34280,0.34280
315,0.34025,0.34025,0.34025,0.34025,0.34025,0.34025,0.34025,0.34025,0.34025,0.34025,0.34025,0.34025,0.34025,0.34025,0.34025,0.34025,0.34025,0.34025,0.34025,0.34025,0.34025,0.34025,0.34025,0.34025,0.34025,0.34025,0.34025,0.34025,0.34025
316,0.33773,0.33773,0.33773,0.33773,0.33773,0.33773,0.33773,0.33773,0.33773,0.33773,0.33773,0.33773,0.33773,0.33773,0.33773,0.33773,0.33773,0.33773,0.33773,0.33773,0.33773,0.33773,0.33773,0.33773,0.33773,0.33773,0.33773,0.33773,0.33773
317,0.33524,0.33524,0.33524,0.33524,0.33524,0.33524,0.33524,0.33524,0.33524,0.33524,0.33524,0.33524,0.33524,0.33524,0.33524,0.33524,0.33524,0.33524,0.33524,0.33524,0.33524,0.33524,0.33524,0.33524,0.33524,0.33524,0.33524,0.33524,0.33524
318,0.33280,0.33280,0.33280,0.33280,0.33280,0.33280,0.33280,0.33280,0.33280,0.33280,0.33280,0.33280,0.33280,0.33280,0.33280,0.33280,0.33280,0.33280,0.33280,0.33280,0.33280,0.33280,0.33280,0.33280,0.33280,0.33280,0.33280,0.33280,0.33280
319,0.33040,0.33040,0.33040,0.33040,0.33040,0.33040,0.33040,0.33040,0.33040,0.33040,0.33040,0.33040,0.33040,0.33040,0.33040,0.33040,0.33040,0.33040,0.33040,0.33040,0.33040,0.33040,0.33040,0.33040,0.33040,0.33040,0.33040,0.33040,0.33040
320,0.32804,0.32804,0.32804,0.32804,0.32804,0.32804,0.32804,0.32804,0.32804,0.32804,0.32804,0.32804,0.32804,0.32804,0.32804,0.32804,0.32804,0.32804,0.32804,0.32804,0.32804,0.32804,0.32804,0.32804,0.32804,0.32804,0.32804,0.32804,0.32804
321,0.32573,0.32573,0.32573,0.32573,0.32573,0.32573,0.32573,0.32573,0.32573,0.32573,0.32573,0.32573,0.32573,0.32573,0.32573,0.32573,0.32573,0.32573,0.32573,0.32573,0.32573,0.32573,0.32573,0.32573,0.32573,0.32573,0.32573,0.32573,0.32573
322,0.32346,0.32346,0.32346,0.32346,0.32346,0.32346,0.32346,0.32346,0.32346,0.32346,0.32346,0.32346,0.32346,0.32346,0.32346,0.32346,0.32346,0.32346,0.32346,0.32346,0.32346,0.32346,0.32346,0.32346,0.32346,0.32346,0.32346,0.32346,0.32346
323,0.32124,0.32124,0.32124,0.32124,0.32124,0.32124,0.32124,0.32124,0.32124,0.32124,0.32124,0.32124,0.32124,0.32124,0.32124,0.32124,0.32124,0.32124,0.32124,0.32124,0.32124,0.32124,0.32124,0.32124,0.32124,0.32124,0.32124,0.32124,0.32124
324,0.31907,0.31907,0.31907,0.31907,0.31907,0.31907,0.31907,0.31907,0.31907,0.31907,0.31907,0.31907,0.31907,0.31907,0.31907,0.31907,0.31907,0.31907,0.31907,0.31907,0.31907,0.31907,0.31907,0.31907,0.31907,0.31907,0.31907,0.31907,0.31907
325,0.31696,0.31696,0.31696,0.31696,0.31696,0.31696,0.31696,0.31696,0.31696,0.31696,0.31696,0.31696,0.31696,0.31696,0.31696,0.31696,0.31696,0.31696,0.31696,0.31696,0.31696,0.31696,0.31696,0.31696,0.31696,0.31696,0.31696,0.31696,0.31696
326,0.31489,0.31489,0.31489,0.31489,0.31489,0.31489,0.31489,0.31489,0.31489,0.31489,0.31489,0.31489,0.31489,0.31489,0.31489,0.31489,0.31489,0.31489,0.31489,0.31489,0.31489,0.31489,0.31489,0.31489,0.31489,0.31489,0.31489,0.31489,0.31489
327,0.31288,0.31288,0.31288,0.31288,0.31288,0.31288,0.31288,0.31288,0.31288,0.31288,0.31288,0.31288,0.31288,0.31288,0.31288,0.31288,0.31288,0.31288,0.31288,0.31288,0.31288,0.31288,0.31288,0.31288,0.31288,0.31288,0.31288,0.31288,0.31288
328,0.31092,0.31092,0.31092,0.31092,0.31092,0.31092,0.31092,0.31092,0.31092,0.31092,0.31092,0.31092,0.31092,0.31092,0.31092,0.31092,0.31092,0.31092,0.31092,0.31092,0.31092,0.31092,0.31092,0.31092,0.31092,0.31092,0.31092,0.31092,0.31092
329,0.30902,0.30902,0.30902,0.30902,0.30902,0.30902,0.30902,0.30902,0.30902,0.30902,0.30902,0.30902,0.30902,0.30902,0.30902,0.30902,0.30902,0.30902,0.30902,0.30902,0.30902,0.30902,0.30902,0.30902,0.30902,0.30902,0.30902,0.30902,0.30902
330,0.30718,0.30718,0.30718,0.30718,0.30718,0.30718,0.30718,0.30718,0.30718,0.30718,0.30718,0.30718,0.30718,0.30718,0.30718,0.30718,0.30718,0.30718,0.30718,0.30718,0.30718,0.30718,0.30718,0.30718,0.30718,0.30718,0.30718,0.30718,0.30718
331,0.30540,0.30540,0.30540,0.30540,0.30540,0.30540,0.30540,0.30540,0.30540,0.30540,0.30540,0.30540,0.30540,0.30540,0.30540,0.30540,0.30540,0.30540,0.30540,0.30540,0.30540,0.30540,0.30540,0.30540,0.30540,0.30540,0.30540,0.30540,0.30540
332,0.30369,0.30369,0.30369,0.30369,0.30369,0.30369,0.30369,0.30369,0.30369,0.30369,0.30369,0.30369,0.30369,0.30369,0.30369,0.30369,0.30369,0.30369,0.30369,0.30369,0.30369,0.30369,0.30369,0.30369,0.30369,0.30369,0.30369,0.30369,0.30369
333,0.30203,0.30203,0.30203,0.30203,0.30203,0.30203,0.30203,0.30203,0.30203,0.30203,0.30203,0.30203,0.30203,0.30203,0.30203,0.30203,0.30203,0.30203,0.30203,0.30203,0.30203,0.30203,0.30203,0.30203,0.30203,0.30203,0.30203,0.30203,0.30203
334,0.30045,0.30045,0.30045,0.30045,0.30045,0.30045,0.30045,0.30045,0.30045,0.30045,0.30045,0.30045,0.30045,0.30045,0.30045,0.30045,0.30045,0.30045,0.30045,0.30045,0.30045,0.30045,0.30045,0.30045,0.30045,0.30045,0.30045,0.30045,0.30045
335,0.29893,0.29893,0.29893,0.29893,0.29893,0.29893,0.29893,0.29893,0.29893,0.29893,0.29893,0.29893,0.29893,0.29893,0.29893,0.29893,0.29893,0.29893,0.29893,0.29893,0.29893,0.29893,0.29893,0.29893,0.29893,0.29893,0.29893,0.29893,0.29893
336,0.29748,0.29748,0.29748,0.29748,0.29748,0.29748,0.29748,0.29748,0.29748,0.29748,0.29748,0.29748,0.29748,0.29748,0.29748,0.29748,0.29748,0.29748,0.29748,0.29748,0.29748,0.29748,0.29748,0.29748,0.29748,0.29748,0.29748,0.29748,0.29748
337,0.29609,0.29609,0.29609,0.29609,0.29609,0.29609,0.29609,0.29609,0.29609,0.29609,0.29609,0.29609,0.29609,0.29609,0.29609,0.29609,0.29609,0.29609,0.29609,0.29609,0.29609,0.29609,0.29609,0.29609,0.29609,0.29609,0.29609,0.29609,0.29609
338,0.29479,0.29479,0.29479,0.29479,0.29479,0.29479,0.29479,0.29479,0.29479,0.29479,0.29479,0.29479,0.29479,0.29479,0.29479,0.29479,0.29479,0.29479,0.29479,0.29479,0.29479,0.29479,0.29479,0.29479,0.29479,0.29479,0.29479,0.29479,0.29479
339,0.29355,0.29355,0.29355,0.29355,0.29355,0.29355,0.29355,0.29355,0.29355,0.29355,0.29355,0.29355,0.29355,0.29355,0.29355,0.29355,0.29355,0.29355,0.29355,0.29355,0.29355,0.29355,0.29355,0.29355,0.29355,0.29355,0.29355,0.29355,0.29355
340,0.29239,0.29239,0.29239,0.29239,0.29239,0.29239,0.29239,0.29239,0.29239,0.29239,0.29239,0.29239,0.29239,0.29239,0.29239,0.29239,0.29239,0.29239,0.29239,0.29239,0.29239,0.29239,0.29239,0.29239,0.29239,0.29239,0.29239,0.29239,0.29239
341,0.29130,0.29130,0.29130,0.29130,0.29130,0.29130,0.29130,0.29130,0.29130,0.29130,0.29130,0.29130,0.29130,0.29130,0.29130,0.29130,0.29130,0.29130,0.29130,0.29130,0.29130,0.29130,0.29130,0.29130,0.29130,0.29130,0.29130,0.29130,0.29130
342,0.29029,0.29029,0.29029,0.29029,0.29029,0.29029,0.29029,0.29029,0.29029,0.29029,0.29029,0.29029,0.29029,0.29029,0.29029,0.29029,0.29029,0.29029,0.29029,0.29029,0.29029,0.29029,0.29029,0.29029,0.29029,0.29029,0.29029,0.29029,0.29029
343,0.28936,0.28936,0.28936,0.28936,0.28936,0.28936,0.28936,0.28936,0.28936,0.28936,0.28936,0.28936,0.28936,0.28936,0.28936,0.28936,0.28936,0.28936,0.28936,0.28936,0.28936,0.28936,0.28936,0.28936,0.28936,0.28936,0.28936,0.28936,0.28936
344,0.28851,0.28851,0.28851,0.28851,0.28851,0.28851,0.28851,0.28851,0.28851,0.28851,0.28851,0.28851,0.28851,0.28851,0.28851,0.28851,0.28851,0.28851,0.28851,0.28851,0.28851,0.28851,0.28851,0.28851,0.28851,0.28851,0.28851,0.28851,0.28851
345,0.28773,0.28773,0.28773,0.28773,0.28773,0.28773,0.28773,0.28773,0.28773,0.28773,0.28773,0.28773,0.28773,0.28773,0.28773,0.28773,0.28773,0.28773,0.28773,0.28773,0.28773,0.28773,0.28773,0.28773,0.28773,0.28773,0.28773,0.28773,0.28773
346,0.28704,0.28704,0.28704,0.28704,0.28704,0.28704,0.28704,0.28704,0.28704,0.28704,0.28704,0.28704,0.28704,0.28704,0.28704,0.28704,0.28704,0.28704,0.28704,0.28704,0.28704,0.28704,0.28704,0.28704,0.28704,0.28704,0.28704,0.28704,0.28704
347,0.28643,0.28643,0.28643,0.28643,0.28643,0.28643,0.28643,0.28643,0.28643,0.28643,0.28643,0.28643,0.28643,0.28643,0.28643,0.28643,0.28643,0.28643,0.28643,0.28643,0.28643,0.28643,0.28643,0.28643,0.28643,0.28643,0.28643,0.28643,0.28643
348,0.28591,0.28591,0.28591,0.28591,0.28591,0.28591,0.28591,0.28591,0.28591,0.28591,0.28591,0.28591,0.28591,0.28591,0.28591,0.28591,0.28591,0.28591,0.28591,0.28591,0.28591,0.28591,0.28591,0.28591,0.28591,0.28591,0.28591,0.28591,0.28591
349,0.28546,0.28546,0.28546,0.28546,0.28546,0.28546,0.28546,0.28546,0.28546,0.28546,0.28546,0.28546,0.28546,0.28546,0.28546,0.28546,0.28546,0.28546,0.28546,0.28546,0.28546,0.28546,0.28546,0.28546,0.28546,0.28546,0.28546,0.28546,0.28546
350,0.28510,0.28510,0.28510,0.28510,0.28510,0.28510,0.28510,0.28510,0.28510,0.28510,0.28510,0.28510,0.28510,0.28510,0.28510,0.28510,0.28510,0.28510,0.28510,0.28510,0.28510,0.28510,0.28510,0.28510,0.28510,0.28510,0.28510,0.28510,0.28510
351,0.28483,0.28483,0.28483,0.28483,0.28483,0.28483,0.28483,0.28483,0.28483,0.28483,0.28483,0.28483,0.28483,0.28483,0.28483,0.28483,0.28483,0.28483,0.28483,0.28483,0.28483,0.28483,0.28483,0.28483,0.28483,0.28483,0.28483,0.28483,0.28483
352,0.28464,0.28464,0.28464,0.28464,0.28464,0.28464,0.28464,0.28464,0.28464,0.28464,0.28464,0.28464,0.28464,0.28464,0.28464,0.28464,0.28464,0.28464,0.28464,0.28464,0.28464,0.28464,0.28464,0.28464,0.28464,0.28464,0.28464,0.28464,0.28464
353,0.28453,0.28453,0.28453,0.28453,0.28453,0.28453,0.28453,0.28453,0.28453,0.28453,0.28453,0.28453,0.28453,0.28453,0.28453,0.28453,0.28453,0.28453,0.28453,0.28453,0.28453,0.28453,0.28453,0.28453,0.28453,0.28453,0.28453,0.28453,0.28453
354,0.28451,0.28451,0.28451,0.28451,0.28451,0.28451,0.28451,0.28451,0.28451,0.28451,0.28451,0.28451,0.28451,0.28451,0.28451,0.28451,0.28451,0.28451,0.28451,0.28451,0.28451,0.28451,0.28451,0.28451,0.28451,0.28451,0.28451,0.28451,0.28451
355,0.28457,0.28457,0.28457,0.28457,0.28457,0.28457,0.28457,0.28457,0.28457,0.28457,0.28457,0.28457,0.28457,0.28457,0.28457,0.28457,0.28457,0.28457,0.28457,0.28457,0.28457,0.28457,0.28457,0.28457,0.28457,0.28457,0.28457,0.28457,0.28457
356,0.28472,0.28472,0.28472,0.28472,0.28472,0.28472,0.28472,0.28472,0.28472,0.28472,0.28472,0.28472,0.28472,0.28472,0.28472,0.28472,0.28472,0.28472,0.28472,0.28472,0.28472,0.28472,0.28472,0.28472,0.28472,0.28472,0.28472,0.28472,0.28472
357,0.28496,0.28496,0.28496,0.28496,0.28496,0.28496,0.28496,0.28496,0.28496,0.28496,0.28496,0.28496,0.28496,0.28496,0.28496,0.28496,0.28496,0.28496,0.28496,0.28496,0.28496,0.28496,0.28496,0.28496,0.28496,0.28496,0.28496,0.28496,0.28496
358,0.28527,0.28527,0.28527,0.28527,0.28527,0.28527,0.28527,0.28527,0.28527,0.28527,0.28527,0.28527,0.28527,0.28527,0.28527,0.28527,0.28527,0.28527,0.28527,0.28527,0.28527,0.28527,0.28527,0.28527,0.28527,0.28527,0.28527,0.28527,0.28527
359,0.28567,0.28567,0.28567,0.28567,0.28567,0.28567,0.28567,0.28567,0.28567,0.28567,0.28567,0.28567,0.28567,0.28567,0.28567,0.28567,0.28567,0.28567,0.28567,0.28567,0.28567,0.28567,0.28567,0.28567,0.28567,0.28567,0.28567,0.28567,0.28567
360,0.28616,0.28616,0.28616,0.28616,0.28616,0.28616,0.28616,0.28616,0.28616,0.28616,0.28616,0.28616,0.28616,0.28616,0.28616,0.28616,0.28616,0.28616,0.28616,0.28616,0.28616,0.28616,0.28616,0.28616,0.28616,0.28616,0.28616,0.28616,0.28616
361,0.28673,0.28673,0.28673,0.28673,0.28673,0.28673,0.28673,0.28673,0.28673,0.28673,0.28673,0.28673,0.28673,0.28673,0.28673,0.28673,0.28673,0.28673,0.28673,0.28673,0.28673,0.28673,0.28673,0.28673,0.28673,0.28673,0.28673,0.28673,0.28673
362,0.28738,0.28738,0.28738,0.28738,0.28738,0.28738,0.28738,0.28738,0.28738,0.28738,0.28738,0.28738,0.28738,0.28738,0.28738,0.28738,0.28738,0.28738,0.28738,0.28738,0.28738,0.28738,0.28738,0.28738,0.28738,0.28738,0.28738,0.28738,0.28738
363,0.28811,0.28811,0.28811,0.28811,0.28811,0.28811,0.28811,0.28811,0.28811,0.28811,0.28811,0.28811,0.28811,0.28811,0.28811,0.28811,0.28811,0.28811,0.28811,0.28811,0.28811,0.28811,0.28811,0.28811,0.28811,0.28811,0.28811,0.28811,0.28811
364,0.28892,0.28892,0.28892,0.28892,0.28892,0.28892,0.28892,0.28892,0.28892,0.28892,0.28892,0.28892,0.28892,0.28892,0.28892,0.28892,0.28892,0.28892,0.28892,0.28892,0.28892,0.28892,0.28892,0.28892,0.28892,0.28892,0.28892,0.28892,0.28892
365,0.28982,0.28982,0.28982,0.28982,0.28982,0.28982,0.28982,0.28982,0.28982,0.28982,0.28982,0.28982,0.28982,0.28982,0.28982,0.28982,0.28982,0.28982,0.28982,0.28982,0.28982,0.28982,0.28982,0.28982,0.28982,0.28982,0.28982,0.28982,0.28982
366,0.28982,0.28982,0.28982,0.28982,0.28982,0.28982,0.28982,0.28982,0.28982,0.28982,0.28982,0.28982,0.28982,0.28982,0.28982,0.28982,0.28982,0.28982,0.28982,0.28982,0.28982,0.28982,0.28982,0.28982,0.28982,0.28982,0.28982,0.28982,0.28982
367,0.29079,0.29079,0.29079,0.29079,0.29079,0.29079,0.29079,0.29079,0.29079,0.29079,0.29079,0.29079,0.29079,0.29079,0.29079,0.29079,0.29079,0.29079,0.29079,0.29079,0.29079,0.29079,0.29079,0.29079,0.29079,0.29079,0.29079,0.29079,0.29079
368,0.29183,0.29183,0.29183,0.29183,0.29183,0.29183,0.29183,0.29183,0.29183,0.29183,0.29183,0.29183,0.29183,0.29183,0.29183,0.29183,0.29183,0.29183,0.29183,0.29183,0.29183,0.29183,0.29183,0.29183,0.29183,0.29183,0.29183,0.29183,0.29183
369,0.29296,0.29296,0.29296,0.29296,0.29296,0.29296,0.29296,0.29296,0.29296,0.29296,0.29296,0.29296,0.29296,0.29296,0.29296,0.29296,0.29296,0.29296,0.29296,0.29296,0.29296,0.29296,0.29296,0.29296,0.29296,0.29296,0.29296,0.29296,0.29296
370,0.29416,0.29416,0.29416,0.29416,0.29416,0.29416,0.29416,0.29416,0.29416,0.29416,0.29416,0.29416,0.29416,0.29416,0.29416,0.29416,0.29416,0.29416,0.29416,0.29416,0.29416,0.29416,0.29416,0.29416,0.29416,0.29416,0.29416,0.29416,0.29416
371,0.29543,0.29543,0.29543,0.29543,0.29543,0.29543,0.29543,0.29543,0.29543,0.29543,0.29543,0.29543,0.29543,0.29543,0.29543,0.29543,0.29543,0.29543,0.29543,0.29543,0.29543,0.29543,0.29543,0.29543,0.29543,0.29543,0.29543,0.29543,0.29543
372,0.29678,0.29678,0.29678,0.29678,0.29678,0.29678,0.29678,0.29678,0.29678,0.29678,0.29678,0.29678,0.29678,0.29678,0.29678,0.29678,0.29678,0.29678,0.29678,0.29678,0.29678,0.29678,0.29678,0.29678,0.29678,0.29678,0.29678,0.29678,0.29678
373,0.29819,0.29819,0.29819,0.29819,0.29819,0.29819,0.29819,0.29819,0.29819,0.29819,0.29819,0.29819,0.29819,0.29819,0.29819,0.29819,0.29819,0.29819,0.29819,0.29819,0.29819,0.29819,0.29819,0.29819,0.29819,0.29819,0.29819,0.29819,0.29819
374,0.29968,0.29968,0.29968,0.29968,0.29968,0.29968,0.29968,0.29968,0.29968,0.29968,0.29968,0.29968,0.29968,0.29968,0.29968,0.29968,0.29968,0.29968,0.29968,0.29968,0.29968,0.29968,0.29968,0.29968,0.29968,0.29968,0.29968,0.29968,0.29968
375,0.30123,0.30123,0.30123,0.30123,0.30123,0.30123,0.30123,0.30123,0.30123,0.30123,0.30123,0.30123,0.30123,0.30123,0.30123,0.30123,0.30123,0.30123,0.30123,0.30123,0.30123,0.30123,0.30123,0.30123,0.30123,0.30123,0.30123,0.30123,0.30123
376,0.30285,0.30285,0.30285,0.30285,0.30285,0.30285,0.30285,0.30285,0.30285,0.30285,0.30285,0.30285,0.30285,0.30285,0.30285,0.30285,0.30285,0.30285,0.30285,0.30285,0.30285,0.30285,0.30285,0.30285,0.30285,0.30285,0.30285,0.30285,0.30285
377,0.30454,0.30454,0.30454,0.30454,0.30454,0.30454,0.30454,0.30454,0.30454,0.30454,0.30454,0.30454,0.30454,0.30454,0.30454,0.30454,0.30454,0.30454,0.30454,0.30454,0.30454,0.30454,0.30454,0.30454,0.30454,0.30454,0.30454,0.30454,0.30454
378,0.30628,0.30628,0.30628,0.30628,0.30628,0.30628,0.30628,0.30628,0.30628,0.30628,0.30628,0.30628,0.30628,0.30628,0.30628,0.30628,0.30628,0.30628,0.30628,0.30628,0.30628,0.30628,0.30628,0.30628,0.30628,0.30628,0.30628,0.30628,0.30628
379,0.30809,0.30809,0.30809,0.30809,0.30809,0.30809,0.30809,0.30809,0.30809,0.30809,0.30809,0.30809,0.30809,0.30809,0.30809,0.30809,0.30809,0.30809,0.30809,0.30809,0.30809,0.30809,0.30809,0.30809,0.30809,0.30809,0.30809,0.30809,0.30809
380,0.30996,0.30996,0.30996,0.30996,0.30996,0.30996,0.30996,0.30996,0.30996,0.30996,0.30996,0.30996,0.30996,0.30996,0.30996,0.30996,0.30996,0.30996,0.30996,0.30996,0.30996,0.30996,0.30996,0.30996,0.30996,0.30996,0.30996,0.30996,0.30996
381,0.31189,0.31189,0.31189,0.31189,0.31189,0.31189,0.31189,0.31189,0.31189,0.31189,0.31189,0.31189,0.31189,0.31189,0.31189,0.31189,0.31189,0.31189,0.31189,0.31189,0.31189,0.31189,0.31189,0.31189,0.31189,0.31189,0.31189,0.31189,0.31189
382,0.31388,0.31388,0.31388,0.31388,0.31388,0.31388,0.31388,0.31388,0.31388,0.31388,0.31388,0.31388,0.31388,0.31388,0.31388,0.31388,0.31388,0.31388,0.31388,0.31388,0.31388,0.31388,0.31388,0.31388,0.31388,0.31388,0.31388,0.31388,0.31388
383,0.31592,0.31592,0.31592,0.31592,0.31592,0.31592,0.31592,0.31592,0.31592,0.31592,0.31592,0.31592,0.31592,0.31592,0.31592,0.31592,0.31592,0.31592,0.31592,0.31592,0.31592,0.31592,0.31592,0.31592,0.31592,0.31592,0.31592,0.31592,0.31592
384,0.31801,0.31801,0.31801,0.31801,0.31801,0.31801,0.31801,0.31801,0.31801,0.31801,0.31801,0.31801,0.31801,0.31801,0.31801,0.31801,0.31801,0.31801,0.31801,0.31801,0.31801,0.31801,0.31801,0.31801,0.31801,0.31801,0.31801,0.31801,0.31801
385,0.32015,0.32015,0.32015,0.32015,0.32015,0.32015,0.32015,0.32015,0.32015,0.32015,0.32015,0.32015,0.32015,0.32015,0.32015,0.32015,0.32015,0.32015,0.32015,0.32015,0.32015,0.32015,0.32015,0.32015,0.32015,0.32015,0.32015,0.32015,0.32015
386,0.32235,0.32235,0.32235,0.32235,0.32235,0.32235,0.32235,0.32235,0.32235,0.32235,0.32235,0.32235,0.32235,0.32235,0.32235,0.32235,0.32235,0.32235,0.32235,0.32235,0.32235,0.32235,0.32235,0.32235,0.32235,0.32235,0.32235,0.32235,0.32235
387,0.32459,0.32459,0.32459,0.32459,0.32459,0.32459,0.32459,0.32459,0.32459,0.32459,0.32459,0.32459,0.32459,0.32459,0.32459,0.32459,0.32459,0.32459,0.32459,0.32459,0.32459,0.32459,0.32459,0.32459,0.32459,0.32459,0.32459,0.32459,0.32459
388,0.32688,0.32688,0.32688,0.32688,0.32688,0.32688,0.32688,0.32688,0.32688,0.32688,0.32688,0.32688,0.32688,0.32688,0.32688,0.32688,0.32688,0.32688,0.32688,0.32688,0.32688,0.32688,0.32688,0.32688,0.32688,0.32688,0.32688,0.32688,0.32688
389,0.32922,0.32922,0.32922,0.32922,0.32922,0.32922,0.32922,0.32922,0.32922,0.32922,0.32922,0.32922,0.32922,0.32922,0.32922,0.32922,0.32922,0.32922,0.32922,0.32922,0.32922,0.32922,0.32922,0.32922,0.32922,0.32922,0.32922,0.32922,0.32922
390,0.33160,0.33160,0.33160,0.33160,0.33160,0.33160,0.33160,0.33160,0.33160,0.33160,0.33160,0.33160,0.33160,0.33160,0.33160,0.33160,0.33160,0.33160,0.33160,0.33160,0.33160,0.33160,0.33160,0.33160,0.33160,0.33160,0.33160,0.33160,0.33160
391,0.33402,0.33402,0.33402,0.33402,0.33402,0.33402,0.33402,0.33402,0.33402,0.33402,0.33402,0.33402,0.33402,0.33402,0.33402,0.33402,0.33402,0.33402,0.33402,0.33402,0.33402,0.33402,0.33402,0.33402,0.33402,0.33402,0.33402,0.33402,0.33402
392,0.33648,0.33648,0.33648,0.33648,0.33648,0.33648,0.33648,0.33648,0.33648,0.33648,0.33648,0.33648,0.33648,0.33648,0.33648,0.33648,0.33648,0.33648,0.33648,0.33648,0.33648,0.33648,0.33648,0.33648,0.33648,0.33648,0.33648,0.33648,0.33648
393,0.33898,0.33898,0.33898,0.33898,0.33898,0.33898,0.33898,0.33898,0.33898,0.33898,0.33898,0.33898,0.33898,0.33898,0.33898,0.33898,0.33898,0.33898,0.33898,0.33898,0.33898,0.33898,0.33898,0.33898,0.33898,0.33898,0.33898,0.33898,0.33898
394,0.34152,0.34152,0.34152,0.34152,0.34152,0.34152,0.34152,0.34152,0.34152,0.34152,0.34152,0.34152,0.34152,0.34152,0.34152,0.34152,0.34152,0.34152,0.34152,0.34152,0.34152,0.34152,0.34152,0.34152,0.34152,0.34152,0.34152,0.34152,0.34152
395,0.34410,0.34410,0.34410,0.34410,0.34410,0.34410,0.34410,0.34410,0.34410,0.34410,0.34410,0.34410,0.34410,0.34410,0.34410,0.34410,0.34410,0.34410,0.34410,0.34410,0.34410,0.34410,0.34410,0.34410,0.34410,0.34410,0.34410,0.34410,0.34410
396,0.34671,0.34671,0.34671,0.34671,0.34671,0.34671,0.34671,0.34671,0.34671,0.34671,0.34671,0.34671,0.34671,0.34671,0.34671,0.34671,0.34671,0.34671,0.34671,0.34671,0.34671,0.34671,0.34671,0.34671,0.34671,0.34671,0.34671,0.34671,0.34671
397,0.34935,0.34935,0.34935,0.34935,0.34935,0.34935,0.34935,0.34935,0.34935,0.34935,0.34935,0.34935,0.34935,0.34935,0.34935,0.34935,0.34935,0.34935,0.34935,0.34935,0.34935,0.34935,0.34935,0.34935,0.34935,0.34935,0.34935,0.34935,0.34935
398,0.35203,0.35203,0.35203,0.35203,0.35203,0.35203,0.35203,0.35203,0.35203,0.35203,0.35203,0.35203,0.35203,0.35203,0.35203,0.35203,0.35203,0.35203,0.35203,0.35203,0.35203,0.35203,0.35203,0.35203,0.35203,0.35203,0.35203,0.35203,0.35203
399,0.35473,0.35473,0.35473,0.35473,0.35473,0.35473,0.35473,0.35473,0.35473,0.35473,0.35473,0.35473,0.35473,0.35473,0.35473,0.35473,0.35473,0.35473,0.35473,0.35473,0.35473,0.35473,0.35473,0.35473,0.35473,0.35473,0.35473,0.35473,0.35473
400,0.35747,0.35747,0.35747,0.35747,0.35747,0.35747,0.35747,0.35747,0.35747,0.35747,0.35747,0.35747,0.35747,0.35747,0.35747,0.35747,0.35747,0.35747,0.35747,0.35747,0.35747,0.35747,0.35747,0.35747,0.35747,0.35747,0.35747,0.35747,0.35747
401,0.36024,0.36024,0.36024,0.36024,0.36024,0.36024,0.36024,0.36024,0.36024,0.36024,0.36024,0.36024,0.36024,0.36024,0.36024,0.36024,0.36024,0.36024,0.36024,0.36024,0.36024,0.36024,0.36024,0.36024,0.36024,0.36024,0.36024,0.36024,0.36024
402,0.36303,0.36303,0.36303,0.36303,0.36303,0.36303,0.36303,0.36303,0.36303,0.36303,0.36303,0.36303,0.36303,0.36303,0.36303,0.36303,0.36303,0.36303,0.36303,0.36303,0.36303,0.36303,0.36303,0.36303,0.36303,0.36303,0.36303,0.36303,0.36303
403,0.36585,0.36585,0.36585,0.36585,0.36585,0.36585,0.36585,0.36585,0.36585,0.36585,0.36585,0.36585,0.36585,0.36585,0.36585,0.36585,0.36585,0.36585,0.36585,0.36585,0.36585,0.36585,0.36585,0.36585,0.36585,0.36585,0.36585,0.36585,0.36585
404,0.36869,0.36869,0.36869,0.36869,0.36869,0.36869,0.36869,0.36869,0.36869,0.36869,0.36869,0.36869,0.36869,0.36869,0.36869,0.36869,0.36869,0.36869,0.36869,0.36869,0.36869,0.36869,0.36869,0.36869,0.36869,0.36869,0.36869,0.36869,0.36869
405,0.37156,0.37156,0.37156,0.37156,0.37156,0.37156,0.37156,0.37156,0.37156,0.37156,0.37156,0.37156,0.37156,0.37156,0.37156,0.37156,0.37156,0.37156,0.37156,0.37156,0.37156,0.37156,0.37156,0.37156,0.37156,0.37156,0.37156,0.37156,0.37156
406,0.37445,0.37445,0.37445,0.37445,0.37445,0.37445,0.37445,0.37445,0.37445,0.37445,0.37445,0.37445,0.37445,0.37445,0.37445,0.37445,0.37445,0.37445,0.37445,0.37445,0.37445,0.37445,0.37445,0.37445,0.37445,0.37445,0.37445,0.37445,0.37445
407,0.37736,0.37736,0.37736,0.37736,0.37736,0.37736,0.37736,0.37736,0.37736,0.37736,0.37736,0.37736,0.37736,0.37736,0.37736,0.37736,0.37736,0.37736,0.37736,0.37736,0.37736,0.37736,0.37736,0.37736,0.37736,0.37736,0.37736,0.37736,0.37736
408,0.38029,0.38029,0.38029,0.38029,0.38029,0.38029,0.38029,0.38029,0.38029,0.38029,0.38029,0.38029,0.38029,0.38029,0.38029,0.38029,0.38029,0.38029,0.38029,0.38029,0.38029,0.38029,0.38029,0.38029,0.38029,0.38029,0.38029,0.38029,0.38029
409,0.38324,0.38324,0.38324,0.38324,0.38324,0.38324,0.38324,0.38324,0.38324,0.38324,0.38324,0.38324,0.38324,0.38324,0.38324,0.38324,0.38324,0.38324,0.38324,0.38324,0.38324,0.38324,0.38324,0.38324,0.38324,0.38324,0.38324,0.38324,0.38324
410,0.38621,0.38621,0.38621,0.38621,0.38621,0.38621,0.38621,0.38621,0.38621,0.38621,0.38621,0.38621,0.38621,0.38621,0.38621,0.38621,0.38621,0.38621,0.38621,0.38621,0.38621,0.38621,0.38621,0.38621,0.38621,0.38621,0.38621,0.38621,0.38621
411,0.38920,0.38920,0.38920,0.38920,0.38920,0.38920,0.38920,0.38920,0.38920,0.38920,0.38920,0.38920,0.38920,0.38920,0.38920,0.38920,0.38920,0.38920,0.38920,0.38920,0.38920,0.38920,0.38920,0.38920,0.38920,0.38920,0.38920,0.38920,0.38920
412,0.39221,0.39221,0.39221,0.39221,0.39221,0.39221,0.39221,0.39221,0.39221,0.39221,0.39221,0.39221,0.39221,0.39221,0.39221,0.39221,0.39221,0.39221,0.39221,0.39221,0.39221,0.39221,0.39221,0.39221,0.39221,0.39221,0.39221,0.39221,0.39221
413,0.39523,0.39523,0.39523,0.39523,0.39523,0.39523,0.39523,0.39523,0.39523,0.39523,0.39523,0.39523,0.39523,0.39523,0.39523,0.39523,0.39523,0.39523,0.39523,0.39523,0.39523,0.39523,0.39523,0.39523,0.39523,0.39523,0.39523,0.39523,0.39523
414,0.39826,0.39826,0.39826,0.39826,0.39826,0.39826,0.39826,0.39826,0.39826,0.39826,0.39826,0.39826,0.39826,0.39826,0.39826,0.39826,0.39826,0.39826,0.39826,0.39826,0.39826,0.39826,0.39826,0.39826,0.39826,0.39826,0.39826,0.39826,0.39826
415,0.40132,0.40132,0.40132,0.40132,0.40132,0.40132,0.40132,0.40132,0.40132,0.40132,0.40132,0.40132,0.40132,0.40132,0.40132,0.40132,0.40132,0.40132,0.40132,0.40132,0.40132,0.40132,0.40132,0.40132,0.40132,0.40132,0.40132,0.40132,0.40132
416,0.40438,0.40438,0.40438,0.40438,0.40438,0.40438,0.40438,0.40438,0.40438,0.40438,0.40438,0.40438,0.40438,0.40438,0.40438,0.40438,0.40438,0.40438,0.40438,0.40438,0.40438,0.40438,0.40438,0.40438,0.40438,0.40438,0.40438,0.40438,0.40438
417,0.40746,0.40746,0.40746,0.40746,0.40746,0.40746,0.40746,0.40746,0.40746,0.40746,0.40746,0.40746,0.40746,0.40746,0.40746,0.40746,0.40746,0.40746,0.40746,0.40746,0.40746,0.40746,0.40746,0.40746,0.40746,0.40746,0.40746,0.40746,0.40746
418,0.41055,0.41055,0.41055,0.41055,0.41055,0.41055,0.41055,0.41055,0.41055,0.41055,0.41055,0.41055,0.41055,0.41055,0.41055,0.41055,0.41055,0.41055,0.41055,0.41055,0.41055,0.41055,0.41055,0.41055,0.41055,0.41055,0.41055,0.41055,0.41055
419,0.41365,0.41365,0.41365,0.41365,0.41365,0.41365,0.41365,0.41365,0.41365,0.41365,0.41365,0.41365,0.41365,0.41365,0.41365,0.41365,0.41365,0.41365,0.41365,0.41365,0.41365,0.41365,0.41365,0.41365,0.41365,0.41365,0.41365,0.41365,0.41365
420,0.41677,0.41677,0.41677,0.41677,0.41677,0.41677,0.41677,0.41677,0.41677,0.41677,0.41677,0.41677,0.41677,0.41677,0.41677,0.41677,0.41677,0.41677,0.41677,0.41677,0.41677,0.41677,0.41677,0.41677,0.41677,0.41677,0.41677,0.41677,0.41677
421,0.41989,0.41989,0.41989,0.41989,0.41989,0.41989,0.41989,0.41989,0.41989,0.41989,0.41989,0.41989,0.41989,0.41989,0.41989,0.41989,0.41989,0.41989,0.41989,0.41989,0.41989,0.41989,0.41989,0.41989,0.41989,0.41989,0.41989,0.41989,0.41989
422,0.42303,0.42303,0.42303,0.42303,0.42303,0.42303,0.42303,0.42303,0.42303,0.42303,0.42303,0.42303,0.42303,0.42303,0.42303,0.42303,0.42303,0.42303,0.42303,0.42303,0.42303,0.42303,0.42303,0.42303,0.42303,0.42303,0.42303,0.42303,0.42303
423,0.42617,0.42617,0.42617,0.42617,0.42617,0.42617,0.42617,0.42617,0.42617,0.42617,0.42617,0.42617,0.42617,0.42617,0.42617,0.42617,0.42617,0.42617,0.42617,0.42617,0.42617,0.42617,0.42617,0.42617,0.42617,0.42617,0.42617,0.42617,0.42617
424,0.42932,0.42932,0.42932,0.42932,0.42932,0.42932,0.42932,0.42932,0.42932,0.42932,0.42932,0.42932,0.42932,0.42932,0.42932,0.42932,0.42932,0.42932,0.42932,0.42932,0.42932,0.42932,0.42932,0.42932,0.42932,0.42932,0.42932,0.42932,0.42932
425,0.43248,0.43248,0.43248,0.43248,0.43248,0.43248,0.43248,0.43248,0.43248,0.43248,0.43248,0.43248,0.43248,0.43248,0.43248,0.43248,0.43248,0.43248,0.43248,0.43248,0.43248,0.43248,0.43248,0.43248,0.43248,0.43248,0.43248,0.43248,0.43248
426,0.43565,0.43565,0.43565,0.43565,0.43565,0.43565,0.43565,0.43565,0.43565,0.43565,0.43565,0.43565,0.43565,0.43565,0.43565,0.43565,0.43565,0.43565,0.43565,0.43565,0.43565,0.43565,0.43565,0.43565,0.43565,0.43565,0.43565,0.43565,0.43565
427,0.43883,0.43883,0.43883,0.43883,0.43883,0.43883,0.43883,0.43883,0.43883,0.43883,0.43883,0.43883,0.43883,0.43883,0.43883,0.43883,0.43883,0.43883,0.43883,0.43883,0.43883,0.43883,0.43883,0.43883,0.43883,0.43883,0.43883,0.43883,0.43883
428,0.44201,0.44201,0.44201,0.44201,0.44201,0.44201,0.44201,0.44201,0.44201,0.44201,0.44201,0.44201,0.44201,0.44201,0.44201,0.44201,0.44201,0.44201,0.44201,0.44201,0.44201,0.44201,0.44201,0.44201,0.44201,0.44201,0.44201,0.44201,0.44201
429,0.44520,0.44520,0.44520,0.44520,0.44520,0.44520,0.44520,0.44520,0.44520,0.44520,0.44520,0.44520,0.44520,0.44520,0.44520,0.44520,0.44520,0.44520,0.44520,0.44520,0.44520,0.44520,0.44520,0.44520,0.44520,0.44520,0.44520,0.44520,0.44520
430,0.44839,0.44839,0.44839,0.44839,0.44839,0.44839,0.44839,0.44839,0.44839,0.44839,0.44839,0.44839,0.44839,0.44839,0.44839,0.44839,0.44839,0.44839,0.44839,0.44839,0.44839,0.44839,0.44839,0.44839,0.44839,0.44839,0.44839,0.44839,0.44839
431,0.45159,0.45159,0.45159,0.45159,0.45159,0.45159,0.45159,0.45159,0.45159,0.45159,0.45159,0.45159,0.45159,0.45159,0.45159,0.45159,0.45159,0.45159,0.45159,0.45159,0.45159,0.45159,0.45159,0.45159,0.45159,0.45159,0.45159,0.45159,0.45159
432,0.45480,0.45480,0.45480,0.45480,0.45480,0.45480,0.45480,0.45480,0.45480,0.45480,0.45480,0.45480,0.45480,0.45480,0.45480,0.45480,0.45480,0.45480,0.45480,0.45480,0.45480,0.45480,0.45480,0.45480,0.45480,0.45480,0.45480,0.45480,0.45480
433,0.45801,0.45801,0.45801,0.45801,0.45801,0.45801,0.45801,0.45801,0.45801,0.45801,0.45801,0.45801,0.45801,0.45801,0.45801,0.45801,0.45801,0.45801,0.45801,0.45801,0.45801,0.45801,0.45801,0.45801,0.45801,0.45801,0.45801,0.45801,0.45801
434,0.46122,0.46122,0.46122,0.46122,0.46122,0.46122,0.46122,0.46122,0.46122,0.46122,0.46122,0.46122,0.46122,0.46122,0.46122,0.46122,0.46122,0.46122,0.46122,0.46122,0.46122,0.46122,0.46122,0.46122,0.46122,0.46122,0.46122,0.46122,0.46122
435,0.46444,0.46444,0.46444,0.46444,0.46444,0.46444,0.46444,0.46444,0.46444,0.46444,0.46444,0.46444,0.46444,0.46444,0.46444,0.46444,0.46444,0.46444,0.46444,0.46444,0.46444,0.46444,0.46444,0.46444,0.46444,0.46444,0.46444,0.46444,0.46444
436,0.46766,0.46766,0.46766,0.46766,0.46766,0.46766,0.46766,0.46766,0.46766,0.46766,0.46766,0.46766,0.46766,0.46766,0.46766,0.46766,0.46766,0.46766,0.46766,0.46766,0.46766,0.46766,0.46766,0.46766,0.46766,0.46766,0.46766,0.46766,0.46766
437,0.47089,0.47089,0.47089,0.47089,0.47089,0.47089,0.47089,0.47089,0.47089,0.47089,0.47089,0.47089,0.47089,0.47089,0.47089,0.47089,0.47089,0.47089,0.47089,0.47089,0.47089,0.47089,0.47089,0.47089,0.47089,0.47089,0.47089,0.47089,0.47089
438,0.47412,0.47412,0.47412,0.47412,0.47412,0.47412,0.47412,0.47412,0.47412,0.47412,0.47412,0.47412,0.47412,0.47412,0.47412,0.47412,0.47412,0.47412,0.47412,0.47412,0.47412,0.47412,0.47412,0.47412,0.47412,0.47412,0.47412,0.47412,0.47412
439,0.47735,0.47735,0.47735,0.47735,0.47735,0.47735,0.47735,0.47735,0.47735,0.47735,0.47735,0.47735,0.47735,0.47735,0.47735,0.47735,0.47735,0.47735,0.47735,0.47735,0.47735,0.47735,0.47735,0.47735,0.47735,0.47735,0.47735,0.47735,0.47735
440,0.48058,0.48058,0.48058,0.48058,0.48058,0.48058,0.48058,0.48058,0.48058,0.48058,0.48058,0.48058,0.48058,0.48058,0.48058,0.48058,0.48058,0.48058,0.48058,0.48058,0.48058,0.48058,0.48058,0.48058,0.48058,0.48058,0.48058,0.48058,0.48058
441,0.48381,0.48381,0.48381,0.48381,0.48381,0.48381,0.48381,0.48381,0.48381,0.48381,0.48381,0.48381,0.48381,0.48381,0.48381,0.48381,0.48381,0.48381,0.48381,0.48381,0.48381,0.48381,0.48381,0.48381,0.48381,0.48381,0.48381,0.48381,0.48381
442,0.48705,0.48705,0.48705,0.48705,0.48705,0.48705,0.48705,0.48705,0.48705,0.48705,0.48705,0.48705,0.48705,0.48705,0.48705,0.48705,0.48705,0.48705,0.48705,0.48705,0.48705,0.48705,0.48705,0.48705,0.48705,0.48705,0.48705,0.48705,0.48705
443,0.49029,0.49029,0.49029,0.49029,0.49029,0.49029,0.49029,0.49029,0.49029,0.49029,0.49029,0.49029,0.49029,0.49029,0.49029,0.49029,0.49029,0.49029,0.49029,0.49029,0.49029,0.49029,0.49029,0.49029,0.49029,0.49029,0.49029,0.49029,0.49029
444,0.49352,0.49352,0.49352,0.49352,0.49352,0.49352,0.49352,0.49352,0.49352,0.49352,0.49352,0.49352,0.49352,0.49352,0.49352,0.49352,0.49352,0.49352,0.49352,0.49352,0.49352,0.49352,0.49352,0.49352,0.49352,0.49352,0.49352,0.49352,0.49352
445,0.49676,0.49676,0.49676,0.49676,0.49676,0.49676,0.49676,0.49676,0.49676,0.49676,0.49676,0.49676,0.49676,0.49676,0.49676,0.49676,0.49676,0.49676,0.49676,0.49676,0.49676,0.49676,0.49676,0.49676,0.49676,0.49676,0.49676,0.49676,0.49676
446,0.50000,0.50000,0.50000,0.50000,0.50000,0.50000,0.50000,0.50000,0.50000,0.50000,0.50000,0.50000,0.50000,0.50000,0.50000,0.50000,0.50000,0.50000,0.50000,0.50000,0.50000,0.50000,0.50000,0.50000,0.50000,0.50000,0.50000,0.50000,0.50000
447,0.50324,0.50324,0.50324,0.50324,0.50324,0.50324,0.50324,0.50324,0.50324,0.50324,0.50324,0.50324,0.50324,0.50324,0.50324,0.50324,0.50324,0.50324,0.50324,0.50324,0.50324,0.50324,0.50324,0.50324,0.50324,0.50324,0.50324,0.50324,0.50324
448,0.50648,0.50648,0.50648,0.50648,0.50648,0.50648,0.50648,0.50648,0.50648,0.50648,0.50648,0.50648,0.50648,0.50648,0.50648,0.50648,0.50648,0.50648,0.50648,0.50648,0.50648,0.50648,0.50648,0.50648,0.50648,0.50648,0.50648,0.50648,0.50648
449,0.50971,0.50971,0.50971,0.50971,0.50971,0.50971,0.50971,0.50971,0.50971,0.50971,0.50971,0.50971,0.50971,0.50971,0.50971,0.50971,0.50971,0.50971,0.50971,0.50971,0.50971,0.50971,0.50971,0.50971,0.50971,0.50971,0.50971,0.50971,0.50971
450,0.51295,0.51295,0.51295,0.51295,0.51295,0.51295,0.51295,0.51295,0.51295,0.51295,0.51295,0.51295,0.51295,0.51295,0.51295,0.51295,0.51295,0.51295,0.51295,0.51295,0.51295,0.51295,0.51295,0.51295,0.51295,0.51295,0.51295,0.51295,0.51295
451,0.51619,0.51619,0.51619,0.51619,0.51619,0.51619,0.51619,0.51619,0.51619,0.51619,0.51619,0.51619,0.51619,0.51619,0.51619,0.51619,0.51619,0.51619,0.51619,0.51619,0.51619,0.51619,0.51619,0.51619,0.51619,0.51619,0.51619,0.51619,0.51619
452,0.51942,0.51942,0.51942,0.51942,0.51942,0.51942,0.51942,0.51942,0.51942,0.51942,0.51942,0.51942,0.51942,0.51942,0.51942,0.51942,0.51942,0.51942,0.51942,0.51942,0.51942,0.51942,0.51942,0.51942,0.51942,0.51942,0.51942,0.51942,0.51942
453,0.52265,0.52265,0.52265,0.52265,0.52265,0.52265,0.52265,0.52265,0.52265,0.52265,0.52265,0.52265,0.52265,0.52265,0.52265,0.52265,0.52265,0.52265,0.52265,0.52265,0.52265,0.52265,0.52265,0.52265,0.52265,0.52265,0.52265,0.52265,0.52265
454,0.52588,0.52588,0.52588,0.52588,0.52588,0.52588,0.52588,0.52588,0.52588,0.52588,0.52588,0.52588,0.52588,0.52588,0.52588,0.52588,0.52588,0.52588,0.52588,0.52588,0.52588,0.52588,0.52588,0.52588,0.52588,0.52588,0.52588,0.52588,0.52588
455,0.52911,0.52911,0.52911,0.52911,0.52911,0.52911,0.52911,0.52911,0.52911,0.52911,0.52911,0.52911,0.52911,0.52911,0.52911,0.52911,0.52911,0.52911,0.52911,0.52911,0.52911,0.52911,0.52911,0.52911,0.52911,0.52911,0.52911,0.52911,0.52911
456,0.53234,0.53234,0.53234,0.53234,0.53234,0.53234,0.53234,0.53234,0.53234,0.53234,0.53234,0.53234,0.53234,0.53234,0.53234,0.53234,0.53234,0.53234,0.53234,0.53234,0.53234,0.53234,0.53234,0.53234,0.53234,0.53234,0.53234,0.53234,0.53234
457,0.53556,0.53556,0.53556,0.53556,0.53556,0.53556,0.53556,0.53556,0.53556,0.53556,0.53556,0.53556,0.53556,0.53556,0.53556,0.53556,0.53556,0.53556,0.53556,0.53556,0.53556,0.53556,0.53556,0.53556,0.53556,0.53556,0.53556,0.53556,0.53556
458,0.53878,0.53878,0.53878,0.53878,0.53878,0.53878,0.53878,0.53878,0.53878,0.53878,0.53878,0.53878,0.53878,0.53878,0.53878,0.53878,0.53878,0.53878,0.53878,0.53878,0.53878,0.53878,0.53878,0.53878,0.53878,0.53878,0.53878,0.53878,0.53878
459,0.54199,0.54199,0.54199,0.54199,0.54199,0.54199,0.54199,0.54199,0.54199,0.54199,0.54199,0.54199,0.54199,0.54199,0.54199,0.54199,0.54199,0.54199,0.54199,0.54199,0.54199,0.54199,0.54199,0.54199,0.54199,0.54199,0.54199,0.54199,0.54199
460,0.54520,0.54520,0.54520,0.54520,0.54520,0.54520,0.54520,0.54520,0.54520,0.54520,0.54520,0.54520,0.54520,0.54520,0.54520,0.54520,0.54520,0.54520,0.54520,0.54520,0.54520,0.54520,0.54520,0.54520,0.54520,0.54520,0.54520,0.54520,0.54520
461,0.54841,0.54841,0.54841,0.54841,0.54841,0.54841,0.54841,0.54841,0.54841,0.54841,0.54841,0.54841,0.54841,0.54841,0.54841,0.54841,0.54841,0.54841,0.54841,0.54841,0.54841,0.54841,0.54841,0.54841,0.54841,0.54841,0.54841,0.54841,0.54841
462,0.55161,0.55161,0.55161,0.55161,0.55161,0.55161,0.55161,0.55161,0.55161,0.55161,0.55161,0.55161,0.55161,0.55161,0.55161,0.55161,0.55161,0.55161,0.55161,0.55161,0.55161,0.55161,0.55161,0.55161,0.55161,0.55161,0.55161,0.55161,0.55161
463,0.55480,0.55480,0.55480,0.55480,0.55480,0.55480,0.55480,0.55480,0.55480,0.55480,0.55480,0.55480,0.55480,0.55480,0.55480,0.55480,0.55480,0.55480,0.55480,0.55480,0.55480,0.55480,0.55480,0.55480,0.55480,0.55480,0.55480,0.55480,0.55480
464,0.55799,0.55799,0.55799,0.55799,0.55799,0.55799,0.55799,0.55799,0.55799,0.55799,0.55799,0.55799,0.55799,0.55799,0.55799,0.55799,0.55799,0.55799,0.55799,0.55799,0.55799,0.55799,0.55799,0.55799,0.55799,0.55799,0.55799,0.55799,0.55799
465,0.56117,0.56117,0.56117,0.56117,0.56117,0.56117,0.56117,0.56117,0.56117,0.56117,0.56117,0.56117,0.56117,0.56117,0.56117,0.56117,0.56117,0.56117,0.56117,0.56117,0.56117,0.56117,0.56117,0.56117,0.56117,0.56117,0.56117,0.56117,0.56117
466,0.56435,0.56435,0.56435,0.56435,0.56435,0.56435,0.56435,0.56435,0.56435,0.56435,0.56435,0.56435,0.56435,0.56435,0.56435,0.56435,0.56435,0.56435,0.56435,0.56435,0.56435,0.56435,0.56435,0.56435,0.56435,0.56435,0.56435,0.56435,0.56435
467,0.56752,0.56752,0.56752,0.56752,0.56752,0.56752,0.56752,0.56752,0.56752,0.56752,0.56752,0.56752,0.56752,0.56752,0.56752,0.56752,0.56752,0.56752,0.56752,0.56752,0.56752,0.56752,0.56752,0.56752,0.56752,0.56752,0.56752,0.56752,0.56752
468,0.57068,0.57068,0.57068,0.57068,0.57068,0.57068,0.57068,0.57068,0.57068,0.57068,0.57068,0.57068,0.57068,0.57068,0.57068,0.57068,0.57068,0.57068,0.57068,0.57068,0.57068,0.57068,0.57068,0.57068,0.57068,0.57068,0.57068,0.57068,0.57068
469,0.57383,0.57383,0.57383,0.57383,0.57383,0.57383,0.57383,0.57383,0.57383,0.57383,0.57383,0.57383,0.57383,0.57383,0.57383,0.57383,0.57383,0.57383,0.57383,0.57383,0.57383,0.57383,0.57383,0.57383,0.57383,0.57383,0.57383,0.57383,0.57383
470,0.57697,0.57697,0.57697,0.57697,0.57697,0.57697,0.57697,0.57697,0.57697,0.57697,0.57697,0.57697,0.57697,0.57697,0.57697,0.57697,0.57697,0.57697,0.57697,0.57697,0.57697,0.57697,0.57697,0.57697,0.57697,0.57697,0.57697,0.57697,0.57697
471,0.58011,0.58011,0.58011,0.58011,0.58011,0.58011,0.58011,0.58011,0.58011,0.58011,0.58011,0.58011,0.58011,0.58011,0.58011,0.58011,0.58011,0.58011,0.58011,0.58011,0.58011,0.58011,0.58011,0.58011,0.58011,0.58011,0.58011,0.58011,0.58011
472,0.58323,0.58323,0.58323,0.58323,0.58323,0.58323,0.58323,0.58323,0.58323,0.58323,0.58323,0.58323,0.58323,0.58323,0.58323,0.58323,0.58323,0.58323,0.58323,0.58323,0.58323,0.58323,0.58323,0.58323,0.58323,0.58323,0.58323,0.58323,0.58323
473,0.58635,0.58635,0.58635,0.58635,0.58635,0.58635,0.58635,0.58635,0.58635,0.58635,0.58635,0.58635,0.58635,0.58635,0.58635,0.58635,0.58635,0.58635,0.58635,0.58635,0.58635,0.58635,0.58635,0.58635,0.58635,0.58635,0.58635,0.58635,0.58635
474,0.58945,0.58945,0.58945,0.58945,0.58945,0.58945,0.58945,0.58945,0.58945,0.58945,0.58945,0.58945,0.58945,0.58945,0.58945,0.58945,0.58945,0.58945,0.58945,0.58945,0.58945,0.58945,0.58945,0.58945,0.58945,0.58945,0.58945,0.58945,0.58945
475,0.59254,0.59254,0.59254,0.59254,0.59254,0.59254,0.59254,0.59254,0.59254,0.59254,0.59254,0.59254,0.59254,0.59254,0.59254,0.59254,0.59254,0.59254,0.59254,0.59254,0.59254,0.59254,0.59254,0.59254,0.59254,0.59254,0.59254,0.59254,0.59254
476,0.59562,0.59562,0.59562,0.59562,0.59562,0.59562,0.59562,0.59562,0.59562,0.59562,0.59562,0.59562,0.59562,0.59562,0.59562,0.59562,0.59562,0.59562,0.59562,0.59562,0.59562,0.59562,0.59562,0.59562,0.59562,0.59562,0.59562,0.59562,0.59562
477,0.59868,0.59868,0.59868,0.59868,0.59868,0.59868,0.59868,0.59868,0.59868,0.59868,0.59868,0.59868,0.59868,0.59868,0.59868,0.59868,0.59868,0.59868,0.59868,0.59868,0.59868,0.59868,0.59868,0.59868,0.59868,0.59868,0.59868,0.59868,0.59868
478,0.60174,0.60174,0.60174,0.60174,0.60174,0.60174,0.60174,0.60174,0.60174,0.60174,0.60174,0.60174,0.60174,0.60174,0.60174,0.60174,0.60174,0.60174,0.60174,0.60174,0.60174,0.60174,0.60174,0.60174,0.60174,0.60174,0.60174,0.60174,0.60174
479,0.60477,0.60477,0.60477,0.60477,0.60477,0.60477,0.60477,0.60477,0.60477,0.60477,0.60477,0.60477,0.60477,0.60477,0.60477,0.60477,0.60477,0.60477,0.60477,0.60477,0.60477,0.60477,0.60477,0.60477,0.60477,0.60477,0.60477,0.60477,0.60477
480,0.60779,0.60779,0.60779,0.60779,0.60779,0.60779,0.60779,0.60779,0.60779,0.60779,0.60779,0.60779,0.60779,0.60779,0.60779,0.60779,0.60779,0.60779,0.60779,0.60779,0.60779,0.60779,0.60779,0.60779,0.60779,0.60779,0.60779,0.60779,0.60779
481,0.61080,0.61080,0.61080,0.61080,0.61080,0.61080,0.61080,0.61080,0.61080,0.61080,0.61080,0.61080,0.61080,0.61080,0.61080,0.61080,0.61080,0.61080,0.61080,0.61080,0.61080,0.61080,0.61080,0.61080,0.61080,0.61080,0.61080,0.61080,0.61080
482,0.61379,0.61379,0.61379,0.61379,0.61379,0.61379,0.61379,0.61379,0.61379,0.61379,0.61379,0.61379,0.61379,0.61379,0.61379,0.61379,0.61379,0.61379,0.61379,0.61379,0.61379,0.61379,0.61379,0.61379,0.61379,0.61379,0.61379,0.61379,0.61379
483,0.61676,0.61676,0.61676,0.61676,0.61676,0.61676,0.61676,0.61676,0.61676,0.61676,0.61676,0.61676,0.61676,0.61676,0.61676,0.61676,0.61676,0.61676,0.61676,0.61676,0.61676,0.61676,0.61676,0.61676,0.61676,0.61676,0.61676,0.61676,0.61676
484,0.61971,0.61971,0.61971,0.61971,0.61971,0.61971,0.61971,0.61971,0.61971,0.61971,0.61971,0.61971,0.61971,0.61971,0.61971,0.61971,0.61971,0.61971,0.61971,0.61971,0.61971,0.61971,0.61971,0.61971,0.61971,0.61971,0.61971,0.61971,0.61971
485,0.62264,0.62264,0.62264,0.62264,0.62264,0.62264,0.62264,0.62264,0.62264,0.62264,0.62264,0.62264,0.62264,0.62264,0.62264,0.62264,0.62264,0.62264,0.62264,0.62264,0.62264,0.62264,0.62264,0.62264,0.62264,0.62264,0.62264,0.62264,0.62264
486,0.62555,0.62555,0.62555,0.62555,0.62555,0.62555,0.62555,0.62555,0.62555,0.62555,0.62555,0.62555,0.62555,0.62555,0.62555,0.62555,0.62555,0.62555,0.62555,0.62555,0.62555,0.62555,0.62555,0.62555,0.62555,0.62555,0.62555,0.62555,0.62555
487,0.62844,0.62844,0.62844,0.62844,0.62844,0.62844,0.62844,0.62844,0.62844,0.62844,0.62844,0.62844,0.62844,0.62844,0.62844,0.62844,0.62844,0.62844,0.62844,0.62844,0.62844,0.62844,0.62844,0.62844,0.62844,0.62844,0.62844,0.62844,0.62844
488,0.63131,0.63131,0.63131,0.63131,0.63131,0.63131,0.63131,0.63131,0.63131,0.63131,0.63131,0.63131,0.63131,0.63131,0.63131,0.63131,0.63131,0.63131,0.63131,0.63131,0.63131,0.63131,0.63131,0.63131,0.63131,0.63131,0.63131,0.63131,0.63131
489,0.63415,0.63415,0.63415,0.63415,0.63415,0.63415,0.63415,0.63415,0.63415,0.63415,0.63415,0.63415,0.63415,0.63415,0.63415,0.63415,0.63415,0.63415,0.63415,0.63415,0.63415,0.63415,0.63415,0.63415,0.63415,0.63415,0.63415,0.63415,0.63415
490,0.63697,0.63697,0.63697,0.63697,0.63697,0.63697,0.63697,0.63697,0.63697,0.63697,0.63697,0.63697,0.63697,0.63697,0.63697,0.63697,0.63697,0.63697,0.63697,0.63697,0.63697,0.63697,0.63697,0.63697,0.63697,0.63697,0.63697,0.63697,0.63697
491,0.63976,0.63976,0.63976,0.63976,0.63976,0.63976,0.63976,0.63976,0.63976,0.63976,0.63976,0.63976,0.63976,0.63976,0.63976,0.63976,0.63976,0.63976,0.63976,0.63976,0.63976,0.63976,0.63976,0.63976,0.63976,0.63976,0.63976,0.63976,0.63976
492,0.64253,0.64253,0.64253,0.64253,0.64253,0.64253,0.64253,0.64253,0.64253,0.64253,0.64253,0.64253,0.64253,0.64253,0.64253,0.64253,0.64253,0.64253,0.64253,0.64253,0.64253,0.64253,0.64253,0.64253,0.64253,0.64253,0.64253,0.64253,0.64253
493,0.64527,0.64527,0.64527,0.64527,0.64527,0.64527,0.64527,0.64527,0.64527,0.64527,0.64527,0.64527,0.64527,0.64527,0.64527,0.64527,0.64527,0.64527,0.64527,0.64527,0.64527,0.64527,0.64527,0.64527,0.64527,0.64527,0.64527,0.64527,0.64527
494,0.64797,0.64797,0.64797,0.64797,0.64797,0.64797,0.64797,0.64797,0.64797,0.64797,0.64797,0.64797,0.64797,0.64797,0.64797,0.64797,0.64797,0.64797,0.64797,0.64797,0.64797,0.64797,0.64797,0.64797,0.64797,0.64797,0.64797,0.64797,0.64797
495,0.65065,0.65065,0.65065,0.65065,0.65065,0.65065,0.65065,0.65065,0.65065,0.65065,0.65065,0.65065,0.65065,0.65065,0.65065,0.65065,0.65065,0.65065,0.65065,0.65065,0.65065,0.65065,0.65065,0.65065,0.65065,0.65065,0.65065,0.65065,0.65065
496,0.65329,0.65329,0.65329,0.65329,0.65329,0.65329,0.65329,0.65329,0.65329,0.65329,0.65329,0.65329,0.65329,0.65329,0.65329,0.65329,0.65329,0.65329,0.65329,0.65329,0.65329,0.65329,0.65329,0.65329,0.65329,0.65329,0.65329,0.65329,0.65329
497,0.65590,0.65590,0.65590,0.65590,0.65590,0.65590,0.65590,0.65590,0.65590,0.65590,0.65590,0.65590,0.65590,0.65590,0.65590,0.65590,0.65590,0.65590,0.65590,0.65590,0.65590,0.65590,0.65590,0.65590,0.65590,0.65590,0.65590,0.65590,0.65590
498,0.65848,0.65848,0.65848,0.65848,0.65848,0.65848,0.65848,0.65848,0.65848,0.65848,0.65848,0.65848,0.65848,0.65848,0.65848,0.65848,0.65848,0.65848,0.65848,0.65848,0.65848,0.65848,0.65848,0.65848,0.65848,0.65848,0.65848,0.65848,0.65848
499,0.66102,0.66102,0.66102,0.66102,0.66102,0.66102,0.66102,0.66102,0.66102,0.66102,0.66102,0.66102,0.66102,0.66102,0.66102,0.66102,0.66102,0.66102,0.66102,0.66102,0.66102,0.66102,0.66102,0.66102,0.66102,0.66102,0.66102,0.66102,0.66102
500,0.66352,0.66352,0.66352,0.66352,0.66352,0.66352,0.66352,0.66352,0.66352,0.66352,0.66352,0.66352,0.66352,0.66352,0.66352,0.66352,0.66352,0.66352,0.66352,0.66352,0.66352,0.66352,0.66352,0.66352,0.66352,0.66352,0.66352,0.66352,0.66352
501,0.66598,0.66598,0.66598,0.66598,0.66598,0.66598,0.66598,0.66598,0.66598,0.66598,0.66598,0.66598,0.66598,0.66598,0.66598,0.66598,0.66598,0.66598,0.66598,0.66598,0.66598,0.66598,0.66598,0.66598,0.66598,0.66598,0.66598,0.66598,0.66598
502,0.66840,0.66840,0.66840,0.66840,0.66840,0.66840,0.66840,0.66840,0.66840,0.66840,0.66840,0.66840,0.66840,0.66840,0.66840,0.66840,0.66840,0.66840,0.66840,0.66840,0.66840,0.66840,0.66840,0.66840,0.66840,0.66840,0.66840,0.66840,0.66840
503,0.67078,0.67078,0.67078,0.67078,0.67078,0.67078,0.67078,0.67078,0.67078,0.67078,0.67078,0.67078,0.67078,0.67078,0.67078,0.67078,0.67078,0.67078,0.67078,0.67078,0.67078,0.67078,0.67078,0.67078,0.67078,0.67078,0.67078,0.67078,0.67078
504,0.67312,0.67312,0.67312,0.67312,0.67312,0.67312,0.67312,0.67312,0.67312,0.67312,0.67312,0.67312,0.67312,0.67312,0.67312,0.67312,0.67312,0.67312,0.67312,0.67312,0.67312,0.67312,0.67312,0.67312,0.67312,0.67312,0.67312,0.67312,0.67312
505,0.67541,0.67541,0.67541,0.67541,0.67541,0.67541,0.67541,0.67541,0.67541,0.67541,0.67541,0.67541,0.67541,0.67541,0.67541,0.67541,0.67541,0.67541,0.67541,0.67541,0.67541,0.67541,0.67541,0.67541,0.67541,0.67541,0.67541,0.67541,0.67541
506,0.67765,0.67765,0.67765,0.67765,0.67765,0.67765,0.67765,0.67765,0.67765,0.67765,0.67765,0.67765,0.67765,0.67765,0.67765,0.67765,0.67765,0.67765,0.67765,0.67765,0.67765,0.67765,0.67765,0.67765,0.67765,0.67765,0.67765,0.67765,0.67765
507,0.67985,0.67985,0.67985,0.67985,0.67985,0.67985,0.67985,0.67985,0.67985,0.67985,0.67985,0.67985,0.67985,0.67985,0.67985,0.67985,0.67985,0.67985,0.67985,0.67985,0.67985,0.67985,0.67985,0.67985,0.67985,0.67985,0.67985,0.67985,0.67985
508,0.68199,0.68199,0.68199,0.68199,0.68199,0.68199,0.68199,0.68199,0.68199,0.68199,0.68199,0.68199,0.68199,0.68199,0.68199,0.68199,0.68199,0.68199,0.68199,0.68199,0.68199,0.68199,0.68199,0.68199,0.68199,0.68199,0.68199,0.68199,0.68199
509,0.68408,0.68408,0.68408,0.68408,0.68408,0.68408,0.68408,0.68408,0.68408,0.68408,0.68408,0.68408,0.68408,0.68408,0.68408,0.68408,0.68408,0.68408,0.68408,0.68408,0.68408,0.68408,0.68408,0.68408,0.68408,0.68408,0.68408,0.68408,0.68408
510,0.68612,0.68612,0.68612,0.68612,0.68612,0.68612,0.68612,0.68612,0.68612,0.68612,0.68612,0.68612,0.68612,0.68612,0.68612,0.68612,0.68612,0.68612,0.68612,0.68612,0.68612,0.68612,0.68612,0.68612,0.68612,0.68612,0.68612,0.68612,0.68612
511,0.68811,0.68811,0.68811,0.68811,0.68811,0.68811,0.68811,0.68811,0.68811,0.68811,0.68811,0.68811,0.68811,0.68811,0.68811,0.68811,0.68811,0.68811,0.68811,0.68811,0.68811,0.68811,0.68811,0.68811,0.68811,0.68811,0.68811,0.68811,0.68811
512,0.69004,0.69004,0.69004,0.69004,0.69004,0.69004,0.69004,0.69004,0.69004,0.69004,0.69004,0.69004,0.69004,0.69004,0.69004,0.69004,0.69004,0.69004,0.69004,0.69004,0.69004,0.69004,0.69004,0.69004,0.69004,0.69004,0.69004,0.69004,0.69004
513,0.69191,0.69191,0.69191,0.69191,0.69191,0.69191,0.69191,0.69191,0.69191,0.69191,0.69191,0.69191,0.69191,0.69191,0.69191,0.69191,0.69191,0.69191,0.69191,0.69191,0.69191,0.69191,0.69191,0.69191,0.69191,0.69191,0.69191,0.69191,0.69191
514,0.69372,0.69372,0.69372,0.69372,0.69372,0.69372,0.69372,0.69372,0.69372,0.69372,0.69372,0.69372,0.69372,0.69372,0.69372,0.69372,0.69372,0.69372,0.69372,0.69372,0.69372,0.69372,0.69372,0.69372,0.69372,0.69372,0.69372,0.69372,0.69372
515,0.69546,0.69546,0.69546,0.69546,0.69546,0.69546,0.69546,0.69546,0.69546,0.69546,0.69546,0.69546,0.69546,0.69546,0.69546,0.69546,0.69546,0.69546,0.69546,0.69546,0.69546,0.69546,0.69546,0.69546,0.69546,0.69546,0.69546,0.69546,0.69546
516,0.69715,0.69715,0.69715,0.69715,0.69715,0.69715,0.69715,0.69715,0.69715,0.69715,0.69715,0.69715,0.69715,0.69715,0.69715,0.69715,0.69715,0.69715,0.69715,0.69715,0.69715,0.69715,0.69715,0.69715,0.69715,0.69715,0.69715,0.69715,0.69715
517,0.69877,0.69877,0.69877,0.69877,0.69877,0.69877,0.69877,0.69877,0.69877,0.69877,0.69877,0.69877,0.69877,0.69877,0.69877,0.69877,0.69877,0.69877,0.69877,0.69877,0.69877,0.69877,0.69877,0.69877,0.69877,0.69877,0.69877,0.69877,0.69877
518,0.70032,0.70032,0.70032,0.70032,0.70032,0.70032,0.70032,0.70032,0.70032,0.70032,0.70032,0.70032,0.70032,0.70032,0.70032,0.70032,0.70032,0.70032,0.70032,0.70032,0.70032,0.70032,0.70032,0.70032,0.70032,0.70032,0.70032,0.70032,0.70032
519,0.70181,0.70181,0.70181,0.70181,0.70181,0.70181,0.70181,0.70181,0.70181,0.70181,0.70181,0.70181,0.70181,0.70181,0.70181,0.70181,0.70181,0.70181,0.70181,0.70181,0.70181,0.70181,0.70181,0.70181,0.70181,0.70181,0.70181,0.70181,0.70181
520,0.70322,0.70322,0.70322,0.70322,0.70322,0.70322,0.70322,0.70322,0.70322,0.70322,0.70322,0.70322,0.70322,0.70322,0.70322,0.70322,0.70322,0.70322,0.70322,0.70322,0.70322,0.70322,0.70322,0.70322,0.70322,0.70322,0.70322,0.70322,0.70322
521,0.70457,0.70457,0.70457,0.70457,0.70457,0.70457,0.70457,0.70457,0.70457,0.70457,0.70457,0.70457,0.70457,0.70457,0.70457,0.70457,0.70457,0.70457,0.70457,0.70457,0.70457,0.70457,0.70457,0.70457,0.70457,0.70457,0.70457,0.70457,0.70457
522,0.70584,0.70584,0.70584,0.70584,0.70584,0.70584,0.70584,0.70584,0.70584,0.70584,0.70584,0.70584,0.70584,0.70584,0.70584,0.70584,0.70584,0.70584,0.70584,0.70584,0.70584,0.70584,0.70584,0.70584,0.70584,0.70584,0.70584,0.70584,0.70584
523,0.70704,0.70704,0.70704,0.70704,0.70704,0.70704,0.70704,0.70704,0.70704,0.70704,0.70704,0.70704,0.70704,0.70704,0.70704,0.70704,0.70704,0.70704,0.70704,0.70704,0.70704,0.70704,0.70704,0.70704,0.70704,0.70704,0.70704,0.70704,0.70704
524,0.70817,0.70817,0.70817,0.70817,0.70817,0.70817,0.70817,0.70817,0.70817,0.70817,0.70817,0.70817,0.70817,0.70817,0.70817,0.70817,0.70817,0.70817,0.70817,0.70817,0.70817,0.70817,0.70817,0.70817,0.70817,0.70817,0.70817,0.70817,0.70817
525,0.70921,0.70921,0.70921,0.70921,0.70921,0.70921,0.70921,0.70921,0.70921,0.70921,0.70921,0.70921,0.70921,0.70921,0.70921,0.70921,0.70921,0.70921,0.70921,0.70921,0.70921,0.70921,0.70921,0.70921,0.70921,0.70921,0.70921,0.70921,0.70921
526,0.71018,0.71018,0.71018,0.71018,0.71018,0.71018,0.71018,0.71018,0.71018,0.71018,0.71018,0.71018,0.71018,0.71018,0.71018,0.71018,0.71018,0.71018,0.71018,0.71018,0.71018,0.71018,0.71018,0.71018,0.71018,0.71018,0.71018,0.71018,0.71018
527,0.71108,0.71108,0.71108,0.71108,0.71108,0.71108,0.71108,0.71108,0.71108,0.71108,0.71108,0.71108,0.71108,0.71108,0.71108,0.71108,0.71108,0.71108,0.71108,0.71108,0.71108,0.71108,0.71108,0.71108,0.71108,0.71108,0.71108,0.71108,0.71108
528,0.71189,0.71189,0.71189,0.71189,0.71189,0.71189,0.71189,0.71189,0.71189,0.71189,0.71189,0.71189,0.71189,0.71189,0.71189,0.71189,0.71189,0.71189,0.71189,0.71189,0.71189,0.71189,0.71189,0.71189,0.71189,0.71189,0.71189,0.71189,0.71189
529,0.71262,0.71262,0.71262,0.71262,0.71262,0.71262,0.71262,0.71262,0.71262,0.71262,0.71262,0.71262,0.71262,0.71262,0.71262,0.71262,0.71262,0.71262,0.71262,0.71262,0.71262,0.71262,0.71262,0.71262,0.71262,0.71262,0.71262,0.71262,0.71262
530,0.71327,0.71327,0.71327,0.71327,0.71327,0.71327,0.71327,0.71327,0.71327,0.71327,0.71327,0.71327,0.71327,0.71327,0.71327,0.71327,0.71327,0.71327,0.71327,0.71327,0.71327,0.71327,0.71327,0.71327,0.71327,0.71327,0.71327,0.71327,0.71327
531,0.71384,0.71384,0.71384,0.71384,0.71384,0.71384,0.71384,0.71384,0.71384,0.71384,0.71384,0.71384,0.71384,0.71384,0.71384,0.71384,0.71384,0.71384,0.71384,0.71384,0.71384,0.71384,0.71384,0.71384,0.71384,0.71384,0.71384,0.71384,0.71384
532,0.71433,0.71433,0.71433,0.71433,0.71433,0.71433,0.71433,0.71433,0.71433,0.71433,0.71433,0.71433,0.71433,0.71433,0.71433,0.71433,0.71433,0.71433,0.71433,0.71433,0.71433,0.71433,0.71433,0.71433,0.71433,0.71433,0.71433,0.71433,0.71433
533,0.71473,0.71473,0.71473,0.71473,0.71473,0.71473,0.71473,0.71473,0.71473,0.71473,0.71473,0.71473,0.71473,0.71473,0.71473,0.71473,0.71473,0.71473,0.71473,0.71473,0.71473,0.71473,0.71473,0.71473,0.71473,0.71473,0.71473,0.71473,0.71473
534,0.71504,0.71504,0.71504,0.71504,0.71504,0.71504,0.71504,0.71504,0.71504,0.71504,0.71504,0.71504,0.71504,0.71504,0.71504,0.71504,0.71504,0.71504,0.71504,0.71504,0.71504,0.71504,0.71504,0.71504,0.71504,0.71504,0.71504,0.71504,0.71504
535,0.71528,0.71528,0.71528,0.71528,0.71528,0.71528,0.71528,0.71528,0.71528,0.71528,0.71528,0.71528,0.71528,0.71528,0.71528,0.71528,0.71528,0.71528,0.71528,0.71528,0.71528,0.71528,0.71528,0.71528,0.71528,0.71528,0.71528,0.71528,0.71528
536,0.71543,0.71543,0.71543,0.71543,0.71543,0.71543,0.71543,0.71543,0.71543,0.71543,0.71543,0.71543,0.71543,0.71543,0.71543,0.71543,0.71543,0.71543,0.71543,0.71543,0.71543,0.71543,0.71543,0.71543,0.71543,0.71543,0.71543,0.71543,0.71543
537,0.71549,0.71549,0.71549,0.71549,0.71549,0.71549,0.71549,0.71549,0.71549,0.71549,0.71549,0.71549,0.71549,0.71549,0.71549,0.71549,0.71549,0.71549,0.71549,0.71549,0.71549,0.71549,0.71549,0.71549,0.71549,0.71549,0.71549,0.71549,0.71549
538,0.71547,0.71547,0.71547,0.71547,0.71547,0.71547,0.71547,0.71547,0.71547,0.71547,0.71547,0.71547,0.71547,0.71547,0.71547,0.71547,0.71547,0.71547,0.71547,0.71547,0.71547,0.71547,0.71547,0.71547,0.71547,0.71547,0.71547,0.71547,0.71547
539,0.71536,0.71536,0.71536,0.71536,0.71536,0.71536,0.71536,0.71536,0.71536,0.71536,0.71536,0.71536,0.71536,0.71536,0.71536,0.71536,0.71536,0.71536,0.71536,0.71536,0.71536,0.71536,0.71536,0.71536,0.71536,0.71536,0.71536,0.71536,0.71536
540,0.71517,0.71517,0.71517,0.71517,0.71517,0.71517,0.71517,0.71517,0.71517,0.71517,0.71517,0.71517,0.71517,0.71517,0.71517,0.71517,0.71517,0.71517,0.71517,0.71517,0.71517,0.71517,0.71517,0.71517,0.71517,0.71517,0.71517,0.71517,0.71517
541,0.71490,0.71490,0.71490,0.71490,0.71490,0.71490,0.71490,0.71490,0.71490,0.71490,0.71490,0.71490,0.71490,0.71490,0.71490,0.71490,0.71490,0.71490,0.71490,0.71490,0.71490,0.71490,0.71490,0.71490,0.71490,0.71490,0.71490,0.71490,0.71490
542,0.71454,0.71454,0.71454,0.71454,0.71454,0.71454,0.71454,0.71454,0.71454,0.71454,0.71454,0.71454,0.71454,0.71454,0.71454,0.71454,0.71454,0.71454,0.71454,0.71454,0.71454,0.71454,0.71454,0.71454,0.71454,0.71454,0.71454,0.71454,0.71454
543,0.71409,0.71409,0.71409,0.71409,0.71409,0.71409,0.71409,0.71409,0.71409,0.71409,0.71409,0.71409,0.71409,0.71409,0.71409,0.71409,0.71409,0.71409,0.71409,0.71409,0.71409,0.71409,0.71409,0.71409,0.71409,0.71409,0.71409,0.71409,0.71409
544,0.71357,0.71357,0.71357,0.71357,0.71357,0.71357,0.71357,0.71357,0.71357,0.71357,0.71357,0.71357,0.71357,0.71357,0.71357,0.71357,0.71357,0.71357,0.71357,0.71357,0.71357,0.71357,0.71357,0.71357,0.71357,0.71357,0.71357,0.71357,0.71357
545,0.71296,0.71296,0.71296,0.71296,0.71296,0.71296,0.71296,0.71296,0.71296,0.71296,0.71296,0.71296,0.71296,0.71296,0.71296,0.71296,0.71296,0.71296,0.71296,0.71296,0.71296,0.71296,0.71296,0.71296,0.71296,0.71296,0.71296,0.71296,0.71296
546,0.71227,0.71227,0.71227,0.71227,0.71227,0.71227,0.71227,0.71227,0.71227,0.71227,0.71227,0.71227,0.71227,0.71227,0.71227,0.71227,0.71227,0.71227,0.71227,0.71227,0.71227,0.71227,0.71227,0.71227,0.71227,0.71227,0.71227,0.71227,0.71227
547,0.71149,0.71149,0.71149,0.71149,0.71149,0.71149,0.71149,0.71149,0.71149,0.71149,0.71149,0.71149,0.71149,0.71149,0.71149,0.71149,0.71149,0.71149,0.71149,0.71149,0.71149,0.71149,0.71149,0.71149,0.71149,0.71149,0.71149,0.71149,0.71149
548,0.71064,0.71064,0.71064,0.71064,0.71064,0.71064,0.71064,0.71064,0.71064,0.71064,0.71064,0.71064,0.71064,0.71064,0.71064,0.71064,0.71064,0.71064,0.71064,0.71064,0.71064,0.71064,0.71064,0.71064,0.71064,0.71064,0.71064,0.71064,0.71064
549,0.70971,0.70971,0.70971,0.70971,0.70971,0.70971,0.70971,0.70971,0.70971,0.70971,0.70971,0.70971,0.70971,0.70971,0.70971,0.70971,0.70971,0.70971,0.70971,0.70971,0.70971,0.70971,0.70971,0.70971,0.70971,0.70971,0.70971,0.70971,0.70971
550,0.70870,0.70870,0.70870,0.70870,0.70870,0.70870,0.70870,0.70870,0.70870,0.70870,0.70870,0.70870,0.70870,0.70870,0.70870,0.70870,0.70870,0.70870,0.70870,0.70870,0.70870,0.70870,0.70870,0.70870,0.70870,0.70870,0.70870,0.70870,0.70870
551,0.70761,0.70761,0.70761,0.70761,0.70761,0.70761,0.70761,0.70761,0.70761,0.70761,0.70761,0.70761,0.70761,0.70761,0.70761,0.70761,0.70761,0.70761,0.70761,0.70761,0.70761,0.70761,0.70761,0.70761,0.70761,0.70761,0.70761,0.70761,0.70761
552,0.70645,0.70645,0.70645,0.70645,0.70645,0.70645,0.70645,0.70645,0.70645,0.70645,0.70645,0.70645,0.70645,0.70645,0.70645,0.70645,0.70645,0.70645,0.70645,0.70645,0.70645,0.70645,0.70645,0.70645,0.70645,0.70645,0.70645,0.70645,0.70645
553,0.70521,0.70521,0.70521,0.70521,0.70521,0.70521,0.70521,0.70521,0.70521,0.70521,0.70521,0.70521,0.70521,0.70521,0.70521,0.70521,0.70521,0.70521,0.70521,0.70521,0.70521,0.70521,0.70521,0.70521,0.70521,0.70521,0.70521,0.70521,0.70521
554,0.70391,0.70391,0.70391,0.70391,0.70391,0.70391,0.70391,0.70391,0.70391,0.70391,0.70391,0.70391,0.70391,0.70391,0.70391,0.70391,0.70391,0.70391,0.70391,0.70391,0.70391,0.70391,0.70391,0.70391,0.70391,0.70391,0.70391,0.70391,0.70391
555,0.70252,0.70252,0.70252,0.70252,0.70252,0.70252,0.70252,0.70252,0.70252,0.70252,0.70252,0.70252,0.70252,0.70252,0.70252,0.70252,0.70252,0.70252,0.70252,0.70252,0.70252,0.70252,0.70252,0.70252,0.70252,0.70252,0.70252,0.70252,0.70252
556,0.70107,0.70107,0.70107,0.70107,0.70107,0.70107,0.70107,0.70107,0.70107,0.70107,0.70107,0.70107,0.70107,0.70107,0.70107,0.70107,0.70107,0.70107,0.70107,0.70107,0.70107,0.70107,0.70107,0.70107,0.70107,0.70107,0.70107,0.70107,0.70107
557,0.69955,0.69955,0.69955,0.69955,0.69955,0.69955,0.69955,0.69955,0.69955,0.69955,0.69955,0.69955,0.69955,0.69955,0.69955,0.69955,0.69955,0.69955,0.69955,0.69955,0.69955,0.69955,0.69955,0.69955,0.69955,0.69955,0.69955,0.69955,0.69955
558,0.69797,0.69797,0.69797,0.69797,0.69797,0.69797,0.69797,0.69797,0.69797,0.69797,0.69797,0.69797,0.69797,0.69797,0.69797,0.69797,0.69797,0.69797,0.69797,0.69797,0.69797,0.69797,0.69797,0.69797,0.69797,0.69797,0.69797,0.69797,0.69797
559,0.69631,0.69631,0.69631,0.69631,0.69631,0.69631,0.69631,0.69631,0.69631,0.69631,0.69631,0.69631,0.69631,0.69631,0.69631,0.69631,0.69631,0.69631,0.69631,0.69631,0.69631,0.69631,0.69631,0.69631,0.69631,0.69631,0.69631,0.69631,0.69631
560,0.69460,0.69460,0.69460,0.69460,0.69460,0.69460,0.69460,0.69460,0.69460,0.69460,0.69460,0.69460,0.69460,0.69460,0.69460,0.69460,0.69460,0.69460,0.69460,0.69460,0.69460,0.69460,0.69460,0.69460,0.69460,0.69460,0.69460,0.69460,0.69460
561,0.69282,0.69282,0.69282,0.69282,0.69282,0.69282,0.69282,0.69282,0.69282,0.69282,0.69282,0.69282,0.69282,0.69282,0.69282,0.69282,0.69282,0.69282,0.69282,0.69282,0.69282,0.69282,0.69282,0.69282,0.69282,0.69282,0.69282,0.69282,0.69282
562,0.69098,0.69098,0.69098,0.69098,0.69098,0.69098,0.69098,0.69098,0.69098,0.69098,0.69098,0.69098,0.69098,0.69098,0.69098,0.69098,0.69098,0.69098,0.69098,0.69098,0.69098,0.69098,0.69098,0.69098,0.69098,0.69098,0.69098,0.69098,0.69098
563,0.68908,0.68908,0.68908,0.68908,0.68908,0.68908,0.68908,0.68908,0.68908,0.68908,0.68908,0.68908,0.68908,0.68908,0.68908,0.68908,0.68908,0.68908,0.68908,0.68908,0.68908,0.68908,0.68908,0.68908,0.68908,0.68908,0.68908,0.68908,0.68908
564,0.68712,0.68712,0.68712,0.68712,0.68712,0.68712,0.68712,0.68712,0.68712,0.68712,0.68712,0.68712,0.68712,0.68712,0.68712,0.68712,0.68712,0.68712,0.68712,0.68712,0.68712,0.68712,0.68712,0.68712,0.68712,0.68712,0.68712,0.68712,0.68712
565,0.68511,0.68511,0.68511,0.68511,0.68511,0.68511,0.68511,0.68511,0.68511,0.68511,0.68511,0.68511,0.68511,0.68511,0.68511,0.68511,0.68511,0.68511,0.68511,0.68511,0.68511,0.68511,0.68511,0.68511,0.68511,0.68511,0.68511,0.68511,0.68511
566,0.68304,0.68304,0.68304,0.68304,0.68304,0.68304,0.68304,0.68304,0.68304,0.68304,0.68304,0.68304,0.68304,0.68304,0.68304,0.68304,0.68304,0.68304,0.68304,0.68304,0.68304,0.68304,0.68304,0.68304,0.68304,0.68304,0.68304,0.68304,0.68304
567,0.68093,0.68093,0.68093,0.68093,0.68093,0.68093,0.68093,0.68093,0.68093,0.68093,0.68093,0.68093,0.68093,0.68093,0.68093,0.68093,0.68093,0.68093,0.68093,0.68093,0.68093,0.68093,0.68093,0.68093,0.68093,0.68093,0.68093,0.68093,0.68093
568,0.67876,0.67876,0.67876,0.67876,0.67876,0.67876,0.67876,0.67876,0.67876,0.67876,0.67876,0.67876,0.67876,0.67876,0.67876,0.67876,0.67876,0.67876,0.67876,0.67876,0.67876,0.67876,0.67876,0.67876,0.67876,0.67876,0.67876,0.67876,0.67876
569,0.67654,0.67654,0.67654,0.67654,0.67654,0.67654,0.67654,0.67654,0.67654,0.67654,0.67654,0.67654,0.67654,0.67654,0.67654,0.67654,0.67654,0.67654,0.67654,0.67654,0.67654,0.67654,0.67654,0.67654,0.67654,0.67654,0.67654,0.67654,0.67654
570,0.67427,0.67427,0.67427,0.67427,0.67427,0.67427,0.67427,0.67427,0.67427,0.67427,0.67427,0.67427,0.67427,0.67427,0.67427,0.67427,0.67427,0.67427,0.67427,0.67427,0.67427,0.67427,0.67427,0.67427,0.67427,0.67427,0.67427,0.67427,0.67427
571,0.67196,0.67196,0.67196,0.67196,0.67196,0.67196,0.67196,0.67196,0.67196,0.67196,0.67196,0.67196,0.67196,0.67196,0.67196,0.67196,0.67196,0.67196,0.67196,0.67196,0.67196,0.67196,0.67196,0.67196,0.67196,0.67196,0.67196,0.67196,0.67196
572,0.66960,0.66960,0.66960,0.66960,0.66960,0.66960,0.66960,0.66960,0.66960,0.66960,0.66960,0.66960,0.66960,0.66960,0.66960,0.66960,0.66960,0.66960,0.66960,0.66960,0.66960,0.66960,0.66960,0.66960,0.66960,0.66960,0.66960,0.66960,0.66960
573,0.66720,0.66720,0.66720,0.66720,0.66720,0.66720,0.66720,0.66720,0.66720,0.66720,0.66720,0.66720,0.66720,0.66720,0.66720,0.66720,0.66720,0.66720,0.66720,0.66720,0.66720,0.66720,0.66720,0.66720,0.66720,0.66720,0.66720,0.66720,0.66720
574,0.66476,0.66476,0.66476,0.66476,0.66476,0.66476,0.66476,0.66476,0.66476,0.66476,0.66476,0.66476,0.66476,0.66476,0.66476,0.66476,0.66476,0.66476,0.66476,0.66476,0.66476,0.66476,0.66476,0.66476,0.66476,0.66476,0.66476,0.66476,0.66476
575,0.66227,0.66227,0.66227,0.66227,0.66227,0.66227,0.66227,0.66227,0.66227,0.66227,0.66227,0.66227,0.66227,0.66227,0.66227,0.66227,0.66227,0.66227,0.66227,0.66227,0.66227,0.66227,0.66227,0.66227,0.66227,0.66227,0.66227,0.66227,0.66227
576,0.65975,0.65975,0.65975,0.65975,0.65975,0.65975,0.65975,0.65975,0.65975,0.65975,0.65975,0.65975,0.65975,0.65975,0.65975,0.65975,0.65975,0.65975,0.65975,0.65975,0.65975,0.65975,0.65975,0.65975,0.65975,0.65975,0.65975,0.65975,0.65975
577,0.65720,0.65720,0.65720,0.65720,0.65720,0.65720,0.65720,0.65720,0.65720,0.65720,0.65720,0.65720,0.65720,0.65720,0.65720,0.65720,0.65720,0.65720,0.65720,0.65720,0.65720,0.65720,0.65720,0.65720,0.65720,0.65720,0.65720,0.65720,0.65720
578,0.65460,0.65460,0.65460,0.65460,0.65460,0.65460,0.65460,0.65460,0.65460,0.65460,0.65460,0.65460,0.65460,0.65460,0.65460,0.65460,0.65460,0.65460,0.65460,0.65460,0.65460,0.65460,0.65460,0.65460,0.65460,0.65460,0.65460,0.65460,0.65460
579,0.65198,0.65198,0.65198,0.65198,0.65198,0.65198,0.65198,0.65198,0.65198,0.65198,0.65198,0.65198,0.65198,0.65198,0.65198,0.65198,0.65198,0.65198,0.65198,0.65198,0.65198,0.65198,0.65198,0.65198,0.65198,0.65198,0.65198,0.65198,0.65198
580,0.64931,0.64931,0.64931,0.64931,0.64931,0.64931,0.64931,0.64931,0.64931,0.64931,0.64931,0.64931,0.64931,0.64931,0.64931,0.64931,0.64931,0.64931,0.64931,0.64931,0.64931,0.64931,0.64931,0.64931,0.64931,0.64931,0.64931,0.64931,0.64931
581,0.64662,0.64662,0.64662,0.64662,0.64662,0.64662,0.64662,0.64662,0.64662,0.64662,0.64662,0.64662,0.64662,0.64662,0.64662,0.64662,0.64662,0.64662,0.64662,0.64662,0.64662,0.64662,0.64662,0.64662,0.64662,0.64662,0.64662,0.64662,0.64662
582,0.64390,0.64390,0.64390,0.64390,0.64390,0.64390,0.64390,0.64390,0.64390,0.64390,0.64390,0.64390,0.64390,0.64390,0.64390,0.64390,0.64390,0.64390,0.64390,0.64390,0.64390,0.64390,0.64390,0.64390,0.64390,0.64390,0.64390,0.64390,0.64390
583,0.64115,0.64115,0.64115,0.64115,0.64115,0.64115,0.64115,0.64115,0.64115,0.64115,0.64115,0.64115,0.64115,0.64115,0.64115,0.64115,0.64115,0.64115,0.64115,0.64115,0.64115,0.64115,0.64115,0.64115,0.64115,0.64115,0.64115,0.64115,0.64115
584,0.63837,0.63837,0.63837,0.63837,0.63837,0.63837,0.63837,0.63837,0.63837,0.63837,0.63837,0.63837,0.63837,0.63837,0.63837,0.63837,0.63837,0.63837,0.63837,0.63837,0.63837,0.63837,0.63837,0.63837,0.63837,0.63837,0.63837,0.63837,0.63837
585,0.63557,0.63557,0.63557,0.63557,0.63557,0.63557,0.63557,0.63557,0.63557,0.63557,0.63557,0.63557,0.63557,0.63557,0.63557,0.63557,0.63557,0.63557,0.63557,0.63557,0.63557,0.63557,0.63557,0.63557,0.63557,0.63557,0.63557,0.63557,0.63557
586,0.63274,0.63274,0.63274,0.63274,0.63274,0.63274,0.63274,0.63274,0.63274,0.63274,0.63274,0.63274,0.63274,0.63274,0.63274,0.63274,0.63274,0.63274,0.63274,0.63274,0.63274,0.63274,0.63274,0.63274,0.63274,0.63274,0.63274,0.63274,0.63274
587,0.62988,0.62988,0.62988,0.62988,0.62988,0.62988,0.62988,0.62988,0.62988,0.62988,0.62988,0.62988,0.62988,0.62988,0.62988,0.62988,0.62988,0.62988,0.62988,0.62988,0.62988,0.62988,0.62988,0.62988,0.62988,0.62988,0.62988,0.62988,0.62988
588,0.62700,0.62700,0.62700,0.62700,0.62700,0.62700,0.62700,0.62700,0.62700,0.62700,0.62700,0.62700,0.62700,0.62700,0.62700,0.62700,0.62700,0.62700,0.62700,0.62700,0.62700,0.62700,0.62700,0.62700,0.62700,0.62700,0.62700,0.62700,0.62700
589,0.62410,0.62410,0.62410,0.62410,0.62410,0.62410,0.62410,0.62410,0.62410,0.62410,0.62410,0.62410,0.62410,0.62410,0.62410,0.62410,0.62410,0.62410,0.62410,0.62410,0.62410,0.62410,0.62410,0.62410,0.62410,0.62410,0.62410,0.62410,0.62410
590,0.62118,0.62118,0.62118,0.62118,0.62118,0.62118,0.62118,0.62118,0.62118,0.62118,0.62118,0.62118,0.62118,0.62118,0.62118,0.62118,0.62118,0.62118,0.62118,0.62118,0.62118,0.62118,0.62118,0.62118,0.62118,0.62118,0.62118,0.62118,0.62118
591,0.61824,0.61824,0.61824,0.61824,0.61824,0.61824,0.61824,0.61824,0.61824,0.61824,0.61824,0.61824,0.61824,0.61824,0.61824,0.61824,0.61824,0.61824,0.61824,0.61824,0.61824,0.61824,0.61824,0.61824,0.61824,0.61824,0.61824,0.61824,0.61824
592,0.61528,0.61528,0.61528,0.61528,0.61528,0.61528,0.61528,0.61528,0.61528,0.61528,0.61528,0.61528,0.61528,0.61528,0.61528,0.61528,0.61528,0.61528,0.61528,0.61528,0.61528,0.61528,0.61528,0.61528,0.61528,0.61528,0.61528,0.61528,0.61528
593,0.61230,0.61230,0.61230,0.61230,0.61230,0.61230,0.61230,0.61230,0.61230,0.61230,0.61230,0.61230,0.61230,0.61230,0.61230,0.61230,0.61230,0.61230,0.61230,0.61230,0.61230,0.61230,0.61230,0.61230,0.61230,0.61230,0.61230,0.61230,0.61230
594,0.60930,0.60930,0.60930,0.60930,0.60930,0.60930,0.60930,0.60930,0.60930,0.60930,0.60930,0.60930,0.60930,0.60930,0.60930,0.60930,0.60930,0.60930,0.60930,0.60930,0.60930,0.60930,0.60930,0.60930,0.60930,0.60930,0.60930,0.60930,0.60930
595,0.60629,0.60629,0.60629,0.60629,0.60629,0.60629,0.60629,0.60629,0.60629,0.60629,0.60629,0.60629,0.60629,0.60629,0.60629,0.60629,0.60629,0.60629,0.60629,0.60629,0.60629,0.60629,0.60629,0.60629,0.60629,0.60629,0.60629,0.60629,0.60629
596,0.60326,0.60326,0.60326,0.60326,0.60326,0.60326,0.60326,0.60326,0.60326,0.60326,0.60326,0.60326,0.60326,0.60326,0.60326,0.60326,0.60326,0.60326,0.60326,0.60326,0.60326,0.60326,0.60326,0.60326,0.60326,0.60326,0.60326,0.60326,0.60326
597,0.60021,0.60021,0.60021,0.60021,0.60021,0.60021,0.60021,0.60021,0.60021,0.60021,0.60021,0.60021,0.60021,0.60021,0.60021,0.60021,0.60021,0.60021,0.60021,0.60021,0.60021,0.60021,0.60021,0.60021,0.60021,0.60021,0.60021,0.60021,0.60021
598,0.59715,0.59715,0.59715,0.59715,0.59715,0.59715,0.59715,0.59715,0.59715,0.59715,0.59715,0.59715,0.59715,0.59715,0.59715,0.59715,0.59715,0.59715,0.59715,0.59715,0.59715,0.59715,0.59715,0.59715,0.59715,0.59715,0.59715,0.59715,0.59715
599,0.59408,0.59408,0.59408,0.59408,0.59408,0.59408,0.59408,0.59408,0.59408,0.59408,0.59408,0.59408,0.59408,0.59408,0.59408,0.59408,0.59408,0.59408,0.59408,0.59408,0.59408,0.59408,0.59408,0.59408,0.59408,0.59408,0.59408,0.59408,0.59408
600,0.59100,0.59100,0.59100,0.59100,0.59100,0.59100,0.59100,0.59100,0.59100,0.59100,0.59100,0.59100,0.59100,0.59100,0.59100,0.59100,0.59100,0.59100,0.59100,0.59100,0.59100,0.59100,0.59100,0.59100,0.59100,0.59100,0.59100,0.59100,0.59100
601,0.58790,0.58790,0.58790,0.58790,0.58790,0.58790,0.58790,0.58790,0.58790,0.58790,0.58790,0.58790,0.58790,0.58790,0.58790,0.58790,0.58790,0.58790,0.58790,0.58790,0.58790,0.58790,0.58790,0.58790,0.58790,0.58790,0.58790,0.58790,0.58790
602,0.58479,0.58479,0.58479,0.58479,0.58479,0.58479,0.58479,0.58479,0.58479,0.58479,0.58479,0.58479,0.58479,0.58479,0.58479,0.58479,0.58479,0.58479,0.58479,0.58479,0.58479,0.58479,0.58479,0.58479,0.58479,0.58479,0.58479,0.58479,0.58479
603,0.58167,0.58167,0.58167,0.58167,0.58167,0.58167,0.58167,0.58167,0.58167,0.58167,0.58167,0.58167,0.58167,0.58167,0.58167,0.58167,0.58167,0.58167,0.58167,0.58167,0.58167,0.58167,0.58167,0.58167,0.58167,0.58167,0.58167,0.58167,0.58167
604,0.57854,0.57854,0.57854,0.57854,0.57854,0.57854,0.57854,0.57854,0.57854,0.57854,0.57854,0.57854,0.57854,0.57854,0.57854,0.57854,0.57854,0.57854,0.57854,0.57854,0.57854,0.57854,0.57854,0.57854,0.57854,0.57854,0.57854,0.57854,0.57854
605,0.57540,0.57540,0.57540,0.57540,0.57540,0.57540,0.57540,0.57540,0.57540,0.57540,0.57540,0.57540,0.57540,0.57540,0.57540,0.57540,0.57540,0.57540,0.57540,0.57540,0.57540,0.57540,0.57540,0.57540,0.57540,0.57540,0.57540,0.57540,0.57540
606,0.57225,0.57225,0.57225,0.57225,0.57225,0.57225,0.57225,0.57225,0.57225,0.57225,0.57225,0.57225,0.57225,0.57225,0.57225,0.57225,0.57225,0.57225,0.57225,0.57225,0.57225,0.57225,0.57225,0.57225,0.57225,0.57225,0.57225,0.57225,0.57225
607,0.56910,0.56910,0.56910,0.56910,0.56910,0.56910,0.56910,0.56910,0.56910,0.56910,0.56910,0.56910,0.56910,0.56910,0.56910,0.56910,0.56910,0.56910,0.56910,0.56910,0.56910,0.56910,0.56910,0.56910,0.56910,0.56910,0.56910,0.56910,0.56910
608,0.56593,0.56593,0.56593,0.56593,0.56593,0.56593,0.56593,0.56593,0.56593,0.56593,0.56593,0.56593,0.56593,0.56593,0.56593,0.56593,0.56593,0.56593,0.56593,0.56593,0.56593,0.56593,0.56593,0.56593,0.56593,0.56593,0.56593,0.56593,0.56593
609,0.56276,0.56276,0.56276,0.56276,0.56276,0.56276,0.56276,0.56276,0.56276,0.56276,0.56276,0.56276,0.56276,0.56276,0.56276,0.56276,0.56276,0.56276,0.56276,0.56276,0.56276,0.56276,0.56276,0.56276,0.56276,0.56276,0.56276,0.56276,0.56276
610,0.55958,0.55958,0.55958,0.55958,0.55958,0.55958,0.55958,0.55958,0.55958,0.55958,0.55958,0.55958,0.55958,0.55958,0.55958,0.55958,0.55958,0.55958,0.55958,0.55958,0.55958,0.55958,0.55958,0.55958,0.55958,0.55958,0.55958,0.55958,0.55958
611,0.55640,0.55640,0.55640,0.55640,0.55640,0.55640,0.55640,0.55640,0.55640,0.55640,0.55640,0.55640,0.55640,0.55640,0.55640,0.55640,0.55640,0.55640,0.55640,0.55640,0.55640,0.55640,0.55640,0.55640,0.55640,0.55640,0.55640,0.55640,0.55640
612,0.55320,0.55320,0.55320,0.55320,0.55320,0.55320,0.55320,0.55320,0.55320,0.55320,0.55320,0.55320,0.55320,0.55320,0.55320,0.55320,0.55320,0.55320,0.55320,0.55320,0.55320,0.55320,0.55320,0.55320,0.55320,0.55320,0.55320,0.55320,0.55320
613,0.55001,0.55001,0.55001,0.55001,0.55001,0.55001,0.55001,0.55001,0.55001,0.55001,0.55001,0.55001,0.55001,0.55001,0.55001,0.55001,0.55001,0.55001,0.55001,0.55001,0.55001,0.55001,0.55001,0.55001,0.55001,0.55001,0.55001,0.55001,0.55001
614,0.54680,0.54680,0.54680,0.54680,0.54680,0.54680,0.54680,0.54680,0.54680,0.54680,0.54680,0.54680,0.54680,0.54680,0.54680,0.54680,0.54680,0.54680,0.54680,0.54680,0.54680,0.54680,0.54680,0.54680,0.54680,0.54680,0.54680,0.54680,0.54680
615,0.54360,0.54360,0.54360,0.54360,0.54360,0.54360,0.54360,0.54360,0.54360,0.54360,0.54360,0.54360,0.54360,0.54360,0.54360,0.54360,0.54360,0.54360,0.54360,0.54360,0.54360,0.54360,0.54360,0.54360,0.54360,0.54360,0.54360,0.54360,0.54360
616,0.54038,0.54038,0.54038,0.54038,0.54038,0.54038,0.54038,0.54038,0.54038,0.54038,0.54038,0.54038,0.54038,0.54038,0.54038,0.54038,0.54038,0.54038,0.54038,0.54038,0.54038,0.54038,0.54038,0.54038,0.54038,0.54038,0.54038,0.54038,0.54038
617,0.53717,0.53717,0.53717,0.53717,0.53717,0.53717,0.53717,0.53717,0.53717,0.53717,0.53717,0.53717,0.53717,0.53717,0.53717,0.53717,0.53717,0.53717,0.53717,0.53717,0.53717,0.53717,0.53717,0.53717,0.53717,0.53717,0.53717,0.53717,0.53717
618,0.53395,0.53395,0.53395,0.53395,0.53395,0.53395,0.53395,0.53395,0.53395,0.53395,0.53395,0.53395,0.53395,0.53395,0.53395,0.53395,0.53395,0.53395,0.53395,0.53395,0.53395,0.53395,0.53395,0.53395,0.53395,0.53395,0.53395,0.53395,0.53395
619,0.53072,0.53072,0.53072,0.53072,0.53072,0.53072,0.53072,0.53072,0.53072,0.53072,0.53072,0.53072,0.53072,0.53072,0.53072,0.53072,0.53072,0.53072,0.53072,0.53072,0.53072,0.53072,0.53072,0.53072,0.53072,0.53072,0.53072,0.53072,0.53072
620,0.52750,0.52750,0.52750,0.52750,0.52750,0.52750,0.52750,0.52750,0.52750,0.52750,0.52750,0.52750,0.52750,0.52750,0.52750,0.52750,0.52750,0.52750,0.52750,0.52750,0.52750,0.52750,0.52750,0.52750,0.52750,0.52750,0.52750,0.52750,0.52750
621,0.52427,0.52427,0.52427,0.52427,0.52427,0.52427,0.52427,0.52427,0.52427,0.52427,0.52427,0.52427,0.52427,0.52427,0.52427,0.52427,0.52427,0.52427,0.52427,0.52427,0.52427,0.52427,0.52427,0.52427,0.52427,0.52427,0.52427,0.52427,0.52427
622,0.52104,0.52104,0.52104,0.52104,0.52104,0.52104,0.52104,0.52104,0.52104,0.52104,0.52104,0.52104,0.52104,0.52104,0.52104,0.52104,0.52104,0.52104,0.52104,0.52104,0.52104,0.52104,0.52104,0.52104,0.52104,0.52104,0.52104,0.52104,0.52104
623,0.51780,0.51780,0.51780,0.51780,0.51780,0.51780,0.51780,0.51780,0.51780,0.51780,0.51780,0.51780,0.51780,0.51780,0.51780,0.51780,0.51780,0.51780,0.51780,0.51780,0.51780,0.51780,0.51780,0.51780,0.51780,0.51780,0.51780,0.51780,0.51780
624,0.51457,0.51457,0.51457,0.51457,0.51457,0.51457,0.51457,0.51457,0.51457,0.51457,0.51457,0.51457,0.51457,0.51457,0.51457,0.51457,0.51457,0.51457,0.51457,0.51457,0.51457,0.51457,0.51457,0.51457,0.51457,0.51457,0.51457,0.51457,0.51457
625,0.51133,0.51133,0.51133,0.51133,0.51133,0.51133,0.51133,0.51133,0.51133,0.51133,0.51133,0.51133,0.51133,0.51133,0.51133,0.51133,0.51133,0.51133,0.51133,0.51133,0.51133,0.51133,0.51133,0.51133,0.51133,0.51133,0.51133,0.51133,0.51133
626,0.50810,0.50810,0.50810,0.50810,0.50810,0.50810,0.50810,0.50810,0.50810,0.50810,0.50810,0.50810,0.50810,0.50810,0.50810,0.50810,0.50810,0.50810,0.50810,0.50810,0.50810,0.50810,0.50810,0.50810,0.50810,0.50810,0.50810,0.50810,0.50810
627,0.50486,0.50486,0.50486,0.50486,0.50486,0.50486,0.50486,0.50486,0.50486,0.50486,0.50486,0.50486,0.50486,0.50486,0.50486,0.50486,0.50486,0.50486,0.50486,0.50486,0.50486,0.50486,0.50486,0.50486,0.50486,0.50486,0.50486,0.50486,0.50486
628,0.50162,0.50162,0.50162,0.50162,0.50162,0.50162,0.50162,0.50162,0.50162,0.50162,0.50162,0.50162,0.50162,0.50162,0.50162,0.50162,0.50162,0.50162,0.50162,0.50162,0.50162,0.50162,0.50162,0.50162,0.50162,0.50162,0.50162,0.50162,0.50162
629,0.49838,0.49838,0.49838,0.49838,0.49838,0.49838,0.49838,0.49838,0.49838,0.49838,0.49838,0.49838,0.49838,0.49838,0.49838,0.49838,0.49838,0.49838,0.49838,0.49838,0.49838,0.49838,0.49838,0.49838,0.49838,0.49838,0.49838,0.49838,0.49838
630,0.49514,0.49514,0.49514,0.49514,0.49514,0.49514,0.49514,0.49514,0.49514,0.49514,0.49514,0.49514,0.49514,0.49514,0.49514,0.49514,0.49514,0.49514,0.49514,0.49514,0.49514,0.49514,0.49514,0.49514,0.49514,0.49514,0.49514,0.49514,0.49514
631,0.49190,0.49190,0.49190,0.49190,0.49190,0.49190,0.49190,0.49190,0.49190,0.49190,0.49190,0.49190,0.49190,0.49190,0.49190,0.49190,0.49190,0.49190,0.49190,0.49190,0.49190,0.49190,0.49190,0.49190,0.49190,0.49190,0.49190,0.49190,0.49190
632,0.48867,0.48867,0.48867,0.48867,0.48867,0.48867,0.48867,0.48867,0.48867,0.48867,0.48867,0.48867,0.48867,0.48867,0.48867,0.48867,0.48867,0.48867,0.48867,0.48867,0.48867,0.48867,0.48867,0.48867,0.48867,0.48867,0.48867,0.48867,0.48867
633,0.48543,0.48543,0.48543,0.48543,0.48543,0.48543,0.48543,0.48543,0.48543,0.48543,0.48543,0.48543,0.48543,0.48543,0.48543,0.48543,0.48543,0.48543,0.48543,0.48543,0.48543,0.48543,0.48543,0.48543,0.48543,0.48543,0.48543,0.48543,0.48543
634,0.48220,0.48220,0.48220,0.48220,0.48220,0.48220,0.48220,0.48220,0.48220,0.48220,0.48220,0.48220,0.48220,0.48220,0.48220,0.48220,0.48220,0.48220,0.48220,0.48220,0.48220,0.48220,0.48220,0.48220,0.48220,0.48220,0.48220,0.48220,0.48220
635,0.47896,0.47896,0.47896,0.47896,0.47896,0.47896,0.47896,0.47896,0.47896,0.47896,0.47896,0.47896,0.47896,0.47896,0.47896,0.47896,0.47896,0.47896,0.47896,0.47896,0.47896,0.47896,0.47896,0.47896,0.47896,0.47896,0.47896,0.47896,0.47896
636,0.47573,0.47573,0.47573,0.47573,0.47573,0.47573,0.47573,0.47573,0.47573,0.47573,0.47573,0.47573,0.47573,0.47573,0.47573,0.47573,0.47573,0.47573,0.47573,0.47573,0.47573,0.47573,0.47573,0.47573,0.47573,0.47573,0.47573,0.47573,0.47573
637,0.47250,0.47250,0.47250,0.47250,0.47250,0.47250,0.47250,0.47250,0.47250,0.47250,0.47250,0.47250,0.47250,0.47250,0.47250,0.47250,0.47250,0.47250,0.47250,0.47250,0.47250,0.47250,0.47250,0.47250,0.47250,0.47250,0.47250,0.47250,0.47250
638,0.46928,0.46928,0.46928,0.46928,0.46928,0.46928,0.46928,0.46928,0.46928,0.46928,0.46928,0.46928,0.46928,0.46928,0.46928,0.46928,0.46928,0.46928,0.46928,0.46928,0.46928,0.46928,0.46928,0.46928,0.46928,0.46928,0.46928,0.46928,0.46928
639,0.46605,0.46605,0.46605,0.46605,0.46605,0.46605,0.46605,0.46605,0.46605,0.46605,0.46605,0.46605,0.46605,0.46605,0.46605,0.46605,0.46605,0.46605,0.46605,0.46605,0.46605,0.46605,0.46605,0.46605,0.46605,0.46605,0.46605,0.46605,0.46605
640,0.46283,0.46283,0.46283,0.46283,0.46283,0.46283,0.46283,0.46283,0.46283,0.46283,0.46283,0.46283,0.46283,0.46283,0.46283,0.46283,0.46283,0.46283,0.46283,0.46283,0.46283,0.46283,0.46283,0.46283,0.46283,0.46283,0.46283,0.46283,0.46283
641,0.45962,0.45962,0.45962,0.45962,0.45962,0.45962,0.45962,0.45962,0.45962,0.45962,0.45962,0.45962,0.45962,0.45962,0.45962,0.45962,0.45962,0.45962,0.45962,0.45962,0.45962,0.45962,0.45962,0.45962,0.45962,0.45962,0.45962,0.45962,0.45962
642,0.45640,0.45640,0.45640,0.45640,0.45640,0.45640,0.45640,0.45640,0.45640,0.45640,0.45640,0.45640,0.45640,0.45640,0.45640,0.45640,0.45640,0.45640,0.45640,0.45640,0.45640,0.45640,0.45640,0.45640,0.45640,0.45640,0.45640,0.45640,0.45640
643,0.45320,0.45320,0.45320,0.45320,0.45320,0.45320,0.45320,0.45320,0.45320,0.45320,0.45320,0.45320,0.45320,0.45320,0.45320,0.45320,0.45320,0.45320,0.45320,0.45320,0.45320,0.45320,0.45320,0.45320,0.45320,0.45320,0.45320,0.45320,0.45320
644,0.44999,0.44999,0.44999,0.44999,0.44999,0.44999,0.44999,0.44999,0.44999,0.44999,0.44999,0.44999,0.44999,0.44999,0.44999,0.44999,0.44999,0.44999,0.44999,0.44999,0.44999,0.44999,0.44999,0.44999,0.44999,0.44999,0.44999,0.44999,0.44999
645,0.44680,0.44680,0.44680,0.44680,0.44680,0.44680,0.44680,0.44680,0.44680,0.44680,0.44680,0.44680,0.44680,0.44680,0.44680,0.44680,0.44680,0.44680,0.44680,0.44680,0.44680,0.44680,0.44680,0.44680,0.44680,0.44680,0.44680,0.44680,0.44680
646,0.44360,0.44360,0.44360,0.44360,0.44360,0.44360,0.44360,0.44360,0.44360,0.44360,0.44360,0.44360,0.44360,0.44360,0.44360,0.44360,0.44360,0.44360,0.44360,0.44360,0.44360,0.44360,0.44360,0.44360,0.44360,0.44360,0.44360,0.44360,0.44360
647,0.44042,0.44042,0.44042,0.44042,0.44042,0.44042,0.44042,0.44042,0.44042,0.44042,0.44042,0.44042,0.44042,0.44042,0.44042,0.44042,0.44042,0.44042,0.44042,0.44042,0.44042,0.44042,0.44042,0.44042,0.44042,0.44042,0.44042,0.44042,0.44042
648,0.43724,0.43724,0.43724,0.43724,0.43724,0.43724,0.43724,0.43724,0.43724,0.43724,0.43724,0.43724,0.43724,0.43724,0.43724,0.43724,0.43724,0.43724,0.43724,0.43724,0.43724,0.43724,0.43724,0.43724,0.43724,0.43724,0.43724,0.43724,0.43724
649,0.43407,0.43407,0.43407,0.43407,0.43407,0.43407,0.43407,0.43407,0.43407,0.43407,0.43407,0.43407,0.43407,0.43407,0.43407,0.43407,0.43407,0.43407,0.43407,0.43407,0.43407,0.43407,0.43407,0.43407,0.43407,0.43407,0.43407,0.43407,0.43407
650,0.43090,0.43090,0.43090,0.43090,0.43090,0.43090,0.43090,0.43090,0.43090,0.43090,0.43090,0.43090,0.43090,0.43090,0.43090,0.43090,0.43090,0.43090,0.43090,0.43090,0.43090,0.43090,0.43090,0.43090,0.43090,0.43090,0.43090,0.43090,0.43090
651,0.42775,0.42775,0.42775,0.42775,0.42775,0.42775,0.42775,0.42775,0.42775,0.42775,0.42775,0.42775,0.42775,0.42775,0.42775,0.42775,0.42775,0.42775,0.42775,0.42775,0.42775,0.42775,0.42775,0.42775,0.42775,0.42775,0.42775,0.42775,0.42775
652,0.42460,0.42460,0.42460,0.42460,0.42460,0.42460,0.42460,0.42460,0.42460,0.42460,0.42460,0.42460,0.42460,0.42460,0.42460,0.42460,0.42460,0.42460,0.42460,0.42460,0.42460,0.42460,0.42460,0.42460,0.42460,0.42460,0.42460,0.42460,0.42460
653,0.42146,0.42146,0.42146,0.42146,0.42146,0.42146,0.42146,0.42146,0.42146,0.42146,0.42146,0.42146,0.42146,0.42146,0.42146,0.42146,0.42146,0.42146,0.42146,0.42146,0.42146,0.42146,0.42146,0.42146,0.42146,0.42146,0.42146,0.42146,0.42146
654,0.41833,0.41833,0.41833,0.41833,0.41833,0.41833,0.41833,0.41833,0.41833,0.41833,0.41833,0.41833,0.41833,0.41833,0.41833,0.41833,0.41833,0.41833,0.41833,0.41833,0.41833,0.41833,0.41833,0.41833,0.41833,0.41833,0.41833,0.41833,0.41833
655,0.41521,0.41521,0.41521,0.41521,0.41521,0.41521,0.41521,0.41521,0.41521,0.41521,0.41521,0.41521,0.41521,0.41521,0.41521,0.41521,0.41521,0.41521,0.41521,0.41521,0.41521,0.41521,0.41521,0.41521,0.41521,0.41521,0.41521,0.41521,0.41521
656,0.41210,0.41210,0.41210,0.41210,0.41210,0.41210,0.41210,0.41210,0.41210,0.41210,0.41210,0.41210,0.41210,0.41210,0.41210,0.41210,0.41210,0.41210,0.41210,0.41210,0.41210,0.41210,0.41210,0.41210,0.41210,0.41210,0.41210,0.41210,0.41210
657,0.40900,0.40900,0.40900,0.40900,0.40900,0.40900,0.40900,0.40900,0.40900,0.40900,0.40900,0.40900,0.40900,0.40900,0.40900,0.40900,0.40900,0.40900,0.40900,0.40900,0.40900,0.40900,0.40900,0.40900,0.40900,0.40900,0.40900,0.40900,0.40900
658,0.40592,0.40592,0.40592,0.40592,0.40592,0.40592,0.40592,0.40592,0.40592,0.40592,0.40592,0.40592,0.40592,0.40592,0.40592,0.40592,0.40592,0.40592,0.40592,0.40592,0.40592,0.40592,0.40592,0.40592,0.40592,0.40592,0.40592,0.40592,0.40592
659,0.40285,0.40285,0.40285,0.40285,0.40285,0.40285,0.40285,0.40285,0.40285,0.40285,0.40285,0.40285,0.40285,0.40285,0.40285,0.40285,0.40285,0.40285,0.40285,0.40285,0.40285,0.40285,0.40285,0.40285,0.40285,0.40285,0.40285,0.40285,0.40285
660,0.39979,0.39979,0.39979,0.39979,0.39979,0.39979,0.39979,0.39979,0.39979,0.39979,0.39979,0.39979,0.39979,0.39979,0.39979,0.39979,0.39979,0.39979,0.39979,0.39979,0.39979,0.39979,0.39979,0.39979,0.39979,0.39979,0.39979,0.39979,0.39979
661,0.39674,0.39674,0.39674,0.39674,0.39674,0.39674,0.39674,0.39674,0.39674,0.39674,0.39674,0.39674,0.39674,0.39674,0.39674,0.39674,0.39674,0.39674,0.39674,0.39674,0.39674,0.39674,0.39674,0.39674,0.39674,0.39674,0.39674,0.39674,0.39674
662,0.39371,0.39371,0.39371,0.39371,0.39371,0.39371,0.39371,0.39371,0.39371,0.39371,0.39371,0.39371,0.39371,0.39371,0.39371,0.39371,0.39371,0.39371,0.39371,0.39371,0.39371,0.39371,0.39371,0.39371,0.39371,0.39371,0.39371,0.39371,0.39371
663,0.39070,0.39070,0.39070,0.39070,0.39070,0.39070,0.39070,0.39070,0.39070,0.39070,0.39070,0.39070,0.39070,0.39070,0.39070,0.39070,0.39070,0.39070,0.39070,0.39070,0.39070,0.39070,0.39070,0.39070,0.39070,0.39070,0.39070,0.39070,0.39070
664,0.38770,0.38770,0.38770,0.38770,0.38770,0.38770,0.38770,0.38770,0.38770,0.38770,0.38770,0.38770,0.38770,0.38770,0.38770,0.38770,0.38770,0.38770,0.38770,0.38770,0.38770,0.38770,0.38770,0.38770,0.38770,0.38770,0.38770,0.38770,0.38770
665,0.38472,0.38472,0.38472,0.38472,0.38472,0.38472,0.38472,0.38472,0.38472,0.38472,0.38472,0.38472,0.38472,0.38472,0.38472,0.38472,0.38472,0.38472,0.38472,0.38472,0.38472,0.38472,0.38472,0.38472,0.38472,0.38472,0.38472,0.38472,0.38472
666,0.38176,0.38176,0.38176,0.38176,0.38176,0.38176,0.38176,0.38176,0.38176,0.38176,0.38176,0.38176,0.38176,0.38176,0.38176,0.38176,0.38176,0.38176,0.38176,0.38176,0.38176,0.38176,0.38176,0.38176,0.38176,0.38176,0.38176,0.38176,0.38176
667,0.37882,0.37882,0.37882,0.37882,0.37882,0.37882,0.37882,0.37882,0.37882,0.37882,0.37882,0.37882,0.37882,0.37882,0.37882,0.37882,0.37882,0.37882,0.37882,0.37882,0.37882,0.37882,0.37882,0.37882,0.37882,0.37882,0.37882,0.37882,0.37882
668,0.37590,0.37590,0.37590,0.37590,0.37590,0.37590,0.37590,0.37590,0.37590,0.37590,0.37590,0.37590,0.37590,0.37590,0.37590,0.37590,0.37590,0.37590,0.37590,0.37590,0.37590,0.37590,0.37590,0.37590,0.37590,0.37590,0.37590,0.37590,0.37590
669,0.37300,0.37300,0.37300,0.37300,0.37300,0.37300,0.37300,0.37300,0.37300,0.37300,0.37300,0.37300,0.37300,0.37300,0.37300,0.37300,0.37300,0.37300,0.37300,0.37300,0.37300,0.37300,0.37300,0.37300,0.37300,0.37300,0.37300,0.37300,0.37300
670,0.37012,0.37012,0.37012,0.37012,0.37012,0.37012,0.37012,0.37012,0.37012,0.37012,0.37012,0.37012,0.37012,0.37012,0.37012,0.37012,0.37012,0.37012,0.37012,0.37012,0.37012,0.37012,0.37012,0.37012,0.37012,0.37012,0.37012,0.37012,0.37012
671,0.36726,0.36726,0.36726,0.36726,0.36726,0.36726,0.36726,0.36726,0.36726,0.36726,0.36726,0.36726,0.36726,0.36726,0.36726,0.36726,0.36726,0.36726,0.36726,0.36726,0.36726,0.36726,0.36726,0.36726,0.36726,0.36726,0.36726,0.36726,0.36726
672,0.36443,0.36443,0.36443,0.36443,0.36443,0.36443,0.36443,0.36443,0.36443,0.36443,0.36443,0.36443,0.36443,0.36443,0.36443,0.36443,0.36443,0.36443,0.36443,0.36443,0.36443,0.36443,0.36443,0.36443,0.36443,0.36443,0.36443,0.36443,0.36443
673,0.36163,0.36163,0.36163,0.36163,0.36163,0.36163,0.36163,0.36163,0.36163,0.36163,0.36163,0.36163,0.36163,0.36163,0.36163,0.36163,0.36163,0.36163,0.36163,0.36163,0.36163,0.36163,0.36163,0.36163,0.36163,0.36163,0.36163,0.36163,0.36163
674,0.35885,0.35885,0.35885,0.35885,0.35885,0.35885,0.35885,0.35885,0.35885,0.35885,0.35885,0.35885,0.35885,0.35885,0.35885,0.35885,0.35885,0.35885,0.35885,0.35885,0.35885,0.35885,0.35885,0.35885,0.35885,0.35885,0.35885,0.35885,0.35885
675,0.35610,0.35610,0.35610,0.35610,0.35610,0.35610,0.35610,0.35610,0.35610,0.35610,0.35610,0.35610,0.35610,0.35610,0.35610,0.35610,0.35610,0.35610,0.35610,0.35610,0.35610,0.35610,0.35610,0.35610,0.35610,0.35610,0.35610,0.35610,0.35610
676,0.35338,0.35338,0.35338,0.35338,0.35338,0.35338,0.35338,0.35338,0.35338,0.35338,0.35338,0.35338,0.35338,0.35338,0.35338,0.35338,0.35338,0.35338,0.35338,0.35338,0.35338,0.35338,0.35338,0.35338,0.35338,0.35338,0.35338,0.35338,0.35338
677,0.35069,0.35069,0.35069,0.35069,0.35069,0.35069,0.35069,0.35069,0.35069,0.35069,0.35069,0.35069,0.35069,0.35069,0.35069,0.35069,0.35069,0.35069,0.35069,0.35069,0.35069,0.35069,0.35069,0.35069,0.35069,0.35069,0.35069,0.35069,0.35069
678,0.34802,0.34802,0.34802,0.34802,0.34802,0.34802,0.34802,0.34802,0.34802,0.34802,0.34802,0.34802,0.34802,0.34802,0.34802,0.34802,0.34802,0.34802,0.34802,0.34802,0.34802,0.34802,0.34802,0.34802,0.34802,0.34802,0.34802,0.34802,0.34802
679,0.34540,0.34540,0.34540,0.34540,0.34540,0.34540,0.34540,0.34540,0.34540,0.34540,0.34540,0.34540,0.34540,0.34540,0.34540,0.34540,0.34540,0.34540,0.34540,0.34540,0.34540,0.34540,0.34540,0.34540,0.34540,0.34540,0.34540,0.34540,0.34540
680,0.34280,0.34280,0.34280,0.34280,0.34280,0.34280,0.34280,0.34280,0.34280,0.34280,0.34280,0.34280,0.34280,0.34280,0.34280,0.34280,0.34280,0.34280,0.34280,0.34280,0.34280,0.34280,0.34280,0.34280,0.34280,0.34280,0.34280,0.34280,0.34280
681,0.34025,0.34025,0.34025,0.34025,0.34025,0.34025,0.34025,0.34025,0.34025,0.34025,0.34025,0.34025,0.34025,0.34025,0.34025,0.34025,0.34025,0.34025,0.34025,0.34025,0.34025,0.34025,0.34025,0.34025,0.34025,0.34025,0.34025,0.34025,0.34025
682,0.33773,0.33773,0.33773,0.33773,0.33773,0.33773,0.33773,0.33773,0.33773,0.33773,0.33773,0.33773,0.33773,0.33773,0.33773,0.33773,0.33773,0.33773,0.33773,0.33773,0.33773,0.33773,0.33773,0.33773,0.33773,0.33773,0.33773,0.33773,0.33773
683,0.33524,0.33524,0.33524,0.33524,0.33524,0.33524,0.33524,0.33524,0.33524,0.33524,0.33524,0.33524,0.33524,0.33524,0.33524,0.33524,0.33524,0.33524,0.33524,0.33524,0.33524,0.33524,0.33524,0.33524,0.33524,0.33524,0.33524,0.33524,0.33524
684,0.33280,0.33280,0.33280,0.33280,0.33280,0.33280,0.33280,0.33280,0.33280,0.33280,0.33280,0.33280,0.33280,0.33280,0.33280,0.33280,0.33280,0.33280,0.33280,0.33280,0.33280,0.33280,0.33280,0.33280,0.33280,0.33280,0.33280,0.33280,0.33280
685,0.33040,0.33040,0.33040,0.33040,0.33040,0.33040,0.33040,0.33040,0.33040,0.33040,0.33040,0.33040,0.33040,0.33040,0.33040,0.33040,0.33040,0.33040,0.33040,0.33040,0.33040,0.33040,0.33040,0.33040,0.33040,0.33040,0.33040,0.33040,0.33040
686,0.32804,0.32804,0.32804,0.32804,0.32804,0.32804,0.32804,0.32804,0.32804,0.32804,0.32804,0.32804,0.32804,0.32804,0.32804,0.32804,0.32804,0.32804,0.32804,0.32804,0.32804,0.32804,0.32804,0.32804,0.32804,0.32804,0.32804,0.32804,0.32804
687,0.32573,0.32573,0.32573,0.32573,0.32573,0.32573,0.32573,0.32573,0.32573,0.32573,0.32573,0.32573,0.32573,0.32573,0.32573,0.32573,0.32573,0.32573,0.32573,0.32573,0.32573,0.32573,0.32573,0.32573,0.32573,0.32573,0.32573,0.32573,0.32573
688,0.32346,0.32346,0.32346,0.32346,0.32346,0.32346,0.32346,0.32346,0.32346,0.32346,0.32346,0.32346,0.32346,0.32346,0.32346,0.32346,0.32346,0.32346,0.32346,0.32346,0.32346,0.32346,0.32346,0.32346,0.32346,0.32346,0.32346,0.32346,0.32346
689,0.32124,0.32124,0.32124,0.32124,0.32124,0.32124,0.32124,0.32124,0.32124,0.32124,0.32124,0.32124,0.32124,0.32124,0.32124,0.32124,0.32124,0.32124,0.32124,0.32124,0.32124,0.32124,0.32124,0.32124,0.32124,0.32124,0.32124,0.32124,0.32124
690,0.31907,0.31907,0.31907,0.31907,0.31907,0.31907,0.31907,0.31907,0.31907,0.31907,0.31907,0.31907,0.31907,0.31907,0.31907,0.31907,0.31907,0.31907,0.31907,0.31907,0.31907,0.31907,0.31907,0.31907,0.31907,0.31907,0.31907,0.31907,0.31907
691,0.31696,0.31696,0.31696,0.31696,0.31696,0.31696,0.31696,0.31696,0.31696,0.31696,0.31696,0.31696,0.31696,0.31696,0.31696,0.31696,0.31696,0.31696,0.31696,0.31696,0.31696,0.31696,0.31696,0.31696,0.31696,0.31696,0.31696,0.31696,0.31696
692,0.31489,0.31489,0.31489,0.31489,0.31489,0.31489,0.31489,0.31489,0.31489,0.31489,0.31489,0.31489,0.31489,0.31489,0.31489,0.31489,0.31489,0.31489,0.31489,0.31489,0.31489,0.31489,0.31489,0.31489,0.31489,0.31489,0.31489,0.31489,0.31489
693,0.31288,0.31288,0.31288,0.31288,0.31288,0.31288,0.31288,0.31288,0.31288,0.31288,0.31288,0.31288,0.31288,0.31288,0.31288,0.31288,0.31288,0.31288,0.31288,0.31288,0.31288,0.31288,0.31288,0.31288,0.31288,0.31288,0.31288,0.31288,0.31288
694,0.31092,0.31092,0.31092,0.31092,0.31092,0.31092,0.31092,0.31092,0.31092,0.31092,0.31092,0.31092,0.31092,0.31092,0.31092,0.31092,0.31092,0.31092,0.31092,0.31092,0.31092,0.31092,0.31092,0.31092,0.31092,0.31092,0.31092,0.31092,0.31092
695,0.30902,0.30902,0.30902,0.30902,0.30902,0.30902,0.30902,0.30902,0.30902,0.30902,0.30902,0.30902,0.30902,0.30902,0.30902,0.30902,0.30902,0.30902,0.30902,0.30902,0.30902,0.30902,0.30902,0.30902,0.30902,0.30902,0.30902,0.30902,0.30902
696,0.30718,0.30718,0.30718,0.30718,0.30718,0.30718,0.30718,0.30718,0.30718,0.30718,0.30718,0.30718,0.30718,0.30718,0.30718,0.30718,0.30718,0.30718,0.30718,0.30718,0.30718,0.30718,0.30718,0.30718,0.30718,0.30718,0.30718,0.30718,0.30718
697,0.30540,0.30540,0.30540,0.30540,0.30540,0.30540,0.30540,0.30540,0.30540,0.30540,0.30540,0.30540,0.30540,0.30540,0.30540,0.30540,0.30540,0.30540,0.30540,0.30540,0.30540,0.30540,0.30540,0.30540,0.30540,0.30540,0.30540,0.30540,0.30540
698,0.30369,0.30369,0.30369,0.30369,0.30369,0.30369,0.30369,0.30369,0.30369,0.30369,0.30369,0.30369,0.30369,0.30369,0.30369,0.30369,0.30369,0.30369,0.30369,0.30369,0.30369,0.30369,0.30369,0.30369,0.30369,0.30369,0.30369,0.30369,0.30369
699,0.30203,0.30203,0.30203,0.30203,0.30203,0.30203,0.30203,0.30203,0.30203,0.30203,0.30203,0.30203,0.30203,0.30203,0.30203,0.30203,0.30203,0.30203,0.30203,0.30203,0.30203,0.30203,0.30203,0.30203,0.30203,0.30203,0.30203,0.30203,0.30203
700,0.30045,0.30045,0.30045,0.30045,0.30045,0.30045,0.30045,0.30045,0.30045,0.30045,0.30045,0.30045,0.30045,0.30045,0.30045,0.30045,0.30045,0.30045,0.30045,0.30045,0.30045,0.30045,0.30045,0.30045,0.30045,0.30045,0.30045,0.30045,0.30045
701,0.29893,0.29893,0.29893,0.29893,0.29893,0.29893,0.29893,0.29893,0.29893,0.29893,0.29893,0.29893,0.29893,0.29893,0.29893,0.29893,0.29893,0.29893,0.29893,0.29893,0.29893,0.29893,0.29893,0.29893,0.29893,0.29893,0.29893,0.29893,0.29893
702,0.29748,0.29748,0.29748,0.29748,0.29748,0.29748,0.29748,0.29748,0.29748,0.29748,0.29748,0.29748,0.29748,0.29748,0.29748,0.29748,0.29748,0.29748,0.29748,0.29748,0.29748,0.29748,0.29748,0.29748,0.29748,0.29748,0.29748,0.29748,0.29748
703,0.29609,0.29609,0.29609,0.29609,0.29609,0.29609,0.29609,0.29609,0.29609,0.29609,0.29609,0.29609,0.29609,0.29609,0.29609,0.29609,0.29609,0.29609,0.29609,0.29609,0.29609,0.29609,0.29609,0.29609,0.29609,0.29609,0.29609,0.29609,0.29609
704,0.29479,0.29479,0.29479,0.29479,0.29479,0.29479,0.29479,0.29479,0.29479,0.29479,0.29479,0.29479,0.29479,0.29479,0.29479,0.29479,0.29479,0.29479,0.29479,0.29479,0.29479,0.29479,0.29479,0.29479,0.29479,0.29479,0.29479,0.29479,0.29479
705,0.29355,0.29355,0.29355,0.29355,0.29355,0.29355,0.29355,0.29355,0.29355,0.29355,0.29355,0.29355,0.29355,0.29355,0.29355,0.29355,0.29355,0.29355,0.29355,0.29355,0.29355,0.29355,0.29355,0.29355,0.29355,0.29355,0.29355,0.29355,0.29355
706,0.29239,0.29239,0.29239,0.29239,0.29239,0.29239,0.29239,0.29239,0.29239,0.29239,0.29239,0.29239,0.29239,0.29239,0.29239,0.29239,0.29239,0.29239,0.29239,0.29239,0.29239,0.29239,0.29239,0.29239,0.29239,0.29239,0.29239,0.29239,0.29239
707,0.29130,0.29130,0.29130,0.29130,0.29130,0.29130,0.29130,0.29130,0.29130,0.29130,0.29130,0.29130,0.29130,0.29130,0.29130,0.29130,0.29130,0.29130,0.29130,0.29130,0.29130,0.29130,0.29130,0.29130,0.29130,0.29130,0.29130,0.29130,0.29130
708,0.29029,0.29029,0.29029,0.29029,0.29029,0.29029,0.29029,0.29029,0.29029,0.29029,0.29029,0.29029,0.29029,0.29029,0.29029,0.29029,0.29029,0.29029,0.29029,0.29029,0.29029,0.29029,0.29029,0.29029,0.29029,0.29029,0.29029,0.29029,0.29029
709,0.28936,0.28936,0.28936,0.28936,0.28936,0.28936,0.28936,0.28936,0.28936,0.28936,0.28936,0.28936,0.28936,0.28936,0.28936,0.28936,0.28936,0.28936,0.28936,0.28936,0.28936,0.28936,0.28936,0.28936,0.28936,0.28936,0.28936,0.28936,0.28936
710,0.28851,0.28851,0.28851,0.28851,0.28851,0.28851,0.28851,0.28851,0.28851,0.28851,0.28851,0.28851,0.28851,0.28851,0.28851,0.28851,0.28851,0.28851,0.28851,0.28851,0.28851,0.28851,0.28851,0.28851,0.28851,0.28851,0.28851,0.28851,0.28851
711,0.28773,0.28773,0.28773,0.28773,0.28773,0.28773,0.28773,0.28773,0.28773,0.28773,0.28773,0.28773,0.28773,0.28773,0.28773,0.28773,0.28773,0.28773,0.28773,0.28773,0.28773,0.28773,0.28773,0.28773,0.28773,0.28773,0.28773,0.28773,0.28773
712,0.28704,0.28704,0.28704,0.28704,0.28704,0.28704,0.28704,0.28704,0.28704,0.28704,0.28704,0.28704,0.28704,0.28704,0.28704,0.28704,0.28704,0.28704,0.28704,0.28704,0.28704,0.28704,0.28704,0.28704,0.28704,0.28704,0.28704,0.28704,0.28704
713,0.28643,0.28643,0.28643,0.28643,0.28643,0.28643,0.28643,0.28643,0.28643,0.28643,0.28643,0.28643,0.28643,0.28643,0.28643,0.28643,0.28643,0.28643,0.28643,0.28643,0.28643,0.28643,0.28643,0.28643,0.28643,0.28643,0.28643,0.28643,0.28643
714,0.28591,0.28591,0.28591,0.28591,0.28591,0.28591,0.28591,0.28591,0.28591,0.28591,0.28591,0.28591,0.28591,0.28591,0.28591,0.28591,0.28591,0.28591,0.28591,0.28591,0.28591,0.28591,0.28591,0.28591,0.28591,0.28591,0.28591,0.28591,0.28591
715,0.28546,0.28546,0.28546,0.28546,0.28546,0.28546,0.28546,0.28546,0.28546,0.28546,0.28546,0.28546,0.28546,0.28546,0.28546,0.28546,0.28546,0.28546,0.28546,0.28546,0.28546,0.28546,0.28546,0.28546,0.28546,0.28546,0.28546,0.28546,0.28546
716,0.28510,0.28510,0.28510,0.28510,0.28510,0.28510,0.28510,0.28510,0.28510,0.28510,0.28510,0.28510,0.28510,0.28510,0.28510,0.28510,0.28510,0.28510,0.28510,0.28510,0.28510,0.28510,0.28510,0.28510,0.28510,0.28510,0.28510,0.28510,0.28510
717,0.28483,0.28483,0.28483,0.28483,0.28483,0.28483,0.28483,0.28483,0.28483,0.28483,0.28483,0.28483,0.28483,0.28483,0.28483,0.28483,0.28483,0.28483,0.28483,0.28483,0.28483,0.28483,0.28483,0.28483,0.28483,0.28483,0.28483,0.28483,0.28483
718,0.28464,0.28464,0.28464,0.28464,0.28464,0.28464,0.28464,0.28464,0.28464,0.28464,0.28464,0.28464,0.28464,0.28464,0.28464,0.28464,0.28464,0.28464,0.28464,0.28464,0.28464,0.28464,0.28464,0.28464,0.28464,0.28464,0.28464,0.28464,0.28464
719,0.28453,0.28453,0.28453,0.28453,0.28453,0.28453,0.28453,0.28453,0.28453,0.28453,0.28453,0.28453,0.28453,0.28453,0.28453,0.28453,0.28453,0.28453,0.28453,0.28453,0.28453,0.28453,0.28453,0.28453,0.28453,0.28453,0.28453,0.28453,0.28453
720,0.28451,0.28451,0.28451,0.28451,0.28451,0.28451,0.28451,0.28451,0.28451,0.28451,0.28451,0.28451,0.28451,0.28451,0.28451,0.28451,0.28451,0.28451,0.28451,0.28451,0.28451,0.28451,0.28451,0.28451,0.28451,0.28451,0.28451,0.28451,0.28451
721,0.28457,0.28457,0.28457,0.28457,0.28457,0.28457,0.28457,0.28457,0.28457,0.28457,0.28457,0.28457,0.28457,0.28457,0.28457,0.28457,0.28457,0.28457,0.28457,0.28457,0.28457,0.28457,0.28457,0.28457,0.28457,0.28457,0.28457,0.28457,0.28457
722,0.28472,0.28472,0.28472,0.28472,0.28472,0.28472,0.28472,0.28472,0.28472,0.28472,0.28472,0.28472,0.28472,0.28472,0.28472,0.28472,0.28472,0.28472,0.28472,0.28472,0.28472,0.28472,0.28472,0.28472,0.28472,0.28472,0.28472,0.28472,0.28472
723,0.28496,0.28496,0.28496,0.28496,0.28496,0.28496,0.28496,0.28496,0.28496,0.28496,0.28496,0.28496,0.28496,0.28496,0.28496,0.28496,0.28496,0.28496,0.28496,0.28496,0.28496,0.28496,0.28496,0.28496,0.28496,0.28496,0.28496,0.28496,0.28496
724,0.28527,0.28527,0.28527,0.28527,0.28527,0.28527,0.28527,0.28527,0.28527,0.28527,0.28527,0.28527,0.28527,0.28527,0.28527,0.28527,0.28527,0.28527,0.28527,0.28527,0.28527,0.28527,0.28527,0.28527,0.28527,0.28527,0.28527,0.28527,0.28527
725,0.28567,0.28567,0.28567,0.28567,0.28567,0.28567,0.28567,0.28567,0.28567,0.28567,0.28567,0.28567,0.28567,0.28567,0.28567,0.28567,0.28567,0.28567,0.28567,0.28567,0.28567,0.28567,0.28567,0.28567,0.28567,0.28567,0.28567,0.28567,0.28567
726,0.28616,0.28616,0.28616,0.28616,0.28616,0.28616,0.28616,0.28616,0.28616,0.28616,0.28616,0.28616,0.28616,0.28616,0.28616,0.28616,0.28616,0.28616,0.28616,0.28616,0.28616,0.28616,0.28616,0.28616,0.28616,0.28616,0.28616,0.28616,0.28616
727,0.28673,0.28673,0.28673,0.28673,0.28673,0.28673,0.28673,0.28673,0.28673,0.28673,0.28673,0.28673,0.28673,0.28673,0.28673,0.28673,0.28673,0.28673,0.28673,0.28673,0.28673,0.28673,0.28673,0.28673,0.28673,0.28673,0.28673,0.28673,0.28673
728,0.28738,0.28738,0.28738,0.28738,0.28738,0.28738,0.28738,0.28738,0.28738,0.28738,0.28738,0.28738,0.28738,0.28738,0.28738,0.28738,0.28738,0.28738,0.28738,0.28738,0.28738,0.28738,0.28738,0.28738,0.28738,0.28738,0.28738,0.28738,0.28738
729,0.28811,0.28811,0.28811,0.28811,0.28811,0.28811,0.28811,0.28811,0.28811,0.28811,0.28811,0.28811,0.28811,0.28811,0.28811,0.28811,0.28811,0.28811,0.28811,0.28811,0.28811,0.28811,0.28811,0.28811,0.28811,0.28811,0.28811,0.28811,0.28811
730,0.28892,0.28892,0.28892,0.28892,0.28892,0.28892,0.28892,0.28892,0.28892,0.28892,0.28892,0.28892,0.28892,0.28892,0.28892,0.28892,0.28892,0.28892,0.28892,0.28892,0.28892,0.28892,0.28892,0.28892,0.28892,0.28892,0.28892,0.28892,0.28892
731,0.28982,0.28982,0.28982,0.28982,0.28982,0.28982,0.28982,0.28982,0.28982,0.28982,0.28982,0.28982,0.28982,0.28982,0.28982,0.28982,0.28982,0.28982,0.28982,0.28982,0.28982,0.28982,0.28982,0.28982,0.28982,0.28982,0.28982,0.28982,0.28982
732,0.29079,0.29079,0.29079,0.29079,0.29079,0.29079,0.29079,0.29079,0.29079,0.29079,0.29079,0.29079,0.29079,0.29079,0.29079,0.29079,0.29079,0.29079,0.29079,0.29079,0.29079,0.29079,0.29079,0.29079,0.29079,0.29079,0.29079,0.29079,0.29079
733,0.29183,0.29183,0.29183,0.29183,0.29183,0.29183,0.29183,0.29183,0.29183,0.29183,0.29183,0.29183,0.29183,0.29183,0.29183,0.29183,0.29183,0.29183,0.29183,0.29183,0.29183,0.29183,0.29183,0.29183,0.29183,0.29183,0.29183,0.29183,0.29183
734,0.29296,0.29296,0.29296,0.29296,0.29296,0.29296,0.29296,0.29296,0.29296,0.29296,0.29296,0.29296,0.29296,0.29296,0.29296,0.29296,0.29296,0.29296,0.29296,0.29296,0.29296,0.29296,0.29296,0.29296,0.29296,0.29296,0.29296,0.29296,0.29296
735,0.29416,0.29416,0.29416,0.29416,0.29416,0.29416,0.29416,0.29416,0.29416,0.29416,0.29416,0.29416,0.29416,0.29416,0.29416,0.29416,0.29416,0.29416,0.29416,0.29416,0.29416,0.29416,0.29416,0.29416,0.29416,0.29416,0.29416,0.29416,0.29416
736,0.29543,0.29543,0.29543,0.29543,0.29543,0.29543,0.29543,0.29543,0.29543,0.29543,0.29543,0.29543,0.29543,0.29543,0.29543,0.29543,0.29543,0.29543,0.29543,0.29543,0.29543,0.29543,0.29543,0.29543,0.29543,0.29543,0.29543,0.29543,0.29543
737,0.29678,0.29678,0.29678,0.29678,0.29678,0.29678,0.29678,0.29678,0.29678,0.29678,0.29678,0.29678,0.29678,0.29678,0.29678,0.29678,0.29678,0.29678,0.29678,0.29678,0.29678,0.29678,0.29678,0.29678,0.29678,0.29678,0.29678,0.29678,0.29678
738,0.29819,0.29819,0.29819,0.29819,0.29819,0.29819,0.29819,0.29819,0.29819,0.29819,0.29819,0.29819,0.29819,0.29819,0.29819,0.29819,0.29819,0.29819,0.29819,0.29819,0.29819,0.29819,0.29819,0.29819,0.29819,0.29819,0.29819,0.29819,0.29819
739,0.29968,0.29968,0.29968,0.29968,0.29968,0.29968,0.29968,0.29968,0.29968,0.29968,0.29968,0.29968,0.29968,0.29968,0.29968,0.29968,0.29968,0.29968,0.29968,0.29968,0.29968,0.29968,0.29968,0.29968,0.29968,0.29968,0.29968,0.29968,0.29968
740,0.30123,0.30123,0.30123,0.30123,0.30123,0.30123,0.30123,0.30123,0.30123,0.30123,0.30123,0.30123,0.30123,0.30123,0.30123,0.30123,0.30123,0.30123,0.30123,0.30123,0.30123,0.30123,0.30123,0.30123,0.30123,0.30123,0.30123,0.30123,0.30123
741,0.30285,0.30285,0.30285,0.30285,0.30285,0.30285,0.30285,0.30285,0.30285,0.30285,0.30285,0.30285,0.30285,0.30285,0.30285,0.30285,0.30285,0.30285,0.30285,0.30285,0.30285,0.30285,0.30285,0.30285,0.30285,0.30285,0.30285,0.30285,0.30285
742,0.30454,0.30454,0.30454,0.30454,0.30454,0.30454,0.30454,0.30454,0.30454,0.30454,0.30454,0.30454,0.30454,0.30454,0.30454,0.30454,0.30454,0.30454,0.30454,0.30454,0.30454,0.30454,0.30454,0.30454,0.30454,0.30454,0.30454,0.30454,0.30454
743,0.30628,0.30628,0.30628,0.30628,0.30628,0.30628,0.30628,0.30628,0.30628,0.30628,0.30628,0.30628,0.30628,0.30628,0.30628,0.30628,0.30628,0.30628,0.30628,0.30628,0.30628,0.30628,0.30628,0.30628,0.30628,0.30628,0.30628,0.30628,0.30628
744,0.30809,0.30809,0.30809,0.30809,0.30809,0.30809,0.30809,0.30809,0.30809,0.30809,0.30809,0.30809,0.30809,0.30809,0.30809,0.30809,0.30809,0.30809,0.30809,0.30809,0.30809,0.30809,0.30809,0.30809,0.30809,0.30809,0.30809,0.30809,0.30809
745,0.30996,0.30996,0.30996,0.30996,0.30996,0.30996,0.30996,0.30996,0.30996,0.30996,0.30996,0.30996,0.30996,0.30996,0.30996,0.30996,0.30996,0.30996,0.30996,0.30996,0.30996,0.30996,0.30996,0.30996,0.30996,0.30996,0.30996,0.30996,0.30996
746,0.31189,0.31189,0.31189,0.31189,0.31189,0.31189,0.31189,0.31189,0.31189,0.31189,0.31189,0.31189,0.31189,0.31189,0.31189,0.31189,0.31189,0.31189,0.31189,0.31189,0.31189,0.31189,0.31189,0.31189,0.31189,0.31189,0.31189,0.31189,0.31189
747,0.31388,0.31388,0.31388,0.31388,0.31388,0.31388,0.31388,0.31388,0.31388,0.31388,0.31388,0.31388,0.31388,0.31388,0.31388,0.31388,0.31388,0.31388,0.31388,0.31388,0.31388,0.31388,0.31388,0.31388,0.31388,0.31388,0.31388,0.31388,0.31388
748,0.31592,0.31592,0.31592,0.31592,0.31592,0.31592,0.31592,0.31592,0.31592,0.31592,0.31592,0.31592,0.31592,0.31592,0.31592,0.31592,0.31592,0.31592,0.31592,0.31592,0.31592,0.31592,0.31592,0.31592,0.31592,0.31592,0.31592,0.31592,0.31592
749,0.31801,0.31801,0.31801,0.31801,0.31801,0.31801,0.31801,0.31801,0.31801,0.31801,0.31801,0.31801,0.31801,0.31801,0.31801,0.31801,0.31801,0.31801,0.31801,0.31801,0.31801,0.31801,0.31801,0.31801,0.31801,0.31801,0.31801,0.31801,0.31801
750,0.32015,0.32015,0.32015,0.32015,0.32015,0.32015,0.32015,0.32015,0.32015,0.32015,0.32015,0.32015,0.32015,0.32015,0.32015,0.32015,0.32015,0.32015,0.32015,0.32015,0.32015,0.32015,0.32015,0.32015,0.32015,0.32015,0.32015,0.32015,0.32015
751,0.32235,0.32235,0.32235,0.32235,0.32235,0.32235,0.32235,0.32235,0.32235,0.32235,0.32235,0.32235,0.32235,0.32235,0.32235,0.32235,0.32235,0.32235,0.32235,0.32235,0.32235,0.32235,0.32235,0.32235,0.32235,0.32235,0.32235,0.32235,0.32235
752,0.32459,0.32459,0.32459,0.32459,0.32459,0.32459,0.32459,0.32459,0.32459,0.32459,0.32459,0.32459,0.32459,0.32459,0.32459,0.32459,0.32459,0.32459,0.32459,0.32459,0.32459,0.32459,0.32459,0.32459,0.32459,0.32459,0.32459,0.32459,0.32459
753,0.32688,0.32688,0.32688,0.32688,0.32688,0.32688,0.32688,0.32688,0.32688,0.32688,0.32688,0.32688,0.32688,0.32688,0.32688,0.32688,0.32688,0.32688,0.32688,0.32688,0.32688,0.32688,0.32688,0.32688,0.32688,0.32688,0.32688,0.32688,0.32688
754,0.32922,0.32922,0.32922,0.32922,0.32922,0.32922,0.32922,0.32922,0.32922,0.32922,0.32922,0.32922,0.32922,0.32922,0.32922,0.32922,0.32922,0.32922,0.32922,0.32922,0.32922,0.32922,0.32922,0.32922,0.32922,0.32922,0.32922,0.32922,0.32922
755,0.33160,0.33160,0.33160,0.33160,0.33160,0.33160,0.33160,0.33160,0.33160,0.33160,0.33160,0.33160,0.33160,0.33160,0.33160,0.33160,0.33160,0.33160,0.33160,0.33160,0.33160,0.33160,0.33160,0.33160,0.33160,0.33160,0.33160,0.33160,0.33160
756,0.33402,0.33402,0.33402,0.33402,0.33402,0.33402,0.33402,0.33402,0.33402,0.33402,0.33402,0.33402,0.33402,0.33402,0.33402,0.33402,0.33402,0.33402,0.33402,0.33402,0.33402,0.33402,0.33402,0.33402,0.33402,0.33402,0.33402,0.33402,0.33402
757,0.33648,0.33648,0.33648,0.33648,0.33648,0.33648,0.33648,0.33648,0.33648,0.33648,0.33648,0.33648,0.33648,0.33648,0.33648,0.33648,0.33648,0.33648,0.33648,0.33648,0.33648,0.33648,0.33648,0.33648,0.33648,0.33648,0.33648,0.33648,0.33648
758,0.33898,0.33898,0.33898,0.33898,0.33898,0.33898,0.33898,0.33898,0.33898,0.33898,0.33898,0.33898,0.33898,0.33898,0.33898,0.33898,0.33898,0.33898,0.33898,0.33898,0.33898,0.33898,0.33898,0.33898,0.33898,0.33898,0.33898,0.33898,0.33898
759,0.34152,0.34152,0.34152,0.34152,0.34152,0.34152,0.34152,0.34152,0.34152,0.34152,0.34152,0.34152,0.34152,0.34152,0.34152,0.34152,0.34152,0.34152,0.34152,0.34152,0.34152,0.34152,0.34152,0.34152,0.34152,0.34152,0.34152,0.34152,0.34152
760,0.34410,0.34410,0.34410,0.34410,0.34410,0.34410,0.34410,0.34410,0.34410,0.34410,0.34410,0.34410,0.34410,0.34410,0.34410,0.34410,0.34410,0.34410,0.34410,0.34410,0.34410,0.34410,0.34410,0.34410,0.34410,0.34410,0.34410,0.34410,0.34410
761,0.34671,0.34671,0.34671,0.34671,0.34671,0.34671,0.34671,0.34671,0.34671,0.34671,0.34671,0.34671,0.34671,0.34671,0.34671,0.34671,0.34671,0.34671,0.34671,0.34671,0.34671,0.34671,0.34671,0.34671,0.34671,0.34671,0.34671,0.34671,0.34671
762,0.34935,0.34935,0.34935,0.34935,0.34935,0.34935,0.34935,0.34935,0.34935,0.34935,0.34935,0.34935,0.34935,0.34935,0.34935,0.34935,0.34935,0.34935,0.34935,0.34935,0.34935,0.34935,0.34935,0.34935,0.34935,0.34935,0.34935,0.34935,0.34935
763,0.35203,0.35203,0.35203,0.35203,0.35203,0.35203,0.35203,0.35203,0.35203,0.35203,0.35203,0.35203,0.35203,0.35203,0.35203,0.35203,0.35203,0.35203,0.35203,0.35203,0.35203,0.35203,0.35203,0.35203,0.35203,0.35203,0.35203,0.35203,0.35203
764,0.35473,0.35473,0.35473,0.35473,0.35473,0.35473,0.35473,0.35473,0.35473,0.35473,0.35473,0.35473,0.35473,0.35473,0.35473,0.35473,0.35473,0.35473,0.35473,0.35473,0.35473,0.35473,0.35473,0.35473,0.35473,0.35473,0.35473,0.35473,0.35473
765,0.35747,0.35747,0.35747,0.35747,0.35747,0.35747,0.35747,0.35747,0.35747,0.35747,0.35747,0.35747,0.35747,0.35747,0.35747,0.35747,0.35747,0.35747,0.35747,0.35747,0.35747,0.35747,0.35747,0.35747,0.35747,0.35747,0.35747,0.35747,0.35747
766,0.36024,0.36024,0.36024,0.36024,0.36024,0.36024,0.36024,0.36024,0.36024,0.36024,0.36024,0.36024,0.36024,0.36024,0.36024,0.36024,0.36024,0.36024,0.36024,0.36024,0.36024,0.36024,0.36024,0.36024,0.36024,0.36024,0.36024,0.36024,0.36024
767,0.36303,0.36303,0.36303,0.36303,0.36303,0.36303,0.36303,0.36303,0.36303,0.36303,0.36303,0.36303,0.36303,0.36303,0.36303,0.36303,0.36303,0.36303,0.36303,0.36303,0.36303,0.36303,0.36303,0.36303,0.36303,0.36303,0.36303,0.36303,0.36303
768,0.36585,0.36585,0.36585,0.36585,0.36585,0.36585,0.36585,0.36585,0.36585,0.36585,0.36585,0.36585,0.36585,0.36585,0.36585,0.36585,0.36585,0.36585,0.36585,0.36585,0.36585,0.36585,0.36585,0.36585,0.36585,0.36585,0.36585,0.36585,0.36585
769,0.36869,0.36869,0.36869,0.36869,0.36869,0.36869,0.36869,0.36869,0.36869,0.36869,0.36869,0.36869,0.36869,0.36869,0.36869,0.36869,0.36869,0.36869,0.36869,0.36869,0.36869,0.36869,0.36869,0.36869,0.36869,0.36869,0.36869,0.36869,0.36869
770,0.37156,0.37156,0.37156,0.37156,0.37156,0.37156,0.37156,0.37156,0.37156,0.37156,0.37156,0.37156,0.37156,0.37156,0.37156,0.37156,0.37156,0.37156,0.37156,0.37156,0.37156,0.37156,0.37156,0.37156,0.37156,0.37156,0.37156,0.37156,0.37156
771,0.37445,0.37445,0.37445,0.37445,0.37445,0.37445,0.37445,0.37445,0.37445,0.37445,0.37445,0.37445,0.37445,0.37445,0.37445,0.37445,0.37445,0.37445,0.37445,0.37445,0.37445,0.37445,0.37445,0.37445,0.37445,0.37445,0.37445,0.37445,0.37445
772,0.37736,0.37736,0.37736,0.37736,0.37736,0.37736,0.37736,0.37736,0.37736,0.37736,0.37736,0.37736,0.37736,0.37736,0.37736,0.37736,0.37736,0.37736,0.37736,0.37736,0.37736,0.37736,0.37736,0.37736,0.37736,0.37736,0.37736,0.37736,0.37736
773,0.38029,0.38029,0.38029,0.38029,0.38029,0.38029,0.38029,0.38029,0.38029,0.38029,0.38029,0.38029,0.38029,0.38029,0.38029,0.38029,0.38029,0.38029,0.38029,0.38029,0.38029,0.38029,0.38029,0.38029,0.38029,0.38029,0.38029,0.38029,0.38029
774,0.38324,0.38324,0.38324,0.38324,0.38324,0.38324,0.38324,0.38324,0.38324,0.38324,0.38324,0.38324,0.38324,0.38324,0.38324,0.38324,0.38324,0.38324,0.38324,0.38324,0.38324,0.38324,0.38324,0.38324,0.38324,0.38324,0.38324,0.38324,0.38324
775,0.38621,0.38621,0.38621,0.38621,0.38621,0.38621,0.38621,0.38621,0.38621,0.38621,0.38621,0.38621,0.38621,0.38621,0.38621,0.38621,0.38621,0.38621,0.38621,0.38621,0.38621,0.38621,0.38621,0.38621,0.38621,0.38621,0.38621,0.38621,0.38621
776,0.38920,0.38920,0.38920,0.38920,0.38920,0.38920,0.38920,0.38920,0.38920,0.38920,0.38920,0.38920,0.38920,0.38920,0.38920,0.38920,0.38920,0.38920,0.38920,0.38920,0.38920,0.38920,0.38920,0.38920,0.38920,0.38920,0.38920,0.38920,0.38920
777,0.39221,0.39221,0.39221,0.39221,0.39221,0.39221,0.39221,0.39221,0.39221,0.39221,0.39221,0.39221,0.39221,0.39221,0.39221,0.39221,0.39221,0.39221,0.39221,0.39221,0.39221,0.39221,0.39221,0.39221,0.39221,0.39221,0.39221,0.39221,0.39221
778,0.39523,0.39523,0.39523,0.39523,0.39523,0.39523,0.39523,0.39523,0.39523,0.39523,0.39523,0.39523,0.39523,0.39523,0.39523,0.39523,0.39523,0.39523,0.39523,0.39523,0.39523,0.39523,0.39523,0.39523,0.39523,0.39523,0.39523,0.39523,0.39523
779,0.39826,0.39826,0.39826,0.39826,0.39826,0.39826,0.39826,0.39826,0.39826,0.39826,0.39826,0.39826,0.39826,0.39826,0.39826,0.39826,0.39826,0.39826,0.39826,0.39826,0.39826,0.39826,0.39826,0.39826,0.39826,0.39826,0.39826,0.39826,0.39826
780,0.40132,0.40132,0.40132,0.40132,0.40132,0.40132,0.40132,0.40132,0.40132,0.40132,0.40132,0.40132,0.40132,0.40132,0.40132,0.40132,0.40132,0.40132,0.40132,0.40132,0.40132,0.40132,0.40132,0.40132,0.40132,0.40132,0.40132,0.40132,0.40132
781,0.40438,0.40438,0.40438,0.40438,0.40438,0.40438,0.40438,0.40438,0.40438,0.40438,0.40438,0.40438,0.40438,0.40438,0.40438,0.40438,0.40438,0.40438,0.40438,0.40438,0.40438,0.40438,0.40438,0.40438,0.40438,0.40438,0.40438,0.40438,0.40438
782,0.40746,0.40746,0.40746,0.40746,0.40746,0.40746,0.40746,0.40746,0.40746,0.40746,0.40746,0.40746,0.40746,0.40746,0.40746,0.40746,0.40746,0.40746,0.40746,0.40746,0.40746,0.40746,0.40746,0.40746,0.40746,0.40746,0.40746,0.40746,0.40746
783,0.41055,0.41055,0.41055,0.41055,0.41055,0.41055,0.41055,0.41055,0.41055,0.41055,0.41055,0.41055,0.41055,0.41055,0.41055,0.41055,0.41055,0.41055,0.41055,0.41055,0.41055,0.41055,0.41055,0.41055,0.41055,0.41055,0.41055,0.41055,0.41055
784,0.41365,0.41365,0.41365,0.41365,0.41365,0.41365,0.41365,0.41365,0.41365,0.41365,0.41365,0.41365,0.41365,0.41365,0.41365,0.41365,0.41365,0.41365,0.41365,0.41365,0.41365,0.41365,0.41365,0.41365,0.41365,0.41365,0.41365,0.41365,0.41365
785,0.41677,0.41677,0.41677,0.41677,0.41677,0.41677,0.41677,0.41677,0.41677,0.41677,0.41677,0.41677,0.41677,0.41677,0.41677,0.41677,0.41677,0.41677,0.41677,0.41677,0.41677,0.41677,0.41677,0.41677,0.41677,0.41677,0.41677,0.41677,0.41677
786,0.41989,0.41989,0.41989,0.41989,0.41989,0.41989,0.41989,0.41989,0.41989,0.41989,0.41989,0.41989,0.41989,0.41989,0.41989,0.41989,0.41989,0.41989,0.41989,0.41989,0.41989,0.41989,0.41989,0.41989,0.41989,0.41989,0.41989,0.41989,0.41989
787,0.42303,0.42303,0.42303,0.42303,0.42303,0.42303,0.42303,0.42303,0.42303,0.42303,0.42303,0.42303,0.42303,0.42303,0.42303,0.42303,0.42303,0.42303,0.42303,0.42303,0.42303,0.42303,0.42303,0.42303,0.42303,0.42303,0.42303,0.42303,0.42303
788,0.42617,0.42617,0.42617,0.42617,0.42617,0.42617,0.42617,0.42617,0.42617,0.42617,0.42617,0.42617,0.42617,0.42617,0.42617,0.42617,0.42617,0.42617,0.42617,0.42617,0.42617,0.42617,0.42617,0.42617,0.42617,0.42617,0.42617,0.42617,0.42617
789,0.42932,0.42932,0.42932,0.42932,0.42932,0.42932,0.42932,0.42932,0.42932,0.42932,0.42932,0.42932,0.42932,0.42932,0.42932,0.42932,0.42932,0.42932,0.42932,0.42932,0.42932,0.42932,0.42932,0.42932,0.42932,0.42932,0.42932,0.42932,0.42932
790,0.43248,0.43248,0.43248,0.43248,0.43248,0.43248,0.43248,0.43248,0.43248,0.43248,0.43248,0.43248,0.43248,0.43248,0.43248,0.43248,0.43248,0.43248,0.43248,0.43248,0.43248,0.43248,0.43248,0.43248,0.43248,0.43248,0.43248,0.43248,0.43248
791,0.43565,0.43565,0.43565,0.43565,0.43565,0.43565,0.43565,0.43565,0.43565,0.43565,0.43565,0.43565,0.43565,0.43565,0.43565,0.43565,0.43565,0.43565,0.43565,0.43565,0.43565,0.43565,0.43565,0.43565,0.43565,0.43565,0.43565,0.43565,0.43565
792,0.43883,0.43883,0.43883,0.43883,0.43883,0.43883,0.43883,0.43883,0.43883,0.43883,0.43883,0.43883,0.43883,0.43883,0.43883,0.43883,0.43883,0.43883,0.43883,0.43883,0.43883,0.43883,0.43883,0.43883,0.43883,0.43883,0.43883,0.43883,0.43883
793,0.44201,0.44201,0.44201,0.44201,0.44201,0.44201,0.44201,0.44201,0.44201,0.44201,0.44201,0.44201,0.44201,0.44201,0.44201,0.44201,0.44201,0.44201,0.44201,0.44201,0.44201,0.44201,0.44201,0.44201,0.44201,0.44201,0.44201,0.44201,0.44201
794,0.44520,0.44520,0.44520,0.44520,0.44520,0.44520,0.44520,0.44520,0.44520,0.44520,0.44520,0.44520,0.44520,0.44520,0.44520,0.44520,0.44520,0.44520,0.44520,0.44520,0.44520,0.44520,0.44520,0.44520,0.44520,0.44520,0.44520,0.44520,0.44520
795,0.44839,0.44839,0.44839,0.44839,0.44839,0.44839,0.44839,0.44839,0.44839,0.44839,0.44839,0.44839,0.44839,0.44839,0.44839,0.44839,0.44839,0.44839,0.44839,0.44839,0.44839,0.44839,0.44839,0.44839,0.44839,0.44839,0.44839,0.44839,0.44839
796,0.45159,0.45159,0.45159,0.45159,0.45159,0.45159,0.45159,0.45159,0.45159,0.45159,0.45159,0.45159,0.45159,0.45159,0.45159,0.45159,0.45159,0.45159,0.45159,0.45159,0.45159,0.45159,0.45159,0.45159,0.45159,0.45159,0.45159,0.45159,0.45159
797,0.45480,0.45480,0.45480,0.45480,0.45480,0.45480,0.45480,0.45480,0.45480,0.45480,0.45480,0.45480,0.45480,0.45480,0.45480,0.45480,0.45480,0.45480,0.45480,0.45480,0.45480,0.45480,0.45480,0.45480,0.45480,0.45480,0.45480,0.45480,0.45480
798,0.45801,0.45801,0.45801,0.45801,0.45801,0.45801,0.45801,0.45801,0.45801,0.45801,0.45801,0.45801,0.45801,0.45801,0.45801,0.45801,0.45801,0.45801,0.45801,0.45801,0.45801,0.45801,0.45801,0.45801,0.45801,0.45801,0.45801,0.45801,0.45801
799,0.46122,0.46122,0.46122,0.46122,0.46122,0.46122,0.46122,0.46122,0.46122,0.46122,0.46122,0.46122,0.46122,0.46122,0.46122,0.46122,0.46122,0.46122,0.46122,0.46122,0.46122,0.46122,0.46122,0.46122,0.46122,0.46122,0.46122,0.46122,0.46122
800,0.46444,0.46444,0.46444,0.46444,0.46444,0.46444,0.46444,0.46444,0.46444,0.46444,0.46444,0.46444,0.46444,0.46444,0.46444,0.46444,0.46444,0.46444,0.46444,0.46444,0.46444,0.46444,0.46444,0.46444,0.46444,0.46444,0.46444,0.46444,0.46444
801,0.46766,0.46766,0.46766,0.46766,0.46766,0.46766,0.46766,0.46766,0.46766,0.46766,0.46766,0.46766,0.46766,0.46766,0.46766,0.46766,0.46766,0.46766,0.46766,0.46766,0.46766,0.46766,0.46766,0.46766,0.46766,0.46766,0.46766,0.46766,0.46766
802,0.47089,0.47089,0.47089,0.47089,0.47089,0.47089,0.47089,0.47089,0.47089,0.47089,0.47089,0.47089,0.47089,0.47089,0.47089,0.47089,0.47089,0.47089,0.47089,0.47089,0.47089,0.47089,0.47089,0.47089,0.47089,0.47089,0.47089,0.47089,0.47089
803,0.47412,0.47412,0.47412,0.47412,0.47412,0.47412,0.47412,0.47412,0.47412,0.47412,0.47412,0.47412,0.47412,0.47412,0.47412,0.47412,0.47412,0.47412,0.47412,0.47412,0.47412,0.47412,0.47412,0.47412,0.47412,0.47412,0.47412,0.47412,0.47412
804,0.47735,0.47735,0.47735,0.47735,0.47735,0.47735,0.47735,0.47735,0.47735,0.47735,0.47735,0.47735,0.47735,0.47735,0.47735,0.47735,0.47735,0.47735,0.47735,0.47735,0.47735,0.47735,0.47735,0.47735,0.47735,0.47735,0.47735,0.47735,0.47735
805,0.48058,0.48058,0.48058,0.48058,0.48058,0.48058,0.48058,0.48058,0.48058,0.48058,0.48058,0.48058,0.48058,0.48058,0.48058,0.48058,0.48058,0.48058,0.48058,0.48058,0.48058,0.48058,0.48058,0.48058,0.48058,0.48058,0.48058,0.48058,0.48058
806,0.48381,0.48381,0.48381,0.48381,0.48381,0.48381,0.48381,0.48381,0.48381,0.48381,0.48381,0.48381,0.48381,0.48381,0.48381,0.48381,0.48381,0.48381,0.48381,0.48381,0.48381,0.48381,0.48381,0.48381,0.48381,0.48381,0.48381,0.48381,0.48381
807,0.48705,0.48705,0.48705,0.48705,0.48705,0.48705,0.48705,0.48705,0.48705,0.48705,0.48705,0.48705,0.48705,0.48705,0.48705,0.48705,0.48705,0.48705,0.48705,0.48705,0.48705,0.48705,0.48705,0.48705,0.48705,0.48705,0.48705,0.48705,0.48705
808,0.49029,0.49029,0.49029,0.49029,0.49029,0.49029,0.49029,0.49029,0.49029,0.49029,0.49029,0.49029,0.49029,0.49029,0.49029,0.49029,0.49029,0.49029,0.49029,0.49029,0.49029,0.49029,0.49029,0.49029,0.49029,0.49029,0.49029,0.49029,0.49029
809,0.49352,0.49352,0.49352,0.49352,0.49352,0.49352,0.49352,0.49352,0.49352,0.49352,0.49352,0.49352,0.49352,0.49352,0.49352,0.49352,0.49352,0.49352,0.49352,0.49352,0.49352,0.49352,0.49352,0.49352,0.49352,0.49352,0.49352,0.49352,0.49352
810,0.49676,0.49676,0.49676,0.49676,0.49676,0.49676,0.49676,0.49676,0.49676,0.49676,0.49676,0.49676,0.49676,0.49676,0.49676,0.49676,0.49676,0.49676,0.49676,0.49676,0.49676,0.49676,0.49676,0.49676,0.49676,0.49676,0.49676,0.49676,0.49676
811,0.50000,0.50000,0.50000,0.50000,0.50000,0.50000,0.50000,0.50000,0.50000,0.50000,0.50000,0.50000,0.50000,0.50000,0.50000,0.50000,0.50000,0.50000,0.50000,0.50000,0.50000,0.50000,0.50000,0.50000,0.50000,0.50000,0.50000,0.50000,0.50000
812,0.50324,0.50324,0.50324,0.50324,0.50324,0.50324,0.50324,0.50324,0.50324,0.50324,0.50324,0.50324,0.50324,0.50324,0.50324,0.50324,0.50324,0.50324,0.50324,0.50324,0.50324,0.50324,0.50324,0.50324,0.50324,0.50324,0.50324,0.50324,0.50324
813,0.50648,0.50648,0.50648,0.50648,0.50648,0.50648,0.50648,0.50648,0.50648,0.50648,0.50648,0.50648,0.50648,0.50648,0.50648,0.50648,0.50648,0.50648,0.50648,0.50648,0.50648,0.50648,0.50648,0.50648,0.50648,0.50648,0.50648,0.50648,0.50648
814,0.50971,0.50971,0.50971,0.50971,0.50971,0.50971,0.50971,0.50971,0.50971,0.50971,0.50971,0.50971,0.50971,0.50971,0.50971,0.50971,0.50971,0.50971,0.50971,0.50971,0.50971,0.50971,0.50971,0.50971,0.50971,0.50971,0.50971,0.50971,0.50971
815,0.51295,0.51295,0.51295,0.51295,0.51295,0.51295,0.51295,0.51295,0.51295,0.51295,0.51295,0.51295,0.51295,0.51295,0.51295,0.51295,0.51295,0.51295,0.51295,0.51295,0.51295,0.51295,0.51295,0.51295,0.51295,0.51295,0.51295,0.51295,0.51295
816,0.51619,0.51619,0.51619,0.51619,0.51619,0.51619,0.51619,0.51619,0.51619,0.51619,0.51619,0.51619,0.51619,0.51619,0.51619,0.51619,0.51619,0.51619,0.51619,0.51619,0.51619,0.51619,0.51619,0.51619,0.51619,0.51619,0.51619,0.51619,0.51619
817,0.51942,0.51942,0.51942,0.51942,0.51942,0.51942,0.51942,0.51942,0.51942,0.51942,0.51942,0.51942,0.51942,0.51942,0.51942,0.51942,0.51942,0.51942,0.51942,0.51942,0.51942,0.51942,0.51942,0.51942,0.51942,0.51942,0.51942,0.51942,0.51942
818,0.52265,0.52265,0.52265,0.52265,0.52265,0.52265,0.52265,0.52265,0.52265,0.52265,0.52265,0.52265,0.52265,0.52265,0.52265,0.52265,0.52265,0.52265,0.52265,0.52265,0.52265,0.52265,0.52265,0.52265,0.52265,0.52265,0.52265,0.52265,0.52265
819,0.52588,0.52588,0.52588,0.52588,0.52588,0.52588,0.52588,0.52588,0.52588,0.52588,0.52588,0.52588,0.52588,0.52588,0.52588,0.52588,0.52588,0.52588,0.52588,0.52588,0.52588,0.52588,0.52588,0.52588,0.52588,0.52588,0.52588,0.52588,0.52588
820,0.52911,0.52911,0.52911,0.52911,0.52911,0.52911,0.52911,0.52911,0.52911,0.52911,0.52911,0.52911,0.52911,0.52911,0.52911,0.52911,0.52911,0.52911,0.52911,0.52911,0.52911,0.52911,0.52911,0.52911,0.52911,0.52911,0.52911,0.52911,0.52911
821,0.53234,0.53234,0.53234,0.53234,0.53234,0.53234,0.53234,0.53234,0.53234,0.53234,0.53234,0.53234,0.53234,0.53234,0.53234,0.53234,0.53234,0.53234,0.53234,0.53234,0.53234,0.53234,0.53234,0.53234,0.53234,0.53234,0.53234,0.53234,0.53234
822,0.53556,0.53556,0.53556,0.53556,0.53556,0.53556,0.53556,0.53556,0.53556,0.53556,0.53556,0.53556,0.53556,0.53556,0.53556,0.53556,0.53556,0.53556,0.53556,0.53556,0.53556,0.53556,0.53556,0.53556,0.53556,0.53556,0.53556,0.53556,0.53556
823,0.53878,0.53878,0.53878,0.53878,0.53878,0.53878,0.53878,0.53878,0.53878,0.53878,0.53878,0.53878,0.53878,0.53878,0.53878,0.53878,0.53878,0.53878,0.53878,0.53878,0.53878,0.53878,0.53878,0.53878,0.53878,0.53878,0.53878,0.53878,0.53878
824,0.54199,0.54199,0.54199,0.54199,0.54199,0.54199,0.54199,0.54199,0.54199,0.54199,0.54199,0.54199,0.54199,0.54199,0.54199,0.54199,0.54199,0.54199,0.54199,0.54199,0.54199,0.54199,0.54199,0.54199,0.54199,0.54199,0.54199,0.54199,0.54199
825,0.54520,0.54520,0.54520,0.54520,0.54520,0.54520,0.54520,0.54520,0.54520,0.54520,0.54520,0.54520,0.54520,0.54520,0.54520,0.54520,0.54520,0.54520,0.54520,0.54520,0.54520,0.54520,0.54520,0.54520,0.54520,0.54520,0.54520,0.54520,0.54520
826,0.54841,0.54841,0.54841,0.54841,0.54841,0.54841,0.54841,0.54841,0.54841,0.54841,0.54841,0.54841,0.54841,0.54841,0.54841,0.54841,0.54841,0.54841,0.54841,0.54841,0.54841,0.54841,0.54841,0.54841,0.54841,0.54841,0.54841,0.54841,0.54841
827,0.55161,0.55161,0.55161,0.55161,0.55161,0.55161,0.55161,0.55161,0.55161,0.55161,0.55161,0.55161,0.55161,0.55161,0.55161,0.55161,0.55161,0.55161,0.55161,0.55161,0.55161,0.55161,0.55161,0.55161,0.55161,0.55161,0.55161,0.55161,0.55161
828,0.55480,0.55480,0.55480,0.55480,0.55480,0.55480,0.55480,0.55480,0.55480,0.55480,0.55480,0.55480,0.55480,0.55480,0.55480,0.55480,0.55480,0.55480,0.55480,0.55480,0.55480,0.55480,0.55480,0.55480,0.55480,0.55480,0.55480,0.55480,0.55480
829,0.55799,0.55799,0.55799,0.55799,0.55799,0.55799,0.55799,0.55799,0.55799,0.55799,0.55799,0.55799,0.55799,0.55799,0.55799,0.55799,0.55799,0.55799,0.55799,0.55799,0.55799,0.55799,0.55799,0.55799,0.55799,0.55799,0.55799,0.55799,0.55799
830,0.56117,0.56117,0.56117,0.56117,0.56117,0.56117,0.56117,0.56117,0.56117,0.56117,0.56117,0.56117,0.56117,0.56117,0.56117,0.56117,0.56117,0.56117,0.56117,0.56117,0.56117,0.56117,0.56117,0.56117,0.56117,0.56117,0.56117,0.56117,0.56117
831,0.56435,0.56435,0.56435,0.56435,0.56435,0.56435,0.56435,0.56435,0.56435,0.56435,0.56435,0.56435,0.56435,0.56435,0.56435,0.56435,0.56435,0.56435,0.56435,0.56435,0.56435,0.56435,0.56435,0.56435,0.56435,0.56435,0.56435,0.56435,0.56435
832,0.56752,0.56752,0.56752,0.56752,0.56752,0.56752,0.56752,0.56752,0.56752,0.56752,0.56752,0.56752,0.56752,0.56752,0.56752,0.56752,0.56752,0.56752,0.56752,0.56752,0.56752,0.56752,0.56752,0.56752,0.56752,0.56752,0.56752,0.56752,0.56752
833,0.57068,0.57068,0.57068,0.57068,0.57068,0.57068,0.57068,0.57068,0.57068,0.57068,0.57068,0.57068,0.57068,0.57068,0.57068,0.57068,0.57068,0.57068,0.57068,0.57068,0.57068,0.57068,0.57068,0.57068,0.57068,0.57068,0.57068,0.57068,0.57068
834,0.57383,0.57383,0.57383,0.57383,0.57383,0.57383,0.57383,0.57383,0.57383,0.57383,0.57383,0.57383,0.57383,0.57383,0.57383,0.57383,0.57383,0.57383,0.57383,0.57383,0.57383,0.57383,0.57383,0.57383,0.57383,0.57383,0.57383,0.57383,0.57383
835,0.57697,0.57697,0.57697,0.57697,0.57697,0.57697,0.57697,0.57697,0.57697,0.57697,0.57697,0.57697,0.57697,0.57697,0.57697,0.57697,0.57697,0.57697,0.57697,0.57697,0.57697,0.57697,0.57697,0.57697,0.57697,0.57697,0.57697,0.57697,0.57697
836,0.58011,0.58011,0.58011,0.58011,0.58011,0.58011,0.58011,0.58011,0.58011,0.58011,0.58011,0.58011,0.58011,0.58011,0.58011,0.58011,0.58011,0.58011,0.58011,0.58011,0.58011,0.58011,0.58011,0.58011,0.58011,0.58011,0.58011,0.58011,0.58011
837,0.58323,0.58323,0.58323,0.58323,0.58323,0.58323,0.58323,0.58323,0.58323,0.58323,0.58323,0.58323,0.58323,0.58323,0.58323,0.58323,0.58323,0.58323,0.58323,0.58323,0.58323,0.58323,0.58323,0.58323,0.58323,0.58323,0.58323,0.58323,0.58323
838,0.58635,0.58635,0.58635,0.58635,0.58635,0.58635,0.58635,0.58635,0.58635,0.58635,0.58635,0.58635,0.58635,0.58635,0.58635,0.58635,0.58635,0.58635,0.58635,0.58635,0.58635,0.58635,0.58635,0.58635,0.58635,0.58635,0.58635,0.58635,0.58635
839,0.58945,0.58945,0.58945,0.58945,0.58945,0.58945,0.58945,0.58945,0.58945,0.58945,0.58945,0.58945,0.58945,0.58945,0.58945,0.58945,0.58945,0.58945,0.58945,0.58945,0.58945,0.58945,0.58945,0.58945,0.58945,0.58945,0.58945,0.58945,0.58945
840,0.59254,0.59254,0.59254,0.59254,0.59254,0.59254,0.59254,0.59254,0.59254,0.59254,0.59254,0.59254,0.59254,0.59254,0.59254,0.59254,0.59254,0.59254,0.59254,0.59254,0.59254,0.59254,0.59254,0.59254,0.59254,0.59254,0.59254,0.59254,0.59254
841,0.59562,0.59562,0.59562,0.59562,0.59562,0.59562,0.59562,0.59562,0.59562,0.59562,0.59562,0.59562,0.59562,0.59562,0.59562,0.59562,0.59562,0.59562,0.59562,0.59562,0.59562,0.59562,0.59562,0.59562,0.59562,0.59562,0.59562,0.59562,0.59562
842,0.59868,0.59868,0.59868,0.59868,0.59868,0.59868,0.59868,0.59868,0.59868,0.59868,0.59868,0.59868,0.59868,0.59868,0.59868,0.59868,0.59868,0.59868,0.59868,0.59868,0.59868,0.59868,0.59868,0.59868,0.59868,0.59868,0.59868,0.59868,0.59868
843,0.60174,0.60174,0.60174,0.60174,0.60174,0.60174,0.60174,0.60174,0.60174,0.60174,0.60174,0.60174,0.60174,0.60174,0.60174,0.60174,0.60174,0.60174,0.60174,0.60174,0.60174,0.60174,0.60174,0.60174,0.60174,0.60174,0.60174,0.60174,0.60174
844,0.60477,0.60477,0.60477,0.60477,0.60477,0.60477,0.60477,0.60477,0.60477,0.60477,0.60477,0.60477,0.60477,0.60477,0.60477,0.60477,0.60477,0.60477,0.60477,0.60477,0.60477,0.60477,0.60477,0.60477,0.60477,0.60477,0.60477,0.60477,0.60477
845,0.60779,0.60779,0.60779,0.60779,0.60779,0.60779,0.60779,0.60779,0.60779,0.60779,0.60779,0.60779,0.60779,0.60779,0.60779,0.60779,0.60779,0.60779,0.60779,0.60779,0.60779,0.60779,0.60779,0.60779,0.60779,0.60779,0.60779,0.60779,0.60779
846,0.61080,0.61080,0.61080,0.61080,0.61080,0.61080,0.61080,0.61080,0.61080,0.61080,0.61080,0.61080,0.61080,0.61080,0.61080,0.61080,0.61080,0.61080,0.61080,0.61080,0.61080,0.61080,0.61080,0.61080,0.61080,0.61080,0.61080,0.61080,0.61080
847,0.61379,0.61379,0.61379,0.61379,0.61379,0.61379,0.61379,0.61379,0.61379,0.61379,0.61379,0.61379,0.61379,0.61379,0.61379,0.61379,0.61379,0.61379,0.61379,0.61379,0.61379,0.61379,0.61379,0.61379,0.61379,0.61379,0.61379,0.61379,0.61379
848,0.61676,0.61676,0.61676,0.61676,0.61676,0.61676,0.61676,0.61676,0.61676,0.61676,0.61676,0.61676,0.61676,0.61676,0.61676,0.61676,0.61676,0.61676,0.61676,0.61676,0.61676,0.61676,0.61676,0.61676,0.61676,0.61676,0.61676,0.61676,0.61676
849,0.61971,0.61971,0.61971,0.61971,0.61971,0.61971,0.61971,0.61971,0.61971,0.61971,0.61971,0.61971,0.61971,0.61971,0.61971,0.61971,0.61971,0.61971,0.61971,0.61971,0.61971,0.61971,0.61971,0.61971,0.61971,0.61971,0.61971,0.61971,0.61971
850,0.62264,0.62264,0.62264,0.62264,0.62264,0.62264,0.62264,0.62264,0.62264,0.62264,0.62264,0.62264,0.62264,0.62264,0.62264,0.62264,0.62264,0.62264,0.62264,0.62264,0.62264,0.62264,0.62264,0.62264,0.62264,0.62264,0.62264,0.62264,0.62264
851,0.62555,0.62555,0.62555,0.62555,0.62555,0.62555,0.62555,0.62555,0.62555,0.62555,0.62555,0.62555,0.62555,0.62555,0.62555,0.62555,0.62555,0.62555,0.62555,0.62555,0.62555,0.62555,0.62555,0.62555,0.62555,0.62555,0.62555,0.62555,0.62555
852,0.62844,0.62844,0.62844,0.62844,0.62844,0.62844,0.62844,0.62844,0.62844,0.62844,0.62844,0.62844,0.62844,0.62844,0.62844,0.62844,0.62844,0.62844,0.62844,0.62844,0.62844,0.62844,0.62844,0.62844,0.62844,0.62844,0.62844,0.62844,0.62844
853,0.63131,0.63131,0.63131,0.63131,0.63131,0.63131,0.63131,0.63131,0.63131,0.63131,0.63131,0.63131,0.63131,0.63131,0.63131,0.63131,0.63131,0.63131,0.63131,0.63131,0.63131,0.63131,0.63131,0.63131,0.63131,0.63131,0.63131,0.63131,0.63131
854,0.63415,0.63415,0.63415,0.63415,0.63415,0.63415,0.63415,0.63415,0.63415,0.63415,0.63415,0.63415,0.63415,0.63415,0.63415,0.63415,0.63415,0.63415,0.63415,0.63415,0.63415,0.63415,0.63415,0.63415,0.63415,0.63415,0.63415,0.63415,0.63415
855,0.63697,0.63697,0.63697,0.63697,0.63697,0.63697,0.63697,0.63697,0.63697,0.63697,0.63697,0.63697,0.63697,0.63697,0.63697,0.63697,0.63697,0.63697,0.63697,0.63697,0.63697,0.63697,0.63697,0.63697,0.63697,0.63697,0.63697,0.63697,0.63697
856,0.63976,0.63976,0.63976,0.63976,0.63976,0.63976,0.63976,0.63976,0.63976,0.63976,0.63976,0.63976,0.63976,0.63976,0.63976,0.63976,0.63976,0.63976,0.63976,0.63976,0.63976,0.63976,0.63976,0.63976,0.63976,0.63976,0.63976,0.63976,0.63976
857,0.64253,0.64253,0.64253,0.64253,0.64253,0.64253,0.64253,0.64253,0.64253,0.64253,0.64253,0.64253,0.64253,0.64253,0.64253,0.64253,0.64253,0.64253,0.64253,0.64253,0.64253,0.64253,0.64253,0.64253,0.64253,0.64253,0.64253,0.64253,0.64253
858,0.64527,0.64527,0.64527,0.64527,0.64527,0.64527,0.64527,0.64527,0.64527,0.64527,0.64527,0.64527,0.64527,0.64527,0.64527,0.64527,0.64527,0.64527,0.64527,0.64527,0.64527,0.64527,0.64527,0.64527,0.64527,0.64527,0.64527,0.64527,0.64527
859,0.64797,0.64797,0.64797,0.64797,0.64797,0.64797,0.64797,0.64797,0.64797,0.64797,0.64797,0.64797,0.64797,0.64797,0.64797,0.64797,0.64797,0.64797,0.64797,0.64797,0.64797,0.64797,0.64797,0.64797,0.64797,0.64797,0.64797,0.64797,0.64797
860,0.65065,0.65065,0.65065,0.65065,0.65065,0.65065,0.65065,0.65065,0.65065,0.65065,0.65065,0.65065,0.65065,0.65065,0.65065,0.65065,0.65065,0.65065,0.65065,0.65065,0.65065,0.65065,0.65065,0.65065,0.65065,0.65065,0.65065,0.65065,0.65065
861,0.65329,0.65329,0.65329,0.65329,0.65329,0.65329,0.65329,0.65329,0.65329,0.65329,0.65329,0.65329,0.65329,0.65329,0.65329,0.65329,0.65329,0.65329,0.65329,0.65329,0.65329,0.65329,0.65329,0.65329,0.65329,0.65329,0.65329,0.65329,0.65329
862,0.65590,0.65590,0.65590,0.65590,0.65590,0.65590,0.65590,0.65590,0.65590,0.65590,0.65590,0.65590,0.65590,0.65590,0.65590,0.65590,0.65590,0.65590,0.65590,0.65590,0.65590,0.65590,0.65590,0.65590,0.65590,0.65590,0.65590,0.65590,0.65590
863,0.65848,0.65848,0.65848,0.65848,0.65848,0.65848,0.65848,0.65848,0.65848,0.65848,0.65848,0.65848,0.65848,0.65848,0.65848,0.65848,0.65848,0.65848,0.65848,0.65848,0.65848,0.65848,0.65848,0.65848,0.65848,0.65848,0.65848,0.65848,0.65848
864,0.66102,0.66102,0.66102,0.66102,0.66102,0.66102,0.66102,0.66102,0.66102,0.66102,0.66102,0.66102,0.66102,0.66102,0.66102,0.66102,0.66102,0.66102,0.66102,0.66102,0.66102,0.66102,0.66102,0.66102,0.66102,0.66102,0.66102,0.66102,0.66102
865,0.66352,0.66352,0.66352,0.66352,0.66352,0.66352,0.66352,0.66352,0.66352,0.66352,0.66352,0.66352,0.66352,0.66352,0.66352,0.66352,0.66352,0.66352,0.66352,0.66352,0.66352,0.66352,0.66352,0.66352,0.66352,0.66352,0.66352,0.66352,0.66352
866,0.66598,0.66598,0.66598,0.66598,0.66598,0.66598,0.66598,0.66598,0.66598,0.66598,0.66598,0.66598,0.66598,0.66598,0.66598,0.66598,0.66598,0.66598,0.66598,0.66598,0.66598,0.66598,0.66598,0.66598,0.66598,0.66598,0.66598,0.66598,0.66598
867,0.66840,0.66840,0.66840,0.66840,0.66840,0.66840,0.66840,0.66840,0.66840,0.66840,0.66840,0.66840,0.66840,0.66840,0.66840,0.66840,0.66840,0.66840,0.66840,0.66840,0.66840,0.66840,0.66840,0.66840,0.66840,0.66840,0.66840,0.66840,0.66840
868,0.67078,0.67078,0.67078,0.67078,0.67078,0.67078,0.67078,0.67078,0.67078,0.67078,0.67078,0.67078,0.67078,0.67078,0.67078,0.67078,0.67078,0.67078,0.67078,0.67078,0.67078,0.67078,0.67078,0.67078,0.67078,0.67078,0.67078,0.67078,0.67078
869,0.67312,0.67312,0.67312,0.67312,0.67312,0.67312,0.67312,0.67312,0.67312,0.67312,0.67312,0.67312,0.67312,0.67312,0.67312,0.67312,0.67312,0.67312,0.67312,0.67312,0.67312,0.67312,0.67312,0.67312,0.67312,0.67312,0.67312,0.67312,0.67312
870,0.67541,0.67541,0.67541,0.67541,0.67541,0.67541,0.67541,0.67541,0.67541,0.67541,0.67541,0.67541,0.67541,0.67541,0.67541,0.67541,0.67541,0.67541,0.67541,0.67541,0.67541,0.67541,0.67541,0.67541,0.67541,0.67541,0.67541,0.67541,0.67541
871,0.67765,0.67765,0.67765,0.67765,0.67765,0.67765,0.67765,0.67765,0.67765,0.67765,0.67765,0.67765,0.67765,0.67765,0.67765,0.67765,0.67765,0.67765,0.67765,0.67765,0.67765,0.67765,0.67765,0.67765,0.67765,0.67765,0.67765,0.67765,0.67765
872,0.67985,0.67985,0.67985,0.67985,0.67985,0.67985,0.67985,0.67985,0.67985,0.67985,0.67985,0.67985,0.67985,0.67985,0.67985,0.67985,0.67985,0.67985,0.67985,0.67985,0.67985,0.67985,0.67985,0.67985,0.67985,0.67985,0.67985,0.67985,0.67985
873,0.68199,0.68199,0.68199,0.68199,0.68199,0.68199,0.68199,0.68199,0.68199,0.68199,0.68199,0.68199,0.68199,0.68199,0.68199,0.68199,0.68199,0.68199,0.68199,0.68199,0.68199,0.68199,0.68199,0.68199,0.68199,0.68199,0.68199,0.68199,0.68199
874,0.68408,0.68408,0.68408,0.68408,0.68408,0.68408,0.68408,0.68408,0.68408,0.68408,0.68408,0.68408,0.68408,0.68408,0.68408,0.68408,0.68408,0.68408,0.68408,0.68408,0.68408,0.68408,0.68408,0.68408,0.68408,0.68408,0.68408,0.68408,0.68408
875,0.68612,0.68612,0.68612,0.68612,0.68612,0.68612,0.68612,0.68612,0.68612,0.68612,0.68612,0.68612,0.68612,0.68612,0.68612,0.68612,0.68612,0.68612,0.68612,0.68612,0.68612,0.68612,0.68612,0.68612,0.68612,0.68612,0.68612,0.68612,0.68612
876,0.68811,0.68811,0.68811,0.68811,0.68811,0.68811,0.68811,0.68811,0.68811,0.68811,0.68811,0.68811,0.68811,0.68811,0.68811,0.68811,0.68811,0.68811,0.68811,0.68811,0.68811,0.68811,0.68811,0.68811,0.68811,0.68811,0.68811,0.68811,0.68811
877,0.69004,0.69004,0.69004,0.69004,0.69004,0.69004,0.69004,0.69004,0.69004,0.69004,0.69004,0.69004,0.69004,0.69004,0.69004,0.69004,0.69004,0.69004,0.69004,0.69004,0.69004,0.69004,0.69004,0.69004,0.69004,0.69004,0.69004,0.69004,0.69004
878,0.69191,0.69191,0.69191,0.69191,0.69191,0.69191,0.69191,0.69191,0.69191,0.69191,0.69191,0.69191,0.69191,0.69191,0.69191,0.69191,0.69191,0.69191,0.69191,0.69191,0.69191,0.69191,0.69191,0.69191,0.69191,0.69191,0.69191,0.69191,0.69191
879,0.69372,0.69372,0.69372,0.69372,0.69372,0.69372,0.69372,0.69372,0.69372,0.69372,0.69372,0.69372,0.69372,0.69372,0.69372,0.69372,0.69372,0.69372,0.69372,0.69372,0.69372,0.69372,0.69372,0.69372,0.69372,0.69372,0.69372,0.69372,0.69372
880,0.69546,0.69546,0.69546,0.69546,0.69546,0.69546,0.69546,0.69546,0.69546,0.69546,0.69546,0.69546,0.69546,0.69546,0.69546,0.69546,0.69546,0.69546,0.69546,0.69546,0.69546,0.69546,0.69546,0.69546,0.69546,0.69546,0.69546,0.69546,0.69546
881,0.69715,0.69715,0.69715,0.69715,0.69715,0.69715,0.69715,0.69715,0.69715,0.69715,0.69715,0.69715,0.69715,0.69715,0.69715,0.69715,0.69715,0.69715,0.69715,0.69715,0.69715,0.69715,0.69715,0.69715,0.69715,0.69715,0.69715,0.69715,0.69715
882,0.69877,0.69877,0.69877,0.69877,0.69877,0.69877,0.69877,0.69877,0.69877,0.69877,0.69877,0.69877,0.69877,0.69877,0.69877,0.69877,0.69877,0.69877,0.69877,0.69877,0.69877,0.69877,0.69877,0.69877,0.69877,0.69877,0.69877,0.69877,0.69877
883,0.70032,0.70032,0.70032,0.70032,0.70032,0.70032,0.70032,0.70032,0.70032,0.70032,0.70032,0.70032,0.70032,0.70032,0.70032,0.70032,0.70032,0.70032,0.70032,0.70032,0.70032,0.70032,0.70032,0.70032,0.70032,0.70032,0.70032,0.70032,0.70032
884,0.70181,0.70181,0.70181,0.70181,0.70181,0.70181,0.70181,0.70181,0.70181,0.70181,0.70181,0.70181,0.70181,0.70181,0.70181,0.70181,0.70181,0.70181,0.70181,0.70181,0.70181,0.70181,0.70181,0.70181,0.70181,0.70181,0.70181,0.70181,0.70181
885,0.70322,0.70322,0.70322,0.70322,0.70322,0.70322,0.70322,0.70322,0.70322,0.70322,0.70322,0.70322,0.70322,0.70322,0.70322,0.70322,0.70322,0.70322,0.70322,0.70322,0.70322,0.70322,0.70322,0.70322,0.70322,0.70322,0.70322,0.70322,0.70322
886,0.70457,0.70457,0.70457,0.70457,0.70457,0.70457,0.70457,0.70457,0.70457,0.70457,0.70457,0.70457,0.70457,0.70457,0.70457,0.70457,0.70457,0.70457,0.70457,0.70457,0.70457,0.70457,0.70457,0.70457,0.70457,0.70457,0.70457,0.70457,0.70457
887,0.70584,0.70584,0.70584,0.70584,0.70584,0.70584,0.70584,0.70584,0.70584,0.70584,0.70584,0.70584,0.70584,0.70584,0.70584,0.70584,0.70584,0.70584,0.70584,0.70584,0.70584,0.70584,0.70584,0.70584,0.70584,0.70584,0.70584,0.70584,0.70584
888,0.70704,0.70704,0.70704,0.70704,0.70704,0.70704,0.70704,0.70704,0.70704,0.70704,0.70704,0.70704,0.70704,0.70704,0.70704,0.70704,0.70704,0.70704,0.70704,0.70704,0.70704,0.70704,0.70704,0.70704,0.70704,0.70704,0.70704,0.70704,0.70704
889,0.70817,0.70817,0.70817,0.70817,0.70817,0.70817,0.70817,0.70817,0.70817,0.70817,0.70817,0.70817,0.70817,0.70817,0.70817,0.70817,0.70817,0.70817,0.70817,0.70817,0.70817,0.70817,0.70817,0.70817,0.70817,0.70817,0.70817,0.70817,0.70817
890,0.70921,0.70921,0.70921,0.70921,0.70921,0.70921,0.70921,0.70921,0.70921,0.70921,0.70921,0.70921,0.70921,0.70921,0.70921,0.70921,0.70921,0.70921,0.70921,0.70921,0.70921,0.70921,0.70921,0.70921,0.70921,0.70921,0.70921,0.70921,0.70921
891,0.71018,0.71018,0.71018,0.71018,0.71018,0.71018,0.71018,0.71018,0.71018,0.71018,0.71018,0.71018,0.71018,0.71018,0.71018,0.71018,0.71018,0.71018,0.71018,0.71018,0.71018,0.71018,0.71018,0.71018,0.71018,0.71018,0.71018,0.71018,0.71018
892,0.71108,0.71108,0.71108,0.71108,0.71108,0.71108,0.71108,0.71108,0.71108,0.71108,0.71108,0.71108,0.71108,0.71108,0.71108,0.71108,0.71108,0.71108,0.71108,0.71108,0.71108,0.71108,0.71108,0.71108,0.71108,0.71108,0.71108,0.71108,0.71108
893,0.71189,0.71189,0.71189,0.71189,0.71189,0.71189,0.71189,0.71189,0.71189,0.71189,0.71189,0.71189,0.71189,0.71189,0.71189,0.71189,0.71189,0.71189,0.71189,0.71189,0.71189,0.71189,0.71189,0.71189,0.71189,0.71189,0.71189,0.71189,0.71189
894,0.71262,0.71262,0.71262,0.71262,0.71262,0.71262,0.71262,0.71262,0.71262,0.71262,0.71262,0.71262,0.71262,0.71262,0.71262,0.71262,0.71262,0.71262,0.71262,0.71262,0.71262,0.71262,0.71262,0.71262,0.71262,0.71262,0.71262,0.71262,0.71262
895,0.71327,0.71327,0.71327,0.71327,0.71327,0.71327,0.71327,0.71327,0.71327,0.71327,0.71327,0.71327,0.71327,0.71327,0.71327,0.71327,0.71327,0.71327,0.71327,0.71327,0.71327,0.71327,0.71327,0.71327,0.71327,0.71327,0.71327,0.71327,0.71327
896,0.71384,0.71384,0.71384,0.71384,0.71384,0.71384,0.71384,0.71384,0.71384,0.71384,0.71384,0.71384,0.71384,0.71384,0.71384,0.71384,0.71384,0.71384,0.71384,0.71384,0.71384,0.71384,0.71384,0.71384,0.71384,0.71384,0.71384,0.71384,0.71384
897,0.71433,0.71433,0.71433,0.71433,0.71433,0.71433,0.71433,0.71433,0.71433,0.71433,0.71433,0.71433,0.71433,0.71433,0.71433,0.71433,0.71433,0.71433,0.71433,0.71433,0.71433,0.71433,0.71433,0.71433,0.71433,0.71433,0.71433,0.71433,0.71433
898,0.71473,0.71473,0.71473,0.71473,0.71473,0.71473,0.71473,0.71473,0.71473,0.71473,0.71473,0.71473,0.71473,0.71473,0.71473,0.71473,0.71473,0.71473,0.71473,0.71473,0.71473,0.71473,0.71473,0.71473,0.71473,0.71473,0.71473,0.71473,0.71473
899,0.71504,0.71504,0.71504,0.71504,0.71504,0.71504,0.71504,0.71504,0.71504,0.71504,0.71504,0.71504,0.71504,0.71504,0.71504,0.71504,0.71504,0.71504,0.71504,0.71504,0.71504,0.71504,0.71504,0.71504,0.71504,0.71504,0.71504,0.71504,0.71504
900,0.71528,0.71528,0.71528,0.71528,0.71528,0.71528,0.71528,0.71528,0.71528,0.71528,0.71528,0.71528,0.71528,0.71528,0.71528,0.71528,0.71528,0.71528,0.71528,0.71528,0.71528,0.71528,0.71528,0.71528,0.71528,0.71528,0.71528,0.71528,0.71528
901,0.71543,0.71543,0.71543,0.71543,0.71543,0.71543,0.71543,0.71543,0.71543,0.71543,0.71543,0.71543,0.71543,0.71543,0.71543,0.71543,0.71543,0.71543,0.71543,0.71543,0.71543,0.71543,0.71543,0.71543,0.71543,0.71543,0.71543,0.71543,0.71543
902,0.71549,0.71549,0.71549,0.71549,0.71549,0.71549,0.71549,0.71549,0.71549,0.71549,0.71549,0.71549,0.71549,0.71549,0.71549,0.71549,0.71549,0.71549,0.71549,0.71549,0.71549,0.71549,0.71549,0.71549,0.71549,0.71549,0.71549,0.71549,0.71549
903,0.71547,0.71547,0.71547,0.71547,0.71547,0.71547,0.71547,0.71547,0.71547,0.71547,0.71547,0.71547,0.71547,0.71547,0.71547,0.71547,0.71547,0.71547,0.71547,0.71547,0.71547,0.71547,0.71547,0.71547,0.71547,0.71547,0.71547,0.71547,0.71547
904,0.71536,0.71536,0.71536,0.71536,0.71536,0.71536,0.71536,0.71536,0.71536,0.71536,0.71536,0.71536,0.71536,0.71536,0.71536,0.71536,0.71536,0.71536,0.71536,0.71536,0.71536,0.71536,0.71536,0.71536,0.71536,0.71536,0.71536,0.71536,0.71536
905,0.71517,0.71517,0.71517,0.71517,0.71517,0.71517,0.71517,0.71517,0.71517,0.71517,0.71517,0.71517,0.71517,0.71517,0.71517,0.71517,0.71517,0.71517,0.71517,0.71517,0.71517,0.71517,0.71517,0.71517,0.71517,0.71517,0.71517,0.71517,0.71517
906,0.71490,0.71490,0.71490,0.71490,0.71490,0.71490,0.71490,0.71490,0.71490,0.71490,0.71490,0.71490,0.71490,0.71490,0.71490,0.71490,0.71490,0.71490,0.71490,0.71490,0.71490,0.71490,0.71490,0.71490,0.71490,0.71490,0.71490,0.71490,0.71490
907,0.71454,0.71454,0.71454,0.71454,0.71454,0.71454,0.71454,0.71454,0.71454,0.71454,0.71454,0.71454,0.71454,0.71454,0.71454,0.71454,0.71454,0.71454,0.71454,0.71454,0.71454,0.71454,0.71454,0.71454,0.71454,0.71454,0.71454,0.71454,0.71454
908,0.71409,0.71409,0.71409,0.71409,0.71409,0.71409,0.71409,0.71409,0.71409,0.71409,0.71409,0.71409,0.71409,0.71409,0.71409,0.71409,0.71409,0.71409,0.71409,0.71409,0.71409,0.71409,0.71409,0.71409,0.71409,0.71409,0.71409,0.71409,0.71409
909,0.71357,0.71357,0.71357,0.71357,0.71357,0.71357,0.71357,0.71357,0.71357,0.71357,0.71357,0.71357,0.71357,0.71357,0.71357,0.71357,0.71357,0.71357,0.71357,0.71357,0.71357,0.71357,0.71357,0.71357,0.71357,0.71357,0.71357,0.71357,0.71357
910,0.71296,0.71296,0.71296,0.71296,0.71296,0.71296,0.71296,0.71296,0.71296,0.71296,0.71296,0.71296,0.71296,0.71296,0.71296,0.71296,0.71296,0.71296,0.71296,0.71296,0.71296,0.71296,0.71296,0.71296,0.71296,0.71296,0.71296,0.71296,0.71296
911,0.71227,0.71227,0.71227,0.71227,0.71227,0.71227,0.71227,0.71227,0.71227,0.71227,0.71227,0.71227,0.71227,0.71227,0.71227,0.71227,0.71227,0.71227,0.71227,0.71227,0.71227,0.71227,0.71227,0.71227,0.71227,0.71227,0.71227,0.71227,0.71227
912,0.71149,0.71149,0.71149,0.71149,0.71149,0.71149,0.71149,0.71149,0.71149,0.71149,0.71149,0.71149,0.71149,0.71149,0.71149,0.71149,0.71149,0.71149,0.71149,0.71149,0.71149,0.71149,0.71149,0.71149,0.71149,0.71149,0.71149,0.71149,0.71149
913,0.71064,0.71064,0.71064,0.71064,0.71064,0.71064,0.71064,0.71064,0.71064,0.71064,0.71064,0.71064,0.71064,0.71064,0.71064,0.71064,0.71064,0.71064,0.71064,0.71064,0.71064,0.71064,0.71064,0.71064,0.71064,0.71064,0.71064,0.71064,0.71064
914,0.70971,0.70971,0.70971,0.70971,0.70971,0.70971,0.70971,0.70971,0.70971,0.70971,0.70971,0.70971,0.70971,0.70971,0.70971,0.70971,0.70971,0.70971,0.70971,0.70971,0.70971,0.70971,0.70971,0.70971,0.70971,0.70971,0.70971,0.70971,0.70971
915,0.70870,0.70870,0.70870,0.70870,0.70870,0.70870,0.70870,0.70870,0.70870,0.70870,0.70870,0.70870,0.70870,0.70870,0.70870,0.70870,0.70870,0.70870,0.70870,0.70870,0.70870,0.70870,0.70870,0.70870,0.70870,0.70870,0.70870,0.70870,0.70870
916,0.70761,0.70761,0.70761,0.70761,0.70761,0.70761,0.70761,0.70761,0.70761,0.70761,0.70761,0.70761,0.70761,0.70761,0.70761,0.70761,0.70761,0.70761,0.70761,0.70761,0.70761,0.70761,0.70761,0.70761,0.70761,0.70761,0.70761,0.70761,0.70761
917,0.70645,0.70645,0.70645,0.70645,0.70645,0.70645,0.70645,0.70645,0.70645,0.70645,0.70645,0.70645,0.70645,0.70645,0.70645,0.70645,0.70645,0.70645,0.70645,0.70645,0.70645,0.70645,0.70645,0.70645,0.70645,0.70645,0.70645,0.70645,0.70645
918,0.70521,0.70521,0.70521,0.70521,0.70521,0.70521,0.70521,0.70521,0.70521,0.70521,0.70521,0.70521,0.70521,0.70521,0.70521,0.70521,0.70521,0.70521,0.70521,0.70521,0.70521,0.70521,0.70521,0.70521,0.70521,0.70521,0.70521,0.70521,0.70521
919,0.70391,0.70391,0.70391,0.70391,0.70391,0.70391,0.70391,0.70391,0.70391,0.70391,0.70391,0.70391,0.70391,0.70391,0.70391,0.70391,0.70391,0.70391,0.70391,0.70391,0.70391,0.70391,0.70391,0.70391,0.70391,0.70391,0.70391,0.70391,0.70391
920,0.70252,0.70252,0.70252,0.70252,0.70252,0.70252,0.70252,0.70252,0.70252,0.70252,0.70252,0.70252,0.70252,0.70252,0.70252,0.70252,0.70252,0.70252,0.70252,0.70252,0.70252,0.70252,0.70252,0.70252,0.70252,0.70252,0.70252,0.70252,0.70252
921,0.70107,0.70107,0.70107,0.70107,0.70107,0.70107,0.70107,0.70107,0.70107,0.70107,0.70107,0.70107,0.70107,0.70107,0.70107,0.70107,0.70107,0.70107,0.70107,0.70107,0.70107,0.70107,0.70107,0.70107,0.70107,0.70107,0.70107,0.70107,0.70107
922,0.69955,0.69955,0.69955,0.69955,0.69955,0.69955,0.69955,0.69955,0.69955,0.69955,0.69955,0.69955,0.69955,0.69955,0.69955,0.69955,0.69955,0.69955,0.69955,0.69955,0.69955,0.69955,0.69955,0.69955,0.69955,0.69955,0.69955,0.69955,0.69955
923,0.69797,0.69797,0.69797,0.69797,0.69797,0.69797,0.69797,0.69797,0.69797,0.69797,0.69797,0.69797,0.69797,0.69797,0.69797,0.69797,0.69797,0.69797,0.69797,0.69797,0.69797,0.69797,0.69797,0.69797,0.69797,0.69797,0.69797,0.69797,0.69797
924,0.69631,0.69631,0.69631,0.69631,0.69631,0.69631,0.69631,0.69631,0.69631,0.69631,0.69631,0.69631,0.69631,0.69631,0.69631,0.69631,0.69631,0.69631,0.69631,0.69631,0.69631,0.69631,0.69631,0.69631,0.69631,0.69631,0.69631,0.69631,0.69631
925,0.69460,0.69460,0.69460,0.69460,0.69460,0.69460,0.69460,0.69460,0.69460,0.69460,0.69460,0.69460,0.69460,0.69460,0.69460,0.69460,0.69460,0.69460,0.69460,0.69460,0.69460,0.69460,0.69460,0.69460,0.69460,0.69460,0.69460,0.69460,0.69460
926,0.69282,0.69282,0.69282,0.69282,0.69282,0.69282,0.69282,0.69282,0.69282,0.69282,0.69282,0.69282,0.69282,0.69282,0.69282,0.69282,0.69282,0.69282,0.69282,0.69282,0.69282,0.69282,0.69282,0.69282,0.69282,0.69282,0.69282,0.69282,0.69282
927,0.69098,0.69098,0.69098,0.69098,0.69098,0.69098,0.69098,0.69098,0.69098,0.69098,0.69098,0.69098,0.69098,0.69098,0.69098,0.69098,0.69098,0.69098,0.69098,0.69098,0.69098,0.69098,0.69098,0.69098,0.69098,0.69098,0.69098,0.69098,0.69098
928,0.68908,0.68908,0.68908,0.68908,0.68908,0.68908,0.68908,0.68908,0.68908,0.68908,0.68908,0.68908,0.68908,0.68908,0.68908,0.68908,0.68908,0.68908,0.68908,0.68908,0.68908,0.68908,0.68908,0.68908,0.68908,0.68908,0.68908,0.68908,0.68908
929,0.68712,0.68712,0.68712,0.68712,0.68712,0.68712,0.68712,0.68712,0.68712,0.68712,0.68712,0.68712,0.68712,0.68712,0.68712,0.68712,0.68712,0.68712,0.68712,0.68712,0.68712,0.68712,0.68712,0.68712,0.68712,0.68712,0.68712,0.68712,0.68712
930,0.68511,0.68511,0.68511,0.68511,0.68511,0.68511,0.68511,0.68511,0.68511,0.68511,0.68511,0.68511,0.68511,0.68511,0.68511,0.68511,0.68511,0.68511,0.68511,0.68511,0.68511,0.68511,0.68511,0.68511,0.68511,0.68511,0.68511,0.68511,0.68511
931,0.68304,0.68304,0.68304,0.68304,0.68304,0.68304,0.68304,0.68304,0.68304,0.68304,0.68304,0.68304,0.68304,0.68304,0.68304,0.68304,0.68304,0.68304,0.68304,0.68304,0.68304,0.68304,0.68304,0.68304,0.68304,0.68304,0.68304,0.68304,0.68304
932,0.68093,0.68093,0.68093,0.68093,0.68093,0.68093,0.68093,0.68093,0.68093,0.68093,0.68093,0.68093,0.68093,0.68093,0.68093,0.68093,0.68093,0.68093,0.68093,0.68093,0.68093,0.68093,0.68093,0.68093,0.68093,0.68093,0.68093,0.68093,0.68093
933,0.67876,0.67876,0.67876,0.67876,0.67876,0.67876,0.67876,0.67876,0.67876,0.67876,0.67876,0.67876,0.67876,0.67876,0.67876,0.67876,0.67876,0.67876,0.67876,0.67876,0.67876,0.67876,0.67876,0.67876,0.67876,0.67876,0.67876,0.67876,0.67876
934,0.67654,0.67654,0.67654,0.67654,0.67654,0.67654,0.67654,0.67654,0.67654,0.67654,0.67654,0.67654,0.67654,0.67654,0.67654,0.67654,0.67654,0.67654,0.67654,0.67654,0.67654,0.67654,0.67654,0.67654,0.67654,0.67654,0.67654,0.67654,0.67654
935,0.67427,0.67427,0.67427,0.67427,0.67427,0.67427,0.67427,0.67427,0.67427,0.67427,0.67427,0.67427,0.67427,0.67427,0.67427,0.67427,0.67427,0.67427,0.67427,0.67427,0.67427,0.67427,0.67427,0.67427,0.67427,0.67427,0.67427,0.67427,0.67427
936,0.67196,0.67196,0.67196,0.67196,0.67196,0.67196,0.67196,0.67196,0.67196,0.67196,0.67196,0.67196,0.67196,0.67196,0.67196,0.67196,0.67196,0.67196,0.67196,0.67196,0.67196,0.67196,0.67196,0.67196,0.67196,0.67196,0.67196,0.67196,0.67196
937,0.66960,0.66960,0.66960,0.66960,0.66960,0.66960,0.66960,0.66960,0.66960,0.66960,0.66960,0.66960,0.66960,0.66960,0.66960,0.66960,0.66960,0.66960,0.66960,0.66960,0.66960,0.66960,0.66960,0.66960,0.66960,0.66960,0.66960,0.66960,0.66960
938,0.66720,0.66720,0.66720,0.66720,0.66720,0.66720,0.66720,0.66720,0.66720,0.66720,0.66720,0.66720,0.66720,0.66720,0.66720,0.66720,0.66720,0.66720,0.66720,0.66720,0.66720,0.66720,0.66720,0.66720,0.66720,0.66720,0.66720,0.66720,0.66720
939,0.66476,0.66476,0.66476,0.66476,0.66476,0.66476,0.66476,0.66476,0.66476,0.66476,0.66476,0.66476,0.66476,0.66476,0.66476,0.66476,0.66476,0.66476,0.66476,0.66476,0.66476,0.66476,0.66476,0.66476,0.66476,0.66476,0.66476,0.66476,0.66476
940,0.66227,0.66227,0.66227,0.66227,0.66227,0.66227,0.66227,0.66227,0.66227,0.66227,0.66227,0.66227,0.66227,0.66227,0.66227,0.66227,0.66227,0.66227,0.66227,0.66227,0.66227,0.66227,0.66227,0.66227,0.66227,0.66227,0.66227,0.66227,0.66227
941,0.65975,0.65975,0.65975,0.65975,0.65975,0.65975,0.65975,0.65975,0.65975,0.65975,0.65975,0.65975,0.65975,0.65975,0.65975,0.65975,0.65975,0.65975,0.65975,0.65975,0.65975,0.65975,0.65975,0.65975,0.65975,0.65975,0.65975,0.65975,0.65975
942,0.65720,0.65720,0.65720,0.65720,0.65720,0.65720,0.65720,0.65720,0.65720,0.65720,0.65720,0.65720,0.65720,0.65720,0.65720,0.65720,0.65720,0.65720,0.65720,0.65720,0.65720,0.65720,0.65720,0.65720,0.65720,0.65720,0.65720,0.65720,0.65720
943,0.65460,0.65460,0.65460,0.65460,0.65460,0.65460,0.65460,0.65460,0.65460,0.65460,0.65460,0.65460,0.65460,0.65460,0.65460,0.65460,0.65460,0.65460,0.65460,0.65460,0.65460,0.65460,0.65460,0.65460,0.65460,0.65460,0.65460,0.65460,0.65460
944,0.65198,0.65198,0.65198,0.65198,0.65198,0.65198,0.65198,0.65198,0.65198,0.65198,0.65198,0.65198,0.65198,0.65198,0.65198,0.65198,0.65198,0.65198,0.65198,0.65198,0.65198,0.65198,0.65198,0.65198,0.65198,0.65198,0.65198,0.65198,0.65198
945,0.64931,0.64931,0.64931,0.64931,0.64931,0.64931,0.64931,0.64931,0.64931,0.64931,0.64931,0.64931,0.64931,0.64931,0.64931,0.64931,0.64931,0.64931,0.64931,0.64931,0.64931,0.64931,0.64931,0.64931,0.64931,0.64931,0.64931,0.64931,0.64931
946,0.64662,0.64662,0.64662,0.64662,0.64662,0.64662,0.64662,0.64662,0.64662,0.64662,0.64662,0.64662,0.64662,0.64662,0.64662,0.64662,0.64662,0.64662,0.64662,0.64662,0.64662,0.64662,0.64662,0.64662,0.64662,0.64662,0.64662,0.64662,0.64662
947,0.64390,0.64390,0.64390,0.64390,0.64390,0.64390,0.64390,0.64390,0.64390,0.64390,0.64390,0.64390,0.64390,0.64390,0.64390,0.64390,0.64390,0.64390,0.64390,0.64390,0.64390,0.64390,0.64390,0.64390,0.64390,0.64390,0.64390,0.64390,0.64390
948,0.64115,0.64115,0.64115,0.64115,0.64115,0.64115,0.64115,0.64115,0.64115,0.64115,0.64115,0.64115,0.64115,0.64115,0.64115,0.64115,0.64115,0.64115,0.64115,0.64115,0.64115,0.64115,0.64115,0.64115,0.64115,0.64115,0.64115,0.64115,0.64115
949,0.63837,0.63837,0.63837,0.63837,0.63837,0.63837,0.63837,0.63837,0.63837,0.63837,0.63837,0.63837,0.63837,0.63837,0.63837,0.63837,0.63837,0.63837,0.63837,0.63837,0.63837,0.63837,0.63837,0.63837,0.63837,0.63837,0.63837,0.63837,0.63837
950,0.63557,0.63557,0.63557,0.63557,0.63557,0.63557,0.63557,0.63557,0.63557,0.63557,0.63557,0.63557,0.63557,0.63557,0.63557,0.63557,0.63557,0.63557,0.63557,0.63557,0.63557,0.63557,0.63557,0.63557,0.63557,0.63557,0.63557,0.63557,0.63557
951,0.63274,0.63274,0.63274,0.63274,0.63274,0.63274,0.63274,0.63274,0.63274,0.63274,0.63274,0.63274,0.63274,0.63274,0.63274,0.63274,0.63274,0.63274,0.63274,0.63274,0.63274,0.63274,0.63274,0.63274,0.63274,0.63274,0.63274,0.63274,0.63274
952,0.62988,0.62988,0.62988,0.62988,0.62988,0.62988,0.62988,0.62988,0.62988,0.62988,0.62988,0.62988,0.62988,0.62988,0.62988,0.62988,0.62988,0.62988,0.62988,0.62988,0.62988,0.62988,0.62988,0.62988,0.62988,0.62988,0.62988,0.62988,0.62988
953,0.62700,0.62700,0.62700,0.62700,0.62700,0.62700,0.62700,0.62700,0.62700,0.62700,0.62700,0.62700,0.62700,0.62700,0.62700,0.62700,0.62700,0.62700,0.62700,0.62700,0.62700,0.62700,0.62700,0.62700,0.62700,0.62700,0.62700,0.62700,0.62700
954,0.62410,0.62410,0.62410,0.62410,0.62410,0.62410,0.62410,0.62410,0.62410,0.62410,0.62410,0.62410,0.62410,0.62410,0.62410,0.62410,0.62410,0.62410,0.62410,0.62410,0.62410,0.62410,0.62410,0.62410,0.62410,0.62410,0.62410,0.62410,0.62410
955,0.62118,0.62118,0.62118,0.62118,0.62118,0.62118,0.62118,0.62118,0.62118,0.62118,0.62118,0.62118,0.62118,0.62118,0.62118,0.62118,0.62118,0.62118,0.62118,0.62118,0.62118,0.62118,0.62118,0.62118,0.62118,0.62118,0.62118,0.62118,0.62118
956,0.61824,0.61824,0.61824,0.61824,0.61824,0.61824,0.61824,0.61824,0.61824,0.61824,0.61824,0.61824,0.61824,0.61824,0.61824,0.61824,0.61824,0.61824,0.61824,0.61824,0.61824,0.61824,0.61824,0.61824,0.61824,0.61824,0.61824,0.61824,0.61824
957,0.61528,0.61528,0.61528,0.61528,0.61528,0.61528,0.61528,0.61528,0.61528,0.61528,0.61528,0.61528,0.61528,0.61528,0.61528,0.61528,0.61528,0.61528,0.61528,0.61528,0.61528,0.61528,0.61528,0.61528,0.61528,0.61528,0.61528,0.61528,0.61528
958,0.61230,0.61230,0.61230,0.61230,0.61230,0.61230,0.61230,0.61230,0.61230,0.61230,0.61230,0.61230,0.61230,0.61230,0.61230,0.61230,0.61230,0.61230,0.61230,0.61230,0.61230,0.61230,0.61230,0.61230,0.61230,0.61230,0.61230,0.61230,0.61230
959,0.60930,0.60930,0.60930,0.60930,0.60930,0.60930,0.60930,0.60930,0.60930,0.60930,0.60930,0.60930,0.60930,0.60930,0.60930,0.60930,0.60930,0.60930,0.60930,0.60930,0.60930,0.60930,0.60930,0.60930,0.60930,0.60930,0.60930,0.60930,0.60930
960,0.60629,0.60629,0.60629,0.60629,0.60629,0.60629,0.60629,0.60629,0.60629,0.60629,0.60629,0.60629,0.60629,0.60629,0.60629,0.60629,0.60629,0.60629,0.60629,0.60629,0.60629,0.60629,0.60629,0.60629,0.60629,0.60629,0.60629,0.60629,0.60629
961,0.60326,0.60326,0.60326,0.60326,0.60326,0.60326,0.60326,0.60326,0.60326,0.60326,0.60326,0.60326,0.60326,0.60326,0.60326,0.60326,0.60326,0.60326,0.60326,0.60326,0.60326,0.60326,0.60326,0.60326,0.60326,0.60326,0.60326,0.60326,0.60326
962,0.60021,0.60021,0.60021,0.60021,0.60021,0.60021,0.60021,0.60021,0.60021,0.60021,0.60021,0.60021,0.60021,0.60021,0.60021,0.60021,0.60021,0.60021,0.60021,0.60021,0.60021,0.60021,0.60021,0.60021,0.60021,0.60021,0.60021,0.60021,0.60021
963,0.59715,0.59715,0.59715,0.59715,0.59715,0.59715,0.59715,0.59715,0.59715,0.59715,0.59715,0.59715,0.59715,0.59715,0.59715,0.59715,0.59715,0.59715,0.59715,0.59715,0.59715,0.59715,0.59715,0.59715,0.59715,0.59715,0.59715,0.59715,0.59715
964,0.59408,0.59408,0.59408,0.59408,0.59408,0.59408,0.59408,0.59408,0.59408,0.59408,0.59408,0.59408,0.59408,0.59408,0.59408,0.59408,0.59408,0.59408,0.59408,0.59408,0.59408,0.59408,0.59408,0.59408,0.59408,0.59408,0.59408,0.59408,0.59408
965,0.59100,0.59100,0.59100,0.59100,0.59100,0.59100,0.59100,0.59100,0.59100,0.59100,0.59100,0.59100,0.59100,0.59100,0.59100,0.59100,0.59100,0.59100,0.59100,0.59100,0.59100,0.59100,0.59100,0.59100,0.59100,0.59100,0.59100,0.59100,0.59100
966,0.58790,0.58790,0.58790,0.58790,0.58790,0.58790,0.58790,0.58790,0.58790,0.58790,0.58790,0.58790,0.58790,0.58790,0.58790,0.58790,0.58790,0.58790,0.58790,0.58790,0.58790,0.58790,0.58790,0.58790,0.58790,0.58790,0.58790,0.58790,0.58790
967,0.58479,0.58479,0.58479,0.58479,0.58479,0.58479,0.58479,0.58479,0.58479,0.58479,0.58479,0.58479,0.58479,0.58479,0.58479,0.58479,0.58479,0.58479,0.58479,0.58479,0.58479,0.58479,0.58479,0.58479,0.58479,0.58479,0.58479,0.58479,0.58479
968,0.58167,0.58167,0.58167,0.58167,0.58167,0.58167,0.58167,0.58167,0.58167,0.58167,0.58167,0.58167,0.58167,0.58167,0.58167,0.58167,0.58167,0.58167,0.58167,0.58167,0.58167,0.58167,0.58167,0.58167,0.58167,0.58167,0.58167,0.58167,0.58167
969,0.57854,0.57854,0.57854,0.57854,0.57854,0.57854,0.57854,0.57854,0.57854,0.57854,0.57854,0.57854,0.57854,0.57854,0.57854,0.57854,0.57854,0.57854,0.57854,0.57854,0.57854,0.57854,0.57854,0.57854,0.57854,0.57854,0.57854,0.57854,0.57854
970,0.57540,0.57540,0.57540,0.57540,0.57540,0.57540,0.57540,0.57540,0.57540,0.57540,0.57540,0.57540,0.57540,0.57540,0.57540,0.57540,0.57540,0.57540,0.57540,0.57540,0.57540,0.57540,0.57540,0.57540,0.57540,0.57540,0.57540,0.57540,0.57540
971,0.57225,0.57225,0.57225,0.57225,0.57225,0.57225,0.57225,0.57225,0.57225,0.57225,0.57225,0.57225,0.57225,0.57225,0.57225,0.57225,0.57225,0.57225,0.57225,0.57225,0.57225,0.57225,0.57225,0.57225,0.57225,0.57225,0.57225,0.57225,0.57225
972,0.56910,0.56910,0.56910,0.56910,0.56910,0.56910,0.56910,0.56910,0.56910,0.56910,0.56910,0.56910,0.56910,0.56910,0.56910,0.56910,0.56910,0.56910,0.56910,0.56910,0.56910,0.56910,0.56910,0.56910,0.56910,0.56910,0.56910,0.56910,0.56910
973,0.56593,0.56593,0.56593,0.56593,0.56593,0.56593,0.56593,0.56593,0.56593,0.56593,0.56593,0.56593,0.56593,0.56593,0.56593,0.56593,0.56593,0.56593,0.56593,0.56593,0.56593,0.56593,0.56593,0.56593,0.56593,0.56593,0.56593,0.56593,0.56593
974,0.56276,0.56276,0.56276,0.56276,0.56276,0.56276,0.56276,0.56276,0.56276,0.56276,0.56276,0.56276,0.56276,0.56276,0.56276,0.56276,0.56276,0.56276,0.56276,0.56276,0.56276,0.56276,0.56276,0.56276,0.56276,0.56276,0.56276,0.56276,0.56276
975,0.55958,0.55958,0.55958,0.55958,0.55958,0.55958,0.55958,0.55958,0.55958,0.55958,0.55958,0.55958,0.55958,0.55958,0.55958,0.55958,0.55958,0.55958,0.55958,0.55958,0.55958,0.55958,0.55958,0.55958,0.55958,0.55958,0.55958,0.55958,0.55958
976,0.55640,0.55640,0.55640,0.55640,0.55640,0.55640,0.55640,0.55640,0.55640,0.55640,0.55640,0.55640,0.55640,0.55640,0.55640,0.55640,0.55640,0.55640,0.55640,0.55640,0.55640,0.55640,0.55640,0.55640,0.55640,0.55640,0.55640,0.55640,0.55640
977,0.55320,0.55320,0.55320,0.55320,0.55320,0.55320,0.55320,0.55320,0.55320,0.55320,0.55320,0.55320,0.55320,0.55320,0.55320,0.55320,0.55320,0.55320,0.55320,0.55320,0.55320,0.55320,0.55320,0.55320,0.55320,0.55320,0.55320,0.55320,0.55320
978,0.55001,0.55001,0.55001,0.55001,0.55001,0.55001,0.55001,0.55001,0.55001,0.55001,0.55001,0.55001,0.55001,0.55001,0.55001,0.55001,0.55001,0.55001,0.55001,0.55001,0.55001,0.55001,0.55001,0.55001,0.55001,0.55001,0.55001,0.55001,0.55001
979,0.54680,0.54680,0.54680,0.54680,0.54680,0.54680,0.54680,0.54680,0.54680,0.54680,0.54680,0.54680,0.54680,0.54680,0.54680,0.54680,0.54680,0.54680,0.54680,0.54680,0.54680,0.54680,0.54680,0.54680,0.54680,0.54680,0.54680,0.54680,0.54680
980,0.54360,0.54360,0.54360,0.54360,0.54360,0.54360,0.54360,0.54360,0.54360,0.54360,0.54360,0.54360,0.54360,0.54360,0.54360,0.54360,0.54360,0.54360,0.54360,0.54360,0.54360,0.54360,0.54360,0.54360,0.54360,0.54360,0.54360,0.54360,0.54360
981,0.54038,0.54038,0.54038,0.54038,0.54038,0.54038,0.54038,0.54038,0.54038,0.54038,0.54038,0.54038,0.54038,0.54038,0.54038,0.54038,0.54038,0.54038,0.54038,0.54038,0.54038,0.54038,0.54038,0.54038,0.54038,0.54038,0.54038,0.54038,0.54038
982,0.53717,0.53717,0.53717,0.53717,0.53717,0.53717,0.53717,0.53717,0.53717,0.53717,0.53717,0.53717,0.53717,0.53717,0.53717,0.53717,0.53717,0.53717,0.53717,0.53717,0.53717,0.53717,0.53717,0.53717,0.53717,0.53717,0.53717,0.53717,0.53717
983,0.53395,0.53395,0.53395,0.53395,0.53395,0.53395,0.53395,0.53395,0.53395,0.53395,0.53395,0.53395,0.53395,0.53395,0.53395,0.53395,0.53395,0.53395,0.53395,0.53395,0.53395,0.53395,0.53395,0.53395,0.53395,0.53395,0.53395,0.53395,0.53395
984,0.53072,0.53072,0.53072,0.53072,0.53072,0.53072,0.53072,0.53072,0.53072,0.53072,0.53072,0.53072,0.53072,0.53072,0.53072,0.53072,0.53072,0.53072,0.53072,0.53072,0.53072,0.53072,0.53072,0.53072,0.53072,0.53072,0.53072,0.53072,0.53072
985,0.52750,0.52750,0.52750,0.52750,0.52750,0.52750,0.52750,0.52750,0.52750,0.52750,0.52750,0.52750,0.52750,0.52750,0.52750,0.52750,0.52750,0.52750,0.52750,0.52750,0.52750,0.52750,0.52750,0.52750,0.52750,0.52750,0.52750,0.52750,0.52750
986,0.52427,0.52427,0.52427,0.52427,0.52427,0.52427,0.52427,0.52427,0.52427,0.52427,0.52427,0.52427,0.52427,0.52427,0.52427,0.52427,0.52427,0.52427,0.52427,0.52427,0.52427,0.52427,0.52427,0.52427,0.52427,0.52427,0.52427,0.52427,0.52427
987,0.52104,0.52104,0.52104,0.52104,0.52104,0.52104,0.52104,0.52104,0.52104,0.52104,0.52104,0.52104,0.52104,0.52104,0.52104,0.52104,0.52104,0.52104,0.52104,0.52104,0.52104,0.52104,0.52104,0.52104,0.52104,0.52104,0.52104,0.52104,0.52104
988,0.51780,0.51780,0.51780,0.51780,0.51780,0.51780,0.51780,0.51780,0.51780,0.51780,0.51780,0.51780,0.51780,0.51780,0.51780,0.51780,0.51780,0.51780,0.51780,0.51780,0.51780,0.51780,0.51780,0.51780,0.51780,0.51780,0.51780,0.51780,0.51780
989,0.51457,0.51457,0.51457,0.51457,0.51457,0.51457,0.51457,0.51457,0.51457,0.51457,0.51457,0.51457,0.51457,0.51457,0.51457,0.51457,0.51457,0.51457,0.51457,0.51457,0.51457,0.51457,0.51457,0.51457,0.51457,0.51457,0.51457,0.51457,0.51457
990,0.51133,0.51133,0.51133,0.51133,0.51133,0.51133,0.51133,0.51133,0.51133,0.51133,0.51133,0.51133,0.51133,0.51133,0.51133,0.51133,0.51133,0.51133,0.51133,0.51133,0.51133,0.51133,0.51133,0.51133,0.51133,0.51133,0.51133,0.51133,0.51133
991,0.50810,0.50810,0.50810,0.50810,0.50810,0.50810,0.50810,0.50810,0.50810,0.50810,0.50810,0.50810,0.50810,0.50810,0.50810,0.50810,0.50810,0.50810,0.50810,0.50810,0.50810,0.50810,0.50810,0.50810,0.50810,0.50810,0.50810,0.50810,0.50810
992,0.50486,0.50486,0.50486,0.50486,0.50486,0.50486,0.50486,0.50486,0.50486,0.50486,0.50486,0.50486,0.50486,0.50486,0.50486,0.50486,0.50486,0.50486,0.50486,0.50486,0.50486,0.50486,0.50486,0.50486,0.50486,0.50486,0.50486,0.50486,0.50486
993,0.50162,0.50162,0.50162,0.50162,0.50162,0.50162,0.50162,0.50162,0.50162,0.50162,0.50162,0.50162,0.50162,0.50162,0.50162,0.50162,0.50162,0.50162,0.50162,0.50162,0.50162,0.50162,0.50162,0.50162,0.50162,0.50162,0.50162,0.50162,0.50162
994,0.49838,0.49838,0.49838,0.49838,0.49838,0.49838,0.49838,0.49838,0.49838,0.49838,0.49838,0.49838,0.49838,0.49838,0.49838,0.49838,0.49838,0.49838,0.49838,0.49838,0.49838,0.49838,0.49838,0.49838,0.49838,0.49838,0.49838,0.49838,0.49838
995,0.49514,0.49514,0.49514,0.49514,0.49514,0.49514,0.49514,0.49514,0.49514,0.49514,0.49514,0.49514,0.49514,0.49514,0.49514,0.49514,0.49514,0.49514,0.49514,0.49514,0.49514,0.49514,0.49514,0.49514,0.49514,0.49514,0.49514,0.49514,0.49514
996,0.49190,0.49190,0.49190,0.49190,0.49190,0.49190,0.49190,0.49190,0.49190,0.49190,0.49190,0.49190,0.49190,0.49190,0.49190,0.49190,0.49190,0.49190,0.49190,0.49190,0.49190,0.49190,0.49190,0.49190,0.49190,0.49190,0.49190,0.49190,0.49190
997,0.48867,0.48867,0.48867,0.48867,0.48867,0.48867,0.48867,0.48867,0.48867,0.48867,0.48867,0.48867,0.48867,0.48867,0.48867,0.48867,0.48867,0.48867,0.48867,0.48867,0.48867,0.48867,0.48867,0.48867,0.48867,0.48867,0.48867,0.48867,0.48867
998,0.48543,0.48543,0.48543,0.48543,0.48543,0.48543,0.48543,0.48543,0.48543,0.48543,0.48543,0.48543,0.48543,0.48543,0.48543,0.48543,0.48543,0.48543,0.48543,0.48543,0.48543,0.48543,0.48543,0.48543,0.48543,0.48543,0.48543,0.48543,0.48543
999,0.48220,0.48220,0.48220,0.48220,0.48220,0.48220,0.48220,0.48220,0.48220,0.48220,0.48220,0.48220,0.48220,0.48220,0.48220,0.48220,0.48220,0.48220,0.48220,0.48220,0.48220,0.48220,0.48220,0.48220,0.48220,0.48220,0.48220,0.48220,0.48220
1000,0.47896,0.47896,0.47896,0.47896,0.47896,0.47896,0.47896,0.47896,0.47896,0.47896,0.47896,0.47896,0.47896,0.47896,0.47896,0.47896,0.47896,0.47896,0.47896,0.47896,0.47896,0.47896,0.47896,0.47896,0.47896,0.47896,0.47896,0.47896,0.47896
1001,0.47573,0.47573,0.47573,0.47573,0.47573,0.47573,0.47573,0.47573,0.47573,0.47573,0.47573,0.47573,0.47573,0.47573,0.47573,0.47573,0.47573,0.47573,0.47573,0.47573,0.47573,0.47573,0.47573,0.47573,0.47573,0.47573,0.47573,0.47573,0.47573
1002,0.47250,0.47250,0.47250,0.47250,0.47250,0.47250,0.47250,0.47250,0.47250,0.47250,0.47250,0.47250,0.47250,0.47250,0.47250,0.47250,0.47250,0.47250,0.47250,0.47250,0.47250,0.47250,0.47250,0.47250,0.47250,0.47250,0.47250,0.47250,0.47250
1003,0.46928,0.46928,0.46928,0.46928,0.46928,0.46928,0.46928,0.46928,0.46928,0.46928,0.46928,0.46928,0.46928,0.46928,0.46928,0.46928,0.46928,0.46928,0.46928,0.46928,0.46928,0.46928,0.46928,0.46928,0.46928,0.46928,0.46928,0.46928,0.46928
1004,0.46605,0.46605,0.46605,0.46605,0.46605,0.46605,0.46605,0.46605,0.46605,0.46605,0.46605,0.46605,0.46605,0.46605,0.46605,0.46605,0.46605,0.46605,0.46605,0.46605,0.46605,0.46605,0.46605,0.46605,0.46605,0.46605,0.46605,0.46605,0.46605
1005,0.46283,0.46283,0.46283,0.46283,0.46283,0.46283,0.46283,0.46283,0.46283,0.46283,0.46283,0.46283,0.46283,0.46283,0.46283,0.46283,0.46283,0.46283,0.46283,0.46283,0.46283,0.46283,0.46283,0.46283,0.46283,0.46283,0.46283,0.46283,0.46283
1006,0.45962,0.45962,0.45962,0.45962,0.45962,0.45962,0.45962,0.45962,0.45962,0.45962,0.45962,0.45962,0.45962,0.45962,0.45962,0.45962,0.45962,0.45962,0.45962,0.45962,0.45962,0.45962,0.45962,0.45962,0.45962,0.45962,0.45962,0.45962,0.45962
1007,0.45640,0.45640,0.45640,0.45640,0.45640,0.45640,0.45640,0.45640,0.45640,0.45640,0.45640,0.45640,0.45640,0.45640,0.45640,0.45640,0.45640,0.45640,0.45640,0.45640,0.45640,0.45640,0.45640,0.45640,0.45640,0.45640,0.45640,0.45640,0.45640
1008,0.45320,0.45320,0.45320,0.45320,0.45320,0.45320,0.45320,0.45320,0.45320,0.45320,0.45320,0.45320,0.45320,0.45320,0.45320,0.45320,0.45320,0.45320,0.45320,0.45320,0.45320,0.45320,0.45320,0.45320,0.45320,0.45320,0.45320,0.45320,0.45320
1009,0.44999,0.44999,0.44999,0.44999,0.44999,0.44999,0.44999,0.44999,0.44999,0.44999,0.44999,0.44999,0.44999,0.44999,0.44999,0.44999,0.44999,0.44999,0.44999,0.44999,0.44999,0.44999,0.44999,0.44999,0.44999,0.44999,0.44999,0.44999,0.44999
1010,0.44680,0.44680,0.44680,0.44680,0.44680,0.44680,0.44680,0.44680,0.44680,0.44680,0.44680,0.44680,0.44680,0.44680,0.44680,0.44680,0.44680,0.44680,0.44680,0.44680,0.44680,0.44680,0.44680,0.44680,0.44680,0.44680,0.44680,0.44680,0.44680
1011,0.44360,0.44360,0.44360,0.44360,0.44360,0.44360,0.44360,0.44360,0.44360,0.44360,0.44360,0.44360,0.44360,0.44360,0.44360,0.44360,0.44360,0.44360,0.44360,0.44360,0.44360,0.44360,0.44360,0.44360,0.44360,0.44360,0.44360,0.44360,0.44360
1012,0.44042,0.44042,0.44042,0.44042,0.44042,0.44042,0.44042,0.44042,0.44042,0.44042,0.44042,0.44042,0.44042,0.44042,0.44042,0.44042,0.44042,0.44042,0.44042,0.44042,0.44042,0.44042,0.44042,0.44042,0.44042,0.44042,0.44042,0.44042,0.44042
1013,0.43724,0.43724,0.43724,0.43724,0.43724,0.43724,0.43724,0.43724,0.43724,0.43724,0.43724,0.43724,0.43724,0.43724,0.43724,0.43724,0.43724,0.43724,0.43724,0.43724,0.43724,0.43724,0.43724,0.43724,0.43724,0.43724,0.43724,0.43724,0.43724
1014,0.43407,0.43407,0.43407,0.43407,0.43407,0.43407,0.43407,0.43407,0.43407,0.43407,0.43407,0.43407,0.43407,0.43407,0.43407,0.43407,0.43407,0.43407,0.43407,0.43407,0.43407,0.43407,0.43407,0.43407,0.43407,0.43407,0.43407,0.43407,0.43407
1015,0.43090,0.43090,0.43090,0.43090,0.43090,0.43090,0.43090,0.43090,0.43090,0.43090,0.43090,0.43090,0.43090,0.43090,0.43090,0.43090,0.43090,0.43090,0.43090,0.43090,0.43090,0.43090,0.43090,0.43090,0.43090,0.43090,0.43090,0.43090,0.43090
1016,0.42775,0.42775,0.42775,0.42775,0.42775,0.42775,0.42775,0.42775,0.42775,0.42775,0.42775,0.42775,0.42775,0.42775,0.42775,0.42775,0.42775,0.42775,0.42775,0.42775,0.42775,0.42775,0.42775,0.42775,0.42775,0.42775,0.42775,0.42775,0.42775
1017,0.42460,0.42460,0.42460,0.42460,0.42460,0.42460,0.42460,0.42460,0.42460,0.42460,0.42460,0.42460,0.42460,0.42460,0.42460,0.42460,0.42460,0.42460,0.42460,0.42460,0.42460,0.42460,0.42460,0.42460,0.42460,0.42460,0.42460,0.42460,0.42460
1018,0.42146,0.42146,0.42146,0.42146,0.42146,0.42146,0.42146,0.42146,0.42146,0.42146,0.42146,0.42146,0.42146,0.42146,0.42146,0.42146,0.42146,0.42146,0.42146,0.42146,0.42146,0.42146,0.42146,0.42146,0.42146,0.42146,0.42146,0.42146,0.42146
1019,0.41833,0.41833,0.41833,0.41833,0.41833,0.41833,0.41833,0.41833,0.41833,0.41833,0.41833,0.41833,0.41833,0.41833,0.41833,0.41833,0.41833,0.41833,0.41833,0.41833,0.41833,0.41833,0.41833,0.41833,0.41833,0.41833,0.41833,0.41833,0.41833
1020,0.41521,0.41521,0.41521,0.41521,0.41521,0.41521,0.41521,0.41521,0.41521,0.41521,0.41521,0.41521,0.41521,0.41521,0.41521,0.41521,0.41521,0.41521,0.41521,0.41521,0.41521,0.41521,0.41521,0.41521,0.41521,0.41521,0.41521,0.41521,0.41521
1021,0.41210,0.41210,0.41210,0.41210,0.41210,0.41210,0.41210,0.41210,0.41210,0.41210,0.41210,0.41210,0.41210,0.41210,0.41210,0.41210,0.41210,0.41210,0.41210,0.41210,0.41210,0.41210,0.41210,0.41210,0.41210,0.41210,0.41210,0.41210,0.41210
1022,0.40900,0.40900,0.40900,0.40900,0.40900,0.40900,0.40900,0.40900,0.40900,0.40900,0.40900,0.40900,0.40900,0.40900,0.40900,0.40900,0.40900,0.40900,0.40900,0.40900,0.40900,0.40900,0.40900,0.40900,0.40900,0.40900,0.40900,0.40900,0.40900
1023,0.40592,0.40592,0.40592,0.40592,0.40592,0.40592,0.40592,0.40592,0.40592,0.40592,0.40592,0.40592,0.40592,0.40592,0.40592,0.40592,0.40592,0.40592,0.40592,0.40592,0.40592,0.40592,0.40592,0.40592,0.40592,0.40592,0.40592,0.40592,0.40592
1024,0.40285,0.40285,0.40285,0.40285,0.40285,0.40285,0.40285,0.40285,0.40285,0.40285,0.40285,0.40285,0.40285,0.40285,0.40285,0.40285,0.40285,0.40285,0.40285,0.40285,0.40285,0.40285,0.40285,0.40285,0.40285,0.40285,0.40285,0.40285,0.40285
1025,0.39979,0.39979,0.39979,0.39979,0.39979,0.39979,0.39979,0.39979,0.39979,0.39979,0.39979,0.39979,0.39979,0.39979,0.39979,0.39979,0.39979,0.39979,0.39979,0.39979,0.39979,0.39979,0.39979,0.39979,0.39979,0.39979,0.39979,0.39979,0.39979
1026,0.39674,0.39674,0.39674,0.39674,0.39674,0.39674,0.39674,0.39674,0.39674,0.39674,0.39674,0.39674,0.39674,0.39674,0.39674,0.39674,0.39674,0.39674,0.39674,0.39674,0.39674,0.39674,0.39674,0.39674,0.39674,0.39674,0.39674,0.39674,0.39674
1027,0.39371,0.39371,0.39371,0.39371,0.39371,0.39371,0.39371,0.39371,0.39371,0.39371,0.39371,0.39371,0.39371,0.39371,0.39371,0.39371,0.39371,0.39371,0.39371,0.39371,0.39371,0.39371,0.39371,0.39371,0.39371,0.39371,0.39371,0.39371,0.39371
1028,0.39070,0.39070,0.39070,0.39070,0.39070,0.39070,0.39070,0.39070,0.39070,0.39070,0.39070,0.39070,0.39070,0.39070,0.39070,0.39070,0.39070,0.39070,0.39070,0.39070,0.39070,0.39070,0.39070,0.39070,0.39070,0.39070,0.39070,0.39070,0.39070
1029,0.38770,0.38770,0.38770,0.38770,0.38770,0.38770,0.38770,0.38770,0.38770,0.38770,0.38770,0.38770,0.38770,0.38770,0.38770,0.38770,0.38770,0.38770,0.38770,0.38770,0.38770,0.38770,0.38770,0.38770,0.38770,0.38770,0.38770,0.38770,0.38770
1030,0.38472,0.38472,0.38472,0.38472,0.38472,0.38472,0.38472,0.38472,0.38472,0.38472,0.38472,0.38472,0.38472,0.38472,0.38472,0.38472,0.38472,0.38472,0.38472,0.38472,0.38472,0.38472,0.38472,0.38472,0.38472,0.38472,0.38472,0.38472,0.38472
1031,0.38176,0.38176,0.38176,0.38176,0.38176,0.38176,0.38176,0.38176,0.38176,0.38176,0.38176,0.38176,0.38176,0.38176,0.38176,0.38176,0.38176,0.38176,0.38176,0.38176,0.38176,0.38176,0.38176,0.38176,0.38176,0.38176,0.38176,0.38176,0.38176
1032,0.37882,0.37882,0.37882,0.37882,0.37882,0.37882,0.37882,0.37882,0.37882,0.37882,0.37882,0.37882,0.37882,0.37882,0.37882,0.37882,0.37882,0.37882,0.37882,0.37882,0.37882,0.37882,0.37882,0.37882,0.37882,0.37882,0.37882,0.37882,0.37882
1033,0.37590,0.37590,0.37590,0.37590,0.37590,0.37590,0.37590,0.37590,0.37590,0.37590,0.37590,0.37590,0.37590,0.37590,0.37590,0.37590,0.37590,0.37590,0.37590,0.37590,0.37590,0.37590,0.37590,0.37590,0.37590,0.37590,0.37590,0.37590,0.37590
1034,0.37300,0.37300,0.37300,0.37300,0.37300,0.37300,0.37300,0.37300,0.37300,0.37300,0.37300,0.37300,0.37300,0.37300,0.37300,0.37300,0.37300,0.37300,0.37300,0.37300,0.37300,0.37300,0.37300,0.37300,0.37300,0.37300,0.37300,0.37300,0.37300
1035,0.37012,0.37012,0.37012,0.37012,0.37012,0.37012,0.37012,0.37012,0.37012,0.37012,0.37012,0.37012,0.37012,0.37012,0.37012,0.37012,0.37012,0.37012,0.37012,0.37012,0.37012,0.37012,0.37012,0.37012,0.37012,0.37012,0.37012,0.37012,0.37012
1036,0.36726,0.36726,0.36726,0.36726,0.36726,0.36726,0.36726,0.36726,0.36726,0.36726,0.36726,0.36726,0.36726,0.36726,0.36726,0.36726,0.36726,0.36726,0.36726,0.36726,0.36726,0.36726,0.36726,0.36726,0.36726,0.36726,0.36726,0.36726,0.36726
1037,0.36443,0.36443,0.36443,0.36443,0.36443,0.36443,0.36443,0.36443,0.36443,0.36443,0.36443,0.36443,0.36443,0.36443,0.36443,0.36443,0.36443,0.36443,0.36443,0.36443,0.36443,0.36443,0.36443,0.36443,0.36443,0.36443,0.36443,0.36443,0.36443
1038,0.36163,0.36163,0.36163,0.36163,0.36163,0.36163,0.36163,0.36163,0.36163,0.36163,0.36163,0.36163,0.36163,0.36163,0.36163,0.36163,0.36163,0.36163,0.36163,0.36163,0.36163,0.36163,0.36163,0.36163,0.36163,0.36163,0.36163,0.36163,0.36163
1039,0.35885,0.35885,0.35885,0.35885,0.35885,0.35885,0.35885,0.35885,0.35885,0.35885,0.35885,0.35885,0.35885,0.35885,0.35885,0.35885,0.35885,0.35885,0.35885,0.35885,0.35885,0.35885,0.35885,0.35885,0.35885,0.35885,0.35885,0.35885,0.35885
1040,0.35610,0.35610,0.35610,0.35610,0.35610,0.35610,0.35610,0.35610,0.35610,0.35610,0.35610,0.35610,0.35610,0.35610,0.35610,0.35610,0.35610,0.35610,0.35610,0.35610,0.35610,0.35610,0.35610,0.35610,0.35610,0.35610,0.35610,0.35610,0.35610
1041,0.35338,0.35338,0.35338,0.35338,0.35338,0.35338,0.35338,0.35338,0.35338,0.35338,0.35338,0.35338,0.35338,0.35338,0.35338,0.35338,0.35338,0.35338,0.35338,0.35338,0.35338,0.35338,0.35338,0.35338,0.35338,0.35338,0.35338,0.35338,0.35338
1042,0.35069,0.35069,0.35069,0.35069,0.35069,0.35069,0.35069,0.35069,0.35069,0.35069,0.35069,0.35069,0.35069,0.35069,0.35069,0.35069,0.35069,0.35069,0.35069,0.35069,0.35069,0.35069,0.35069,0.35069,0.35069,0.35069,0.35069,0.35069,0.35069
1043,0.34802,0.34802,0.34802,0.34802,0.34802,0.34802,0.34802,0.34802,0.34802,0.34802,0.34802,0.34802,0.34802,0.34802,0.34802,0.34802,0.34802,0.34802,0.34802,0.34802,0.34802,0.34802,0.34802,0.34802,0.34802,0.34802,0.34802,0.34802,0.34802
1044,0.34540,0.34540,0.34540,0.34540,0.34540,0.34540,0.34540,0.34540,0.34540,0.34540,0.34540,0.34540,0.34540,0.34540,0.34540,0.34540,0.34540,0.34540,0.34540,0.34540,0.34540,0.34540,0.34540,0.34540,0.34540,0.34540,0.34540,0.34540,0.34540
1045,0.34280,0.34280,0.34280,0.34280,0.34280,0.34280,0.34280,0.34280,0.34280,0.34280,0.34280,0.34280,0.34280,0.34280,0.34280,0.34280,0.34280,0.34280,0.34280,0.34280,0.34280,0.34280,0.34280,0.34280,0.34280,0.34280,0.34280,0.34280,0.34280
1046,0.34025,0.34025,0.34025,0.34025,0.34025,0.34025,0.34025,0.34025,0.34025,0.34025,0.34025,0.34025,0.34025,0.34025,0.34025,0.34025,0.34025,0.34025,0.34025,0.34025,0.34025,0.34025,0.34025,0.34025,0.34025,0.34025,0.34025,0.34025,0.34025
1047,0.33773,0.33773,0.33773,0.33773,0.33773,0.33773,0.33773,0.33773,0.33773,0.33773,0.33773,0.33773,0.33773,0.33773,0.33773,0.33773,0.33773,0.33773,0.33773,0.33773,0.33773,0.33773,0.33773,0.33773,0.33773,0.33773,0.33773,0.33773,0.33773
1048,0.33524,0.33524,0.33524,0.33524,0.33524,0.33524,0.33524,0.33524,0.33524,0.33524,0.33524,0.33524,0.33524,0.33524,0.33524,0.33524,0.33524,0.33524,0.33524,0.33524,0.33524,0.33524,0.33524,0.33524,0.33524,0.33524,0.33524,0.33524,0.33524
1049,0.33280,0.33280,0.33280,0.33280,0.33280,0.33280,0.33280,0.33280,0.33280,0.33280,0.33280,0.33280,0.33280,0.33280,0.33280,0.33280,0.33280,0.33280,0.33280,0.33280,0.33280,0.33280,0.33280,0.33280,0.33280,0.33280,0.33280,0.33280,0.33280
1050,0.33040,0.33040,0.33040,0.33040,0.33040,0.33040,0.33040,0.33040,0.33040,0.33040,0.33040,0.33040,0.33040,0.33040,0.33040,0.33040,0.33040,0.33040,0.33040,0.33040,0.33040,0.33040,0.33040,0.33040,0.33040,0.33040,0.33040,0.33040,0.33040
1051,0.32804,0.32804,0.32804,0.32804,0.32804,0.32804,0.32804,0.32804,0.32804,0.32804,0.32804,0.32804,0.32804,0.32804,0.32804,0.32804,0.32804,0.32804,0.32804,0.32804,0.32804,0.32804,0.32804,0.32804,0.32804,0.32804,0.32804,0.32804,0.32804
1052,0.32573,0.32573,0.32573,0.32573,0.32573,0.32573,0.32573,0.32573,0.32573,0.32573,0.32573,0.32573,0.32573,0.32573,0.32573,0.32573,0.32573,0.32573,0.32573,0.32573,0.32573,0.32573,0.32573,0.32573,0.32573,0.32573,0.32573,0.32573,0.32573
1053,0.32346,0.32346,0.32346,0.32346,0.32346,0.32346,0.32346,0.32346,0.32346,0.32346,0.32346,0.32346,0.32346,0.32346,0.32346,0.32346,0.32346,0.32346,0.32346,0.32346,0.32346,0.32346,0.32346,0.32346,0.32346,0.32346,0.32346,0.32346,0.32346
1054,0.32124,0.32124,0.32124,0.32124,0.32124,0.32124,0.32124,0.32124,0.32124,0.32124,0.32124,0.32124,0.32124,0.32124,0.32124,0.32124,0.32124,0.32124,0.32124,0.32124,0.32124,0.32124,0.32124,0.32124,0.32124,0.32124,0.32124,0.32124,0.32124
1055,0.31907,0.31907,0.31907,0.31907,0.31907,0.31907,0.31907,0.31907,0.31907,0.31907,0.31907,0.31907,0.31907,0.31907,0.31907,0.31907,0.31907,0.31907,0.31907,0.31907,0.31907,0.31907,0.31907,0.31907,0.31907,0.31907,0.31907,0.31907,0.31907
1056,0.31696,0.31696,0.31696,0.31696,0.31696,0.31696,0.31696,0.31696,0.31696,0.31696,0.31696,0.31696,0.31696,0.31696,0.31696,0.31696,0.31696,0.31696,0.31696,0.31696,0.31696,0.31696,0.31696,0.31696,0.31696,0.31696,0.31696,0.31696,0.31696
1057,0.31489,0.31489,0.31489,0.31489,0.31489,0.31489,0.31489,0.31489,0.31489,0.31489,0.31489,0.31489,0.31489,0.31489,0.31489,0.31489,0.31489,0.31489,0.31489,0.31489,0.31489,0.31489,0.31489,0.31489,0.31489,0.31489,0.31489,0.31489,0.31489
1058,0.31288,0.31288,0.31288,0.31288,0.31288,0.31288,0.31288,0.31288,0.31288,0.31288,0.31288,0.31288,0.31288,0.31288,0.31288,0.31288,0.31288,0.31288,0.31288,0.31288,0.31288,0.31288,0.31288,0.31288,0.31288,0.31288,0.31288,0.31288,0.31288
1059,0.31092,0.31092,0.31092,0.31092,0.31092,0.31092,0.31092,0.31092,0.31092,0.31092,0.31092,0.31092,0.31092,0.31092,0.31092,0.31092,0.31092,0.31092,0.31092,0.31092,0.31092,0.31092,0.31092,0.31092,0.31092,0.31092,0.31092,0.31092,0.31092
1060,0.30902,0.30902,0.30902,0.30902,0.30902,0.30902,0.30902,0.30902,0.30902,0.30902,0.30902,0.30902,0.30902,0.30902,0.30902,0.30902,0.30902,0.30902,0.30902,0.30902,0.30902,0.30902,0.30902,0.30902,0.30902,0.30902,0.30902,0.30902,0.30902
1061,0.30718,0.30718,0.30718,0.30718,0.30718,0.30718,0.30718,0.30718,0.30718,0.30718,0.30718,0.30718,0.30718,0.30718,0.30718,0.30718,0.30718,0.30718,0.30718,0.30718,0.30718,0.30718,0.30718,0.30718,0.30718,0.30718,0.30718,0.30718,0.30718
1062,0.30540,0.30540,0.30540,0.30540,0.30540,0.30540,0.30540,0.30540,0.30540,0.30540,0.30540,0.30540,0.30540,0.30540,0.30540,0.30540,0.30540,0.30540,0.30540,0.30540,0.30540,0.30540,0.30540,0.30540,0.30540,0.30540,0.30540,0.30540,0.30540
1063,0.30369,0.30369,0.30369,0.30369,0.30369,0.30369,0.30369,0.30369,0.30369,0.30369,0.30369,0.30369,0.30369,0.30369,0.30369,0.30369,0.30369,0.30369,0.30369,0.30369,0.30369,0.30369,0.30369,0.30369,0.30369,0.30369,0.30369,0.30369,0.30369
1064,0.30203,0.30203,0.30203,0.30203,0.30203,0.30203,0.30203,0.30203,0.30203,0.30203,0.30203,0.30203,0.30203,0.30203,0.30203,0.30203,0.30203,0.30203,0.30203,0.30203,0.30203,0.30203,0.30203,0.30203,0.30203,0.30203,0.30203,0.30203,0.30203
1065,0.30045,0.30045,0.30045,0.30045,0.30045,0.30045,0.30045,0.30045,0.30045,0.30045,0.30045,0.30045,0.30045,0.30045,0.30045,0.30045,0.30045,0.30045,0.30045,0.30045,0.30045,0.30045,0.30045,0.30045,0.30045,0.30045,0.30045,0.30045,0.30045
1066,0.29893,0.29893,0.29893,0.29893,0.29893,0.29893,0.29893,0.29893,0.29893,0.29893,0.29893,0.29893,0.29893,0.29893,0.29893,0.29893,0.29893,0.29893,0.29893,0.29893,0.29893,0.29893,0.29893,0.29893,0.29893,0.29893,0.29893,0.29893,0.29893
1067,0.29748,0.29748,0.29748,0.29748,0.29748,0.29748,0.29748,0.29748,0.29748,0.29748,0.29748,0.29748,0.29748,0.29748,0.29748,0.29748,0.29748,0.29748,0.29748,0.29748,0.29748,0.29748,0.29748,0.29748,0.29748,0.29748,0.29748,0.29748,0.29748
1068,0.29609,0.29609,0.29609,0.29609,0.29609,0.29609,0.29609,0.29609,0.29609,0.29609,0.29609,0.29609,0.29609,0.29609,0.29609,0.29609,0.29609,0.29609,0.29609,0.29609,0.29609,0.29609,0.29609,0.29609,0.29609,0.29609,0.29609,0.29609,0.29609
1069,0.29479,0.29479,0.29479,0.29479,0.29479,0.29479,0.29479,0.29479,0.29479,0.29479,0.29479,0.29479,0.29479,0.29479,0.29479,0.29479,0.29479,0.29479,0.29479,0.29479,0.29479,0.29479,0.29479,0.29479,0.29479,0.29479,0.29479,0.29479,0.29479
1070,0.29355,0.29355,0.29355,0.29355,0.29355,0.29355,0.29355,0.29355,0.29355,0.29355,0.29355,0.29355,0.29355,0.29355,0.29355,0.29355,0.29355,0.29355,0.29355,0.29355,0.29355,0.29355,0.29355,0.29355,0.29355,0.29355,0.29355,0.29355,0.29355
1071,0.29239,0.29239,0.29239,0.29239,0.29239,0.29239,0.29239,0.29239,0.29239,0.29239,0.29239,0.29239,0.29239,0.29239,0.29239,0.29239,0.29239,0.29239,0.29239,0.29239,0.29239,0.29239,0.29239,0.29239,0.29239,0.29239,0.29239,0.29239,0.29239
1072,0.29130,0.29130,0.29130,0.29130,0.29130,0.29130,0.29130,0.29130,0.29130,0.29130,0.29130,0.29130,0.29130,0.29130,0.29130,0.29130,0.29130,0.29130,0.29130,0.29130,0.29130,0.29130,0.29130,0.29130,0.29130,0.29130,0.29130,0.29130,0.29130
1073,0.29029,0.29029,0.29029,0.29029,0.29029,0.29029,0.29029,0.29029,0.29029,0.29029,0.29029,0.29029,0.29029,0.29029,0.29029,0.29029,0.29029,0.29029,0.29029,0.29029,0.29029,0.29029,0.29029,0.29029,0.29029,0.29029,0.29029,0.29029,0.29029
1074,0.28936,0.28936,0.28936,0.28936,0.28936,0.28936,0.28936,0.28936,0.28936,0.28936,0.28936,0.28936,0.28936,0.28936,0.28936,0.28936,0.28936,0.28936,0.28936,0.28936,0.28936,0.28936,0.28936,0.28936,0.28936,0.28936,0.28936,0.28936,0.28936
1075,0.28851,0.28851,0.28851,0.28851,0.28851,0.28851,0.28851,0.28851,0.28851,0.28851,0.28851,0.28851,0.28851,0.28851,0.28851,0.28851,0.28851,0.28851,0.28851,0.28851,0.28851,0.28851,0.28851,0.28851,0.28851,0.28851,0.28851,0.28851,0.28851
1076,0.28773,0.28773,0.28773,0.28773,0.28773,0.28773,0.28773,0.28773,0.28773,0.28773,0.28773,0.28773,0.28773,0.28773,0.28773,0.28773,0.28773,0.28773,0.28773,0.28773,0.28773,0.28773,0.28773,0.28773,0.28773,0.28773,0.28773,0.28773,0.28773
1077,0.28704,0.28704,0.28704,0.28704,0.28704,0.28704,0.28704,0.28704,0.28704,0.28704,0.28704,0.28704,0.28704,0.28704,0.28704,0.28704,0.28704,0.28704,0.28704,0.28704,0.28704,0.28704,0.28704,0.28704,0.28704,0.28704,0.28704,0.28704,0.28704
1078,0.28643,0.28643,0.28643,0.28643,0.28643,0.28643,0.28643,0.28643,0.28643,0.28643,0.28643,0.28643,0.28643,0.28643,0.28643,0.28643,0.28643,0.28643,0.28643,0.28643,0.28643,0.28643,0.28643,0.28643,0.28643,0.28643,0.28643,0.28643,0.28643
1079,0.28591,0.28591,0.28591,0.28591,0.28591,0.28591,0.28591,0.28591,0.28591,0.28591,0.28591,0.28591,0.28591,0.28591,0.28591,0.28591,0.28591,0.28591,0.28591,0.28591,0.28591,0.28591,0.28591,0.28591,0.28591,0.28591,0.28591,0.28591,0.28591
1080,0.28546,0.28546,0.28546,0.28546,0.28546,0.28546,0.28546,0.28546,0.28546,0.28546,0.28546,0.28546,0.28546,0.28546,0.28546,0.28546,0.28546,0.28546,0.28546,0.28546,0.28546,0.28546,0.28546,0.28546,0.28546,0.28546,0.28546,0.28546,0.28546
1081,0.28510,0.28510,0.28510,0.28510,0.28510,0.28510,0.28510,0.28510,0.28510,0.28510,0.28510,0.28510,0.28510,0.28510,0.28510,0.28510,0.28510,0.28510,0.28510,0.28510,0.28510,0.28510,0.28510,0.28510,0.28510,0.28510,0.28510,0.28510,0.28510
1082,0.28483,0.28483,0.28483,0.28483,0.28483,0.28483,0.28483,0.28483,0.28483,0.28483,0.28483,0.28483,0.28483,0.28483,0.28483,0.28483,0.28483,0.28483,0.28483,0.28483,0.28483,0.28483,0.28483,0.28483,0.28483,0.28483,0.28483,0.28483,0.28483
1083,0.28464,0.28464,0.28464,0.28464,0.28464,0.28464,0.28464,0.28464,0.28464,0.28464,0.28464,0.28464,0.28464,0.28464,0.28464,0.28464,0.28464,0.28464,0.28464,0.28464,0.28464,0.28464,0.28464,0.28464,0.28464,0.28464,0.28464,0.28464,0.28464
1084,0.28453,0.28453,0.28453,0.28453,0.28453,0.28453,0.28453,0.28453,0.28453,0.28453,0.28453,0.28453,0.28453,0.28453,0.28453,0.28453,0.28453,0.28453,0.28453,0.28453,0.28453,0.28453,0.28453,0.28453,0.28453,0.28453,0.28453,0.28453,0.28453
1085,0.28451,0.28451,0.28451,0.28451,0.28451,0.28451,0.28451,0.28451,0.28451,0.28451,0.28451,0.28451,0.28451,0.28451,0.28451,0.28451,0.28451,0.28451,0.28451,0.28451,0.28451,0.28451,0.28451,0.28451,0.28451,0.28451,0.28451,0.28451,0.28451
1086,0.28457,0.28457,0.28457,0.28457,0.28457,0.28457,0.28457,0.28457,0.28457,0.28457,0.28457,0.28457,0.28457,0.28457,0.28457,0.28457,0.28457,0.28457,0.28457,0.28457,0.28457,0.28457,0.28457,0.28457,0.28457,0.28457,0.28457,0.28457,0.28457
1087,0.28472,0.28472,0.28472,0.28472,0.28472,0.28472,0.28472,0.28472,0.28472,0.28472,0.28472,0.28472,0.28472,0.28472,0.28472,0.28472,0.28472,0.28472,0.28472,0.28472,0.28472,0.28472,0.28472,0.28472,0.28472,0.28472,0.28472,0.28472,0.28472
1088,0.28496,0.28496,0.28496,0.28496,0.28496,0.28496,0.28496,0.28496,0.28496,0.28496,0.28496,0.28496,0.28496,0.28496,0.28496,0.28496,0.28496,0.28496,0.28496,0.28496,0.28496,0.28496,0.28496,0.28496,0.28496,0.28496,0.28496,0.28496,0.28496
1089,0.28527,0.28527,0.28527,0.28527,0.28527,0.28527,0.28527,0.28527,0.28527,0.28527,0.28527,0.28527,0.28527,0.28527,0.28527,0.28527,0.28527,0.28527,0.28527,0.28527,0.28527,0.28527,0.28527,0.28527,0.28527,0.28527,0.28527,0.28527,0.28527
1090,0.28567,0.28567,0.28567,0.28567,0.28567,0.28567,0.28567,0.28567,0.28567,0.28567,0.28567,0.28567,0.28567,0.28567,0.28567,0.28567,0.28567,0.28567,0.28567,0.28567,0.28567,0.28567,0.28567,0.28567,0.28567,0.28567,0.28567,0.28567,0.28567
1091,0.28616,0.28616,0.28616,0.28616,0.28616,0.28616,0.28616,0.28616,0.28616,0.28616,0.28616,0.28616,0.28616,0.28616,0.28616,0.28616,0.28616,0.28616,0.28616,0.28616,0.28616,0.28616,0.28616,0.28616,0.28616,0.28616,0.28616,0.28616,0.28616
1092,0.28673,0.28673,0.28673,0.28673,0.28673,0.28673,0.28673,0.28673,0.28673,0.28673,0.28673,0.28673,0.28673,0.28673,0.28673,0.28673,0.28673,0.28673,0.28673,0.28673,0.28673,0.28673,0.28673,0.28673,0.28673,0.28673,0.28673,0.28673,0.28673
1093,0.28738,0.28738,0.28738,0.28738,0.28738,0.28738,0.28738,0.28738,0.28738,0.28738,0.28738,0.28738,0.28738,0.28738,0.28738,0.28738,0.28738,0.28738,0.28738,0.28738,0.28738,0.28738,0.28738,0.28738,0.28738,0.28738,0.28738,0.28738,0.28738
1094,0.28811,0.28811,0.28811,0.28811,0.28811,0.28811,0.28811,0.28811,0.28811,0.28811,0.28811,0.28811,0.28811,0.28811,0.28811,0.28811,0.28811,0.28811,0.28811,0.28811,0.28811,0.28811,0.28811,0.28811,0.28811,0.28811,0.28811,0.28811,0.28811
1095,0.28892,0.28892,0.28892,0.28892,0.28892,0.28892,0.28892,0.28892,0.28892,0.28892,0.28892,0.28892,0.28892,0.28892,0.28892,0.28892,0.28892,0.28892,0.28892,0.28892,0.28892,0.28892,0.28892,0.28892,0.28892,0.28892,0.28892,0.28892,0.28892
1096,0.28982,0.28982,0.28982,0.28982,0.28982,0.28982,0.28982,0.28982,0.28982,0.28982,0.28982,0.28982,0.28982,0.28982,0.28982,0.28982,0.28982,0.28982,0.28982,0.28982,0.28982,0.28982,0.28982,0.28982,0.28982,0.28982,0.28982,0.28982,0.28982
1097,0.29079,0.29079,0.29079,0.29079,0.29079,0.29079,0.29079,0.29079,0.29079,0.29079,0.29079,0.29079,0.29079,0.29079,0.29079,0.29079,0.29079,0.29079,0.29079,0.29079,0.29079,0.29079,0.29079,0.29079,0.29079,0.29079,0.29079,0.29079,0.29079
1098,0.29183,0.29183,0.29183,0.29183,0.29183,0.29183,0.29183,0.29183,0.29183,0.29183,0.29183,0.29183,0.29183,0.29183,0.29183,0.29183,0.29183,0.29183,0.29183,0.29183,0.29183,0.29183,0.29183,0.29183,0.29183,0.29183,0.29183,0.29183,0.29183
1099,0.29296,0.29296,0.29296,0.29296,0.29296,0.29296,0.29296,0.29296,0.29296,0.29296,0.29296,0.29296,0.29296,0.29296,0.29296,0.29296,0.29296,0.29296,0.29296,0.29296,0.29296,0.29296,0.29296,0.29296,0.29296,0.29296,0.29296,0.29296,0.29296
1100,0.29416,0.29416,0.29416,0.29416,0.29416,0.29416,0.29416,0.29416,0.29416,0.29416,0.29416,0.29416,0.29416,0.29416,0.29416,0.29416,0.29416,0.29416,0.29416,0.29416,0.29416,0.29416,0.29416,0.29416,0.29416,0.29416,0.29416,0.29416,0.29416
1101,0.29543,0.29543,0.29543,0.29543,0.29543,0.29543,0.29543,0.29543,0.29543,0.29543,0.29543,0.29543,0.29543,0.29543,0.29543,0.29543,0.29543,0.29543,0.29543,0.29543,0.29543,0.29543,0.29543,0.29543,0.29543,0.29543,0.29543,0.29543,0.29543
1102,0.29678,0.29678,0.29678,0.29678,0.29678,0.29678,0.29678,0.29678,0.29678,0.29678,0.29678,0.29678,0.29678,0.29678,0.29678,0.29678,0.29678,0.29678,0.29678,0.29678,0.29678,0.29678,0.29678,0.29678,0.29678,0.29678,0.29678,0.29678,0.29678
1103,0.29819,0.29819,0.29819,0.29819,0.29819,0.29819,0.29819,0.29819,0.29819,0.29819,0.29819,0.29819,0.29819,0.29819,0.29819,0.29819,0.29819,0.29819,0.29819,0.29819,0.29819,0.29819,0.29819,0.29819,0.29819,0.29819,0.29819,0.29819,0.29819
1104,0.29968,0.29968,0.29968,0.29968,0.29968,0.29968,0.29968,0.29968,0.29968,0.29968,0.29968,0.29968,0.29968,0.29968,0.29968,0.29968,0.29968,0.29968,0.29968,0.29968,0.29968,0.29968,0.29968,0.29968,0.29968,0.29968,0.29968,0.29968,0.29968
1105,0.30123,0.30123,0.30123,0.30123,0.30123,0.30123,0.30123,0.30123,0.30123,0.30123,0.30123,0.30123,0.30123,0.30123,0.30123,0.30123,0.30123,0.30123,0.30123,0.30123,0.30123,0.30123,0.30123,0.30123,0.30123,0.30123,0.30123,0.30123,0.30123
1106,0.30285,0.30285,0.30285,0.30285,0.30285,0.30285,0.30285,0.30285,0.30285,0.30285,0.30285,0.30285,0.30285,0.30285,0.30285,0.30285,0.30285,0.30285,0.30285,0.30285,0.30285,0.30285,0.30285,0.30285,0.30285,0.30285,0.30285,0.30285,0.30285
1107,0.30454,0.30454,0.30454,0.30454,0.30454,0.30454,0.30454,0.30454,0.30454,0.30454,0.30454,0.30454,0.30454,0.30454,0.30454,0.30454,0.30454,0.30454,0.30454,0.30454,0.30454,0.30454,0.30454,0.30454,0.30454,0.30454,0.30454,0.30454,0.30454
1108,0.30628,0.30628,0.30628,0.30628,0.30628,0.30628,0.30628,0.30628,0.30628,0.30628,0.30628,0.30628,0.30628,0.30628,0.30628,0.30628,0.30628,0.30628,0.30628,0.30628,0.30628,0.30628,0.30628,0.30628,0.30628,0.30628,0.30628,0.30628,0.30628
1109,0.30809,0.30809,0.30809,0.30809,0.30809,0.30809,0.30809,0.30809,0.30809,0.30809,0.30809,0.30809,0.30809,0.30809,0.30809,0.30809,0.30809,0.30809,0.30809,0.30809,0.30809,0.30809,0.30809,0.30809,0.30809,0.30809,0.30809,0.30809,0.30809
1110,0.30996,0.30996,0.30996,0.30996,0.30996,0.30996,0.30996,0.30996,0.30996,0.30996,0.30996,0.30996,0.30996,0.30996,0.30996,0.30996,0.30996,0.30996,0.30996,0.30996,0.30996,0.30996,0.30996,0.30996,0.30996,0.30996,0.30996,0.30996,0.30996
1111,0.31189,0.31189,0.31189,0.31189,0.31189,0.31189,0.31189,0.31189,0.31189,0.31189,0.31189,0.31189,0.31189,0.31189,0.31189,0.31189,0.31189,0.31189,0.31189,0.31189,0.31189,0.31189,0.31189,0.31189,0.31189,0.31189,0.31189,0.31189,0.31189
1112,0.31388,0.31388,0.31388,0.31388,0.31388,0.31388,0.31388,0.31388,0.31388,0.31388,0.31388,0.31388,0.31388,0.31388,0.31388,0.31388,0.31388,0.31388,0.31388,0.31388,0.31388,0.31388,0.31388,0.31388,0.31388,0.31388,0.31388,0.31388,0.31388
1113,0.31592,0.31592,0.31592,0.31592,0.31592,0.31592,0.31592,0.31592,0.31592,0.31592,0.31592,0.31592,0.31592,0.31592,0.31592,0.31592,0.31592,0.31592,0.31592,0.31592,0.31592,0.31592,0.31592,0.31592,0.31592,0.31592,0.31592,0.31592,0.31592
1114,0.31801,0.31801,0.31801,0.31801,0.31801,0.31801,0.31801,0.31801,0.31801,0.31801,0.31801,0.31801,0.31801,0.31801,0.31801,0.31801,0.31801,0.31801,0.31801,0.31801,0.31801,0.31801,0.31801,0.31801,0.31801,0.31801,0.31801,0.31801,0.31801
1115,0.32015,0.32015,0.32015,0.32015,0.32015,0.32015,0.32015,0.32015,0.32015,0.32015,0.32015,0.32015,0.32015,0.32015,0.32015,0.32015,0.32015,0.32015,0.32015,0.32015,0.32015,0.32015,0.32015,0.32015,0.32015,0.32015,0.32015,0.32015,0.32015
1116,0.32235,0.32235,0.32235,0.32235,0.32235,0.32235,0.32235,0.32235,0.32235,0.32235,0.32235,0.32235,0.32235,0.32235,0.32235,0.32235,0.32235,0.32235,0.32235,0.32235,0.32235,0.32235,0.32235,0.32235,0.32235,0.32235,0.32235,0.32235,0.32235
1117,0.32459,0.32459,0.32459,0.32459,0.32459,0.32459,0.32459,0.32459,0.32459,0.32459,0.32459,0.32459,0.32459,0.32459,0.32459,0.32459,0.32459,0.32459,0.32459,0.32459,0.32459,0.32459,0.32459,0.32459,0.32459,0.32459,0.32459,0.32459,0.32459
1118,0.32688,0.32688,0.32688,0.32688,0.32688,0.32688,0.32688,0.32688,0.32688,0.32688,0.32688,0.32688,0.32688,0.32688,0.32688,0.32688,0.32688,0.32688,0.32688,0.32688,0.32688,0.32688,0.32688,0.32688,0.32688,0.32688,0.32688,0.32688,0.32688
1119,0.32922,0.32922,0.32922,0.32922,0.32922,0.32922,0.32922,0.32922,0.32922,0.32922,0.32922,0.32922,0.32922,0.32922,0.32922,0.32922,0.32922,0.32922,0.32922,0.32922,0.32922,0.32922,0.32922,0.32922,0.32922,0.32922,0.32922,0.32922,0.32922
1120,0.33160,0.33160,0.33160,0.33160,0.33160,0.33160,0.33160,0.33160,0.33160,0.33160,0.33160,0.33160,0.33160,0.33160,0.33160,0.33160,0.33160,0.33160,0.33160,0.33160,0.33160,0.33160,0.33160,0.33160,0.33160,0.33160,0.33160,0.33160,0.33160
1121,0.33402,0.33402,0.33402,0.33402,0.33402,0.33402,0.33402,0.33402,0.33402,0.33402,0.33402,0.33402,0.33402,0.33402,0.33402,0.33402,0.33402,0.33402,0.33402,0.33402,0.33402,0.33402,0.33402,0.33402,0.33402,0.33402,0.33402,0.33402,0.33402
1122,0.33648,0.33648,0.33648,0.33648,0.33648,0.33648,0.33648,0.33648,0.33648,0.33648,0.33648,0.33648,0.33648,0.33648,0.33648,0.33648,0.33648,0.33648,0.33648,0.33648,0.33648,0.33648,0.33648,0.33648,0.33648,0.33648,0.33648,0.33648,0.33648
1123,0.33898,0.33898,0.33898,0.33898,0.33898,0.33898,0.33898,0.33898,0.33898,0.33898,0.33898,0.33898,0.33898,0.33898,0.33898,0.33898,0.33898,0.33898,0.33898,0.33898,0.33898,0.33898,0.33898,0.33898,0.33898,0.33898,0.33898,0.33898,0.33898
1124,0.34152,0.34152,0.34152,0.34152,0.34152,0.34152,0.34152,0.34152,0.34152,0.34152,0.34152,0.34152,0.34152,0.34152,0.34152,0.34152,0.34152,0.34152,0.34152,0.34152,0.34152,0.34152,0.34152,0.34152,0.34152,0.34152,0.34152,0.34152,0.34152
1125,0.34410,0.34410,0.34410,0.34410,0.34410,0.34410,0.34410,0.34410,0.34410,0.34410,0.34410,0.34410,0.34410,0.34410,0.34410,0.34410,0.34410,0.34410,0.34410,0.34410,0.34410,0.34410,0.34410,0.34410,0.34410,0.34410,0.34410,0.34410,0.34410
1126,0.34671,0.34671,0.34671,0.34671,0.34671,0.34671,0.34671,0.34671,0.34671,0.34671,0.34671,0.34671,0.34671,0.34671,0.34671,0.34671,0.34671,0.34671,0.34671,0.34671,0.34671,0.34671,0.34671,0.34671,0.34671,0.34671,0.34671,0.34671,0.34671
1127,0.34935,0.34935,0.34935,0.34935,0.34935,0.34935,0.34935,0.34935,0.34935,0.34935,0.34935,0.34935,0.34935,0.34935,0.34935,0.34935,0.34935,0.34935,0.34935,0.34935,0.34935,0.34935,0.34935,0.34935,0.34935,0.34935,0.34935,0.34935,0.34935
1128,0.35203,0.35203,0.35203,0.35203,0.35203,0.35203,0.35203,0.35203,0.35203,0.35203,0.35203,0.35203,0.35203,0.35203,0.35203,0.35203,0.35203,0.35203,0.35203,0.35203,0.35203,0.35203,0.35203,0.35203,0.35203,0.35203,0.35203,0.35203,0.35203
1129,0.35473,0.35473,0.35473,0.35473,0.35473,0.35473,0.35473,0.35473,0.35473,0.35473,0.35473,0.35473,0.35473,0.35473,0.35473,0.35473,0.35473,0.35473,0.35473,0.35473,0.35473,0.35473,0.35473,0.35473,0.35473,0.35473,0.35473,0.35473,0.35473
1130,0.35747,0.35747,0.35747,0.35747,0.35747,0.35747,0.35747,0.35747,0.35747,0.35747,0.35747,0.35747,0.35747,0.35747,0.35747,0.35747,0.35747,0.35747,0.35747,0.35747,0.35747,0.35747,0.35747,0.35747,0.35747,0.35747,0.35747,0.35747,0.35747
1131,0.36024,0.36024,0.36024,0.36024,0.36024,0.36024,0.36024,0.36024,0.36024,0.36024,0.36024,0.36024,0.36024,0.36024,0.36024,0.36024,0.36024,0.36024,0.36024,0.36024,0.36024,0.36024,0.36024,0.36024,0.36024,0.36024,0.36024,0.36024,0.36024
1132,0.36303,0.36303,0.36303,0.36303,0.36303,0.36303,0.36303,0.36303,0.36303,0.36303,0.36303,0.36303,0.36303,0.36303,0.36303,0.36303,0.36303,0.36303,0.36303,0.36303,0.36303,0.36303,0.36303,0.36303,0.36303,0.36303,0.36303,0.36303,0.36303
1133,0.36585,0.36585,0.36585,0.36585,0.36585,0.36585,0.36585,0.36585,0.36585,0.36585,0.36585,0.36585,0.36585,0.36585,0.36585,0.36585,0.36585,0.36585,0.36585,0.36585,0.36585,0.36585,0.36585,0.36585,0.36585,0.36585,0.36585,0.36585,0.36585
1134,0.36869,0.36869,0.36869,0.36869,0.36869,0.36869,0.36869,0.36869,0.36869,0.36869,0.36869,0.36869,0.36869,0.36869,0.36869,0.36869,0.36869,0.36869,0.36869,0.36869,0.36869,0.36869,0.36869,0.36869,0.36869,0.36869,0.36869,0.36869,0.36869
1135,0.37156,0.37156,0.37156,0.37156,0.37156,0.37156,0.37156,0.37156,0.37156,0.37156,0.37156,0.37156,0.37156,0.37156,0.37156,0.37156,0.37156,0.37156,0.37156,0.37156,0.37156,0.37156,0.37156,0.37156,0.37156,0.37156,0.37156,0.37156,0.37156
1136,0.37445,0.37445,0.37445,0.37445,0.37445,0.37445,0.37445,0.37445,0.37445,0.37445,0.37445,0.37445,0.37445,0.37445,0.37445,0.37445,0.37445,0.37445,0.37445,0.37445,0.37445,0.37445,0.37445,0.37445,0.37445,0.37445,0.37445,0.37445,0.37445
1137,0.37736,0.37736,0.37736,0.37736,0.37736,0.37736,0.37736,0.37736,0.37736,0.37736,0.37736,0.37736,0.37736,0.37736,0.37736,0.37736,0.37736,0.37736,0.37736,0.37736,0.37736,0.37736,0.37736,0.37736,0.37736,0.37736,0.37736,0.37736,0.37736
1138,0.38029,0.38029,0.38029,0.38029,0.38029,0.38029,0.38029,0.38029,0.38029,0.38029,0.38029,0.38029,0.38029,0.38029,0.38029,0.38029,0.38029,0.38029,0.38029,0.38029,0.38029,0.38029,0.38029,0.38029,0.38029,0.38029,0.38029,0.38029,0.38029
1139,0.38324,0.38324,0.38324,0.38324,0.38324,0.38324,0.38324,0.38324,0.38324,0.38324,0.38324,0.38324,0.38324,0.38324,0.38324,0.38324,0.38324,0.38324,0.38324,0.38324,0.38324,0.38324,0.38324,0.38324,0.38324,0.38324,0.38324,0.38324,0.38324
1140,0.38621,0.38621,0.38621,0.38621,0.38621,0.38621,0.38621,0.38621,0.38621,0.38621,0.38621,0.38621,0.38621,0.38621,0.38621,0.38621,0.38621,0.38621,0.38621,0.38621,0.38621,0.38621,0.38621,0.38621,0.38621,0.38621,0.38621,0.38621,0.38621
1141,0.38920,0.38920,0.38920,0.38920,0.38920,0.38920,0.38920,0.38920,0.38920,0.38920,0.38920,0.38920,0.38920,0.38920,0.38920,0.38920,0.38920,0.38920,0.38920,0.38920,0.38920,0.38920,0.38920,0.38920,0.38920,0.38920,0.38920,0.38920,0.38920
1142,0.39221,0.39221,0.39221,0.39221,0.39221,0.39221,0.39221,0.39221,0.39221,0.39221,0.39221,0.39221,0.39221,0.39221,0.39221,0.39221,0.39221,0.39221,0.39221,0.39221,0.39221,0.39221,0.39221,0.39221,0.39221,0.39221,0.39221,0.39221,0.39221
1143,0.39523,0.39523,0.39523,0.39523,0.39523,0.39523,0.39523,0.39523,0.39523,0.39523,0.39523,0.39523,0.39523,0.39523,0.39523,0.39523,0.39523,0.39523,0.39523,0.39523,0.39523,0.39523,0.39523,0.39523,0.39523,0.39523,0.39523,0.39523,0.39523
1144,0.39826,0.39826,0.39826,0.39826,0.39826,0.39826,0.39826,0.39826,0.39826,0.39826,0.39826,0.39826,0.39826,0.39826,0.39826,0.39826,0.39826,0.39826,0.39826,0.39826,0.39826,0.39826,0.39826,0.39826,0.39826,0.39826,0.39826,0.39826,0.39826
1145,0.40132,0.40132,0.40132,0.40132,0.40132,0.40132,0.40132,0.40132,0.40132,0.40132,0.40132,0.40132,0.40132,0.40132,0.40132,0.40132,0.40132,0.40132,0.40132,0.40132,0.40132,0.40132,0.40132,0.40132,0.40132,0.40132,0.40132,0.40132,0.40132
1146,0.40438,0.40438,0.40438,0.40438,0.40438,0.40438,0.40438,0.40438,0.40438,0.40438,0.40438,0.40438,0.40438,0.40438,0.40438,0.40438,0.40438,0.40438,0.40438,0.40438,0.40438,0.40438,0.40438,0.40438,0.40438,0.40438,0.40438,0.40438,0.40438
1147,0.40746,0.40746,0.40746,0.40746,0.40746,0.40746,0.40746,0.40746,0.40746,0.40746,0.40746,0.40746,0.40746,0.40746,0.40746,0.40746,0.40746,0.40746,0.40746,0.40746,0.40746,0.40746,0.40746,0.40746,0.40746,0.40746,0.40746,0.40746,0.40746
1148,0.41055,0.41055,0.41055,0.41055,0.41055,0.41055,0.41055,0.41055,0.41055,0.41055,0.41055,0.41055,0.41055,0.41055,0.41055,0.41055,0.41055,0.41055,0.41055,0.41055,0.41055,0.41055,0.41055,0.41055,0.41055,0.41055,0.41055,0.41055,0.41055
1149,0.41365,0.41365,0.41365,0.41365,0.41365,0.41365,0.41365,0.41365,0.41365,0.41365,0.41365,0.41365,0.41365,0.41365,0.41365,0.41365,0.41365,0.41365,0.41365,0.41365,0.41365,0.41365,0.41365,0.41365,0.41365,0.41365,0.41365,0.41365,0.41365
1150,0.41677,0.41677,0.41677,0.41677,0.41677,0.41677,0.41677,0.41677,0.41677,0.41677,0.41677,0.41677,0.41677,0.41677,0.41677,0.41677,0.41677,0.41677,0.41677,0.41677,0.41677,0.41677,0.41677,0.41677,0.41677,0.41677,0.41677,0.41677,0.41677
1151,0.41989,0.41989,0.41989,0.41989,0.41989,0.41989,0.41989,0.41989,0.41989,0.41989,0.41989,0.41989,0.41989,0.41989,0.41989,0.41989,0.41989,0.41989,0.41989,0.41989,0.41989,0.41989,0.41989,0.41989,0.41989,0.41989,0.41989,0.41989,0.41989
1152,0.42303,0.42303,0.42303,0.42303,0.42303,0.42303,0.42303,0.42303,0.42303,0.42303,0.42303,0.42303,0.42303,0.42303,0.42303,0.42303,0.42303,0.42303,0.42303,0.42303,0.42303,0.42303,0.42303,0.42303,0.42303,0.42303,0.42303,0.42303,0.42303
1153,0.42617,0.42617,0.42617,0.42617,0.42617,0.42617,0.42617,0.42617,0.42617,0.42617,0.42617,0.42617,0.42617,0.42617,0.42617,0.42617,0.42617,0.42617,0.42617,0.42617,0.42617,0.42617,0.42617,0.42617,0.42617,0.42617,0.42617,0.42617,0.42617
1154,0.42932,0.42932,0.42932,0.42932,0.42932,0.42932,0.42932,0.42932,0.42932,0.42932,0.42932,0.42932,0.42932,0.42932,0.42932,0.42932,0.42932,0.42932,0.42932,0.42932,0.42932,0.42932,0.42932,0.42932,0.42932,0.42932,0.42932,0.42932,0.42932
1155,0.43248,0.43248,0.43248,0.43248,0.43248,0.43248,0.43248,0.43248,0.43248,0.43248,0.43248,0.43248,0.43248,0.43248,0.43248,0.43248,0.43248,0.43248,0.43248,0.43248,0.43248,0.43248,0.43248,0.43248,0.43248,0.43248,0.43248,0.43248,0.43248
1156,0.43565,0.43565,0.43565,0.43565,0.43565,0.43565,0.43565,0.43565,0.43565,0.43565,0.43565,0.43565,0.43565,0.43565,0.43565,0.43565,0.43565,0.43565,0.43565,0.43565,0.43565,0.43565,0.43565,0.43565,0.43565,0.43565,0.43565,0.43565,0.43565
1157,0.43883,0.43883,0.43883,0.43883,0.43883,0.43883,0.43883,0.43883,0.43883,0.43883,0.43883,0.43883,0.43883,0.43883,0.43883,0.43883,0.43883,0.43883,0.43883,0.43883,0.43883,0.43883,0.43883,0.43883,0.43883,0.43883,0.43883,0.43883,0.43883
1158,0.44201,0.44201,0.44201,0.44201,0.44201,0.44201,0.44201,0.44201,0.44201,0.44201,0.44201,0.44201,0.44201,0.44201,0.44201,0.44201,0.44201,0.44201,0.44201,0.44201,0.44201,0.44201,0.44201,0.44201,0.44201,0.44201,0.44201,0.44201,0.44201
1159,0.44520,0.44520,0.44520,0.44520,0.44520,0.44520,0.44520,0.44520,0.44520,0.44520,0.44520,0.44520,0.44520,0.44520,0.44520,0.44520,0.44520,0.44520,0.44520,0.44520,0.44520,0.44520,0.44520,0.44520,0.44520,0.44520,0.44520,0.44520,0.44520
1160,0.44839,0.44839,0.44839,0.44839,0.44839,0.44839,0.44839,0.44839,0.44839,0.44839,0.44839,0.44839,0.44839,0.44839,0.44839,0.44839,0.44839,0.44839,0.44839,0.44839,0.44839,0.44839,0.44839,0.44839,0.44839,0.44839,0.44839,0.44839,0.44839
1161,0.45159,0.45159,0.45159,0.45159,0.45159,0.45159,0.45159,0.45159,0.45159,0.45159,0.45159,0.45159,0.45159,0.45159,0.45159,0.45159,0.45159,0.45159,0.45159,0.45159,0.45159,0.45159,0.45159,0.45159,0.45159,0.45159,0.45159,0.45159,0.45159
1162,0.45480,0.45480,0.45480,0.45480,0.45480,0.45480,0.45480,0.45480,0.45480,0.45480,0.45480,0.45480,0.45480,0.45480,0.45480,0.45480,0.45480,0.45480,0.45480,0.45480,0.45480,0.45480,0.45480,0.45480,0.45480,0.45480,0.45480,0.45480,0.45480
1163,0.45801,0.45801,0.45801,0.45801,0.45801,0.45801,0.45801,0.45801,0.45801,0.45801,0.45801,0.45801,0.45801,0.45801,0.45801,0.45801,0.45801,0.45801,0.45801,0.45801,0.45801,0.45801,0.45801,0.45801,0.45801,0.45801,0.45801,0.45801,0.45801
1164,0.46122,0.46122,0.46122,0.46122,0.46122,0.46122,0.46122,0.46122,0.46122,0.46122,0.46122,0.46122,0.46122,0.46122,0.46122,0.46122,0.46122,0.46122,0.46122,0.46122,0.46122,0.46122,0.46122,0.46122,0.46122,0.46122,0.46122,0.46122,0.46122
1165,0.46444,0.46444,0.46444,0.46444,0.46444,0.46444,0.46444,0.46444,0.46444,0.46444,0.46444,0.46444,0.46444,0.46444,0.46444,0.46444,0.46444,0.46444,0.46444,0.46444,0.46444,0.46444,0.46444,0.46444,0.46444,0.46444,0.46444,0.46444,0.46444
1166,0.46766,0.46766,0.46766,0.46766,0.46766,0.46766,0.46766,0.46766,0.46766,0.46766,0.46766,0.46766,0.46766,0.46766,0.46766,0.46766,0.46766,0.46766,0.46766,0.46766,0.46766,0.46766,0.46766,0.46766,0.46766,0.46766,0.46766,0.46766,0.46766
1167,0.47089,0.47089,0.47089,0.47089,0.47089,0.47089,0.47089,0.47089,0.47089,0.47089,0.47089,0.47089,0.47089,0.47089,0.47089,0.47089,0.47089,0.47089,0.47089,0.47089,0.47089,0.47089,0.47089,0.47089,0.47089,0.47089,0.47089,0.47089,0.47089
1168,0.47412,0.47412,0.47412,0.47412,0.47412,0.47412,0.47412,0.47412,0.47412,0.47412,0.47412,0.47412,0.47412,0.47412,0.47412,0.47412,0.47412,0.47412,0.47412,0.47412,0.47412,0.47412,0.47412,0.47412,0.47412,0.47412,0.47412,0.47412,0.47412
1169,0.47735,0.47735,0.47735,0.47735,0.47735,0.47735,0.47735,0.47735,0.47735,0.47735,0.47735,0.47735,0.47735,0.47735,0.47735,0.47735,0.47735,0.47735,0.47735,0.47735,0.47735,0.47735,0.47735,0.47735,0.47735,0.47735,0.47735,0.47735,0.47735
1170,0.48058,0.48058,0.48058,0.48058,0.48058,0.48058,0.48058,0.48058,0.48058,0.48058,0.48058,0.48058,0.48058,0.48058,0.48058,0.48058,0.48058,0.48058,0.48058,0.48058,0.48058,0.48058,0.48058,0.48058,0.48058,0.48058,0.48058,0.48058,0.48058
1171,0.48381,0.48381,0.48381,0.48381,0.48381,0.48381,0.48381,0.48381,0.48381,0.48381,0.48381,0.48381,0.48381,0.48381,0.48381,0.48381,0.48381,0.48381,0.48381,0.48381,0.48381,0.48381,0.48381,0.48381,0.48381,0.48381,0.48381,0.48381,0.48381
1172,0.48705,0.48705,0.48705,0.48705,0.48705,0.48705,0.48705,0.48705,0.48705,0.48705,0.48705,0.48705,0.48705,0.48705,0.48705,0.48705,0.48705,0.48705,0.48705,0.48705,0.48705,0.48705,0.48705,0.48705,0.48705,0.48705,0.48705,0.48705,0.48705
1173,0.49029,0.49029,0.49029,0.49029,0.49029,0.49029,0.49029,0.49029,0.49029,0.49029,0.49029,0.49029,0.49029,0.49029,0.49029,0.49029,0.49029,0.49029,0.49029,0.49029,0.49029,0.49029,0.49029,0.49029,0.49029,0.49029,0.49029,0.49029,0.49029
1174,0.49352,0.49352,0.49352,0.49352,0.49352,0.49352,0.49352,0.49352,0.49352,0.49352,0.49352,0.49352,0.49352,0.49352,0.49352,0.49352,0.49352,0.49352,0.49352,0.49352,0.49352,0.49352,0.49352,0.49352,0.49352,0.49352,0.49352,0.49352,0.49352
1175,0.49676,0.49676,0.49676,0.49676,0.49676,0.49676,0.49676,0.49676,0.49676,0.49676,0.49676,0.49676,0.49676,0.49676,0.49676,0.49676,0.49676,0.49676,0.49676,0.49676,0.49676,0.49676,0.49676,0.49676,0.49676,0.49676,0.49676,0.49676,0.49676
1176,0.50000,0.50000,0.50000,0.50000,0.50000,0.50000,0.50000,0.50000,0.50000,0.50000,0.50000,0.50000,0.50000,0.50000,0.50000,0.50000,0.50000,0.50000,0.50000,0.50000,0.50000,0.50000,0.50000,0.50000,0.50000,0.50000,0.50000,0.50000,0.50000
1177,0.50324,0.50324,0.50324,0.50324,0.50324,0.50324,0.50324,0.50324,0.50324,0.50324,0.50324,0.50324,0.50324,0.50324,0.50324,0.50324,0.50324,0.50324,0.50324,0.50324,0.50324,0.50324,0.50324,0.50324,0.50324,0.50324,0.50324,0.50324,0.50324
1178,0.50648,0.50648,0.50648,0.50648,0.50648,0.50648,0.50648,0.50648,0.50648,0.50648,0.50648,0.50648,0.50648,0.50648,0.50648,0.50648,0.50648,0.50648,0.50648,0.50648,0.50648,0.50648,0.50648,0.50648,0.50648,0.50648,0.50648,0.50648,0.50648
1179,0.50971,0.50971,0.50971,0.50971,0.50971,0.50971,0.50971,0.50971,0.50971,0.50971,0.50971,0.50971,0.50971,0.50971,0.50971,0.50971,0.50971,0.50971,0.50971,0.50971,0.50971,0.50971,0.50971,0.50971,0.50971,0.50971,0.50971,0.50971,0.50971
1180,0.51295,0.51295,0.51295,0.51295,0.51295,0.51295,0.51295,0.51295,0.51295,0.51295,0.51295,0.51295,0.51295,0.51295,0.51295,0.51295,0.51295,0.51295,0.51295,0.51295,0.51295,0.51295,0.51295,0.51295,0.51295,0.51295,0.51295,0.51295,0.51295
1181,0.51619,0.51619,0.51619,0.51619,0.51619,0.51619,0.51619,0.51619,0.51619,0.51619,0.51619,0.51619,0.51619,0.51619,0.51619,0.51619,0.51619,0.51619,0.51619,0.51619,0.51619,0.51619,0.51619,0.51619,0.51619,0.51619,0.51619,0.51619,0.51619
1182,0.51942,0.51942,0.51942,0.51942,0.51942,0.51942,0.51942,0.51942,0.51942,0.51942,0.51942,0.51942,0.51942,0.51942,0.51942,0.51942,0.51942,0.51942,0.51942,0.51942,0.51942,0.51942,0.51942,0.51942,0.51942,0.51942,0.51942,0.51942,0.51942
1183,0.52265,0.52265,0.52265,0.52265,0.52265,0.52265,0.52265,0.52265,0.52265,0.52265,0.52265,0.52265,0.52265,0.52265,0.52265,0.52265,0.52265,0.52265,0.52265,0.52265,0.52265,0.52265,0.52265,0.52265,0.52265,0.52265,0.52265,0.52265,0.52265
1184,0.52588,0.52588,0.52588,0.52588,0.52588,0.52588,0.52588,0.52588,0.52588,0.52588,0.52588,0.52588,0.52588,0.52588,0.52588,0.52588,0.52588,0.52588,0.52588,0.52588,0.52588,0.52588,0.52588,0.52588,0.52588,0.52588,0.52588,0.52588,0.52588
1185,0.52911,0.52911,0.52911,0.52911,0.52911,0.52911,0.52911,0.52911,0.52911,0.52911,0.52911,0.52911,0.52911,0.52911,0.52911,0.52911,0.52911,0.52911,0.52911,0.52911,0.52911,0.52911,0.52911,0.52911,0.52911,0.52911,0.52911,0.52911,0.52911
1186,0.53234,0.53234,0.53234,0.53234,0.53234,0.53234,0.53234,0.53234,0.53234,0.53234,0.53234,0.53234,0.53234,0.53234,0.53234,0.53234,0.53234,0.53234,0.53234,0.53234,0.53234,0.53234,0.53234,0.53234,0.53234,0.53234,0.53234,0.53234,0.53234
1187,0.53556,0.53556,0.53556,0.53556,0.53556,0.53556,0.53556,0.53556,0.53556,0.53556,0.53556,0.53556,0.53556,0.53556,0.53556,0.53556,0.53556,0.53556,0.53556,0.53556,0.53556,0.53556,0.53556,0.53556,0.53556,0.53556,0.53556,0.53556,0.53556
1188,0.53878,0.53878,0.53878,0.53878,0.53878,0.53878,0.53878,0.53878,0.53878,0.53878,0.53878,0.53878,0.53878,0.53878,0.53878,0.53878,0.53878,0.53878,0.53878,0.53878,0.53878,0.53878,0.53878,0.53878,0.53878,0.53878,0.53878,0.53878,0.53878
1189,0.54199,0.54199,0.54199,0.54199,0.54199,0.54199,0.54199,0.54199,0.54199,0.54199,0.54199,0.54199,0.54199,0.54199,0.54199,0.54199,0.54199,0.54199,0.54199,0.54199,0.54199,0.54199,0.54199,0.54199,0.54199,0.54199,0.54199,0.54199,0.54199
1190,0.54520,0.54520,0.54520,0.54520,0.54520,0.54520,0.54520,0.54520,0.54520,0.54520,0.54520,0.54520,0.54520,0.54520,0.54520,0.54520,0.54520,0.54520,0.54520,0.54520,0.54520,0.54520,0.54520,0.54520,0.54520,0.54520,0.54520,0.54520,0.54520
1191,0.54841,0.54841,0.54841,0.54841,0.54841,0.54841,0.54841,0.54841,0.54841,0.54841,0.54841,0.54841,0.54841,0.54841,0.54841,0.54841,0.54841,0.54841,0.54841,0.54841,0.54841,0.54841,0.54841,0.54841,0.54841,0.54841,0.54841,0.54841,0.54841
1192,0.55161,0.55161,0.55161,0.55161,0.55161,0.55161,0.55161,0.55161,0.55161,0.55161,0.55161,0.55161,0.55161,0.55161,0.55161,0.55161,0.55161,0.55161,0.55161,0.55161,0.55161,0.55161,0.55161,0.55161,0.55161,0.55161,0.55161,0.55161,0.55161
1193,0.55480,0.55480,0.55480,0.55480,0.55480,0.55480,0.55480,0.55480,0.55480,0.55480,0.55480,0.55480,0.55480,0.55480,0.55480,0.55480,0.55480,0.55480,0.55480,0.55480,0.55480,0.55480,0.55480,0.55480,0.55480,0.55480,0.55480,0.55480,0.55480
1194,0.55799,0.55799,0.55799,0.55799,0.55799,0.55799,0.55799,0.55799,0.55799,0.55799,0.55799,0.55799,0.55799,0.55799,0.55799,0.55799,0.55799,0.55799,0.55799,0.55799,0.55799,0.55799,0.55799,0.55799,0.55799,0.55799,0.55799,0.55799,0.55799
1195,0.56117,0.56117,0.56117,0.56117,0.56117,0.56117,0.56117,0.56117,0.56117,0.56117,0.56117,0.56117,0.56117,0.56117,0.56117,0.56117,0.56117,0.56117,0.56117,0.56117,0.56117,0.56117,0.56117,0.56117,0.56117,0.56117,0.56117,0.56117,0.56117
1196,0.56435,0.56435,0.56435,0.56435,0.56435,0.56435,0.56435,0.56435,0.56435,0.56435,0.56435,0.56435,0.56435,0.56435,0.56435,0.56435,0.56435,0.56435,0.56435,0.56435,0.56435,0.56435,0.56435,0.56435,0.56435,0.56435,0.56435,0.56435,0.56435
1197,0.56752,0.56752,0.56752,0.56752,0.56752,0.56752,0.56752,0.56752,0.56752,0.56752,0.56752,0.56752,0.56752,0.56752,0.56752,0.56752,0.56752,0.56752,0.56752,0.56752,0.56752,0.56752,0.56752,0.56752,0.56752,0.56752,0.56752,0.56752,0.56752
1198,0.57068,0.57068,0.57068,0.57068,0.57068,0.57068,0.57068,0.57068,0.57068,0.57068,0.57068,0.57068,0.57068,0.57068,0.57068,0.57068,0.57068,0.57068,0.57068,0.57068,0.57068,0.57068,0.57068,0.57068,0.57068,0.57068,0.57068,0.57068,0.57068
1199,0.57383,0.57383,0.57383,0.57383,0.57383,0.57383,0.57383,0.57383,0.57383,0.57383,0.57383,0.57383,0.57383,0.57383,0.57383,0.57383,0.57383,0.57383,0.57383,0.57383,0.57383,0.57383,0.57383,0.57383,0.57383,0.57383,0.57383,0.57383,0.57383
1200,0.57697,0.57697,0.57697,0.57697,0.57697,0.57697,0.57697,0.57697,0.57697,0.57697,0.57697,0.57697,0.57697,0.57697,0.57697,0.57697,0.57697,0.57697,0.57697,0.57697,0.57697,0.57697,0.57697,0.57697,0.57697,0.57697,0.57697,0.57697,0.57697
1201,0.58011,0.58011,0.58011,0.58011,0.58011,0.58011,0.58011,0.58011,0.58011,0.58011,0.58011,0.58011,0.58011,0.58011,0.58011,0.58011,0.58011,0.58011,0.58011,0.58011,0.58011,0.58011,0.58011,0.58011,0.58011,0.58011,0.58011,0.58011,0.58011
1202,0.58323,0.58323,0.58323,0.58323,0.58323,0.58323,0.58323,0.58323,0.58323,0.58323,0.58323,0.58323,0.58323,0.58323,0.58323,0.58323,0.58323,0.58323,0.58323,0.58323,0.58323,0.58323,0.58323,0.58323,0.58323,0.58323,0.58323,0.58323,0.58323
1203,0.58635,0.58635,0.58635,0.58635,0.58635,0.58635,0.58635,0.58635,0.58635,0.58635,0.58635,0.58635,0.58635,0.58635,0.58635,0.58635,0.58635,0.58635,0.58635,0.58635,0.58635,0.58635,0.58635,0.58635,0.58635,0.58635,0.58635,0.58635,0.58635
1204,0.58945,0.58945,0.58945,0.58945,0.58945,0.58945,0.58945,0.58945,0.58945,0.58945,0.58945,0.58945,0.58945,0.58945,0.58945,0.58945,0.58945,0.58945,0.58945,0.58945,0.58945,0.58945,0.58945,0.58945,0.58945,0.58945,0.58945,0.58945,0.58945
1205,0.59254,0.59254,0.59254,0.59254,0.59254,0.59254,0.59254,0.59254,0.59254,0.59254,0.59254,0.59254,0.59254,0.59254,0.59254,0.59254,0.59254,0.59254,0.59254,0.59254,0.59254,0.59254,0.59254,0.59254,0.59254,0.59254,0.59254,0.59254,0.59254
1206,0.59562,0.59562,0.59562,0.59562,0.59562,0.59562,0.59562,0.59562,0.59562,0.59562,0.59562,0.59562,0.59562,0.59562,0.59562,0.59562,0.59562,0.59562,0.59562,0.59562,0.59562,0.59562,0.59562,0.59562,0.59562,0.59562,0.59562,0.59562,0.59562
1207,0.59868,0.59868,0.59868,0.59868,0.59868,0.59868,0.59868,0.59868,0.59868,0.59868,0.59868,0.59868,0.59868,0.59868,0.59868,0.59868,0.59868,0.59868,0.59868,0.59868,0.59868,0.59868,0.59868,0.59868,0.59868,0.59868,0.59868,0.59868,0.59868
1208,0.60174,0.60174,0.60174,0.60174,0.60174,0.60174,0.60174,0.60174,0.60174,0.60174,0.60174,0.60174,0.60174,0.60174,0.60174,0.60174,0.60174,0.60174,0.60174,0.60174,0.60174,0.60174,0.60174,0.60174,0.60174,0.60174,0.60174,0.60174,0.60174
1209,0.60477,0.60477,0.60477,0.60477,0.60477,0.60477,0.60477,0.60477,0.60477,0.60477,0.60477,0.60477,0.60477,0.60477,0.60477,0.60477,0.60477,0.60477,0.60477,0.60477,0.60477,0.60477,0.60477,0.60477,0.60477,0.60477,0.60477,0.60477,0.60477
1210,0.60779,0.60779,0.60779,0.60779,0.60779,0.60779,0.60779,0.60779,0.60779,0.60779,0.60779,0.60779,0.60779,0.60779,0.60779,0.60779,0.60779,0.60779,0.60779,0.60779,0.60779,0.60779,0.60779,0.60779,0.60779,0.60779,0.60779,0.60779,0.60779
1211,0.61080,0.61080,0.61080,0.61080,0.61080,0.61080,0.61080,0.61080,0.61080,0.61080,0.61080,0.61080,0.61080,0.61080,0.61080,0.61080,0.61080,0.61080,0.61080,0.61080,0.61080,0.61080,0.61080,0.61080,0.61080,0.61080,0.61080,0.61080,0.61080
1212,0.61379,0.61379,0.61379,0.61379,0.61379,0.61379,0.61379,0.61379,0.61379,0.61379,0.61379,0.61379,0.61379,0.61379,0.61379,0.61379,0.61379,0.61379,0.61379,0.61379,0.61379,0.61379,0.61379,0.61379,0.61379,0.61379,0.61379,0.61379,0.61379
1213,0.61676,0.61676,0.61676,0.61676,0.61676,0.61676,0.61676,0.61676,0.61676,0.61676,0.61676,0.61676,0.61676,0.61676,0.61676,0.61676,0.61676,0.61676,0.61676,0.61676,0.61676,0.61676,0.61676,0.61676,0.61676,0.61676,0.61676,0.61676,0.61676
1214,0.61971,0.61971,0.61971,0.61971,0.61971,0.61971,0.61971,0.61971,0.61971,0.61971,0.61971,0.61971,0.61971,0.61971,0.61971,0.61971,0.61971,0.61971,0.61971,0.61971,0.61971,0.61971,0.61971,0.61971,0.61971,0.61971,0.61971,0.61971,0.61971
1215,0.62264,0.62264,0.62264,0.62264,0.62264,0.62264,0.62264,0.62264,0.62264,0.62264,0.62264,0.62264,0.62264,0.62264,0.62264,0.62264,0.62264,0.62264,0.62264,0.62264,0.62264,0.62264,0.62264,0.62264,0.62264,0.62264,0.62264,0.62264,0.62264
1216,0.62555,0.62555,0.62555,0.62555,0.62555,0.62555,0.62555,0.62555,0.62555,0.62555,0.62555,0.62555,0.62555,0.62555,0.62555,0.62555,0.62555,0.62555,0.62555,0.62555,0.62555,0.62555,0.62555,0.62555,0.62555,0.62555,0.62555,0.62555,0.62555
1217,0.62844,0.62844,0.62844,0.62844,0.62844,0.62844,0.62844,0.62844,0.62844,0.62844,0.62844,0.62844,0.62844,0.62844,0.62844,0.62844,0.62844,0.62844,0.62844,0.62844,0.62844,0.62844,0.62844,0.62844,0.62844,0.62844,0.62844,0.62844,0.62844
1218,0.63131,0.63131,0.63131,0.63131,0.63131,0.63131,0.63131,0.63131,0.63131,0.63131,0.63131,0.63131,0.63131,0.63131,0.63131,0.63131,0.63131,0.63131,0.63131,0.63131,0.63131,0.63131,0.63131,0.63131,0.63131,0.63131,0.63131,0.63131,0.63131
1219,0.63415,0.63415,0.63415,0.63415,0.63415,0.63415,0.63415,0.63415,0.63415,0.63415,0.63415,0.63415,0.63415,0.63415,0.63415,0.63415,0.63415,0.63415,0.63415,0.63415,0.63415,0.63415,0.63415,0.63415,0.63415,0.63415,0.63415,0.63415,0.63415
1220,0.63697,0.63697,0.63697,0.63697,0.63697,0.63697,0.63697,0.63697,0.63697,0.63697,0.63697,0.63697,0.63697,0.63697,0.63697,0.63697,0.63697,0.63697,0.63697,0.63697,0.63697,0.63697,0.63697,0.63697,0.63697,0.63697,0.63697,0.63697,0.63697
1221,0.63976,0.63976,0.63976,0.63976,0.63976,0.63976,0.63976,0.63976,0.63976,0.63976,0.63976,0.63976,0.63976,0.63976,0.63976,0.63976,0.63976,0.63976,0.63976,0.63976,0.63976,0.63976,0.63976,0.63976,0.63976,0.63976,0.63976,0.63976,0.63976
1222,0.64253,0.64253,0.64253,0.64253,0.64253,0.64253,0.64253,0.64253,0.64253,0.64253,0.64253,0.64253,0.64253,0.64253,0.64253,0.64253,0.64253,0.64253,0.64253,0.64253,0.64253,0.64253,0.64253,0.64253,0.64253,0.64253,0.64253,0.64253,0.64253
1223,0.64527,0.64527,0.64527,0.64527,0.64527,0.64527,0.64527,0.64527,0.64527,0.64527,0.64527,0.64527,0.64527,0.64527,0.64527,0.64527,0.64527,0.64527,0.64527,0.64527,0.64527,0.64527,0.64527,0.64527,0.64527,0.64527,0.64527,0.64527,0.64527
1224,0.64797,0.64797,0.64797,0.64797,0.64797,0.64797,0.64797,0.64797,0.64797,0.64797,0.64797,0.64797,0.64797,0.64797,0.64797,0.64797,0.64797,0.64797,0.64797,0.64797,0.64797,0.64797,0.64797,0.64797,0.64797,0.64797,0.64797,0.64797,0.64797
1225,0.65065,0.65065,0.65065,0.65065,0.65065,0.65065,0.65065,0.65065,0.65065,0.65065,0.65065,0.65065,0.65065,0.65065,0.65065,0.65065,0.65065,0.65065,0.65065,0.65065,0.65065,0.65065,0.65065,0.65065,0.65065,0.65065,0.65065,0.65065,0.65065
1226,0.65329,0.65329,0.65329,0.65329,0.65329,0.65329,0.65329,0.65329,0.65329,0.65329,0.65329,0.65329,0.65329,0.65329,0.65329,0.65329,0.65329,0.65329,0.65329,0.65329,0.65329,0.65329,0.65329,0.65329,0.65329,0.65329,0.65329,0.65329,0.65329
1227,0.65590,0.65590,0.65590,0.65590,0.65590,0.65590,0.65590,0.65590,0.65590,0.65590,0.65590,0.65590,0.65590,0.65590,0.65590,0.65590,0.65590,0.65590,0.65590,0.65590,0.65590,0.65590,0.65590,0.65590,0.65590,0.65590,0.65590,0.65590,0.65590
1228,0.65848,0.65848,0.65848,0.65848,0.65848,0.65848,0.65848,0.65848,0.65848,0.65848,0.65848,0.65848,0.65848,0.65848,0.65848,0.65848,0.65848,0.65848,0.65848,0.65848,0.65848,0.65848,0.65848,0.65848,0.65848,0.65848,0.65848,0.65848,0.65848
1229,0.66102,0.66102,0.66102,0.66102,0.66102,0.66102,0.66102,0.66102,0.66102,0.66102,0.66102,0.66102,0.66102,0.66102,0.66102,0.66102,0.66102,0.66102,0.66102,0.66102,0.66102,0.66102,0.66102,0.66102,0.66102,0.66102,0.66102,0.66102,0.66102
1230,0.66352,0.66352,0.66352,0.66352,0.66352,0.66352,0.66352,0.66352,0.66352,0.66352,0.66352,0.66352,0.66352,0.66352,0.66352,0.66352,0.66352,0.66352,0.66352,0.66352,0.66352,0.66352,0.66352,0.66352,0.66352,0.66352,0.66352,0.66352,0.66352
1231,0.66598,0.66598,0.66598,0.66598,0.66598,0.66598,0.66598,0.66598,0.66598,0.66598,0.66598,0.66598,0.66598,0.66598,0.66598,0.66598,0.66598,0.66598,0.66598,0.66598,0.66598,0.66598,0.66598,0.66598,0.66598,0.66598,0.66598,0.66598,0.66598
1232,0.66840,0.66840,0.66840,0.66840,0.66840,0.66840,0.66840,0.66840,0.66840,0.66840,0.66840,0.66840,0.66840,0.66840,0.66840,0.66840,0.66840,0.66840,0.66840,0.66840,0.66840,0.66840,0.66840,0.66840,0.66840,0.66840,0.66840,0.66840,0.66840
1233,0.67078,0.67078,0.67078,0.67078,0.67078,0.67078,0.67078,0.67078,0.67078,0.67078,0.67078,0.67078,0.67078,0.67078,0.67078,0.67078,0.67078,0.67078,0.67078,0.67078,0.67078,0.67078,0.67078,0.67078,0.67078,0.67078,0.67078,0.67078,0.67078
1234,0.67312,0.67312,0.67312,0.67312,0.67312,0.67312,0.67312,0.67312,0.67312,0.67312,0.67312,0.67312,0.67312,0.67312,0.67312,0.67312,0.67312,0.67312,0.67312,0.67312,0.67312,0.67312,0.67312,0.67312,0.67312,0.67312,0.67312,0.67312,0.67312
1235,0.67541,0.67541,0.67541,0.67541,0.67541,0.67541,0.67541,0.67541,0.67541,0.67541,0.67541,0.67541,0.67541,0.67541,0.67541,0.67541,0.67541,0.67541,0.67541,0.67541,0.67541,0.67541,0.67541,0.67541,0.67541,0.67541,0.67541,0.67541,0.67541
1236,0.67765,0.67765,0.67765,0.67765,0.67765,0.67765,0.67765,0.67765,0.67765,0.67765,0.67765,0.67765,0.67765,0.67765,0.67765,0.67765,0.67765,0.67765,0.67765,0.67765,0.67765,0.67765,0.67765,0.67765,0.67765,0.67765,0.67765,0.67765,0.67765
1237,0.67985,0.67985,0.67985,0.67985,0.67985,0.67985,0.67985,0.67985,0.67985,0.67985,0.67985,0.67985,0.67985,0.67985,0.67985,0.67985,0.67985,0.67985,0.67985,0.67985,0.67985,0.67985,0.67985,0.67985,0.67985,0.67985,0.67985,0.67985,0.67985
1238,0.68199,0.68199,0.68199,0.68199,0.68199,0.68199,0.68199,0.68199,0.68199,0.68199,0.68199,0.68199,0.68199,0.68199,0.68199,0.68199,0.68199,0.68199,0.68199,0.68199,0.68199,0.68199,0.68199,0.68199,0.68199,0.68199,0.68199,0.68199,0.68199
1239,0.68408,0.68408,0.68408,0.68408,0.68408,0.68408,0.68408,0.68408,0.68408,0.68408,0.68408,0.68408,0.68408,0.68408,0.68408,0.68408,0.68408,0.68408,0.68408,0.68408,0.68408,0.68408,0.68408,0.68408,0.68408,0.68408,0.68408,0.68408,0.68408
1240,0.68612,0.68612,0.68612,0.68612,0.68612,0.68612,0.68612,0.68612,0.68612,0.68612,0.68612,0.68612,0.68612,0.68612,0.68612,0.68612,0.68612,0.68612,0.68612,0.68612,0.68612,0.68612,0.68612,0.68612,0.68612,0.68612,0.68612,0.68612,0.68612
1241,0.68811,0.68811,0.68811,0.68811,0.68811,0.68811,0.68811,0.68811,0.68811,0.68811,0.68811,0.68811,0.68811,0.68811,0.68811,0.68811,0.68811,0.68811,0.68811,0.68811,0.68811,0.68811,0.68811,0.68811,0.68811,0.68811,0.68811,0.68811,0.68811
1242,0.69004,0.69004,0.69004,0.69004,0.69004,0.69004,0.69004,0.69004,0.69004,0.69004,0.69004,0.69004,0.69004,0.69004,0.69004,0.69004,0.69004,0.69004,0.69004,0.69004,0.69004,0.69004,0.69004,0.69004,0.69004,0.69004,0.69004,0.69004,0.69004
1243,0.69191,0.69191,0.69191,0.69191,0.69191,0.69191,0.69191,0.69191,0.69191,0.69191,0.69191,0.69191,0.69191,0.69191,0.69191,0.69191,0.69191,0.69191,0.69191,0.69191,0.69191,0.69191,0.69191,0.69191,0.69191,0.69191,0.69191,0.69191,0.69191
1244,0.69372,0.69372,0.69372,0.69372,0.69372,0.69372,0.69372,0.69372,0.69372,0.69372,0.69372,0.69372,0.69372,0.69372,0.69372,0.69372,0.69372,0.69372,0.69372,0.69372,0.69372,0.69372,0.69372,0.69372,0.69372,0.69372,0.69372,0.69372,0.69372
1245,0.69546,0.69546,0.69546,0.69546,0.69546,0.69546,0.69546,0.69546,0.69546,0.69546,0.69546,0.69546,0.69546,0.69546,0.69546,0.69546,0.69546,0.69546,0.69546,0.69546,0.69546,0.69546,0.69546,0.69546,0.69546,0.69546,0.69546,0.69546,0.69546
1246,0.69715,0.69715,0.69715,0.69715,0.69715,0.69715,0.69715,0.69715,0.69715,0.69715,0.69715,0.69715,0.69715,0.69715,0.69715,0.69715,0.69715,0.69715,0.69715,0.69715,0.69715,0.69715,0.69715,0.69715,0.69715,0.69715,0.69715,0.69715,0.69715
1247,0.69877,0.69877,0.69877,0.69877,0.69877,0.69877,0.69877,0.69877,0.69877,0.69877,0.69877,0.69877,0.69877,0.69877,0.69877,0.69877,0.69877,0.69877,0.69877,0.69877,0.69877,0.69877,0.69877,0.69877,0.69877,0.69877,0.69877,0.69877,0.69877
1248,0.70032,0.70032,0.70032,0.70032,0.70032,0.70032,0.70032,0.70032,0.70032,0.70032,0.70032,0.70032,0.70032,0.70032,0.70032,0.70032,0.70032,0.70032,0.70032,0.70032,0.70032,0.70032,0.70032,0.70032,0.70032,0.70032,0.70032,0.70032,0.70032
1249,0.70181,0.70181,0.70181,0.70181,0.70181,0.70181,0.70181,0.70181,0.70181,0.70181,0.70181,0.70181,0.70181,0.70181,0.70181,0.70181,0.70181,0.70181,0.70181,0.70181,0.70181,0.70181,0.70181,0.70181,0.70181,0.70181,0.70181,0.70181,0.70181
1250,0.70322,0.70322,0.70322,0.70322,0.70322,0.70322,0.70322,0.70322,0.70322,0.70322,0.70322,0.70322,0.70322,0.70322,0.70322,0.70322,0.70322,0.70322,0.70322,0.70322,0.70322,0.70322,0.70322,0.70322,0.70322,0.70322,0.70322,0.70322,0.70322
1251,0.70457,0.70457,0.70457,0.70457,0.70457,0.70457,0.70457,0.70457,0.70457,0.70457,0.70457,0.70457,0.70457,0.70457,0.70457,0.70457,0.70457,0.70457,0.70457,0.70457,0.70457,0.70457,0.70457,0.70457,0.70457,0.70457,0.70457,0.70457,0.70457
1252,0.70584,0.70584,0.70584,0.70584,0.70584,0.70584,0.70584,0.70584,0.70584,0.70584,0.70584,0.70584,0.70584,0.70584,0.70584,0.70584,0.70584,0.70584,0.70584,0.70584,0.70584,0.70584,0.70584,0.70584,0.70584,0.70584,0.70584,0.70584,0.70584
1253,0.70704,0.70704,0.70704,0.70704,0.70704,0.70704,0.70704,0.70704,0.70704,0.70704,0.70704,0.70704,0.70704,0.70704,0.70704,0.70704,0.70704,0.70704,0.70704,0.70704,0.70704,0.70704,0.70704,0.70704,0.70704,0.70704,0.70704,0.70704,0.70704
1254,0.70817,0.70817,0.70817,0.70817,0.70817,0.70817,0.70817,0.70817,0.70817,0.70817,0.70817,0.70817,0.70817,0.70817,0.70817,0.70817,0.70817,0.70817,0.70817,0.70817,0.70817,0.70817,0.70817,0.70817,0.70817,0.70817,0.70817,0.70817,0.70817
1255,0.70921,0.70921,0.70921,0.70921,0.70921,0.70921,0.70921,0.70921,0.70921,0.70921,0.70921,0.70921,0.70921,0.70921,0.70921,0.70921,0.70921,0.70921,0.70921,0.70921,0.70921,0.70921,0.70921,0.70921,0.70921,0.70921,0.70921,0.70921,0.70921
1256,0.71018,0.71018,0.71018,0.71018,0.71018,0.71018,0.71018,0.71018,0.71018,0.71018,0.71018,0.71018,0.71018,0.71018,0.71018,0.71018,0.71018,0.71018,0.71018,0.71018,0.71018,0.71018,0.71018,0.71018,0.71018,0.71018,0.71018,0.71018,0.71018
1257,0.71108,0.71108,0.71108,0.71108,0.71108,0.71108,0.71108,0.71108,0.71108,0.71108,0.71108,0.71108,0.71108,0.71108,0.71108,0.71108,0.71108,0.71108,0.71108,0.71108,0.71108,0.71108,0.71108,0.71108,0.71108,0.71108,0.71108,0.71108,0.71108
1258,0.71189,0.71189,0.71189,0.71189,0.71189,0.71189,0.71189,0.71189,0.71189,0.71189,0.71189,0.71189,0.71189,0.71189,0.71189,0.71189,0.71189,0.71189,0.71189,0.71189,0.71189,0.71189,0.71189,0.71189,0.71189,0.71189,0.71189,0.71189,0.71189
1259,0.71262,0.71262,0.71262,0.71262,0.71262,0.71262,0.71262,0.71262,0.71262,0.71262,0.71262,0.71262,0.71262,0.71262,0.71262,0.71262,0.71262,0.71262,0.71262,0.71262,0.71262,0.71262,0.71262,0.71262,0.71262,0.71262,0.71262,0.71262,0.71262
1260,0.71327,0.71327,0.71327,0.71327,0.71327,0.71327,0.71327,0.71327,0.71327,0.71327,0.71327,0.71327,0.71327,0.71327,0.71327,0.71327,0.71327,0.71327,0.71327,0.71327,0.71327,0.71327,0.71327,0.71327,0.71327,0.71327,0.71327,0.71327,0.71327
1261,0.71384,0.71384,0.71384,0.71384,0.71384,0.71384,0.71384,0.71384,0.71384,0.71384,0.71384,0.71384,0.71384,0.71384,0.71384,0.71384,0.71384,0.71384,0.71384,0.71384,0.71384,0.71384,0.71384,0.71384,0.71384,0.71384,0.71384,0.71384,0.71384
1262,0.71433,0.71433,0.71433,0.71433,0.71433,0.71433,0.71433,0.71433,0.71433,0.71433,0.71433,0.71433,0.71433,0.71433,0.71433,0.71433,0.71433,0.71433,0.71433,0.71433,0.71433,0.71433,0.71433,0.71433,0.71433,0.71433,0.71433,0.71433,0.71433
1263,0.71473,0.71473,0.71473,0.71473,0.71473,0.71473,0.71473,0.71473,0.71473,0.71473,0.71473,0.71473,0.71473,0.71473,0.71473,0.71473,0.71473,0.71473,0.71473,0.71473,0.71473,0.71473,0.71473,0.71473,0.71473,0.71473,0.71473,0.71473,0.71473
1264,0.71504,0.71504,0.71504,0.71504,0.71504,0.71504,0.71504,0.71504,0.71504,0.71504,0.71504,0.71504,0.71504,0.71504,0.71504,0.71504,0.71504,0.71504,0.71504,0.71504,0.71504,0.71504,0.71504,0.71504,0.71504,0.71504,0.71504,0.71504,0.71504
1265,0.71528,0.71528,0.71528,0.71528,0.71528,0.71528,0.71528,0.71528,0.71528,0.71528,0.71528,0.71528,0.71528,0.71528,0.71528,0.71528,0.71528,0.71528,0.71528,0.71528,0.71528,0.71528,0.71528,0.71528,0.71528,0.71528,0.71528,0.71528,0.71528
1266,0.71543,0.71543,0.71543,0.71543,0.71543,0.71543,0.71543,0.71543,0.71543,0.71543,0.71543,0.71543,0.71543,0.71543,0.71543,0.71543,0.71543,0.71543,0.71543,0.71543,0.71543,0.71543,0.71543,0.71543,0.71543,0.71543,0.71543,0.71543,0.71543
1267,0.71549,0.71549,0.71549,0.71549,0.71549,0.71549,0.71549,0.71549,0.71549,0.71549,0.71549,0.71549,0.71549,0.71549,0.71549,0.71549,0.71549,0.71549,0.71549,0.71549,0.71549,0.71549,0.71549,0.71549,0.71549,0.71549,0.71549,0.71549,0.71549
1268,0.71547,0.71547,0.71547,0.71547,0.71547,0.71547,0.71547,0.71547,0.71547,0.71547,0.71547,0.71547,0.71547,0.71547,0.71547,0.71547,0.71547,0.71547,0.71547,0.71547,0.71547,0.71547,0.71547,0.71547,0.71547,0.71547,0.71547,0.71547,0.71547
1269,0.71536,0.71536,0.71536,0.71536,0.71536,0.71536,0.71536,0.71536,0.71536,0.71536,0.71536,0.71536,0.71536,0.71536,0.71536,0.71536,0.71536,0.71536,0.71536,0.71536,0.71536,0.71536,0.71536,0.71536,0.71536,0.71536,0.71536,0.71536,0.71536
1270,0.71517,0.71517,0.71517,0.71517,0.71517,0.71517,0.71517,0.71517,0.71517,0.71517,0.71517,0.71517,0.71517,0.71517,0.71517,0.71517,0.71517,0.71517,0.71517,0.71517,0.71517,0.71517,0.71517,0.71517,0.71517,0.71517,0.71517,0.71517,0.71517
1271,0.71490,0.71490,0.71490,0.71490,0.71490,0.71490,0.71490,0.71490,0.71490,0.71490,0.71490,0.71490,0.71490,0.71490,0.71490,0.71490,0.71490,0.71490,0.71490,0.71490,0.71490,0.71490,0.71490,0.71490,0.71490,0.71490,0.71490,0.71490,0.71490
1272,0.71454,0.71454,0.71454,0.71454,0.71454,0.71454,0.71454,0.71454,0.71454,0.71454,0.71454,0.71454,0.71454,0.71454,0.71454,0.71454,0.71454,0.71454,0.71454,0.71454,0.71454,0.71454,0.71454,0.71454,0.71454,0.71454,0.71454,0.71454,0.71454
1273,0.71409,0.71409,0.71409,0.71409,0.71409,0.71409,0.71409,0.71409,0.71409,0.71409,0.71409,0.71409,0.71409,0.71409,0.71409,0.71409,0.71409,0.71409,0.71409,0.71409,0.71409,0.71409,0.71409,0.71409,0.71409,0.71409,0.71409,0.71409,0.71409
1274,0.71357,0.71357,0.71357,0.71357,0.71357,0.71357,0.71357,0.71357,0.71357,0.71357,0.71357,0.71357,0.71357,0.71357,0.71357,0.71357,0.71357,0.71357,0.71357,0.71357,0.71357,0.71357,0.71357,0.71357,0.71357,0.71357,0.71357,0.71357,0.71357
1275,0.71296,0.71296,0.71296,0.71296,0.71296,0.71296,0.71296,0.71296,0.71296,0.71296,0.71296,0.71296,0.71296,0.71296,0.71296,0.71296,0.71296,0.71296,0.71296,0.71296,0.71296,0.71296,0.71296,0.71296,0.71296,0.71296,0.71296,0.71296,0.71296
1276,0.71227,0.71227,0.71227,0.71227,0.71227,0.71227,0.71227,0.71227,0.71227,0.71227,0.71227,0.71227,0.71227,0.71227,0.71227,0.71227,0.71227,0.71227,0.71227,0.71227,0.71227,0.71227,0.71227,0.71227,0.71227,0.71227,0.71227,0.71227,0.71227
1277,0.71149,0.71149,0.71149,0.71149,0.71149,0.71149,0.71149,0.71149,0.71149,0.71149,0.71149,0.71149,0.71149,0.71149,0.71149,0.71149,0.71149,0.71149,0.71149,0.71149,0.71149,0.71149,0.71149,0.71149,0.71149,0.71149,0.71149,0.71149,0.71149
1278,0.71064,0.71064,0.71064,0.71064,0.71064,0.71064,0.71064,0.71064,0.71064,0.71064,0.71064,0.71064,0.71064,0.71064,0.71064,0.71064,0.71064,0.71064,0.71064,0.71064,0.71064,0.71064,0.71064,0.71064,0.71064,0.71064,0.71064,0.71064,0.71064
1279,0.70971,0.70971,0.70971,0.70971,0.70971,0.70971,0.70971,0.70971,0.70971,0.70971,0.70971,0.70971,0.70971,0.70971,0.70971,0.70971,0.70971,0.70971,0.70971,0.70971,0.70971,0.70971,0.70971,0.70971,0.70971,0.70971,0.70971,0.70971,0.70971
1280,0.70870,0.70870,0.70870,0.70870,0.70870,0.70870,0.70870,0.70870,0.70870,0.70870,0.70870,0.70870,0.70870,0.70870,0.70870,0.70870,0.70870,0.70870,0.70870,0.70870,0.70870,0.70870,0.70870,0.70870,0.70870,0.70870,0.70870,0.70870,0.70870
1281,0.70761,0.70761,0.70761,0.70761,0.70761,0.70761,0.70761,0.70761,0.70761,0.70761,0.70761,0.70761,0.70761,0.70761,0.70761,0.70761,0.70761,0.70761,0.70761,0.70761,0.70761,0.70761,0.70761,0.70761,0.70761,0.70761,0.70761,0.70761,0.70761
1282,0.70645,0.70645,0.70645,0.70645,0.70645,0.70645,0.70645,0.70645,0.70645,0.70645,0.70645,0.70645,0.70645,0.70645,0.70645,0.70645,0.70645,0.70645,0.70645,0.70645,0.70645,0.70645,0.70645,0.70645,0.70645,0.70645,0.70645,0.70645,0.70645
1283,0.70521,0.70521,0.70521,0.70521,0.70521,0.70521,0.70521,0.70521,0.70521,0.70521,0.70521,0.70521,0.70521,0.70521,0.70521,0.70521,0.70521,0.70521,0.70521,0.70521,0.70521,0.70521,0.70521,0.70521,0.70521,0.70521,0.70521,0.70521,0.70521
1284,0.70391,0.70391,0.70391,0.70391,0.70391,0.70391,0.70391,0.70391,0.70391,0.70391,0.70391,0.70391,0.70391,0.70391,0.70391,0.70391,0.70391,0.70391,0.70391,0.70391,0.70391,0.70391,0.70391,0.70391,0.70391,0.70391,0.70391,0.70391,0.70391
1285,0.70252,0.70252,0.70252,0.70252,0.70252,0.70252,0.70252,0.70252,0.70252,0.70252,0.70252,0.70252,0.70252,0.70252,0.70252,0.70252,0.70252,0.70252,0.70252,0.70252,0.70252,0.70252,0.70252,0.70252,0.70252,0.70252,0.70252,0.70252,0.70252
1286,0.70107,0.70107,0.70107,0.70107,0.70107,0.70107,0.70107,0.70107,0.70107,0.70107,0.70107,0.70107,0.70107,0.70107,0.70107,0.70107,0.70107,0.70107,0.70107,0.70107,0.70107,0.70107,0.70107,0.70107,0.70107,0.70107,0.70107,0.70107,0.70107
1287,0.69955,0.69955,0.69955,0.69955,0.69955,0.69955,0.69955,0.69955,0.69955,0.69955,0.69955,0.69955,0.69955,0.69955,0.69955,0.69955,0.69955,0.69955,0.69955,0.69955,0.69955,0.69955,0.69955,0.69955,0.69955,0.69955,0.69955,0.69955,0.69955
1288,0.69797,0.69797,0.69797,0.69797,0.69797,0.69797,0.69797,0.69797,0.69797,0.69797,0.69797,0.69797,0.69797,0.69797,0.69797,0.69797,0.69797,0.69797,0.69797,0.69797,0.69797,0.69797,0.69797,0.69797,0.69797,0.69797,0.69797,0.69797,0.69797
1289,0.69631,0.69631,0.69631,0.69631,0.69631,0.69631,0.69631,0.69631,0.69631,0.69631,0.69631,0.69631,0.69631,0.69631,0.69631,0.69631,0.69631,0.69631,0.69631,0.69631,0.69631,0.69631,0.69631,0.69631,0.69631,0.69631,0.69631,0.69631,0.69631
1290,0.69460,0.69460,0.69460,0.69460,0.69460,0.69460,0.69460,0.69460,0.69460,0.69460,0.69460,0.69460,0.69460,0.69460,0.69460,0.69460,0.69460,0.69460,0.69460,0.69460,0.69460,0.69460,0.69460,0.69460,0.69460,0.69460,0.69460,0.69460,0.69460
1291,0.69282,0.69282,0.69282,0.69282,0.69282,0.69282,0.69282,0.69282,0.69282,0.69282,0.69282,0.69282,0.69282,0.69282,0.69282,0.69282,0.69282,0.69282,0.69282,0.69282,0.69282,0.69282,0.69282,0.69282,0.69282,0.69282,0.69282,0.69282,0.69282
1292,0.69098,0.69098,0.69098,0.69098,0.69098,0.69098,0.69098,0.69098,0.69098,0.69098,0.69098,0.69098,0.69098,0.69098,0.69098,0.69098,0.69098,0.69098,0.69098,0.69098,0.69098,0.69098,0.69098,0.69098,0.69098,0.69098,0.69098,0.69098,0.69098
1293,0.68908,0.68908,0.68908,0.68908,0.68908,0.68908,0.68908,0.68908,0.68908,0.68908,0.68908,0.68908,0.68908,0.68908,0.68908,0.68908,0.68908,0.68908,0.68908,0.68908,0.68908,0.68908,0.68908,0.68908,0.68908,0.68908,0.68908,0.68908,0.68908
1294,0.68712,0.68712,0.68712,0.68712,0.68712,0.68712,0.68712,0.68712,0.68712,0.68712,0.68712,0.68712,0.68712,0.68712,0.68712,0.68712,0.68712,0.68712,0.68712,0.68712,0.68712,0.68712,0.68712,0.68712,0.68712,0.68712,0.68712,0.68712,0.68712
1295,0.68511,0.68511,0.68511,0.68511,0.68511,0.68511,0.68511,0.68511,0.68511,0.68511,0.68511,0.68511,0.68511,0.68511,0.68511,0.68511,0.68511,0.68511,0.68511,0.68511,0.68511,0.68511,0.68511,0.68511,0.68511,0.68511,0.68511,0.68511,0.68511
1296,0.68304,0.68304,0.68304,0.68304,0.68304,0.68304,0.68304,0.68304,0.68304,0.68304,0.68304,0.68304,0.68304,0.68304,0.68304,0.68304,0.68304,0.68304,0.68304,0.68304,0.68304,0.68304,0.68304,0.68304,0.68304,0.68304,0.68304,0.68304,0.68304
1297,0.68093,0.68093,0.68093,0.68093,0.68093,0.68093,0.68093,0.68093,0.68093,0.68093,0.68093,0.68093,0.68093,0.68093,0.68093,0.68093,0.68093,0.68093,0.68093,0.68093,0.68093,0.68093,0.68093,0.68093,0.68093,0.68093,0.68093,0.68093,0.68093
1298,0.67876,0.67876,0.67876,0.67876,0.67876,0.67876,0.67876,0.67876,0.67876,0.67876,0.67876,0.67876,0.67876,0.67876,0.67876,0.67876,0.67876,0.67876,0.67876,0.67876,0.67876,0.67876,0.67876,0.67876,0.67876,0.67876,0.67876,0.67876,0.67876
1299,0.67654,0.67654,0.67654,0.67654,0.67654,0.67654,0.67654,0.67654,0.67654,0.67654,0.67654,0.67654,0.67654,0.67654,0.67654,0.67654,0.67654,0.67654,0.67654,0.67654,0.67654,0.67654,0.67654,0.67654,0.67654,0.67654,0.67654,0.67654,0.67654
1300,0.67427,0.67427,0.67427,0.67427,0.67427,0.67427,0.67427,0.67427,0.67427,0.67427,0.67427,0.67427,0.67427,0.67427,0.67427,0.67427,0.67427,0.67427,0.67427,0.67427,0.67427,0.67427,0.67427,0.67427,0.67427,0.67427,0.67427,0.67427,0.67427
1301,0.67196,0.67196,0.67196,0.67196,0.67196,0.67196,0.67196,0.67196,0.67196,0.67196,0.67196,0.67196,0.67196,0.67196,0.67196,0.67196,0.67196,0.67196,0.67196,0.67196,0.67196,0.67196,0.67196,0.67196,0.67196,0.67196,0.67196,0.67196,0.67196
1302,0.66960,0.66960,0.66960,0.66960,0.66960,0.66960,0.66960,0.66960,0.66960,0.66960,0.66960,0.66960,0.66960,0.66960,0.66960,0.66960,0.66960,0.66960,0.66960,0.66960,0.66960,0.66960,0.66960,0.66960,0.66960,0.66960,0.66960,0.66960,0.66960
1303,0.66720,0.66720,0.66720,0.66720,0.66720,0.66720,0.66720,0.66720,0.66720,0.66720,0.66720,0.66720,0.66720,0.66720,0.66720,0.66720,0.66720,0.66720,0.66720,0.66720,0.66720,0.66720,0.66720,0.66720,0.66720,0.66720,0.66720,0.66720,0.66720
1304,0.66476,0.66476,0.66476,0.66476,0.66476,0.66476,0.66476,0.66476,0.66476,0.66476,0.66476,0.66476,0.66476,0.66476,0.66476,0.66476,0.66476,0.66476,0.66476,0.66476,0.66476,0.66476,0.66476,0.66476,0.66476,0.66476,0.66476,0.66476,0.66476
1305,0.66227,0.66227,0.66227,0.66227,0.66227,0.66227,0.66227,0.66227,0.66227,0.66227,0.66227,0.66227,0.66227,0.66227,0.66227,0.66227,0.66227,0.66227,0.66227,0.66227,0.66227,0.66227,0.66227,0.66227,0.66227,0.66227,0.66227,0.66227,0.66227
1306,0.65975,0.65975,0.65975,0.65975,0.65975,0.65975,0.65975,0.65975,0.65975,0.65975,0.65975,0.65975,0.65975,0.65975,0.65975,0.65975,0.65975,0.65975,0.65975,0.65975,0.65975,0.65975,0.65975,0.65975,0.65975,0.65975,0.65975,0.65975,0.65975
1307,0.65720,0.65720,0.65720,0.65720,0.65720,0.65720,0.65720,0.65720,0.65720,0.65720,0.65720,0.65720,0.65720,0.65720,0.65720,0.65720,0.65720,0.65720,0.65720,0.65720,0.65720,0.65720,0.65720,0.65720,0.65720,0.65720,0.65720,0.65720,0.65720
1308,0.65460,0.65460,0.65460,0.65460,0.65460,0.65460,0.65460,0.65460,0.65460,0.65460,0.65460,0.65460,0.65460,0.65460,0.65460,0.65460,0.65460,0.65460,0.65460,0.65460,0.65460,0.65460,0.65460,0.65460,0.65460,0.65460,0.65460,0.65460,0.65460
1309,0.65198,0.65198,0.65198,0.65198,0.65198,0.65198,0.65198,0.65198,0.65198,0.65198,0.65198,0.65198,0.65198,0.65198,0.65198,0.65198,0.65198,0.65198,0.65198,0.65198,0.65198,0.65198,0.65198,0.65198,0.65198,0.65198,0.65198,0.65198,0.65198
1310,0.64931,0.64931,0.64931,0.64931,0.64931,0.64931,0.64931,0.64931,0.64931,0.64931,0.64931,0.64931,0.64931,0.64931,0.64931,0.64931,0.64931,0.64931,0.64931,0.64931,0.64931,0.64931,0.64931,0.64931,0.64931,0.64931,0.64931,0.64931,0.64931
1311,0.64662,0.64662,0.64662,0.64662,0.64662,0.64662,0.64662,0.64662,0.64662,0.64662,0.64662,0.64662,0.64662,0.64662,0.64662,0.64662,0.64662,0.64662,0.64662,0.64662,0.64662,0.64662,0.64662,0.64662,0.64662,0.64662,0.64662,0.64662,0.64662
1312,0.64390,0.64390,0.64390,0.64390,0.64390,0.64390,0.64390,0.64390,0.64390,0.64390,0.64390,0.64390,0.64390,0.64390,0.64390,0.64390,0.64390,0.64390,0.64390,0.64390,0.64390,0.64390,0.64390,0.64390,0.64390,0.64390,0.64390,0.64390,0.64390
1313,0.64115,0.64115,0.64115,0.64115,0.64115,0.64115,0.64115,0.64115,0.64115,0.64115,0.64115,0.64115,0.64115,0.64115,0.64115,0.64115,0.64115,0.64115,0.64115,0.64115,0.64115,0.64115,0.64115,0.64115,0.64115,0.64115,0.64115,0.64115,0.64115
1314,0.63837,0.63837,0.63837,0.63837,0.63837,0.63837,0.63837,0.63837,0.63837,0.63837,0.63837,0.63837,0.63837,0.63837,0.63837,0.63837,0.63837,0.63837,0.63837,0.63837,0.63837,0.63837,0.63837,0.63837,0.63837,0.63837,0.63837,0.63837,0.63837
1315,0.63557,0.63557,0.63557,0.63557,0.63557,0.63557,0.63557,0.63557,0.63557,0.63557,0.63557,0.63557,0.63557,0.63557,0.63557,0.63557,0.63557,0.63557,0.63557,0.63557,0.63557,0.63557,0.63557,0.63557,0.63557,0.63557,0.63557,0.63557,0.63557
1316,0.63274,0.63274,0.63274,0.63274,0.63274,0.63274,0.63274,0.63274,0.63274,0.63274,0.63274,0.63274,0.63274,0.63274,0.63274,0.63274,0.63274,0.63274,0.63274,0.63274,0.63274,0.63274,0.63274,0.63274,0.63274,0.63274,0.63274,0.63274,0.63274
1317,0.62988,0.62988,0.62988,0.62988,0.62988,0.62988,0.62988,0.62988,0.62988,0.62988,0.62988,0.62988,0.62988,0.62988,0.62988,0.62988,0.62988,0.62988,0.62988,0.62988,0.62988,0.62988,0.62988,0.62988,0.62988,0.62988,0.62988,0.62988,0.62988
1318,0.62700,0.62700,0.62700,0.62700,0.62700,0.62700,0.62700,0.62700,0.62700,0.62700,0.62700,0.62700,0.62700,0.62700,0.62700,0.62700,0.62700,0.62700,0.62700,0.62700,0.62700,0.62700,0.62700,0.62700,0.62700,0.62700,0.62700,0.62700,0.62700
1319,0.62410,0.62410,0.62410,0.62410,0.62410,0.62410,0.62410,0.62410,0.62410,0.62410,0.62410,0.62410,0.62410,0.62410,0.62410,0.62410,0.62410,0.62410,0.62410,0.62410,0.62410,0.62410,0.62410,0.62410,0.62410,0.62410,0.62410,0.62410,0.62410
1320,0.62118,0.62118,0.62118,0.62118,0.62118,0.62118,0.62118,0.62118,0.62118,0.62118,0.62118,0.62118,0.62118,0.62118,0.62118,0.62118,0.62118,0.62118,0.62118,0.62118,0.62118,0.62118,0.62118,0.62118,0.62118,0.62118,0.62118,0.62118,0.62118
1321,0.61824,0.61824,0.61824,0.61824,0.61824,0.61824,0.61824,0.61824,0.61824,0.61824,0.61824,0.61824,0.61824,0.61824,0.61824,0.61824,0.61824,0.61824,0.61824,0.61824,0.61824,0.61824,0.61824,0.61824,0.61824,0.61824,0.61824,0.61824,0.61824
1322,0.61528,0.61528,0.61528,0.61528,0.61528,0.61528,0.61528,0.61528,0.61528,0.61528,0.61528,0.61528,0.61528,0.61528,0.61528,0.61528,0.61528,0.61528,0.61528,0.61528,0.61528,0.61528,0.61528,0.61528,0.61528,0.61528,0.61528,0.61528,0.61528
1323,0.61230,0.61230,0.61230,0.61230,0.61230,0.61230,0.61230,0.61230,0.61230,0.61230,0.61230,0.61230,0.61230,0.61230,0.61230,0.61230,0.61230,0.61230,0.61230,0.61230,0.61230,0.61230,0.61230,0.61230,0.61230,0.61230,0.61230,0.61230,0.61230
1324,0.60930,0.60930,0.60930,0.60930,0.60930,0.60930,0.60930,0.60930,0.60930,0.60930,0.60930,0.60930,0.60930,0.60930,0.60930,0.60930,0.60930,0.60930,0.60930,0.60930,0.60930,0.60930,0.60930,0.60930,0.60930,0.60930,0.60930,0.60930,0.60930
1325,0.60629,0.60629,0.60629,0.60629,0.60629,0.60629,0.60629,0.60629,0.60629,0.60629,0.60629,0.60629,0.60629,0.60629,0.60629,0.60629,0.60629,0.60629,0.60629,0.60629,0.60629,0.60629,0.60629,0.60629,0.60629,0.60629,0.60629,0.60629,0.60629
1326,0.60326,0.60326,0.60326,0.60326,0.60326,0.60326,0.60326,0.60326,0.60326,0.60326,0.60326,0.60326,0.60326,0.60326,0.60326,0.60326,0.60326,0.60326,0.60326,0.60326,0.60326,0.60326,0.60326,0.60326,0.60326,0.60326,0.60326,0.60326,0.60326
1327,0.60021,0.60021,0.60021,0.60021,0.60021,0.60021,0.60021,0.60021,0.60021,0.60021,0.60021,0.60021,0.60021,0.60021,0.60021,0.60021,0.60021,0.60021,0.60021,0.60021,0.60021,0.60021,0.60021,0.60021,0.60021,0.60021,0.60021,0.60021,0.60021
1328,0.59715,0.59715,0.59715,0.59715,0.59715,0.59715,0.59715,0.59715,0.59715,0.59715,0.59715,0.59715,0.59715,0.59715,0.59715,0.59715,0.59715,0.59715,0.59715,0.59715,0.59715,0.59715,0.59715,0.59715,0.59715,0.59715,0.59715,0.59715,0.59715
1329,0.59408,0.59408,0.59408,0.59408,0.59408,0.59408,0.59408,0.59408,0.59408,0.59408,0.59408,0.59408,0.59408,0.59408,0.59408,0.59408,0.59408,0.59408,0.59408,0.59408,0.59408,0.59408,0.59408,0.59408,0.59408,0.59408,0.59408,0.59408,0.59408
1330,0.59100,0.59100,0.59100,0.59100,0.59100,0.59100,0.59100,0.59100,0.59100,0.59100,0.59100,0.59100,0.59100,0.59100,0.59100,0.59100,0.59100,0.59100,0.59100,0.59100,0.59100,0.59100,0.59100,0.59100,0.59100,0.59100,0.59100,0.59100,0.59100
1331,0.58790,0.58790,0.58790,0.58790,0.58790,0.58790,0.58790,0.58790,0.58790,0.58790,0.58790,0.58790,0.58790,0.58790,0.58790,0.58790,0.58790,0.58790,0.58790,0.58790,0.58790,0.58790,0.58790,0.58790,0.58790,0.58790,0.58790,0.58790,0.58790
1332,0.58479,0.58479,0.58479,0.58479,0.58479,0.58479,0.58479,0.58479,0.58479,0.58479,0.58479,0.58479,0.58479,0.58479,0.58479,0.58479,0.58479,0.58479,0.58479,0.58479,0.58479,0.58479,0.58479,0.58479,0.58479,0.58479,0.58479,0.58479,0.58479
1333,0.58167,0.58167,0.58167,0.58167,0.58167,0.58167,0.58167,0.58167,0.58167,0.58167,0.58167,0.58167,0.58167,0.58167,0.58167,0.58167,0.58167,0.58167,0.58167,0.58167,0.58167,0.58167,0.58167,0.58167,0.58167,0.58167,0.58167,0.58167,0.58167
1334,0.57854,0.57854,0.57854,0.57854,0.57854,0.57854,0.57854,0.57854,0.57854,0.57854,0.57854,0.57854,0.57854,0.57854,0.57854,0.57854,0.57854,0.57854,0.57854,0.57854,0.57854,0.57854,0.57854,0.57854,0.57854,0.57854,0.57854,0.57854,0.57854
1335,0.57540,0.57540,0.57540,0.57540,0.57540,0.57540,0.57540,0.57540,0.57540,0.57540,0.57540,0.57540,0.57540,0.57540,0.57540,0.57540,0.57540,0.57540,0.57540,0.57540,0.57540,0.57540,0.57540,0.57540,0.57540,0.57540,0.57540,0.57540,0.57540
1336,0.57225,0.57225,0.57225,0.57225,0.57225,0.57225,0.57225,0.57225,0.57225,0.57225,0.57225,0.57225,0.57225,0.57225,0.57225,0.57225,0.57225,0.57225,0.57225,0.57225,0.57225,0.57225,0.57225,0.57225,0.57225,0.57225,0.57225,0.57225,0.57225
1337,0.56910,0.56910,0.56910,0.56910,0.56910,0.56910,0.56910,0.56910,0.56910,0.56910,0.56910,0.56910,0.56910,0.56910,0.56910,0.56910,0.56910,0.56910,0.56910,0.56910,0.56910,0.56910,0.56910,0.56910,0.56910,0.56910,0.56910,0.56910,0.56910
1338,0.56593,0.56593,0.56593,0.56593,0.56593,0.56593,0.56593,0.56593,0.56593,0.56593,0.56593,0.56593,0.56593,0.56593,0.56593,0.56593,0.56593,0.56593,0.56593,0.56593,0.56593,0.56593,0.56593,0.56593,0.56593,0.56593,0.56593,0.56593,0.56593
1339,0.56276,0.56276,0.56276,0.56276,0.56276,0.56276,0.56276,0.56276,0.56276,0.56276,0.56276,0.56276,0.56276,0.56276,0.56276,0.56276,0.56276,0.56276,0.56276,0.56276,0.56276,0.56276,0.56276,0.56276,0.56276,0.56276,0.56276,0.56276,0.56276
1340,0.55958,0.55958,0.55958,0.55958,0.55958,0.55958,0.55958,0.55958,0.55958,0.55958,0.55958,0.55958,0.55958,0.55958,0.55958,0.55958,0.55958,0.55958,0.55958,0.55958,0.55958,0.55958,0.55958,0.55958,0.55958,0.55958,0.55958,0.55958,0.55958
1341,0.55640,0.55640,0.55640,0.55640,0.55640,0.55640,0.55640,0.55640,0.55640,0.55640,0.55640,0.55640,0.55640,0.55640,0.55640,0.55640,0.55640,0.55640,0.55640,0.55640,0.55640,0.55640,0.55640,0.55640,0.55640,0.55640,0.55640,0.55640,0.55640
1342,0.55320,0.55320,0.55320,0.55320,0.55320,0.55320,0.55320,0.55320,0.55320,0.55320,0.55320,0.55320,0.55320,0.55320,0.55320,0.55320,0.55320,0.55320,0.55320,0.55320,0.55320,0.55320,0.55320,0.55320,0.55320,0.55320,0.55320,0.55320,0.55320
1343,0.55001,0.55001,0.55001,0.55001,0.55001,0.55001,0.55001,0.55001,0.55001,0.55001,0.55001,0.55001,0.55001,0.55001,0.55001,0.55001,0.55001,0.55001,0.55001,0.55001,0.55001,0.55001,0.55001,0.55001,0.55001,0.55001,0.55001,0.55001,0.55001
1344,0.54680,0.54680,0.54680,0.54680,0.54680,0.54680,0.54680,0.54680,0.54680,0.54680,0.54680,0.54680,0.54680,0.54680,0.54680,0.54680,0.54680,0.54680,0.54680,0.54680,0.54680,0.54680,0.54680,0.54680,0.54680,0.54680,0.54680,0.54680,0.54680
1345,0.54360,0.54360,0.54360,0.54360,0.54360,0.54360,0.54360,0.54360,0.54360,0.54360,0.54360,0.54360,0.54360,0.54360,0.54360,0.54360,0.54360,0.54360,0.54360,0.54360,0.54360,0.54360,0.54360,0.54360,0.54360,0.54360,0.54360,0.54360,0.54360
1346,0.54038,0.54038,0.54038,0.54038,0.54038,0.54038,0.54038,0.54038,0.54038,0.54038,0.54038,0.54038,0.54038,0.54038,0.54038,0.54038,0.54038,0.54038,0.54038,0.54038,0.54038,0.54038,0.54038,0.54038,0.54038,0.54038,0.54038,0.54038,0.54038
1347,0.53717,0.53717,0.53717,0.53717,0.53717,0.53717,0.53717,0.53717,0.53717,0.53717,0.53717,0.53717,0.53717,0.53717,0.53717,0.53717,0.53717,0.53717,0.53717,0.53717,0.53717,0.53717,0.53717,0.53717,0.53717,0.53717,0.53717,0.53717,0.53717
1348,0.53395,0.53395,0.53395,0.53395,0.53395,0.53395,0.53395,0.53395,0.53395,0.53395,0.53395,0.53395,0.53395,0.53395,0.53395,0.53395,0.53395,0.53395,0.53395,0.53395,0.53395,0.53395,0.53395,0.53395,0.53395,0.53395,0.53395,0.53395,0.53395
1349,0.53072,0.53072,0.53072,0.53072,0.53072,0.53072,0.53072,0.53072,0.53072,0.53072,0.53072,0.53072,0.53072,0.53072,0.53072,0.53072,0.53072,0.53072,0.53072,0.53072,0.53072,0.53072,0.53072,0.53072,0.53072,0.53072,0.53072,0.53072,0.53072
1350,0.52750,0.52750,0.52750,0.52750,0.52750,0.52750,0.52750,0.52750,0.52750,0.52750,0.52750,0.52750,0.52750,0.52750,0.52750,0.52750,0.52750,0.52750,0.52750,0.52750,0.52750,0.52750,0.52750,0.52750,0.52750,0.52750,0.52750,0.52750,0.52750
1351,0.52427,0.52427,0.52427,0.52427,0.52427,0.52427,0.52427,0.52427,0.52427,0.52427,0.52427,0.52427,0.52427,0.52427,0.52427,0.52427,0.52427,0.52427,0.52427,0.52427,0.52427,0.52427,0.52427,0.52427,0.52427,0.52427,0.52427,0.52427,0.52427
1352,0.52104,0.52104,0.52104,0.52104,0.52104,0.52104,0.52104,0.52104,0.52104,0.52104,0.52104,0.52104,0.52104,0.52104,0.52104,0.52104,0.52104,0.52104,0.52104,0.52104,0.52104,0.52104,0.52104,0.52104,0.52104,0.52104,0.52104,0.52104,0.52104
1353,0.51780,0.51780,0.51780,0.51780,0.51780,0.51780,0.51780,0.51780,0.51780,0.51780,0.51780,0.51780,0.51780,0.51780,0.51780,0.51780,0.51780,0.51780,0.51780,0.51780,0.51780,0.51780,0.51780,0.51780,0.51780,0.51780,0.51780,0.51780,0.51780
1354,0.51457,0.51457,0.51457,0.51457,0.51457,0.51457,0.51457,0.51457,0.51457,0.51457,0.51457,0.51457,0.51457,0.51457,0.51457,0.51457,0.51457,0.51457,0.51457,0.51457,0.51457,0.51457,0.51457,0.51457,0.51457,0.51457,0.51457,0.51457,0.51457
1355,0.51133,0.51133,0.51133,0.51133,0.51133,0.51133,0.51133,0.51133,0.51133,0.51133,0.51133,0.51133,0.51133,0.51133,0.51133,0.51133,0.51133,0.51133,0.51133,0.51133,0.51133,0.51133,0.51133,0.51133,0.51133,0.51133,0.51133,0.51133,0.51133
1356,0.50810,0.50810,0.50810,0.50810,0.50810,0.50810,0.50810,0.50810,0.50810,0.50810,0.50810,0.50810,0.50810,0.50810,0.50810,0.50810,0.50810,0.50810,0.50810,0.50810,0.50810,0.50810,0.50810,0.50810,0.50810,0.50810,0.50810,0.50810,0.50810
1357,0.50486,0.50486,0.50486,0.50486,0.50486,0.50486,0.50486,0.50486,0.50486,0.50486,0.50486,0.50486,0.50486,0.50486,0.50486,0.50486,0.50486,0.50486,0.50486,0.50486,0.50486,0.50486,0.50486,0.50486,0.50486,0.50486,0.50486,0.50486,0.50486
1358,0.50162,0.50162,0.50162,0.50162,0.50162,0.50162,0.50162,0.50162,0.50162,0.50162,0.50162,0.50162,0.50162,0.50162,0.50162,0.50162,0.50162,0.50162,0.50162,0.50162,0.50162,0.50162,0.50162,0.50162,0.50162,0.50162,0.50162,0.50162,0.50162
1359,0.49838,0.49838,0.49838,0.49838,0.49838,0.49838,0.49838,0.49838,0.49838,0.49838,0.49838,0.49838,0.49838,0.49838,0.49838,0.49838,0.49838,0.49838,0.49838,0.49838,0.49838,0.49838,0.49838,0.49838,0.49838,0.49838,0.49838,0.49838,0.49838
1360,0.49514,0.49514,0.49514,0.49514,0.49514,0.49514,0.49514,0.49514,0.49514,0.49514,0.49514,0.49514,0.49514,0.49514,0.49514,0.49514,0.49514,0.49514,0.49514,0.49514,0.49514,0.49514,0.49514,0.49514,0.49514,0.49514,0.49514,0.49514,0.49514
1361,0.49190,0.49190,0.49190,0.49190,0.49190,0.49190,0.49190,0.49190,0.49190,0.49190,0.49190,0.49190,0.49190,0.49190,0.49190,0.49190,0.49190,0.49190,0.49190,0.49190,0.49190,0.49190,0.49190,0.49190,0.49190,0.49190,0.49190,0.49190,0.49190
1362,0.48867,0.48867,0.48867,0.48867,0.48867,0.48867,0.48867,0.48867,0.48867,0.48867,0.48867,0.48867,0.48867,0.48867,0.48867,0.48867,0.48867,0.48867,0.48867,0.48867,0.48867,0.48867,0.48867,0.48867,0.48867,0.48867,0.48867,0.48867,0.48867
1363,0.48543,0.48543,0.48543,0.48543,0.48543,0.48543,0.48543,0.48543,0.48543,0.48543,0.48543,0.48543,0.48543,0.48543,0.48543,0.48543,0.48543,0.48543,0.48543,0.48543,0.48543,0.48543,0.48543,0.48543,0.48543,0.48543,0.48543,0.48543,0.48543
1364,0.48220,0.48220,0.48220,0.48220,0.48220,0.48220,0.48220,0.48220,0.48220,0.48220,0.48220,0.48220,0.48220,0.48220,0.48220,0.48220,0.48220,0.48220,0.48220,0.48220,0.48220,0.48220,0.48220,0.48220,0.48220,0.48220,0.48220,0.48220,0.48220
1365,0.47896,0.47896,0.47896,0.47896,0.47896,0.47896,0.47896,0.47896,0.47896,0.47896,0.47896,0.47896,0.47896,0.47896,0.47896,0.47896,0.47896,0.47896,0.47896,0.47896,0.47896,0.47896,0.47896,0.47896,0.47896,0.47896,0.47896,0.47896,0.47896
1366,0.47573,0.47573,0.47573,0.47573,0.47573,0.47573,0.47573,0.47573,0.47573,0.47573,0.47573,0.47573,0.47573,0.47573,0.47573,0.47573,0.47573,0.47573,0.47573,0.47573,0.47573,0.47573,0.47573,0.47573,0.47573,0.47573,0.47573,0.47573,0.47573
1367,0.47250,0.47250,0.47250,0.47250,0.47250,0.47250,0.47250,0.47250,0.47250,0.47250,0.47250,0.47250,0.47250,0.47250,0.47250,0.47250,0.47250,0.47250,0.47250,0.47250,0.47250,0.47250,0.47250,0.47250,0.47250,0.47250,0.47250,0.47250,0.47250
1368,0.46928,0.46928,0.46928,0.46928,0.46928,0.46928,0.46928,0.46928,0.46928,0.46928,0.46928,0.46928,0.46928,0.46928,0.46928,0.46928,0.46928,0.46928,0.46928,0.46928,0.46928,0.46928,0.46928,0.46928,0.46928,0.46928,0.46928,0.46928,0.46928
1369,0.46605,0.46605,0.46605,0.46605,0.46605,0.46605,0.46605,0.46605,0.46605,0.46605,0.46605,0.46605,0.46605,0.46605,0.46605,0.46605,0.46605,0.46605,0.46605,0.46605,0.46605,0.46605,0.46605,0.46605,0.46605,0.46605,0.46605,0.46605,0.46605
1370,0.46283,0.46283,0.46283,0.46283,0.46283,0.46283,0.46283,0.46283,0.46283,0.46283,0.46283,0.46283,0.46283,0.46283,0.46283,0.46283,0.46283,0.46283,0.46283,0.46283,0.46283,0.46283,0.46283,0.46283,0.46283,0.46283,0.46283,0.46283,0.46283
1371,0.45962,0.45962,0.45962,0.45962,0.45962,0.45962,0.45962,0.45962,0.45962,0.45962,0.45962,0.45962,0.45962,0.45962,0.45962,0.45962,0.45962,0.45962,0.45962,0.45962,0.45962,0.45962,0.45962,0.45962,0.45962,0.45962,0.45962,0.45962,0.45962
1372,0.45640,0.45640,0.45640,0.45640,0.45640,0.45640,0.45640,0.45640,0.45640,0.45640,0.45640,0.45640,0.45640,0.45640,0.45640,0.45640,0.45640,0.45640,0.45640,0.45640,0.45640,0.45640,0.45640,0.45640,0.45640,0.45640,0.45640,0.45640,0.45640
1373,0.45320,0.45320,0.45320,0.45320,0.45320,0.45320,0.45320,0.45320,0.45320,0.45320,0.45320,0.45320,0.45320,0.45320,0.45320,0.45320,0.45320,0.45320,0.45320,0.45320,0.45320,0.45320,0.45320,0.45320,0.45320,0.45320,0.45320,0.45320,0.45320
1374,0.44999,0.44999,0.44999,0.44999,0.44999,0.44999,0.44999,0.44999,0.44999,0.44999,0.44999,0.44999,0.44999,0.44999,0.44999,0.44999,0.44999,0.44999,0.44999,0.44999,0.44999,0.44999,0.44999,0.44999,0.44999,0.44999,0.44999,0.44999,0.44999
1375,0.44680,0.44680,0.44680,0.44680,0.44680,0.44680,0.44680,0.44680,0.44680,0.44680,0.44680,0.44680,0.44680,0.44680,0.44680,0.44680,0.44680,0.44680,0.44680,0.44680,0.44680,0.44680,0.44680,0.44680,0.44680,0.44680,0.44680,0.44680,0.44680
1376,0.44360,0.44360,0.44360,0.44360,0.44360,0.44360,0.44360,0.44360,0.44360,0.44360,0.44360,0.44360,0.44360,0.44360,0.44360,0.44360,0.44360,0.44360,0.44360,0.44360,0.44360,0.44360,0.44360,0.44360,0.44360,0.44360,0.44360,0.44360,0.44360
1377,0.44042,0.44042,0.44042,0.44042,0.44042,0.44042,0.44042,0.44042,0.44042,0.44042,0.44042,0.44042,0.44042,0.44042,0.44042,0.44042,0.44042,0.44042,0.44042,0.44042,0.44042,0.44042,0.44042,0.44042,0.44042,0.44042,0.44042,0.44042,0.44042
1378,0.43724,0.43724,0.43724,0.43724,0.43724,0.43724,0.43724,0.43724,0.43724,0.43724,0.43724,0.43724,0.43724,0.43724,0.43724,0.43724,0.43724,0.43724,0.43724,0.43724,0.43724,0.43724,0.43724,0.43724,0.43724,0.43724,0.43724,0.43724,0.43724
1379,0.43407,0.43407,0.43407,0.43407,0.43407,0.43407,0.43407,0.43407,0.43407,0.43407,0.43407,0.43407,0.43407,0.43407,0.43407,0.43407,0.43407,0.43407,0.43407,0.43407,0.43407,0.43407,0.43407,0.43407,0.43407,0.43407,0.43407,0.43407,0.43407
1380,0.43090,0.43090,0.43090,0.43090,0.43090,0.43090,0.43090,0.43090,0.43090,0.43090,0.43090,0.43090,0.43090,0.43090,0.43090,0.43090,0.43090,0.43090,0.43090,0.43090,0.43090,0.43090,0.43090,0.43090,0.43090,0.43090,0.43090,0.43090,0.43090
1381,0.42775,0.42775,0.42775,0.42775,0.42775,0.42775,0.42775,0.42775,0.42775,0.42775,0.42775,0.42775,0.42775,0.42775,0.42775,0.42775,0.42775,0.42775,0.42775,0.42775,0.42775,0.42775,0.42775,0.42775,0.42775,0.42775,0.42775,0.42775,0.42775
1382,0.42460,0.42460,0.42460,0.42460,0.42460,0.42460,0.42460,0.42460,0.42460,0.42460,0.42460,0.42460,0.42460,0.42460,0.42460,0.42460,0.42460,0.42460,0.42460,0.42460,0.42460,0.42460,0.42460,0.42460,0.42460,0.42460,0.42460,0.42460,0.42460
1383,0.42146,0.42146,0.42146,0.42146,0.42146,0.42146,0.42146,0.42146,0.42146,0.42146,0.42146,0.42146,0.42146,0.42146,0.42146,0.42146,0.42146,0.42146,0.42146,0.42146,0.42146,0.42146,0.42146,0.42146,0.42146,0.42146,0.42146,0.42146,0.42146
1384,0.41833,0.41833,0.41833,0.41833,0.41833,0.41833,0.41833,0.41833,0.41833,0.41833,0.41833,0.41833,0.41833,0.41833,0.41833,0.41833,0.41833,0.41833,0.41833,0.41833,0.41833,0.41833,0.41833,0.41833,0.41833,0.41833,0.41833,0.41833,0.41833
1385,0.41521,0.41521,0.41521,0.41521,0.41521,0.41521,0.41521,0.41521,0.41521,0.41521,0.41521,0.41521,0.41521,0.41521,0.41521,0.41521,0.41521,0.41521,0.41521,0.41521,0.41521,0.41521,0.41521,0.41521,0.41521,0.41521,0.41521,0.41521,0.41521
1386,0.41210,0.41210,0.41210,0.41210,0.41210,0.41210,0.41210,0.41210,0.41210,0.41210,0.41210,0.41210,0.41210,0.41210,0.41210,0.41210,0.41210,0.41210,0.41210,0.41210,0.41210,0.41210,0.41210,0.41210,0.41210,0.41210,0.41210,0.41210,0.41210
1387,0.40900,0.40900,0.40900,0.40900,0.40900,0.40900,0.40900,0.40900,0.40900,0.40900,0.40900,0.40900,0.40900,0.40900,0.40900,0.40900,0.40900,0.40900,0.40900,0.40900,0.40900,0.40900,0.40900,0.40900,0.40900,0.40900,0.40900,0.40900,0.40900
1388,0.40592,0.40592,0.40592,0.40592,0.40592,0.40592,0.40592,0.40592,0.40592,0.40592,0.40592,0.40592,0.40592,0.40592,0.40592,0.40592,0.40592,0.40592,0.40592,0.40592,0.40592,0.40592,0.40592,0.40592,0.40592,0.40592,0.40592,0.40592,0.40592
1389,0.40285,0.40285,0.40285,0.40285,0.40285,0.40285,0.40285,0.40285,0.40285,0.40285,0.40285,0.40285,0.40285,0.40285,0.40285,0.40285,0.40285,0.40285,0.40285,0.40285,0.40285,0.40285,0.40285,0.40285,0.40285,0.40285,0.40285,0.40285,0.40285
1390,0.39979,0.39979,0.39979,0.39979,0.39979,0.39979,0.39979,0.39979,0.39979,0.39979,0.39979,0.39979,0.39979,0.39979,0.39979,0.39979,0.39979,0.39979,0.39979,0.39979,0.39979,0.39979,0.39979,0.39979,0.39979,0.39979,0.39979,0.39979,0.39979
1391,0.39674,0.39674,0.39674,0.39674,0.39674,0.39674,0.39674,0.39674,0.39674,0.39674,0.39674,0.39674,0.39674,0.39674,0.39674,0.39674,0.39674,0.39674,0.39674,0.39674,0.39674,0.39674,0.39674,0.39674,0.39674,0.39674,0.39674,0.39674,0.39674
1392,0.39371,0.39371,0.39371,0.39371,0.39371,0.39371,0.39371,0.39371,0.39371,0.39371,0.39371,0.39371,0.39371,0.39371,0.39371,0.39371,0.39371,0.39371,0.39371,0.39371,0.39371,0.39371,0.39371,0.39371,0.39371,0.39371,0.39371,0.39371,0.39371
1393,0.39070,0.39070,0.39070,0.39070,0.39070,0.39070,0.39070,0.39070,0.39070,0.39070,0.39070,0.39070,0.39070,0.39070,0.39070,0.39070,0.39070,0.39070,0.39070,0.39070,0.39070,0.39070,0.39070,0.39070,0.39070,0.39070,0.39070,0.39070,0.39070
1394,0.38770,0.38770,0.38770,0.38770,0.38770,0.38770,0.38770,0.38770,0.38770,0.38770,0.38770,0.38770,0.38770,0.38770,0.38770,0.38770,0.38770,0.38770,0.38770,0.38770,0.38770,0.38770,0.38770,0.38770,0.38770,0.38770,0.38770,0.38770,0.38770
1395,0.38472,0.38472,0.38472,0.38472,0.38472,0.38472,0.38472,0.38472,0.38472,0.38472,0.38472,0.38472,0.38472,0.38472,0.38472,0.38472,0.38472,0.38472,0.38472,0.38472,0.38472,0.38472,0.38472,0.38472,0.38472,0.38472,0.38472,0.38472,0.38472
1396,0.38176,0.38176,0.38176,0.38176,0.38176,0.38176,0.38176,0.38176,0.38176,0.38176,0.38176,0.38176,0.38176,0.38176,0.38176,0.38176,0.38176,0.38176,0.38176,0.38176,0.38176,0.38176,0.38176,0.38176,0.38176,0.38176,0.38176,0.38176,0.38176
1397,0.37882,0.37882,0.37882,0.37882,0.37882,0.37882,0.37882,0.37882,0.37882,0.37882,0.37882,0.37882,0.37882,0.37882,0.37882,0.37882,0.37882,0.37882,0.37882,0.37882,0.37882,0.37882,0.37882,0.37882,0.37882,0.37882,0.37882,0.37882,0.37882
1398,0.37590,0.37590,0.37590,0.37590,0.37590,0.37590,0.37590,0.37590,0.37590,0.37590,0.37590,0.37590,0.37590,0.37590,0.37590,0.37590,0.37590,0.37590,0.37590,0.37590,0.37590,0.37590,0.37590,0.37590,0.37590,0.37590,0.37590,0.37590,0.37590
1399,0.37300,0.37300,0.37300,0.37300,0.37300,0.37300,0.37300,0.37300,0.37300,0.37300,0.37300,0.37300,0.37300,0.37300,0.37300,0.37300,0.37300,0.37300,0.37300,0.37300,0.37300,0.37300,0.37300,0.37300,0.37300,0.37300,0.37300,0.37300,0.37300
1400,0.37012,0.37012,0.37012,0.37012,0.37012,0.37012,0.37012,0.37012,0.37012,0.37012,0.37012,0.37012,0.37012,0.37012,0.37012,0.37012,0.37012,0.37012,0.37012,0.37012,0.37012,0.37012,0.37012,0.37012,0.37012,0.37012,0.37012,0.37012,0.37012
1401,0.36726,0.36726,0.36726,0.36726,0.36726,0.36726,0.36726,0.36726,0.36726,0.36726,0.36726,0.36726,0.36726,0.36726,0.36726,0.36726,0.36726,0.36726,0.36726,0.36726,0.36726,0.36726,0.36726,0.36726,0.36726,0.36726,0.36726,0.36726,0.36726
1402,0.36443,0.36443,0.36443,0.36443,0.36443,0.36443,0.36443,0.36443,0.36443,0.36443,0.36443,0.36443,0.36443,0.36443,0.36443,0.36443,0.36443,0.36443,0.36443,0.36443,0.36443,0.36443,0.36443,0.36443,0.36443,0.36443,0.36443,0.36443,0.36443
1403,0.36163,0.36163,0.36163,0.36163,0.36163,0.36163,0.36163,0.36163,0.36163,0.36163,0.36163,0.36163,0.36163,0.36163,0.36163,0.36163,0.36163,0.36163,0.36163,0.36163,0.36163,0.36163,0.36163,0.36163,0.36163,0.36163,0.36163,0.36163,0.36163
1404,0.35885,0.35885,0.35885,0.35885,0.35885,0.35885,0.35885,0.35885,0.35885,0.35885,0.35885,0.35885,0.35885,0.35885,0.35885,0.35885,0.35885,0.35885,0.35885,0.35885,0.35885,0.35885,0.35885,0.35885,0.35885,0.35885,0.35885,0.35885,0.35885
1405,0.35610,0.35610,0.35610,0.35610,0.35610,0.35610,0.35610,0.35610,0.35610,0.35610,0.35610,0.35610,0.35610,0.35610,0.35610,0.35610,0.35610,0.35610,0.35610,0.35610,0.35610,0.35610,0.35610,0.35610,0.35610,0.35610,0.35610,0.35610,0.35610
1406,0.35338,0.35338,0.35338,0.35338,0.35338,0.35338,0.35338,0.35338,0.35338,0.35338,0.35338,0.35338,0.35338,0.35338,0.35338,0.35338,0.35338,0.35338,0.35338,0.35338,0.35338,0.35338,0.35338,0.35338,0.35338,0.35338,0.35338,0.35338,0.35338
1407,0.35069,0.35069,0.35069,0.35069,0.35069,0.35069,0.35069,0.35069,0.35069,0.35069,0.35069,0.35069,0.35069,0.35069,0.35069,0.35069,0.35069,0.35069,0.35069,0.35069,0.35069,0.35069,0.35069,0.35069,0.35069,0.35069,0.35069,0.35069,0.35069
1408,0.34802,0.34802,0.34802,0.34802,0.34802,0.34802,0.34802,0.34802,0.34802,0.34802,0.34802,0.34802,0.34802,0.34802,0.34802,0.34802,0.34802,0.34802,0.34802,0.34802,0.34802,0.34802,0.34802,0.34802,0.34802,0.34802,0.34802,0.34802,0.34802
1409,0.34540,0.34540,0.34540,0.34540,0.34540,0.34540,0.34540,0.34540,0.34540,0.34540,0.34540,0.34540,0.34540,0.34540,0.34540,0.34540,0.34540,0.34540,0.34540,0.34540,0.34540,0.34540,0.34540,0.34540,0.34540,0.34540,0.34540,0.34540,0.34540
1410,0.34280,0.34280,0.34280,0.34280,0.34280,0.34280,0.34280,0.34280,0.34280,0.34280,0.34280,0.34280,0.34280,0.34280,0.34280,0.34280,0.34280,0.34280,0.34280,0.34280,0.34280,0.34280,0.34280,0.34280,0.34280,0.34280,0.34280,0.34280,0.34280
1411,0.34025,0.34025,0.34025,0.34025,0.34025,0.34025,0.34025,0.34025,0.34025,0.34025,0.34025,0.34025,0.34025,0.34025,0.34025,0.34025,0.34025,0.34025,0.34025,0.34025,0.34025,0.34025,0.34025,0.34025,0.34025,0.34025,0.34025,0.34025,0.34025
1412,0.33773,0.33773,0.33773,0.33773,0.33773,0.33773,0.33773,0.33773,0.33773,0.33773,0.33773,0.33773,0.33773,0.33773,0.33773,0.33773,0.33773,0.33773,0.33773,0.33773,0.33773,0.33773,0.33773,0.33773,0.33773,0.33773,0.33773,0.33773,0.33773
1413,0.33524,0.33524,0.33524,0.33524,0.33524,0.33524,0.33524,0.33524,0.33524,0.33524,0.33524,0.33524,0.33524,0.33524,0.33524,0.33524,0.33524,0.33524,0.33524,0.33524,0.33524,0.33524,0.33524,0.33524,0.33524,0.33524,0.33524,0.33524,0.33524
1414,0.33280,0.33280,0.33280,0.33280,0.33280,0.33280,0.33280,0.33280,0.33280,0.33280,0.33280,0.33280,0.33280,0.33280,0.33280,0.33280,0.33280,0.33280,0.33280,0.33280,0.33280,0.33280,0.33280,0.33280,0.33280,0.33280,0.33280,0.33280,0.33280
1415,0.33040,0.33040,0.33040,0.33040,0.33040,0.33040,0.33040,0.33040,0.33040,0.33040,0.33040,0.33040,0.33040,0.33040,0.33040,0.33040,0.33040,0.33040,0.33040,0.33040,0.33040,0.33040,0.33040,0.33040,0.33040,0.33040,0.33040,0.33040,0.33040
1416,0.32804,0.32804,0.32804,0.32804,0.32804,0.32804,0.32804,0.32804,0.32804,0.32804,0.32804,0.32804,0.32804,0.32804,0.32804,0.32804,0.32804,0.32804,0.32804,0.32804,0.32804,0.32804,0.32804,0.32804,0.32804,0.32804,0.32804,0.32804,0.32804
1417,0.32573,0.32573,0.32573,0.32573,0.32573,0.32573,0.32573,0.32573,0.32573,0.32573,0.32573,0.32573,0.32573,0.32573,0.32573,0.32573,0.32573,0.32573,0.32573,0.32573,0.32573,0.32573,0.32573,0.32573,0.32573,0.32573,0.32573,0.32573,0.32573
1418,0.32346,0.32346,0.32346,0.32346,0.32346,0.32346,0.32346,0.32346,0.32346,0.32346,0.32346,0.32346,0.32346,0.32346,0.32346,0.32346,0.32346,0.32346,0.32346,0.32346,0.32346,0.32346,0.32346,0.32346,0.32346,0.32346,0.32346,0.32346,0.32346
1419,0.32124,0.32124,0.32124,0.32124,0.32124,0.32124,0.32124,0.32124,0.32124,0.32124,0.32124,0.32124,0.32124,0.32124,0.32124,0.32124,0.32124,0.32124,0.32124,0.32124,0.32124,0.32124,0.32124,0.32124,0.32124,0.32124,0.32124,0.32124,0.32124
1420,0.31907,0.31907,0.31907,0.31907,0.31907,0.31907,0.31907,0.31907,0.31907,0.31907,0.31907,0.31907,0.31907,0.31907,0.31907,0.31907,0.31907,0.31907,0.31907,0.31907,0.31907,0.31907,0.31907,0.31907,0.31907,0.31907,0.31907,0.31907,0.31907
1421,0.31696,0.31696,0.31696,0.31696,0.31696,0.31696,0.31696,0.31696,0.31696,0.31696,0.31696,0.31696,0.31696,0.31696,0.31696,0.31696,0.31696,0.31696,0.31696,0.31696,0.31696,0.31696,0.31696,0.31696,0.31696,0.31696,0.31696,0.31696,0.31696
1422,0.31489,0.31489,0.31489,0.31489,0.31489,0.31489,0.31489,0.31489,0.31489,0.31489,0.31489,0.31489,0.31489,0.31489,0.31489,0.31489,0.31489,0.31489,0.31489,0.31489,0.31489,0.31489,0.31489,0.31489,0.31489,0.31489,0.31489,0.31489,0.31489
1423,0.31288,0.31288,0.31288,0.31288,0.31288,0.31288,0.31288,0.31288,0.31288,0.31288,0.31288,0.31288,0.31288,0.31288,0.31288,0.31288,0.31288,0.31288,0.31288,0.31288,0.31288,0.31288,0.31288,0.31288,0.31288,0.31288,0.31288,0.31288,0.31288
1424,0.31092,0.31092,0.31092,0.31092,0.31092,0.31092,0.31092,0.31092,0.31092,0.31092,0.31092,0.31092,0.31092,0.31092,0.31092,0.31092,0.31092,0.31092,0.31092,0.31092,0.31092,0.31092,0.31092,0.31092,0.31092,0.31092,0.31092,0.31092,0.31092
1425,0.30902,0.30902,0.30902,0.30902,0.30902,0.30902,0.30902,0.30902,0.30902,0.30902,0.30902,0.30902,0.30902,0.30902,0.30902,0.30902,0.30902,0.30902,0.30902,0.30902,0.30902,0.30902,0.30902,0.30902,0.30902,0.30902,0.30902,0.30902,0.30902
1426,0.30718,0.30718,0.30718,0.30718,0.30718,0.30718,0.30718,0.30718,0.30718,0.30718,0.30718,0.30718,0.30718,0.30718,0.30718,0.30718,0.30718,0.30718,0.30718,0.30718,0.30718,0.30718,0.30718,0.30718,0.30718,0.30718,0.30718,0.30718,0.30718
1427,0.30540,0.30540,0.30540,0.30540,0.30540,0.30540,0.30540,0.30540,0.30540,0.30540,0.30540,0.30540,0.30540,0.30540,0.30540,0.30540,0.30540,0.30540,0.30540,0.30540,0.30540,0.30540,0.30540,0.30540,0.30540,0.30540,0.30540,0.30540,0.30540
1428,0.30369,0.30369,0.30369,0.30369,0.30369,0.30369,0.30369,0.30369,0.30369,0.30369,0.30369,0.30369,0.30369,0.30369,0.30369,0.30369,0.30369,0.30369,0.30369,0.30369,0.30369,0.30369,0.30369,0.30369,0.30369,0.30369,0.30369,0.30369,0.30369
1429,0.30203,0.30203,0.30203,0.30203,0.30203,0.30203,0.30203,0.30203,0.30203,0.30203,0.30203,0.30203,0.30203,0.30203,0.30203,0.30203,0.30203,0.30203,0.30203,0.30203,0.30203,0.30203,0.30203,0.30203,0.30203,0.30203,0.30203,0.30203,0.30203
1430,0.30045,0.30045,0.30045,0.30045,0.30045,0.30045,0.30045,0.30045,0.30045,0.30045,0.30045,0.30045,0.30045,0.30045,0.30045,0.30045,0.30045,0.30045,0.30045,0.30045,0.30045,0.30045,0.30045,0.30045,0.30045,0.30045,0.30045,0.30045,0.30045
1431,0.29893,0.29893,0.29893,0.29893,0.29893,0.29893,0.29893,0.29893,0.29893,0.29893,0.29893,0.29893,0.29893,0.29893,0.29893,0.29893,0.29893,0.29893,0.29893,0.29893,0.29893,0.29893,0.29893,0.29893,0.29893,0.29893,0.29893,0.29893,0.29893
1432,0.29748,0.29748,0.29748,0.29748,0.29748,0.29748,0.29748,0.29748,0.29748,0.29748,0.29748,0.29748,0.29748,0.29748,0.29748,0.29748,0.29748,0.29748,0.29748,0.29748,0.29748,0.29748,0.29748,0.29748,0.29748,0.29748,0.29748,0.29748,0.29748
1433,0.29609,0.29609,0.29609,0.29609,0.29609,0.29609,0.29609,0.29609,0.29609,0.29609,0.29609,0.29609,0.29609,0.29609,0.29609,0.29609,0.29609,0.29609,0.29609,0.29609,0.29609,0.29609,0.29609,0.29609,0.29609,0.29609,0.29609,0.29609,0.29609
1434,0.29479,0.29479,0.29479,0.29479,0.29479,0.29479,0.29479,0.29479,0.29479,0.29479,0.29479,0.29479,0.29479,0.29479,0.29479,0.29479,0.29479,0.29479,0.29479,0.29479,0.29479,0.29479,0.29479,0.29479,0.29479,0.29479,0.29479,0.29479,0.29479
1435,0.29355,0.29355,0.29355,0.29355,0.29355,0.29355,0.29355,0.29355,0.29355,0.29355,0.29355,0.29355,0.29355,0.29355,0.29355,0.29355,0.29355,0.29355,0.29355,0.29355,0.29355,0.29355,0.29355,0.29355,0.29355,0.29355,0.29355,0.29355,0.29355
1436,0.29239,0.29239,0.29239,0.29239,0.29239,0.29239,0.29239,0.29239,0.29239,0.29239,0.29239,0.29239,0.29239,0.29239,0.29239,0.29239,0.29239,0.29239,0.29239,0.29239,0.29239,0.29239,0.29239,0.29239,0.29239,0.29239,0.29239,0.29239,0.29239
1437,0.29130,0.29130,0.29130,0.29130,0.29130,0.29130,0.29130,0.29130,0.29130,0.29130,0.29130,0.29130,0.29130,0.29130,0.29130,0.29130,0.29130,0.29130,0.29130,0.29130,0.29130,0.29130,0.29130,0.29130,0.29130,0.29130,0.29130,0.29130,0.29130
1438,0.29029,0.29029,0.29029,0.29029,0.29029,0.29029,0.29029,0.29029,0.29029,0.29029,0.29029,0.29029,0.29029,0.29029,0.29029,0.29029,0.29029,0.29029,0.29029,0.29029,0.29029,0.29029,0.29029,0.29029,0.29029,0.29029,0.29029,0.29029,0.29029
1439,0.28936,0.28936,0.28936,0.28936,0.28936,0.28936,0.28936,0.28936,0.28936,0.28936,0.28936,0.28936,0.28936,0.28936,0.28936,0.28936,0.28936,0.28936,0.28936,0.28936,0.28936,0.28936,0.28936,0.28936,0.28936,0.28936,0.28936,0.28936,0.28936
1440,0.28851,0.28851,0.28851,0.28851,0.28851,0.28851,0.28851,0.28851,0.28851,0.28851,0.28851,0.28851,0.28851,0.28851,0.28851,0.28851,0.28851,0.28851,0.28851,0.28851,0.28851,0.28851,0.28851,0.28851,0.28851,0.28851,0.28851,0.28851,0.28851
1441,0.28773,0.28773,0.28773,0.28773,0.28773,0.28773,0.28773,0.28773,0.28773,0.28773,0.28773,0.28773,0.28773,0.28773,0.28773,0.28773,0.28773,0.28773,0.28773,0.28773,0.28773,0.28773,0.28773,0.28773,0.28773,0.28773,0.28773,0.28773,0.28773
1442,0.28704,0.28704,0.28704,0.28704,0.28704,0.28704,0.28704,0.28704,0.28704,0.28704,0.28704,0.28704,0.28704,0.28704,0.28704,0.28704,0.28704,0.28704,0.28704,0.28704,0.28704,0.28704,0.28704,0.28704,0.28704,0.28704,0.28704,0.28704,0.28704
1443,0.28643,0.28643,0.28643,0.28643,0.28643,0.28643,0.28643,0.28643,0.28643,0.28643,0.28643,0.28643,0.28643,0.28643,0.28643,0.28643,0.28643,0.28643,0.28643,0.28643,0.28643,0.28643,0.28643,0.28643,0.28643,0.28643,0.28643,0.28643,0.28643
1444,0.28591,0.28591,0.28591,0.28591,0.28591,0.28591,0.28591,0.28591,0.28591,0.28591,0.28591,0.28591,0.28591,0.28591,0.28591,0.28591,0.28591,0.28591,0.28591,0.28591,0.28591,0.28591,0.28591,0.28591,0.28591,0.28591,0.28591,0.28591,0.28591
1445,0.28546,0.28546,0.28546,0.28546,0.28546,0.28546,0.28546,0.28546,0.28546,0.28546,0.28546,0.28546,0.28546,0.28546,0.28546,0.28546,0.28546,0.28546,0.28546,0.28546,0.28546,0.28546,0.28546,0.28546,0.28546,0.28546,0.28546,0.28546,0.28546
1446,0.28510,0.28510,0.28510,0.28510,0.28510,0.28510,0.28510,0.28510,0.28510,0.28510,0.28510,0.28510,0.28510,0.28510,0.28510,0.28510,0.28510,0.28510,0.28510,0.28510,0.28510,0.28510,0.28510,0.28510,0.28510,0.28510,0.28510,0.28510,0.28510
1447,0.28483,0.28483,0.28483,0.28483,0.28483,0.28483,0.28483,0.28483,0.28483,0.28483,0.28483,0.28483,0.28483,0.28483,0.28483,0.28483,0.28483,0.28483,0.28483,0.28483,0.28483,0.28483,0.28483,0.28483,0.28483,0.28483,0.28483,0.28483,0.28483
1448,0.28464,0.28464,0.28464,0.28464,0.28464,0.28464,0.28464,0.28464,0.28464,0.28464,0.28464,0.28464,0.28464,0.28464,0.28464,0.28464,0.28464,0.28464,0.28464,0.28464,0.28464,0.28464,0.28464,0.28464,0.28464,0.28464,0.28464,0.28464,0.28464
1449,0.28453,0.28453,0.28453,0.28453,0.28453,0.28453,0.28453,0.28453,0.28453,0.28453,0.28453,0.28453,0.28453,0.28453,0.28453,0.28453,0.28453,0.28453,0.28453,0.28453,0.28453,0.28453,0.28453,0.28453,0.28453,0.28453,0.28453,0.28453,0.28453
1450,0.28451,0.28451,0.28451,0.28451,0.28451,0.28451,0.28451,0.28451,0.28451,0.28451,0.28451,0.28451,0.28451,0.28451,0.28451,0.28451,0.28451,0.28451,0.28451,0.28451,0.28451,0.28451,0.28451,0.28451,0.28451,0.28451,0.28451,0.28451,0.28451
1451,0.28457,0.28457,0.28457,0.28457,0.28457,0.28457,0.28457,0.28457,0.28457,0.28457,0.28457,0.28457,0.28457,0.28457,0.28457,0.28457,0.28457,0.28457,0.28457,0.28457,0.28457,0.28457,0.28457,0.28457,0.28457,0.28457,0.28457,0.28457,0.28457
1452,0.28472,0.28472,0.28472,0.28472,0.28472,0.28472,0.28472,0.28472,0.28472,0.28472,0.28472,0.28472,0.28472,0.28472,0.28472,0.28472,0.28472,0.28472,0.28472,0.28472,0.28472,0.28472,0.28472,0.28472,0.28472,0.28472,0.28472,0.28472,0.28472
1453,0.28496,0.28496,0.28496,0.28496,0.28496,0.28496,0.28496,0.28496,0.28496,0.28496,0.28496,0.28496,0.28496,0.28496,0.28496,0.28496,0.28496,0.28496,0.28496,0.28496,0.28496,0.28496,0.28496,0.28496,0.28496,0.28496,0.28496,0.28496,0.28496
1454,0.28527,0.28527,0.28527,0.28527,0.28527,0.28527,0.28527,0.28527,0.28527,0.28527,0.28527,0.28527,0.28527,0.28527,0.28527,0.28527,0.28527,0.28527,0.28527,0.28527,0.28527,0.28527,0.28527,0.28527,0.28527,0.28527,0.28527,0.28527,0.28527
1455,0.28567,0.28567,0.28567,0.28567,0.28567,0.28567,0.28567,0.28567,0.28567,0.28567,0.28567,0.28567,0.28567,0.28567,0.28567,0.28567,0.28567,0.28567,0.28567,0.28567,0.28567,0.28567,0.28567,0.28567,0.28567,0.28567,0.28567,0.28567,0.28567
1456,0.28616,0.28616,0.28616,0.28616,0.28616,0.28616,0.28616,0.28616,0.28616,0.28616,0.28616,0.28616,0.28616,0.28616,0.28616,0.28616,0.28616,0.28616,0.28616,0.28616,0.28616,0.28616,0.28616,0.28616,0.28616,0.28616,0.28616,0.28616,0.28616
1457,0.28673,0.28673,0.28673,0.28673,0.28673,0.28673,0.28673,0.28673,0.28673,0.28673,0.28673,0.28673,0.28673,0.28673,0.28673,0.28673,0.28673,0.28673,0.28673,0.28673,0.28673,0.28673,0.28673,0.28673,0.28673,0.28673,0.28673,0.28673,0.28673
1458,0.28738,0.28738,0.28738,0.28738,0.28738,0.28738,0.28738,0.28738,0.28738,0.28738,0.28738,0.28738,0.28738,0.28738,0.28738,0.28738,0.28738,0.28738,0.28738,0.28738,0.28738,0.28738,0.28738,0.28738,0.28738,0.28738,0.28738,0.28738,0.28738
1459,0.28811,0.28811,0.28811,0.28811,0.28811,0.28811,0.28811,0.28811,0.28811,0.28811,0.28811,0.28811,0.28811,0.28811,0.28811,0.28811,0.28811,0.28811,0.28811,0.28811,0.28811,0.28811,0.28811,0.28811,0.28811,0.28811,0.28811,0.28811,0.28811
1460,0.28892,0.28892,0.28892,0.28892,0.28892,0.28892,0.28892,0.28892,0.28892,0.28892,0.28892,0.28892,0.28892,0.28892,0.28892,0.28892,0.28892,0.28892,0.28892,0.28892,0.28892,0.28892,0.28892,0.28892,0.28892,0.28892,0.28892,0.28892,0.28892
1461,0.28982,0.28982,0.28982,0.28982,0.28982,0.28982,0.28982,0.28982,0.28982,0.28982,0.28982,0.28982,0.28982,0.28982,0.28982,0.28982,0.28982,0.28982,0.28982,0.28982,0.28982,0.28982,0.28982,0.28982,0.28982,0.28982,0.28982,0.28982,0.28982
1462,0.29079,0.29079,0.29079,0.29079,0.29079,0.29079,0.29079,0.29079,0.29079,0.29079,0.29079,0.29079,0.29079,0.29079,0.29079,0.29079,0.29079,0.29079,0.29079,0.29079,0.29079,0.29079,0.29079,0.29079,0.29079,0.29079,0.29079,0.29079,0.29079
1463,0.29183,0.29183,0.29183,0.29183,0.29183,0.29183,0.29183,0.29183,0.29183,0.29183,0.29183,0.29183,0.29183,0.29183,0.29183,0.29183,0.29183,0.29183,0.29183,0.29183,0.29183,0.29183,0.29183,0.29183,0.29183,0.29183,0.29183,0.29183,0.29183
1464,0.29296,0.29296,0.29296,0.29296,0.29296,0.29296,0.29296,0.29296,0.29296,0.29296,0.29296,0.29296,0.29296,0.29296,0.29296,0.29296,0.29296,0.29296,0.29296,0.29296,0.29296,0.29296,0.29296,0.29296,0.29296,0.29296,0.29296,0.29296,0.29296
1465,0.29416,0.29416,0.29416,0.29416,0.29416,0.29416,0.29416,0.29416,0.29416,0.29416,0.29416,0.29416,0.29416,0.29416,0.29416,0.29416,0.29416,0.29416,0.29416,0.29416,0.29416,0.29416,0.29416,0.29416,0.29416,0.29416,0.29416,0.29416,0.29416
1466,0.29543,0.29543,0.29543,0.29543,0.29543,0.29543,0.29543,0.29543,0.29543,0.29543,0.29543,0.29543,0.29543,0.29543,0.29543,0.29543,0.29543,0.29543,0.29543,0.29543,0.29543,0.29543,0.29543,0.29543,0.29543,0.29543,0.29543,0.29543,0.29543
1467,0.29678,0.29678,0.29678,0.29678,0.29678,0.29678,0.29678,0.29678,0.29678,0.29678,0.29678,0.29678,0.29678,0.29678,0.29678,0.29678,0.29678,0.29678,0.29678,0.29678,0.29678,0.29678,0.29678,0.29678,0.29678,0.29678,0.29678,0.29678,0.29678
1468,0.29819,0.29819,0.29819,0.29819,0.29819,0.29819,0.29819,0.29819,0.29819,0.29819,0.29819,0.29819,0.29819,0.29819,0.29819,0.29819,0.29819,0.29819,0.29819,0.29819,0.29819,0.29819,0.29819,0.29819,0.29819,0.29819,0.29819,0.29819,0.29819
1469,0.29968,0.29968,0.29968,0.29968,0.29968,0.29968,0.29968,0.29968,0.29968,0.29968,0.29968,0.29968,0.29968,0.29968,0.29968,0.29968,0.29968,0.29968,0.29968,0.29968,0.29968,0.29968,0.29968,0.29968,0.29968,0.29968,0.29968,0.29968,0.29968
1470,0.30123,0.30123,0.30123,0.30123,0.30123,0.30123,0.30123,0.30123,0.30123,0.30123,0.30123,0.30123,0.30123,0.30123,0.30123,0.30123,0.30123,0.30123,0.30123,0.30123,0.30123,0.30123,0.30123,0.30123,0.30123,0.30123,0.30123,0.30123,0.30123
1471,0.30285,0.30285,0.30285,0.30285,0.30285,0.30285,0.30285,0.30285,0.30285,0.30285,0.30285,0.30285,0.30285,0.30285,0.30285,0.30285,0.30285,0.30285,0.30285,0.30285,0.30285,0.30285,0.30285,0.30285,0.30285,0.30285,0.30285,0.30285,0.30285
1472,0.30454,0.30454,0.30454,0.30454,0.30454,0.30454,0.30454,0.30454,0.30454,0.30454,0.30454,0.30454,0.30454,0.30454,0.30454,0.30454,0.30454,0.30454,0.30454,0.30454,0.30454,0.30454,0.30454,0.30454,0.30454,0.30454,0.30454,0.30454,0.30454
1473,0.30628,0.30628,0.30628,0.30628,0.30628,0.30628,0.30628,0.30628,0.30628,0.30628,0.30628,0.30628,0.30628,0.30628,0.30628,0.30628,0.30628,0.30628,0.30628,0.30628,0.30628,0.30628,0.30628,0.30628,0.30628,0.30628,0.30628,0.30628,0.30628
1474,0.30809,0.30809,0.30809,0.30809,0.30809,0.30809,0.30809,0.30809,0.30809,0.30809,0.30809,0.30809,0.30809,0.30809,0.30809,0.30809,0.30809,0.30809,0.30809,0.30809,0.30809,0.30809,0.30809,0.30809,0.30809,0.30809,0.30809,0.30809,0.30809
1475,0.30996,0.30996,0.30996,0.30996,0.30996,0.30996,0.30996,0.30996,0.30996,0.30996,0.30996,0.30996,0.30996,0.30996,0.30996,0.30996,0.30996,0.30996,0.30996,0.30996,0.30996,0.30996,0.30996,0.30996,0.30996,0.30996,0.30996,0.30996,0.30996
1476,0.31189,0.31189,0.31189,0.31189,0.31189,0.31189,0.31189,0.31189,0.31189,0.31189,0.31189,0.31189,0.31189,0.31189,0.31189,0.31189,0.31189,0.31189,0.31189,0.31189,0.31189,0.31189,0.31189,0.31189,0.31189,0.31189,0.31189,0.31189,0.31189
1477,0.31388,0.31388,0.31388,0.31388,0.31388,0.31388,0.31388,0.31388,0.31388,0.31388,0.31388,0.31388,0.31388,0.31388,0.31388,0.31388,0.31388,0.31388,0.31388,0.31388,0.31388,0.31388,0.31388,0.31388,0.31388,0.31388,0.31388,0.31388,0.31388
1478,0.31592,0.31592,0.31592,0.31592,0.31592,0.31592,0.31592,0.31592,0.31592,0.31592,0.31592,0.31592,0.31592,0.31592,0.31592,0.31592,0.31592,0.31592,0.31592,0.31592,0.31592,0.31592,0.31592,0.31592,0.31592,0.31592,0.31592,0.31592,0.31592
1479,0.31801,0.31801,0.31801,0.31801,0.31801,0.31801,0.31801,0.31801,0.31801,0.31801,0.31801,0.31801,0.31801,0.31801,0.31801,0.31801,0.31801,0.31801,0.31801,0.31801,0.31801,0.31801,0.31801,0.31801,0.31801,0.31801,0.31801,0.31801,0.31801
1480,0.32015,0.32015,0.32015,0.32015,0.32015,0.32015,0.32015,0.32015,0.32015,0.32015,0.32015,0.32015,0.32015,0.32015,0.32015,0.32015,0.32015,0.32015,0.32015,0.32015,0.32015,0.32015,0.32015,0.32015,0.32015,0.32015,0.32015,0.32015,0.32015
1481,0.32235,0.32235,0.32235,0.32235,0.32235,0.32235,0.32235,0.32235,0.32235,0.32235,0.32235,0.32235,0.32235,0.32235,0.32235,0.32235,0.32235,0.32235,0.32235,0.32235,0.32235,0.32235,0.32235,0.32235,0.32235,0.32235,0.32235,0.32235,0.32235
1482,0.32459,0.32459,0.32459,0.32459,0.32459,0.32459,0.32459,0.32459,0.32459,0.32459,0.32459,0.32459,0.32459,0.32459,0.32459,0.32459,0.32459,0.32459,0.32459,0.32459,0.32459,0.32459,0.32459,0.32459,0.32459,0.32459,0.32459,0.32459,0.32459
1483,0.32688,0.32688,0.32688,0.32688,0.32688,0.32688,0.32688,0.32688,0.32688,0.32688,0.32688,0.32688,0.32688,0.32688,0.32688,0.32688,0.32688,0.32688,0.32688,0.32688,0.32688,0.32688,0.32688,0.32688,0.32688,0.32688,0.32688,0.32688,0.32688
1484,0.32922,0.32922,0.32922,0.32922,0.32922,0.32922,0.32922,0.32922,0.32922,0.32922,0.32922,0.32922,0.32922,0.32922,0.32922,0.32922,0.32922,0.32922,0.32922,0.32922,0.32922,0.32922,0.32922,0.32922,0.32922,0.32922,0.32922,0.32922,0.32922
1485,0.33160,0.33160,0.33160,0.33160,0.33160,0.33160,0.33160,0.33160,0.33160,0.33160,0.33160,0.33160,0.33160,0.33160,0.33160,0.33160,0.33160,0.33160,0.33160,0.33160,0.33160,0.33160,0.33160,0.33160,0.33160,0.33160,0.33160,0.33160,0.33160
1486,0.33402,0.33402,0.33402,0.33402,0.33402,0.33402,0.33402,0.33402,0.33402,0.33402,0.33402,0.33402,0.33402,0.33402,0.33402,0.33402,0.33402,0.33402,0.33402,0.33402,0.33402,0.33402,0.33402,0.33402,0.33402,0.33402,0.33402,0.33402,0.33402
1487,0.33648,0.33648,0.33648,0.33648,0.33648,0.33648,0.33648,0.33648,0.33648,0.33648,0.33648,0.33648,0.33648,0.33648,0.33648,0.33648,0.33648,0.33648,0.33648,0.33648,0.33648,0.33648,0.33648,0.33648,0.33648,0.33648,0.33648,0.33648,0.33648
1488,0.33898,0.33898,0.33898,0.33898,0.33898,0.33898,0.33898,0.33898,0.33898,0.33898,0.33898,0.33898,0.33898,0.33898,0.33898,0.33898,0.33898,0.33898,0.33898,0.33898,0.33898,0.33898,0.33898,0.33898,0.33898,0.33898,0.33898,0.33898,0.33898
1489,0.34152,0.34152,0.34152,0.34152,0.34152,0.34152,0.34152,0.34152,0.34152,0.34152,0.34152,0.34152,0.34152,0.34152,0.34152,0.34152,0.34152,0.34152,0.34152,0.34152,0.34152,0.34152,0.34152,0.34152,0.34152,0.34152,0.34152,0.34152,0.34152
1490,0.34410,0.34410,0.34410,0.34410,0.34410,0.34410,0.34410,0.34410,0.34410,0.34410,0.34410,0.34410,0.34410,0.34410,0.34410,0.34410,0.34410,0.34410,0.34410,0.34410,0.34410,0.34410,0.34410,0.34410,0.34410,0.34410,0.34410,0.34410,0.34410
1491,0.34671,0.34671,0.34671,0.34671,0.34671,0.34671,0.34671,0.34671,0.34671,0.34671,0.34671,0.34671,0.34671,0.34671,0.34671,0.34671,0.34671,0.34671,0.34671,0.34671,0.34671,0.34671,0.34671,0.34671,0.34671,0.34671,0.34671,0.34671,0.34671
1492,0.34935,0.34935,0.34935,0.34935,0.34935,0.34935,0.34935,0.34935,0.34935,0.34935,0.34935,0.34935,0.34935,0.34935,0.34935,0.34935,0.34935,0.34935,0.34935,0.34935,0.34935,0.34935,0.34935,0.34935,0.34935,0.34935,0.34935,0.34935,0.34935
1493,0.35203,0.35203,0.35203,0.35203,0.35203,0.35203,0.35203,0.35203,0.35203,0.35203,0.35203,0.35203,0.35203,0.35203,0.35203,0.35203,0.35203,0.35203,0.35203,0.35203,0.35203,0.35203,0.35203,0.35203,0.35203,0.35203,0.35203,0.35203,0.35203
1494,0.35473,0.35473,0.35473,0.35473,0.35473,0.35473,0.35473,0.35473,0.35473,0.35473,0.35473,0.35473,0.35473,0.35473,0.35473,0.35473,0.35473,0.35473,0.35473,0.35473,0.35473,0.35473,0.35473,0.35473,0.35473,0.35473,0.35473,0.35473,0.35473
1495,0.35747,0.35747,0.35747,0.35747,0.35747,0.35747,0.35747,0.35747,0.35747,0.35747,0.35747,0.35747,0.35747,0.35747,0.35747,0.35747,0.35747,0.35747,0.35747,0.35747,0.35747,0.35747,0.35747,0.35747,0.35747,0.35747,0.35747,0.35747,0.35747
1496,0.36024,0.36024,0.36024,0.36024,0.36024,0.36024,0.36024,0.36024,0.36024,0.36024,0.36024,0.36024,0.36024,0.36024,0.36024,0.36024,0.36024,0.36024,0.36024,0.36024,0.36024,0.36024,0.36024,0.36024,0.36024,0.36024,0.36024,0.36024,0.36024
1497,0.36303,0.36303,0.36303,0.36303,0.36303,0.36303,0.36303,0.36303,0.36303,0.36303,0.36303,0.36303,0.36303,0.36303,0.36303,0.36303,0.36303,0.36303,0.36303,0.36303,0.36303,0.36303,0.36303,0.36303,0.36303,0.36303,0.36303,0.36303,0.36303
1498,0.36585,0.36585,0.36585,0.36585,0.36585,0.36585,0.36585,0.36585,0.36585,0.36585,0.36585,0.36585,0.36585,0.36585,0.36585,0.36585,0.36585,0.36585,0.36585,0.36585,0.36585,0.36585,0.36585,0.36585,0.36585,0.36585,0.36585,0.36585,0.36585
1499,0.36869,0.36869,0.36869,0.36869,0.36869,0.36869,0.36869,0.36869,0.36869,0.36869,0.36869,0.36869,0.36869,0.36869,0.36869,0.36869,0.36869,0.36869,0.36869,0.36869,0.36869,0.36869,0.36869,0.36869,0.36869,0.36869,0.36869,0.36869,0.36869
1500,0.37156,0.37156,0.37156,0.37156,0.37156,0.37156,0.37156,0.37156,0.37156,0.37156,0.37156,0.37156,0.37156,0.37156,0.37156,0.37156,0.37156,0.37156,0.37156,0.37156,0.37156,0.37156,0.37156,0.37156,0.37156,0.37156,0.37156,0.37156,0.37156
1501,0.37445,0.37445,0.37445,0.37445,0.37445,0.37445,0.37445,0.37445,0.37445,0.37445,0.37445,0.37445,0.37445,0.37445,0.37445,0.37445,0.37445,0.37445,0.37445,0.37445,0.37445,0.37445,0.37445,0.37445,0.37445,0.37445,0.37445,0.37445,0.37445
1502,0.37736,0.37736,0.37736,0.37736,0.37736,0.37736,0.37736,0.37736,0.37736,0.37736,0.37736,0.37736,0.37736,0.37736,0.37736,0.37736,0.37736,0.37736,0.37736,0.37736,0.37736,0.37736,0.37736,0.37736,0.37736,0.37736,0.37736,0.37736,0.37736
1503,0.38029,0.38029,0.38029,0.38029,0.38029,0.38029,0.38029,0.38029,0.38029,0.38029,0.38029,0.38029,0.38029,0.38029,0.38029,0.38029,0.38029,0.38029,0.38029,0.38029,0.38029,0.38029,0.38029,0.38029,0.38029,0.38029,0.38029,0.38029,0.38029
1504,0.38324,0.38324,0.38324,0.38324,0.38324,0.38324,0.38324,0.38324,0.38324,0.38324,0.38324,0.38324,0.38324,0.38324,0.38324,0.38324,0.38324,0.38324,0.38324,0.38324,0.38324,0.38324,0.38324,0.38324,0.38324,0.38324,0.38324,0.38324,0.38324
1505,0.38621,0.38621,0.38621,0.38621,0.38621,0.38621,0.38621,0.38621,0.38621,0.38621,0.38621,0.38621,0.38621,0.38621,0.38621,0.38621,0.38621,0.38621,0.38621,0.38621,0.38621,0.38621,0.38621,0.38621,0.38621,0.38621,0.38621,0.38621,0.38621
1506,0.38920,0.38920,0.38920,0.38920,0.38920,0.38920,0.38920,0.38920,0.38920,0.38920,0.38920,0.38920,0.38920,0.38920,0.38920,0.38920,0.38920,0.38920,0.38920,0.38920,0.38920,0.38920,0.38920,0.38920,0.38920,0.38920,0.38920,0.38920,0.38920
1507,0.39221,0.39221,0.39221,0.39221,0.39221,0.39221,0.39221,0.39221,0.39221,0.39221,0.39221,0.39221,0.39221,0.39221,0.39221,0.39221,0.39221,0.39221,0.39221,0.39221,0.39221,0.39221,0.39221,0.39221,0.39221,0.39221,0.39221,0.39221,0.39221
1508,0.39523,0.39523,0.39523,0.39523,0.39523,0.39523,0.39523,0.39523,0.39523,0.39523,0.39523,0.39523,0.39523,0.39523,0.39523,0.39523,0.39523,0.39523,0.39523,0.39523,0.39523,0.39523,0.39523,0.39523,0.39523,0.39523,0.39523,0.39523,0.39523
1509,0.39826,0.39826,0.39826,0.39826,0.39826,0.39826,0.39826,0.39826,0.39826,0.39826,0.39826,0.39826,0.39826,0.39826,0.39826,0.39826,0.39826,0.39826,0.39826,0.39826,0.39826,0.39826,0.39826,0.39826,0.39826,0.39826,0.39826,0.39826,0.39826
1510,0.40132,0.40132,0.40132,0.40132,0.40132,0.40132,0.40132,0.40132,0.40132,0.40132,0.40132,0.40132,0.40132,0.40132,0.40132,0.40132,0.40132,0.40132,0.40132,0.40132,0.40132,0.40132,0.40132,0.40132,0.40132,0.40132,0.40132,0.40132,0.40132
1511,0.40438,0.40438,0.40438,0.40438,0.40438,0.40438,0.40438,0.40438,0.40438,0.40438,0.40438,0.40438,0.40438,0.40438,0.40438,0.40438,0.40438,0.40438,0.40438,0.40438,0.40438,0.40438,0.40438,0.40438,0.40438,0.40438,0.40438,0.40438,0.40438
1512,0.40746,0.40746,0.40746,0.40746,0.40746,0.40746,0.40746,0.40746,0.40746,0.40746,0.40746,0.40746,0.40746,0.40746,0.40746,0.40746,0.40746,0.40746,0.40746,0.40746,0.40746,0.40746,0.40746,0.40746,0.40746,0.40746,0.40746,0.40746,0.40746
1513,0.41055,0.41055,0.41055,0.41055,0.41055,0.41055,0.41055,0.41055,0.41055,0.41055,0.41055,0.41055,0.41055,0.41055,0.41055,0.41055,0.41055,0.41055,0.41055,0.41055,0.41055,0.41055,0.41055,0.41055,0.41055,0.41055,0.41055,0.41055,0.41055
1514,0.41365,0.41365,0.41365,0.41365,0.41365,0.41365,0.41365,0.41365,0.41365,0.41365,0.41365,0.41365,0.41365,0.41365,0.41365,0.41365,0.41365,0.41365,0.41365,0.41365,0.41365,0.41365,0.41365,0.41365,0.41365,0.41365,0.41365,0.41365,0.41365
1515,0.41677,0.41677,0.41677,0.41677,0.41677,0.41677,0.41677,0.41677,0.41677,0.41677,0.41677,0.41677,0.41677,0.41677,0.41677,0.41677,0.41677,0.41677,0.41677,0.41677,0.41677,0.41677,0.41677,0.41677,0.41677,0.41677,0.41677,0.41677,0.41677
1516,0.41989,0.41989,0.41989,0.41989,0.41989,0.41989,0.41989,0.41989,0.41989,0.41989,0.41989,0.41989,0.41989,0.41989,0.41989,0.41989,0.41989,0.41989,0.41989,0.41989,0.41989,0.41989,0.41989,0.41989,0.41989,0.41989,0.41989,0.41989,0.41989
1517,0.42303,0.42303,0.42303,0.42303,0.42303,0.42303,0.42303,0.42303,0.42303,0.42303,0.42303,0.42303,0.42303,0.42303,0.42303,0.42303,0.42303,0.42303,0.42303,0.42303,0.42303,0.42303,0.42303,0.42303,0.42303,0.42303,0.42303,0.42303,0.42303
1518,0.42617,0.42617,0.42617,0.42617,0.42617,0.42617,0.42617,0.42617,0.42617,0.42617,0.42617,0.42617,0.42617,0.42617,0.42617,0.42617,0.42617,0.42617,0.42617,0.42617,0.42617,0.42617,0.42617,0.42617,0.42617,0.42617,0.42617,0.42617,0.42617
1519,0.42932,0.42932,0.42932,0.42932,0.42932,0.42932,0.42932,0.42932,0.42932,0.42932,0.42932,0.42932,0.42932,0.42932,0.42932,0.42932,0.42932,0.42932,0.42932,0.42932,0.42932,0.42932,0.42932,0.42932,0.42932,0.42932,0.42932,0.42932,0.42932
1520,0.43248,0.43248,0.43248,0.43248,0.43248,0.43248,0.43248,0.43248,0.43248,0.43248,0.43248,0.43248,0.43248,0.43248,0.43248,0.43248,0.43248,0.43248,0.43248,0.43248,0.43248,0.43248,0.43248,0.43248,0.43248,0.43248,0.43248,0.43248,0.43248
1521,0.43565,0.43565,0.43565,0.43565,0.43565,0.43565,0.43565,0.43565,0.43565,0.43565,0.43565,0.43565,0.43565,0.43565,0.43565,0.43565,0.43565,0.43565,0.43565,0.43565,0.43565,0.43565,0.43565,0.43565,0.43565,0.43565,0.43565,0.43565,0.43565
1522,0.43883,0.43883,0.43883,0.43883,0.43883,0.43883,0.43883,0.43883,0.43883,0.43883,0.43883,0.43883,0.43883,0.43883,0.43883,0.43883,0.43883,0.43883,0.43883,0.43883,0.43883,0.43883,0.43883,0.43883,0.43883,0.43883,0.43883,0.43883,0.43883
1523,0.44201,0.44201,0.44201,0.44201,0.44201,0.44201,0.44201,0.44201,0.44201,0.44201,0.44201,0.44201,0.44201,0.44201,0.44201,0.44201,0.44201,0.44201,0.44201,0.44201,0.44201,0.44201,0.44201,0.44201,0.44201,0.44201,0.44201,0.44201,0.44201
1524,0.44520,0.44520,0.44520,0.44520,0.44520,0.44520,0.44520,0.44520,0.44520,0.44520,0.44520,0.44520,0.44520,0.44520,0.44520,0.44520,0.44520,0.44520,0.44520,0.44520,0.44520,0.44520,0.44520,0.44520,0.44520,0.44520,0.44520,0.44520,0.44520
1525,0.44839,0.44839,0.44839,0.44839,0.44839,0.44839,0.44839,0.44839,0.44839,0.44839,0.44839,0.44839,0.44839,0.44839,0.44839,0.44839,0.44839,0.44839,0.44839,0.44839,0.44839,0.44839,0.44839,0.44839,0.44839,0.44839,0.44839,0.44839,0.44839
1526,0.45159,0.45159,0.45159,0.45159,0.45159,0.45159,0.45159,0.45159,0.45159,0.45159,0.45159,0.45159,0.45159,0.45159,0.45159,0.45159,0.45159,0.45159,0.45159,0.45159,0.45159,0.45159,0.45159,0.45159,0.45159,0.45159,0.45159,0.45159,0.45159
1527,0.45480,0.45480,0.45480,0.45480,0.45480,0.45480,0.45480,0.45480,0.45480,0.45480,0.45480,0.45480,0.45480,0.45480,0.45480,0.45480,0.45480,0.45480,0.45480,0.45480,0.45480,0.45480,0.45480,0.45480,0.45480,0.45480,0.45480,0.45480,0.45480
1528,0.45801,0.45801,0.45801,0.45801,0.45801,0.45801,0.45801,0.45801,0.45801,0.45801,0.45801,0.45801,0.45801,0.45801,0.45801,0.45801,0.45801,0.45801,0.45801,0.45801,0.45801,0.45801,0.45801,0.45801,0.45801,0.45801,0.45801,0.45801,0.45801
1529,0.46122,0.46122,0.46122,0.46122,0.46122,0.46122,0.46122,0.46122,0.46122,0.46122,0.46122,0.46122,0.46122,0.46122,0.46122,0.46122,0.46122,0.46122,0.46122,0.46122,0.46122,0.46122,0.46122,0.46122,0.46122,0.46122,0.46122,0.46122,0.46122
1530,0.46444,0.46444,0.46444,0.46444,0.46444,0.46444,0.46444,0.46444,0.46444,0.46444,0.46444,0.46444,0.46444,0.46444,0.46444,0.46444,0.46444,0.46444,0.46444,0.46444,0.46444,0.46444,0.46444,0.46444,0.46444,0.46444,0.46444,0.46444,0.46444
1531,0.46766,0.46766,0.46766,0.46766,0.46766,0.46766,0.46766,0.46766,0.46766,0.46766,0.46766,0.46766,0.46766,0.46766,0.46766,0.46766,0.46766,0.46766,0.46766,0.46766,0.46766,0.46766,0.46766,0.46766,0.46766,0.46766,0.46766,0.46766,0.46766
1532,0.47089,0.47089,0.47089,0.47089,0.47089,0.47089,0.47089,0.47089,0.47089,0.47089,0.47089,0.47089,0.47089,0.47089,0.47089,0.47089,0.47089,0.47089,0.47089,0.47089,0.47089,0.47089,0.47089,0.47089,0.47089,0.47089,0.47089,0.47089,0.47089
1533,0.47412,0.47412,0.47412,0.47412,0.47412,0.47412,0.47412,0.47412,0.47412,0.47412,0.47412,0.47412,0.47412,0.47412,0.47412,0.47412,0.47412,0.47412,0.47412,0.47412,0.47412,0.47412,0.47412,0.47412,0.47412,0.47412,0.47412,0.47412,0.47412
1534,0.47735,0.47735,0.47735,0.47735,0.47735,0.47735,0.47735,0.47735,0.47735,0.47735,0.47735,0.47735,0.47735,0.47735,0.47735,0.47735,0.47735,0.47735,0.47735,0.47735,0.47735,0.47735,0.47735,0.47735,0.47735,0.47735,0.47735,0.47735,0.47735
1535,0.48058,0.48058,0.48058,0.48058,0.48058,0.48058,0.48058,0.48058,0.48058,0.48058,0.48058,0.48058,0.48058,0.48058,0.48058,0.48058,0.48058,0.48058,0.48058,0.48058,0.48058,0.48058,0.48058,0.48058,0.48058,0.48058,0.48058,0.48058,0.48058
1536,0.48381,0.48381,0.48381,0.48381,0.48381,0.48381,0.48381,0.48381,0.48381,0.48381,0.48381,0.48381,0.48381,0.48381,0.48381,0.48381,0.48381,0.48381,0.48381,0.48381,0.48381,0.48381,0.48381,0.48381,0.48381,0.48381,0.48381,0.48381,0.48381
1537,0.48705,0.48705,0.48705,0.48705,0.48705,0.48705,0.48705,0.48705,0.48705,0.48705,0.48705,0.48705,0.48705,0.48705,0.48705,0.48705,0.48705,0.48705,0.48705,0.48705,0.48705,0.48705,0.48705,0.48705,0.48705,0.48705,0.48705,0.48705,0.48705
1538,0.49029,0.49029,0.49029,0.49029,0.49029,0.49029,0.49029,0.49029,0.49029,0.49029,0.49029,0.49029,0.49029,0.49029,0.49029,0.49029,0.49029,0.49029,0.49029,0.49029,0.49029,0.49029,0.49029,0.49029,0.49029,0.49029,0.49029,0.49029,0.49029
1539,0.49352,0.49352,0.49352,0.49352,0.49352,0.49352,0.49352,0.49352,0.49352,0.49352,0.49352,0.49352,0.49352,0.49352,0.49352,0.49352,0.49352,0.49352,0.49352,0.49352,0.49352,0.49352,0.49352,0.49352,0.49352,0.49352,0.49352,0.49352,0.49352
1540,0.49676,0.49676,0.49676,0.49676,0.49676,0.49676,0.49676,0.49676,0.49676,0.49676,0.49676,0.49676,0.49676,0.49676,0.49676,0.49676,0.49676,0.49676,0.49676,0.49676,0.49676,0.49676,0.49676,0.49676,0.49676,0.49676,0.49676,0.49676,0.49676
1541,0.50000,0.50000,0.50000,0.50000,0.50000,0.50000,0.50000,0.50000,0.50000,0.50000,0.50000,0.50000,0.50000,0.50000,0.50000,0.50000,0.50000,0.50000,0.50000,0.50000,0.50000,0.50000,0.50000,0.50000,0.50000,0.50000,0.50000,0.50000,0.50000
1542,0.50324,0.50324,0.50324,0.50324,0.50324,0.50324,0.50324,0.50324,0.50324,0.50324,0.50324,0.50324,0.50324,0.50324,0.50324,0.50324,0.50324,0.50324,0.50324,0.50324,0.50324,0.50324,0.50324,0.50324,0.50324,0.50324,0.50324,0.50324,0.50324
1543,0.50648,0.50648,0.50648,0.50648,0.50648,0.50648,0.50648,0.50648,0.50648,0.50648,0.50648,0.50648,0.50648,0.50648,0.50648,0.50648,0.50648,0.50648,0.50648,0.50648,0.50648,0.50648,0.50648,0.50648,0.50648,0.50648,0.50648,0.50648,0.50648
1544,0.50971,0.50971,0.50971,0.50971,0.50971,0.50971,0.50971,0.50971,0.50971,0.50971,0.50971,0.50971,0.50971,0.50971,0.50971,0.50971,0.50971,0.50971,0.50971,0.50971,0.50971,0.50971,0.50971,0.50971,0.50971,0.50971,0.50971,0.50971,0.50971
1545,0.51295,0.51295,0.51295,0.51295,0.51295,0.51295,0.51295,0.51295,0.51295,0.51295,0.51295,0.51295,0.51295,0.51295,0.51295,0.51295,0.51295,0.51295,0.51295,0.51295,0.51295,0.51295,0.51295,0.51295,0.51295,0.51295,0.51295,0.51295,0.51295
1546,0.51619,0.51619,0.51619,0.51619,0.51619,0.51619,0.51619,0.51619,0.51619,0.51619,0.51619,0.51619,0.51619,0.51619,0.51619,0.51619,0.51619,0.51619,0.51619,0.51619,0.51619,0.51619,0.51619,0.51619,0.51619,0.51619,0.51619,0.51619,0.51619
1547,0.51942,0.51942,0.51942,0.51942,0.51942,0.51942,0.51942,0.51942,0.51942,0.51942,0.51942,0.51942,0.51942,0.51942,0.51942,0.51942,0.51942,0.51942,0.51942,0.51942,0.51942,0.51942,0.51942,0.51942,0.51942,0.51942,0.51942,0.51942,0.51942
1548,0.52265,0.52265,0.52265,0.52265,0.52265,0.52265,0.52265,0.52265,0.52265,0.52265,0.52265,0.52265,0.52265,0.52265,0.52265,0.52265,0.52265,0.52265,0.52265,0.52265,0.52265,0.52265,0.52265,0.52265,0.52265,0.52265,0.52265,0.52265,0.52265
1549,0.52588,0.52588,0.52588,0.52588,0.52588,0.52588,0.52588,0.52588,0.52588,0.52588,0.52588,0.52588,0.52588,0.52588,0.52588,0.52588,0.52588,0.52588,0.52588,0.52588,0.52588,0.52588,0.52588,0.52588,0.52588,0.52588,0.52588,0.52588,0.52588
1550,0.52911,0.52911,0.52911,0.52911,0.52911,0.52911,0.52911,0.52911,0.52911,0.52911,0.52911,0.52911,0.52911,0.52911,0.52911,0.52911,0.52911,0.52911,0.52911,0.52911,0.52911,0.52911,0.52911,0.52911,0.52911,0.52911,0.52911,0.52911,0.52911
1551,0.53234,0.53234,0.53234,0.53234,0.53234,0.53234,0.53234,0.53234,0.53234,0.53234,0.53234,0.53234,0.53234,0.53234,0.53234,0.53234,0.53234,0.53234,0.53234,0.53234,0.53234,0.53234,0.53234,0.53234,0.53234,0.53234,0.53234,0.53234,0.53234
1552,0.53556,0.53556,0.53556,0.53556,0.53556,0.53556,0.53556,0.53556,0.53556,0.53556,0.53556,0.53556,0.53556,0.53556,0.53556,0.53556,0.53556,0.53556,0.53556,0.53556,0.53556,0.53556,0.53556,0.53556,0.53556,0.53556,0.53556,0.53556,0.53556
1553,0.53878,0.53878,0.53878,0.53878,0.53878,0.53878,0.53878,0.53878,0.53878,0.53878,0.53878,0.53878,0.53878,0.53878,0.53878,0.53878,0.53878,0.53878,0.53878,0.53878,0.53878,0.53878,0.53878,0.53878,0.53878,0.53878,0.53878,0.53878,0.53878
1554,0.54199,0.54199,0.54199,0.54199,0.54199,0.54199,0.54199,0.54199,0.54199,0.54199,0.54199,0.54199,0.54199,0.54199,0.54199,0.54199,0.54199,0.54199,0.54199,0.54199,0.54199,0.54199,0.54199,0.54199,0.54199,0.54199,0.54199,0.54199,0.54199
1555,0.54520,0.54520,0.54520,0.54520,0.54520,0.54520,0.54520,0.54520,0.54520,0.54520,0.54520,0.54520,0.54520,0.54520,0.54520,0.54520,0.54520,0.54520,0.54520,0.54520,0.54520,0.54520,0.54520,0.54520,0.54520,0.54520,0.54520,0.54520,0.54520
1556,0.54841,0.54841,0.54841,0.54841,0.54841,0.54841,0.54841,0.54841,0.54841,0.54841,0.54841,0.54841,0.54841,0.54841,0.54841,0.54841,0.54841,0.54841,0.54841,0.54841,0.54841,0.54841,0.54841,0.54841,0.54841,0.54841,0.54841,0.54841,0.54841
1557,0.55161,0.55161,0.55161,0.55161,0.55161,0.55161,0.55161,0.55161,0.55161,0.55161,0.55161,0.55161,0.55161,0.55161,0.55161,0.55161,0.55161,0.55161,0.55161,0.55161,0.55161,0.55161,0.55161,0.55161,0.55161,0.55161,0.55161,0.55161,0.55161
1558,0.55480,0.55480,0.55480,0.55480,0.55480,0.55480,0.55480,0.55480,0.55480,0.55480,0.55480,0.55480,0.55480,0.55480,0.55480,0.55480,0.55480,0.55480,0.55480,0.55480,0.55480,0.55480,0.55480,0.55480,0.55480,0.55480,0.55480,0.55480,0.55480
1559,0.55799,0.55799,0.55799,0.55799,0.55799,0.55799,0.55799,0.55799,0.55799,0.55799,0.55799,0.55799,0.55799,0.55799,0.55799,0.55799,0.55799,0.55799,0.55799,0.55799,0.55799,0.55799,0.55799,0.55799,0.55799,0.55799,0.55799,0.55799,0.55799
1560,0.56117,0.56117,0.56117,0.56117,0.56117,0.56117,0.56117,0.56117,0.56117,0.56117,0.56117,0.56117,0.56117,0.56117,0.56117,0.56117,0.56117,0.56117,0.56117,0.56117,0.56117,0.56117,0.56117,0.56117,0.56117,0.56117,0.56117,0.56117,0.56117
1561,0.56435,0.56435,0.56435,0.56435,0.56435,0.56435,0.56435,0.56435,0.56435,0.56435,0.56435,0.56435,0.56435,0.56435,0.56435,0.56435,0.56435,0.56435,0.56435,0.56435,0.56435,0.56435,0.56435,0.56435,0.56435,0.56435,0.56435,0.56435,0.56435
1562,0.56752,0.56752,0.56752,0.56752,0.56752,0.56752,0.56752,0.56752,0.56752,0.56752,0.56752,0.56752,0.56752,0.56752,0.56752,0.56752,0.56752,0.56752,0.56752,0.56752,0.56752,0.56752,0.56752,0.56752,0.56752,0.56752,0.56752,0.56752,0.56752
1563,0.57068,0.57068,0.57068,0.57068,0.57068,0.57068,0.57068,0.57068,0.57068,0.57068,0.57068,0.57068,0.57068,0.57068,0.57068,0.57068,0.57068,0.57068,0.57068,0.57068,0.57068,0.57068,0.57068,0.57068,0.57068,0.57068,0.57068,0.57068,0.57068
1564,0.57383,0.57383,0.57383,0.57383,0.57383,0.57383,0.57383,0.57383,0.57383,0.57383,0.57383,0.57383,0.57383,0.57383,0.57383,0.57383,0.57383,0.57383,0.57383,0.57383,0.57383,0.57383,0.57383,0.57383,0.57383,0.57383,0.57383,0.57383,0.57383
1565,0.57697,0.57697,0.57697,0.57697,0.57697,0.57697,0.57697,0.57697,0.57697,0.57697,0.57697,0.57697,0.57697,0.57697,0.57697,0.57697,0.57697,0.57697,0.57697,0.57697,0.57697,0.57697,0.57697,0.57697,0.57697,0.57697,0.57697,0.57697,0.57697
1566,0.58011,0.58011,0.58011,0.58011,0.58011,0.58011,0.58011,0.58011,0.58011,0.58011,0.58011,0.58011,0.58011,0.58011,0.58011,0.58011,0.58011,0.58011,0.58011,0.58011,0.58011,0.58011,0.58011,0.58011,0.58011,0.58011,0.58011,0.58011,0.58011
1567,0.58323,0.58323,0.58323,0.58323,0.58323,0.58323,0.58323,0.58323,0.58323,0.58323,0.58323,0.58323,0.58323,0.58323,0.58323,0.58323,0.58323,0.58323,0.58323,0.58323,0.58323,0.58323,0.58323,0.58323,0.58323,0.58323,0.58323,0.58323,0.58323
1568,0.58635,0.58635,0.58635,0.58635,0.58635,0.58635,0.58635,0.58635,0.58635,0.58635,0.58635,0.58635,0.58635,0.58635,0.58635,0.58635,0.58635,0.58635,0.58635,0.58635,0.58635,0.58635,0.58635,0.58635,0.58635,0.58635,0.58635,0.58635,0.58635
1569,0.58945,0.58945,0.58945,0.58945,0.58945,0.58945,0.58945,0.58945,0.58945,0.58945,0.58945,0.58945,0.58945,0.58945,0.58945,0.58945,0.58945,0.58945,0.58945,0.58945,0.58945,0.58945,0.58945,0.58945,0.58945,0.58945,0.58945,0.58945,0.58945
1570,0.59254,0.59254,0.59254,0.59254,0.59254,0.59254,0.59254,0.59254,0.59254,0.59254,0.59254,0.59254,0.59254,0.59254,0.59254,0.59254,0.59254,0.59254,0.59254,0.59254,0.59254,0.59254,0.59254,0.59254,0.59254,0.59254,0.59254,0.59254,0.59254
1571,0.59562,0.59562,0.59562,0.59562,0.59562,0.59562,0.59562,0.59562,0.59562,0.59562,0.59562,0.59562,0.59562,0.59562,0.59562,0.59562,0.59562,0.59562,0.59562,0.59562,0.59562,0.59562,0.59562,0.59562,0.59562,0.59562,0.59562,0.59562,0.59562
1572,0.59868,0.59868,0.59868,0.59868,0.59868,0.59868,0.59868,0.59868,0.59868,0.59868,0.59868,0.59868,0.59868,0.59868,0.59868,0.59868,0.59868,0.59868,0.59868,0.59868,0.59868,0.59868,0.59868,0.59868,0.59868,0.59868,0.59868,0.59868,0.59868
1573,0.60174,0.60174,0.60174,0.60174,0.60174,0.60174,0.60174,0.60174,0.60174,0.60174,0.60174,0.60174,0.60174,0.60174,0.60174,0.60174,0.60174,0.60174,0.60174,0.60174,0.60174,0.60174,0.60174,0.60174,0.60174,0.60174,0.60174,0.60174,0.60174
1574,0.60477,0.60477,0.60477,0.60477,0.60477,0.60477,0.60477,0.60477,0.60477,0.60477,0.60477,0.60477,0.60477,0.60477,0.60477,0.60477,0.60477,0.60477,0.60477,0.60477,0.60477,0.60477,0.60477,0.60477,0.60477,0.60477,0.60477,0.60477,0.60477
1575,0.60779,0.60779,0.60779,0.60779,0.60779,0.60779,0.60779,0.60779,0.60779,0.60779,0.60779,0.60779,0.60779,0.60779,0.60779,0.60779,0.60779,0.60779,0.60779,0.60779,0.60779,0.60779,0.60779,0.60779,0.60779,0.60779,0.60779,0.60779,0.60779
1576,0.61080,0.61080,0.61080,0.61080,0.61080,0.61080,0.61080,0.61080,0.61080,0.61080,0.61080,0.61080,0.61080,0.61080,0.61080,0.61080,0.61080,0.61080,0.61080,0.61080,0.61080,0.61080,0.61080,0.61080,0.61080,0.61080,0.61080,0.61080,0.61080
1577,0.61379,0.61379,0.61379,0.61379,0.61379,0.61379,0.61379,0.61379,0.61379,0.61379,0.61379,0.61379,0.61379,0.61379,0.61379,0.61379,0.61379,0.61379,0.61379,0.61379,0.61379,0.61379,0.61379,0.61379,0.61379,0.61379,0.61379,0.61379,0.61379
1578,0.61676,0.61676,0.61676,0.61676,0.61676,0.61676,0.61676,0.61676,0.61676,0.61676,0.61676,0.61676,0.61676,0.61676,0.61676,0.61676,0.61676,0.61676,0.61676,0.61676,0.61676,0.61676,0.61676,0.61676,0.61676,0.61676,0.61676,0.61676,0.61676
1579,0.61971,0.61971,0.61971,0.61971,0.61971,0.61971,0.61971,0.61971,0.61971,0.61971,0.61971,0.61971,0.61971,0.61971,0.61971,0.61971,0.61971,0.61971,0.61971,0.61971,0.61971,0.61971,0.61971,0.61971,0.61971,0.61971,0.61971,0.61971,0.61971
1580,0.62264,0.62264,0.62264,0.62264,0.62264,0.62264,0.62264,0.62264,0.62264,0.62264,0.62264,0.62264,0.62264,0.62264,0.62264,0.62264,0.62264,0.62264,0.62264,0.62264,0.62264,0.62264,0.62264,0.62264,0.62264,0.62264,0.62264,0.62264,0.62264
1581,0.62555,0.62555,0.62555,0.62555,0.62555,0.62555,0.62555,0.62555,0.62555,0.62555,0.62555,0.62555,0.62555,0.62555,0.62555,0.62555,0.62555,0.62555,0.62555,0.62555,0.62555,0.62555,0.62555,0.62555,0.62555,0.62555,0.62555,0.62555,0.62555
1582,0.62844,0.62844,0.62844,0.62844,0.62844,0.62844,0.62844,0.62844,0.62844,0.62844,0.62844,0.62844,0.62844,0.62844,0.62844,0.62844,0.62844,0.62844,0.62844,0.62844,0.62844,0.62844,0.62844,0.62844,0.62844,0.62844,0.62844,0.62844,0.62844
1583,0.63131,0.63131,0.63131,0.63131,0.63131,0.63131,0.63131,0.63131,0.63131,0.63131,0.63131,0.63131,0.63131,0.63131,0.63131,0.63131,0.63131,0.63131,0.63131,0.63131,0.63131,0.63131,0.63131,0.63131,0.63131,0.63131,0.63131,0.63131,0.63131
1584,0.63415,0.63415,0.63415,0.63415,0.63415,0.63415,0.63415,0.63415,0.63415,0.63415,0.63415,0.63415,0.63415,0.63415,0.63415,0.63415,0.63415,0.63415,0.63415,0.63415,0.63415,0.63415,0.63415,0.63415,0.63415,0.63415,0.63415,0.63415,0.63415
1585,0.63697,0.63697,0.63697,0.63697,0.63697,0.63697,0.63697,0.63697,0.63697,0.63697,0.63697,0.63697,0.63697,0.63697,0.63697,0.63697,0.63697,0.63697,0.63697,0.63697,0.63697,0.63697,0.63697,0.63697,0.63697,0.63697,0.63697,0.63697,0.63697
1586,0.63976,0.63976,0.63976,0.63976,0.63976,0.63976,0.63976,0.63976,0.63976,0.63976,0.63976,0.63976,0.63976,0.63976,0.63976,0.63976,0.63976,0.63976,0.63976,0.63976,0.63976,0.63976,0.63976,0.63976,0.63976,0.63976,0.63976,0.63976,0.63976
1587,0.64253,0.64253,0.64253,0.64253,0.64253,0.64253,0.64253,0.64253,0.64253,0.64253,0.64253,0.64253,0.64253,0.64253,0.64253,0.64253,0.64253,0.64253,0.64253,0.64253,0.64253,0.64253,0.64253,0.64253,0.64253,0.64253,0.64253,0.64253,0.64253
1588,0.64527,0.64527,0.64527,0.64527,0.64527,0.64527,0.64527,0.64527,0.64527,0.64527,0.64527,0.64527,0.64527,0.64527,0.64527,0.64527,0.64527,0.64527,0.64527,0.64527,0.64527,0.64527,0.64527,0.64527,0.64527,0.64527,0.64527,0.64527,0.64527
1589,0.64797,0.64797,0.64797,0.64797,0.64797,0.64797,0.64797,0.64797,0.64797,0.64797,0.64797,0.64797,0.64797,0.64797,0.64797,0.64797,0.64797,0.64797,0.64797,0.64797,0.64797,0.64797,0.64797,0.64797,0.64797,0.64797,0.64797,0.64797,0.64797
1590,0.65065,0.65065,0.65065,0.65065,0.65065,0.65065,0.65065,0.65065,0.65065,0.65065,0.65065,0.65065,0.65065,0.65065,0.65065,0.65065,0.65065,0.65065,0.65065,0.65065,0.65065,0.65065,0.65065,0.65065,0.65065,0.65065,0.65065,0.65065,0.65065
1591,0.65329,0.65329,0.65329,0.65329,0.65329,0.65329,0.65329,0.65329,0.65329,0.65329,0.65329,0.65329,0.65329,0.65329,0.65329,0.65329,0.65329,0.65329,0.65329,0.65329,0.65329,0.65329,0.65329,0.65329,0.65329,0.65329,0.65329,0.65329,0.65329
1592,0.65590,0.65590,0.65590,0.65590,0.65590,0.65590,0.65590,0.65590,0.65590,0.65590,0.65590,0.65590,0.65590,0.65590,0.65590,0.65590,0.65590,0.65590,0.65590,0.65590,0.65590,0.65590,0.65590,0.65590,0.65590,0.65590,0.65590,0.65590,0.65590
1593,0.65848,0.65848,0.65848,0.65848,0.65848,0.65848,0.65848,0.65848,0.65848,0.65848,0.65848,0.65848,0.65848,0.65848,0.65848,0.65848,0.65848,0.65848,0.65848,0.65848,0.65848,0.65848,0.65848,0.65848,0.65848,0.65848,0.65848,0.65848,0.65848
1594,0.66102,0.66102,0.66102,0.66102,0.66102,0.66102,0.66102,0.66102,0.66102,0.66102,0.66102,0.66102,0.66102,0.66102,0.66102,0.66102,0.66102,0.66102,0.66102,0.66102,0.66102,0.66102,0.66102,0.66102,0.66102,0.66102,0.66102,0.66102,0.66102
1595,0.66352,0.66352,0.66352,0.66352,0.66352,0.66352,0.66352,0.66352,0.66352,0.66352,0.66352,0.66352,0.66352,0.66352,0.66352,0.66352,0.66352,0.66352,0.66352,0.66352,0.66352,0.66352,0.66352,0.66352,0.66352,0.66352,0.66352,0.66352,0.66352
1596,0.66598,0.66598,0.66598,0.66598,0.66598,0.66598,0.66598,0.66598,0.66598,0.66598,0.66598,0.66598,0.66598,0.66598,0.66598,0.66598,0.66598,0.66598,0.66598,0.66598,0.66598,0.66598,0.66598,0.66598,0.66598,0.66598,0.66598,0.66598,0.66598
1597,0.66840,0.66840,0.66840,0.66840,0.66840,0.66840,0.66840,0.66840,0.66840,0.66840,0.66840,0.66840,0.66840,0.66840,0.66840,0.66840,0.66840,0.66840,0.66840,0.66840,0.66840,0.66840,0.66840,0.66840,0.66840,0.66840,0.66840,0.66840,0.66840
1598,0.67078,0.67078,0.67078,0.67078,0.67078,0.67078,0.67078,0.67078,0.67078,0.67078,0.67078,0.67078,0.67078,0.67078,0.67078,0.67078,0.67078,0.67078,0.67078,0.67078,0.67078,0.67078,0.67078,0.67078,0.67078,0.67078,0.67078,0.67078,0.67078
1599,0.67312,0.67312,0.67312,0.67312,0.67312,0.67312,0.67312,0.67312,0.67312,0.67312,0.67312,0.67312,0.67312,0.67312,0.67312,0.67312,0.67312,0.67312,0.67312,0.67312,0.67312,0.67312,0.67312,0.67312,0.67312,0.67312,0.67312,0.67312,0.67312
1600,0.67541,0.67541,0.67541,0.67541,0.67541,0.67541,0.67541,0.67541,0.67541,0.67541,0.67541,0.67541,0.67541,0.67541,0.67541,0.67541,0.67541,0.67541,0.67541,0.67541,0.67541,0.67541,0.67541,0.67541,0.67541,0.67541,0.67541,0.67541,0.67541
1601,0.67765,0.67765,0.67765,0.67765,0.67765,0.67765,0.67765,0.67765,0.67765,0.67765,0.67765,0.67765,0.67765,0.67765,0.67765,0.67765,0.67765,0.67765,0.67765,0.67765,0.67765,0.67765,0.67765,0.67765,0.67765,0.67765,0.67765,0.67765,0.67765
1602,0.67985,0.67985,0.67985,0.67985,0.67985,0.67985,0.67985,0.67985,0.67985,0.67985,0.67985,0.67985,0.67985,0.67985,0.67985,0.67985,0.67985,0.67985,0.67985,0.67985,0.67985,0.67985,0.67985,0.67985,0.67985,0.67985,0.67985,0.67985,0.67985
1603,0.68199,0.68199,0.68199,0.68199,0.68199,0.68199,0.68199,0.68199,0.68199,0.68199,0.68199,0.68199,0.68199,0.68199,0.68199,0.68199,0.68199,0.68199,0.68199,0.68199,0.68199,0.68199,0.68199,0.68199,0.68199,0.68199,0.68199,0.68199,0.68199
1604,0.68408,0.68408,0.68408,0.68408,0.68408,0.68408,0.68408,0.68408,0.68408,0.68408,0.68408,0.68408,0.68408,0.68408,0.68408,0.68408,0.68408,0.68408,0.68408,0.68408,0.68408,0.68408,0.68408,0.68408,0.68408,0.68408,0.68408,0.68408,0.68408
1605,0.68612,0.68612,0.68612,0.68612,0.68612,0.68612,0.68612,0.68612,0.68612,0.68612,0.68612,0.68612,0.68612,0.68612,0.68612,0.68612,0.68612,0.68612,0.68612,0.68612,0.68612,0.68612,0.68612,0.68612,0.68612,0.68612,0.68612,0.68612,0.68612
1606,0.68811,0.68811,0.68811,0.68811,0.68811,0.68811,0.68811,0.68811,0.68811,0.68811,0.68811,0.68811,0.68811,0.68811,0.68811,0.68811,0.68811,0.68811,0.68811,0.68811,0.68811,0.68811,0.68811,0.68811,0.68811,0.68811,0.68811,0.68811,0.68811
1607,0.69004,0.69004,0.69004,0.69004,0.69004,0.69004,0.69004,0.69004,0.69004,0.69004,0.69004,0.69004,0.69004,0.69004,0.69004,0.69004,0.69004,0.69004,0.69004,0.69004,0.69004,0.69004,0.69004,0.69004,0.69004,0.69004,0.69004,0.69004,0.69004
1608,0.69191,0.69191,0.69191,0.69191,0.69191,0.69191,0.69191,0.69191,0.69191,0.69191,0.69191,0.69191,0.69191,0.69191,0.69191,0.69191,0.69191,0.69191,0.69191,0.69191,0.69191,0.69191,0.69191,0.69191,0.69191,0.69191,0.69191,0.69191,0.69191
1609,0.69372,0.69372,0.69372,0.69372,0.69372,0.69372,0.69372,0.69372,0.69372,0.69372,0.69372,0.69372,0.69372,0.69372,0.69372,0.69372,0.69372,0.69372,0.69372,0.69372,0.69372,0.69372,0.69372,0.69372,0.69372,0.69372,0.69372,0.69372,0.69372
1610,0.69546,0.69546,0.69546,0.69546,0.69546,0.69546,0.69546,0.69546,0.69546,0.69546,0.69546,0.69546,0.69546,0.69546,0.69546,0.69546,0.69546,0.69546,0.69546,0.69546,0.69546,0.69546,0.69546,0.69546,0.69546,0.69546,0.69546,0.69546,0.69546
1611,0.69715,0.69715,0.69715,0.69715,0.69715,0.69715,0.69715,0.69715,0.69715,0.69715,0.69715,0.69715,0.69715,0.69715,0.69715,0.69715,0.69715,0.69715,0.69715,0.69715,0.69715,0.69715,0.69715,0.69715,0.69715,0.69715,0.69715,0.69715,0.69715
1612,0.69877,0.69877,0.69877,0.69877,0.69877,0.69877,0.69877,0.69877,0.69877,0.69877,0.69877,0.69877,0.69877,0.69877,0.69877,0.69877,0.69877,0.69877,0.69877,0.69877,0.69877,0.69877,0.69877,0.69877,0.69877,0.69877,0.69877,0.69877,0.69877
1613,0.70032,0.70032,0.70032,0.70032,0.70032,0.70032,0.70032,0.70032,0.70032,0.70032,0.70032,0.70032,0.70032,0.70032,0.70032,0.70032,0.70032,0.70032,0.70032,0.70032,0.70032,0.70032,0.70032,0.70032,0.70032,0.70032,0.70032,0.70032,0.70032
1614,0.70181,0.70181,0.70181,0.70181,0.70181,0.70181,0.70181,0.70181,0.70181,0.70181,0.70181,0.70181,0.70181,0.70181,0.70181,0.70181,0.70181,0.70181,0.70181,0.70181,0.70181,0.70181,0.70181,0.70181,0.70181,0.70181,0.70181,0.70181,0.70181
1615,0.70322,0.70322,0.70322,0.70322,0.70322,0.70322,0.70322,0.70322,0.70322,0.70322,0.70322,0.70322,0.70322,0.70322,0.70322,0.70322,0.70322,0.70322,0.70322,0.70322,0.70322,0.70322,0.70322,0.70322,0.70322,0.70322,0.70322,0.70322,0.70322
1616,0.70457,0.70457,0.70457,0.70457,0.70457,0.70457,0.70457,0.70457,0.70457,0.70457,0.70457,0.70457,0.70457,0.70457,0.70457,0.70457,0.70457,0.70457,0.70457,0.70457,0.70457,0.70457,0.70457,0.70457,0.70457,0.70457,0.70457,0.70457,0.70457
1617,0.70584,0.70584,0.70584,0.70584,0.70584,0.70584,0.70584,0.70584,0.70584,0.70584,0.70584,0.70584,0.70584,0.70584,0.70584,0.70584,0.70584,0.70584,0.70584,0.70584,0.70584,0.70584,0.70584,0.70584,0.70584,0.70584,0.70584,0.70584,0.70584
1618,0.70704,0.70704,0.70704,0.70704,0.70704,0.70704,0.70704,0.70704,0.70704,0.70704,0.70704,0.70704,0.70704,0.70704,0.70704,0.70704,0.70704,0.70704,0.70704,0.70704,0.70704,0.70704,0.70704,0.70704,0.70704,0.70704,0.70704,0.70704,0.70704
1619,0.70817,0.70817,0.70817,0.70817,0.70817,0.70817,0.70817,0.70817,0.70817,0.70817,0.70817,0.70817,0.70817,0.70817,0.70817,0.70817,0.70817,0.70817,0.70817,0.70817,0.70817,0.70817,0.70817,0.70817,0.70817,0.70817,0.70817,0.70817,0.70817
1620,0.70921,0.70921,0.70921,0.70921,0.70921,0.70921,0.70921,0.70921,0.70921,0.70921,0.70921,0.70921,0.70921,0.70921,0.70921,0.70921,0.70921,0.70921,0.70921,0.70921,0.70921,0.70921,0.70921,0.70921,0.70921,0.70921,0.70921,0.70921,0.70921
1621,0.71018,0.71018,0.71018,0.71018,0.71018,0.71018,0.71018,0.71018,0.71018,0.71018,0.71018,0.71018,0.71018,0.71018,0.71018,0.71018,0.71018,0.71018,0.71018,0.71018,0.71018,0.71018,0.71018,0.71018,0.71018,0.71018,0.71018,0.71018,0.71018
1622,0.71108,0.71108,0.71108,0.71108,0.71108,0.71108,0.71108,0.71108,0.71108,0.71108,0.71108,0.71108,0.71108,0.71108,0.71108,0.71108,0.71108,0.71108,0.71108,0.71108,0.71108,0.71108,0.71108,0.71108,0.71108,0.71108,0.71108,0.71108,0.71108
1623,0.71189,0.71189,0.71189,0.71189,0.71189,0.71189,0.71189,0.71189,0.71189,0.71189,0.71189,0.71189,0.71189,0.71189,0.71189,0.71189,0.71189,0.71189,0.71189,0.71189,0.71189,0.71189,0.71189,0.71189,0.71189,0.71189,0.71189,0.71189,0.71189
1624,0.71262,0.71262,0.71262,0.71262,0.71262,0.71262,0.71262,0.71262,0.71262,0.71262,0.71262,0.71262,0.71262,0.71262,0.71262,0.71262,0.71262,0.71262,0.71262,0.71262,0.71262,0.71262,0.71262,0.71262,0.71262,0.71262,0.71262,0.71262,0.71262
1625,0.71327,0.71327,0.71327,0.71327,0.71327,0.71327,0.71327,0.71327,0.71327,0.71327,0.71327,0.71327,0.71327,0.71327,0.71327,0.71327,0.71327,0.71327,0.71327,0.71327,0.71327,0.71327,0.71327,0.71327,0.71327,0.71327,0.71327,0.71327,0.71327
1626,0.71384,0.71384,0.71384,0.71384,0.71384,0.71384,0.71384,0.71384,0.71384,0.71384,0.71384,0.71384,0.71384,0.71384,0.71384,0.71384,0.71384,0.71384,0.71384,0.71384,0.71384,0.71384,0.71384,0.71384,0.71384,0.71384,0.71384,0.71384,0.71384
1627,0.71433,0.71433,0.71433,0.71433,0.71433,0.71433,0.71433,0.71433,0.71433,0.71433,0.71433,0.71433,0.71433,0.71433,0.71433,0.71433,0.71433,0.71433,0.71433,0.71433,0.71433,0.71433,0.71433,0.71433,0.71433,0.71433,0.71433,0.71433,0.71433
1628,0.71473,0.71473,0.71473,0.71473,0.71473,0.71473,0.71473,0.71473,0.71473,0.71473,0.71473,0.71473,0.71473,0.71473,0.71473,0.71473,0.71473,0.71473,0.71473,0.71473,0.71473,0.71473,0.71473,0.71473,0.71473,0.71473,0.71473,0.71473,0.71473
1629,0.71504,0.71504,0.71504,0.71504,0.71504,0.71504,0.71504,0.71504,0.71504,0.71504,0.71504,0.71504,0.71504,0.71504,0.71504,0.71504,0.71504,0.71504,0.71504,0.71504,0.71504,0.71504,0.71504,0.71504,0.71504,0.71504,0.71504,0.71504,0.71504
1630,0.71528,0.71528,0.71528,0.71528,0.71528,0.71528,0.71528,0.71528,0.71528,0.71528,0.71528,0.71528,0.71528,0.71528,0.71528,0.71528,0.71528,0.71528,0.71528,0.71528,0.71528,0.71528,0.71528,0.71528,0.71528,0.71528,0.71528,0.71528,0.71528
1631,0.71543,0.71543,0.71543,0.71543,0.71543,0.71543,0.71543,0.71543,0.71543,0.71543,0.71543,0.71543,0.71543,0.71543,0.71543,0.71543,0.71543,0.71543,0.71543,0.71543,0.71543,0.71543,0.71543,0.71543,0.71543,0.71543,0.71543,0.71543,0.71543
1632,0.71549,0.71549,0.71549,0.71549,0.71549,0.71549,0.71549,0.71549,0.71549,0.71549,0.71549,0.71549,0.71549,0.71549,0.71549,0.71549,0.71549,0.71549,0.71549,0.71549,0.71549,0.71549,0.71549,0.71549,0.71549,0.71549,0.71549,0.71549,0.71549
1633,0.71547,0.71547,0.71547,0.71547,0.71547,0.71547,0.71547,0.71547,0.71547,0.71547,0.71547,0.71547,0.71547,0.71547,0.71547,0.71547,0.71547,0.71547,0.71547,0.71547,0.71547,0.71547,0.71547,0.71547,0.71547,0.71547,0.71547,0.71547,0.71547
1634,0.71536,0.71536,0.71536,0.71536,0.71536,0.71536,0.71536,0.71536,0.71536,0.71536,0.71536,0.71536,0.71536,0.71536,0.71536,0.71536,0.71536,0.71536,0.71536,0.71536,0.71536,0.71536,0.71536,0.71536,0.71536,0.71536,0.71536,0.71536,0.71536
1635,0.71517,0.71517,0.71517,0.71517,0.71517,0.71517,0.71517,0.71517,0.71517,0.71517,0.71517,0.71517,0.71517,0.71517,0.71517,0.71517,0.71517,0.71517,0.71517,0.71517,0.71517,0.71517,0.71517,0.71517,0.71517,0.71517,0.71517,0.71517,0.71517
1636,0.71490,0.71490,0.71490,0.71490,0.71490,0.71490,0.71490,0.71490,0.71490,0.71490,0.71490,0.71490,0.71490,0.71490,0.71490,0.71490,0.71490,0.71490,0.71490,0.71490,0.71490,0.71490,0.71490,0.71490,0.71490,0.71490,0.71490,0.71490,0.71490
1637,0.71454,0.71454,0.71454,0.71454,0.71454,0.71454,0.71454,0.71454,0.71454,0.71454,0.71454,0.71454,0.71454,0.71454,0.71454,0.71454,0.71454,0.71454,0.71454,0.71454,0.71454,0.71454,0.71454,0.71454,0.71454,0.71454,0.71454,0.71454,0.71454
1638,0.71409,0.71409,0.71409,0.71409,0.71409,0.71409,0.71409,0.71409,0.71409,0.71409,0.71409,0.71409,0.71409,0.71409,0.71409,0.71409,0.71409,0.71409,0.71409,0.71409,0.71409,0.71409,0.71409,0.71409,0.71409,0.71409,0.71409,0.71409,0.71409
1639,0.71357,0.71357,0.71357,0.71357,0.71357,0.71357,0.71357,0.71357,0.71357,0.71357,0.71357,0.71357,0.71357,0.71357,0.71357,0.71357,0.71357,0.71357,0.71357,0.71357,0.71357,0.71357,0.71357,0.71357,0.71357,0.71357,0.71357,0.71357,0.71357
1640,0.71296,0.71296,0.71296,0.71296,0.71296,0.71296,0.71296,0.71296,0.71296,0.71296,0.71296,0.71296,0.71296,0.71296,0.71296,0.71296,0.71296,0.71296,0.71296,0.71296,0.71296,0.71296,0.71296,0.71296,0.71296,0.71296,0.71296,0.71296,0.71296
1641,0.71227,0.71227,0.71227,0.71227,0.71227,0.71227,0.71227,0.71227,0.71227,0.71227,0.71227,0.71227,0.71227,0.71227,0.71227,0.71227,0.71227,0.71227,0.71227,0.71227,0.71227,0.71227,0.71227,0.71227,0.71227,0.71227,0.71227,0.71227,0.71227
1642,0.71149,0.71149,0.71149,0.71149,0.71149,0.71149,0.71149,0.71149,0.71149,0.71149,0.71149,0.71149,0.71149,0.71149,0.71149,0.71149,0.71149,0.71149,0.71149,0.71149,0.71149,0.71149,0.71149,0.71149,0.71149,0.71149,0.71149,0.71149,0.71149
1643,0.71064,0.71064,0.71064,0.71064,0.71064,0.71064,0.71064,0.71064,0.71064,0.71064,0.71064,0.71064,0.71064,0.71064,0.71064,0.71064,0.71064,0.71064,0.71064,0.71064,0.71064,0.71064,0.71064,0.71064,0.71064,0.71064,0.71064,0.71064,0.71064
1644,0.70971,0.70971,0.70971,0.70971,0.70971,0.70971,0.70971,0.70971,0.70971,0.70971,0.70971,0.70971,0.70971,0.70971,0.70971,0.70971,0.70971,0.70971,0.70971,0.70971,0.70971,0.70971,0.70971,0.70971,0.70971,0.70971,0.70971,0.70971,0.70971
1645,0.70870,0.70870,0.70870,0.70870,0.70870,0.70870,0.70870,0.70870,0.70870,0.70870,0.70870,0.70870,0.70870,0.70870,0.70870,0.70870,0.70870,0.70870,0.70870,0.70870,0.70870,0.70870,0.70870,0.70870,0.70870,0.70870,0.70870,0.70870,0.70870
1646,0.70761,0.70761,0.70761,0.70761,0.70761,0.70761,0.70761,0.70761,0.70761,0.70761,0.70761,0.70761,0.70761,0.70761,0.70761,0.70761,0.70761,0.70761,0.70761,0.70761,0.70761,0.70761,0.70761,0.70761,0.70761,0.70761,0.70761,0.70761,0.70761
1647,0.70645,0.70645,0.70645,0.70645,0.70645,0.70645,0.70645,0.70645,0.70645,0.70645,0.70645,0.70645,0.70645,0.70645,0.70645,0.70645,0.70645,0.70645,0.70645,0.70645,0.70645,0.70645,0.70645,0.70645,0.70645,0.70645,0.70645,0.70645,0.70645
1648,0.70521,0.70521,0.70521,0.70521,0.70521,0.70521,0.70521,0.70521,0.70521,0.70521,0.70521,0.70521,0.70521,0.70521,0.70521,0.70521,0.70521,0.70521,0.70521,0.70521,0.70521,0.70521,0.70521,0.70521,0.70521,0.70521,0.70521,0.70521,0.70521
1649,0.70391,0.70391,0.70391,0.70391,0.70391,0.70391,0.70391,0.70391,0.70391,0.70391,0.70391,0.70391,0.70391,0.70391,0.70391,0.70391,0.70391,0.70391,0.70391,0.70391,0.70391,0.70391,0.70391,0.70391,0.70391,0.70391,0.70391,0.70391,0.70391
1650,0.70252,0.70252,0.70252,0.70252,0.70252,0.70252,0.70252,0.70252,0.70252,0.70252,0.70252,0.70252,0.70252,0.70252,0.70252,0.70252,0.70252,0.70252,0.70252,0.70252,0.70252,0.70252,0.70252,0.70252,0.70252,0.70252,0.70252,0.70252,0.70252
1651,0.70107,0.70107,0.70107,0.70107,0.70107,0.70107,0.70107,0.70107,0.70107,0.70107,0.70107,0.70107,0.70107,0.70107,0.70107,0.70107,0.70107,0.70107,0.70107,0.70107,0.70107,0.70107,0.70107,0.70107,0.70107,0.70107,0.70107,0.70107,0.70107
1652,0.69955,0.69955,0.69955,0.69955,0.69955,0.69955,0.69955,0.69955,0.69955,0.69955,0.69955,0.69955,0.69955,0.69955,0.69955,0.69955,0.69955,0.69955,0.69955,0.69955,0.69955,0.69955,0.69955,0.69955,0.69955,0.69955,0.69955,0.69955,0.69955
1653,0.69797,0.69797,0.69797,0.69797,0.69797,0.69797,0.69797,0.69797,0.69797,0.69797,0.69797,0.69797,0.69797,0.69797,0.69797,0.69797,0.69797,0.69797,0.69797,0.69797,0.69797,0.69797,0.69797,0.69797,0.69797,0.69797,0.69797,0.69797,0.69797
1654,0.69631,0.69631,0.69631,0.69631,0.69631,0.69631,0.69631,0.69631,0.69631,0.69631,0.69631,0.69631,0.69631,0.69631,0.69631,0.69631,0.69631,0.69631,0.69631,0.69631,0.69631,0.69631,0.69631,0.69631,0.69631,0.69631,0.69631,0.69631,0.69631
1655,0.69460,0.69460,0.69460,0.69460,0.69460,0.69460,0.69460,0.69460,0.69460,0.69460,0.69460,0.69460,0.69460,0.69460,0.69460,0.69460,0.69460,0.69460,0.69460,0.69460,0.69460,0.69460,0.69460,0.69460,0.69460,0.69460,0.69460,0.69460,0.69460
1656,0.69282,0.69282,0.69282,0.69282,0.69282,0.69282,0.69282,0.69282,0.69282,0.69282,0.69282,0.69282,0.69282,0.69282,0.69282,0.69282,0.69282,0.69282,0.69282,0.69282,0.69282,0.69282,0.69282,0.69282,0.69282,0.69282,0.69282,0.69282,0.69282
1657,0.69098,0.69098,0.69098,0.69098,0.69098,0.69098,0.69098,0.69098,0.69098,0.69098,0.69098,0.69098,0.69098,0.69098,0.69098,0.69098,0.69098,0.69098,0.69098,0.69098,0.69098,0.69098,0.69098,0.69098,0.69098,0.69098,0.69098,0.69098,0.69098
1658,0.68908,0.68908,0.68908,0.68908,0.68908,0.68908,0.68908,0.68908,0.68908,0.68908,0.68908,0.68908,0.68908,0.68908,0.68908,0.68908,0.68908,0.68908,0.68908,0.68908,0.68908,0.68908,0.68908,0.68908,0.68908,0.68908,0.68908,0.68908,0.68908
1659,0.68712,0.68712,0.68712,0.68712,0.68712,0.68712,0.68712,0.68712,0.68712,0.68712,0.68712,0.68712,0.68712,0.68712,0.68712,0.68712,0.68712,0.68712,0.68712,0.68712,0.68712,0.68712,0.68712,0.68712,0.68712,0.68712,0.68712,0.68712,0.68712
1660,0.68511,0.68511,0.68511,0.68511,0.68511,0.68511,0.68511,0.68511,0.68511,0.68511,0.68511,0.68511,0.68511,0.68511,0.68511,0.68511,0.68511,0.68511,0.68511,0.68511,0.68511,0.68511,0.68511,0.68511,0.68511,0.68511,0.68511,0.68511,0.68511
1661,0.68304,0.68304,0.68304,0.68304,0.68304,0.68304,0.68304,0.68304,0.68304,0.68304,0.68304,0.68304,0.68304,0.68304,0.68304,0.68304,0.68304,0.68304,0.68304,0.68304,0.68304,0.68304,0.68304,0.68304,0.68304,0.68304,0.68304,0.68304,0.68304
1662,0.68093,0.68093,0.68093,0.68093,0.68093,0.68093,0.68093,0.68093,0.68093,0.68093,0.68093,0.68093,0.68093,0.68093,0.68093,0.68093,0.68093,0.68093,0.68093,0.68093,0.68093,0.68093,0.68093,0.68093,0.68093,0.68093,0.68093,0.68093,0.68093
1663,0.67876,0.67876,0.67876,0.67876,0.67876,0.67876,0.67876,0.67876,0.67876,0.67876,0.67876,0.67876,0.67876,0.67876,0.67876,0.67876,0.67876,0.67876,0.67876,0.67876,0.67876,0.67876,0.67876,0.67876,0.67876,0.67876,0.67876,0.67876,0.67876
1664,0.67654,0.67654,0.67654,0.67654,0.67654,0.67654,0.67654,0.67654,0.67654,0.67654,0.67654,0.67654,0.67654,0.67654,0.67654,0.67654,0.67654,0.67654,0.67654,0.67654,0.67654,0.67654,0.67654,0.67654,0.67654,0.67654,0.67654,0.67654,0.67654
1665,0.67427,0.67427,0.67427,0.67427,0.67427,0.67427,0.67427,0.67427,0.67427,0.67427,0.67427,0.67427,0.67427,0.67427,0.67427,0.67427,0.67427,0.67427,0.67427,0.67427,0.67427,0.67427,0.67427,0.67427,0.67427,0.67427,0.67427,0.67427,0.67427
1666,0.67196,0.67196,0.67196,0.67196,0.67196,0.67196,0.67196,0.67196,0.67196,0.67196,0.67196,0.67196,0.67196,0.67196,0.67196,0.67196,0.67196,0.67196,0.67196,0.67196,0.67196,0.67196,0.67196,0.67196,0.67196,0.67196,0.67196,0.67196,0.67196
1667,0.66960,0.66960,0.66960,0.66960,0.66960,0.66960,0.66960,0.66960,0.66960,0.66960,0.66960,0.66960,0.66960,0.66960,0.66960,0.66960,0.66960,0.66960,0.66960,0.66960,0.66960,0.66960,0.66960,0.66960,0.66960,0.66960,0.66960,0.66960,0.66960
1668,0.66720,0.66720,0.66720,0.66720,0.66720,0.66720,0.66720,0.66720,0.66720,0.66720,0.66720,0.66720,0.66720,0.66720,0.66720,0.66720,0.66720,0.66720,0.66720,0.66720,0.66720,0.66720,0.66720,0.66720,0.66720,0.66720,0.66720,0.66720,0.66720
1669,0.66476,0.66476,0.66476,0.66476,0.66476,0.66476,0.66476,0.66476,0.66476,0.66476,0.66476,0.66476,0.66476,0.66476,0.66476,0.66476,0.66476,0.66476,0.66476,0.66476,0.66476,0.66476,0.66476,0.66476,0.66476,0.66476,0.66476,0.66476,0.66476
1670,0.66227,0.66227,0.66227,0.66227,0.66227,0.66227,0.66227,0.66227,0.66227,0.66227,0.66227,0.66227,0.66227,0.66227,0.66227,0.66227,0.66227,0.66227,0.66227,0.66227,0.66227,0.66227,0.66227,0.66227,0.66227,0.66227,0.66227,0.66227,0.66227
1671,0.65975,0.65975,0.65975,0.65975,0.65975,0.65975,0.65975,0.65975,0.65975,0.65975,0.65975,0.65975,0.65975,0.65975,0.65975,0.65975,0.65975,0.65975,0.65975,0.65975,0.65975,0.65975,0.65975,0.65975,0.65975,0.65975,0.65975,0.65975,0.65975
1672,0.65720,0.65720,0.65720,0.65720,0.65720,0.65720,0.65720,0.65720,0.65720,0.65720,0.65720,0.65720,0.65720,0.65720,0.65720,0.65720,0.65720,0.65720,0.65720,0.65720,0.65720,0.65720,0.65720,0.65720,0.65720,0.65720,0.65720,0.65720,0.65720
1673,0.65460,0.65460,0.65460,0.65460,0.65460,0.65460,0.65460,0.65460,0.65460,0.65460,0.65460,0.65460,0.65460,0.65460,0.65460,0.65460,0.65460,0.65460,0.65460,0.65460,0.65460,0.65460,0.65460,0.65460,0.65460,0.65460,0.65460,0.65460,0.65460
1674,0.65198,0.65198,0.65198,0.65198,0.65198,0.65198,0.65198,0.65198,0.65198,0.65198,0.65198,0.65198,0.65198,0.65198,0.65198,0.65198,0.65198,0.65198,0.65198,0.65198,0.65198,0.65198,0.65198,0.65198,0.65198,0.65198,0.65198,0.65198,0.65198
1675,0.64931,0.64931,0.64931,0.64931,0.64931,0.64931,0.64931,0.64931,0.64931,0.64931,0.64931,0.64931,0.64931,0.64931,0.64931,0.64931,0.64931,0.64931,0.64931,0.64931,0.64931,0.64931,0.64931,0.64931,0.64931,0.64931,0.64931,0.64931,0.64931
1676,0.64662,0.64662,0.64662,0.64662,0.64662,0.64662,0.64662,0.64662,0.64662,0.64662,0.64662,0.64662,0.64662,0.64662,0.64662,0.64662,0.64662,0.64662,0.64662,0.64662,0.64662,0.64662,0.64662,0.64662,0.64662,0.64662,0.64662,0.64662,0.64662
1677,0.64390,0.64390,0.64390,0.64390,0.64390,0.64390,0.64390,0.64390,0.64390,0.64390,0.64390,0.64390,0.64390,0.64390,0.64390,0.64390,0.64390,0.64390,0.64390,0.64390,0.64390,0.64390,0.64390,0.64390,0.64390,0.64390,0.64390,0.64390,0.64390
1678,0.64115,0.64115,0.64115,0.64115,0.64115,0.64115,0.64115,0.64115,0.64115,0.64115,0.64115,0.64115,0.64115,0.64115,0.64115,0.64115,0.64115,0.64115,0.64115,0.64115,0.64115,0.64115,0.64115,0.64115,0.64115,0.64115,0.64115,0.64115,0.64115
1679,0.63837,0.63837,0.63837,0.63837,0.63837,0.63837,0.63837,0.63837,0.63837,0.63837,0.63837,0.63837,0.63837,0.63837,0.63837,0.63837,0.63837,0.63837,0.63837,0.63837,0.63837,0.63837,0.63837,0.63837,0.63837,0.63837,0.63837,0.63837,0.63837
1680,0.63557,0.63557,0.63557,0.63557,0.63557,0.63557,0.63557,0.63557,0.63557,0.63557,0.63557,0.63557,0.63557,0.63557,0.63557,0.63557,0.63557,0.63557,0.63557,0.63557,0.63557,0.63557,0.63557,0.63557,0.63557,0.63557,0.63557,0.63557,0.63557
1681,0.63274,0.63274,0.63274,0.63274,0.63274,0.63274,0.63274,0.63274,0.63274,0.63274,0.63274,0.63274,0.63274,0.63274,0.63274,0.63274,0.63274,0.63274,0.63274,0.63274,0.63274,0.63274,0.63274,0.63274,0.63274,0.63274,0.63274,0.63274,0.63274
1682,0.62988,0.62988,0.62988,0.62988,0.62988,0.62988,0.62988,0.62988,0.62988,0.62988,0.62988,0.62988,0.62988,0.62988,0.62988,0.62988,0.62988,0.62988,0.62988,0.62988,0.62988,0.62988,0.62988,0.62988,0.62988,0.62988,0.62988,0.62988,0.62988
1683,0.62700,0.62700,0.62700,0.62700,0.62700,0.62700,0.62700,0.62700,0.62700,0.62700,0.62700,0.62700,0.62700,0.62700,0.62700,0.62700,0.62700,0.62700,0.62700,0.62700,0.62700,0.62700,0.62700,0.62700,0.62700,0.62700,0.62700,0.62700,0.62700
1684,0.62410,0.62410,0.62410,0.62410,0.62410,0.62410,0.62410,0.62410,0.62410,0.62410,0.62410,0.62410,0.62410,0.62410,0.62410,0.62410,0.62410,0.62410,0.62410,0.62410,0.62410,0.62410,0.62410,0.62410,0.62410,0.62410,0.62410,0.62410,0.62410
1685,0.62118,0.62118,0.62118,0.62118,0.62118,0.62118,0.62118,0.62118,0.62118,0.62118,0.62118,0.62118,0.62118,0.62118,0.62118,0.62118,0.62118,0.62118,0.62118,0.62118,0.62118,0.62118,0.62118,0.62118,0.62118,0.62118,0.62118,0.62118,0.62118
1686,0.61824,0.61824,0.61824,0.61824,0.61824,0.61824,0.61824,0.61824,0.61824,0.61824,0.61824,0.61824,0.61824,0.61824,0.61824,0.61824,0.61824,0.61824,0.61824,0.61824,0.61824,0.61824,0.61824,0.61824,0.61824,0.61824,0.61824,0.61824,0.61824
1687,0.61528,0.61528,0.61528,0.61528,0.61528,0.61528,0.61528,0.61528,0.61528,0.61528,0.61528,0.61528,0.61528,0.61528,0.61528,0.61528,0.61528,0.61528,0.61528,0.61528,0.61528,0.61528,0.61528,0.61528,0.61528,0.61528,0.61528,0.61528,0.61528
1688,0.61230,0.61230,0.61230,0.61230,0.61230,0.61230,0.61230,0.61230,0.61230,0.61230,0.61230,0.61230,0.61230,0.61230,0.61230,0.61230,0.61230,0.61230,0.61230,0.61230,0.61230,0.61230,0.61230,0.61230,0.61230,0.61230,0.61230,0.61230,0.61230
1689,0.60930,0.60930,0.60930,0.60930,0.60930,0.60930,0.60930,0.60930,0.60930,0.60930,0.60930,0.60930,0.60930,0.60930,0.60930,0.60930,0.60930,0.60930,0.60930,0.60930,0.60930,0.60930,0.60930,0.60930,0.60930,0.60930,0.60930,0.60930,0.60930
1690,0.60629,0.60629,0.60629,0.60629,0.60629,0.60629,0.60629,0.60629,0.60629,0.60629,0.60629,0.60629,0.60629,0.60629,0.60629,0.60629,0.60629,0.60629,0.60629,0.60629,0.60629,0.60629,0.60629,0.60629,0.60629,0.60629,0.60629,0.60629,0.60629
1691,0.60326,0.60326,0.60326,0.60326,0.60326,0.60326,0.60326,0.60326,0.60326,0.60326,0.60326,0.60326,0.60326,0.60326,0.60326,0.60326,0.60326,0.60326,0.60326,0.60326,0.60326,0.60326,0.60326,0.60326,0.60326,0.60326,0.60326,0.60326,0.60326
1692,0.60021,0.60021,0.60021,0.60021,0.60021,0.60021,0.60021,0.60021,0.60021,0.60021,0.60021,0.60021,0.60021,0.60021,0.60021,0.60021,0.60021,0.60021,0.60021,0.60021,0.60021,0.60021,0.60021,0.60021,0.60021,0.60021,0.60021,0.60021,0.60021
1693,0.59715,0.59715,0.59715,0.59715,0.59715,0.59715,0.59715,0.59715,0.59715,0.59715,0.59715,0.59715,0.59715,0.59715,0.59715,0.59715,0.59715,0.59715,0.59715,0.59715,0.59715,0.59715,0.59715,0.59715,0.59715,0.59715,0.59715,0.59715,0.59715
1694,0.59408,0.59408,0.59408,0.59408,0.59408,0.59408,0.59408,0.59408,0.59408,0.59408,0.59408,0.59408,0.59408,0.59408,0.59408,0.59408,0.59408,0.59408,0.59408,0.59408,0.59408,0.59408,0.59408,0.59408,0.59408,0.59408,0.59408,0.59408,0.59408
1695,0.59100,0.59100,0.59100,0.59100,0.59100,0.59100,0.59100,0.59100,0.59100,0.59100,0.59100,0.59100,0.59100,0.59100,0.59100,0.59100,0.59100,0.59100,0.59100,0.59100,0.59100,0.59100,0.59100,0.59100,0.59100,0.59100,0.59100,0.59100,0.59100
1696,0.58790,0.58790,0.58790,0.58790,0.58790,0.58790,0.58790,0.58790,0.58790,0.58790,0.58790,0.58790,0.58790,0.58790,0.58790,0.58790,0.58790,0.58790,0.58790,0.58790,0.58790,0.58790,0.58790,0.58790,0.58790,0.58790,0.58790,0.58790,0.58790
1697,0.58479,0.58479,0.58479,0.58479,0.58479,0.58479,0.58479,0.58479,0.58479,0.58479,0.58479,0.58479,0.58479,0.58479,0.58479,0.58479,0.58479,0.58479,0.58479,0.58479,0.58479,0.58479,0.58479,0.58479,0.58479,0.58479,0.58479,0.58479,0.58479
1698,0.58167,0.58167,0.58167,0.58167,0.58167,0.58167,0.58167,0.58167,0.58167,0.58167,0.58167,0.58167,0.58167,0.58167,0.58167,0.58167,0.58167,0.58167,0.58167,0.58167,0.58167,0.58167,0.58167,0.58167,0.58167,0.58167,0.58167,0.58167,0.58167
1699,0.57854,0.57854,0.57854,0.57854,0.57854,0.57854,0.57854,0.57854,0.57854,0.57854,0.57854,0.57854,0.57854,0.57854,0.57854,0.57854,0.57854,0.57854,0.57854,0.57854,0.57854,0.57854,0.57854,0.57854,0.57854,0.57854,0.57854,0.57854,0.57854
1700,0.57540,0.57540,0.57540,0.57540,0.57540,0.57540,0.57540,0.57540,0.57540,0.57540,0.57540,0.57540,0.57540,0.57540,0.57540,0.57540,0.57540,0.57540,0.57540,0.57540,0.57540,0.57540,0.57540,0.57540,0.57540,0.57540,0.57540,0.57540,0.57540
1701,0.57225,0.57225,0.57225,0.57225,0.57225,0.57225,0.57225,0.57225,0.57225,0.57225,0.57225,0.57225,0.57225,0.57225,0.57225,0.57225,0.57225,0.57225,0.57225,0.57225,0.57225,0.57225,0.57225,0.57225,0.57225,0.57225,0.57225,0.57225,0.57225
1702,0.56910,0.56910,0.56910,0.56910,0.56910,0.56910,0.56910,0.56910,0.56910,0.56910,0.56910,0.56910,0.56910,0.56910,0.56910,0.56910,0.56910,0.56910,0.56910,0.56910,0.56910,0.56910,0.56910,0.56910,0.56910,0.56910,0.56910,0.56910,0.56910
1703,0.56593,0.56593,0.56593,0.56593,0.56593,0.56593,0.56593,0.56593,0.56593,0.56593,0.56593,0.56593,0.56593,0.56593,0.56593,0.56593,0.56593,0.56593,0.56593,0.56593,0.56593,0.56593,0.56593,0.56593,0.56593,0.56593,0.56593,0.56593,0.56593
1704,0.56276,0.56276,0.56276,0.56276,0.56276,0.56276,0.56276,0.56276,0.56276,0.56276,0.56276,0.56276,0.56276,0.56276,0.56276,0.56276,0.56276,0.56276,0.56276,0.56276,0.56276,0.56276,0.56276,0.56276,0.56276,0.56276,0.56276,0.56276,0.56276
1705,0.55958,0.55958,0.55958,0.55958,0.55958,0.55958,0.55958,0.55958,0.55958,0.55958,0.55958,0.55958,0.55958,0.55958,0.55958,0.55958,0.55958,0.55958,0.55958,0.55958,0.55958,0.55958,0.55958,0.55958,0.55958,0.55958,0.55958,0.55958,0.55958
1706,0.55640,0.55640,0.55640,0.55640,0.55640,0.55640,0.55640,0.55640,0.55640,0.55640,0.55640,0.55640,0.55640,0.55640,0.55640,0.55640,0.55640,0.55640,0.55640,0.55640,0.55640,0.55640,0.55640,0.55640,0.55640,0.55640,0.55640,0.55640,0.55640
1707,0.55320,0.55320,0.55320,0.55320,0.55320,0.55320,0.55320,0.55320,0.55320,0.55320,0.55320,0.55320,0.55320,0.55320,0.55320,0.55320,0.55320,0.55320,0.55320,0.55320,0.55320,0.55320,0.55320,0.55320,0.55320,0.55320,0.55320,0.55320,0.55320
1708,0.55001,0.55001,0.55001,0.55001,0.55001,0.55001,0.55001,0.55001,0.55001,0.55001,0.55001,0.55001,0.55001,0.55001,0.55001,0.55001,0.55001,0.55001,0.55001,0.55001,0.55001,0.55001,0.55001,0.55001,0.55001,0.55001,0.55001,0.55001,0.55001
1709,0.54680,0.54680,0.54680,0.54680,0.54680,0.54680,0.54680,0.54680,0.54680,0.54680,0.54680,0.54680,0.54680,0.54680,0.54680,0.54680,0.54680,0.54680,0.54680,0.54680,0.54680,0.54680,0.54680,0.54680,0.54680,0.54680,0.54680,0.54680,0.54680
1710,0.54360,0.54360,0.54360,0.54360,0.54360,0.54360,0.54360,0.54360,0.54360,0.54360,0.54360,0.54360,0.54360,0.54360,0.54360,0.54360,0.54360,0.54360,0.54360,0.54360,0.54360,0.54360,0.54360,0.54360,0.54360,0.54360,0.54360,0.54360,0.54360
1711,0.54038,0.54038,0.54038,0.54038,0.54038,0.54038,0.54038,0.54038,0.54038,0.54038,0.54038,0.54038,0.54038,0.54038,0.54038,0.54038,0.54038,0.54038,0.54038,0.54038,0.54038,0.54038,0.54038,0.54038,0.54038,0.54038,0.54038,0.54038,0.54038
1712,0.53717,0.53717,0.53717,0.53717,0.53717,0.53717,0.53717,0.53717,0.53717,0.53717,0.53717,0.53717,0.53717,0.53717,0.53717,0.53717,0.53717,0.53717,0.53717,0.53717,0.53717,0.53717,0.53717,0.53717,0.53717,0.53717,0.53717,0.53717,0.53717
1713,0.53395,0.53395,0.53395,0.53395,0.53395,0.53395,0.53395,0.53395,0.53395,0.53395,0.53395,0.53395,0.53395,0.53395,0.53395,0.53395,0.53395,0.53395,0.53395,0.53395,0.53395,0.53395,0.53395,0.53395,0.53395,0.53395,0.53395,0.53395,0.53395
1714,0.53072,0.53072,0.53072,0.53072,0.53072,0.53072,0.53072,0.53072,0.53072,0.53072,0.53072,0.53072,0.53072,0.53072,0.53072,0.53072,0.53072,0.53072,0.53072,0.53072,0.53072,0.53072,0.53072,0.53072,0.53072,0.53072,0.53072,0.53072,0.53072
1715,0.52750,0.52750,0.52750,0.52750,0.52750,0.52750,0.52750,0.52750,0.52750,0.52750,0.52750,0.52750,0.52750,0.52750,0.52750,0.52750,0.52750,0.52750,0.52750,0.52750,0.52750,0.52750,0.52750,0.52750,0.52750,0.52750,0.52750,0.52750,0.52750
1716,0.52427,0.52427,0.52427,0.52427,0.52427,0.52427,0.52427,0.52427,0.52427,0.52427,0.52427,0.52427,0.52427,0.52427,0.52427,0.52427,0.52427,0.52427,0.52427,0.52427,0.52427,0.52427,0.52427,0.52427,0.52427,0.52427,0.52427,0.52427,0.52427
1717,0.52104,0.52104,0.52104,0.52104,0.52104,0.52104,0.52104,0.52104,0.52104,0.52104,0.52104,0.52104,0.52104,0.52104,0.52104,0.52104,0.52104,0.52104,0.52104,0.52104,0.52104,0.52104,0.52104,0.52104,0.52104,0.52104,0.52104,0.52104,0.52104
1718,0.51780,0.51780,0.51780,0.51780,0.51780,0.51780,0.51780,0.51780,0.51780,0.51780,0.51780,0.51780,0.51780,0.51780,0.51780,0.51780,0.51780,0.51780,0.51780,0.51780,0.51780,0.51780,0.51780,0.51780,0.51780,0.51780,0.51780,0.51780,0.51780
1719,0.51457,0.51457,0.51457,0.51457,0.51457,0.51457,0.51457,0.51457,0.51457,0.51457,0.51457,0.51457,0.51457,0.51457,0.51457,0.51457,0.51457,0.51457,0.51457,0.51457,0.51457,0.51457,0.51457,0.51457,0.51457,0.51457,0.51457,0.51457,0.51457
1720,0.51133,0.51133,0.51133,0.51133,0.51133,0.51133,0.51133,0.51133,0.51133,0.51133,0.51133,0.51133,0.51133,0.51133,0.51133,0.51133,0.51133,0.51133,0.51133,0.51133,0.51133,0.51133,0.51133,0.51133,0.51133,0.51133,0.51133,0.51133,0.51133
1721,0.50810,0.50810,0.50810,0.50810,0.50810,0.50810,0.50810,0.50810,0.50810,0.50810,0.50810,0.50810,0.50810,0.50810,0.50810,0.50810,0.50810,0.50810,0.50810,0.50810,0.50810,0.50810,0.50810,0.50810,0.50810,0.50810,0.50810,0.50810,0.50810
1722,0.50486,0.50486,0.50486,0.50486,0.50486,0.50486,0.50486,0.50486,0.50486,0.50486,0.50486,0.50486,0.50486,0.50486,0.50486,0.50486,0.50486,0.50486,0.50486,0.50486,0.50486,0.50486,0.50486,0.50486,0.50486,0.50486,0.50486,0.50486,0.50486
1723,0.50162,0.50162,0.50162,0.50162,0.50162,0.50162,0.50162,0.50162,0.50162,0.50162,0.50162,0.50162,0.50162,0.50162,0.50162,0.50162,0.50162,0.50162,0.50162,0.50162,0.50162,0.50162,0.50162,0.50162,0.50162,0.50162,0.50162,0.50162,0.50162
1724,0.49838,0.49838,0.49838,0.49838,0.49838,0.49838,0.49838,0.49838,0.49838,0.49838,0.49838,0.49838,0.49838,0.49838,0.49838,0.49838,0.49838,0.49838,0.49838,0.49838,0.49838,0.49838,0.49838,0.49838,0.49838,0.49838,0.49838,0.49838,0.49838
1725,0.49514,0.49514,0.49514,0.49514,0.49514,0.49514,0.49514,0.49514,0.49514,0.49514,0.49514,0.49514,0.49514,0.49514,0.49514,0.49514,0.49514,0.49514,0.49514,0.49514,0.49514,0.49514,0.49514,0.49514,0.49514,0.49514,0.49514,0.49514,0.49514
1726,0.49190,0.49190,0.49190,0.49190,0.49190,0.49190,0.49190,0.49190,0.49190,0.49190,0.49190,0.49190,0.49190,0.49190,0.49190,0.49190,0.49190,0.49190,0.49190,0.49190,0.49190,0.49190,0.49190,0.49190,0.49190,0.49190,0.49190,0.49190,0.49190
1727,0.48867,0.48867,0.48867,0.48867,0.48867,0.48867,0.48867,0.48867,0.48867,0.48867,0.48867,0.48867,0.48867,0.48867,0.48867,0.48867,0.48867,0.48867,0.48867,0.48867,0.48867,0.48867,0.48867,0.48867,0.48867,0.48867,0.48867,0.48867,0.48867
1728,0.48543,0.48543,0.48543,0.48543,0.48543,0.48543,0.48543,0.48543,0.48543,0.48543,0.48543,0.48543,0.48543,0.48543,0.48543,0.48543,0.48543,0.48543,0.48543,0.48543,0.48543,0.48543,0.48543,0.48543,0.48543,0.48543,0.48543,0.48543,0.48543
1729,0.48220,0.48220,0.48220,0.48220,0.48220,0.48220,0.48220,0.48220,0.48220,0.48220,0.48220,0.48220,0.48220,0.48220,0.48220,0.48220,0.48220,0.48220,0.48220,0.48220,0.48220,0.48220,0.48220,0.48220,0.48220,0.48220,0.48220,0.48220,0.48220
1730,0.47896,0.47896,0.47896,0.47896,0.47896,0.47896,0.47896,0.47896,0.47896,0.47896,0.47896,0.47896,0.47896,0.47896,0.47896,0.47896,0.47896,0.47896,0.47896,0.47896,0.47896,0.47896,0.47896,0.47896,0.47896,0.47896,0.47896,0.47896,0.47896
1731,0.47573,0.47573,0.47573,0.47573,0.47573,0.47573,0.47573,0.47573,0.47573,0.47573,0.47573,0.47573,0.47573,0.47573,0.47573,0.47573,0.47573,0.47573,0.47573,0.47573,0.47573,0.47573,0.47573,0.47573,0.47573,0.47573,0.47573,0.47573,0.47573
1732,0.47250,0.47250,0.47250,0.47250,0.47250,0.47250,0.47250,0.47250,0.47250,0.47250,0.47250,0.47250,0.47250,0.47250,0.47250,0.47250,0.47250,0.47250,0.47250,0.47250,0.47250,0.47250,0.47250,0.47250,0.47250,0.47250,0.47250,0.47250,0.47250
1733,0.46928,0.46928,0.46928,0.46928,0.46928,0.46928,0.46928,0.46928,0.46928,0.46928,0.46928,0.46928,0.46928,0.46928,0.46928,0.46928,0.46928,0.46928,0.46928,0.46928,0.46928,0.46928,0.46928,0.46928,0.46928,0.46928,0.46928,0.46928,0.46928
1734,0.46605,0.46605,0.46605,0.46605,0.46605,0.46605,0.46605,0.46605,0.46605,0.46605,0.46605,0.46605,0.46605,0.46605,0.46605,0.46605,0.46605,0.46605,0.46605,0.46605,0.46605,0.46605,0.46605,0.46605,0.46605,0.46605,0.46605,0.46605,0.46605
1735,0.46283,0.46283,0.46283,0.46283,0.46283,0.46283,0.46283,0.46283,0.46283,0.46283,0.46283,0.46283,0.46283,0.46283,0.46283,0.46283,0.46283,0.46283,0.46283,0.46283,0.46283,0.46283,0.46283,0.46283,0.46283,0.46283,0.46283,0.46283,0.46283
1736,0.45962,0.45962,0.45962,0.45962,0.45962,0.45962,0.45962,0.45962,0.45962,0.45962,0.45962,0.45962,0.45962,0.45962,0.45962,0.45962,0.45962,0.45962,0.45962,0.45962,0.45962,0.45962,0.45962,0.45962,0.45962,0.45962,0.45962,0.45962,0.45962
1737,0.45640,0.45640,0.45640,0.45640,0.45640,0.45640,0.45640,0.45640,0.45640,0.45640,0.45640,0.45640,0.45640,0.45640,0.45640,0.45640,0.45640,0.45640,0.45640,0.45640,0.45640,0.45640,0.45640,0.45640,0.45640,0.45640,0.45640,0.45640,0.45640
1738,0.45320,0.45320,0.45320,0.45320,0.45320,0.45320,0.45320,0.45320,0.45320,0.45320,0.45320,0.45320,0.45320,0.45320,0.45320,0.45320,0.45320,0.45320,0.45320,0.45320,0.45320,0.45320,0.45320,0.45320,0.45320,0.45320,0.45320,0.45320,0.45320
1739,0.44999,0.44999,0.44999,0.44999,0.44999,0.44999,0.44999,0.44999,0.44999,0.44999,0.44999,0.44999,0.44999,0.44999,0.44999,0.44999,0.44999,0.44999,0.44999,0.44999,0.44999,0.44999,0.44999,0.44999,0.44999,0.44999,0.44999,0.44999,0.44999
1740,0.44680,0.44680,0.44680,0.44680,0.44680,0.44680,0.44680,0.44680,0.44680,0.44680,0.44680,0.44680,0.44680,0.44680,0.44680,0.44680,0.44680,0.44680,0.44680,0.44680,0.44680,0.44680,0.44680,0.44680,0.44680,0.44680,0.44680,0.44680,0.44680
1741,0.44360,0.44360,0.44360,0.44360,0.44360,0.44360,0.44360,0.44360,0.44360,0.44360,0.44360,0.44360,0.44360,0.44360,0.44360,0.44360,0.44360,0.44360,0.44360,0.44360,0.44360,0.44360,0.44360,0.44360,0.44360,0.44360,0.44360,0.44360,0.44360
1742,0.44042,0.44042,0.44042,0.44042,0.44042,0.44042,0.44042,0.44042,0.44042,0.44042,0.44042,0.44042,0.44042,0.44042,0.44042,0.44042,0.44042,0.44042,0.44042,0.44042,0.44042,0.44042,0.44042,0.44042,0.44042,0.44042,0.44042,0.44042,0.44042
1743,0.43724,0.43724,0.43724,0.43724,0.43724,0.43724,0.43724,0.43724,0.43724,0.43724,0.43724,0.43724,0.43724,0.43724,0.43724,0.43724,0.43724,0.43724,0.43724,0.43724,0.43724,0.43724,0.43724,0.43724,0.43724,0.43724,0.43724,0.43724,0.43724
1744,0.43407,0.43407,0.43407,0.43407,0.43407,0.43407,0.43407,0.43407,0.43407,0.43407,0.43407,0.43407,0.43407,0.43407,0.43407,0.43407,0.43407,0.43407,0.43407,0.43407,0.43407,0.43407,0.43407,0.43407,0.43407,0.43407,0.43407,0.43407,0.43407
1745,0.43090,0.43090,0.43090,0.43090,0.43090,0.43090,0.43090,0.43090,0.43090,0.43090,0.43090,0.43090,0.43090,0.43090,0.43090,0.43090,0.43090,0.43090,0.43090,0.43090,0.43090,0.43090,0.43090,0.43090,0.43090,0.43090,0.43090,0.43090,0.43090
1746,0.42775,0.42775,0.42775,0.42775,0.42775,0.42775,0.42775,0.42775,0.42775,0.42775,0.42775,0.42775,0.42775,0.42775,0.42775,0.42775,0.42775,0.42775,0.42775,0.42775,0.42775,0.42775,0.42775,0.42775,0.42775,0.42775,0.42775,0.42775,0.42775
1747,0.42460,0.42460,0.42460,0.42460,0.42460,0.42460,0.42460,0.42460,0.42460,0.42460,0.42460,0.42460,0.42460,0.42460,0.42460,0.42460,0.42460,0.42460,0.42460,0.42460,0.42460,0.42460,0.42460,0.42460,0.42460,0.42460,0.42460,0.42460,0.42460
1748,0.42146,0.42146,0.42146,0.42146,0.42146,0.42146,0.42146,0.42146,0.42146,0.42146,0.42146,0.42146,0.42146,0.42146,0.42146,0.42146,0.42146,0.42146,0.42146,0.42146,0.42146,0.42146,0.42146,0.42146,0.42146,0.42146,0.42146,0.42146,0.42146
1749,0.41833,0.41833,0.41833,0.41833,0.41833,0.41833,0.41833,0.41833,0.41833,0.41833,0.41833,0.41833,0.41833,0.41833,0.41833,0.41833,0.41833,0.41833,0.41833,0.41833,0.41833,0.41833,0.41833,0.41833,0.41833,0.41833,0.41833,0.41833,0.41833
1750,0.41521,0.41521,0.41521,0.41521,0.41521,0.41521,0.41521,0.41521,0.41521,0.41521,0.41521,0.41521,0.41521,0.41521,0.41521,0.41521,0.41521,0.41521,0.41521,0.41521,0.41521,0.41521,0.41521,0.41521,0.41521,0.41521,0.41521,0.41521,0.41521
1751,0.41210,0.41210,0.41210,0.41210,0.41210,0.41210,0.41210,0.41210,0.41210,0.41210,0.41210,0.41210,0.41210,0.41210,0.41210,0.41210,0.41210,0.41210,0.41210,0.41210,0.41210,0.41210,0.41210,0.41210,0.41210,0.41210,0.41210,0.41210,0.41210
1752,0.40900,0.40900,0.40900,0.40900,0.40900,0.40900,0.40900,0.40900,0.40900,0.40900,0.40900,0.40900,0.40900,0.40900,0.40900,0.40900,0.40900,0.40900,0.40900,0.40900,0.40900,0.40900,0.40900,0.40900,0.40900,0.40900,0.40900,0.40900,0.40900
1753,0.40592,0.40592,0.40592,0.40592,0.40592,0.40592,0.40592,0.40592,0.40592,0.40592,0.40592,0.40592,0.40592,0.40592,0.40592,0.40592,0.40592,0.40592,0.40592,0.40592,0.40592,0.40592,0.40592,0.40592,0.40592,0.40592,0.40592,0.40592,0.40592
1754,0.40285,0.40285,0.40285,0.40285,0.40285,0.40285,0.40285,0.40285,0.40285,0.40285,0.40285,0.40285,0.40285,0.40285,0.40285,0.40285,0.40285,0.40285,0.40285,0.40285,0.40285,0.40285,0.40285,0.40285,0.40285,0.40285,0.40285,0.40285,0.40285
1755,0.39979,0.39979,0.39979,0.39979,0.39979,0.39979,0.39979,0.39979,0.39979,0.39979,0.39979,0.39979,0.39979,0.39979,0.39979,0.39979,0.39979,0.39979,0.39979,0.39979,0.39979,0.39979,0.39979,0.39979,0.39979,0.39979,0.39979,0.39979,0.39979
1756,0.39674,0.39674,0.39674,0.39674,0.39674,0.39674,0.39674,0.39674,0.39674,0.39674,0.39674,0.39674,0.39674,0.39674,0.39674,0.39674,0.39674,0.39674,0.39674,0.39674,0.39674,0.39674,0.39674,0.39674,0.39674,0.39674,0.39674,0.39674,0.39674
1757,0.39371,0.39371,0.39371,0.39371,0.39371,0.39371,0.39371,0.39371,0.39371,0.39371,0.39371,0.39371,0.39371,0.39371,0.39371,0.39371,0.39371,0.39371,0.39371,0.39371,0.39371,0.39371,0.39371,0.39371,0.39371,0.39371,0.39371,0.39371,0.39371
1758,0.39070,0.39070,0.39070,0.39070,0.39070,0.39070,0.39070,0.39070,0.39070,0.39070,0.39070,0.39070,0.39070,0.39070,0.39070,0.39070,0.39070,0.39070,0.39070,0.39070,0.39070,0.39070,0.39070,0.39070,0.39070,0.39070,0.39070,0.39070,0.39070
1759,0.38770,0.38770,0.38770,0.38770,0.38770,0.38770,0.38770,0.38770,0.38770,0.38770,0.38770,0.38770,0.38770,0.38770,0.38770,0.38770,0.38770,0.38770,0.38770,0.38770,0.38770,0.38770,0.38770,0.38770,0.38770,0.38770,0.38770,0.38770,0.38770
1760,0.38472,0.38472,0.38472,0.38472,0.38472,0.38472,0.38472,0.38472,0.38472,0.38472,0.38472,0.38472,0.38472,0.38472,0.38472,0.38472,0.38472,0.38472,0.38472,0.38472,0.38472,0.38472,0.38472,0.38472,0.38472,0.38472,0.38472,0.38472,0.38472
1761,0.38176,0.38176,0.38176,0.38176,0.38176,0.38176,0.38176,0.38176,0.38176,0.38176,0.38176,0.38176,0.38176,0.38176,0.38176,0.38176,0.38176,0.38176,0.38176,0.38176,0.38176,0.38176,0.38176,0.38176,0.38176,0.38176,0.38176,0.38176,0.38176
1762,0.37882,0.37882,0.37882,0.37882,0.37882,0.37882,0.37882,0.37882,0.37882,0.37882,0.37882,0.37882,0.37882,0.37882,0.37882,0.37882,0.37882,0.37882,0.37882,0.37882,0.37882,0.37882,0.37882,0.37882,0.37882,0.37882,0.37882,0.37882,0.37882
1763,0.37590,0.37590,0.37590,0.37590,0.37590,0.37590,0.37590,0.37590,0.37590,0.37590,0.37590,0.37590,0.37590,0.37590,0.37590,0.37590,0.37590,0.37590,0.37590,0.37590,0.37590,0.37590,0.37590,0.37590,0.37590,0.37590,0.37590,0.37590,0.37590
1764,0.37300,0.37300,0.37300,0.37300,0.37300,0.37300,0.37300,0.37300,0.37300,0.37300,0.37300,0.37300,0.37300,0.37300,0.37300,0.37300,0.37300,0.37300,0.37300,0.37300,0.37300,0.37300,0.37300,0.37300,0.37300,0.37300,0.37300,0.37300,0.37300
1765,0.37012,0.37012,0.37012,0.37012,0.37012,0.37012,0.37012,0.37012,0.37012,0.37012,0.37012,0.37012,0.37012,0.37012,0.37012,0.37012,0.37012,0.37012,0.37012,0.37012,0.37012,0.37012,0.37012,0.37012,0.37012,0.37012,0.37012,0.37012,0.37012
1766,0.36726,0.36726,0.36726,0.36726,0.36726,0.36726,0.36726,0.36726,0.36726,0.36726,0.36726,0.36726,0.36726,0.36726,0.36726,0.36726,0.36726,0.36726,0.36726,0.36726,0.36726,0.36726,0.36726,0.36726,0.36726,0.36726,0.36726,0.36726,0.36726
1767,0.36443,0.36443,0.36443,0.36443,0.36443,0.36443,0.36443,0.36443,0.36443,0.36443,0.36443,0.36443,0.36443,0.36443,0.36443,0.36443,0.36443,0.36443,0.36443,0.36443,0.36443,0.36443,0.36443,0.36443,0.36443,0.36443,0.36443,0.36443,0.36443
1768,0.36163,0.36163,0.36163,0.36163,0.36163,0.36163,0.36163,0.36163,0.36163,0.36163,0.36163,0.36163,0.36163,0.36163,0.36163,0.36163,0.36163,0.36163,0.36163,0.36163,0.36163,0.36163,0.36163,0.36163,0.36163,0.36163,0.36163,0.36163,0.36163
1769,0.35885,0.35885,0.35885,0.35885,0.35885,0.35885,0.35885,0.35885,0.35885,0.35885,0.35885,0.35885,0.35885,0.35885,0.35885,0.35885,0.35885,0.35885,0.35885,0.35885,0.35885,0.35885,0.35885,0.35885,0.35885,0.35885,0.35885,0.35885,0.35885
1770,0.35610,0.35610,0.35610,0.35610,0.35610,0.35610,0.35610,0.35610,0.35610,0.35610,0.35610,0.35610,0.35610,0.35610,0.35610,0.35610,0.35610,0.35610,0.35610,0.35610,0.35610,0.35610,0.35610,0.35610,0.35610,0.35610,0.35610,0.35610,0.35610
1771,0.35338,0.35338,0.35338,0.35338,0.35338,0.35338,0.35338,0.35338,0.35338,0.35338,0.35338,0.35338,0.35338,0.35338,0.35338,0.35338,0.35338,0.35338,0.35338,0.35338,0.35338,0.35338,0.35338,0.35338,0.35338,0.35338,0.35338,0.35338,0.35338
1772,0.35069,0.35069,0.35069,0.35069,0.35069,0.35069,0.35069,0.35069,0.35069,0.35069,0.35069,0.35069,0.35069,0.35069,0.35069,0.35069,0.35069,0.35069,0.35069,0.35069,0.35069,0.35069,0.35069,0.35069,0.35069,0.35069,0.35069,0.35069,0.35069
1773,0.34802,0.34802,0.34802,0.34802,0.34802,0.34802,0.34802,0.34802,0.34802,0.34802,0.34802,0.34802,0.34802,0.34802,0.34802,0.34802,0.34802,0.34802,0.34802,0.34802,0.34802,0.34802,0.34802,0.34802,0.34802,0.34802,0.34802,0.34802,0.34802
1774,0.34540,0.34540,0.34540,0.34540,0.34540,0.34540,0.34540,0.34540,0.34540,0.34540,0.34540,0.34540,0.34540,0.34540,0.34540,0.34540,0.34540,0.34540,0.34540,0.34540,0.34540,0.34540,0.34540,0.34540,0.34540,0.34540,0.34540,0.34540,0.34540
1775,0.34280,0.34280,0.34280,0.34280,0.34280,0.34280,0.34280,0.34280,0.34280,0.34280,0.34280,0.34280,0.34280,0.34280,0.34280,0.34280,0.34280,0.34280,0.34280,0.34280,0.34280,0.34280,0.34280,0.34280,0.34280,0.34280,0.34280,0.34280,0.34280
1776,0.34025,0.34025,0.34025,0.34025,0.34025,0.34025,0.34025,0.34025,0.34025,0.34025,0.34025,0.34025,0.34025,0.34025,0.34025,0.34025,0.34025,0.34025,0.34025,0.34025,0.34025,0.34025,0.34025,0.34025,0.34025,0.34025,0.34025,0.34025,0.34025
1777,0.33773,0.33773,0.33773,0.33773,0.33773,0.33773,0.33773,0.33773,0.33773,0.33773,0.33773,0.33773,0.33773,0.33773,0.33773,0.33773,0.33773,0.33773,0.33773,0.33773,0.33773,0.33773,0.33773,0.33773,0.33773,0.33773,0.33773,0.33773,0.33773
1778,0.33524,0.33524,0.33524,0.33524,0.33524,0.33524,0.33524,0.33524,0.33524,0.33524,0.33524,0.33524,0.33524,0.33524,0.33524,0.33524,0.33524,0.33524,0.33524,0.33524,0.33524,0.33524,0.33524,0.33524,0.33524,0.33524,0.33524,0.33524,0.33524
1779,0.33280,0.33280,0.33280,0.33280,0.33280,0.33280,0.33280,0.33280,0.33280,0.33280,0.33280,0.33280,0.33280,0.33280,0.33280,0.33280,0.33280,0.33280,0.33280,0.33280,0.33280,0.33280,0.33280,0.33280,0.33280,0.33280,0.33280,0.33280,0.33280
1780,0.33040,0.33040,0.33040,0.33040,0.33040,0.33040,0.33040,0.33040,0.33040,0.33040,0.33040,0.33040,0.33040,0.33040,0.33040,0.33040,0.33040,0.33040,0.33040,0.33040,0.33040,0.33040,0.33040,0.33040,0.33040,0.33040,0.33040,0.33040,0.33040
1781,0.32804,0.32804,0.32804,0.32804,0.32804,0.32804,0.32804,0.32804,0.32804,0.32804,0.32804,0.32804,0.32804,0.32804,0.32804,0.32804,0.32804,0.32804,0.32804,0.32804,0.32804,0.32804,0.32804,0.32804,0.32804,0.32804,0.32804,0.32804,0.32804
1782,0.32573,0.32573,0.32573,0.32573,0.32573,0.32573,0.32573,0.32573,0.32573,0.32573,0.32573,0.32573,0.32573,0.32573,0.32573,0.32573,0.32573,0.32573,0.32573,0.32573,0.32573,0.32573,0.32573,0.32573,0.32573,0.32573,0.32573,0.32573,0.32573
1783,0.32346,0.32346,0.32346,0.32346,0.32346,0.32346,0.32346,0.32346,0.32346,0.32346,0.32346,0.32346,0.32346,0.32346,0.32346,0.32346,0.32346,0.32346,0.32346,0.32346,0.32346,0.32346,0.32346,0.32346,0.32346,0.32346,0.32346,0.32346,0.32346
1784,0.32124,0.32124,0.32124,0.32124,0.32124,0.32124,0.32124,0.32124,0.32124,0.32124,0.32124,0.32124,0.32124,0.32124,0.32124,0.32124,0.32124,0.32124,0.32124,0.32124,0.32124,0.32124,0.32124,0.32124,0.32124,0.32124,0.32124,0.32124,0.32124
1785,0.31907,0.31907,0.31907,0.31907,0.31907,0.31907,0.31907,0.31907,0.31907,0.31907,0.31907,0.31907,0.31907,0.31907,0.31907,0.31907,0.31907,0.31907,0.31907,0.31907,0.31907,0.31907,0.31907,0.31907,0.31907,0.31907,0.31907,0.31907,0.31907
1786,0.31696,0.31696,0.31696,0.31696,0.31696,0.31696,0.31696,0.31696,0.31696,0.31696,0.31696,0.31696,0.31696,0.31696,0.31696,0.31696,0.31696,0.31696,0.31696,0.31696,0.31696,0.31696,0.31696,0.31696,0.31696,0.31696,0.31696,0.31696,0.31696
1787,0.31489,0.31489,0.31489,0.31489,0.31489,0.31489,0.31489,0.31489,0.31489,0.31489,0.31489,0.31489,0.31489,0.31489,0.31489,0.31489,0.31489,0.31489,0.31489,0.31489,0.31489,0.31489,0.31489,0.31489,0.31489,0.31489,0.31489,0.31489,0.31489
1788,0.31288,0.31288,0.31288,0.31288,0.31288,0.31288,0.31288,0.31288,0.31288,0.31288,0.31288,0.31288,0.31288,0.31288,0.31288,0.31288,0.31288,0.31288,0.31288,0.31288,0.31288,0.31288,0.31288,0.31288,0.31288,0.31288,0.31288,0.31288,0.31288
1789,0.31092,0.31092,0.31092,0.31092,0.31092,0.31092,0.31092,0.31092,0.31092,0.31092,0.31092,0.31092,0.31092,0.31092,0.31092,0.31092,0.31092,0.31092,0.31092,0.31092,0.31092,0.31092,0.31092,0.31092,0.31092,0.31092,0.31092,0.31092,0.31092
1790,0.30902,0.30902,0.30902,0.30902,0.30902,0.30902,0.30902,0.30902,0.30902,0.30902,0.30902,0.30902,0.30902,0.30902,0.30902,0.30902,0.30902,0.30902,0.30902,0.30902,0.30902,0.30902,0.30902,0.30902,0.30902,0.30902,0.30902,0.30902,0.30902
1791,0.30718,0.30718,0.30718,0.30718,0.30718,0.30718,0.30718,0.30718,0.30718,0.30718,0.30718,0.30718,0.30718,0.30718,0.30718,0.30718,0.30718,0.30718,0.30718,0.30718,0.30718,0.30718,0.30718,0.30718,0.30718,0.30718,0.30718,0.30718,0.30718
1792,0.30540,0.30540,0.30540,0.30540,0.30540,0.30540,0.30540,0.30540,0.30540,0.30540,0.30540,0.30540,0.30540,0.30540,0.30540,0.30540,0.30540,0.30540,0.30540,0.30540,0.30540,0.30540,0.30540,0.30540,0.30540,0.30540,0.30540,0.30540,0.30540
1793,0.30369,0.30369,0.30369,0.30369,0.30369,0.30369,0.30369,0.30369,0.30369,0.30369,0.30369,0.30369,0.30369,0.30369,0.30369,0.30369,0.30369,0.30369,0.30369,0.30369,0.30369,0.30369,0.30369,0.30369,0.30369,0.30369,0.30369,0.30369,0.30369
1794,0.30203,0.30203,0.30203,0.30203,0.30203,0.30203,0.30203,0.30203,0.30203,0.30203,0.30203,0.30203,0.30203,0.30203,0.30203,0.30203,0.30203,0.30203,0.30203,0.30203,0.30203,0.30203,0.30203,0.30203,0.30203,0.30203,0.30203,0.30203,0.30203
1795,0.30045,0.30045,0.30045,0.30045,0.30045,0.30045,0.30045,0.30045,0.30045,0.30045,0.30045,0.30045,0.30045,0.30045,0.30045,0.30045,0.30045,0.30045,0.30045,0.30045,0.30045,0.30045,0.30045,0.30045,0.30045,0.30045,0.30045,0.30045,0.30045
1796,0.29893,0.29893,0.29893,0.29893,0.29893,0.29893,0.29893,0.29893,0.29893,0.29893,0.29893,0.29893,0.29893,0.29893,0.29893,0.29893,0.29893,0.29893,0.29893,0.29893,0.29893,0.29893,0.29893,0.29893,0.29893,0.29893,0.29893,0.29893,0.29893
1797,0.29748,0.29748,0.29748,0.29748,0.29748,0.29748,0.29748,0.29748,0.29748,0.29748,0.29748,0.29748,0.29748,0.29748,0.29748,0.29748,0.29748,0.29748,0.29748,0.29748,0.29748,0.29748,0.29748,0.29748,0.29748,0.29748,0.29748,0.29748,0.29748
1798,0.29609,0.29609,0.29609,0.29609,0.29609,0.29609,0.29609,0.29609,0.29609,0.29609,0.29609,0.29609,0.29609,0.29609,0.29609,0.29609,0.29609,0.29609,0.29609,0.29609,0.29609,0.29609,0.29609,0.29609,0.29609,0.29609,0.29609,0.29609,0.29609
1799,0.29479,0.29479,0.29479,0.29479,0.29479,0.29479,0.29479,0.29479,0.29479,0.29479,0.29479,0.29479,0.29479,0.29479,0.29479,0.29479,0.29479,0.29479,0.29479,0.29479,0.29479,0.29479,0.29479,0.29479,0.29479,0.29479,0.29479,0.29479,0.29479
1800,0.29355,0.29355,0.29355,0.29355,0.29355,0.29355,0.29355,0.29355,0.29355,0.29355,0.29355,0.29355,0.29355,0.29355,0.29355,0.29355,0.29355,0.29355,0.29355,0.29355,0.29355,0.29355,0.29355,0.29355,0.29355,0.29355,0.29355,0.29355,0.29355
1801,0.29239,0.29239,0.29239,0.29239,0.29239,0.29239,0.29239,0.29239,0.29239,0.29239,0.29239,0.29239,0.29239,0.29239,0.29239,0.29239,0.29239,0.29239,0.29239,0.29239,0.29239,0.29239,0.29239,0.29239,0.29239,0.29239,0.29239,0.29239,0.29239
1802,0.29130,0.29130,0.29130,0.29130,0.29130,0.29130,0.29130,0.29130,0.29130,0.29130,0.29130,0.29130,0.29130,0.29130,0.29130,0.29130,0.29130,0.29130,0.29130,0.29130,0.29130,0.29130,0.29130,0.29130,0.29130,0.29130,0.29130,0.29130,0.29130
1803,0.29029,0.29029,0.29029,0.29029,0.29029,0.29029,0.29029,0.29029,0.29029,0.29029,0.29029,0.29029,0.29029,0.29029,0.29029,0.29029,0.29029,0.29029,0.29029,0.29029,0.29029,0.29029,0.29029,0.29029,0.29029,0.29029,0.29029,0.29029,0.29029
1804,0.28936,0.28936,0.28936,0.28936,0.28936,0.28936,0.28936,0.28936,0.28936,0.28936,0.28936,0.28936,0.28936,0.28936,0.28936,0.28936,0.28936,0.28936,0.28936,0.28936,0.28936,0.28936,0.28936,0.28936,0.28936,0.28936,0.28936,0.28936,0.28936
1805,0.28851,0.28851,0.28851,0.28851,0.28851,0.28851,0.28851,0.28851,0.28851,0.28851,0.28851,0.28851,0.28851,0.28851,0.28851,0.28851,0.28851,0.28851,0.28851,0.28851,0.28851,0.28851,0.28851,0.28851,0.28851,0.28851,0.28851,0.28851,0.28851
1806,0.28773,0.28773,0.28773,0.28773,0.28773,0.28773,0.28773,0.28773,0.28773,0.28773,0.28773,0.28773,0.28773,0.28773,0.28773,0.28773,0.28773,0.28773,0.28773,0.28773,0.28773,0.28773,0.28773,0.28773,0.28773,0.28773,0.28773,0.28773,0.28773
1807,0.28704,0.28704,0.28704,0.28704,0.28704,0.28704,0.28704,0.28704,0.28704,0.28704,0.28704,0.28704,0.28704,0.28704,0.28704,0.28704,0.28704,0.28704,0.28704,0.28704,0.28704,0.28704,0.28704,0.28704,0.28704,0.28704,0.28704,0.28704,0.28704
1808,0.28643,0.28643,0.28643,0.28643,0.28643,0.28643,0.28643,0.28643,0.28643,0.28643,0.28643,0.28643,0.28643,0.28643,0.28643,0.28643,0.28643,0.28643,0.28643,0.28643,0.28643,0.28643,0.28643,0.28643,0.28643,0.28643,0.28643,0.28643,0.28643
1809,0.28591,0.28591,0.28591,0.28591,0.28591,0.28591,0.28591,0.28591,0.28591,0.28591,0.28591,0.28591,0.28591,0.28591,0.28591,0.28591,0.28591,0.28591,0.28591,0.28591,0.28591,0.28591,0.28591,0.28591,0.28591,0.28591,0.28591,0.28591,0.28591
1810,0.28546,0.28546,0.28546,0.28546,0.28546,0.28546,0.28546,0.28546,0.28546,0.28546,0.28546,0.28546,0.28546,0.28546,0.28546,0.28546,0.28546,0.28546,0.28546,0.28546,0.28546,0.28546,0.28546,0.28546,0.28546,0.28546,0.28546,0.28546,0.28546
1811,0.28510,0.28510,0.28510,0.28510,0.28510,0.28510,0.28510,0.28510,0.28510,0.28510,0.28510,0.28510,0.28510,0.28510,0.28510,0.28510,0.28510,0.28510,0.28510,0.28510,0.28510,0.28510,0.28510,0.28510,0.28510,0.28510,0.28510,0.28510,0.28510
1812,0.28483,0.28483,0.28483,0.28483,0.28483,0.28483,0.28483,0.28483,0.28483,0.28483,0.28483,0.28483,0.28483,0.28483,0.28483,0.28483,0.28483,0.28483,0.28483,0.28483,0.28483,0.28483,0.28483,0.28483,0.28483,0.28483,0.28483,0.28483,0.28483
1813,0.28464,0.28464,0.28464,0.28464,0.28464,0.28464,0.28464,0.28464,0.28464,0.28464,0.28464,0.28464,0.28464,0.28464,0.28464,0.28464,0.28464,0.28464,0.28464,0.28464,0.28464,0.28464,0.28464,0.28464,0.28464,0.28464,0.28464,0.28464,0.28464
1814,0.28453,0.28453,0.28453,0.28453,0.28453,0.28453,0.28453,0.28453,0.28453,0.28453,0.28453,0.28453,0.28453,0.28453,0.28453,0.28453,0.28453,0.28453,0.28453,0.28453,0.28453,0.28453,0.28453,0.28453,0.28453,0.28453,0.28453,0.28453,0.28453
1815,0.28451,0.28451,0.28451,0.28451,0.28451,0.28451,0.28451,0.28451,0.28451,0.28451,0.28451,0.28451,0.28451,0.28451,0.28451,0.28451,0.28451,0.28451,0.28451,0.28451,0.28451,0.28451,0.28451,0.28451,0.28451,0.28451,0.28451,0.28451,0.28451
1816,0.28457,0.28457,0.28457,0.28457,0.28457,0.28457,0.28457,0.28457,0.28457,0.28457,0.28457,0.28457,0.28457,0.28457,0.28457,0.28457,0.28457,0.28457,0.28457,0.28457,0.28457,0.28457,0.28457,0.28457,0.28457,0.28457,0.28457,0.28457,0.28457
1817,0.28472,0.28472,0.28472,0.28472,0.28472,0.28472,0.28472,0.28472,0.28472,0.28472,0.28472,0.28472,0.28472,0.28472,0.28472,0.28472,0.28472,0.28472,0.28472,0.28472,0.28472,0.28472,0.28472,0.28472,0.28472,0.28472,0.28472,0.28472,0.28472
1818,0.28496,0.28496,0.28496,0.28496,0.28496,0.28496,0.28496,0.28496,0.28496,0.28496,0.28496,0.28496,0.28496,0.28496,0.28496,0.28496,0.28496,0.28496,0.28496,0.28496,0.28496,0.28496,0.28496,0.28496,0.28496,0.28496,0.28496,0.28496,0.28496
1819,0.28527,0.28527,0.28527,0.28527,0.28527,0.28527,0.28527,0.28527,0.28527,0.28527,0.28527,0.28527,0.28527,0.28527,0.28527,0.28527,0.28527,0.28527,0.28527,0.28527,0.28527,0.28527,0.28527,0.28527,0.28527,0.28527,0.28527,0.28527,0.28527
1820,0.28567,0.28567,0.28567,0.28567,0.28567,0.28567,0.28567,0.28567,0.28567,0.28567,0.28567,0.28567,0.28567,0.28567,0.28567,0.28567,0.28567,0.28567,0.28567,0.28567,0.28567,0.28567,0.28567,0.28567,0.28567,0.28567,0.28567,0.28567,0.28567
1821,0.28616,0.28616,0.28616,0.28616,0.28616,0.28616,0.28616,0.28616,0.28616,0.28616,0.28616,0.28616,0.28616,0.28616,0.28616,0.28616,0.28616,0.28616,0.28616,0.28616,0.28616,0.28616,0.28616,0.28616,0.28616,0.28616,0.28616,0.28616,0.28616
1822,0.28673,0.28673,0.28673,0.28673,0.28673,0.28673,0.28673,0.28673,0.28673,0.28673,0.28673,0.28673,0.28673,0.28673,0.28673,0.28673,0.28673,0.28673,0.28673,0.28673,0.28673,0.28673,0.28673,0.28673,0.28673,0.28673,0.28673,0.28673,0.28673
1823,0.28738,0.28738,0.28738,0.28738,0.28738,0.28738,0.28738,0.28738,0.28738,0.28738,0.28738,0.28738,0.28738,0.28738,0.28738,0.28738,0.28738,0.28738,0.28738,0.28738,0.28738,0.28738,0.28738,0.28738,0.28738,0.28738,0.28738,0.28738,0.28738
1824,0.28811,0.28811,0.28811,0.28811,0.28811,0.28811,0.28811,0.28811,0.28811,0.28811,0.28811,0.28811,0.28811,0.28811,0.28811,0.28811,0.28811,0.28811,0.28811,0.28811,0.28811,0.28811,0.28811,0.28811,0.28811,0.28811,0.28811,0.28811,0.28811
1825,0.28892,0.28892,0.28892,0.28892,0.28892,0.28892,0.28892,0.28892,0.28892,0.28892,0.28892,0.28892,0.28892,0.28892,0.28892,0.28892,0.28892,0.28892,0.28892,0.28892,0.28892,0.28892,0.28892,0.28892,0.28892,0.28892,0.28892,0.28892,0.28892
1826,0.28982,0.28982,0.28982,0.28982,0.28982,0.28982,0.28982,0.28982,0.28982,0.28982,0.28982,0.28982,0.28982,0.28982,0.28982,0.28982,0.28982,0.28982,0.28982,0.28982,0.28982,0.28982,0.28982,0.28982,0.28982,0.28982,0.28982,0.28982,0.28982
1827,0.28982,0.28982,0.28982,0.28982,0.28982,0.28982,0.28982,0.28982,0.28982,0.28982,0.28982,0.28982,0.28982,0.28982,0.28982,0.28982,0.28982,0.28982,0.28982,0.28982,0.28982,0.28982,0.28982,0.28982,0.28982,0.28982,0.28982,0.28982,0.28982
1828,0.29079,0.29079,0.29079,0.29079,0.29079,0.29079,0.29079,0.29079,0.29079,0.29079,0.29079,0.29079,0.29079,0.29079,0.29079,0.29079,0.29079,0.29079,0.29079,0.29079,0.29079,0.29079,0.29079,0.29079,0.29079,0.29079,0.29079,0.29079,0.29079
1829,0.29183,0.29183,0.29183,0.29183,0.29183,0.29183,0.29183,0.29183,0.29183,0.29183,0.29183,0.29183,0.29183,0.29183,0.29183,0.29183,0.29183,0.29183,0.29183,0.29183,0.29183,0.29183,0.29183,0.29183,0.29183,0.29183,0.29183,0.29183,0.29183
1830,0.29296,0.29296,0.29296,0.29296,0.29296,0.29296,0.29296,0.29296,0.29296,0.29296,0.29296,0.29296,0.29296,0.29296,0.29296,0.29296,0.29296,0.29296,0.29296,0.29296,0.29296,0.29296,0.29296,0.29296,0.29296,0.29296,0.29296,0.29296,0.29296
1831,0.29416,0.29416,0.29416,0.29416,0.29416,0.29416,0.29416,0.29416,0.29416,0.29416,0.29416,0.29416,0.29416,0.29416,0.29416,0.29416,0.29416,0.29416,0.29416,0.29416,0.29416,0.29416,0.29416,0.29416,0.29416,0.29416,0.29416,0.29416,0.29416
1832,0.29543,0.29543,0.29543,0.29543,0.29543,0.29543,0.29543,0.29543,0.29543,0.29543,0.29543,0.29543,0.29543,0.29543,0.29543,0.29543,0.29543,0.29543,0.29543,0.29543,0.29543,0.29543,0.29543,0.29543,0.29543,0.29543,0.29543,0.29543,0.29543
1833,0.29678,0.29678,0.29678,0.29678,0.29678,0.29678,0.29678,0.29678,0.29678,0.29678,0.29678,0.29678,0.29678,0.29678,0.29678,0.29678,0.29678,0.29678,0.29678,0.29678,0.29678,0.29678,0.29678,0.29678,0.29678,0.29678,0.29678,0.29678,0.29678
1834,0.29819,0.29819,0.29819,0.29819,0.29819,0.29819,0.29819,0.29819,0.29819,0.29819,0.29819,0.29819,0.29819,0.29819,0.29819,0.29819,0.29819,0.29819,0.29819,0.29819,0.29819,0.29819,0.29819,0.29819,0.29819,0.29819,0.29819,0.29819,0.29819
1835,0.29968,0.29968,0.29968,0.29968,0.29968,0.29968,0.29968,0.29968,0.29968,0.29968,0.29968,0.29968,0.29968,0.29968,0.29968,0.29968,0.29968,0.29968,0.29968,0.29968,0.29968,0.29968,0.29968,0.29968,0.29968,0.29968,0.29968,0.29968,0.29968
1836,0.30123,0.30123,0.30123,0.30123,0.30123,0.30123,0.30123,0.30123,0.30123,0.30123,0.30123,0.30123,0.30123,0.30123,0.30123,0.30123,0.30123,0.30123,0.30123,0.30123,0.30123,0.30123,0.30123,0.30123,0.30123,0.30123,0.30123,0.30123,0.30123
1837,0.30285,0.30285,0.30285,0.30285,0.30285,0.30285,0.30285,0.30285,0.30285,0.30285,0.30285,0.30285,0.30285,0.30285,0.30285,0.30285,0.30285,0.30285,0.30285,0.30285,0.30285,0.30285,0.30285,0.30285,0.30285,0.30285,0.30285,0.30285,0.30285
1838,0.30454,0.30454,0.30454,0.30454,0.30454,0.30454,0.30454,0.30454,0.30454,0.30454,0.30454,0.30454,0.30454,0.30454,0.30454,0.30454,0.30454,0.30454,0.30454,0.30454,0.30454,0.30454,0.30454,0.30454,0.30454,0.30454,0.30454,0.30454,0.30454
1839,0.30628,0.30628,0.30628,0.30628,0.30628,0.30628,0.30628,0.30628,0.30628,0.30628,0.30628,0.30628,0.30628,0.30628,0.30628,0.30628,0.30628,0.30628,0.30628,0.30628,0.30628,0.30628,0.30628,0.30628,0.30628,0.30628,0.30628,0.30628,0.30628
1840,0.30809,0.30809,0.30809,0.30809,0.30809,0.30809,0.30809,0.30809,0.30809,0.30809,0.30809,0.30809,0.30809,0.30809,0.30809,0.30809,0.30809,0.30809,0.30809,0.30809,0.30809,0.30809,0.30809,0.30809,0.30809,0.30809,0.30809,0.30809,0.30809
1841,0.30996,0.30996,0.30996,0.30996,0.30996,0.30996,0.30996,0.30996,0.30996,0.30996,0.30996,0.30996,0.30996,0.30996,0.30996,0.30996,0.30996,0.30996,0.30996,0.30996,0.30996,0.30996,0.30996,0.30996,0.30996,0.30996,0.30996,0.30996,0.30996
1842,0.31189,0.31189,0.31189,0.31189,0.31189,0.31189,0.31189,0.31189,0.31189,0.31189,0.31189,0.31189,0.31189,0.31189,0.31189,0.31189,0.31189,0.31189,0.31189,0.31189,0.31189,0.31189,0.31189,0.31189,0.31189,0.31189,0.31189,0.31189,0.31189
1843,0.31388,0.31388,0.31388,0.31388,0.31388,0.31388,0.31388,0.31388,0.31388,0.31388,0.31388,0.31388,0.31388,0.31388,0.31388,0.31388,0.31388,0.31388,0.31388,0.31388,0.31388,0.31388,0.31388,0.31388,0.31388,0.31388,0.31388,0.31388,0.31388
1844,0.31592,0.31592,0.31592,0.31592,0.31592,0.31592,0.31592,0.31592,0.31592,0.31592,0.31592,0.31592,0.31592,0.31592,0.31592,0.31592,0.31592,0.31592,0.31592,0.31592,0.31592,0.31592,0.31592,0.31592,0.31592,0.31592,0.31592,0.31592,0.31592
1845,0.31801,0.31801,0.31801,0.31801,0.31801,0.31801,0.31801,0.31801,0.31801,0.31801,0.31801,0.31801,0.31801,0.31801,0.31801,0.31801,0.31801,0.31801,0.31801,0.31801,0.31801,0.31801,0.31801,0.31801,0.31801,0.31801,0.31801,0.31801,0.31801
1846,0.32015,0.32015,0.32015,0.32015,0.32015,0.32015,0.32015,0.32015,0.32015,0.32015,0.32015,0.32015,0.32015,0.32015,0.32015,0.32015,0.32015,0.32015,0.32015,0.32015,0.32015,0.32015,0.32015,0.32015,0.32015,0.32015,0.32015,0.32015,0.32015
1847,0.32235,0.32235,0.32235,0.32235,0.32235,0.32235,0.32235,0.32235,0.32235,0.32235,0.32235,0.32235,0.32235,0.32235,0.32235,0.32235,0.32235,0.32235,0.32235,0.32235,0.32235,0.32235,0.32235,0.32235,0.32235,0.32235,0.32235,0.32235,0.32235
1848,0.32459,0.32459,0.32459,0.32459,0.32459,0.32459,0.32459,0.32459,0.32459,0.32459,0.32459,0.32459,0.32459,0.32459,0.32459,0.32459,0.32459,0.32459,0.32459,0.32459,0.32459,0.32459,0.32459,0.32459,0.32459,0.32459,0.32459,0.32459,0.32459
1849,0.32688,0.32688,0.32688,0.32688,0.32688,0.32688,0.32688,0.32688,0.32688,0.32688,0.32688,0.32688,0.32688,0.32688,0.32688,0.32688,0.32688,0.32688,0.32688,0.32688,0.32688,0.32688,0.32688,0.32688,0.32688,0.32688,0.32688,0.32688,0.32688
1850,0.32922,0.32922,0.32922,0.32922,0.32922,0.32922,0.32922,0.32922,0.32922,0.32922,0.32922,0.32922,0.32922,0.32922,0.32922,0.32922,0.32922,0.32922,0.32922,0.32922,0.32922,0.32922,0.32922,0.32922,0.32922,0.32922,0.32922,0.32922,0.32922
1851,0.33160,0.33160,0.33160,0.33160,0.33160,0.33160,0.33160,0.33160,0.33160,0.33160,0.33160,0.33160,0.33160,0.33160,0.33160,0.33160,0.33160,0.33160,0.33160,0.33160,0.33160,0.33160,0.33160,0.33160,0.33160,0.33160,0.33160,0.33160,0.33160
1852,0.33402,0.33402,0.33402,0.33402,0.33402,0.33402,0.33402,0.33402,0.33402,0.33402,0.33402,0.33402,0.33402,0.33402,0.33402,0.33402,0.33402,0.33402,0.33402,0.33402,0.33402,0.33402,0.33402,0.33402,0.33402,0.33402,0.33402,0.33402,0.33402
1853,0.33648,0.33648,0.33648,0.33648,0.33648,0.33648,0.33648,0.33648,0.33648,0.33648,0.33648,0.33648,0.33648,0.33648,0.33648,0.33648,0.33648,0.33648,0.33648,0.33648,0.33648,0.33648,0.33648,0.33648,0.33648,0.33648,0.33648,0.33648,0.33648
1854,0.33898,0.33898,0.33898,0.33898,0.33898,0.33898,0.33898,0.33898,0.33898,0.33898,0.33898,0.33898,0.33898,0.33898,0.33898,0.33898,0.33898,0.33898,0.33898,0.33898,0.33898,0.33898,0.33898,0.33898,0.33898,0.33898,0.33898,0.33898,0.33898
1855,0.34152,0.34152,0.34152,0.34152,0.34152,0.34152,0.34152,0.34152,0.34152,0.34152,0.34152,0.34152,0.34152,0.34152,0.34152,0.34152,0.34152,0.34152,0.34152,0.34152,0.34152,0.34152,0.34152,0.34152,0.34152,0.34152,0.34152,0.34152,0.34152
1856,0.34410,0.34410,0.34410,0.34410,0.34410,0.34410,0.34410,0.34410,0.34410,0.34410,0.34410,0.34410,0.34410,0.34410,0.34410,0.34410,0.34410,0.34410,0.34410,0.34410,0.34410,0.34410,0.34410,0.34410,0.34410,0.34410,0.34410,0.34410,0.34410
1857,0.34671,0.34671,0.34671,0.34671,0.34671,0.34671,0.34671,0.34671,0.34671,0.34671,0.34671,0.34671,0.34671,0.34671,0.34671,0.34671,0.34671,0.34671,0.34671,0.34671,0.34671,0.34671,0.34671,0.34671,0.34671,0.34671,0.34671,0.34671,0.34671
1858,0.34935,0.34935,0.34935,0.34935,0.34935,0.34935,0.34935,0.34935,0.34935,0.34935,0.34935,0.34935,0.34935,0.34935,0.34935,0.34935,0.34935,0.34935,0.34935,0.34935,0.34935,0.34935,0.34935,0.34935,0.34935,0.34935,0.34935,0.34935,0.34935
1859,0.35203,0.35203,0.35203,0.35203,0.35203,0.35203,0.35203,0.35203,0.35203,0.35203,0.35203,0.35203,0.35203,0.35203,0.35203,0.35203,0.35203,0.35203,0.35203,0.35203,0.35203,0.35203,0.35203,0.35203,0.35203,0.35203,0.35203,0.35203,0.35203
1860,0.35473,0.35473,0.35473,0.35473,0.35473,0.35473,0.35473,0.35473,0.35473,0.35473,0.35473,0.35473,0.35473,0.35473,0.35473,0.35473,0.35473,0.35473,0.35473,0.35473,0.35473,0.35473,0.35473,0.35473,0.35473,0.35473,0.35473,0.35473,0.35473
1861,0.35747,0.35747,0.35747,0.35747,0.35747,0.35747,0.35747,0.35747,0.35747,0.35747,0.35747,0.35747,0.35747,0.35747,0.35747,0.35747,0.35747,0.35747,0.35747,0.35747,0.35747,0.35747,0.35747,0.35747,0.35747,0.35747,0.35747,0.35747,0.35747
1862,0.36024,0.36024,0.36024,0.36024,0.36024,0.36024,0.36024,0.36024,0.36024,0.36024,0.36024,0.36024,0.36024,0.36024,0.36024,0.36024,0.36024,0.36024,0.36024,0.36024,0.36024,0.36024,0.36024,0.36024,0.36024,0.36024,0.36024,0.36024,0.36024
1863,0.36303,0.36303,0.36303,0.36303,0.36303,0.36303,0.36303,0.36303,0.36303,0.36303,0.36303,0.36303,0.36303,0.36303,0.36303,0.36303,0.36303,0.36303,0.36303,0.36303,0.36303,0.36303,0.36303,0.36303,0.36303,0.36303,0.36303,0.36303,0.36303
1864,0.36585,0.36585,0.36585,0.36585,0.36585,0.36585,0.36585,0.36585,0.36585,0.36585,0.36585,0.36585,0.36585,0.36585,0.36585,0.36585,0.36585,0.36585,0.36585,0.36585,0.36585,0.36585,0.36585,0.36585,0.36585,0.36585,0.36585,0.36585,0.36585
1865,0.36869,0.36869,0.36869,0.36869,0.36869,0.36869,0.36869,0.36869,0.36869,0.36869,0.36869,0.36869,0.36869,0.36869,0.36869,0.36869,0.36869,0.36869,0.36869,0.36869,0.36869,0.36869,0.36869,0.36869,0.36869,0.36869,0.36869,0.36869,0.36869
1866,0.37156,0.37156,0.37156,0.37156,0.37156,0.37156,0.37156,0.37156,0.37156,0.37156,0.37156,0.37156,0.37156,0.37156,0.37156,0.37156,0.37156,0.37156,0.37156,0.37156,0.37156,0.37156,0.37156,0.37156,0.37156,0.37156,0.37156,0.37156,0.37156
1867,0.37445,0.37445,0.37445,0.37445,0.37445,0.37445,0.37445,0.37445,0.37445,0.37445,0.37445,0.37445,0.37445,0.37445,0.37445,0.37445,0.37445,0.37445,0.37445,0.37445,0.37445,0.37445,0.37445,0.37445,0.37445,0.37445,0.37445,0.37445,0.37445
1868,0.37736,0.37736,0.37736,0.37736,0.37736,0.37736,0.37736,0.37736,0.37736,0.37736,0.37736,0.37736,0.37736,0.37736,0.37736,0.37736,0.37736,0.37736,0.37736,0.37736,0.37736,0.37736,0.37736,0.37736,0.37736,0.37736,0.37736,0.37736,0.37736
1869,0.38029,0.38029,0.38029,0.38029,0.38029,0.38029,0.38029,0.38029,0.38029,0.38029,0.38029,0.38029,0.38029,0.38029,0.38029,0.38029,0.38029,0.38029,0.38029,0.38029,0.38029,0.38029,0.38029,0.38029,0.38029,0.38029,0.38029,0.38029,0.38029
1870,0.38324,0.38324,0.38324,0.38324,0.38324,0.38324,0.38324,0.38324,0.38324,0.38324,0.38324,0.38324,0.38324,0.38324,0.38324,0.38324,0.38324,0.38324,0.38324,0.38324,0.38324,0.38324,0.38324,0.38324,0.38324,0.38324,0.38324,0.38324,0.38324
1871,0.38621,0.38621,0.38621,0.38621,0.38621,0.38621,0.38621,0.38621,0.38621,0.38621,0.38621,0.38621,0.38621,0.38621,0.38621,0.38621,0.38621,0.38621,0.38621,0.38621,0.38621,0.38621,0.38621,0.38621,0.38621,0.38621,0.38621,0.38621,0.38621
1872,0.38920,0.38920,0.38920,0.38920,0.38920,0.38920,0.38920,0.38920,0.38920,0.38920,0.38920,0.38920,0.38920,0.38920,0.38920,0.38920,0.38920,0.38920,0.38920,0.38920,0.38920,0.38920,0.38920,0.38920,0.38920,0.38920,0.38920,0.38920,0.38920
1873,0.39221,0.39221,0.39221,0.39221,0.39221,0.39221,0.39221,0.39221,0.39221,0.39221,0.39221,0.39221,0.39221,0.39221,0.39221,0.39221,0.39221,0.39221,0.39221,0.39221,0.39221,0.39221,0.39221,0.39221,0.39221,0.39221,0.39221,0.39221,0.39221
1874,0.39523,0.39523,0.39523,0.39523,0.39523,0.39523,0.39523,0.39523,0.39523,0.39523,0.39523,0.39523,0.39523,0.39523,0.39523,0.39523,0.39523,0.39523,0.39523,0.39523,0.39523,0.39523,0.39523,0.39523,0.39523,0.39523,0.39523,0.39523,0.39523
1875,0.39826,0.39826,0.39826,0.39826,0.39826,0.39826,0.39826,0.39826,0.39826,0.39826,0.39826,0.39826,0.39826,0.39826,0.39826,0.39826,0.39826,0.39826,0.39826,0.39826,0.39826,0.39826,0.39826,0.39826,0.39826,0.39826,0.39826,0.39826,0.39826
1876,0.40132,0.40132,0.40132,0.40132,0.40132,0.40132,0.40132,0.40132,0.40132,0.40132,0.40132,0.40132,0.40132,0.40132,0.40132,0.40132,0.40132,0.40132,0.40132,0.40132,0.40132,0.40132,0.40132,0.40132,0.40132,0.40132,0.40132,0.40132,0.40132
1877,0.40438,0.40438,0.40438,0.40438,0.40438,0.40438,0.40438,0.40438,0.40438,0.40438,0.40438,0.40438,0.40438,0.40438,0.40438,0.40438,0.40438,0.40438,0.40438,0.40438,0.40438,0.40438,0.40438,0.40438,0.40438,0.40438,0.40438,0.40438,0.40438
1878,0.40746,0.40746,0.40746,0.40746,0.40746,0.40746,0.40746,0.40746,0.40746,0.40746,0.40746,0.40746,0.40746,0.40746,0.40746,0.40746,0.40746,0.40746,0.40746,0.40746,0.40746,0.40746,0.40746,0.40746,0.40746,0.40746,0.40746,0.40746,0.40746
1879,0.41055,0.41055,0.41055,0.41055,0.41055,0.41055,0.41055,0.41055,0.41055,0.41055,0.41055,0.41055,0.41055,0.41055,0.41055,0.41055,0.41055,0.41055,0.41055,0.41055,0.41055,0.41055,0.41055,0.41055,0.41055,0.41055,0.41055,0.41055,0.41055
1880,0.41365,0.41365,0.41365,0.41365,0.41365,0.41365,0.41365,0.41365,0.41365,0.41365,0.41365,0.41365,0.41365,0.41365,0.41365,0.41365,0.41365,0.41365,0.41365,0.41365,0.41365,0.41365,0.41365,0.41365,0.41365,0.41365,0.41365,0.41365,0.41365
1881,0.41677,0.41677,0.41677,0.41677,0.41677,0.41677,0.41677,0.41677,0.41677,0.41677,0.41677,0.41677,0.41677,0.41677,0.41677,0.41677,0.41677,0.41677,0.41677,0.41677,0.41677,0.41677,0.41677,0.41677,0.41677,0.41677,0.41677,0.41677,0.41677
1882,0.41989,0.41989,0.41989,0.41989,0.41989,0.41989,0.41989,0.41989,0.41989,0.41989,0.41989,0.41989,0.41989,0.41989,0.41989,0.41989,0.41989,0.41989,0.41989,0.41989,0.41989,0.41989,0.41989,0.41989,0.41989,0.41989,0.41989,0.41989,0.41989
1883,0.42303,0.42303,0.42303,0.42303,0.42303,0.42303,0.42303,0.42303,0.42303,0.42303,0.42303,0.42303,0.42303,0.42303,0.42303,0.42303,0.42303,0.42303,0.42303,0.42303,0.42303,0.42303,0.42303,0.42303,0.42303,0.42303,0.42303,0.42303,0.42303
1884,0.42617,0.42617,0.42617,0.42617,0.42617,0.42617,0.42617,0.42617,0.42617,0.42617,0.42617,0.42617,0.42617,0.42617,0.42617,0.42617,0.42617,0.42617,0.42617,0.42617,0.42617,0.42617,0.42617,0.42617,0.42617,0.42617,0.42617,0.42617,0.42617
1885,0.42932,0.42932,0.42932,0.42932,0.42932,0.42932,0.42932,0.42932,0.42932,0.42932,0.42932,0.42932,0.42932,0.42932,0.42932,0.42932,0.42932,0.42932,0.42932,0.42932,0.42932,0.42932,0.42932,0.42932,0.42932,0.42932,0.42932,0.42932,0.42932
1886,0.43248,0.43248,0.43248,0.43248,0.43248,0.43248,0.43248,0.43248,0.43248,0.43248,0.43248,0.43248,0.43248,0.43248,0.43248,0.43248,0.43248,0.43248,0.43248,0.43248,0.43248,0.43248,0.43248,0.43248,0.43248,0.43248,0.43248,0.43248,0.43248
1887,0.43565,0.43565,0.43565,0.43565,0.43565,0.43565,0.43565,0.43565,0.43565,0.43565,0.43565,0.43565,0.43565,0.43565,0.43565,0.43565,0.43565,0.43565,0.43565,0.43565,0.43565,0.43565,0.43565,0.43565,0.43565,0.43565,0.43565,0.43565,0.43565
1888,0.43883,0.43883,0.43883,0.43883,0.43883,0.43883,0.43883,0.43883,0.43883,0.43883,0.43883,0.43883,0.43883,0.43883,0.43883,0.43883,0.43883,0.43883,0.43883,0.43883,0.43883,0.43883,0.43883,0.43883,0.43883,0.43883,0.43883,0.43883,0.43883
1889,0.44201,0.44201,0.44201,0.44201,0.44201,0.44201,0.44201,0.44201,0.44201,0.44201,0.44201,0.44201,0.44201,0.44201,0.44201,0.44201,0.44201,0.44201,0.44201,0.44201,0.44201,0.44201,0.44201,0.44201,0.44201,0.44201,0.44201,0.44201,0.44201
1890,0.44520,0.44520,0.44520,0.44520,0.44520,0.44520,0.44520,0.44520,0.44520,0.44520,0.44520,0.44520,0.44520,0.44520,0.44520,0.44520,0.44520,0.44520,0.44520,0.44520,0.44520,0.44520,0.44520,0.44520,0.44520,0.44520,0.44520,0.44520,0.44520
1891,0.44839,0.44839,0.44839,0.44839,0.44839,0.44839,0.44839,0.44839,0.44839,0.44839,0.44839,0.44839,0.44839,0.44839,0.44839,0.44839,0.44839,0.44839,0.44839,0.44839,0.44839,0.44839,0.44839,0.44839,0.44839,0.44839,0.44839,0.44839,0.44839
1892,0.45159,0.45159,0.45159,0.45159,0.45159,0.45159,0.45159,0.45159,0.45159,0.45159,0.45159,0.45159,0.45159,0.45159,0.45159,0.45159,0.45159,0.45159,0.45159,0.45159,0.45159,0.45159,0.45159,0.45159,0.45159,0.45159,0.45159,0.45159,0.45159
1893,0.45480,0.45480,0.45480,0.45480,0.45480,0.45480,0.45480,0.45480,0.45480,0.45480,0.45480,0.45480,0.45480,0.45480,0.45480,0.45480,0.45480,0.45480,0.45480,0.45480,0.45480,0.45480,0.45480,0.45480,0.45480,0.45480,0.45480,0.45480,0.45480
1894,0.45801,0.45801,0.45801,0.45801,0.45801,0.45801,0.45801,0.45801,0.45801,0.45801,0.45801,0.45801,0.45801,0.45801,0.45801,0.45801,0.45801,0.45801,0.45801,0.45801,0.45801,0.45801,0.45801,0.45801,0.45801,0.45801,0.45801,0.45801,0.45801
1895,0.46122,0.46122,0.46122,0.46122,0.46122,0.46122,0.46122,0.46122,0.46122,0.46122,0.46122,0.46122,0.46122,0.46122,0.46122,0.46122,0.46122,0.46122,0.46122,0.46122,0.46122,0.46122,0.46122,0.46122,0.46122,0.46122,0.46122,0.46122,0.46122
1896,0.46444,0.46444,0.46444,0.46444,0.46444,0.46444,0.46444,0.46444,0.46444,0.46444,0.46444,0.46444,0.46444,0.46444,0.46444,0.46444,0.46444,0.46444,0.46444,0.46444,0.46444,0.46444,0.46444,0.46444,0.46444,0.46444,0.46444,0.46444,0.46444
1897,0.46766,0.46766,0.46766,0.46766,0.46766,0.46766,0.46766,0.46766,0.46766,0.46766,0.46766,0.46766,0.46766,0.46766,0.46766,0.46766,0.46766,0.46766,0.46766,0.46766,0.46766,0.46766,0.46766,0.46766,0.46766,0.46766,0.46766,0.46766,0.46766
1898,0.47089,0.47089,0.47089,0.47089,0.47089,0.47089,0.47089,0.47089,0.47089,0.47089,0.47089,0.47089,0.47089,0.47089,0.47089,0.47089,0.47089,0.47089,0.47089,0.47089,0.47089,0.47089,0.47089,0.47089,0.47089,0.47089,0.47089,0.47089,0.47089
1899,0.47412,0.47412,0.47412,0.47412,0.47412,0.47412,0.47412,0.47412,0.47412,0.47412,0.47412,0.47412,0.47412,0.47412,0.47412,0.47412,0.47412,0.47412,0.47412,0.47412,0.47412,0.47412,0.47412,0.47412,0.47412,0.47412,0.47412,0.47412,0.47412
1900,0.47735,0.47735,0.47735,0.47735,0.47735,0.47735,0.47735,0.47735,0.47735,0.47735,0.47735,0.47735,0.47735,0.47735,0.47735,0.47735,0.47735,0.47735,0.47735,0.47735,0.47735,0.47735,0.47735,0.47735,0.47735,0.47735,0.47735,0.47735,0.47735
1901,0.48058,0.48058,0.48058,0.48058,0.48058,0.48058,0.48058,0.48058,0.48058,0.48058,0.48058,0.48058,0.48058,0.48058,0.48058,0.48058,0.48058,0.48058,0.48058,0.48058,0.48058,0.48058,0.48058,0.48058,0.48058,0.48058,0.48058,0.48058,0.48058
1902,0.48381,0.48381,0.48381,0.48381,0.48381,0.48381,0.48381,0.48381,0.48381,0.48381,0.48381,0.48381,0.48381,0.48381,0.48381,0.48381,0.48381,0.48381,0.48381,0.48381,0.48381,0.48381,0.48381,0.48381,0.48381,0.48381,0.48381,0.48381,0.48381
1903,0.48705,0.48705,0.48705,0.48705,0.48705,0.48705,0.48705,0.48705,0.48705,0.48705,0.48705,0.48705,0.48705,0.48705,0.48705,0.48705,0.48705,0.48705,0.48705,0.48705,0.48705,0.48705,0.48705,0.48705,0.48705,0.48705,0.48705,0.48705,0.48705
1904,0.49029,0.49029,0.49029,0.49029,0.49029,0.49029,0.49029,0.49029,0.49029,0.49029,0.49029,0.49029,0.49029,0.49029,0.49029,0.49029,0.49029,0.49029,0.49029,0.49029,0.49029,0.49029,0.49029,0.49029,0.49029,0.49029,0.49029,0.49029,0.49029
1905,0.49352,0.49352,0.49352,0.49352,0.49352,0.49352,0.49352,0.49352,0.49352,0.49352,0.49352,0.49352,0.49352,0.49352,0.49352,0.49352,0.49352,0.49352,0.49352,0.49352,0.49352,0.49352,0.49352,0.49352,0.49352,0.49352,0.49352,0.49352,0.49352
1906,0.49676,0.49676,0.49676,0.49676,0.49676,0.49676,0.49676,0.49676,0.49676,0.49676,0.49676,0.49676,0.49676,0.49676,0.49676,0.49676,0.49676,0.49676,0.49676,0.49676,0.49676,0.49676,0.49676,0.49676,0.49676,0.49676,0.49676,0.49676,0.49676
1907,0.50000,0.50000,0.50000,0.50000,0.50000,0.50000,0.50000,0.50000,0.50000,0.50000,0.50000,0.50000,0.50000,0.50000,0.50000,0.50000,0.50000,0.50000,0.50000,0.50000,0.50000,0.50000,0.50000,0.50000,0.50000,0.50000,0.50000,0.50000,0.50000
1908,0.50324,0.50324,0.50324,0.50324,0.50324,0.50324,0.50324,0.50324,0.50324,0.50324,0.50324,0.50324,0.50324,0.50324,0.50324,0.50324,0.50324,0.50324,0.50324,0.50324,0.50324,0.50324,0.50324,0.50324,0.50324,0.50324,0.50324,0.50324,0.50324
1909,0.50648,0.50648,0.50648,0.50648,0.50648,0.50648,0.50648,0.50648,0.50648,0.50648,0.50648,0.50648,0.50648,0.50648,0.50648,0.50648,0.50648,0.50648,0.50648,0.50648,0.50648,0.50648,0.50648,0.50648,0.50648,0.50648,0.50648,0.50648,0.50648
1910,0.50971,0.50971,0.50971,0.50971,0.50971,0.50971,0.50971,0.50971,0.50971,0.50971,0.50971,0.50971,0.50971,0.50971,0.50971,0.50971,0.50971,0.50971,0.50971,0.50971,0.50971,0.50971,0.50971,0.50971,0.50971,0.50971,0.50971,0.50971,0.50971
1911,0.51295,0.51295,0.51295,0.51295,0.51295,0.51295,0.51295,0.51295,0.51295,0.51295,0.51295,0.51295,0.51295,0.51295,0.51295,0.51295,0.51295,0.51295,0.51295,0.51295,0.51295,0.51295,0.51295,0.51295,0.51295,0.51295,0.51295,0.51295,0.51295
1912,0.51619,0.51619,0.51619,0.51619,0.51619,0.51619,0.51619,0.51619,0.51619,0.51619,0.51619,0.51619,0.51619,0.51619,0.51619,0.51619,0.51619,0.51619,0.51619,0.51619,0.51619,0.51619,0.51619,0.51619,0.51619,0.51619,0.51619,0.51619,0.51619
1913,0.51942,0.51942,0.51942,0.51942,0.51942,0.51942,0.51942,0.51942,0.51942,0.51942,0.51942,0.51942,0.51942,0.51942,0.51942,0.51942,0.51942,0.51942,0.51942,0.51942,0.51942,0.51942,0.51942,0.51942,0.51942,0.51942,0.51942,0.51942,0.51942
1914,0.52265,0.52265,0.52265,0.52265,0.52265,0.52265,0.52265,0.52265,0.52265,0.52265,0.52265,0.52265,0.52265,0.52265,0.52265,0.52265,0.52265,0.52265,0.52265,0.52265,0.52265,0.52265,0.52265,0.52265,0.52265,0.52265,0.52265,0.52265,0.52265
1915,0.52588,0.52588,0.52588,0.52588,0.52588,0.52588,0.52588,0.52588,0.52588,0.52588,0.52588,0.52588,0.52588,0.52588,0.52588,0.52588,0.52588,0.52588,0.52588,0.52588,0.52588,0.52588,0.52588,0.52588,0.52588,0.52588,0.52588,0.52588,0.52588
1916,0.52911,0.52911,0.52911,0.52911,0.52911,0.52911,0.52911,0.52911,0.52911,0.52911,0.52911,0.52911,0.52911,0.52911,0.52911,0.52911,0.52911,0.52911,0.52911,0.52911,0.52911,0.52911,0.52911,0.52911,0.52911,0.52911,0.52911,0.52911,0.52911
1917,0.53234,0.53234,0.53234,0.53234,0.53234,0.53234,0.53234,0.53234,0.53234,0.53234,0.53234,0.53234,0.53234,0.53234,0.53234,0.53234,0.53234,0.53234,0.53234,0.53234,0.53234,0.53234,0.53234,0.53234,0.53234,0.53234,0.53234,0.53234,0.53234
1918,0.53556,0.53556,0.53556,0.53556,0.53556,0.53556,0.53556,0.53556,0.53556,0.53556,0.53556,0.53556,0.53556,0.53556,0.53556,0.53556,0.53556,0.53556,0.53556,0.53556,0.53556,0.53556,0.53556,0.53556,0.53556,0.53556,0.53556,0.53556,0.53556
1919,0.53878,0.53878,0.53878,0.53878,0.53878,0.53878,0.53878,0.53878,0.53878,0.53878,0.53878,0.53878,0.53878,0.53878,0.53878,0.53878,0.53878,0.53878,0.53878,0.53878,0.53878,0.53878,0.53878,0.53878,0.53878,0.53878,0.53878,0.53878,0.53878
1920,0.54199,0.54199,0.54199,0.54199,0.54199,0.54199,0.54199,0.54199,0.54199,0.54199,0.54199,0.54199,0.54199,0.54199,0.54199,0.54199,0.54199,0.54199,0.54199,0.54199,0.54199,0.54199,0.54199,0.54199,0.54199,0.54199,0.54199,0.54199,0.54199
1921,0.54520,0.54520,0.54520,0.54520,0.54520,0.54520,0.54520,0.54520,0.54520,0.54520,0.54520,0.54520,0.54520,0.54520,0.54520,0.54520,0.54520,0.54520,0.54520,0.54520,0.54520,0.54520,0.54520,0.54520,0.54520,0.54520,0.54520,0.54520,0.54520
1922,0.54841,0.54841,0.54841,0.54841,0.54841,0.54841,0.54841,0.54841,0.54841,0.54841,0.54841,0.54841,0.54841,0.54841,0.54841,0.54841,0.54841,0.54841,0.54841,0.54841,0.54841,0.54841,0.54841,0.54841,0.54841,0.54841,0.54841,0.54841,0.54841
1923,0.55161,0.55161,0.55161,0.55161,0.55161,0.55161,0.55161,0.55161,0.55161,0.55161,0.55161,0.55161,0.55161,0.55161,0.55161,0.55161,0.55161,0.55161,0.55161,0.55161,0.55161,0.55161,0.55161,0.55161,0.55161,0.55161,0.55161,0.55161,0.55161
1924,0.55480,0.55480,0.55480,0.55480,0.55480,0.55480,0.55480,0.55480,0.55480,0.55480,0.55480,0.55480,0.55480,0.55480,0.55480,0.55480,0.55480,0.55480,0.55480,0.55480,0.55480,0.55480,0.55480,0.55480,0.55480,0.55480,0.55480,0.55480,0.55480
1925,0.55799,0.55799,0.55799,0.55799,0.55799,0.55799,0.55799,0.55799,0.55799,0.55799,0.55799,0.55799,0.55799,0.55799,0.55799,0.55799,0.55799,0.55799,0.55799,0.55799,0.55799,0.55799,0.55799,0.55799,0.55799,0.55799,0.55799,0.55799,0.55799
1926,0.56117,0.56117,0.56117,0.56117,0.56117,0.56117,0.56117,0.56117,0.56117,0.56117,0.56117,0.56117,0.56117,0.56117,0.56117,0.56117,0.56117,0.56117,0.56117,0.56117,0.56117,0.56117,0.56117,0.56117,0.56117,0.56117,0.56117,0.56117,0.56117
1927,0.56435,0.56435,0.56435,0.56435,0.56435,0.56435,0.56435,0.56435,0.56435,0.56435,0.56435,0.56435,0.56435,0.56435,0.56435,0.56435,0.56435,0.56435,0.56435,0.56435,0.56435,0.56435,0.56435,0.56435,0.56435,0.56435,0.56435,0.56435,0.56435
1928,0.56752,0.56752,0.56752,0.56752,0.56752,0.56752,0.56752,0.56752,0.56752,0.56752,0.56752,0.56752,0.56752,0.56752,0.56752,0.56752,0.56752,0.56752,0.56752,0.56752,0.56752,0.56752,0.56752,0.56752,0.56752,0.56752,0.56752,0.56752,0.56752
1929,0.57068,0.57068,0.57068,0.57068,0.57068,0.57068,0.57068,0.57068,0.57068,0.57068,0.57068,0.57068,0.57068,0.57068,0.57068,0.57068,0.57068,0.57068,0.57068,0.57068,0.57068,0.57068,0.57068,0.57068,0.57068,0.57068,0.57068,0.57068,0.57068
1930,0.57383,0.57383,0.57383,0.57383,0.57383,0.57383,0.57383,0.57383,0.57383,0.57383,0.57383,0.57383,0.57383,0.57383,0.57383,0.57383,0.57383,0.57383,0.57383,0.57383,0.57383,0.57383,0.57383,0.57383,0.57383,0.57383,0.57383,0.57383,0.57383
1931,0.57697,0.57697,0.57697,0.57697,0.57697,0.57697,0.57697,0.57697,0.57697,0.57697,0.57697,0.57697,0.57697,0.57697,0.57697,0.57697,0.57697,0.57697,0.57697,0.57697,0.57697,0.57697,0.57697,0.57697,0.57697,0.57697,0.57697,0.57697,0.57697
1932,0.58011,0.58011,0.58011,0.58011,0.58011,0.58011,0.58011,0.58011,0.58011,0.58011,0.58011,0.58011,0.58011,0.58011,0.58011,0.58011,0.58011,0.58011,0.58011,0.58011,0.58011,0.58011,0.58011,0.58011,0.58011,0.58011,0.58011,0.58011,0.58011
1933,0.58323,0.58323,0.58323,0.58323,0.58323,0.58323,0.58323,0.58323,0.58323,0.58323,0.58323,0.58323,0.58323,0.58323,0.58323,0.58323,0.58323,0.58323,0.58323,0.58323,0.58323,0.58323,0.58323,0.58323,0.58323,0.58323,0.58323,0.58323,0.58323
1934,0.58635,0.58635,0.58635,0.58635,0.58635,0.58635,0.58635,0.58635,0.58635,0.58635,0.58635,0.58635,0.58635,0.58635,0.58635,0.58635,0.58635,0.58635,0.58635,0.58635,0.58635,0.58635,0.58635,0.58635,0.58635,0.58635,0.58635,0.58635,0.58635
1935,0.58945,0.58945,0.58945,0.58945,0.58945,0.58945,0.58945,0.58945,0.58945,0.58945,0.58945,0.58945,0.58945,0.58945,0.58945,0.58945,0.58945,0.58945,0.58945,0.58945,0.58945,0.58945,0.58945,0.58945,0.58945,0.58945,0.58945,0.58945,0.58945
1936,0.59254,0.59254,0.59254,0.59254,0.59254,0.59254,0.59254,0.59254,0.59254,0.59254,0.59254,0.59254,0.59254,0.59254,0.59254,0.59254,0.59254,0.59254,0.59254,0.59254,0.59254,0.59254,0.59254,0.59254,0.59254,0.59254,0.59254,0.59254,0.59254
1937,0.59562,0.59562,0.59562,0.59562,0.59562,0.59562,0.59562,0.59562,0.59562,0.59562,0.59562,0.59562,0.59562,0.59562,0.59562,0.59562,0.59562,0.59562,0.59562,0.59562,0.59562,0.59562,0.59562,0.59562,0.59562,0.59562,0.59562,0.59562,0.59562
1938,0.59868,0.59868,0.59868,0.59868,0.59868,0.59868,0.59868,0.59868,0.59868,0.59868,0.59868,0.59868,0.59868,0.59868,0.59868,0.59868,0.59868,0.59868,0.59868,0.59868,0.59868,0.59868,0.59868,0.59868,0.59868,0.59868,0.59868,0.59868,0.59868
1939,0.60174,0.60174,0.60174,0.60174,0.60174,0.60174,0.60174,0.60174,0.60174,0.60174,0.60174,0.60174,0.60174,0.60174,0.60174,0.60174,0.60174,0.60174,0.60174,0.60174,0.60174,0.60174,0.60174,0.60174,0.60174,0.60174,0.60174,0.60174,0.60174
1940,0.60477,0.60477,0.60477,0.60477,0.60477,0.60477,0.60477,0.60477,0.60477,0.60477,0.60477,0.60477,0.60477,0.60477,0.60477,0.60477,0.60477,0.60477,0.60477,0.60477,0.60477,0.60477,0.60477,0.60477,0.60477,0.60477,0.60477,0.60477,0.60477
1941,0.60779,0.60779,0.60779,0.60779,0.60779,0.60779,0.60779,0.60779,0.60779,0.60779,0.60779,0.60779,0.60779,0.60779,0.60779,0.60779,0.60779,0.60779,0.60779,0.60779,0.60779,0.60779,0.60779,0.60779,0.60779,0.60779,0.60779,0.60779,0.60779
1942,0.61080,0.61080,0.61080,0.61080,0.61080,0.61080,0.61080,0.61080,0.61080,0.61080,0.61080,0.61080,0.61080,0.61080,0.61080,0.61080,0.61080,0.61080,0.61080,0.61080,0.61080,0.61080,0.61080,0.61080,0.61080,0.61080,0.61080,0.61080,0.61080
1943,0.61379,0.61379,0.61379,0.61379,0.61379,0.61379,0.61379,0.61379,0.61379,0.61379,0.61379,0.61379,0.61379,0.61379,0.61379,0.61379,0.61379,0.61379,0.61379,0.61379,0.61379,0.61379,0.61379,0.61379,0.61379,0.61379,0.61379,0.61379,0.61379
1944,0.61676,0.61676,0.61676,0.61676,0.61676,0.61676,0.61676,0.61676,0.61676,0.61676,0.61676,0.61676,0.61676,0.61676,0.61676,0.61676,0.61676,0.61676,0.61676,0.61676,0.61676,0.61676,0.61676,0.61676,0.61676,0.61676,0.61676,0.61676,0.61676
1945,0.61971,0.61971,0.61971,0.61971,0.61971,0.61971,0.61971,0.61971,0.61971,0.61971,0.61971,0.61971,0.61971,0.61971,0.61971,0.61971,0.61971,0.61971,0.61971,0.61971,0.61971,0.61971,0.61971,0.61971,0.61971,0.61971,0.61971,0.61971,0.61971
1946,0.62264,0.62264,0.62264,0.62264,0.62264,0.62264,0.62264,0.62264,0.62264,0.62264,0.62264,0.62264,0.62264,0.62264,0.62264,0.62264,0.62264,0.62264,0.62264,0.62264,0.62264,0.62264,0.62264,0.62264,0.62264,0.62264,0.62264,0.62264,0.62264
1947,0.62555,0.62555,0.62555,0.62555,0.62555,0.62555,0.62555,0.62555,0.62555,0.62555,0.62555,0.62555,0.62555,0.62555,0.62555,0.62555,0.62555,0.62555,0.62555,0.62555,0.62555,0.62555,0.62555,0.62555,0.62555,0.62555,0.62555,0.62555,0.62555
1948,0.62844,0.62844,0.62844,0.62844,0.62844,0.62844,0.62844,0.62844,0.62844,0.62844,0.62844,0.62844,0.62844,0.62844,0.62844,0.62844,0.62844,0.62844,0.62844,0.62844,0.62844,0.62844,0.62844,0.62844,0.62844,0.62844,0.62844,0.62844,0.62844
1949,0.63131,0.63131,0.63131,0.63131,0.63131,0.63131,0.63131,0.63131,0.63131,0.63131,0.63131,0.63131,0.63131,0.63131,0.63131,0.63131,0.63131,0.63131,0.63131,0.63131,0.63131,0.63131,0.63131,0.63131,0.63131,0.63131,0.63131,0.63131,0.63131
1950,0.63415,0.63415,0.63415,0.63415,0.63415,0.63415,0.63415,0.63415,0.63415,0.63415,0.63415,0.63415,0.63415,0.63415,0.63415,0.63415,0.63415,0.63415,0.63415,0.63415,0.63415,0.63415,0.63415,0.63415,0.63415,0.63415,0.63415,0.63415,0.63415
1951,0.63697,0.63697,0.63697,0.63697,0.63697,0.63697,0.63697,0.63697,0.63697,0.63697,0.63697,0.63697,0.63697,0.63697,0.63697,0.63697,0.63697,0.63697,0.63697,0.63697,0.63697,0.63697,0.63697,0.63697,0.63697,0.63697,0.63697,0.63697,0.63697
1952,0.63976,0.63976,0.63976,0.63976,0.63976,0.63976,0.63976,0.63976,0.63976,0.63976,0.63976,0.63976,0.63976,0.63976,0.63976,0.63976,0.63976,0.63976,0.63976,0.63976,0.63976,0.63976,0.63976,0.63976,0.63976,0.63976,0.63976,0.63976,0.63976
1953,0.64253,0.64253,0.64253,0.64253,0.64253,0.64253,0.64253,0.64253,0.64253,0.64253,0.64253,0.64253,0.64253,0.64253,0.64253,0.64253,0.64253,0.64253,0.64253,0.64253,0.64253,0.64253,0.64253,0.64253,0.64253,0.64253,0.64253,0.64253,0.64253
1954,0.64527,0.64527,0.64527,0.64527,0.64527,0.64527,0.64527,0.64527,0.64527,0.64527,0.64527,0.64527,0.64527,0.64527,0.64527,0.64527,0.64527,0.64527,0.64527,0.64527,0.64527,0.64527,0.64527,0.64527,0.64527,0.64527,0.64527,0.64527,0.64527
1955,0.64797,0.64797,0.64797,0.64797,0.64797,0.64797,0.64797,0.64797,0.64797,0.64797,0.64797,0.64797,0.64797,0.64797,0.64797,0.64797,0.64797,0.64797,0.64797,0.64797,0.64797,0.64797,0.64797,0.64797,0.64797,0.64797,0.64797,0.64797,0.64797
1956,0.65065,0.65065,0.65065,0.65065,0.65065,0.65065,0.65065,0.65065,0.65065,0.65065,0.65065,0.65065,0.65065,0.65065,0.65065,0.65065,0.65065,0.65065,0.65065,0.65065,0.65065,0.65065,0.65065,0.65065,0.65065,0.65065,0.65065,0.65065,0.65065
1957,0.65329,0.65329,0.65329,0.65329,0.65329,0.65329,0.65329,0.65329,0.65329,0.65329,0.65329,0.65329,0.65329,0.65329,0.65329,0.65329,0.65329,0.65329,0.65329,0.65329,0.65329,0.65329,0.65329,0.65329,0.65329,0.65329,0.65329,0.65329,0.65329
1958,0.65590,0.65590,0.65590,0.65590,0.65590,0.65590,0.65590,0.65590,0.65590,0.65590,0.65590,0.65590,0.65590,0.65590,0.65590,0.65590,0.65590,0.65590,0.65590,0.65590,0.65590,0.65590,0.65590,0.65590,0.65590,0.65590,0.65590,0.65590,0.65590
1959,0.65848,0.65848,0.65848,0.65848,0.65848,0.65848,0.65848,0.65848,0.65848,0.65848,0.65848,0.65848,0.65848,0.65848,0.65848,0.65848,0.65848,0.65848,0.65848,0.65848,0.65848,0.65848,0.65848,0.65848,0.65848,0.65848,0.65848,0.65848,0.65848
1960,0.66102,0.66102,0.66102,0.66102,0.66102,0.66102,0.66102,0.66102,0.66102,0.66102,0.66102,0.66102,0.66102,0.66102,0.66102,0.66102,0.66102,0.66102,0.66102,0.66102,0.66102,0.66102,0.66102,0.66102,0.66102,0.66102,0.66102,0.66102,0.66102
1961,0.66352,0.66352,0.66352,0.66352,0.66352,0.66352,0.66352,0.66352,0.66352,0.66352,0.66352,0.66352,0.66352,0.66352,0.66352,0.66352,0.66352,0.66352,0.66352,0.66352,0.66352,0.66352,0.66352,0.66352,0.66352,0.66352,0.66352,0.66352,0.66352
1962,0.66598,0.66598,0.66598,0.66598,0.66598,0.66598,0.66598,0.66598,0.66598,0.66598,0.66598,0.66598,0.66598,0.66598,0.66598,0.66598,0.66598,0.66598,0.66598,0.66598,0.66598,0.66598,0.66598,0.66598,0.66598,0.66598,0.66598,0.66598,0.66598
1963,0.66840,0.66840,0.66840,0.66840,0.66840,0.66840,0.66840,0.66840,0.66840,0.66840,0.66840,0.66840,0.66840,0.66840,0.66840,0.66840,0.66840,0.66840,0.66840,0.66840,0.66840,0.66840,0.66840,0.66840,0.66840,0.66840,0.66840,0.66840,0.66840
1964,0.67078,0.67078,0.67078,0.67078,0.67078,0.67078,0.67078,0.67078,0.67078,0.67078,0.67078,0.67078,0.67078,0.67078,0.67078,0.67078,0.67078,0.67078,0.67078,0.67078,0.67078,0.67078,0.67078,0.67078,0.67078,0.67078,0.67078,0.67078,0.67078
1965,0.67312,0.67312,0.67312,0.67312,0.67312,0.67312,0.67312,0.67312,0.67312,0.67312,0.67312,0.67312,0.67312,0.67312,0.67312,0.67312,0.67312,0.67312,0.67312,0.67312,0.67312,0.67312,0.67312,0.67312,0.67312,0.67312,0.67312,0.67312,0.67312
1966,0.67541,0.67541,0.67541,0.67541,0.67541,0.67541,0.67541,0.67541,0.67541,0.67541,0.67541,0.67541,0.67541,0.67541,0.67541,0.67541,0.67541,0.67541,0.67541,0.67541,0.67541,0.67541,0.67541,0.67541,0.67541,0.67541,0.67541,0.67541,0.67541
1967,0.67765,0.67765,0.67765,0.67765,0.67765,0.67765,0.67765,0.67765,0.67765,0.67765,0.67765,0.67765,0.67765,0.67765,0.67765,0.67765,0.67765,0.67765,0.67765,0.67765,0.67765,0.67765,0.67765,0.67765,0.67765,0.67765,0.67765,0.67765,0.67765
1968,0.67985,0.67985,0.67985,0.67985,0.67985,0.67985,0.67985,0.67985,0.67985,0.67985,0.67985,0.67985,0.67985,0.67985,0.67985,0.67985,0.67985,0.67985,0.67985,0.67985,0.67985,0.67985,0.67985,0.67985,0.67985,0.67985,0.67985,0.67985,0.67985
1969,0.68199,0.68199,0.68199,0.68199,0.68199,0.68199,0.68199,0.68199,0.68199,0.68199,0.68199,0.68199,0.68199,0.68199,0.68199,0.68199,0.68199,0.68199,0.68199,0.68199,0.68199,0.68199,0.68199,0.68199,0.68199,0.68199,0.68199,0.68199,0.68199
1970,0.68408,0.68408,0.68408,0.68408,0.68408,0.68408,0.68408,0.68408,0.68408,0.68408,0.68408,0.68408,0.68408,0.68408,0.68408,0.68408,0.68408,0.68408,0.68408,0.68408,0.68408,0.68408,0.68408,0.68408,0.68408,0.68408,0.68408,0.68408,0.68408
1971,0.68612,0.68612,0.68612,0.68612,0.68612,0.68612,0.68612,0.68612,0.68612,0.68612,0.68612,0.68612,0.68612,0.68612,0.68612,0.68612,0.68612,0.68612,0.68612,0.68612,0.68612,0.68612,0.68612,0.68612,0.68612,0.68612,0.68612,0.68612,0.68612
1972,0.68811,0.68811,0.68811,0.68811,0.68811,0.68811,0.68811,0.68811,0.68811,0.68811,0.68811,0.68811,0.68811,0.68811,0.68811,0.68811,0.68811,0.68811,0.68811,0.68811,0.68811,0.68811,0.68811,0.68811,0.68811,0.68811,0.68811,0.68811,0.68811
1973,0.69004,0.69004,0.69004,0.69004,0.69004,0.69004,0.69004,0.69004,0.69004,0.69004,0.69004,0.69004,0.69004,0.69004,0.69004,0.69004,0.69004,0.69004,0.69004,0.69004,0.69004,0.69004,0.69004,0.69004,0.69004,0.69004,0.69004,0.69004,0.69004
1974,0.69191,0.69191,0.69191,0.69191,0.69191,0.69191,0.69191,0.69191,0.69191,0.69191,0.69191,0.69191,0.69191,0.69191,0.69191,0.69191,0.69191,0.69191,0.69191,0.69191,0.69191,0.69191,0.69191,0.69191,0.69191,0.69191,0.69191,0.69191,0.69191
1975,0.69372,0.69372,0.69372,0.69372,0.69372,0.69372,0.69372,0.69372,0.69372,0.69372,0.69372,0.69372,0.69372,0.69372,0.69372,0.69372,0.69372,0.69372,0.69372,0.69372,0.69372,0.69372,0.69372,0.69372,0.69372,0.69372,0.69372,0.69372,0.69372
1976,0.69546,0.69546,0.69546,0.69546,0.69546,0.69546,0.69546,0.69546,0.69546,0.69546,0.69546,0.69546,0.69546,0.69546,0.69546,0.69546,0.69546,0.69546,0.69546,0.69546,0.69546,0.69546,0.69546,0.69546,0.69546,0.69546,0.69546,0.69546,0.69546
1977,0.69715,0.69715,0.69715,0.69715,0.69715,0.69715,0.69715,0.69715,0.69715,0.69715,0.69715,0.69715,0.69715,0.69715,0.69715,0.69715,0.69715,0.69715,0.69715,0.69715,0.69715,0.69715,0.69715,0.69715,0.69715,0.69715,0.69715,0.69715,0.69715
1978,0.69877,0.69877,0.69877,0.69877,0.69877,0.69877,0.69877,0.69877,0.69877,0.69877,0.69877,0.69877,0.69877,0.69877,0.69877,0.69877,0.69877,0.69877,0.69877,0.69877,0.69877,0.69877,0.69877,0.69877,0.69877,0.69877,0.69877,0.69877,0.69877
1979,0.70032,0.70032,0.70032,0.70032,0.70032,0.70032,0.70032,0.70032,0.70032,0.70032,0.70032,0.70032,0.70032,0.70032,0.70032,0.70032,0.70032,0.70032,0.70032,0.70032,0.70032,0.70032,0.70032,0.70032,0.70032,0.70032,0.70032,0.70032,0.70032
1980,0.70181,0.70181,0.70181,0.70181,0.70181,0.70181,0.70181,0.70181,0.70181,0.70181,0.70181,0.70181,0.70181,0.70181,0.70181,0.70181,0.70181,0.70181,0.70181,0.70181,0.70181,0.70181,0.70181,0.70181,0.70181,0.70181,0.70181,0.70181,0.70181
1981,0.70322,0.70322,0.70322,0.70322,0.70322,0.70322,0.70322,0.70322,0.70322,0.70322,0.70322,0.70322,0.70322,0.70322,0.70322,0.70322,0.70322,0.70322,0.70322,0.70322,0.70322,0.70322,0.70322,0.70322,0.70322,0.70322,0.70322,0.70322,0.70322
1982,0.70457,0.70457,0.70457,0.70457,0.70457,0.70457,0.70457,0.70457,0.70457,0.70457,0.70457,0.70457,0.70457,0.70457,0.70457,0.70457,0.70457,0.70457,0.70457,0.70457,0.70457,0.70457,0.70457,0.70457,0.70457,0.70457,0.70457,0.70457,0.70457
1983,0.70584,0.70584,0.70584,0.70584,0.70584,0.70584,0.70584,0.70584,0.70584,0.70584,0.70584,0.70584,0.70584,0.70584,0.70584,0.70584,0.70584,0.70584,0.70584,0.70584,0.70584,0.70584,0.70584,0.70584,0.70584,0.70584,0.70584,0.70584,0.70584
1984,0.70704,0.70704,0.70704,0.70704,0.70704,0.70704,0.70704,0.70704,0.70704,0.70704,0.70704,0.70704,0.70704,0.70704,0.70704,0.70704,0.70704,0.70704,0.70704,0.70704,0.70704,0.70704,0.70704,0.70704,0.70704,0.70704,0.70704,0.70704,0.70704
1985,0.70817,0.70817,0.70817,0.70817,0.70817,0.70817,0.70817,0.70817,0.70817,0.70817,0.70817,0.70817,0.70817,0.70817,0.70817,0.70817,0.70817,0.70817,0.70817,0.70817,0.70817,0.70817,0.70817,0.70817,0.70817,0.70817,0.70817,0.70817,0.70817
1986,0.70921,0.70921,0.70921,0.70921,0.70921,0.70921,0.70921,0.70921,0.70921,0.70921,0.70921,0.70921,0.70921,0.70921,0.70921,0.70921,0.70921,0.70921,0.70921,0.70921,0.70921,0.70921,0.70921,0.70921,0.70921,0.70921,0.70921,0.70921,0.70921
1987,0.71018,0.71018,0.71018,0.71018,0.71018,0.71018,0.71018,0.71018,0.71018,0.71018,0.71018,0.71018,0.71018,0.71018,0.71018,0.71018,0.71018,0.71018,0.71018,0.71018,0.71018,0.71018,0.71018,0.71018,0.71018,0.71018,0.71018,0.71018,0.71018
1988,0.71108,0.71108,0.71108,0.71108,0.71108,0.71108,0.71108,0.71108,0.71108,0.71108,0.71108,0.71108,0.71108,0.71108,0.71108,0.71108,0.71108,0.71108,0.71108,0.71108,0.71108,0.71108,0.71108,0.71108,0.71108,0.71108,0.71108,0.71108,0.71108
1989,0.71189,0.71189,0.71189,0.71189,0.71189,0.71189,0.71189,0.71189,0.71189,0.71189,0.71189,0.71189,0.71189,0.71189,0.71189,0.71189,0.71189,0.71189,0.71189,0.71189,0.71189,0.71189,0.71189,0.71189,0.71189,0.71189,0.71189,0.71189,0.71189
1990,0.71262,0.71262,0.71262,0.71262,0.71262,0.71262,0.71262,0.71262,0.71262,0.71262,0.71262,0.71262,0.71262,0.71262,0.71262,0.71262,0.71262,0.71262,0.71262,0.71262,0.71262,0.71262,0.71262,0.71262,0.71262,0.71262,0.71262,0.71262,0.71262
1991,0.71327,0.71327,0.71327,0.71327,0.71327,0.71327,0.71327,0.71327,0.71327,0.71327,0.71327,0.71327,0.71327,0.71327,0.71327,0.71327,0.71327,0.71327,0.71327,0.71327,0.71327,0.71327,0.71327,0.71327,0.71327,0.71327,0.71327,0.71327,0.71327
1992,0.71384,0.71384,0.71384,0.71384,0.71384,0.71384,0.71384,0.71384,0.71384,0.71384,0.71384,0.71384,0.71384,0.71384,0.71384,0.71384,0.71384,0.71384,0.71384,0.71384,0.71384,0.71384,0.71384,0.71384,0.71384,0.71384,0.71384,0.71384,0.71384
1993,0.71433,0.71433,0.71433,0.71433,0.71433,0.71433,0.71433,0.71433,0.71433,0.71433,0.71433,0.71433,0.71433,0.71433,0.71433,0.71433,0.71433,0.71433,0.71433,0.71433,0.71433,0.71433,0.71433,0.71433,0.71433,0.71433,0.71433,0.71433,0.71433
1994,0.71473,0.71473,0.71473,0.71473,0.71473,0.71473,0.71473,0.71473,0.71473,0.71473,0.71473,0.71473,0.71473,0.71473,0.71473,0.71473,0.71473,0.71473,0.71473,0.71473,0.71473,0.71473,0.71473,0.71473,0.71473,0.71473,0.71473,0.71473,0.71473
1995,0.71504,0.71504,0.71504,0.71504,0.71504,0.71504,0.71504,0.71504,0.71504,0.71504,0.71504,0.71504,0.71504,0.71504,0.71504,0.71504,0.71504,0.71504,0.71504,0.71504,0.71504,0.71504,0.71504,0.71504,0.71504,0.71504,0.71504,0.71504,0.71504
1996,0.71528,0.71528,0.71528,0.71528,0.71528,0.71528,0.71528,0.71528,0.71528,0.71528,0.71528,0.71528,0.71528,0.71528,0.71528,0.71528,0.71528,0.71528,0.71528,0.71528,0.71528,0.71528,0.71528,0.71528,0.71528,0.71528,0.71528,0.71528,0.71528
1997,0.71543,0.71543,0.71543,0.71543,0.71543,0.71543,0.71543,0.71543,0.71543,0.71543,0.71543,0.71543,0.71543,0.71543,0.71543,0.71543,0.71543,0.71543,0.71543,0.71543,0.71543,0.71543,0.71543,0.71543,0.71543,0.71543,0.71543,0.71543,0.71543
1998,0.71549,0.71549,0.71549,0.71549,0.71549,0.71549,0.71549,0.71549,0.71549,0.71549,0.71549,0.71549,0.71549,0.71549,0.71549,0.71549,0.71549,0.71549,0.71549,0.71549,0.71549,0.71549,0.71549,0.71549,0.71549,0.71549,0.71549,0.71549,0.71549
1999,0.71547,0.71547,0.71547,0.71547,0.71547,0.71547,0.71547,0.71547,0.71547,0.71547,0.71547,0.71547,0.71547,0.71547,0.71547,0.71547,0.71547,0.71547,0.71547,0.71547,0.71547,0.71547,0.71547,0.71547,0.71547,0.71547,0.71547,0.71547,0.71547
2000,0.71536,0.71536,0.71536,0.71536,0.71536,0.71536,0.71536,0.71536,0.71536,0.71536,0.71536,0.71536,0.71536,0.71536,0.71536,0.71536,0.71536,0.71536,0.71536,0.71536,0.71536,0.71536,0.71536,0.71536,0.71536,0.71536,0.71536,0.71536,0.71536
2001,0.71517,0.71517,0.71517,0.71517,0.71517,0.71517,0.71517,0.71517,0.71517,0.71517,0.71517,0.71517,0.71517,0.71517,0.71517,0.71517,0.71517,0.71517,0.71517,0.71517,0.71517,0.71517,0.71517,0.71517,0.71517,0.71517,0.71517,0.71517,0.71517
2002,0.71490,0.71490,0.71490,0.71490,0.71490,0.71490,0.71490,0.71490,0.71490,0.71490,0.71490,0.71490,0.71490,0.71490,0.71490,0.71490,0.71490,0.71490,0.71490,0.71490,0.71490,0.71490,0.71490,0.71490,0.71490,0.71490,0.71490,0.71490,0.71490
2003,0.71454,0.71454,0.71454,0.71454,0.71454,0.71454,0.71454,0.71454,0.71454,0.71454,0.71454,0.71454,0.71454,0.71454,0.71454,0.71454,0.71454,0.71454,0.71454,0.71454,0.71454,0.71454,0.71454,0.71454,0.71454,0.71454,0.71454,0.71454,0.71454
2004,0.71409,0.71409,0.71409,0.71409,0.71409,0.71409,0.71409,0.71409,0.71409,0.71409,0.71409,0.71409,0.71409,0.71409,0.71409,0.71409,0.71409,0.71409,0.71409,0.71409,0.71409,0.71409,0.71409,0.71409,0.71409,0.71409,0.71409,0.71409,0.71409
2005,0.71357,0.71357,0.71357,0.71357,0.71357,0.71357,0.71357,0.71357,0.71357,0.71357,0.71357,0.71357,0.71357,0.71357,0.71357,0.71357,0.71357,0.71357,0.71357,0.71357,0.71357,0.71357,0.71357,0.71357,0.71357,0.71357,0.71357,0.71357,0.71357
2006,0.71296,0.71296,0.71296,0.71296,0.71296,0.71296,0.71296,0.71296,0.71296,0.71296,0.71296,0.71296,0.71296,0.71296,0.71296,0.71296,0.71296,0.71296,0.71296,0.71296,0.71296,0.71296,0.71296,0.71296,0.71296,0.71296,0.71296,0.71296,0.71296
2007,0.71227,0.71227,0.71227,0.71227,0.71227,0.71227,0.71227,0.71227,0.71227,0.71227,0.71227,0.71227,0.71227,0.71227,0.71227,0.71227,0.71227,0.71227,0.71227,0.71227,0.71227,0.71227,0.71227,0.71227,0.71227,0.71227,0.71227,0.71227,0.71227
2008,0.71149,0.71149,0.71149,0.71149,0.71149,0.71149,0.71149,0.71149,0.71149,0.71149,0.71149,0.71149,0.71149,0.71149,0.71149,0.71149,0.71149,0.71149,0.71149,0.71149,0.71149,0.71149,0.71149,0.71149,0.71149,0.71149,0.71149,0.71149,0.71149
2009,0.71064,0.71064,0.71064,0.71064,0.71064,0.71064,0.71064,0.71064,0.71064,0.71064,0.71064,0.71064,0.71064,0.71064,0.71064,0.71064,0.71064,0.71064,0.71064,0.71064,0.71064,0.71064,0.71064,0.71064,0.71064,0.71064,0.71064,0.71064,0.71064
2010,0.70971,0.70971,0.70971,0.70971,0.70971,0.70971,0.70971,0.70971,0.70971,0.70971,0.70971,0.70971,0.70971,0.70971,0.70971,0.70971,0.70971,0.70971,0.70971,0.70971,0.70971,0.70971,0.70971,0.70971,0.70971,0.70971,0.70971,0.70971,0.70971
2011,0.70870,0.70870,0.70870,0.70870,0.70870,0.70870,0.70870,0.70870,0.70870,0.70870,0.70870,0.70870,0.70870,0.70870,0.70870,0.70870,0.70870,0.70870,0.70870,0.70870,0.70870,0.70870,0.70870,0.70870,0.70870,0.70870,0.70870,0.70870,0.70870
2012,0.70761,0.70761,0.70761,0.70761,0.70761,0.70761,0.70761,0.70761,0.70761,0.70761,0.70761,0.70761,0.70761,0.70761,0.70761,0.70761,0.70761,0.70761,0.70761,0.70761,0.70761,0.70761,0.70761,0.70761,0.70761,0.70761,0.70761,0.70761,0.70761
2013,0.70645,0.70645,0.70645,0.70645,0.70645,0.70645,0.70645,0.70645,0.70645,0.70645,0.70645,0.70645,0.70645,0.70645,0.70645,0.70645,0.70645,0.70645,0.70645,0.70645,0.70645,0.70645,0.70645,0.70645,0.70645,0.70645,0.70645,0.70645,0.70645
2014,0.70521,0.70521,0.70521,0.70521,0.70521,0.70521,0.70521,0.70521,0.70521,0.70521,0.70521,0.70521,0.70521,0.70521,0.70521,0.70521,0.70521,0.70521,0.70521,0.70521,0.70521,0.70521,0.70521,0.70521,0.70521,0.70521,0.70521,0.70521,0.70521
2015,0.70391,0.70391,0.70391,0.70391,0.70391,0.70391,0.70391,0.70391,0.70391,0.70391,0.70391,0.70391,0.70391,0.70391,0.70391,0.70391,0.70391,0.70391,0.70391,0.70391,0.70391,0.70391,0.70391,0.70391,0.70391,0.70391,0.70391,0.70391,0.70391
2016,0.70252,0.70252,0.70252,0.70252,0.70252,0.70252,0.70252,0.70252,0.70252,0.70252,0.70252,0.70252,0.70252,0.70252,0.70252,0.70252,0.70252,0.70252,0.70252,0.70252,0.70252,0.70252,0.70252,0.70252,0.70252,0.70252,0.70252,0.70252,0.70252
2017,0.70107,0.70107,0.70107,0.70107,0.70107,0.70107,0.70107,0.70107,0.70107,0.70107,0.70107,0.70107,0.70107,0.70107,0.70107,0.70107,0.70107,0.70107,0.70107,0.70107,0.70107,0.70107,0.70107,0.70107,0.70107,0.70107,0.70107,0.70107,0.70107
2018,0.69955,0.69955,0.69955,0.69955,0.69955,0.69955,0.69955,0.69955,0.69955,0.69955,0.69955,0.69955,0.69955,0.69955,0.69955,0.69955,0.69955,0.69955,0.69955,0.69955,0.69955,0.69955,0.69955,0.69955,0.69955,0.69955,0.69955,0.69955,0.69955
2019,0.69797,0.69797,0.69797,0.69797,0.69797,0.69797,0.69797,0.69797,0.69797,0.69797,0.69797,0.69797,0.69797,0.69797,0.69797,0.69797,0.69797,0.69797,0.69797,0.69797,0.69797,0.69797,0.69797,0.69797,0.69797,0.69797,0.69797,0.69797,0.69797
2020,0.69631,0.69631,0.69631,0.69631,0.69631,0.69631,0.69631,0.69631,0.69631,0.69631,0.69631,0.69631,0.69631,0.69631,0.69631,0.69631,0.69631,0.69631,0.69631,0.69631,0.69631,0.69631,0.69631,0.69631,0.69631,0.69631,0.69631,0.69631,0.69631
2021,0.69460,0.69460,0.69460,0.69460,0.69460,0.69460,0.69460,0.69460,0.69460,0.69460,0.69460,0.69460,0.69460,0.69460,0.69460,0.69460,0.69460,0.69460,0.69460,0.69460,0.69460,0.69460,0.69460,0.69460,0.69460,0.69460,0.69460,0.69460,0.69460
2022,0.69282,0.69282,0.69282,0.69282,0.69282,0.69282,0.69282,0.69282,0.69282,0.69282,0.69282,0.69282,0.69282,0.69282,0.69282,0.69282,0.69282,0.69282,0.69282,0.69282,0.69282,0.69282,0.69282,0.69282,0.69282,0.69282,0.69282,0.69282,0.69282
2023,0.69098,0.69098,0.69098,0.69098,0.69098,0.69098,0.69098,0.69098,0.69098,0.69098,0.69098,0.69098,0.69098,0.69098,0.69098,0.69098,0.69098,0.69098,0.69098,0.69098,0.69098,0.69098,0.69098,0.69098,0.69098,0.69098,0.69098,0.69098,0.69098
2024,0.68908,0.68908,0.68908,0.68908,0.68908,0.68908,0.68908,0.68908,0.68908,0.68908,0.68908,0.68908,0.68908,0.68908,0.68908,0.68908,0.68908,0.68908,0.68908,0.68908,0.68908,0.68908,0.68908,0.68908,0.68908,0.68908,0.68908,0.68908,0.68908
2025,0.68712,0.68712,0.68712,0.68712,0.68712,0.68712,0.68712,0.68712,0.68712,0.68712,0.68712,0.68712,0.68712,0.68712,0.68712,0.68712,0.68712,0.68712,0.68712,0.68712,0.68712,0.68712,0.68712,0.68712,0.68712,0.68712,0.68712,0.68712,0.68712
2026,0.68511,0.68511,0.68511,0.68511,0.68511,0.68511,0.68511,0.68511,0.68511,0.68511,0.68511,0.68511,0.68511,0.68511,0.68511,0.68511,0.68511,0.68511,0.68511,0.68511,0.68511,0.68511,0.68511,0.68511,0.68511,0.68511,0.68511,0.68511,0.68511
2027,0.68304,0.68304,0.68304,0.68304,0.68304,0.68304,0.68304,0.68304,0.68304,0.68304,0.68304,0.68304,0.68304,0.68304,0.68304,0.68304,0.68304,0.68304,0.68304,0.68304,0.68304,0.68304,0.68304,0.68304,0.68304,0.68304,0.68304,0.68304,0.68304
2028,0.68093,0.68093,0.68093,0.68093,0.68093,0.68093,0.68093,0.68093,0.68093,0.68093,0.68093,0.68093,0.68093,0.68093,0.68093,0.68093,0.68093,0.68093,0.68093,0.68093,0.68093,0.68093,0.68093,0.68093,0.68093,0.68093,0.68093,0.68093,0.68093
2029,0.67876,0.67876,0.67876,0.67876,0.67876,0.67876,0.67876,0.67876,0.67876,0.67876,0.67876,0.67876,0.67876,0.67876,0.67876,0.67876,0.67876,0.67876,0.67876,0.67876,0.67876,0.67876,0.67876,0.67876,0.67876,0.67876,0.67876,0.67876,0.67876
2030,0.67654,0.67654,0.67654,0.67654,0.67654,0.67654,0.67654,0.67654,0.67654,0.67654,0.67654,0.67654,0.67654,0.67654,0.67654,0.67654,0.67654,0.67654,0.67654,0.67654,0.67654,0.67654,0.67654,0.67654,0.67654,0.67654,0.67654,0.67654,0.67654
2031,0.67427,0.67427,0.67427,0.67427,0.67427,0.67427,0.67427,0.67427,0.67427,0.67427,0.67427,0.67427,0.67427,0.67427,0.67427,0.67427,0.67427,0.67427,0.67427,0.67427,0.67427,0.67427,0.67427,0.67427,0.67427,0.67427,0.67427,0.67427,0.67427
2032,0.67196,0.67196,0.67196,0.67196,0.67196,0.67196,0.67196,0.67196,0.67196,0.67196,0.67196,0.67196,0.67196,0.67196,0.67196,0.67196,0.67196,0.67196,0.67196,0.67196,0.67196,0.67196,0.67196,0.67196,0.67196,0.67196,0.67196,0.67196,0.67196
2033,0.66960,0.66960,0.66960,0.66960,0.66960,0.66960,0.66960,0.66960,0.66960,0.66960,0.66960,0.66960,0.66960,0.66960,0.66960,0.66960,0.66960,0.66960,0.66960,0.66960,0.66960,0.66960,0.66960,0.66960,0.66960,0.66960,0.66960,0.66960,0.66960
2034,0.66720,0.66720,0.66720,0.66720,0.66720,0.66720,0.66720,0.66720,0.66720,0.66720,0.66720,0.66720,0.66720,0.66720,0.66720,0.66720,0.66720,0.66720,0.66720,0.66720,0.66720,0.66720,0.66720,0.66720,0.66720,0.66720,0.66720,0.66720,0.66720
2035,0.66476,0.66476,0.66476,0.66476,0.66476,0.66476,0.66476,0.66476,0.66476,0.66476,0.66476,0.66476,0.66476,0.66476,0.66476,0.66476,0.66476,0.66476,0.66476,0.66476,0.66476,0.66476,0.66476,0.66476,0.66476,0.66476,0.66476,0.66476,0.66476
2036,0.66227,0.66227,0.66227,0.66227,0.66227,0.66227,0.66227,0.66227,0.66227,0.66227,0.66227,0.66227,0.66227,0.66227,0.66227,0.66227,0.66227,0.66227,0.66227,0.66227,0.66227,0.66227,0.66227,0.66227,0.66227,0.66227,0.66227,0.66227,0.66227
2037,0.65975,0.65975,0.65975,0.65975,0.65975,0.65975,0.65975,0.65975,0.65975,0.65975,0.65975,0.65975,0.65975,0.65975,0.65975,0.65975,0.65975,0.65975,0.65975,0.65975,0.65975,0.65975,0.65975,0.65975,0.65975,0.65975,0.65975,0.65975,0.65975
2038,0.65720,0.65720,0.65720,0.65720,0.65720,0.65720,0.65720,0.65720,0.65720,0.65720,0.65720,0.65720,0.65720,0.65720,0.65720,0.65720,0.65720,0.65720,0.65720,0.65720,0.65720,0.65720,0.65720,0.65720,0.65720,0.65720,0.65720,0.65720,0.65720
2039,0.65460,0.65460,0.65460,0.65460,0.65460,0.65460,0.65460,0.65460,0.65460,0.65460,0.65460,0.65460,0.65460,0.65460,0.65460,0.65460,0.65460,0.65460,0.65460,0.65460,0.65460,0.65460,0.65460,0.65460,0.65460,0.65460,0.65460,0.65460,0.65460
2040,0.65198,0.65198,0.65198,0.65198,0.65198,0.65198,0.65198,0.65198,0.65198,0.65198,0.65198,0.65198,0.65198,0.65198,0.65198,0.65198,0.65198,0.65198,0.65198,0.65198,0.65198,0.65198,0.65198,0.65198,0.65198,0.65198,0.65198,0.65198,0.65198
2041,0.64931,0.64931,0.64931,0.64931,0.64931,0.64931,0.64931,0.64931,0.64931,0.64931,0.64931,0.64931,0.64931,0.64931,0.64931,0.64931,0.64931,0.64931,0.64931,0.64931,0.64931,0.64931,0.64931,0.64931,0.64931,0.64931,0.64931,0.64931,0.64931
2042,0.64662,0.64662,0.64662,0.64662,0.64662,0.64662,0.64662,0.64662,0.64662,0.64662,0.64662,0.64662,0.64662,0.64662,0.64662,0.64662,0.64662,0.64662,0.64662,0.64662,0.64662,0.64662,0.64662,0.64662,0.64662,0.64662,0.64662,0.64662,0.64662
2043,0.64390,0.64390,0.64390,0.64390,0.64390,0.64390,0.64390,0.64390,0.64390,0.64390,0.64390,0.64390,0.64390,0.64390,0.64390,0.64390,0.64390,0.64390,0.64390,0.64390,0.64390,0.64390,0.64390,0.64390,0.64390,0.64390,0.64390,0.64390,0.64390
2044,0.64115,0.64115,0.64115,0.64115,0.64115,0.64115,0.64115,0.64115,0.64115,0.64115,0.64115,0.64115,0.64115,0.64115,0.64115,0.64115,0.64115,0.64115,0.64115,0.64115,0.64115,0.64115,0.64115,0.64115,0.64115,0.64115,0.64115,0.64115,0.64115
2045,0.63837,0.63837,0.63837,0.63837,0.63837,0.63837,0.63837,0.63837,0.63837,0.63837,0.63837,0.63837,0.63837,0.63837,0.63837,0.63837,0.63837,0.63837,0.63837,0.63837,0.63837,0.63837,0.63837,0.63837,0.63837,0.63837,0.63837,0.63837,0.63837
2046,0.63557,0.63557,0.63557,0.63557,0.63557,0.63557,0.63557,0.63557,0.63557,0.63557,0.63557,0.63557,0.63557,0.63557,0.63557,0.63557,0.63557,0.63557,0.63557,0.63557,0.63557,0.63557,0.63557,0.63557,0.63557,0.63557,0.63557,0.63557,0.63557
2047,0.63274,0.63274,0.63274,0.63274,0.63274,0.63274,0.63274,0.63274,0.63274,0.63274,0.63274,0.63274,0.63274,0.63274,0.63274,0.63274,0.63274,0.63274,0.63274,0.63274,0.63274,0.63274,0.63274,0.63274,0.63274,0.63274,0.63274,0.63274,0.63274
2048,0.62988,0.62988,0.62988,0.62988,0.62988,0.62988,0.62988,0.62988,0.62988,0.62988,0.62988,0.62988,0.62988,0.62988,0.62988,0.62988,0.62988,0.62988,0.62988,0.62988,0.62988,0.62988,0.62988,0.62988,0.62988,0.62988,0.62988,0.62988,0.62988
2049,0.62700,0.62700,0.62700,0.62700,0.62700,0.62700,0.62700,0.62700,0.62700,0.62700,0.62700,0.62700,0.62700,0.62700,0.62700,0.62700,0.62700,0.62700,0.62700,0.62700,0.62700,0.62700,0.62700,0.62700,0.62700,0.62700,0.62700,0.62700,0.62700
2050,0.62410,0.62410,0.62410,0.62410,0.62410,0.62410,0.62410,0.62410,0.62410,0.62410,0.62410,0.62410,0.62410,0.62410,0.62410,0.62410,0.62410,0.62410,0.62410,0.62410,0.62410,0.62410,0.62410,0.62410,0.62410,0.62410,0.62410,0.62410,0.62410
2051,0.62118,0.62118,0.62118,0.62118,0.62118,0.62118,0.62118,0.62118,0.62118,0.62118,0.62118,0.62118,0.62118,0.62118,0.62118,0.62118,0.62118,0.62118,0.62118,0.62118,0.62118,0.62118,0.62118,0.62118,0.62118,0.62118,0.62118,0.62118,0.62118
2052,0.61824,0.61824,0.61824,0.61824,0.61824,0.61824,0.61824,0.61824,0.61824,0.61824,0.61824,0.61824,0.61824,0.61824,0.61824,0.61824,0.61824,0.61824,0.61824,0.61824,0.61824,0.61824,0.61824,0.61824,0.61824,0.61824,0.61824,0.61824,0.61824
2053,0.61528,0.61528,0.61528,0.61528,0.61528,0.61528,0.61528,0.61528,0.61528,0.61528,0.61528,0.61528,0.61528,0.61528,0.61528,0.61528,0.61528,0.61528,0.61528,0.61528,0.61528,0.61528,0.61528,0.61528,0.61528,0.61528,0.61528,0.61528,0.61528
2054,0.61230,0.61230,0.61230,0.61230,0.61230,0.61230,0.61230,0.61230,0.61230,0.61230,0.61230,0.61230,0.61230,0.61230,0.61230,0.61230,0.61230,0.61230,0.61230,0.61230,0.61230,0.61230,0.61230,0.61230,0.61230,0.61230,0.61230,0.61230,0.61230
2055,0.60930,0.60930,0.60930,0.60930,0.60930,0.60930,0.60930,0.60930,0.60930,0.60930,0.60930,0.60930,0.60930,0.60930,0.60930,0.60930,0.60930,0.60930,0.60930,0.60930,0.60930,0.60930,0.60930,0.60930,0.60930,0.60930,0.60930,0.60930,0.60930
2056,0.60629,0.60629,0.60629,0.60629,0.60629,0.60629,0.60629,0.60629,0.60629,0.60629,0.60629,0.60629,0.60629,0.60629,0.60629,0.60629,0.60629,0.60629,0.60629,0.60629,0.60629,0.60629,0.60629,0.60629,0.60629,0.60629,0.60629,0.60629,0.60629
2057,0.60326,0.60326,0.60326,0.60326,0.60326,0.60326,0.60326,0.60326,0.60326,0.60326,0.60326,0.60326,0.60326,0.60326,0.60326,0.60326,0.60326,0.60326,0.60326,0.60326,0.60326,0.60326,0.60326,0.60326,0.60326,0.60326,0.60326,0.60326,0.60326
2058,0.60021,0.60021,0.60021,0.60021,0.60021,0.60021,0.60021,0.60021,0.60021,0.60021,0.60021,0.60021,0.60021,0.60021,0.60021,0.60021,0.60021,0.60021,0.60021,0.60021,0.60021,0.60021,0.60021,0.60021,0.60021,0.60021,0.60021,0.60021,0.60021
2059,0.59715,0.59715,0.59715,0.59715,0.59715,0.59715,0.59715,0.59715,0.59715,0.59715,0.59715,0.59715,0.59715,0.59715,0.59715,0.59715,0.59715,0.59715,0.59715,0.59715,0.59715,0.59715,0.59715,0.59715,0.59715,0.59715,0.59715,0.59715,0.59715
2060,0.59408,0.59408,0.59408,0.59408,0.59408,0.59408,0.59408,0.59408,0.59408,0.59408,0.59408,0.59408,0.59408,0.59408,0.59408,0.59408,0.59408,0.59408,0.59408,0.59408,0.59408,0.59408,0.59408,0.59408,0.59408,0.59408,0.59408,0.59408,0.59408
2061,0.59100,0.59100,0.59100,0.59100,0.59100,0.59100,0.59100,0.59100,0.59100,0.59100,0.59100,0.59100,0.59100,0.59100,0.59100,0.59100,0.59100,0.59100,0.59100,0.59100,0.59100,0.59100,0.59100,0.59100,0.59100,0.59100,0.59100,0.59100,0.59100
2062,0.58790,0.58790,0.58790,0.58790,0.58790,0.58790,0.58790,0.58790,0.58790,0.58790,0.58790,0.58790,0.58790,0.58790,0.58790,0.58790,0.58790,0.58790,0.58790,0.58790,0.58790,0.58790,0.58790,0.58790,0.58790,0.58790,0.58790,0.58790,0.58790
2063,0.58479,0.58479,0.58479,0.58479,0.58479,0.58479,0.58479,0.58479,0.58479,0.58479,0.58479,0.58479,0.58479,0.58479,0.58479,0.58479,0.58479,0.58479,0.58479,0.58479,0.58479,0.58479,0.58479,0.58479,0.58479,0.58479,0.58479,0.58479,0.58479
2064,0.58167,0.58167,0.58167,0.58167,0.58167,0.58167,0.58167,0.58167,0.58167,0.58167,0.58167,0.58167,0.58167,0.58167,0.58167,0.58167,0.58167,0.58167,0.58167,0.58167,0.58167,0.58167,0.58167,0.58167,0.58167,0.58167,0.58167,0.58167,0.58167
2065,0.57854,0.57854,0.57854,0.57854,0.57854,0.57854,0.57854,0.57854,0.57854,0.57854,0.57854,0.57854,0.57854,0.57854,0.57854,0.57854,0.57854,0.57854,0.57854,0.57854,0.57854,0.57854,0.57854,0.57854,0.57854,0.57854,0.57854,0.57854,0.57854
2066,0.57540,0.57540,0.57540,0.57540,0.57540,0.57540,0.57540,0.57540,0.57540,0.57540,0.57540,0.57540,0.57540,0.57540,0.57540,0.57540,0.57540,0.57540,0.57540,0.57540,0.57540,0.57540,0.57540,0.57540,0.57540,0.57540,0.57540,0.57540,0.57540
2067,0.57225,0.57225,0.57225,0.57225,0.57225,0.57225,0.57225,0.57225,0.57225,0.57225,0.57225,0.57225,0.57225,0.57225,0.57225,0.57225,0.57225,0.57225,0.57225,0.57225,0.57225,0.57225,0.57225,0.57225,0.57225,0.57225,0.57225,0.57225,0.57225
2068,0.56910,0.56910,0.56910,0.56910,0.56910,0.56910,0.56910,0.56910,0.56910,0.56910,0.56910,0.56910,0.56910,0.56910,0.56910,0.56910,0.56910,0.56910,0.56910,0.56910,0.56910,0.56910,0.56910,0.56910,0.56910,0.56910,0.56910,0.56910,0.56910
2069,0.56593,0.56593,0.56593,0.56593,0.56593,0.56593,0.56593,0.56593,0.56593,0.56593,0.56593,0.56593,0.56593,0.56593,0.56593,0.56593,0.56593,0.56593,0.56593,0.56593,0.56593,0.56593,0.56593,0.56593,0.56593,0.56593,0.56593,0.56593,0.56593
2070,0.56276,0.56276,0.56276,0.56276,0.56276,0.56276,0.56276,0.56276,0.56276,0.56276,0.56276,0.56276,0.56276,0.56276,0.56276,0.56276,0.56276,0.56276,0.56276,0.56276,0.56276,0.56276,0.56276,0.56276,0.56276,0.56276,0.56276,0.56276,0.56276
2071,0.55958,0.55958,0.55958,0.55958,0.55958,0.55958,0.55958,0.55958,0.55958,0.55958,0.55958,0.55958,0.55958,0.55958,0.55958,0.55958,0.55958,0.55958,0.55958,0.55958,0.55958,0.55958,0.55958,0.55958,0.55958,0.55958,0.55958,0.55958,0.55958
2072,0.55640,0.55640,0.55640,0.55640,0.55640,0.55640,0.55640,0.55640,0.55640,0.55640,0.55640,0.55640,0.55640,0.55640,0.55640,0.55640,0.55640,0.55640,0.55640,0.55640,0.55640,0.55640,0.55640,0.55640,0.55640,0.55640,0.55640,0.55640,0.55640
2073,0.55320,0.55320,0.55320,0.55320,0.55320,0.55320,0.55320,0.55320,0.55320,0.55320,0.55320,0.55320,0.55320,0.55320,0.55320,0.55320,0.55320,0.55320,0.55320,0.55320,0.55320,0.55320,0.55320,0.55320,0.55320,0.55320,0.55320,0.55320,0.55320
2074,0.55001,0.55001,0.55001,0.55001,0.55001,0.55001,0.55001,0.55001,0.55001,0.55001,0.55001,0.55001,0.55001,0.55001,0.55001,0.55001,0.55001,0.55001,0.55001,0.55001,0.55001,0.55001,0.55001,0.55001,0.55001,0.55001,0.55001,0.55001,0.55001
2075,0.54680,0.54680,0.54680,0.54680,0.54680,0.54680,0.54680,0.54680,0.54680,0.54680,0.54680,0.54680,0.54680,0.54680,0.54680,0.54680,0.54680,0.54680,0.54680,0.54680,0.54680,0.54680,0.54680,0.54680,0.54680,0.54680,0.54680,0.54680,0.54680
2076,0.54360,0.54360,0.54360,0.54360,0.54360,0.54360,0.54360,0.54360,0.54360,0.54360,0.54360,0.54360,0.54360,0.54360,0.54360,0.54360,0.54360,0.54360,0.54360,0.54360,0.54360,0.54360,0.54360,0.54360,0.54360,0.54360,0.54360,0.54360,0.54360
2077,0.54038,0.54038,0.54038,0.54038,0.54038,0.54038,0.54038,0.54038,0.54038,0.54038,0.54038,0.54038,0.54038,0.54038,0.54038,0.54038,0.54038,0.54038,0.54038,0.54038,0.54038,0.54038,0.54038,0.54038,0.54038,0.54038,0.54038,0.54038,0.54038
2078,0.53717,0.53717,0.53717,0.53717,0.53717,0.53717,0.53717,0.53717,0.53717,0.53717,0.53717,0.53717,0.53717,0.53717,0.53717,0.53717,0.53717,0.53717,0.53717,0.53717,0.53717,0.53717,0.53717,0.53717,0.53717,0.53717,0.53717,0.53717,0.53717
2079,0.53395,0.53395,0.53395,0.53395,0.53395,0.53395,0.53395,0.53395,0.53395,0.53395,0.53395,0.53395,0.53395,0.53395,0.53395,0.53395,0.53395,0.53395,0.53395,0.53395,0.53395,0.53395,0.53395,0.53395,0.53395,0.53395,0.53395,0.53395,0.53395
2080,0.53072,0.53072,0.53072,0.53072,0.53072,0.53072,0.53072,0.53072,0.53072,0.53072,0.53072,0.53072,0.53072,0.53072,0.53072,0.53072,0.53072,0.53072,0.53072,0.53072,0.53072,0.53072,0.53072,0.53072,0.53072,0.53072,0.53072,0.53072,0.53072
2081,0.52750,0.52750,0.52750,0.52750,0.52750,0.52750,0.52750,0.52750,0.52750,0.52750,0.52750,0.52750,0.52750,0.52750,0.52750,0.52750,0.52750,0.52750,0.52750,0.52750,0.52750,0.52750,0.52750,0.52750,0.52750,0.52750,0.52750,0.52750,0.52750
2082,0.52427,0.52427,0.52427,0.52427,0.52427,0.52427,0.52427,0.52427,0.52427,0.52427,0.52427,0.52427,0.52427,0.52427,0.52427,0.52427,0.52427,0.52427,0.52427,0.52427,0.52427,0.52427,0.52427,0.52427,0.52427,0.52427,0.52427,0.52427,0.52427
2083,0.52104,0.52104,0.52104,0.52104,0.52104,0.52104,0.52104,0.52104,0.52104,0.52104,0.52104,0.52104,0.52104,0.52104,0.52104,0.52104,0.52104,0.52104,0.52104,0.52104,0.52104,0.52104,0.52104,0.52104,0.52104,0.52104,0.52104,0.52104,0.52104
2084,0.51780,0.51780,0.51780,0.51780,0.51780,0.51780,0.51780,0.51780,0.51780,0.51780,0.51780,0.51780,0.51780,0.51780,0.51780,0.51780,0.51780,0.51780,0.51780,0.51780,0.51780,0.51780,0.51780,0.51780,0.51780,0.51780,0.51780,0.51780,0.51780
2085,0.51457,0.51457,0.51457,0.51457,0.51457,0.51457,0.51457,0.51457,0.51457,0.51457,0.51457,0.51457,0.51457,0.51457,0.51457,0.51457,0.51457,0.51457,0.51457,0.51457,0.51457,0.51457,0.51457,0.51457,0.51457,0.51457,0.51457,0.51457,0.51457
2086,0.51133,0.51133,0.51133,0.51133,0.51133,0.51133,0.51133,0.51133,0.51133,0.51133,0.51133,0.51133,0.51133,0.51133,0.51133,0.51133,0.51133,0.51133,0.51133,0.51133,0.51133,0.51133,0.51133,0.51133,0.51133,0.51133,0.51133,0.51133,0.51133
2087,0.50810,0.50810,0.50810,0.50810,0.50810,0.50810,0.50810,0.50810,0.50810,0.50810,0.50810,0.50810,0.50810,0.50810,0.50810,0.50810,0.50810,0.50810,0.50810,0.50810,0.50810,0.50810,0.50810,0.50810,0.50810,0.50810,0.50810,0.50810,0.50810
2088,0.50486,0.50486,0.50486,0.50486,0.50486,0.50486,0.50486,0.50486,0.50486,0.50486,0.50486,0.50486,0.50486,0.50486,0.50486,0.50486,0.50486,0.50486,0.50486,0.50486,0.50486,0.50486,0.50486,0.50486,0.50486,0.50486,0.50486,0.50486,0.50486
2089,0.50162,0.50162,0.50162,0.50162,0.50162,0.50162,0.50162,0.50162,0.50162,0.50162,0.50162,0.50162,0.50162,0.50162,0.50162,0.50162,0.50162,0.50162,0.50162,0.50162,0.50162,0.50162,0.50162,0.50162,0.50162,0.50162,0.50162,0.50162,0.50162
2090,0.49838,0.49838,0.49838,0.49838,0.49838,0.49838,0.49838,0.49838,0.49838,0.49838,0.49838,0.49838,0.49838,0.49838,0.49838,0.49838,0.49838,0.49838,0.49838,0.49838,0.49838,0.49838,0.49838,0.49838,0.49838,0.49838,0.49838,0.49838,0.49838
2091,0.49514,0.49514,0.49514,0.49514,0.49514,0.49514,0.49514,0.49514,0.49514,0.49514,0.49514,0.49514,0.49514,0.49514,0.49514,0.49514,0.49514,0.49514,0.49514,0.49514,0.49514,0.49514,0.49514,0.49514,0.49514,0.49514,0.49514,0.49514,0.49514
2092,0.49190,0.49190,0.49190,0.49190,0.49190,0.49190,0.49190,0.49190,0.49190,0.49190,0.49190,0.49190,0.49190,0.49190,0.49190,0.49190,0.49190,0.49190,0.49190,0.49190,0.49190,0.49190,0.49190,0.49190,0.49190,0.49190,0.49190,0.49190,0.49190
2093,0.48867,0.48867,0.48867,0.48867,0.48867,0.48867,0.48867,0.48867,0.48867,0.48867,0.48867,0.48867,0.48867,0.48867,0.48867,0.48867,0.48867,0.48867,0.48867,0.48867,0.48867,0.48867,0.48867,0.48867,0.48867,0.48867,0.48867,0.48867,0.48867
2094,0.48543,0.48543,0.48543,0.48543,0.48543,0.48543,0.48543,0.48543,0.48543,0.48543,0.48543,0.48543,0.48543,0.48543,0.48543,0.48543,0.48543,0.48543,0.48543,0.48543,0.48543,0.48543,0.48543,0.48543,0.48543,0.48543,0.48543,0.48543,0.48543
2095,0.48220,0.48220,0.48220,0.48220,0.48220,0.48220,0.48220,0.48220,0.48220,0.48220,0.48220,0.48220,0.48220,0.48220,0.48220,0.48220,0.48220,0.48220,0.48220,0.48220,0.48220,0.48220,0.48220,0.48220,0.48220,0.48220,0.48220,0.48220,0.48220
2096,0.47896,0.47896,0.47896,0.47896,0.47896,0.47896,0.47896,0.47896,0.47896,0.47896,0.47896,0.47896,0.47896,0.47896,0.47896,0.47896,0.47896,0.47896,0.47896,0.47896,0.47896,0.47896,0.47896,0.47896,0.47896,0.47896,0.47896,0.47896,0.47896
2097,0.47573,0.47573,0.47573,0.47573,0.47573,0.47573,0.47573,0.47573,0.47573,0.47573,0.47573,0.47573,0.47573,0.47573,0.47573,0.47573,0.47573,0.47573,0.47573,0.47573,0.47573,0.47573,0.47573,0.47573,0.47573,0.47573,0.47573,0.47573,0.47573
2098,0.47250,0.47250,0.47250,0.47250,0.47250,0.47250,0.47250,0.47250,0.47250,0.47250,0.47250,0.47250,0.47250,0.47250,0.47250,0.47250,0.47250,0.47250,0.47250,0.47250,0.47250,0.47250,0.47250,0.47250,0.47250,0.47250,0.47250,0.47250,0.47250
2099,0.46928,0.46928,0.46928,0.46928,0.46928,0.46928,0.46928,0.46928,0.46928,0.46928,0.46928,0.46928,0.46928,0.46928,0.46928,0.46928,0.46928,0.46928,0.46928,0.46928,0.46928,0.46928,0.46928,0.46928,0.46928,0.46928,0.46928,0.46928,0.46928
2100,0.46605,0.46605,0.46605,0.46605,0.46605,0.46605,0.46605,0.46605,0.46605,0.46605,0.46605,0.46605,0.46605,0.46605,0.46605,0.46605,0.46605,0.46605,0.46605,0.46605,0.46605,0.46605,0.46605,0.46605,0.46605,0.46605,0.46605,0.46605,0.46605
2101,0.46283,0.46283,0.46283,0.46283,0.46283,0.46283,0.46283,0.46283,0.46283,0.46283,0.46283,0.46283,0.46283,0.46283,0.46283,0.46283,0.46283,0.46283,0.46283,0.46283,0.46283,0.46283,0.46283,0.46283,0.46283,0.46283,0.46283,0.46283,0.46283
2102,0.45962,0.45962,0.45962,0.45962,0.45962,0.45962,0.45962,0.45962,0.45962,0.45962,0.45962,0.45962,0.45962,0.45962,0.45962,0.45962,0.45962,0.45962,0.45962,0.45962,0.45962,0.45962,0.45962,0.45962,0.45962,0.45962,0.45962,0.45962,0.45962
2103,0.45640,0.45640,0.45640,0.45640,0.45640,0.45640,0.45640,0.45640,0.45640,0.45640,0.45640,0.45640,0.45640,0.45640,0.45640,0.45640,0.45640,0.45640,0.45640,0.45640,0.45640,0.45640,0.45640,0.45640,0.45640,0.45640,0.45640,0.45640,0.45640
2104,0.45320,0.45320,0.45320,0.45320,0.45320,0.45320,0.45320,0.45320,0.45320,0.45320,0.45320,0.45320,0.45320,0.45320,0.45320,0.45320,0.45320,0.45320,0.45320,0.45320,0.45320,0.45320,0.45320,0.45320,0.45320,0.45320,0.45320,0.45320,0.45320
2105,0.44999,0.44999,0.44999,0.44999,0.44999,0.44999,0.44999,0.44999,0.44999,0.44999,0.44999,0.44999,0.44999,0.44999,0.44999,0.44999,0.44999,0.44999,0.44999,0.44999,0.44999,0.44999,0.44999,0.44999,0.44999,0.44999,0.44999,0.44999,0.44999
2106,0.44680,0.44680,0.44680,0.44680,0.44680,0.44680,0.44680,0.44680,0.44680,0.44680,0.44680,0.44680,0.44680,0.44680,0.44680,0.44680,0.44680,0.44680,0.44680,0.44680,0.44680,0.44680,0.44680,0.44680,0.44680,0.44680,0.44680,0.44680,0.44680
2107,0.44360,0.44360,0.44360,0.44360,0.44360,0.44360,0.44360,0.44360,0.44360,0.44360,0.44360,0.44360,0.44360,0.44360,0.44360,0.44360,0.44360,0.44360,0.44360,0.44360,0.44360,0.44360,0.44360,0.44360,0.44360,0.44360,0.44360,0.44360,0.44360
2108,0.44042,0.44042,0.44042,0.44042,0.44042,0.44042,0.44042,0.44042,0.44042,0.44042,0.44042,0.44042,0.44042,0.44042,0.44042,0.44042,0.44042,0.44042,0.44042,0.44042,0.44042,0.44042,0.44042,0.44042,0.44042,0.44042,0.44042,0.44042,0.44042
2109,0.43724,0.43724,0.43724,0.43724,0.43724,0.43724,0.43724,0.43724,0.43724,0.43724,0.43724,0.43724,0.43724,0.43724,0.43724,0.43724,0.43724,0.43724,0.43724,0.43724,0.43724,0.43724,0.43724,0.43724,0.43724,0.43724,0.43724,0.43724,0.43724
2110,0.43407,0.43407,0.43407,0.43407,0.43407,0.43407,0.43407,0.43407,0.43407,0.43407,0.43407,0.43407,0.43407,0.43407,0.43407,0.43407,0.43407,0.43407,0.43407,0.43407,0.43407,0.43407,0.43407,0.43407,0.43407,0.43407,0.43407,0.43407,0.43407
2111,0.43090,0.43090,0.43090,0.43090,0.43090,0.43090,0.43090,0.43090,0.43090,0.43090,0.43090,0.43090,0.43090,0.43090,0.43090,0.43090,0.43090,0.43090,0.43090,0.43090,0.43090,0.43090,0.43090,0.43090,0.43090,0.43090,0.43090,0.43090,0.43090
2112,0.42775,0.42775,0.42775,0.42775,0.42775,0.42775,0.42775,0.42775,0.42775,0.42775,0.42775,0.42775,0.42775,0.42775,0.42775,0.42775,0.42775,0.42775,0.42775,0.42775,0.42775,0.42775,0.42775,0.42775,0.42775,0.42775,0.42775,0.42775,0.42775
2113,0.42460,0.42460,0.42460,0.42460,0.42460,0.42460,0.42460,0.42460,0.42460,0.42460,0.42460,0.42460,0.42460,0.42460,0.42460,0.42460,0.42460,0.42460,0.42460,0.42460,0.42460,0.42460,0.42460,0.42460,0.42460,0.42460,0.42460,0.42460,0.42460
2114,0.42146,0.42146,0.42146,0.42146,0.42146,0.42146,0.42146,0.42146,0.42146,0.42146,0.42146,0.42146,0.42146,0.42146,0.42146,0.42146,0.42146,0.42146,0.42146,0.42146,0.42146,0.42146,0.42146,0.42146,0.42146,0.42146,0.42146,0.42146,0.42146
2115,0.41833,0.41833,0.41833,0.41833,0.41833,0.41833,0.41833,0.41833,0.41833,0.41833,0.41833,0.41833,0.41833,0.41833,0.41833,0.41833,0.41833,0.41833,0.41833,0.41833,0.41833,0.41833,0.41833,0.41833,0.41833,0.41833,0.41833,0.41833,0.41833
2116,0.41521,0.41521,0.41521,0.41521,0.41521,0.41521,0.41521,0.41521,0.41521,0.41521,0.41521,0.41521,0.41521,0.41521,0.41521,0.41521,0.41521,0.41521,0.41521,0.41521,0.41521,0.41521,0.41521,0.41521,0.41521,0.41521,0.41521,0.41521,0.41521
2117,0.41210,0.41210,0.41210,0.41210,0.41210,0.41210,0.41210,0.41210,0.41210,0.41210,0.41210,0.41210,0.41210,0.41210,0.41210,0.41210,0.41210,0.41210,0.41210,0.41210,0.41210,0.41210,0.41210,0.41210,0.41210,0.41210,0.41210,0.41210,0.41210
2118,0.40900,0.40900,0.40900,0.40900,0.40900,0.40900,0.40900,0.40900,0.40900,0.40900,0.40900,0.40900,0.40900,0.40900,0.40900,0.40900,0.40900,0.40900,0.40900,0.40900,0.40900,0.40900,0.40900,0.40900,0.40900,0.40900,0.40900,0.40900,0.40900
2119,0.40592,0.40592,0.40592,0.40592,0.40592,0.40592,0.40592,0.40592,0.40592,0.40592,0.40592,0.40592,0.40592,0.40592,0.40592,0.40592,0.40592,0.40592,0.40592,0.40592,0.40592,0.40592,0.40592,0.40592,0.40592,0.40592,0.40592,0.40592,0.40592
2120,0.40285,0.40285,0.40285,0.40285,0.40285,0.40285,0.40285,0.40285,0.40285,0.40285,0.40285,0.40285,0.40285,0.40285,0.40285,0.40285,0.40285,0.40285,0.40285,0.40285,0.40285,0.40285,0.40285,0.40285,0.40285,0.40285,0.40285,0.40285,0.40285
2121,0.39979,0.39979,0.39979,0.39979,0.39979,0.39979,0.39979,0.39979,0.39979,0.39979,0.39979,0.39979,0.39979,0.39979,0.39979,0.39979,0.39979,0.39979,0.39979,0.39979,0.39979,0.39979,0.39979,0.39979,0.39979,0.39979,0.39979,0.39979,0.39979
2122,0.39674,0.39674,0.39674,0.39674,0.39674,0.39674,0.39674,0.39674,0.39674,0.39674,0.39674,0.39674,0.39674,0.39674,0.39674,0.39674,0.39674,0.39674,0.39674,0.39674,0.39674,0.39674,0.39674,0.39674,0.39674,0.39674,0.39674,0.39674,0.39674
2123,0.39371,0.39371,0.39371,0.39371,0.39371,0.39371,0.39371,0.39371,0.39371,0.39371,0.39371,0.39371,0.39371,0.39371,0.39371,0.39371,0.39371,0.39371,0.39371,0.39371,0.39371,0.39371,0.39371,0.39371,0.39371,0.39371,0.39371,0.39371,0.39371
2124,0.39070,0.39070,0.39070,0.39070,0.39070,0.39070,0.39070,0.39070,0.39070,0.39070,0.39070,0.39070,0.39070,0.39070,0.39070,0.39070,0.39070,0.39070,0.39070,0.39070,0.39070,0.39070,0.39070,0.39070,0.39070,0.39070,0.39070,0.39070,0.39070
2125,0.38770,0.38770,0.38770,0.38770,0.38770,0.38770,0.38770,0.38770,0.38770,0.38770,0.38770,0.38770,0.38770,0.38770,0.38770,0.38770,0.38770,0.38770,0.38770,0.38770,0.38770,0.38770,0.38770,0.38770,0.38770,0.38770,0.38770,0.38770,0.38770
2126,0.38472,0.38472,0.38472,0.38472,0.38472,0.38472,0.38472,0.38472,0.38472,0.38472,0.38472,0.38472,0.38472,0.38472,0.38472,0.38472,0.38472,0.38472,0.38472,0.38472,0.38472,0.38472,0.38472,0.38472,0.38472,0.38472,0.38472,0.38472,0.38472
2127,0.38176,0.38176,0.38176,0.38176,0.38176,0.38176,0.38176,0.38176,0.38176,0.38176,0.38176,0.38176,0.38176,0.38176,0.38176,0.38176,0.38176,0.38176,0.38176,0.38176,0.38176,0.38176,0.38176,0.38176,0.38176,0.38176,0.38176,0.38176,0.38176
2128,0.37882,0.37882,0.37882,0.37882,0.37882,0.37882,0.37882,0.37882,0.37882,0.37882,0.37882,0.37882,0.37882,0.37882,0.37882,0.37882,0.37882,0.37882,0.37882,0.37882,0.37882,0.37882,0.37882,0.37882,0.37882,0.37882,0.37882,0.37882,0.37882
2129,0.37590,0.37590,0.37590,0.37590,0.37590,0.37590,0.37590,0.37590,0.37590,0.37590,0.37590,0.37590,0.37590,0.37590,0.37590,0.37590,0.37590,0.37590,0.37590,0.37590,0.37590,0.37590,0.37590,0.37590,0.37590,0.37590,0.37590,0.37590,0.37590
2130,0.37300,0.37300,0.37300,0.37300,0.37300,0.37300,0.37300,0.37300,0.37300,0.37300,0.37300,0.37300,0.37300,0.37300,0.37300,0.37300,0.37300,0.37300,0.37300,0.37300,0.37300,0.37300,0.37300,0.37300,0.37300,0.37300,0.37300,0.37300,0.37300
2131,0.37012,0.37012,0.37012,0.37012,0.37012,0.37012,0.37012,0.37012,0.37012,0.37012,0.37012,0.37012,0.37012,0.37012,0.37012,0.37012,0.37012,0.37012,0.37012,0.37012,0.37012,0.37012,0.37012,0.37012,0.37012,0.37012,0.37012,0.37012,0.37012
2132,0.36726,0.36726,0.36726,0.36726,0.36726,0.36726,0.36726,0.36726,0.36726,0.36726,0.36726,0.36726,0.36726,0.36726,0.36726,0.36726,0.36726,0.36726,0.36726,0.36726,0.36726,0.36726,0.36726,0.36726,0.36726,0.36726,0.36726,0.36726,0.36726
2133,0.36443,0.36443,0.36443,0.36443,0.36443,0.36443,0.36443,0.36443,0.36443,0.36443,0.36443,0.36443,0.36443,0.36443,0.36443,0.36443,0.36443,0.36443,0.36443,0.36443,0.36443,0.36443,0.36443,0.36443,0.36443,0.36443,0.36443,0.36443,0.36443
2134,0.36163,0.36163,0.36163,0.36163,0.36163,0.36163,0.36163,0.36163,0.36163,0.36163,0.36163,0.36163,0.36163,0.36163,0.36163,0.36163,0.36163,0.36163,0.36163,0.36163,0.36163,0.36163,0.36163,0.36163,0.36163,0.36163,0.36163,0.36163,0.36163
2135,0.35885,0.35885,0.35885,0.35885,0.35885,0.35885,0.35885,0.35885,0.35885,0.35885,0.35885,0.35885,0.35885,0.35885,0.35885,0.35885,0.35885,0.35885,0.35885,0.35885,0.35885,0.35885,0.35885,0.35885,0.35885,0.35885,0.35885,0.35885,0.35885
2136,0.35610,0.35610,0.35610,0.35610,0.35610,0.35610,0.35610,0.35610,0.35610,0.35610,0.35610,0.35610,0.35610,0.35610,0.35610,0.35610,0.35610,0.35610,0.35610,0.35610,0.35610,0.35610,0.35610,0.35610,0.35610,0.35610,0.35610,0.35610,0.35610
2137,0.35338,0.35338,0.35338,0.35338,0.35338,0.35338,0.35338,0.35338,0.35338,0.35338,0.35338,0.35338,0.35338,0.35338,0.35338,0.35338,0.35338,0.35338,0.35338,0.35338,0.35338,0.35338,0.35338,0.35338,0.35338,0.35338,0.35338,0.35338,0.35338
2138,0.35069,0.35069,0.35069,0.35069,0.35069,0.35069,0.35069,0.35069,0.35069,0.35069,0.35069,0.35069,0.35069,0.35069,0.35069,0.35069,0.35069,0.35069,0.35069,0.35069,0.35069,0.35069,0.35069,0.35069,0.35069,0.35069,0.35069,0.35069,0.35069
2139,0.34802,0.34802,0.34802,0.34802,0.34802,0.34802,0.34802,0.34802,0.34802,0.34802,0.34802,0.34802,0.34802,0.34802,0.34802,0.34802,0.34802,0.34802,0.34802,0.34802,0.34802,0.34802,0.34802,0.34802,0.34802,0.34802,0.34802,0.34802,0.34802
2140,0.34540,0.34540,0.34540,0.34540,0.34540,0.34540,0.34540,0.34540,0.34540,0.34540,0.34540,0.34540,0.34540,0.34540,0.34540,0.34540,0.34540,0.34540,0.34540,0.34540,0.34540,0.34540,0.34540,0.34540,0.34540,0.34540,0.34540,0.34540,0.34540
2141,0.34280,0.34280,0.34280,0.34280,0.34280,0.34280,0.34280,0.34280,0.34280,0.34280,0.34280,0.34280,0.34280,0.34280,0.34280,0.34280,0.34280,0.34280,0.34280,0.34280,0.34280,0.34280,0.34280,0.34280,0.34280,0.34280,0.34280,0.34280,0.34280
2142,0.34025,0.34025,0.34025,0.34025,0.34025,0.34025,0.34025,0.34025,0.34025,0.34025,0.34025,0.34025,0.34025,0.34025,0.34025,0.34025,0.34025,0.34025,0.34025,0.34025,0.34025,0.34025,0.34025,0.34025,0.34025,0.34025,0.34025,0.34025,0.34025
2143,0.33773,0.33773,0.33773,0.33773,0.33773,0.33773,0.33773,0.33773,0.33773,0.33773,0.33773,0.33773,0.33773,0.33773,0.33773,0.33773,0.33773,0.33773,0.33773,0.33773,0.33773,0.33773,0.33773,0.33773,0.33773,0.33773,0.33773,0.33773,0.33773
2144,0.33524,0.33524,0.33524,0.33524,0.33524,0.33524,0.33524,0.33524,0.33524,0.33524,0.33524,0.33524,0.33524,0.33524,0.33524,0.33524,0.33524,0.33524,0.33524,0.33524,0.33524,0.33524,0.33524,0.33524,0.33524,0.33524,0.33524,0.33524,0.33524
2145,0.33280,0.33280,0.33280,0.33280,0.33280,0.33280,0.33280,0.33280,0.33280,0.33280,0.33280,0.33280,0.33280,0.33280,0.33280,0.33280,0.33280,0.33280,0.33280,0.33280,0.33280,0.33280,0.33280,0.33280,0.33280,0.33280,0.33280,0.33280,0.33280
2146,0.33040,0.33040,0.33040,0.33040,0.33040,0.33040,0.33040,0.33040,0.33040,0.33040,0.33040,0.33040,0.33040,0.33040,0.33040,0.33040,0.33040,0.33040,0.33040,0.33040,0.33040,0.33040,0.33040,0.33040,0.33040,0.33040,0.33040,0.33040,0.33040
2147,0.32804,0.32804,0.32804,0.32804,0.32804,0.32804,0.32804,0.32804,0.32804,0.32804,0.32804,0.32804,0.32804,0.32804,0.32804,0.32804,0.32804,0.32804,0.32804,0.32804,0.32804,0.32804,0.32804,0.32804,0.32804,0.32804,0.32804,0.32804,0.32804
2148,0.32573,0.32573,0.32573,0.32573,0.32573,0.32573,0.32573,0.32573,0.32573,0.32573,0.32573,0.32573,0.32573,0.32573,0.32573,0.32573,0.32573,0.32573,0.32573,0.32573,0.32573,0.32573,0.32573,0.32573,0.32573,0.32573,0.32573,0.32573,0.32573
2149,0.32346,0.32346,0.32346,0.32346,0.32346,0.32346,0.32346,0.32346,0.32346,0.32346,0.32346,0.32346,0.32346,0.32346,0.32346,0.32346,0.32346,0.32346,0.32346,0.32346,0.32346,0.32346,0.32346,0.32346,0.32346,0.32346,0.32346,0.32346,0.32346
2150,0.32124,0.32124,0.32124,0.32124,0.32124,0.32124,0.32124,0.32124,0.32124,0.32124,0.32124,0.32124,0.32124,0.32124,0.32124,0.32124,0.32124,0.32124,0.32124,0.32124,0.32124,0.32124,0.32124,0.32124,0.32124,0.32124,0.32124,0.32124,0.32124
2151,0.31907,0.31907,0.31907,0.31907,0.31907,0.31907,0.31907,0.31907,0.31907,0.31907,0.31907,0.31907,0.31907,0.31907,0.31907,0.31907,0.31907,0.31907,0.31907,0.31907,0.31907,0.31907,0.31907,0.31907,0.31907,0.31907,0.31907,0.31907,0.31907
2152,0.31696,0.31696,0.31696,0.31696,0.31696,0.31696,0.31696,0.31696,0.31696,0.31696,0.31696,0.31696,0.31696,0.31696,0.31696,0.31696,0.31696,0.31696,0.31696,0.31696,0.31696,0.31696,0.31696,0.31696,0.31696,0.31696,0.31696,0.31696,0.31696
2153,0.31489,0.31489,0.31489,0.31489,0.31489,0.31489,0.31489,0.31489,0.31489,0.31489,0.31489,0.31489,0.31489,0.31489,0.31489,0.31489,0.31489,0.31489,0.31489,0.31489,0.31489,0.31489,0.31489,0.31489,0.31489,0.31489,0.31489,0.31489,0.31489
2154,0.31288,0.31288,0.31288,0.31288,0.31288,0.31288,0.31288,0.31288,0.31288,0.31288,0.31288,0.31288,0.31288,0.31288,0.31288,0.31288,0.31288,0.31288,0.31288,0.31288,0.31288,0.31288,0.31288,0.31288,0.31288,0.31288,0.31288,0.31288,0.31288
2155,0.31092,0.31092,0.31092,0.31092,0.31092,0.31092,0.31092,0.31092,0.31092,0.31092,0.31092,0.31092,0.31092,0.31092,0.31092,0.31092,0.31092,0.31092,0.31092,0.31092,0.31092,0.31092,0.31092,0.31092,0.31092,0.31092,0.31092,0.31092,0.31092
2156,0.30902,0.30902,0.30902,0.30902,0.30902,0.30902,0.30902,0.30902,0.30902,0.30902,0.30902,0.30902,0.30902,0.30902,0.30902,0.30902,0.30902,0.30902,0.30902,0.30902,0.30902,0.30902,0.30902,0.30902,0.30902,0.30902,0.30902,0.30902,0.30902
2157,0.30718,0.30718,0.30718,0.30718,0.30718,0.30718,0.30718,0.30718,0.30718,0.30718,0.30718,0.30718,0.30718,0.30718,0.30718,0.30718,0.30718,0.30718,0.30718,0.30718,0.30718,0.30718,0.30718,0.30718,0.30718,0.30718,0.30718,0.30718,0.30718
2158,0.30540,0.30540,0.30540,0.30540,0.30540,0.30540,0.30540,0.30540,0.30540,0.30540,0.30540,0.30540,0.30540,0.30540,0.30540,0.30540,0.30540,0.30540,0.30540,0.30540,0.30540,0.30540,0.30540,0.30540,0.30540,0.30540,0.30540,0.30540,0.30540
2159,0.30369,0.30369,0.30369,0.30369,0.30369,0.30369,0.30369,0.30369,0.30369,0.30369,0.30369,0.30369,0.30369,0.30369,0.30369,0.30369,0.30369,0.30369,0.30369,0.30369,0.30369,0.30369,0.30369,0.30369,0.30369,0.30369,0.30369,0.30369,0.30369
2160,0.30203,0.30203,0.30203,0.30203,0.30203,0.30203,0.30203,0.30203,0.30203,0.30203,0.30203,0.30203,0.30203,0.30203,0.30203,0.30203,0.30203,0.30203,0.30203,0.30203,0.30203,0.30203,0.30203,0.30203,0.30203,0.30203,0.30203,0.30203,0.30203
2161,0.30045,0.30045,0.30045,0.30045,0.30045,0.30045,0.30045,0.30045,0.30045,0.30045,0.30045,0.30045,0.30045,0.30045,0.30045,0.30045,0.30045,0.30045,0.30045,0.30045,0.30045,0.30045,0.30045,0.30045,0.30045,0.30045,0.30045,0.30045,0.30045
2162,0.29893,0.29893,0.29893,0.29893,0.29893,0.29893,0.29893,0.29893,0.29893,0.29893,0.29893,0.29893,0.29893,0.29893,0.29893,0.29893,0.29893,0.29893,0.29893,0.29893,0.29893,0.29893,0.29893,0.29893,0.29893,0.29893,0.29893,0.29893,0.29893
2163,0.29748,0.29748,0.29748,0.29748,0.29748,0.29748,0.29748,0.29748,0.29748,0.29748,0.29748,0.29748,0.29748,0.29748,0.29748,0.29748,0.29748,0.29748,0.29748,0.29748,0.29748,0.29748,0.29748,0.29748,0.29748,0.29748,0.29748,0.29748,0.29748
2164,0.29609,0.29609,0.29609,0.29609,0.29609,0.29609,0.29609,0.29609,0.29609,0.29609,0.29609,0.29609,0.29609,0.29609,0.29609,0.29609,0.29609,0.29609,0.29609,0.29609,0.29609,0.29609,0.29609,0.29609,0.29609,0.29609,0.29609,0.29609,0.29609
2165,0.29479,0.29479,0.29479,0.29479,0.29479,0.29479,0.29479,0.29479,0.29479,0.29479,0.29479,0.29479,0.29479,0.29479,0.29479,0.29479,0.29479,0.29479,0.29479,0.29479,0.29479,0.29479,0.29479,0.29479,0.29479,0.29479,0.29479,0.29479,0.29479
2166,0.29355,0.29355,0.29355,0.29355,0.29355,0.29355,0.29355,0.29355,0.29355,0.29355,0.29355,0.29355,0.29355,0.29355,0.29355,0.29355,0.29355,0.29355,0.29355,0.29355,0.29355,0.29355,0.29355,0.29355,0.29355,0.29355,0.29355,0.29355,0.29355
2167,0.29239,0.29239,0.29239,0.29239,0.29239,0.29239,0.29239,0.29239,0.29239,0.29239,0.29239,0.29239,0.29239,0.29239,0.29239,0.29239,0.29239,0.29239,0.29239,0.29239,0.29239,0.29239,0.29239,0.29239,0.29239,0.29239,0.29239,0.29239,0.29239
2168,0.29130,0.29130,0.29130,0.29130,0.29130,0.29130,0.29130,0.29130,0.29130,0.29130,0.29130,0.29130,0.29130,0.29130,0.29130,0.29130,0.29130,0.29130,0.29130,0.29130,0.29130,0.29130,0.29130,0.29130,0.29130,0.29130,0.29130,0.29130,0.29130
2169,0.29029,0.29029,0.29029,0.29029,0.29029,0.29029,0.29029,0.29029,0.29029,0.29029,0.29029,0.29029,0.29029,0.29029,0.29029,0.29029,0.29029,0.29029,0.29029,0.29029,0.29029,0.29029,0.29029,0.29029,0.29029,0.29029,0.29029,0.29029,0.29029
2170,0.28936,0.28936,0.28936,0.28936,0.28936,0.28936,0.28936,0.28936,0.28936,0.28936,0.28936,0.28936,0.28936,0.28936,0.28936,0.28936,0.28936,0.28936,0.28936,0.28936,0.28936,0.28936,0.28936,0.28936,0.28936,0.28936,0.28936,0.28936,0.28936
2171,0.28851,0.28851,0.28851,0.28851,0.28851,0.28851,0.28851,0.28851,0.28851,0.28851,0.28851,0.28851,0.28851,0.28851,0.28851,0.28851,0.28851,0.28851,0.28851,0.28851,0.28851,0.28851,0.28851,0.28851,0.28851,0.28851,0.28851,0.28851,0.28851
2172,0.28773,0.28773,0.28773,0.28773,0.28773,0.28773,0.28773,0.28773,0.28773,0.28773,0.28773,0.28773,0.28773,0.28773,0.28773,0.28773,0.28773,0.28773,0.28773,0.28773,0.28773,0.28773,0.28773,0.28773,0.28773,0.28773,0.28773,0.28773,0.28773
2173,0.28704,0.28704,0.28704,0.28704,0.28704,0.28704,0.28704,0.28704,0.28704,0.28704,0.28704,0.28704,0.28704,0.28704,0.28704,0.28704,0.28704,0.28704,0.28704,0.28704,0.28704,0.28704,0.28704,0.28704,0.28704,0.28704,0.28704,0.28704,0.28704
2174,0.28643,0.28643,0.28643,0.28643,0.28643,0.28643,0.28643,0.28643,0.28643,0.28643,0.28643,0.28643,0.28643,0.28643,0.28643,0.28643,0.28643,0.28643,0.28643,0.28643,0.28643,0.28643,0.28643,0.28643,0.28643,0.28643,0.28643,0.28643,0.28643
2175,0.28591,0.28591,0.28591,0.28591,0.28591,0.28591,0.28591,0.28591,0.28591,0.28591,0.28591,0.28591,0.28591,0.28591,0.28591,0.28591,0.28591,0.28591,0.28591,0.28591,0.28591,0.28591,0.28591,0.28591,0.28591,0.28591,0.28591,0.28591,0.28591
2176,0.28546,0.28546,0.28546,0.28546,0.28546,0.28546,0.28546,0.28546,0.28546,0.28546,0.28546,0.28546,0.28546,0.28546,0.28546,0.28546,0.28546,0.28546,0.28546,0.28546,0.28546,0.28546,0.28546,0.28546,0.28546,0.28546,0.28546,0.28546,0.28546
2177,0.28510,0.28510,0.28510,0.28510,0.28510,0.28510,0.28510,0.28510,0.28510,0.28510,0.28510,0.28510,0.28510,0.28510,0.28510,0.28510,0.28510,0.28510,0.28510,0.28510,0.28510,0.28510,0.28510,0.28510,0.28510,0.28510,0.28510,0.28510,0.28510
2178,0.28483,0.28483,0.28483,0.28483,0.28483,0.28483,0.28483,0.28483,0.28483,0.28483,0.28483,0.28483,0.28483,0.28483,0.28483,0.28483,0.28483,0.28483,0.28483,0.28483,0.28483,0.28483,0.28483,0.28483,0.28483,0.28483,0.28483,0.28483,0.28483
2179,0.28464,0.28464,0.28464,0.28464,0.28464,0.28464,0.28464,0.28464,0.28464,0.28464,0.28464,0.28464,0.28464,0.28464,0.28464,0.28464,0.28464,0.28464,0.28464,0.28464,0.28464,0.28464,0.28464,0.28464,0.28464,0.28464,0.28464,0.28464,0.28464
2180,0.28453,0.28453,0.28453,0.28453,0.28453,0.28453,0.28453,0.28453,0.28453,0.28453,0.28453,0.28453,0.28453,0.28453,0.28453,0.28453,0.28453,0.28453,0.28453,0.28453,0.28453,0.28453,0.28453,0.28453,0.28453,0.28453,0.28453,0.28453,0.28453
2181,0.28451,0.28451,0.28451,0.28451,0.28451,0.28451,0.28451,0.28451,0.28451,0.28451,0.28451,0.28451,0.28451,0.28451,0.28451,0.28451,0.28451,0.28451,0.28451,0.28451,0.28451,0.28451,0.28451,0.28451,0.28451,0.28451,0.28451,0.28451,0.28451
2182,0.28457,0.28457,0.28457,0.28457,0.28457,0.28457,0.28457,0.28457,0.28457,0.28457,0.28457,0.28457,0.28457,0.28457,0.28457,0.28457,0.28457,0.28457,0.28457,0.28457,0.28457,0.28457,0.28457,0.28457,0.28457,0.28457,0.28457,0.28457,0.28457
2183,0.28472,0.28472,0.28472,0.28472,0.28472,0.28472,0.28472,0.28472,0.28472,0.28472,0.28472,0.28472,0.28472,0.28472,0.28472,0.28472,0.28472,0.28472,0.28472,0.28472,0.28472,0.28472,0.28472,0.28472,0.28472,0.28472,0.28472,0.28472,0.28472
2184,0.28496,0.28496,0.28496,0.28496,0.28496,0.28496,0.28496,0.28496,0.28496,0.28496,0.28496,0.28496,0.28496,0.28496,0.28496,0.28496,0.28496,0.28496,0.28496,0.28496,0.28496,0.28496,0.28496,0.28496,0.28496,0.28496,0.28496,0.28496,0.28496
2185,0.28527,0.28527,0.28527,0.28527,0.28527,0.28527,0.28527,0.28527,0.28527,0.28527,0.28527,0.28527,0.28527,0.28527,0.28527,0.28527,0.28527,0.28527,0.28527,0.28527,0.28527,0.28527,0.28527,0.28527,0.28527,0.28527,0.28527,0.28527,0.28527
2186,0.28567,0.28567,0.28567,0.28567,0.28567,0.28567,0.28567,0.28567,0.28567,0.28567,0.28567,0.28567,0.28567,0.28567,0.28567,0.28567,0.28567,0.28567,0.28567,0.28567,0.28567,0.28567,0.28567,0.28567,0.28567,0.28567,0.28567,0.28567,0.28567
2187,0.28616,0.28616,0.28616,0.28616,0.28616,0.28616,0.28616,0.28616,0.28616,0.28616,0.28616,0.28616,0.28616,0.28616,0.28616,0.28616,0.28616,0.28616,0.28616,0.28616,0.28616,0.28616,0.28616,0.28616,0.28616,0.28616,0.28616,0.28616,0.28616
2188,0.28673,0.28673,0.28673,0.28673,0.28673,0.28673,0.28673,0.28673,0.28673,0.28673,0.28673,0.28673,0.28673,0.28673,0.28673,0.28673,0.28673,0.28673,0.28673,0.28673,0.28673,0.28673,0.28673,0.28673,0.28673,0.28673,0.28673,0.28673,0.28673
2189,0.28738,0.28738,0.28738,0.28738,0.28738,0.28738,0.28738,0.28738,0.28738,0.28738,0.28738,0.28738,0.28738,0.28738,0.28738,0.28738,0.28738,0.28738,0.28738,0.28738,0.28738,0.28738,0.28738,0.28738,0.28738,0.28738,0.28738,0.28738,0.28738
2190,0.28811,0.28811,0.28811,0.28811,0.28811,0.28811,0.28811,0.28811,0.28811,0.28811,0.28811,0.28811,0.28811,0.28811,0.28811,0.28811,0.28811,0.28811,0.28811,0.28811,0.28811,0.28811,0.28811,0.28811,0.28811,0.28811,0.28811,0.28811,0.28811
2191,0.28892,0.28892,0.28892,0.28892,0.28892,0.28892,0.28892,0.28892,0.28892,0.28892,0.28892,0.28892,0.28892,0.28892,0.28892,0.28892,0.28892,0.28892,0.28892,0.28892,0.28892,0.28892,0.28892,0.28892,0.28892,0.28892,0.28892,0.28892,0.28892
2192,0.28982,0.28982,0.28982,0.28982,0.28982,0.28982,0.28982,0.28982,0.28982,0.28982,0.28982,0.28982,0.28982,0.28982,0.28982,0.28982,0.28982,0.28982,0.28982,0.28982,0.28982,0.28982,0.28982,0.28982,0.28982,0.28982,0.28982,0.28982,0.28982
2193,0.29079,0.29079,0.29079,0.29079,0.29079,0.29079,0.29079,0.29079,0.29079,0.29079,0.29079,0.29079,0.29079,0.29079,0.29079,0.29079,0.29079,0.29079,0.29079,0.29079,0.29079,0.29079,0.29079,0.29079,0.29079,0.29079,0.29079,0.29079,0.29079
2194,0.29183,0.29183,0.29183,0.29183,0.29183,0.29183,0.29183,0.29183,0.29183,0.29183,0.29183,0.29183,0.29183,0.29183,0.29183,0.29183,0.29183,0.29183,0.29183,0.29183,0.29183,0.29183,0.29183,0.29183,0.29183,0.29183,0.29183,0.29183,0.29183
2195,0.29296,0.29296,0.29296,0.29296,0.29296,0.29296,0.29296,0.29296,0.29296,0.29296,0.29296,0.29296,0.29296,0.29296,0.29296,0.29296,0.29296,0.29296,0.29296,0.29296,0.29296,0.29296,0.29296,0.29296,0.29296,0.29296,0.29296,0.29296,0.29296
2196,0.29416,0.29416,0.29416,0.29416,0.29416,0.29416,0.29416,0.29416,0.29416,0.29416,0.29416,0.29416,0.29416,0.29416,0.29416,0.29416,0.29416,0.29416,0.29416,0.29416,0.29416,0.29416,0.29416,0.29416,0.29416,0.29416,0.29416,0.29416,0.29416
2197,0.29543,0.29543,0.29543,0.29543,0.29543,0.29543,0.29543,0.29543,0.29543,0.29543,0.29543,0.29543,0.29543,0.29543,0.29543,0.29543,0.29543,0.29543,0.29543,0.29543,0.29543,0.29543,0.29543,0.29543,0.29543,0.29543,0.29543,0.29543,0.29543
2198,0.29678,0.29678,0.29678,0.29678,0.29678,0.29678,0.29678,0.29678,0.29678,0.29678,0.29678,0.29678,0.29678,0.29678,0.29678,0.29678,0.29678,0.29678,0.29678,0.29678,0.29678,0.29678,0.29678,0.29678,0.29678,0.29678,0.29678,0.29678,0.29678
2199,0.29819,0.29819,0.29819,0.29819,0.29819,0.29819,0.29819,0.29819,0.29819,0.29819,0.29819,0.29819,0.29819,0.29819,0.29819,0.29819,0.29819,0.29819,0.29819,0.29819,0.29819,0.29819,0.29819,0.29819,0.29819,0.29819,0.29819,0.29819,0.29819
2200,0.29968,0.29968,0.29968,0.29968,0.29968,0.29968,0.29968,0.29968,0.29968,0.29968,0.29968,0.29968,0.29968,0.29968,0.29968,0.29968,0.29968,0.29968,0.29968,0.29968,0.29968,0.29968,0.29968,0.29968,0.29968,0.29968,0.29968,0.29968,0.29968
2201,0.30123,0.30123,0.30123,0.30123,0.30123,0.30123,0.30123,0.30123,0.30123,0.30123,0.30123,0.30123,0.30123,0.30123,0.30123,0.30123,0.30123,0.30123,0.30123,0.30123,0.30123,0.30123,0.30123,0.30123,0.30123,0.30123,0.30123,0.30123,0.30123
2202,0.30285,0.30285,0.30285,0.30285,0.30285,0.30285,0.30285,0.30285,0.30285,0.30285,0.30285,0.30285,0.30285,0.30285,0.30285,0.30285,0.30285,0.30285,0.30285,0.30285,0.30285,0.30285,0.30285,0.30285,0.30285,0.30285,0.30285,0.30285,0.30285
2203,0.30454,0.30454,0.30454,0.30454,0.30454,0.30454,0.30454,0.30454,0.30454,0.30454,0.30454,0.30454,0.30454,0.30454,0.30454,0.30454,0.30454,0.30454,0.30454,0.30454,0.30454,0.30454,0.30454,0.30454,0.30454,0.30454,0.30454,0.30454,0.30454
2204,0.30628,0.30628,0.30628,0.30628,0.30628,0.30628,0.30628,0.30628,0.30628,0.30628,0.30628,0.30628,0.30628,0.30628,0.30628,0.30628,0.30628,0.30628,0.30628,0.30628,0.30628,0.30628,0.30628,0.30628,0.30628,0.30628,0.30628,0.30628,0.30628
2205,0.30809,0.30809,0.30809,0.30809,0.30809,0.30809,0.30809,0.30809,0.30809,0.30809,0.30809,0.30809,0.30809,0.30809,0.30809,0.30809,0.30809,0.30809,0.30809,0.30809,0.30809,0.30809,0.30809,0.30809,0.30809,0.30809,0.30809,0.30809,0.30809
2206,0.30996,0.30996,0.30996,0.30996,0.30996,0.30996,0.30996,0.30996,0.30996,0.30996,0.30996,0.30996,0.30996,0.30996,0.30996,0.30996,0.30996,0.30996,0.30996,0.30996,0.30996,0.30996,0.30996,0.30996,0.30996,0.30996,0.30996,0.30996,0.30996
2207,0.31189,0.31189,0.31189,0.31189,0.31189,0.31189,0.31189,0.31189,0.31189,0.31189,0.31189,0.31189,0.31189,0.31189,0.31189,0.31189,0.31189,0.31189,0.31189,0.31189,0.31189,0.31189,0.31189,0.31189,0.31189,0.31189,0.31189,0.31189,0.31189
2208,0.31388,0.31388,0.31388,0.31388,0.31388,0.31388,0.31388,0.31388,0.31388,0.31388,0.31388,0.31388,0.31388,0.31388,0.31388,0.31388,0.31388,0.31388,0.31388,0.31388,0.31388,0.31388,0.31388,0.31388,0.31388,0.31388,0.31388,0.31388,0.31388
2209,0.31592,0.31592,0.31592,0.31592,0.31592,0.31592,0.31592,0.31592,0.31592,0.31592,0.31592,0.31592,0.31592,0.31592,0.31592,0.31592,0.31592,0.31592,0.31592,0.31592,0.31592,0.31592,0.31592,0.31592,0.31592,0.31592,0.31592,0.31592,0.31592
2210,0.31801,0.31801,0.31801,0.31801,0.31801,0.31801,0.31801,0.31801,0.31801,0.31801,0.31801,0.31801,0.31801,0.31801,0.31801,0.31801,0.31801,0.31801,0.31801,0.31801,0.31801,0.31801,0.31801,0.31801,0.31801,0.31801,0.31801,0.31801,0.31801
2211,0.32015,0.32015,0.32015,0.32015,0.32015,0.32015,0.32015,0.32015,0.32015,0.32015,0.32015,0.32015,0.32015,0.32015,0.32015,0.32015,0.32015,0.32015,0.32015,0.32015,0.32015,0.32015,0.32015,0.32015,0.32015,0.32015,0.32015,0.32015,0.32015
2212,0.32235,0.32235,0.32235,0.32235,0.32235,0.32235,0.32235,0.32235,0.32235,0.32235,0.32235,0.32235,0.32235,0.32235,0.32235,0.32235,0.32235,0.32235,0.32235,0.32235,0.32235,0.32235,0.32235,0.32235,0.32235,0.32235,0.32235,0.32235,0.32235
2213,0.32459,0.32459,0.32459,0.32459,0.32459,0.32459,0.32459,0.32459,0.32459,0.32459,0.32459,0.32459,0.32459,0.32459,0.32459,0.32459,0.32459,0.32459,0.32459,0.32459,0.32459,0.32459,0.32459,0.32459,0.32459,0.32459,0.32459,0.32459,0.32459
2214,0.32688,0.32688,0.32688,0.32688,0.32688,0.32688,0.32688,0.32688,0.32688,0.32688,0.32688,0.32688,0.32688,0.32688,0.32688,0.32688,0.32688,0.32688,0.32688,0.32688,0.32688,0.32688,0.32688,0.32688,0.32688,0.32688,0.32688,0.32688,0.32688
2215,0.32922,0.32922,0.32922,0.32922,0.32922,0.32922,0.32922,0.32922,0.32922,0.32922,0.32922,0.32922,0.32922,0.32922,0.32922,0.32922,0.32922,0.32922,0.32922,0.32922,0.32922,0.32922,0.32922,0.32922,0.32922,0.32922,0.32922,0.32922,0.32922
2216,0.33160,0.33160,0.33160,0.33160,0.33160,0.33160,0.33160,0.33160,0.33160,0.33160,0.33160,0.33160,0.33160,0.33160,0.33160,0.33160,0.33160,0.33160,0.33160,0.33160,0.33160,0.33160,0.33160,0.33160,0.33160,0.33160,0.33160,0.33160,0.33160
2217,0.33402,0.33402,0.33402,0.33402,0.33402,0.33402,0.33402,0.33402,0.33402,0.33402,0.33402,0.33402,0.33402,0.33402,0.33402,0.33402,0.33402,0.33402,0.33402,0.33402,0.33402,0.33402,0.33402,0.33402,0.33402,0.33402,0.33402,0.33402,0.33402
2218,0.33648,0.33648,0.33648,0.33648,0.33648,0.33648,0.33648,0.33648,0.33648,0.33648,0.33648,0.33648,0.33648,0.33648,0.33648,0.33648,0.33648,0.33648,0.33648,0.33648,0.33648,0.33648,0.33648,0.33648,0.33648,0.33648,0.33648,0.33648,0.33648
2219,0.33898,0.33898,0.33898,0.33898,0.33898,0.33898,0.33898,0.33898,0.33898,0.33898,0.33898,0.33898,0.33898,0.33898,0.33898,0.33898,0.33898,0.33898,0.33898,0.33898,0.33898,0.33898,0.33898,0.33898,0.33898,0.33898,0.33898,0.33898,0.33898
2220,0.34152,0.34152,0.34152,0.34152,0.34152,0.34152,0.34152,0.34152,0.34152,0.34152,0.34152,0.34152,0.34152,0.34152,0.34152,0.34152,0.34152,0.34152,0.34152,0.34152,0.34152,0.34152,0.34152,0.34152,0.34152,0.34152,0.34152,0.34152,0.34152
2221,0.34410,0.34410,0.34410,0.34410,0.34410,0.34410,0.34410,0.34410,0.34410,0.34410,0.34410,0.34410,0.34410,0.34410,0.34410,0.34410,0.34410,0.34410,0.34410,0.34410,0.34410,0.34410,0.34410,0.34410,0.34410,0.34410,0.34410,0.34410,0.34410
2222,0.34671,0.34671,0.34671,0.34671,0.34671,0.34671,0.34671,0.34671,0.34671,0.34671,0.34671,0.34671,0.34671,0.34671,0.34671,0.34671,0.34671,0.34671,0.34671,0.34671,0.34671,0.34671,0.34671,0.34671,0.34671,0.34671,0.34671,0.34671,0.34671
2223,0.34935,0.34935,0.34935,0.34935,0.34935,0.34935,0.34935,0.34935,0.34935,0.34935,0.34935,0.34935,0.34935,0.34935,0.34935,0.34935,0.34935,0.34935,0.34935,0.34935,0.34935,0.34935,0.34935,0.34935,0.34935,0.34935,0.34935,0.34935,0.34935
2224,0.35203,0.35203,0.35203,0.35203,0.35203,0.35203,0.35203,0.35203,0.35203,0.35203,0.35203,0.35203,0.35203,0.35203,0.35203,0.35203,0.35203,0.35203,0.35203,0.35203,0.35203,0.35203,0.35203,0.35203,0.35203,0.35203,0.35203,0.35203,0.35203
2225,0.35473,0.35473,0.35473,0.35473,0.35473,0.35473,0.35473,0.35473,0.35473,0.35473,0.35473,0.35473,0.35473,0.35473,0.35473,0.35473,0.35473,0.35473,0.35473,0.35473,0.35473,0.35473,0.35473,0.35473,0.35473,0.35473,0.35473,0.35473,0.35473
2226,0.35747,0.35747,0.35747,0.35747,0.35747,0.35747,0.35747,0.35747,0.35747,0.35747,0.35747,0.35747,0.35747,0.35747,0.35747,0.35747,0.35747,0.35747,0.35747,0.35747,0.35747,0.35747,0.35747,0.35747,0.35747,0.35747,0.35747,0.35747,0.35747
2227,0.36024,0.36024,0.36024,0.36024,0.36024,0.36024,0.36024,0.36024,0.36024,0.36024,0.36024,0.36024,0.36024,0.36024,0.36024,0.36024,0.36024,0.36024,0.36024,0.36024,0.36024,0.36024,0.36024,0.36024,0.36024,0.36024,0.36024,0.36024,0.36024
2228,0.36303,0.36303,0.36303,0.36303,0.36303,0.36303,0.36303,0.36303,0.36303,0.36303,0.36303,0.36303,0.36303,0.36303,0.36303,0.36303,0.36303,0.36303,0.36303,0.36303,0.36303,0.36303,0.36303,0.36303,0.36303,0.36303,0.36303,0.36303,0.36303
2229,0.36585,0.36585,0.36585,0.36585,0.36585,0.36585,0.36585,0.36585,0.36585,0.36585,0.36585,0.36585,0.36585,0.36585,0.36585,0.36585,0.36585,0.36585,0.36585,0.36585,0.36585,0.36585,0.36585,0.36585,0.36585,0.36585,0.36585,0.36585,0.36585
2230,0.36869,0.36869,0.36869,0.36869,0.36869,0.36869,0.36869,0.36869,0.36869,0.36869,0.36869,0.36869,0.36869,0.36869,0.36869,0.36869,0.36869,0.36869,0.36869,0.36869,0.36869,0.36869,0.36869,0.36869,0.36869,0.36869,0.36869,0.36869,0.36869
2231,0.37156,0.37156,0.37156,0.37156,0.37156,0.37156,0.37156,0.37156,0.37156,0.37156,0.37156,0.37156,0.37156,0.37156,0.37156,0.37156,0.37156,0.37156,0.37156,0.37156,0.37156,0.37156,0.37156,0.37156,0.37156,0.37156,0.37156,0.37156,0.37156
2232,0.37445,0.37445,0.37445,0.37445,0.37445,0.37445,0.37445,0.37445,0.37445,0.37445,0.37445,0.37445,0.37445,0.37445,0.37445,0.37445,0.37445,0.37445,0.37445,0.37445,0.37445,0.37445,0.37445,0.37445,0.37445,0.37445,0.37445,0.37445,0.37445
2233,0.37736,0.37736,0.37736,0.37736,0.37736,0.37736,0.37736,0.37736,0.37736,0.37736,0.37736,0.37736,0.37736,0.37736,0.37736,0.37736,0.37736,0.37736,0.37736,0.37736,0.37736,0.37736,0.37736,0.37736,0.37736,0.37736,0.37736,0.37736,0.37736
2234,0.38029,0.38029,0.38029,0.38029,0.38029,0.38029,0.38029,0.38029,0.38029,0.38029,0.38029,0.38029,0.38029,0.38029,0.38029,0.38029,0.38029,0.38029,0.38029,0.38029,0.38029,0.38029,0.38029,0.38029,0.38029,0.38029,0.38029,0.38029,0.38029
2235,0.38324,0.38324,0.38324,0.38324,0.38324,0.38324,0.38324,0.38324,0.38324,0.38324,0.38324,0.38324,0.38324,0.38324,0.38324,0.38324,0.38324,0.38324,0.38324,0.38324,0.38324,0.38324,0.38324,0.38324,0.38324,0.38324,0.38324,0.38324,0.38324
2236,0.38621,0.38621,0.38621,0.38621,0.38621,0.38621,0.38621,0.38621,0.38621,0.38621,0.38621,0.38621,0.38621,0.38621,0.38621,0.38621,0.38621,0.38621,0.38621,0.38621,0.38621,0.38621,0.38621,0.38621,0.38621,0.38621,0.38621,0.38621,0.38621
2237,0.38920,0.38920,0.38920,0.38920,0.38920,0.38920,0.38920,0.38920,0.38920,0.38920,0.38920,0.38920,0.38920,0.38920,0.38920,0.38920,0.38920,0.38920,0.38920,0.38920,0.38920,0.38920,0.38920,0.38920,0.38920,0.38920,0.38920,0.38920,0.38920
2238,0.39221,0.39221,0.39221,0.39221,0.39221,0.39221,0.39221,0.39221,0.39221,0.39221,0.39221,0.39221,0.39221,0.39221,0.39221,0.39221,0.39221,0.39221,0.39221,0.39221,0.39221,0.39221,0.39221,0.39221,0.39221,0.39221,0.39221,0.39221,0.39221
2239,0.39523,0.39523,0.39523,0.39523,0.39523,0.39523,0.39523,0.39523,0.39523,0.39523,0.39523,0.39523,0.39523,0.39523,0.39523,0.39523,0.39523,0.39523,0.39523,0.39523,0.39523,0.39523,0.39523,0.39523,0.39523,0.39523,0.39523,0.39523,0.39523
2240,0.39826,0.39826,0.39826,0.39826,0.39826,0.39826,0.39826,0.39826,0.39826,0.39826,0.39826,0.39826,0.39826,0.39826,0.39826,0.39826,0.39826,0.39826,0.39826,0.39826,0.39826,0.39826,0.39826,0.39826,0.39826,0.39826,0.39826,0.39826,0.39826
2241,0.40132,0.40132,0.40132,0.40132,0.40132,0.40132,0.40132,0.40132,0.40132,0.40132,0.40132,0.40132,0.40132,0.40132,0.40132,0.40132,0.40132,0.40132,0.40132,0.40132,0.40132,0.40132,0.40132,0.40132,0.40132,0.40132,0.40132,0.40132,0.40132
2242,0.40438,0.40438,0.40438,0.40438,0.40438,0.40438,0.40438,0.40438,0.40438,0.40438,0.40438,0.40438,0.40438,0.40438,0.40438,0.40438,0.40438,0.40438,0.40438,0.40438,0.40438,0.40438,0.40438,0.40438,0.40438,0.40438,0.40438,0.40438,0.40438
2243,0.40746,0.40746,0.40746,0.40746,0.40746,0.40746,0.40746,0.40746,0.40746,0.40746,0.40746,0.40746,0.40746,0.40746,0.40746,0.40746,0.40746,0.40746,0.40746,0.40746,0.40746,0.40746,0.40746,0.40746,0.40746,0.40746,0.40746,0.40746,0.40746
2244,0.41055,0.41055,0.41055,0.41055,0.41055,0.41055,0.41055,0.41055,0.41055,0.41055,0.41055,0.41055,0.41055,0.41055,0.41055,0.41055,0.41055,0.41055,0.41055,0.41055,0.41055,0.41055,0.41055,0.41055,0.41055,0.41055,0.41055,0.41055,0.41055
2245,0.41365,0.41365,0.41365,0.41365,0.41365,0.41365,0.41365,0.41365,0.41365,0.41365,0.41365,0.41365,0.41365,0.41365,0.41365,0.41365,0.41365,0.41365,0.41365,0.41365,0.41365,0.41365,0.41365,0.41365,0.41365,0.41365,0.41365,0.41365,0.41365
2246,0.41677,0.41677,0.41677,0.41677,0.41677,0.41677,0.41677,0.41677,0.41677,0.41677,0.41677,0.41677,0.41677,0.41677,0.41677,0.41677,0.41677,0.41677,0.41677,0.41677,0.41677,0.41677,0.41677,0.41677,0.41677,0.41677,0.41677,0.41677,0.41677
2247,0.41989,0.41989,0.41989,0.41989,0.41989,0.41989,0.41989,0.41989,0.41989,0.41989,0.41989,0.41989,0.41989,0.41989,0.41989,0.41989,0.41989,0.41989,0.41989,0.41989,0.41989,0.41989,0.41989,0.41989,0.41989,0.41989,0.41989,0.41989,0.41989
2248,0.42303,0.42303,0.42303,0.42303,0.42303,0.42303,0.42303,0.42303,0.42303,0.42303,0.42303,0.42303,0.42303,0.42303,0.42303,0.42303,0.42303,0.42303,0.42303,0.42303,0.42303,0.42303,0.42303,0.42303,0.42303,0.42303,0.42303,0.42303,0.42303
2249,0.42617,0.42617,0.42617,0.42617,0.42617,0.42617,0.42617,0.42617,0.42617,0.42617,0.42617,0.42617,0.42617,0.42617,0.42617,0.42617,0.42617,0.42617,0.42617,0.42617,0.42617,0.42617,0.42617,0.42617,0.42617,0.42617,0.42617,0.42617,0.42617
2250,0.42932,0.42932,0.42932,0.42932,0.42932,0.42932,0.42932,0.42932,0.42932,0.42932,0.42932,0.42932,0.42932,0.42932,0.42932,0.42932,0.42932,0.42932,0.42932,0.42932,0.42932,0.42932,0.42932,0.42932,0.42932,0.42932,0.42932,0.42932,0.42932
2251,0.43248,0.43248,0.43248,0.43248,0.43248,0.43248,0.43248,0.43248,0.43248,0.43248,0.43248,0.43248,0.43248,0.43248,0.43248,0.43248,0.43248,0.43248,0.43248,0.43248,0.43248,0.43248,0.43248,0.43248,0.43248,0.43248,0.43248,0.43248,0.43248
2252,0.43565,0.43565,0.43565,0.43565,0.43565,0.43565,0.43565,0.43565,0.43565,0.43565,0.43565,0.43565,0.43565,0.43565,0.43565,0.43565,0.43565,0.43565,0.43565,0.43565,0.43565,0.43565,0.43565,0.43565,0.43565,0.43565,0.43565,0.43565,0.43565
2253,0.43883,0.43883,0.43883,0.43883,0.43883,0.43883,0.43883,0.43883,0.43883,0.43883,0.43883,0.43883,0.43883,0.43883,0.43883,0.43883,0.43883,0.43883,0.43883,0.43883,0.43883,0.43883,0.43883,0.43883,0.43883,0.43883,0.43883,0.43883,0.43883
2254,0.44201,0.44201,0.44201,0.44201,0.44201,0.44201,0.44201,0.44201,0.44201,0.44201,0.44201,0.44201,0.44201,0.44201,0.44201,0.44201,0.44201,0.44201,0.44201,0.44201,0.44201,0.44201,0.44201,0.44201,0.44201,0.44201,0.44201,0.44201,0.44201
2255,0.44520,0.44520,0.44520,0.44520,0.44520,0.44520,0.44520,0.44520,0.44520,0.44520,0.44520,0.44520,0.44520,0.44520,0.44520,0.44520,0.44520,0.44520,0.44520,0.44520,0.44520,0.44520,0.44520,0.44520,0.44520,0.44520,0.44520,0.44520,0.44520
2256,0.44839,0.44839,0.44839,0.44839,0.44839,0.44839,0.44839,0.44839,0.44839,0.44839,0.44839,0.44839,0.44839,0.44839,0.44839,0.44839,0.44839,0.44839,0.44839,0.44839,0.44839,0.44839,0.44839,0.44839,0.44839,0.44839,0.44839,0.44839,0.44839
2257,0.45159,0.45159,0.45159,0.45159,0.45159,0.45159,0.45159,0.45159,0.45159,0.45159,0.45159,0.45159,0.45159,0.45159,0.45159,0.45159,0.45159,0.45159,0.45159,0.45159,0.45159,0.45159,0.45159,0.45159,0.45159,0.45159,0.45159,0.45159,0.45159
2258,0.45480,0.45480,0.45480,0.45480,0.45480,0.45480,0.45480,0.45480,0.45480,0.45480,0.45480,0.45480,0.45480,0.45480,0.45480,0.45480,0.45480,0.45480,0.45480,0.45480,0.45480,0.45480,0.45480,0.45480,0.45480,0.45480,0.45480,0.45480,0.45480
2259,0.45801,0.45801,0.45801,0.45801,0.45801,0.45801,0.45801,0.45801,0.45801,0.45801,0.45801,0.45801,0.45801,0.45801,0.45801,0.45801,0.45801,0.45801,0.45801,0.45801,0.45801,0.45801,0.45801,0.45801,0.45801,0.45801,0.45801,0.45801,0.45801
2260,0.46122,0.46122,0.46122,0.46122,0.46122,0.46122,0.46122,0.46122,0.46122,0.46122,0.46122,0.46122,0.46122,0.46122,0.46122,0.46122,0.46122,0.46122,0.46122,0.46122,0.46122,0.46122,0.46122,0.46122,0.46122,0.46122,0.46122,0.46122,0.46122
2261,0.46444,0.46444,0.46444,0.46444,0.46444,0.46444,0.46444,0.46444,0.46444,0.46444,0.46444,0.46444,0.46444,0.46444,0.46444,0.46444,0.46444,0.46444,0.46444,0.46444,0.46444,0.46444,0.46444,0.46444,0.46444,0.46444,0.46444,0.46444,0.46444
2262,0.46766,0.46766,0.46766,0.46766,0.46766,0.46766,0.46766,0.46766,0.46766,0.46766,0.46766,0.46766,0.46766,0.46766,0.46766,0.46766,0.46766,0.46766,0.46766,0.46766,0.46766,0.46766,0.46766,0.46766,0.46766,0.46766,0.46766,0.46766,0.46766
2263,0.47089,0.47089,0.47089,0.47089,0.47089,0.47089,0.47089,0.47089,0.47089,0.47089,0.47089,0.47089,0.47089,0.47089,0.47089,0.47089,0.47089,0.47089,0.47089,0.47089,0.47089,0.47089,0.47089,0.47089,0.47089,0.47089,0.47089,0.47089,0.47089
2264,0.47412,0.47412,0.47412,0.47412,0.47412,0.47412,0.47412,0.47412,0.47412,0.47412,0.47412,0.47412,0.47412,0.47412,0.47412,0.47412,0.47412,0.47412,0.47412,0.47412,0.47412,0.47412,0.47412,0.47412,0.47412,0.47412,0.47412,0.47412,0.47412
2265,0.47735,0.47735,0.47735,0.47735,0.47735,0.47735,0.47735,0.47735,0.47735,0.47735,0.47735,0.47735,0.47735,0.47735,0.47735,0.47735,0.47735,0.47735,0.47735,0.47735,0.47735,0.47735,0.47735,0.47735,0.47735,0.47735,0.47735,0.47735,0.47735
2266,0.48058,0.48058,0.48058,0.48058,0.48058,0.48058,0.48058,0.48058,0.48058,0.48058,0.48058,0.48058,0.48058,0.48058,0.48058,0.48058,0.48058,0.48058,0.48058,0.48058,0.48058,0.48058,0.48058,0.48058,0.48058,0.48058,0.48058,0.48058,0.48058
2267,0.48381,0.48381,0.48381,0.48381,0.48381,0.48381,0.48381,0.48381,0.48381,0.48381,0.48381,0.48381,0.48381,0.48381,0.48381,0.48381,0.48381,0.48381,0.48381,0.48381,0.48381,0.48381,0.48381,0.48381,0.48381,0.48381,0.48381,0.48381,0.48381
2268,0.48705,0.48705,0.48705,0.48705,0.48705,0.48705,0.48705,0.48705,0.48705,0.48705,0.48705,0.48705,0.48705,0.48705,0.48705,0.48705,0.48705,0.48705,0.48705,0.48705,0.48705,0.48705,0.48705,0.48705,0.48705,0.48705,0.48705,0.48705,0.48705
2269,0.49029,0.49029,0.49029,0.49029,0.49029,0.49029,0.49029,0.49029,0.49029,0.49029,0.49029,0.49029,0.49029,0.49029,0.49029,0.49029,0.49029,0.49029,0.49029,0.49029,0.49029,0.49029,0.49029,0.49029,0.49029,0.49029,0.49029,0.49029,0.49029
2270,0.49352,0.49352,0.49352,0.49352,0.49352,0.49352,0.49352,0.49352,0.49352,0.49352,0.49352,0.49352,0.49352,0.49352,0.49352,0.49352,0.49352,0.49352,0.49352,0.49352,0.49352,0.49352,0.49352,0.49352,0.49352,0.49352,0.49352,0.49352,0.49352
2271,0.49676,0.49676,0.49676,0.49676,0.49676,0.49676,0.49676,0.49676,0.49676,0.49676,0.49676,0.49676,0.49676,0.49676,0.49676,0.49676,0.49676,0.49676,0.49676,0.49676,0.49676,0.49676,0.49676,0.49676,0.49676,0.49676,0.49676,0.49676,0.49676
2272,0.50000,0.50000,0.50000,0.50000,0.50000,0.50000,0.50000,0.50000,0.50000,0.50000,0.50000,0.50000,0.50000,0.50000,0.50000,0.50000,0.50000,0.50000,0.50000,0.50000,0.50000,0.50000,0.50000,0.50000,0.50000,0.50000,0.50000,0.50000,0.50000
2273,0.50324,0.50324,0.50324,0.50324,0.50324,0.50324,0.50324,0.50324,0.50324,0.50324,0.50324,0.50324,0.50324,0.50324,0.50324,0.50324,0.50324,0.50324,0.50324,0.50324,0.50324,0.50324,0.50324,0.50324,0.50324,0.50324,0.50324,0.50324,0.50324
2274,0.50648,0.50648,0.50648,0.50648,0.50648,0.50648,0.50648,0.50648,0.50648,0.50648,0.50648,0.50648,0.50648,0.50648,0.50648,0.50648,0.50648,0.50648,0.50648,0.50648,0.50648,0.50648,0.50648,0.50648,0.50648,0.50648,0.50648,0.50648,0.50648
2275,0.50971,0.50971,0.50971,0.50971,0.50971,0.50971,0.50971,0.50971,0.50971,0.50971,0.50971,0.50971,0.50971,0.50971,0.50971,0.50971,0.50971,0.50971,0.50971,0.50971,0.50971,0.50971,0.50971,0.50971,0.50971,0.50971,0.50971,0.50971,0.50971
2276,0.51295,0.51295,0.51295,0.51295,0.51295,0.51295,0.51295,0.51295,0.51295,0.51295,0.51295,0.51295,0.51295,0.51295,0.51295,0.51295,0.51295,0.51295,0.51295,0.51295,0.51295,0.51295,0.51295,0.51295,0.51295,0.51295,0.51295,0.51295,0.51295
2277,0.51619,0.51619,0.51619,0.51619,0.51619,0.51619,0.51619,0.51619,0.51619,0.51619,0.51619,0.51619,0.51619,0.51619,0.51619,0.51619,0.51619,0.51619,0.51619,0.51619,0.51619,0.51619,0.51619,0.51619,0.51619,0.51619,0.51619,0.51619,0.51619
2278,0.51942,0.51942,0.51942,0.51942,0.51942,0.51942,0.51942,0.51942,0.51942,0.51942,0.51942,0.51942,0.51942,0.51942,0.51942,0.51942,0.51942,0.51942,0.51942,0.51942,0.51942,0.51942,0.51942,0.51942,0.51942,0.51942,0.51942,0.51942,0.51942
2279,0.52265,0.52265,0.52265,0.52265,0.52265,0.52265,0.52265,0.52265,0.52265,0.52265,0.52265,0.52265,0.52265,0.52265,0.52265,0.52265,0.52265,0.52265,0.52265,0.52265,0.52265,0.52265,0.52265,0.52265,0.52265,0.52265,0.52265,0.52265,0.52265
2280,0.52588,0.52588,0.52588,0.52588,0.52588,0.52588,0.52588,0.52588,0.52588,0.52588,0.52588,0.52588,0.52588,0.52588,0.52588,0.52588,0.52588,0.52588,0.52588,0.52588,0.52588,0.52588,0.52588,0.52588,0.52588,0.52588,0.52588,0.52588,0.52588
2281,0.52911,0.52911,0.52911,0.52911,0.52911,0.52911,0.52911,0.52911,0.52911,0.52911,0.52911,0.52911,0.52911,0.52911,0.52911,0.52911,0.52911,0.52911,0.52911,0.52911,0.52911,0.52911,0.52911,0.52911,0.52911,0.52911,0.52911,0.52911,0.52911
2282,0.53234,0.53234,0.53234,0.53234,0.53234,0.53234,0.53234,0.53234,0.53234,0.53234,0.53234,0.53234,0.53234,0.53234,0.53234,0.53234,0.53234,0.53234,0.53234,0.53234,0.53234,0.53234,0.53234,0.53234,0.53234,0.53234,0.53234,0.53234,0.53234
2283,0.53556,0.53556,0.53556,0.53556,0.53556,0.53556,0.53556,0.53556,0.53556,0.53556,0.53556,0.53556,0.53556,0.53556,0.53556,0.53556,0.53556,0.53556,0.53556,0.53556,0.53556,0.53556,0.53556,0.53556,0.53556,0.53556,0.53556,0.53556,0.53556
2284,0.53878,0.53878,0.53878,0.53878,0.53878,0.53878,0.53878,0.53878,0.53878,0.53878,0.53878,0.53878,0.53878,0.53878,0.53878,0.53878,0.53878,0.53878,0.53878,0.53878,0.53878,0.53878,0.53878,0.53878,0.53878,0.53878,0.53878,0.53878,0.53878
2285,0.54199,0.54199,0.54199,0.54199,0.54199,0.54199,0.54199,0.54199,0.54199,0.54199,0.54199,0.54199,0.54199,0.54199,0.54199,0.54199,0.54199,0.54199,0.54199,0.54199,0.54199,0.54199,0.54199,0.54199,0.54199,0.54199,0.54199,0.54199,0.54199
2286,0.54520,0.54520,0.54520,0.54520,0.54520,0.54520,0.54520,0.54520,0.54520,0.54520,0.54520,0.54520,0.54520,0.54520,0.54520,0.54520,0.54520,0.54520,0.54520,0.54520,0.54520,0.54520,0.54520,0.54520,0.54520,0.54520,0.54520,0.54520,0.54520
2287,0.54841,0.54841,0.54841,0.54841,0.54841,0.54841,0.54841,0.54841,0.54841,0.54841,0.54841,0.54841,0.54841,0.54841,0.54841,0.54841,0.54841,0.54841,0.54841,0.54841,0.54841,0.54841,0.54841,0.54841,0.54841,0.54841,0.54841,0.54841,0.54841
2288,0.55161,0.55161,0.55161,0.55161,0.55161,0.55161,0.55161,0.55161,0.55161,0.55161,0.55161,0.55161,0.55161,0.55161,0.55161,0.55161,0.55161,0.55161,0.55161,0.55161,0.55161,0.55161,0.55161,0.55161,0.55161,0.55161,0.55161,0.55161,0.55161
2289,0.55480,0.55480,0.55480,0.55480,0.55480,0.55480,0.55480,0.55480,0.55480,0.55480,0.55480,0.55480,0.55480,0.55480,0.55480,0.55480,0.55480,0.55480,0.55480,0.55480,0.55480,0.55480,0.55480,0.55480,0.55480,0.55480,0.55480,0.55480,0.55480
2290,0.55799,0.55799,0.55799,0.55799,0.55799,0.55799,0.55799,0.55799,0.55799,0.55799,0.55799,0.55799,0.55799,0.55799,0.55799,0.55799,0.55799,0.55799,0.55799,0.55799,0.55799,0.55799,0.55799,0.55799,0.55799,0.55799,0.55799,0.55799,0.55799
2291,0.56117,0.56117,0.56117,0.56117,0.56117,0.56117,0.56117,0.56117,0.56117,0.56117,0.56117,0.56117,0.56117,0.56117,0.56117,0.56117,0.56117,0.56117,0.56117,0.56117,0.56117,0.56117,0.56117,0.56117,0.56117,0.56117,0.56117,0.56117,0.56117
2292,0.56435,0.56435,0.56435,0.56435,0.56435,0.56435,0.56435,0.56435,0.56435,0.56435,0.56435,0.56435,0.56435,0.56435,0.56435,0.56435,0.56435,0.56435,0.56435,0.56435,0.56435,0.56435,0.56435,0.56435,0.56435,0.56435,0.56435,0.56435,0.56435
2293,0.56752,0.56752,0.56752,0.56752,0.56752,0.56752,0.56752,0.56752,0.56752,0.56752,0.56752,0.56752,0.56752,0.56752,0.56752,0.56752,0.56752,0.56752,0.56752,0.56752,0.56752,0.56752,0.56752,0.56752,0.56752,0.56752,0.56752,0.56752,0.56752
2294,0.57068,0.57068,0.57068,0.57068,0.57068,0.57068,0.57068,0.57068,0.57068,0.57068,0.57068,0.57068,0.57068,0.57068,0.57068,0.57068,0.57068,0.57068,0.57068,0.57068,0.57068,0.57068,0.57068,0.57068,0.57068,0.57068,0.57068,0.57068,0.57068
2295,0.57383,0.57383,0.57383,0.57383,0.57383,0.57383,0.57383,0.57383,0.57383,0.57383,0.57383,0.57383,0.57383,0.57383,0.57383,0.57383,0.57383,0.57383,0.57383,0.57383,0.57383,0.57383,0.57383,0.57383,0.57383,0.57383,0.57383,0.57383,0.57383
2296,0.57697,0.57697,0.57697,0.57697,0.57697,0.57697,0.57697,0.57697,0.57697,0.57697,0.57697,0.57697,0.57697,0.57697,0.57697,0.57697,0.57697,0.57697,0.57697,0.57697,0.57697,0.57697,0.57697,0.57697,0.57697,0.57697,0.57697,0.57697,0.57697
2297,0.58011,0.58011,0.58011,0.58011,0.58011,0.58011,0.58011,0.58011,0.58011,0.58011,0.58011,0.58011,0.58011,0.58011,0.58011,0.58011,0.58011,0.58011,0.58011,0.58011,0.58011,0.58011,0.58011,0.58011,0.58011,0.58011,0.58011,0.58011,0.58011
2298,0.58323,0.58323,0.58323,0.58323,0.58323,0.58323,0.58323,0.58323,0.58323,0.58323,0.58323,0.58323,0.58323,0.58323,0.58323,0.58323,0.58323,0.58323,0.58323,0.58323,0.58323,0.58323,0.58323,0.58323,0.58323,0.58323,0.58323,0.58323,0.58323
2299,0.58635,0.58635,0.58635,0.58635,0.58635,0.58635,0.58635,0.58635,0.58635,0.58635,0.58635,0.58635,0.58635,0.58635,0.58635,0.58635,0.58635,0.58635,0.58635,0.58635,0.58635,0.58635,0.58635,0.58635,0.58635,0.58635,0.58635,0.58635,0.58635
2300,0.58945,0.58945,0.58945,0.58945,0.58945,0.58945,0.58945,0.58945,0.58945,0.58945,0.58945,0.58945,0.58945,0.58945,0.58945,0.58945,0.58945,0.58945,0.58945,0.58945,0.58945,0.58945,0.58945,0.58945,0.58945,0.58945,0.58945,0.58945,0.58945
2301,0.59254,0.59254,0.59254,0.59254,0.59254,0.59254,0.59254,0.59254,0.59254,0.59254,0.59254,0.59254,0.59254,0.59254,0.59254,0.59254,0.59254,0.59254,0.59254,0.59254,0.59254,0.59254,0.59254,0.59254,0.59254,0.59254,0.59254,0.59254,0.59254
2302,0.59562,0.59562,0.59562,0.59562,0.59562,0.59562,0.59562,0.59562,0.59562,0.59562,0.59562,0.59562,0.59562,0.59562,0.59562,0.59562,0.59562,0.59562,0.59562,0.59562,0.59562,0.59562,0.59562,0.59562,0.59562,0.59562,0.59562,0.59562,0.59562
2303,0.59868,0.59868,0.59868,0.59868,0.59868,0.59868,0.59868,0.59868,0.59868,0.59868,0.59868,0.59868,0.59868,0.59868,0.59868,0.59868,0.59868,0.59868,0.59868,0.59868,0.59868,0.59868,0.59868,0.59868,0.59868,0.59868,0.59868,0.59868,0.59868
2304,0.60174,0.60174,0.60174,0.60174,0.60174,0.60174,0.60174,0.60174,0.60174,0.60174,0.60174,0.60174,0.60174,0.60174,0.60174,0.60174,0.60174,0.60174,0.60174,0.60174,0.60174,0.60174,0.60174,0.60174,0.60174,0.60174,0.60174,0.60174,0.60174
2305,0.60477,0.60477,0.60477,0.60477,0.60477,0.60477,0.60477,0.60477,0.60477,0.60477,0.60477,0.60477,0.60477,0.60477,0.60477,0.60477,0.60477,0.60477,0.60477,0.60477,0.60477,0.60477,0.60477,0.60477,0.60477,0.60477,0.60477,0.60477,0.60477
2306,0.60779,0.60779,0.60779,0.60779,0.60779,0.60779,0.60779,0.60779,0.60779,0.60779,0.60779,0.60779,0.60779,0.60779,0.60779,0.60779,0.60779,0.60779,0.60779,0.60779,0.60779,0.60779,0.60779,0.60779,0.60779,0.60779,0.60779,0.60779,0.60779
2307,0.61080,0.61080,0.61080,0.61080,0.61080,0.61080,0.61080,0.61080,0.61080,0.61080,0.61080,0.61080,0.61080,0.61080,0.61080,0.61080,0.61080,0.61080,0.61080,0.61080,0.61080,0.61080,0.61080,0.61080,0.61080,0.61080,0.61080,0.61080,0.61080
2308,0.61379,0.61379,0.61379,0.61379,0.61379,0.61379,0.61379,0.61379,0.61379,0.61379,0.61379,0.61379,0.61379,0.61379,0.61379,0.61379,0.61379,0.61379,0.61379,0.61379,0.61379,0.61379,0.61379,0.61379,0.61379,0.61379,0.61379,0.61379,0.61379
2309,0.61676,0.61676,0.61676,0.61676,0.61676,0.61676,0.61676,0.61676,0.61676,0.61676,0.61676,0.61676,0.61676,0.61676,0.61676,0.61676,0.61676,0.61676,0.61676,0.61676,0.61676,0.61676,0.61676,0.61676,0.61676,0.61676,0.61676,0.61676,0.61676
2310,0.61971,0.61971,0.61971,0.61971,0.61971,0.61971,0.61971,0.61971,0.61971,0.61971,0.61971,0.61971,0.61971,0.61971,0.61971,0.61971,0.61971,0.61971,0.61971,0.61971,0.61971,0.61971,0.61971,0.61971,0.61971,0.61971,0.61971,0.61971,0.61971
2311,0.62264,0.62264,0.62264,0.62264,0.62264,0.62264,0.62264,0.62264,0.62264,0.62264,0.62264,0.62264,0.62264,0.62264,0.62264,0.62264,0.62264,0.62264,0.62264,0.62264,0.62264,0.62264,0.62264,0.62264,0.62264,0.62264,0.62264,0.62264,0.62264
2312,0.62555,0.62555,0.62555,0.62555,0.62555,0.62555,0.62555,0.62555,0.62555,0.62555,0.62555,0.62555,0.62555,0.62555,0.62555,0.62555,0.62555,0.62555,0.62555,0.62555,0.62555,0.62555,0.62555,0.62555,0.62555,0.62555,0.62555,0.62555,0.62555
2313,0.62844,0.62844,0.62844,0.62844,0.62844,0.62844,0.62844,0.62844,0.62844,0.62844,0.62844,0.62844,0.62844,0.62844,0.62844,0.62844,0.62844,0.62844,0.62844,0.62844,0.62844,0.62844,0.62844,0.62844,0.62844,0.62844,0.62844,0.62844,0.62844
2314,0.63131,0.63131,0.63131,0.63131,0.63131,0.63131,0.63131,0.63131,0.63131,0.63131,0.63131,0.63131,0.63131,0.63131,0.63131,0.63131,0.63131,0.63131,0.63131,0.63131,0.63131,0.63131,0.63131,0.63131,0.63131,0.63131,0.63131,0.63131,0.63131
2315,0.63415,0.63415,0.63415,0.63415,0.63415,0.63415,0.63415,0.63415,0.63415,0.63415,0.63415,0.63415,0.63415,0.63415,0.63415,0.63415,0.63415,0.63415,0.63415,0.63415,0.63415,0.63415,0.63415,0.63415,0.63415,0.63415,0.63415,0.63415,0.63415
2316,0.63697,0.63697,0.63697,0.63697,0.63697,0.63697,0.63697,0.63697,0.63697,0.63697,0.63697,0.63697,0.63697,0.63697,0.63697,0.63697,0.63697,0.63697,0.63697,0.63697,0.63697,0.63697,0.63697,0.63697,0.63697,0.63697,0.63697,0.63697,0.63697
2317,0.63976,0.63976,0.63976,0.63976,0.63976,0.63976,0.63976,0.63976,0.63976,0.63976,0.63976,0.63976,0.63976,0.63976,0.63976,0.63976,0.63976,0.63976,0.63976,0.63976,0.63976,0.63976,0.63976,0.63976,0.63976,0.63976,0.63976,0.63976,0.63976
2318,0.64253,0.64253,0.64253,0.64253,0.64253,0.64253,0.64253,0.64253,0.64253,0.64253,0.64253,0.64253,0.64253,0.64253,0.64253,0.64253,0.64253,0.64253,0.64253,0.64253,0.64253,0.64253,0.64253,0.64253,0.64253,0.64253,0.64253,0.64253,0.64253
2319,0.64527,0.64527,0.64527,0.64527,0.64527,0.64527,0.64527,0.64527,0.64527,0.64527,0.64527,0.64527,0.64527,0.64527,0.64527,0.64527,0.64527,0.64527,0.64527,0.64527,0.64527,0.64527,0.64527,0.64527,0.64527,0.64527,0.64527,0.64527,0.64527
2320,0.64797,0.64797,0.64797,0.64797,0.64797,0.64797,0.64797,0.64797,0.64797,0.64797,0.64797,0.64797,0.64797,0.64797,0.64797,0.64797,0.64797,0.64797,0.64797,0.64797,0.64797,0.64797,0.64797,0.64797,0.64797,0.64797,0.64797,0.64797,0.64797
2321,0.65065,0.65065,0.65065,0.65065,0.65065,0.65065,0.65065,0.65065,0.65065,0.65065,0.65065,0.65065,0.65065,0.65065,0.65065,0.65065,0.65065,0.65065,0.65065,0.65065,0.65065,0.65065,0.65065,0.65065,0.65065,0.65065,0.65065,0.65065,0.65065
2322,0.65329,0.65329,0.65329,0.65329,0.65329,0.65329,0.65329,0.65329,0.65329,0.65329,0.65329,0.65329,0.65329,0.65329,0.65329,0.65329,0.65329,0.65329,0.65329,0.65329,0.65329,0.65329,0.65329,0.65329,0.65329,0.65329,0.65329,0.65329,0.65329
2323,0.65590,0.65590,0.65590,0.65590,0.65590,0.65590,0.65590,0.65590,0.65590,0.65590,0.65590,0.65590,0.65590,0.65590,0.65590,0.65590,0.65590,0.65590,0.65590,0.65590,0.65590,0.65590,0.65590,0.65590,0.65590,0.65590,0.65590,0.65590,0.65590
2324,0.65848,0.65848,0.65848,0.65848,0.65848,0.65848,0.65848,0.65848,0.65848,0.65848,0.65848,0.65848,0.65848,0.65848,0.65848,0.65848,0.65848,0.65848,0.65848,0.65848,0.65848,0.65848,0.65848,0.65848,0.65848,0.65848,0.65848,0.65848,0.65848
2325,0.66102,0.66102,0.66102,0.66102,0.66102,0.66102,0.66102,0.66102,0.66102,0.66102,0.66102,0.66102,0.66102,0.66102,0.66102,0.66102,0.66102,0.66102,0.66102,0.66102,0.66102,0.66102,0.66102,0.66102,0.66102,0.66102,0.66102,0.66102,0.66102
2326,0.66352,0.66352,0.66352,0.66352,0.66352,0.66352,0.66352,0.66352,0.66352,0.66352,0.66352,0.66352,0.66352,0.66352,0.66352,0.66352,0.66352,0.66352,0.66352,0.66352,0.66352,0.66352,0.66352,0.66352,0.66352,0.66352,0.66352,0.66352,0.66352
2327,0.66598,0.66598,0.66598,0.66598,0.66598,0.66598,0.66598,0.66598,0.66598,0.66598,0.66598,0.66598,0.66598,0.66598,0.66598,0.66598,0.66598,0.66598,0.66598,0.66598,0.66598,0.66598,0.66598,0.66598,0.66598,0.66598,0.66598,0.66598,0.66598
2328,0.66840,0.66840,0.66840,0.66840,0.66840,0.66840,0.66840,0.66840,0.66840,0.66840,0.66840,0.66840,0.66840,0.66840,0.66840,0.66840,0.66840,0.66840,0.66840,0.66840,0.66840,0.66840,0.66840,0.66840,0.66840,0.66840,0.66840,0.66840,0.66840
2329,0.67078,0.67078,0.67078,0.67078,0.67078,0.67078,0.67078,0.67078,0.67078,0.67078,0.67078,0.67078,0.67078,0.67078,0.67078,0.67078,0.67078,0.67078,0.67078,0.67078,0.67078,0.67078,0.67078,0.67078,0.67078,0.67078,0.67078,0.67078,0.67078
2330,0.67312,0.67312,0.67312,0.67312,0.67312,0.67312,0.67312,0.67312,0.67312,0.67312,0.67312,0.67312,0.67312,0.67312,0.67312,0.67312,0.67312,0.67312,0.67312,0.67312,0.67312,0.67312,0.67312,0.67312,0.67312,0.67312,0.67312,0.67312,0.67312
2331,0.67541,0.67541,0.67541,0.67541,0.67541,0.67541,0.67541,0.67541,0.67541,0.67541,0.67541,0.67541,0.67541,0.67541,0.67541,0.67541,0.67541,0.67541,0.67541,0.67541,0.67541,0.67541,0.67541,0.67541,0.67541,0.67541,0.67541,0.67541,0.67541
2332,0.67765,0.67765,0.67765,0.67765,0.67765,0.67765,0.67765,0.67765,0.67765,0.67765,0.67765,0.67765,0.67765,0.67765,0.67765,0.67765,0.67765,0.67765,0.67765,0.67765,0.67765,0.67765,0.67765,0.67765,0.67765,0.67765,0.67765,0.67765,0.67765
2333,0.67985,0.67985,0.67985,0.67985,0.67985,0.67985,0.67985,0.67985,0.67985,0.67985,0.67985,0.67985,0.67985,0.67985,0.67985,0.67985,0.67985,0.67985,0.67985,0.67985,0.67985,0.67985,0.67985,0.67985,0.67985,0.67985,0.67985,0.67985,0.67985
2334,0.68199,0.68199,0.68199,0.68199,0.68199,0.68199,0.68199,0.68199,0.68199,0.68199,0.68199,0.68199,0.68199,0.68199,0.68199,0.68199,0.68199,0.68199,0.68199,0.68199,0.68199,0.68199,0.68199,0.68199,0.68199,0.68199,0.68199,0.68199,0.68199
2335,0.68408,0.68408,0.68408,0.68408,0.68408,0.68408,0.68408,0.68408,0.68408,0.68408,0.68408,0.68408,0.68408,0.68408,0.68408,0.68408,0.68408,0.68408,0.68408,0.68408,0.68408,0.68408,0.68408,0.68408,0.68408,0.68408,0.68408,0.68408,0.68408
2336,0.68612,0.68612,0.68612,0.68612,0.68612,0.68612,0.68612,0.68612,0.68612,0.68612,0.68612,0.68612,0.68612,0.68612,0.68612,0.68612,0.68612,0.68612,0.68612,0.68612,0.68612,0.68612,0.68612,0.68612,0.68612,0.68612,0.68612,0.68612,0.68612
2337,0.68811,0.68811,0.68811,0.68811,0.68811,0.68811,0.68811,0.68811,0.68811,0.68811,0.68811,0.68811,0.68811,0.68811,0.68811,0.68811,0.68811,0.68811,0.68811,0.68811,0.68811,0.68811,0.68811,0.68811,0.68811,0.68811,0.68811,0.68811,0.68811
2338,0.69004,0.69004,0.69004,0.69004,0.69004,0.69004,0.69004,0.69004,0.69004,0.69004,0.69004,0.69004,0.69004,0.69004,0.69004,0.69004,0.69004,0.69004,0.69004,0.69004,0.69004,0.69004,0.69004,0.69004,0.69004,0.69004,0.69004,0.69004,0.69004
2339,0.69191,0.69191,0.69191,0.69191,0.69191,0.69191,0.69191,0.69191,0.69191,0.69191,0.69191,0.69191,0.69191,0.69191,0.69191,0.69191,0.69191,0.69191,0.69191,0.69191,0.69191,0.69191,0.69191,0.69191,0.69191,0.69191,0.69191,0.69191,0.69191
2340,0.69372,0.69372,0.69372,0.69372,0.69372,0.69372,0.69372,0.69372,0.69372,0.69372,0.69372,0.69372,0.69372,0.69372,0.69372,0.69372,0.69372,0.69372,0.69372,0.69372,0.69372,0.69372,0.69372,0.69372,0.69372,0.69372,0.69372,0.69372,0.69372
2341,0.69546,0.69546,0.69546,0.69546,0.69546,0.69546,0.69546,0.69546,0.69546,0.69546,0.69546,0.69546,0.69546,0.69546,0.69546,0.69546,0.69546,0.69546,0.69546,0.69546,0.69546,0.69546,0.69546,0.69546,0.69546,0.69546,0.69546,0.69546,0.69546
2342,0.69715,0.69715,0.69715,0.69715,0.69715,0.69715,0.69715,0.69715,0.69715,0.69715,0.69715,0.69715,0.69715,0.69715,0.69715,0.69715,0.69715,0.69715,0.69715,0.69715,0.69715,0.69715,0.69715,0.69715,0.69715,0.69715,0.69715,0.69715,0.69715
2343,0.69877,0.69877,0.69877,0.69877,0.69877,0.69877,0.69877,0.69877,0.69877,0.69877,0.69877,0.69877,0.69877,0.69877,0.69877,0.69877,0.69877,0.69877,0.69877,0.69877,0.69877,0.69877,0.69877,0.69877,0.69877,0.69877,0.69877,0.69877,0.69877
2344,0.70032,0.70032,0.70032,0.70032,0.70032,0.70032,0.70032,0.70032,0.70032,0.70032,0.70032,0.70032,0.70032,0.70032,0.70032,0.70032,0.70032,0.70032,0.70032,0.70032,0.70032,0.70032,0.70032,0.70032,0.70032,0.70032,0.70032,0.70032,0.70032
2345,0.70181,0.70181,0.70181,0.70181,0.70181,0.70181,0.70181,0.70181,0.70181,0.70181,0.70181,0.70181,0.70181,0.70181,0.70181,0.70181,0.70181,0.70181,0.70181,0.70181,0.70181,0.70181,0.70181,0.70181,0.70181,0.70181,0.70181,0.70181,0.70181
2346,0.70322,0.70322,0.70322,0.70322,0.70322,0.70322,0.70322,0.70322,0.70322,0.70322,0.70322,0.70322,0.70322,0.70322,0.70322,0.70322,0.70322,0.70322,0.70322,0.70322,0.70322,0.70322,0.70322,0.70322,0.70322,0.70322,0.70322,0.70322,0.70322
2347,0.70457,0.70457,0.70457,0.70457,0.70457,0.70457,0.70457,0.70457,0.70457,0.70457,0.70457,0.70457,0.70457,0.70457,0.70457,0.70457,0.70457,0.70457,0.70457,0.70457,0.70457,0.70457,0.70457,0.70457,0.70457,0.70457,0.70457,0.70457,0.70457
2348,0.70584,0.70584,0.70584,0.70584,0.70584,0.70584,0.70584,0.70584,0.70584,0.70584,0.70584,0.70584,0.70584,0.70584,0.70584,0.70584,0.70584,0.70584,0.70584,0.70584,0.70584,0.70584,0.70584,0.70584,0.70584,0.70584,0.70584,0.70584,0.70584
2349,0.70704,0.70704,0.70704,0.70704,0.70704,0.70704,0.70704,0.70704,0.70704,0.70704,0.70704,0.70704,0.70704,0.70704,0.70704,0.70704,0.70704,0.70704,0.70704,0.70704,0.70704,0.70704,0.70704,0.70704,0.70704,0.70704,0.70704,0.70704,0.70704
2350,0.70817,0.70817,0.70817,0.70817,0.70817,0.70817,0.70817,0.70817,0.70817,0.70817,0.70817,0.70817,0.70817,0.70817,0.70817,0.70817,0.70817,0.70817,0.70817,0.70817,0.70817,0.70817,0.70817,0.70817,0.70817,0.70817,0.70817,0.70817,0.70817
2351,0.70921,0.70921,0.70921,0.70921,0.70921,0.70921,0.70921,0.70921,0.70921,0.70921,0.70921,0.70921,0.70921,0.70921,0.70921,0.70921,0.70921,0.70921,0.70921,0.70921,0.70921,0.70921,0.70921,0.70921,0.70921,0.70921,0.70921,0.70921,0.70921
2352,0.71018,0.71018,0.71018,0.71018,0.71018,0.71018,0.71018,0.71018,0.71018,0.71018,0.71018,0.71018,0.71018,0.71018,0.71018,0.71018,0.71018,0.71018,0.71018,0.71018,0.71018,0.71018,0.71018,0.71018,0.71018,0.71018,0.71018,0.71018,0.71018
2353,0.71108,0.71108,0.71108,0.71108,0.71108,0.71108,0.71108,0.71108,0.71108,0.71108,0.71108,0.71108,0.71108,0.71108,0.71108,0.71108,0.71108,0.71108,0.71108,0.71108,0.71108,0.71108,0.71108,0.71108,0.71108,0.71108,0.71108,0.71108,0.71108
2354,0.71189,0.71189,0.71189,0.71189,0.71189,0.71189,0.71189,0.71189,0.71189,0.71189,0.71189,0.71189,0.71189,0.71189,0.71189,0.71189,0.71189,0.71189,0.71189,0.71189,0.71189,0.71189,0.71189,0.71189,0.71189,0.71189,0.71189,0.71189,0.71189
2355,0.71262,0.71262,0.71262,0.71262,0.71262,0.71262,0.71262,0.71262,0.71262,0.71262,0.71262,0.71262,0.71262,0.71262,0.71262,0.71262,0.71262,0.71262,0.71262,0.71262,0.71262,0.71262,0.71262,0.71262,0.71262,0.71262,0.71262,0.71262,0.71262
2356,0.71327,0.71327,0.71327,0.71327,0.71327,0.71327,0.71327,0.71327,0.71327,0.71327,0.71327,0.71327,0.71327,0.71327,0.71327,0.71327,0.71327,0.71327,0.71327,0.71327,0.71327,0.71327,0.71327,0.71327,0.71327,0.71327,0.71327,0.71327,0.71327
2357,0.71384,0.71384,0.71384,0.71384,0.71384,0.71384,0.71384,0.71384,0.71384,0.71384,0.71384,0.71384,0.71384,0.71384,0.71384,0.71384,0.71384,0.71384,0.71384,0.71384,0.71384,0.71384,0.71384,0.71384,0.71384,0.71384,0.71384,0.71384,0.71384
2358,0.71433,0.71433,0.71433,0.71433,0.71433,0.71433,0.71433,0.71433,0.71433,0.71433,0.71433,0.71433,0.71433,0.71433,0.71433,0.71433,0.71433,0.71433,0.71433,0.71433,0.71433,0.71433,0.71433,0.71433,0.71433,0.71433,0.71433,0.71433,0.71433
2359,0.71473,0.71473,0.71473,0.71473,0.71473,0.71473,0.71473,0.71473,0.71473,0.71473,0.71473,0.71473,0.71473,0.71473,0.71473,0.71473,0.71473,0.71473,0.71473,0.71473,0.71473,0.71473,0.71473,0.71473,0.71473,0.71473,0.71473,0.71473,0.71473
2360,0.71504,0.71504,0.71504,0.71504,0.71504,0.71504,0.71504,0.71504,0.71504,0.71504,0.71504,0.71504,0.71504,0.71504,0.71504,0.71504,0.71504,0.71504,0.71504,0.71504,0.71504,0.71504,0.71504,0.71504,0.71504,0.71504,0.71504,0.71504,0.71504
2361,0.71528,0.71528,0.71528,0.71528,0.71528,0.71528,0.71528,0.71528,0.71528,0.71528,0.71528,0.71528,0.71528,0.71528,0.71528,0.71528,0.71528,0.71528,0.71528,0.71528,0.71528,0.71528,0.71528,0.71528,0.71528,0.71528,0.71528,0.71528,0.71528
2362,0.71543,0.71543,0.71543,0.71543,0.71543,0.71543,0.71543,0.71543,0.71543,0.71543,0.71543,0.71543,0.71543,0.71543,0.71543,0.71543,0.71543,0.71543,0.71543,0.71543,0.71543,0.71543,0.71543,0.71543,0.71543,0.71543,0.71543,0.71543,0.71543
2363,0.71549,0.71549,0.71549,0.71549,0.71549,0.71549,0.71549,0.71549,0.71549,0.71549,0.71549,0.71549,0.71549,0.71549,0.71549,0.71549,0.71549,0.71549,0.71549,0.71549,0.71549,0.71549,0.71549,0.71549,0.71549,0.71549,0.71549,0.71549,0.71549
2364,0.71547,0.71547,0.71547,0.71547,0.71547,0.71547,0.71547,0.71547,0.71547,0.71547,0.71547,0.71547,0.71547,0.71547,0.71547,0.71547,0.71547,0.71547,0.71547,0.71547,0.71547,0.71547,0.71547,0.71547,0.71547,0.71547,0.71547,0.71547,0.71547
2365,0.71536,0.71536,0.71536,0.71536,0.71536,0.71536,0.71536,0.71536,0.71536,0.71536,0.71536,0.71536,0.71536,0.71536,0.71536,0.71536,0.71536,0.71536,0.71536,0.71536,0.71536,0.71536,0.71536,0.71536,0.71536,0.71536,0.71536,0.71536,0.71536
2366,0.71517,0.71517,0.71517,0.71517,0.71517,0.71517,0.71517,0.71517,0.71517,0.71517,0.71517,0.71517,0.71517,0.71517,0.71517,0.71517,0.71517,0.71517,0.71517,0.71517,0.71517,0.71517,0.71517,0.71517,0.71517,0.71517,0.71517,0.71517,0.71517
2367,0.71490,0.71490,0.71490,0.71490,0.71490,0.71490,0.71490,0.71490,0.71490,0.71490,0.71490,0.71490,0.71490,0.71490,0.71490,0.71490,0.71490,0.71490,0.71490,0.71490,0.71490,0.71490,0.71490,0.71490,0.71490,0.71490,0.71490,0.71490,0.71490
2368,0.71454,0.71454,0.71454,0.71454,0.71454,0.71454,0.71454,0.71454,0.71454,0.71454,0.71454,0.71454,0.71454,0.71454,0.71454,0.71454,0.71454,0.71454,0.71454,0.71454,0.71454,0.71454,0.71454,0.71454,0.71454,0.71454,0.71454,0.71454,0.71454
2369,0.71409,0.71409,0.71409,0.71409,0.71409,0.71409,0.71409,0.71409,0.71409,0.71409,0.71409,0.71409,0.71409,0.71409,0.71409,0.71409,0.71409,0.71409,0.71409,0.71409,0.71409,0.71409,0.71409,0.71409,0.71409,0.71409,0.71409,0.71409,0.71409
2370,0.71357,0.71357,0.71357,0.71357,0.71357,0.71357,0.71357,0.71357,0.71357,0.71357,0.71357,0.71357,0.71357,0.71357,0.71357,0.71357,0.71357,0.71357,0.71357,0.71357,0.71357,0.71357,0.71357,0.71357,0.71357,0.71357,0.71357,0.71357,0.71357
2371,0.71296,0.71296,0.71296,0.71296,0.71296,0.71296,0.71296,0.71296,0.71296,0.71296,0.71296,0.71296,0.71296,0.71296,0.71296,0.71296,0.71296,0.71296,0.71296,0.71296,0.71296,0.71296,0.71296,0.71296,0.71296,0.71296,0.71296,0.71296,0.71296
2372,0.71227,0.71227,0.71227,0.71227,0.71227,0.71227,0.71227,0.71227,0.71227,0.71227,0.71227,0.71227,0.71227,0.71227,0.71227,0.71227,0.71227,0.71227,0.71227,0.71227,0.71227,0.71227,0.71227,0.71227,0.71227,0.71227,0.71227,0.71227,0.71227
2373,0.71149,0.71149,0.71149,0.71149,0.71149,0.71149,0.71149,0.71149,0.71149,0.71149,0.71149,0.71149,0.71149,0.71149,0.71149,0.71149,0.71149,0.71149,0.71149,0.71149,0.71149,0.71149,0.71149,0.71149,0.71149,0.71149,0.71149,0.71149,0.71149
2374,0.71064,0.71064,0.71064,0.71064,0.71064,0.71064,0.71064,0.71064,0.71064,0.71064,0.71064,0.71064,0.71064,0.71064,0.71064,0.71064,0.71064,0.71064,0.71064,0.71064,0.71064,0.71064,0.71064,0.71064,0.71064,0.71064,0.71064,0.71064,0.71064
2375,0.70971,0.70971,0.70971,0.70971,0.70971,0.70971,0.70971,0.70971,0.70971,0.70971,0.70971,0.70971,0.70971,0.70971,0.70971,0.70971,0.70971,0.70971,0.70971,0.70971,0.70971,0.70971,0.70971,0.70971,0.70971,0.70971,0.70971,0.70971,0.70971
2376,0.70870,0.70870,0.70870,0.70870,0.70870,0.70870,0.70870,0.70870,0.70870,0.70870,0.70870,0.70870,0.70870,0.70870,0.70870,0.70870,0.70870,0.70870,0.70870,0.70870,0.70870,0.70870,0.70870,0.70870,0.70870,0.70870,0.70870,0.70870,0.70870
2377,0.70761,0.70761,0.70761,0.70761,0.70761,0.70761,0.70761,0.70761,0.70761,0.70761,0.70761,0.70761,0.70761,0.70761,0.70761,0.70761,0.70761,0.70761,0.70761,0.70761,0.70761,0.70761,0.70761,0.70761,0.70761,0.70761,0.70761,0.70761,0.70761
2378,0.70645,0.70645,0.70645,0.70645,0.70645,0.70645,0.70645,0.70645,0.70645,0.70645,0.70645,0.70645,0.70645,0.70645,0.70645,0.70645,0.70645,0.70645,0.70645,0.70645,0.70645,0.70645,0.70645,0.70645,0.70645,0.70645,0.70645,0.70645,0.70645
2379,0.70521,0.70521,0.70521,0.70521,0.70521,0.70521,0.70521,0.70521,0.70521,0.70521,0.70521,0.70521,0.70521,0.70521,0.70521,0.70521,0.70521,0.70521,0.70521,0.70521,0.70521,0.70521,0.70521,0.70521,0.70521,0.70521,0.70521,0.70521,0.70521
2380,0.70391,0.70391,0.70391,0.70391,0.70391,0.70391,0.70391,0.70391,0.70391,0.70391,0.70391,0.70391,0.70391,0.70391,0.70391,0.70391,0.70391,0.70391,0.70391,0.70391,0.70391,0.70391,0.70391,0.70391,0.70391,0.70391,0.70391,0.70391,0.70391
2381,0.70252,0.70252,0.70252,0.70252,0.70252,0.70252,0.70252,0.70252,0.70252,0.70252,0.70252,0.70252,0.70252,0.70252,0.70252,0.70252,0.70252,0.70252,0.70252,0.70252,0.70252,0.70252,0.70252,0.70252,0.70252,0.70252,0.70252,0.70252,0.70252
2382,0.70107,0.70107,0.70107,0.70107,0.70107,0.70107,0.70107,0.70107,0.70107,0.70107,0.70107,0.70107,0.70107,0.70107,0.70107,0.70107,0.70107,0.70107,0.70107,0.70107,0.70107,0.70107,0.70107,0.70107,0.70107,0.70107,0.70107,0.70107,0.70107
2383,0.69955,0.69955,0.69955,0.69955,0.69955,0.69955,0.69955,0.69955,0.69955,0.69955,0.69955,0.69955,0.69955,0.69955,0.69955,0.69955,0.69955,0.69955,0.69955,0.69955,0.69955,0.69955,0.69955,0.69955,0.69955,0.69955,0.69955,0.69955,0.69955
2384,0.69797,0.69797,0.69797,0.69797,0.69797,0.69797,0.69797,0.69797,0.69797,0.69797,0.69797,0.69797,0.69797,0.69797,0.69797,0.69797,0.69797,0.69797,0.69797,0.69797,0.69797,0.69797,0.69797,0.69797,0.69797,0.69797,0.69797,0.69797,0.69797
2385,0.69631,0.69631,0.69631,0.69631,0.69631,0.69631,0.69631,0.69631,0.69631,0.69631,0.69631,0.69631,0.69631,0.69631,0.69631,0.69631,0.69631,0.69631,0.69631,0.69631,0.69631,0.69631,0.69631,0.69631,0.69631,0.69631,0.69631,0.69631,0.69631
2386,0.69460,0.69460,0.69460,0.69460,0.69460,0.69460,0.69460,0.69460,0.69460,0.69460,0.69460,0.69460,0.69460,0.69460,0.69460,0.69460,0.69460,0.69460,0.69460,0.69460,0.69460,0.69460,0.69460,0.69460,0.69460,0.69460,0.69460,0.69460,0.69460
2387,0.69282,0.69282,0.69282,0.69282,0.69282,0.69282,0.69282,0.69282,0.69282,0.69282,0.69282,0.69282,0.69282,0.69282,0.69282,0.69282,0.69282,0.69282,0.69282,0.69282,0.69282,0.69282,0.69282,0.69282,0.69282,0.69282,0.69282,0.69282,0.69282
2388,0.69098,0.69098,0.69098,0.69098,0.69098,0.69098,0.69098,0.69098,0.69098,0.69098,0.69098,0.69098,0.69098,0.69098,0.69098,0.69098,0.69098,0.69098,0.69098,0.69098,0.69098,0.69098,0.69098,0.69098,0.69098,0.69098,0.69098,0.69098,0.69098
2389,0.68908,0.68908,0.68908,0.68908,0.68908,0.68908,0.68908,0.68908,0.68908,0.68908,0.68908,0.68908,0.68908,0.68908,0.68908,0.68908,0.68908,0.68908,0.68908,0.68908,0.68908,0.68908,0.68908,0.68908,0.68908,0.68908,0.68908,0.68908,0.68908
2390,0.68712,0.68712,0.68712,0.68712,0.68712,0.68712,0.68712,0.68712,0.68712,0.68712,0.68712,0.68712,0.68712,0.68712,0.68712,0.68712,0.68712,0.68712,0.68712,0.68712,0.68712,0.68712,0.68712,0.68712,0.68712,0.68712,0.68712,0.68712,0.68712
2391,0.68511,0.68511,0.68511,0.68511,0.68511,0.68511,0.68511,0.68511,0.68511,0.68511,0.68511,0.68511,0.68511,0.68511,0.68511,0.68511,0.68511,0.68511,0.68511,0.68511,0.68511,0.68511,0.68511,0.68511,0.68511,0.68511,0.68511,0.68511,0.68511
2392,0.68304,0.68304,0.68304,0.68304,0.68304,0.68304,0.68304,0.68304,0.68304,0.68304,0.68304,0.68304,0.68304,0.68304,0.68304,0.68304,0.68304,0.68304,0.68304,0.68304,0.68304,0.68304,0.68304,0.68304,0.68304,0.68304,0.68304,0.68304,0.68304
2393,0.68093,0.68093,0.68093,0.68093,0.68093,0.68093,0.68093,0.68093,0.68093,0.68093,0.68093,0.68093,0.68093,0.68093,0.68093,0.68093,0.68093,0.68093,0.68093,0.68093,0.68093,0.68093,0.68093,0.68093,0.68093,0.68093,0.68093,0.68093,0.68093
2394,0.67876,0.67876,0.67876,0.67876,0.67876,0.67876,0.67876,0.67876,0.67876,0.67876,0.67876,0.67876,0.67876,0.67876,0.67876,0.67876,0.67876,0.67876,0.67876,0.67876,0.67876,0.67876,0.67876,0.67876,0.67876,0.67876,0.67876,0.67876,0.67876
2395,0.67654,0.67654,0.67654,0.67654,0.67654,0.67654,0.67654,0.67654,0.67654,0.67654,0.67654,0.67654,0.67654,0.67654,0.67654,0.67654,0.67654,0.67654,0.67654,0.67654,0.67654,0.67654,0.67654,0.67654,0.67654,0.67654,0.67654,0.67654,0.67654
2396,0.67427,0.67427,0.67427,0.67427,0.67427,0.67427,0.67427,0.67427,0.67427,0.67427,0.67427,0.67427,0.67427,0.67427,0.67427,0.67427,0.67427,0.67427,0.67427,0.67427,0.67427,0.67427,0.67427,0.67427,0.67427,0.67427,0.67427,0.67427,0.67427
2397,0.67196,0.67196,0.67196,0.67196,0.67196,0.67196,0.67196,0.67196,0.67196,0.67196,0.67196,0.67196,0.67196,0.67196,0.67196,0.67196,0.67196,0.67196,0.67196,0.67196,0.67196,0.67196,0.67196,0.67196,0.67196,0.67196,0.67196,0.67196,0.67196
2398,0.66960,0.66960,0.66960,0.66960,0.66960,0.66960,0.66960,0.66960,0.66960,0.66960,0.66960,0.66960,0.66960,0.66960,0.66960,0.66960,0.66960,0.66960,0.66960,0.66960,0.66960,0.66960,0.66960,0.66960,0.66960,0.66960,0.66960,0.66960,0.66960
2399,0.66720,0.66720,0.66720,0.66720,0.66720,0.66720,0.66720,0.66720,0.66720,0.66720,0.66720,0.66720,0.66720,0.66720,0.66720,0.66720,0.66720,0.66720,0.66720,0.66720,0.66720,0.66720,0.66720,0.66720,0.66720,0.66720,0.66720,0.66720,0.66720
2400,0.66476,0.66476,0.66476,0.66476,0.66476,0.66476,0.66476,0.66476,0.66476,0.66476,0.66476,0.66476,0.66476,0.66476,0.66476,0.66476,0.66476,0.66476,0.66476,0.66476,0.66476,0.66476,0.66476,0.66476,0.66476,0.66476,0.66476,0.66476,0.66476
2401,0.66227,0.66227,0.66227,0.66227,0.66227,0.66227,0.66227,0.66227,0.66227,0.66227,0.66227,0.66227,0.66227,0.66227,0.66227,0.66227,0.66227,0.66227,0.66227,0.66227,0.66227,0.66227,0.66227,0.66227,0.66227,0.66227,0.66227,0.66227,0.66227
2402,0.65975,0.65975,0.65975,0.65975,0.65975,0.65975,0.65975,0.65975,0.65975,0.65975,0.65975,0.65975,0.65975,0.65975,0.65975,0.65975,0.65975,0.65975,0.65975,0.65975,0.65975,0.65975,0.65975,0.65975,0.65975,0.65975,0.65975,0.65975,0.65975
2403,0.65720,0.65720,0.65720,0.65720,0.65720,0.65720,0.65720,0.65720,0.65720,0.65720,0.65720,0.65720,0.65720,0.65720,0.65720,0.65720,0.65720,0.65720,0.65720,0.65720,0.65720,0.65720,0.65720,0.65720,0.65720,0.65720,0.65720,0.65720,0.65720
2404,0.65460,0.65460,0.65460,0.65460,0.65460,0.65460,0.65460,0.65460,0.65460,0.65460,0.65460,0.65460,0.65460,0.65460,0.65460,0.65460,0.65460,0.65460,0.65460,0.65460,0.65460,0.65460,0.65460,0.65460,0.65460,0.65460,0.65460,0.65460,0.65460
2405,0.65198,0.65198,0.65198,0.65198,0.65198,0.65198,0.65198,0.65198,0.65198,0.65198,0.65198,0.65198,0.65198,0.65198,0.65198,0.65198,0.65198,0.65198,0.65198,0.65198,0.65198,0.65198,0.65198,0.65198,0.65198,0.65198,0.65198,0.65198,0.65198
2406,0.64931,0.64931,0.64931,0.64931,0.64931,0.64931,0.64931,0.64931,0.64931,0.64931,0.64931,0.64931,0.64931,0.64931,0.64931,0.64931,0.64931,0.64931,0.64931,0.64931,0.64931,0.64931,0.64931,0.64931,0.64931,0.64931,0.64931,0.64931,0.64931
2407,0.64662,0.64662,0.64662,0.64662,0.64662,0.64662,0.64662,0.64662,0.64662,0.64662,0.64662,0.64662,0.64662,0.64662,0.64662,0.64662,0.64662,0.64662,0.64662,0.64662,0.64662,0.64662,0.64662,0.64662,0.64662,0.64662,0.64662,0.64662,0.64662
2408,0.64390,0.64390,0.64390,0.64390,0.64390,0.64390,0.64390,0.64390,0.64390,0.64390,0.64390,0.64390,0.64390,0.64390,0.64390,0.64390,0.64390,0.64390,0.64390,0.64390,0.64390,0.64390,0.64390,0.64390,0.64390,0.64390,0.64390,0.64390,0.64390
2409,0.64115,0.64115,0.64115,0.64115,0.64115,0.64115,0.64115,0.64115,0.64115,0.64115,0.64115,0.64115,0.64115,0.64115,0.64115,0.64115,0.64115,0.64115,0.64115,0.64115,0.64115,0.64115,0.64115,0.64115,0.64115,0.64115,0.64115,0.64115,0.64115
2410,0.63837,0.63837,0.63837,0.63837,0.63837,0.63837,0.63837,0.63837,0.63837,0.63837,0.63837,0.63837,0.63837,0.63837,0.63837,0.63837,0.63837,0.63837,0.63837,0.63837,0.63837,0.63837,0.63837,0.63837,0.63837,0.63837,0.63837,0.63837,0.63837
2411,0.63557,0.63557,0.63557,0.63557,0.63557,0.63557,0.63557,0.63557,0.63557,0.63557,0.63557,0.63557,0.63557,0.63557,0.63557,0.63557,0.63557,0.63557,0.63557,0.63557,0.63557,0.63557,0.63557,0.63557,0.63557,0.63557,0.63557,0.63557,0.63557
2412,0.63274,0.63274,0.63274,0.63274,0.63274,0.63274,0.63274,0.63274,0.63274,0.63274,0.63274,0.63274,0.63274,0.63274,0.63274,0.63274,0.63274,0.63274,0.63274,0.63274,0.63274,0.63274,0.63274,0.63274,0.63274,0.63274,0.63274,0.63274,0.63274
2413,0.62988,0.62988,0.62988,0.62988,0.62988,0.62988,0.62988,0.62988,0.62988,0.62988,0.62988,0.62988,0.62988,0.62988,0.62988,0.62988,0.62988,0.62988,0.62988,0.62988,0.62988,0.62988,0.62988,0.62988,0.62988,0.62988,0.62988,0.62988,0.62988
2414,0.62700,0.62700,0.62700,0.62700,0.62700,0.62700,0.62700,0.62700,0.62700,0.62700,0.62700,0.62700,0.62700,0.62700,0.62700,0.62700,0.62700,0.62700,0.62700,0.62700,0.62700,0.62700,0.62700,0.62700,0.62700,0.62700,0.62700,0.62700,0.62700
2415,0.62410,0.62410,0.62410,0.62410,0.62410,0.62410,0.62410,0.62410,0.62410,0.62410,0.62410,0.62410,0.62410,0.62410,0.62410,0.62410,0.62410,0.62410,0.62410,0.62410,0.62410,0.62410,0.62410,0.62410,0.62410,0.62410,0.62410,0.62410,0.62410
2416,0.62118,0.62118,0.62118,0.62118,0.62118,0.62118,0.62118,0.62118,0.62118,0.62118,0.62118,0.62118,0.62118,0.62118,0.62118,0.62118,0.62118,0.62118,0.62118,0.62118,0.62118,0.62118,0.62118,0.62118,0.62118,0.62118,0.62118,0.62118,0.62118
2417,0.61824,0.61824,0.61824,0.61824,0.61824,0.61824,0.61824,0.61824,0.61824,0.61824,0.61824,0.61824,0.61824,0.61824,0.61824,0.61824,0.61824,0.61824,0.61824,0.61824,0.61824,0.61824,0.61824,0.61824,0.61824,0.61824,0.61824,0.61824,0.61824
2418,0.61528,0.61528,0.61528,0.61528,0.61528,0.61528,0.61528,0.61528,0.61528,0.61528,0.61528,0.61528,0.61528,0.61528,0.61528,0.61528,0.61528,0.61528,0.61528,0.61528,0.61528,0.61528,0.61528,0.61528,0.61528,0.61528,0.61528,0.61528,0.61528
2419,0.61230,0.61230,0.61230,0.61230,0.61230,0.61230,0.61230,0.61230,0.61230,0.61230,0.61230,0.61230,0.61230,0.61230,0.61230,0.61230,0.61230,0.61230,0.61230,0.61230,0.61230,0.61230,0.61230,0.61230,0.61230,0.61230,0.61230,0.61230,0.61230
2420,0.60930,0.60930,0.60930,0.60930,0.60930,0.60930,0.60930,0.60930,0.60930,0.60930,0.60930,0.60930,0.60930,0.60930,0.60930,0.60930,0.60930,0.60930,0.60930,0.60930,0.60930,0.60930,0.60930,0.60930,0.60930,0.60930,0.60930,0.60930,0.60930
2421,0.60629,0.60629,0.60629,0.60629,0.60629,0.60629,0.60629,0.60629,0.60629,0.60629,0.60629,0.60629,0.60629,0.60629,0.60629,0.60629,0.60629,0.60629,0.60629,0.60629,0.60629,0.60629,0.60629,0.60629,0.60629,0.60629,0.60629,0.60629,0.60629
2422,0.60326,0.60326,0.60326,0.60326,0.60326,0.60326,0.60326,0.60326,0.60326,0.60326,0.60326,0.60326,0.60326,0.60326,0.60326,0.60326,0.60326,0.60326,0.60326,0.60326,0.60326,0.60326,0.60326,0.60326,0.60326,0.60326,0.60326,0.60326,0.60326
2423,0.60021,0.60021,0.60021,0.60021,0.60021,0.60021,0.60021,0.60021,0.60021,0.60021,0.60021,0.60021,0.60021,0.60021,0.60021,0.60021,0.60021,0.60021,0.60021,0.60021,0.60021,0.60021,0.60021,0.60021,0.60021,0.60021,0.60021,0.60021,0.60021
2424,0.59715,0.59715,0.59715,0.59715,0.59715,0.59715,0.59715,0.59715,0.59715,0.59715,0.59715,0.59715,0.59715,0.59715,0.59715,0.59715,0.59715,0.59715,0.59715,0.59715,0.59715,0.59715,0.59715,0.59715,0.59715,0.59715,0.59715,0.59715,0.59715
2425,0.59408,0.59408,0.59408,0.59408,0.59408,0.59408,0.59408,0.59408,0.59408,0.59408,0.59408,0.59408,0.59408,0.59408,0.59408,0.59408,0.59408,0.59408,0.59408,0.59408,0.59408,0.59408,0.59408,0.59408,0.59408,0.59408,0.59408,0.59408,0.59408
2426,0.59100,0.59100,0.59100,0.59100,0.59100,0.59100,0.59100,0.59100,0.59100,0.59100,0.59100,0.59100,0.59100,0.59100,0.59100,0.59100,0.59100,0.59100,0.59100,0.59100,0.59100,0.59100,0.59100,0.59100,0.59100,0.59100,0.59100,0.59100,0.59100
2427,0.58790,0.58790,0.58790,0.58790,0.58790,0.58790,0.58790,0.58790,0.58790,0.58790,0.58790,0.58790,0.58790,0.58790,0.58790,0.58790,0.58790,0.58790,0.58790,0.58790,0.58790,0.58790,0.58790,0.58790,0.58790,0.58790,0.58790,0.58790,0.58790
2428,0.58479,0.58479,0.58479,0.58479,0.58479,0.58479,0.58479,0.58479,0.58479,0.58479,0.58479,0.58479,0.58479,0.58479,0.58479,0.58479,0.58479,0.58479,0.58479,0.58479,0.58479,0.58479,0.58479,0.58479,0.58479,0.58479,0.58479,0.58479,0.58479
2429,0.58167,0.58167,0.58167,0.58167,0.58167,0.58167,0.58167,0.58167,0.58167,0.58167,0.58167,0.58167,0.58167,0.58167,0.58167,0.58167,0.58167,0.58167,0.58167,0.58167,0.58167,0.58167,0.58167,0.58167,0.58167,0.58167,0.58167,0.58167,0.58167
2430,0.57854,0.57854,0.57854,0.57854,0.57854,0.57854,0.57854,0.57854,0.57854,0.57854,0.57854,0.57854,0.57854,0.57854,0.57854,0.57854,0.57854,0.57854,0.57854,0.57854,0.57854,0.57854,0.57854,0.57854,0.57854,0.57854,0.57854,0.57854,0.57854
2431,0.57540,0.57540,0.57540,0.57540,0.57540,0.57540,0.57540,0.57540,0.57540,0.57540,0.57540,0.57540,0.57540,0.57540,0.57540,0.57540,0.57540,0.57540,0.57540,0.57540,0.57540,0.57540,0.57540,0.57540,0.57540,0.57540,0.57540,0.57540,0.57540
2432,0.57225,0.57225,0.57225,0.57225,0.57225,0.57225,0.57225,0.57225,0.57225,0.57225,0.57225,0.57225,0.57225,0.57225,0.57225,0.57225,0.57225,0.57225,0.57225,0.57225,0.57225,0.57225,0.57225,0.57225,0.57225,0.57225,0.57225,0.57225,0.57225
2433,0.56910,0.56910,0.56910,0.56910,0.56910,0.56910,0.56910,0.56910,0.56910,0.56910,0.56910,0.56910,0.56910,0.56910,0.56910,0.56910,0.56910,0.56910,0.56910,0.56910,0.56910,0.56910,0.56910,0.56910,0.56910,0.56910,0.56910,0.56910,0.56910
2434,0.56593,0.56593,0.56593,0.56593,0.56593,0.56593,0.56593,0.56593,0.56593,0.56593,0.56593,0.56593,0.56593,0.56593,0.56593,0.56593,0.56593,0.56593,0.56593,0.56593,0.56593,0.56593,0.56593,0.56593,0.56593,0.56593,0.56593,0.56593,0.56593
2435,0.56276,0.56276,0.56276,0.56276,0.56276,0.56276,0.56276,0.56276,0.56276,0.56276,0.56276,0.56276,0.56276,0.56276,0.56276,0.56276,0.56276,0.56276,0.56276,0.56276,0.56276,0.56276,0.56276,0.56276,0.56276,0.56276,0.56276,0.56276,0.56276
2436,0.55958,0.55958,0.55958,0.55958,0.55958,0.55958,0.55958,0.55958,0.55958,0.55958,0.55958,0.55958,0.55958,0.55958,0.55958,0.55958,0.55958,0.55958,0.55958,0.55958,0.55958,0.55958,0.55958,0.55958,0.55958,0.55958,0.55958,0.55958,0.55958
2437,0.55640,0.55640,0.55640,0.55640,0.55640,0.55640,0.55640,0.55640,0.55640,0.55640,0.55640,0.55640,0.55640,0.55640,0.55640,0.55640,0.55640,0.55640,0.55640,0.55640,0.55640,0.55640,0.55640,0.55640,0.55640,0.55640,0.55640,0.55640,0.55640
2438,0.55320,0.55320,0.55320,0.55320,0.55320,0.55320,0.55320,0.55320,0.55320,0.55320,0.55320,0.55320,0.55320,0.55320,0.55320,0.55320,0.55320,0.55320,0.55320,0.55320,0.55320,0.55320,0.55320,0.55320,0.55320,0.55320,0.55320,0.55320,0.55320
2439,0.55001,0.55001,0.55001,0.55001,0.55001,0.55001,0.55001,0.55001,0.55001,0.55001,0.55001,0.55001,0.55001,0.55001,0.55001,0.55001,0.55001,0.55001,0.55001,0.55001,0.55001,0.55001,0.55001,0.55001,0.55001,0.55001,0.55001,0.55001,0.55001
2440,0.54680,0.54680,0.54680,0.54680,0.54680,0.54680,0.54680,0.54680,0.54680,0.54680,0.54680,0.54680,0.54680,0.54680,0.54680,0.54680,0.54680,0.54680,0.54680,0.54680,0.54680,0.54680,0.54680,0.54680,0.54680,0.54680,0.54680,0.54680,0.54680
2441,0.54360,0.54360,0.54360,0.54360,0.54360,0.54360,0.54360,0.54360,0.54360,0.54360,0.54360,0.54360,0.54360,0.54360,0.54360,0.54360,0.54360,0.54360,0.54360,0.54360,0.54360,0.54360,0.54360,0.54360,0.54360,0.54360,0.54360,0.54360,0.54360
2442,0.54038,0.54038,0.54038,0.54038,0.54038,0.54038,0.54038,0.54038,0.54038,0.54038,0.54038,0.54038,0.54038,0.54038,0.54038,0.54038,0.54038,0.54038,0.54038,0.54038,0.54038,0.54038,0.54038,0.54038,0.54038,0.54038,0.54038,0.54038,0.54038
2443,0.53717,0.53717,0.53717,0.53717,0.53717,0.53717,0.53717,0.53717,0.53717,0.53717,0.53717,0.53717,0.53717,0.53717,0.53717,0.53717,0.53717,0.53717,0.53717,0.53717,0.53717,0.53717,0.53717,0.53717,0.53717,0.53717,0.53717,0.53717,0.53717
2444,0.53395,0.53395,0.53395,0.53395,0.53395,0.53395,0.53395,0.53395,0.53395,0.53395,0.53395,0.53395,0.53395,0.53395,0.53395,0.53395,0.53395,0.53395,0.53395,0.53395,0.53395,0.53395,0.53395,0.53395,0.53395,0.53395,0.53395,0.53395,0.53395
2445,0.53072,0.53072,0.53072,0.53072,0.53072,0.53072,0.53072,0.53072,0.53072,0.53072,0.53072,0.53072,0.53072,0.53072,0.53072,0.53072,0.53072,0.53072,0.53072,0.53072,0.53072,0.53072,0.53072,0.53072,0.53072,0.53072,0.53072,0.53072,0.53072
2446,0.52750,0.52750,0.52750,0.52750,0.52750,0.52750,0.52750,0.52750,0.52750,0.52750,0.52750,0.52750,0.52750,0.52750,0.52750,0.52750,0.52750,0.52750,0.52750,0.52750,0.52750,0.52750,0.52750,0.52750,0.52750,0.52750,0.52750,0.52750,0.52750
2447,0.52427,0.52427,0.52427,0.52427,0.52427,0.52427,0.52427,0.52427,0.52427,0.52427,0.52427,0.52427,0.52427,0.52427,0.52427,0.52427,0.52427,0.52427,0.52427,0.52427,0.52427,0.52427,0.52427,0.52427,0.52427,0.52427,0.52427,0.52427,0.52427
2448,0.52104,0.52104,0.52104,0.52104,0.52104,0.52104,0.52104,0.52104,0.52104,0.52104,0.52104,0.52104,0.52104,0.52104,0.52104,0.52104,0.52104,0.52104,0.52104,0.52104,0.52104,0.52104,0.52104,0.52104,0.52104,0.52104,0.52104,0.52104,0.52104
2449,0.51780,0.51780,0.51780,0.51780,0.51780,0.51780,0.51780,0.51780,0.51780,0.51780,0.51780,0.51780,0.51780,0.51780,0.51780,0.51780,0.51780,0.51780,0.51780,0.51780,0.51780,0.51780,0.51780,0.51780,0.51780,0.51780,0.51780,0.51780,0.51780
2450,0.51457,0.51457,0.51457,0.51457,0.51457,0.51457,0.51457,0.51457,0.51457,0.51457,0.51457,0.51457,0.51457,0.51457,0.51457,0.51457,0.51457,0.51457,0.51457,0.51457,0.51457,0.51457,0.51457,0.51457,0.51457,0.51457,0.51457,0.51457,0.51457
2451,0.51133,0.51133,0.51133,0.51133,0.51133,0.51133,0.51133,0.51133,0.51133,0.51133,0.51133,0.51133,0.51133,0.51133,0.51133,0.51133,0.51133,0.51133,0.51133,0.51133,0.51133,0.51133,0.51133,0.51133,0.51133,0.51133,0.51133,0.51133,0.51133
2452,0.50810,0.50810,0.50810,0.50810,0.50810,0.50810,0.50810,0.50810,0.50810,0.50810,0.50810,0.50810,0.50810,0.50810,0.50810,0.50810,0.50810,0.50810,0.50810,0.50810,0.50810,0.50810,0.50810,0.50810,0.50810,0.50810,0.50810,0.50810,0.50810
2453,0.50486,0.50486,0.50486,0.50486,0.50486,0.50486,0.50486,0.50486,0.50486,0.50486,0.50486,0.50486,0.50486,0.50486,0.50486,0.50486,0.50486,0.50486,0.50486,0.50486,0.50486,0.50486,0.50486,0.50486,0.50486,0.50486,0.50486,0.50486,0.50486
2454,0.50162,0.50162,0.50162,0.50162,0.50162,0.50162,0.50162,0.50162,0.50162,0.50162,0.50162,0.50162,0.50162,0.50162,0.50162,0.50162,0.50162,0.50162,0.50162,0.50162,0.50162,0.50162,0.50162,0.50162,0.50162,0.50162,0.50162,0.50162,0.50162
2455,0.49838,0.49838,0.49838,0.49838,0.49838,0.49838,0.49838,0.49838,0.49838,0.49838,0.49838,0.49838,0.49838,0.49838,0.49838,0.49838,0.49838,0.49838,0.49838,0.49838,0.49838,0.49838,0.49838,0.49838,0.49838,0.49838,0.49838,0.49838,0.49838
2456,0.49514,0.49514,0.49514,0.49514,0.49514,0.49514,0.49514,0.49514,0.49514,0.49514,0.49514,0.49514,0.49514,0.49514,0.49514,0.49514,0.49514,0.49514,0.49514,0.49514,0.49514,0.49514,0.49514,0.49514,0.49514,0.49514,0.49514,0.49514,0.49514
2457,0.49190,0.49190,0.49190,0.49190,0.49190,0.49190,0.49190,0.49190,0.49190,0.49190,0.49190,0.49190,0.49190,0.49190,0.49190,0.49190,0.49190,0.49190,0.49190,0.49190,0.49190,0.49190,0.49190,0.49190,0.49190,0.49190,0.49190,0.49190,0.49190
2458,0.48867,0.48867,0.48867,0.48867,0.48867,0.48867,0.48867,0.48867,0.48867,0.48867,0.48867,0.48867,0.48867,0.48867,0.48867,0.48867,0.48867,0.48867,0.48867,0.48867,0.48867,0.48867,0.48867,0.48867,0.48867,0.48867,0.48867,0.48867,0.48867
2459,0.48543,0.48543,0.48543,0.48543,0.48543,0.48543,0.48543,0.48543,0.48543,0.48543,0.48543,0.48543,0.48543,0.48543,0.48543,0.48543,0.48543,0.48543,0.48543,0.48543,0.48543,0.48543,0.48543,0.48543,0.48543,0.48543,0.48543,0.48543,0.48543
2460,0.48220,0.48220,0.48220,0.48220,0.48220,0.48220,0.48220,0.48220,0.48220,0.48220,0.48220,0.48220,0.48220,0.48220,0.48220,0.48220,0.48220,0.48220,0.48220,0.48220,0.48220,0.48220,0.48220,0.48220,0.48220,0.48220,0.48220,0.48220,0.48220
2461,0.47896,0.47896,0.47896,0.47896,0.47896,0.47896,0.47896,0.47896,0.47896,0.47896,0.47896,0.47896,0.47896,0.47896,0.47896,0.47896,0.47896,0.47896,0.47896,0.47896,0.47896,0.47896,0.47896,0.47896,0.47896,0.47896,0.47896,0.47896,0.47896
2462,0.47573,0.47573,0.47573,0.47573,0.47573,0.47573,0.47573,0.47573,0.47573,0.47573,0.47573,0.47573,0.47573,0.47573,0.47573,0.47573,0.47573,0.47573,0.47573,0.47573,0.47573,0.47573,0.47573,0.47573,0.47573,0.47573,0.47573,0.47573,0.47573
2463,0.47250,0.47250,0.47250,0.47250,0.47250,0.47250,0.47250,0.47250,0.47250,0.47250,0.47250,0.47250,0.47250,0.47250,0.47250,0.47250,0.47250,0.47250,0.47250,0.47250,0.47250,0.47250,0.47250,0.47250,0.47250,0.47250,0.47250,0.47250,0.47250
2464,0.46928,0.46928,0.46928,0.46928,0.46928,0.46928,0.46928,0.46928,0.46928,0.46928,0.46928,0.46928,0.46928,0.46928,0.46928,0.46928,0.46928,0.46928,0.46928,0.46928,0.46928,0.46928,0.46928,0.46928,0.46928,0.46928,0.46928,0.46928,0.46928
2465,0.46605,0.46605,0.46605,0.46605,0.46605,0.46605,0.46605,0.46605,0.46605,0.46605,0.46605,0.46605,0.46605,0.46605,0.46605,0.46605,0.46605,0.46605,0.46605,0.46605,0.46605,0.46605,0.46605,0.46605,0.46605,0.46605,0.46605,0.46605,0.46605
2466,0.46283,0.46283,0.46283,0.46283,0.46283,0.46283,0.46283,0.46283,0.46283,0.46283,0.46283,0.46283,0.46283,0.46283,0.46283,0.46283,0.46283,0.46283,0.46283,0.46283,0.46283,0.46283,0.46283,0.46283,0.46283,0.46283,0.46283,0.46283,0.46283
2467,0.45962,0.45962,0.45962,0.45962,0.45962,0.45962,0.45962,0.45962,0.45962,0.45962,0.45962,0.45962,0.45962,0.45962,0.45962,0.45962,0.45962,0.45962,0.45962,0.45962,0.45962,0.45962,0.45962,0.45962,0.45962,0.45962,0.45962,0.45962,0.45962
2468,0.45640,0.45640,0.45640,0.45640,0.45640,0.45640,0.45640,0.45640,0.45640,0.45640,0.45640,0.45640,0.45640,0.45640,0.45640,0.45640,0.45640,0.45640,0.45640,0.45640,0.45640,0.45640,0.45640,0.45640,0.45640,0.45640,0.45640,0.45640,0.45640
2469,0.45320,0.45320,0.45320,0.45320,0.45320,0.45320,0.45320,0.45320,0.45320,0.45320,0.45320,0.45320,0.45320,0.45320,0.45320,0.45320,0.45320,0.45320,0.45320,0.45320,0.45320,0.45320,0.45320,0.45320,0.45320,0.45320,0.45320,0.45320,0.45320
2470,0.44999,0.44999,0.44999,0.44999,0.44999,0.44999,0.44999,0.44999,0.44999,0.44999,0.44999,0.44999,0.44999,0.44999,0.44999,0.44999,0.44999,0.44999,0.44999,0.44999,0.44999,0.44999,0.44999,0.44999,0.44999,0.44999,0.44999,0.44999,0.44999
2471,0.44680,0.44680,0.44680,0.44680,0.44680,0.44680,0.44680,0.44680,0.44680,0.44680,0.44680,0.44680,0.44680,0.44680,0.44680,0.44680,0.44680,0.44680,0.44680,0.44680,0.44680,0.44680,0.44680,0.44680,0.44680,0.44680,0.44680,0.44680,0.44680
2472,0.44360,0.44360,0.44360,0.44360,0.44360,0.44360,0.44360,0.44360,0.44360,0.44360,0.44360,0.44360,0.44360,0.44360,0.44360,0.44360,0.44360,0.44360,0.44360,0.44360,0.44360,0.44360,0.44360,0.44360,0.44360,0.44360,0.44360,0.44360,0.44360
2473,0.44042,0.44042,0.44042,0.44042,0.44042,0.44042,0.44042,0.44042,0.44042,0.44042,0.44042,0.44042,0.44042,0.44042,0.44042,0.44042,0.44042,0.44042,0.44042,0.44042,0.44042,0.44042,0.44042,0.44042,0.44042,0.44042,0.44042,0.44042,0.44042
2474,0.43724,0.43724,0.43724,0.43724,0.43724,0.43724,0.43724,0.43724,0.43724,0.43724,0.43724,0.43724,0.43724,0.43724,0.43724,0.43724,0.43724,0.43724,0.43724,0.43724,0.43724,0.43724,0.43724,0.43724,0.43724,0.43724,0.43724,0.43724,0.43724
2475,0.43407,0.43407,0.43407,0.43407,0.43407,0.43407,0.43407,0.43407,0.43407,0.43407,0.43407,0.43407,0.43407,0.43407,0.43407,0.43407,0.43407,0.43407,0.43407,0.43407,0.43407,0.43407,0.43407,0.43407,0.43407,0.43407,0.43407,0.43407,0.43407
2476,0.43090,0.43090,0.43090,0.43090,0.43090,0.43090,0.43090,0.43090,0.43090,0.43090,0.43090,0.43090,0.43090,0.43090,0.43090,0.43090,0.43090,0.43090,0.43090,0.43090,0.43090,0.43090,0.43090,0.43090,0.43090,0.43090,0.43090,0.43090,0.43090
2477,0.42775,0.42775,0.42775,0.42775,0.42775,0.42775,0.42775,0.42775,0.42775,0.42775,0.42775,0.42775,0.42775,0.42775,0.42775,0.42775,0.42775,0.42775,0.42775,0.42775,0.42775,0.42775,0.42775,0.42775,0.42775,0.42775,0.42775,0.42775,0.42775
2478,0.42460,0.42460,0.42460,0.42460,0.42460,0.42460,0.42460,0.42460,0.42460,0.42460,0.42460,0.42460,0.42460,0.42460,0.42460,0.42460,0.42460,0.42460,0.42460,0.42460,0.42460,0.42460,0.42460,0.42460,0.42460,0.42460,0.42460,0.42460,0.42460
2479,0.42146,0.42146,0.42146,0.42146,0.42146,0.42146,0.42146,0.42146,0.42146,0.42146,0.42146,0.42146,0.42146,0.42146,0.42146,0.42146,0.42146,0.42146,0.42146,0.42146,0.42146,0.42146,0.42146,0.42146,0.42146,0.42146,0.42146,0.42146,0.42146
2480,0.41833,0.41833,0.41833,0.41833,0.41833,0.41833,0.41833,0.41833,0.41833,0.41833,0.41833,0.41833,0.41833,0.41833,0.41833,0.41833,0.41833,0.41833,0.41833,0.41833,0.41833,0.41833,0.41833,0.41833,0.41833,0.41833,0.41833,0.41833,0.41833
2481,0.41521,0.41521,0.41521,0.41521,0.41521,0.41521,0.41521,0.41521,0.41521,0.41521,0.41521,0.41521,0.41521,0.41521,0.41521,0.41521,0.41521,0.41521,0.41521,0.41521,0.41521,0.41521,0.41521,0.41521,0.41521,0.41521,0.41521,0.41521,0.41521
2482,0.41210,0.41210,0.41210,0.41210,0.41210,0.41210,0.41210,0.41210,0.41210,0.41210,0.41210,0.41210,0.41210,0.41210,0.41210,0.41210,0.41210,0.41210,0.41210,0.41210,0.41210,0.41210,0.41210,0.41210,0.41210,0.41210,0.41210,0.41210,0.41210
2483,0.40900,0.40900,0.40900,0.40900,0.40900,0.40900,0.40900,0.40900,0.40900,0.40900,0.40900,0.40900,0.40900,0.40900,0.40900,0.40900,0.40900,0.40900,0.40900,0.40900,0.40900,0.40900,0.40900,0.40900,0.40900,0.40900,0.40900,0.40900,0.40900
2484,0.40592,0.40592,0.40592,0.40592,0.40592,0.40592,0.40592,0.40592,0.40592,0.40592,0.40592,0.40592,0.40592,0.40592,0.40592,0.40592,0.40592,0.40592,0.40592,0.40592,0.40592,0.40592,0.40592,0.40592,0.40592,0.40592,0.40592,0.40592,0.40592
2485,0.40285,0.40285,0.40285,0.40285,0.40285,0.40285,0.40285,0.40285,0.40285,0.40285,0.40285,0.40285,0.40285,0.40285,0.40285,0.40285,0.40285,0.40285,0.40285,0.40285,0.40285,0.40285,0.40285,0.40285,0.40285,0.40285,0.40285,0.40285,0.40285
2486,0.39979,0.39979,0.39979,0.39979,0.39979,0.39979,0.39979,0.39979,0.39979,0.39979,0.39979,0.39979,0.39979,0.39979,0.39979,0.39979,0.39979,0.39979,0.39979,0.39979,0.39979,0.39979,0.39979,0.39979,0.39979,0.39979,0.39979,0.39979,0.39979
2487,0.39674,0.39674,0.39674,0.39674,0.39674,0.39674,0.39674,0.39674,0.39674,0.39674,0.39674,0.39674,0.39674,0.39674,0.39674,0.39674,0.39674,0.39674,0.39674,0.39674,0.39674,0.39674,0.39674,0.39674,0.39674,0.39674,0.39674,0.39674,0.39674
2488,0.39371,0.39371,0.39371,0.39371,0.39371,0.39371,0.39371,0.39371,0.39371,0.39371,0.39371,0.39371,0.39371,0.39371,0.39371,0.39371,0.39371,0.39371,0.39371,0.39371,0.39371,0.39371,0.39371,0.39371,0.39371,0.39371,0.39371,0.39371,0.39371
2489,0.39070,0.39070,0.39070,0.39070,0.39070,0.39070,0.39070,0.39070,0.39070,0.39070,0.39070,0.39070,0.39070,0.39070,0.39070,0.39070,0.39070,0.39070,0.39070,0.39070,0.39070,0.39070,0.39070,0.39070,0.39070,0.39070,0.39070,0.39070,0.39070
2490,0.38770,0.38770,0.38770,0.38770,0.38770,0.38770,0.38770,0.38770,0.38770,0.38770,0.38770,0.38770,0.38770,0.38770,0.38770,0.38770,0.38770,0.38770,0.38770,0.38770,0.38770,0.38770,0.38770,0.38770,0.38770,0.38770,0.38770,0.38770,0.38770
2491,0.38472,0.38472,0.38472,0.38472,0.38472,0.38472,0.38472,0.38472,0.38472,0.38472,0.38472,0.38472,0.38472,0.38472,0.38472,0.38472,0.38472,0.38472,0.38472,0.38472,0.38472,0.38472,0.38472,0.38472,0.38472,0.38472,0.38472,0.38472,0.38472
2492,0.38176,0.38176,0.38176,0.38176,0.38176,0.38176,0.38176,0.38176,0.38176,0.38176,0.38176,0.38176,0.38176,0.38176,0.38176,0.38176,0.38176,0.38176,0.38176,0.38176,0.38176,0.38176,0.38176,0.38176,0.38176,0.38176,0.38176,0.38176,0.38176
2493,0.37882,0.37882,0.37882,0.37882,0.37882,0.37882,0.37882,0.37882,0.37882,0.37882,0.37882,0.37882,0.37882,0.37882,0.37882,0.37882,0.37882,0.37882,0.37882,0.37882,0.37882,0.37882,0.37882,0.37882,0.37882,0.37882,0.37882,0.37882,0.37882
2494,0.37590,0.37590,0.37590,0.37590,0.37590,0.37590,0.37590,0.37590,0.37590,0.37590,0.37590,0.37590,0.37590,0.37590,0.37590,0.37590,0.37590,0.37590,0.37590,0.37590,0.37590,0.37590,0.37590,0.37590,0.37590,0.37590,0.37590,0.37590,0.37590
2495,0.37300,0.37300,0.37300,0.37300,0.37300,0.37300,0.37300,0.37300,0.37300,0.37300,0.37300,0.37300,0.37300,0.37300,0.37300,0.37300,0.37300,0.37300,0.37300,0.37300,0.37300,0.37300,0.37300,0.37300,0.37300,0.37300,0.37300,0.37300,0.37300
2496,0.37012,0.37012,0.37012,0.37012,0.37012,0.37012,0.37012,0.37012,0.37012,0.37012,0.37012,0.37012,0.37012,0.37012,0.37012,0.37012,0.37012,0.37012,0.37012,0.37012,0.37012,0.37012,0.37012,0.37012,0.37012,0.37012,0.37012,0.37012,0.37012
2497,0.36726,0.36726,0.36726,0.36726,0.36726,0.36726,0.36726,0.36726,0.36726,0.36726,0.36726,0.36726,0.36726,0.36726,0.36726,0.36726,0.36726,0.36726,0.36726,0.36726,0.36726,0.36726,0.36726,0.36726,0.36726,0.36726,0.36726,0.36726,0.36726
2498,0.36443,0.36443,0.36443,0.36443,0.36443,0.36443,0.36443,0.36443,0.36443,0.36443,0.36443,0.36443,0.36443,0.36443,0.36443,0.36443,0.36443,0.36443,0.36443,0.36443,0.36443,0.36443,0.36443,0.36443,0.36443,0.36443,0.36443,0.36443,0.36443
2499,0.36163,0.36163,0.36163,0.36163,0.36163,0.36163,0.36163,0.36163,0.36163,0.36163,0.36163,0.36163,0.36163,0.36163,0.36163,0.36163,0.36163,0.36163,0.36163,0.36163,0.36163,0.36163,0.36163,0.36163,0.36163,0.36163,0.36163,0.36163,0.36163
2500,0.35885,0.35885,0.35885,0.35885,0.35885,0.35885,0.35885,0.35885,0.35885,0.35885,0.35885,0.35885,0.35885,0.35885,0.35885,0.35885,0.35885,0.35885,0.35885,0.35885,0.35885,0.35885,0.35885,0.35885,0.35885,0.35885,0.35885,0.35885,0.35885
2501,0.35610,0.35610,0.35610,0.35610,0.35610,0.35610,0.35610,0.35610,0.35610,0.35610,0.35610,0.35610,0.35610,0.35610,0.35610,0.35610,0.35610,0.35610,0.35610,0.35610,0.35610,0.35610,0.35610,0.35610,0.35610,0.35610,0.35610,0.35610,0.35610
2502,0.35338,0.35338,0.35338,0.35338,0.35338,0.35338,0.35338,0.35338,0.35338,0.35338,0.35338,0.35338,0.35338,0.35338,0.35338,0.35338,0.35338,0.35338,0.35338,0.35338,0.35338,0.35338,0.35338,0.35338,0.35338,0.35338,0.35338,0.35338,0.35338
2503,0.35069,0.35069,0.35069,0.35069,0.35069,0.35069,0.35069,0.35069,0.35069,0.35069,0.35069,0.35069,0.35069,0.35069,0.35069,0.35069,0.35069,0.35069,0.35069,0.35069,0.35069,0.35069,0.35069,0.35069,0.35069,0.35069,0.35069,0.35069,0.35069
2504,0.34802,0.34802,0.34802,0.34802,0.34802,0.34802,0.34802,0.34802,0.34802,0.34802,0.34802,0.34802,0.34802,0.34802,0.34802,0.34802,0.34802,0.34802,0.34802,0.34802,0.34802,0.34802,0.34802,0.34802,0.34802,0.34802,0.34802,0.34802,0.34802
2505,0.34540,0.34540,0.34540,0.34540,0.34540,0.34540,0.34540,0.34540,0.34540,0.34540,0.34540,0.34540,0.34540,0.34540,0.34540,0.34540,0.34540,0.34540,0.34540,0.34540,0.34540,0.34540,0.34540,0.34540,0.34540,0.34540,0.34540,0.34540,0.34540
2506,0.34280,0.34280,0.34280,0.34280,0.34280,0.34280,0.34280,0.34280,0.34280,0.34280,0.34280,0.34280,0.34280,0.34280,0.34280,0.34280,0.34280,0.34280,0.34280,0.34280,0.34280,0.34280,0.34280,0.34280,0.34280,0.34280,0.34280,0.34280,0.34280
2507,0.34025,0.34025,0.34025,0.34025,0.34025,0.34025,0.34025,0.34025,0.34025,0.34025,0.34025,0.34025,0.34025,0.34025,0.34025,0.34025,0.34025,0.34025,0.34025,0.34025,0.34025,0.34025,0.34025,0.34025,0.34025,0.34025,0.34025,0.34025,0.34025
2508,0.33773,0.33773,0.33773,0.33773,0.33773,0.33773,0.33773,0.33773,0.33773,0.33773,0.33773,0.33773,0.33773,0.33773,0.33773,0.33773,0.33773,0.33773,0.33773,0.33773,0.33773,0.33773,0.33773,0.33773,0.33773,0.33773,0.33773,0.33773,0.33773
2509,0.33524,0.33524,0.33524,0.33524,0.33524,0.33524,0.33524,0.33524,0.33524,0.33524,0.33524,0.33524,0.33524,0.33524,0.33524,0.33524,0.33524,0.33524,0.33524,0.33524,0.33524,0.33524,0.33524,0.33524,0.33524,0.33524,0.33524,0.33524,0.33524
2510,0.33280,0.33280,0.33280,0.33280,0.33280,0.33280,0.33280,0.33280,0.33280,0.33280,0.33280,0.33280,0.33280,0.33280,0.33280,0.33280,0.33280,0.33280,0.33280,0.33280,0.33280,0.33280,0.33280,0.33280,0.33280,0.33280,0.33280,0.33280,0.33280
2511,0.33040,0.33040,0.33040,0.33040,0.33040,0.33040,0.33040,0.33040,0.33040,0.33040,0.33040,0.33040,0.33040,0.33040,0.33040,0.33040,0.33040,0.33040,0.33040,0.33040,0.33040,0.33040,0.33040,0.33040,0.33040,0.33040,0.33040,0.33040,0.33040
2512,0.32804,0.32804,0.32804,0.32804,0.32804,0.32804,0.32804,0.32804,0.32804,0.32804,0.32804,0.32804,0.32804,0.32804,0.32804,0.32804,0.32804,0.32804,0.32804,0.32804,0.32804,0.32804,0.32804,0.32804,0.32804,0.32804,0.32804,0.32804,0.32804
2513,0.32573,0.32573,0.32573,0.32573,0.32573,0.32573,0.32573,0.32573,0.32573,0.32573,0.32573,0.32573,0.32573,0.32573,0.32573,0.32573,0.32573,0.32573,0.32573,0.32573,0.32573,0.32573,0.32573,0.32573,0.32573,0.32573,0.32573,0.32573,0.32573
2514,0.32346,0.32346,0.32346,0.32346,0.32346,0.32346,0.32346,0.32346,0.32346,0.32346,0.32346,0.32346,0.32346,0.32346,0.32346,0.32346,0.32346,0.32346,0.32346,0.32346,0.32346,0.32346,0.32346,0.32346,0.32346,0.32346,0.32346,0.32346,0.32346
2515,0.32124,0.32124,0.32124,0.32124,0.32124,0.32124,0.32124,0.32124,0.32124,0.32124,0.32124,0.32124,0.32124,0.32124,0.32124,0.32124,0.32124,0.32124,0.32124,0.32124,0.32124,0.32124,0.32124,0.32124,0.32124,0.32124,0.32124,0.32124,0.32124
2516,0.31907,0.31907,0.31907,0.31907,0.31907,0.31907,0.31907,0.31907,0.31907,0.31907,0.31907,0.31907,0.31907,0.31907,0.31907,0.31907,0.31907,0.31907,0.31907,0.31907,0.31907,0.31907,0.31907,0.31907,0.31907,0.31907,0.31907,0.31907,0.31907
2517,0.31696,0.31696,0.31696,0.31696,0.31696,0.31696,0.31696,0.31696,0.31696,0.31696,0.31696,0.31696,0.31696,0.31696,0.31696,0.31696,0.31696,0.31696,0.31696,0.31696,0.31696,0.31696,0.31696,0.31696,0.31696,0.31696,0.31696,0.31696,0.31696
2518,0.31489,0.31489,0.31489,0.31489,0.31489,0.31489,0.31489,0.31489,0.31489,0.31489,0.31489,0.31489,0.31489,0.31489,0.31489,0.31489,0.31489,0.31489,0.31489,0.31489,0.31489,0.31489,0.31489,0.31489,0.31489,0.31489,0.31489,0.31489,0.31489
2519,0.31288,0.31288,0.31288,0.31288,0.31288,0.31288,0.31288,0.31288,0.31288,0.31288,0.31288,0.31288,0.31288,0.31288,0.31288,0.31288,0.31288,0.31288,0.31288,0.31288,0.31288,0.31288,0.31288,0.31288,0.31288,0.31288,0.31288,0.31288,0.31288
2520,0.31092,0.31092,0.31092,0.31092,0.31092,0.31092,0.31092,0.31092,0.31092,0.31092,0.31092,0.31092,0.31092,0.31092,0.31092,0.31092,0.31092,0.31092,0.31092,0.31092,0.31092,0.31092,0.31092,0.31092,0.31092,0.31092,0.31092,0.31092,0.31092
2521,0.30902,0.30902,0.30902,0.30902,0.30902,0.30902,0.30902,0.30902,0.30902,0.30902,0.30902,0.30902,0.30902,0.30902,0.30902,0.30902,0.30902,0.30902,0.30902,0.30902,0.30902,0.30902,0.30902,0.30902,0.30902,0.30902,0.30902,0.30902,0.30902
2522,0.30718,0.30718,0.30718,0.30718,0.30718,0.30718,0.30718,0.30718,0.30718,0.30718,0.30718,0.30718,0.30718,0.30718,0.30718,0.30718,0.30718,0.30718,0.30718,0.30718,0.30718,0.30718,0.30718,0.30718,0.30718,0.30718,0.30718,0.30718,0.30718
2523,0.30540,0.30540,0.30540,0.30540,0.30540,0.30540,0.30540,0.30540,0.30540,0.30540,0.30540,0.30540,0.30540,0.30540,0.30540,0.30540,0.30540,0.30540,0.30540,0.30540,0.30540,0.30540,0.30540,0.30540,0.30540,0.30540,0.30540,0.30540,0.30540
2524,0.30369,0.30369,0.30369,0.30369,0.30369,0.30369,0.30369,0.30369,0.30369,0.30369,0.30369,0.30369,0.30369,0.30369,0.30369,0.30369,0.30369,0.30369,0.30369,0.30369,0.30369,0.30369,0.30369,0.30369,0.30369,0.30369,0.30369,0.30369,0.30369
2525,0.30203,0.30203,0.30203,0.30203,0.30203,0.30203,0.30203,0.30203,0.30203,0.30203,0.30203,0.30203,0.30203,0.30203,0.30203,0.30203,0.30203,0.30203,0.30203,0.30203,0.30203,0.30203,0.30203,0.30203,0.30203,0.30203,0.30203,0.30203,0.30203
2526,0.30045,0.30045,0.30045,0.30045,0.30045,0.30045,0.30045,0.30045,0.30045,0.30045,0.30045,0.30045,0.30045,0.30045,0.30045,0.30045,0.30045,0.30045,0.30045,0.30045,0.30045,0.30045,0.30045,0.30045,0.30045,0.30045,0.30045,0.30045,0.30045
2527,0.29893,0.29893,0.29893,0.29893,0.29893,0.29893,0.29893,0.29893,0.29893,0.29893,0.29893,0.29893,0.29893,0.29893,0.29893,0.29893,0.29893,0.29893,0.29893,0.29893,0.29893,0.29893,0.29893,0.29893,0.29893,0.29893,0.29893,0.29893,0.29893
2528,0.29748,0.29748,0.29748,0.29748,0.29748,0.29748,0.29748,0.29748,0.29748,0.29748,0.29748,0.29748,0.29748,0.29748,0.29748,0.29748,0.29748,0.29748,0.29748,0.29748,0.29748,0.29748,0.29748,0.29748,0.29748,0.29748,0.29748,0.29748,0.29748
2529,0.29609,0.29609,0.29609,0.29609,0.29609,0.29609,0.29609,0.29609,0.29609,0.29609,0.29609,0.29609,0.29609,0.29609,0.29609,0.29609,0.29609,0.29609,0.29609,0.29609,0.29609,0.29609,0.29609,0.29609,0.29609,0.29609,0.29609,0.29609,0.29609
2530,0.29479,0.29479,0.29479,0.29479,0.29479,0.29479,0.29479,0.29479,0.29479,0.29479,0.29479,0.29479,0.29479,0.29479,0.29479,0.29479,0.29479,0.29479,0.29479,0.29479,0.29479,0.29479,0.29479,0.29479,0.29479,0.29479,0.29479,0.29479,0.29479
2531,0.29355,0.29355,0.29355,0.29355,0.29355,0.29355,0.29355,0.29355,0.29355,0.29355,0.29355,0.29355,0.29355,0.29355,0.29355,0.29355,0.29355,0.29355,0.29355,0.29355,0.29355,0.29355,0.29355,0.29355,0.29355,0.29355,0.29355,0.29355,0.29355
2532,0.29239,0.29239,0.29239,0.29239,0.29239,0.29239,0.29239,0.29239,0.29239,0.29239,0.29239,0.29239,0.29239,0.29239,0.29239,0.29239,0.29239,0.29239,0.29239,0.29239,0.29239,0.29239,0.29239,0.29239,0.29239,0.29239,0.29239,0.29239,0.29239
2533,0.29130,0.29130,0.29130,0.29130,0.29130,0.29130,0.29130,0.29130,0.29130,0.29130,0.29130,0.29130,0.29130,0.29130,0.29130,0.29130,0.29130,0.29130,0.29130,0.29130,0.29130,0.29130,0.29130,0.29130,0.29130,0.29130,0.29130,0.29130,0.29130
2534,0.29029,0.29029,0.29029,0.29029,0.29029,0.29029,0.29029,0.29029,0.29029,0.29029,0.29029,0.29029,0.29029,0.29029,0.29029,0.29029,0.29029,0.29029,0.29029,0.29029,0.29029,0.29029,0.29029,0.29029,0.29029,0.29029,0.29029,0.29029,0.29029
2535,0.28936,0.28936,0.28936,0.28936,0.28936,0.28936,0.28936,0.28936,0.28936,0.28936,0.28936,0.28936,0.28936,0.28936,0.28936,0.28936,0.28936,0.28936,0.28936,0.28936,0.28936,0.28936,0.28936,0.28936,0.28936,0.28936,0.28936,0.28936,0.28936
2536,0.28851,0.28851,0.28851,0.28851,0.28851,0.28851,0.28851,0.28851,0.28851,0.28851,0.28851,0.28851,0.28851,0.28851,0.28851,0.28851,0.28851,0.28851,0.28851,0.28851,0.28851,0.28851,0.28851,0.28851,0.28851,0.28851,0.28851,0.28851,0.28851
2537,0.28773,0.28773,0.28773,0.28773,0.28773,0.28773,0.28773,0.28773,0.28773,0.28773,0.28773,0.28773,0.28773,0.28773,0.28773,0.28773,0.28773,0.28773,0.28773,0.28773,0.28773,0.28773,0.28773,0.28773,0.28773,0.28773,0.28773,0.28773,0.28773
2538,0.28704,0.28704,0.28704,0.28704,0.28704,0.28704,0.28704,0.28704,0.28704,0.28704,0.28704,0.28704,0.28704,0.28704,0.28704,0.28704,0.28704,0.28704,0.28704,0.28704,0.28704,0.28704,0.28704,0.28704,0.28704,0.28704,0.28704,0.28704,0.28704
2539,0.28643,0.28643,0.28643,0.28643,0.28643,0.28643,0.28643,0.28643,0.28643,0.28643,0.28643,0.28643,0.28643,0.28643,0.28643,0.28643,0.28643,0.28643,0.28643,0.28643,0.28643,0.28643,0.28643,0.28643,0.28643,0.28643,0.28643,0.28643,0.28643
2540,0.28591,0.28591,0.28591,0.28591,0.28591,0.28591,0.28591,0.28591,0.28591,0.28591,0.28591,0.28591,0.28591,0.28591,0.28591,0.28591,0.28591,0.28591,0.28591,0.28591,0.28591,0.28591,0.28591,0.28591,0.28591,0.28591,0.28591,0.28591,0.28591
2541,0.28546,0.28546,0.28546,0.28546,0.28546,0.28546,0.28546,0.28546,0.28546,0.28546,0.28546,0.28546,0.28546,0.28546,0.28546,0.28546,0.28546,0.28546,0.28546,0.28546,0.28546,0.28546,0.28546,0.28546,0.28546,0.28546,0.28546,0.28546,0.28546
2542,0.28510,0.28510,0.28510,0.28510,0.28510,0.28510,0.28510,0.28510,0.28510,0.28510,0.28510,0.28510,0.28510,0.28510,0.28510,0.28510,0.28510,0.28510,0.28510,0.28510,0.28510,0.28510,0.28510,0.28510,0.28510,0.28510,0.28510,0.28510,0.28510
2543,0.28483,0.28483,0.28483,0.28483,0.28483,0.28483,0.28483,0.28483,0.28483,0.28483,0.28483,0.28483,0.28483,0.28483,0.28483,0.28483,0.28483,0.28483,0.28483,0.28483,0.28483,0.28483,0.28483,0.28483,0.28483,0.28483,0.28483,0.28483,0.28483
2544,0.28464,0.28464,0.28464,0.28464,0.28464,0.28464,0.28464,0.28464,0.28464,0.28464,0.28464,0.28464,0.28464,0.28464,0.28464,0.28464,0.28464,0.28464,0.28464,0.28464,0.28464,0.28464,0.28464,0.28464,0.28464,0.28464,0.28464,0.28464,0.28464
2545,0.28453,0.28453,0.28453,0.28453,0.28453,0.28453,0.28453,0.28453,0.28453,0.28453,0.28453,0.28453,0.28453,0.28453,0.28453,0.28453,0.28453,0.28453,0.28453,0.28453,0.28453,0.28453,0.28453,0.28453,0.28453,0.28453,0.28453,0.28453,0.28453
2546,0.28451,0.28451,0.28451,0.28451,0.28451,0.28451,0.28451,0.28451,0.28451,0.28451,0.28451,0.28451,0.28451,0.28451,0.28451,0.28451,0.28451,0.28451,0.28451,0.28451,0.28451,0.28451,0.28451,0.28451,0.28451,0.28451,0.28451,0.28451,0.28451
2547,0.28457,0.28457,0.28457,0.28457,0.28457,0.28457,0.28457,0.28457,0.28457,0.28457,0.28457,0.28457,0.28457,0.28457,0.28457,0.28457,0.28457,0.28457,0.28457,0.28457,0.28457,0.28457,0.28457,0.28457,0.28457,0.28457,0.28457,0.28457,0.28457
2548,0.28472,0.28472,0.28472,0.28472,0.28472,0.28472,0.28472,0.28472,0.28472,0.28472,0.28472,0.28472,0.28472,0.28472,0.28472,0.28472,0.28472,0.28472,0.28472,0.28472,0.28472,0.28472,0.28472,0.28472,0.28472,0.28472,0.28472,0.28472,0.28472
2549,0.28496,0.28496,0.28496,0.28496,0.28496,0.28496,0.28496,0.28496,0.28496,0.28496,0.28496,0.28496,0.28496,0.28496,0.28496,0.28496,0.28496,0.28496,0.28496,0.28496,0.28496,0.28496,0.28496,0.28496,0.28496,0.28496,0.28496,0.28496,0.28496
2550,0.28527,0.28527,0.28527,0.28527,0.28527,0.28527,0.28527,0.28527,0.28527,0.28527,0.28527,0.28527,0.28527,0.28527,0.28527,0.28527,0.28527,0.28527,0.28527,0.28527,0.28527,0.28527,0.28527,0.28527,0.28527,0.28527,0.28527,0.28527,0.28527
2551,0.28567,0.28567,0.28567,0.28567,0.28567,0.28567,0.28567,0.28567,0.28567,0.28567,0.28567,0.28567,0.28567,0.28567,0.28567,0.28567,0.28567,0.28567,0.28567,0.28567,0.28567,0.28567,0.28567,0.28567,0.28567,0.28567,0.28567,0.28567,0.28567
2552,0.28616,0.28616,0.28616,0.28616,0.28616,0.28616,0.28616,0.28616,0.28616,0.28616,0.28616,0.28616,0.28616,0.28616,0.28616,0.28616,0.28616,0.28616,0.28616,0.28616,0.28616,0.28616,0.28616,0.28616,0.28616,0.28616,0.28616,0.28616,0.28616
2553,0.28673,0.28673,0.28673,0.28673,0.28673,0.28673,0.28673,0.28673,0.28673,0.28673,0.28673,0.28673,0.28673,0.28673,0.28673,0.28673,0.28673,0.28673,0.28673,0.28673,0.28673,0.28673,0.28673,0.28673,0.28673,0.28673,0.28673,0.28673,0.28673
2554,0.28738,0.28738,0.28738,0.28738,0.28738,0.28738,0.28738,0.28738,0.28738,0.28738,0.28738,0.28738,0.28738,0.28738,0.28738,0.28738,0.28738,0.28738,0.28738,0.28738,0.28738,0.28738,0.28738,0.28738,0.28738,0.28738,0.28738,0.28738,0.28738
2555,0.28811,0.28811,0.28811,0.28811,0.28811,0.28811,0.28811,0.28811,0.28811,0.28811,0.28811,0.28811,0.28811,0.28811,0.28811,0.28811,0.28811,0.28811,0.28811,0.28811,0.28811,0.28811,0.28811,0.28811,0.28811,0.28811,0.28811,0.28811,0.28811
2556,0.28892,0.28892,0.28892,0.28892,0.28892,0.28892,0.28892,0.28892,0.28892,0.28892,0.28892,0.28892,0.28892,0.28892,0.28892,0.28892,0.28892,0.28892,0.28892,0.28892,0.28892,0.28892,0.28892,0.28892,0.28892,0.28892,0.28892,0.28892,0.28892
2557,0.28982,0.28982,0.28982,0.28982,0.28982,0.28982,0.28982,0.28982,0.28982,0.28982,0.28982,0.28982,0.28982,0.28982,0.28982,0.28982,0.28982,0.28982,0.28982,0.28982,0.28982,0.28982,0.28982,0.28982,0.28982,0.28982,0.28982,0.28982,0.28982
2558,0.29079,0.29079,0.29079,0.29079,0.29079,0.29079,0.29079,0.29079,0.29079,0.29079,0.29079,0.29079,0.29079,0.29079,0.29079,0.29079,0.29079,0.29079,0.29079,0.29079,0.29079,0.29079,0.29079,0.29079,0.29079,0.29079,0.29079,0.29079,0.29079
2559,0.29183,0.29183,0.29183,0.29183,0.29183,0.29183,0.29183,0.29183,0.29183,0.29183,0.29183,0.29183,0.29183,0.29183,0.29183,0.29183,0.29183,0.29183,0.29183,0.29183,0.29183,0.29183,0.29183,0.29183,0.29183,0.29183,0.29183,0.29183,0.29183
2560,0.29296,0.29296,0.29296,0.29296,0.29296,0.29296,0.29296,0.29296,0.29296,0.29296,0.29296,0.29296,0.29296,0.29296,0.29296,0.29296,0.29296,0.29296,0.29296,0.29296,0.29296,0.29296,0.29296,0.29296,0.29296,0.29296,0.29296,0.29296,0.29296
2561,0.29416,0.29416,0.29416,0.29416,0.29416,0.29416,0.29416,0.29416,0.29416,0.29416,0.29416,0.29416,0.29416,0.29416,0.29416,0.29416,0.29416,0.29416,0.29416,0.29416,0.29416,0.29416,0.29416,0.29416,0.29416,0.29416,0.29416,0.29416,0.29416
2562,0.29543,0.29543,0.29543,0.29543,0.29543,0.29543,0.29543,0.29543,0.29543,0.29543,0.29543,0.29543,0.29543,0.29543,0.29543,0.29543,0.29543,0.29543,0.29543,0.29543,0.29543,0.29543,0.29543,0.29543,0.29543,0.29543,0.29543,0.29543,0.29543
2563,0.29678,0.29678,0.29678,0.29678,0.29678,0.29678,0.29678,0.29678,0.29678,0.29678,0.29678,0.29678,0.29678,0.29678,0.29678,0.29678,0.29678,0.29678,0.29678,0.29678,0.29678,0.29678,0.29678,0.29678,0.29678,0.29678,0.29678,0.29678,0.29678
2564,0.29819,0.29819,0.29819,0.29819,0.29819,0.29819,0.29819,0.29819,0.29819,0.29819,0.29819,0.29819,0.29819,0.29819,0.29819,0.29819,0.29819,0.29819,0.29819,0.29819,0.29819,0.29819,0.29819,0.29819,0.29819,0.29819,0.29819,0.29819,0.29819
2565,0.29968,0.29968,0.29968,0.29968,0.29968,0.29968,0.29968,0.29968,0.29968,0.29968,0.29968,0.29968,0.29968,0.29968,0.29968,0.29968,0.29968,0.29968,0.29968,0.29968,0.29968,0.29968,0.29968,0.29968,0.29968,0.29968,0.29968,0.29968,0.29968
2566,0.30123,0.30123,0.30123,0.30123,0.30123,0.30123,0.30123,0.30123,0.30123,0.30123,0.30123,0.30123,0.30123,0.30123,0.30123,0.30123,0.30123,0.30123,0.30123,0.30123,0.30123,0.30123,0.30123,0.30123,0.30123,0.30123,0.30123,0.30123,0.30123
2567,0.30285,0.30285,0.30285,0.30285,0.30285,0.30285,0.30285,0.30285,0.30285,0.30285,0.30285,0.30285,0.30285,0.30285,0.30285,0.30285,0.30285,0.30285,0.30285,0.30285,0.30285,0.30285,0.30285,0.30285,0.30285,0.30285,0.30285,0.30285,0.30285
2568,0.30454,0.30454,0.30454,0.30454,0.30454,0.30454,0.30454,0.30454,0.30454,0.30454,0.30454,0.30454,0.30454,0.30454,0.30454,0.30454,0.30454,0.30454,0.30454,0.30454,0.30454,0.30454,0.30454,0.30454,0.30454,0.30454,0.30454,0.30454,0.30454
2569,0.30628,0.30628,0.30628,0.30628,0.30628,0.30628,0.30628,0.30628,0.30628,0.30628,0.30628,0.30628,0.30628,0.30628,0.30628,0.30628,0.30628,0.30628,0.30628,0.30628,0.30628,0.30628,0.30628,0.30628,0.30628,0.30628,0.30628,0.30628,0.30628
2570,0.30809,0.30809,0.30809,0.30809,0.30809,0.30809,0.30809,0.30809,0.30809,0.30809,0.30809,0.30809,0.30809,0.30809,0.30809,0.30809,0.30809,0.30809,0.30809,0.30809,0.30809,0.30809,0.30809,0.30809,0.30809,0.30809,0.30809,0.30809,0.30809
2571,0.30996,0.30996,0.30996,0.30996,0.30996,0.30996,0.30996,0.30996,0.30996,0.30996,0.30996,0.30996,0.30996,0.30996,0.30996,0.30996,0.30996,0.30996,0.30996,0.30996,0.30996,0.30996,0.30996,0.30996,0.30996,0.30996,0.30996,0.30996,0.30996
2572,0.31189,0.31189,0.31189,0.31189,0.31189,0.31189,0.31189,0.31189,0.31189,0.31189,0.31189,0.31189,0.31189,0.31189,0.31189,0.31189,0.31189,0.31189,0.31189,0.31189,0.31189,0.31189,0.31189,0.31189,0.31189,0.31189,0.31189,0.31189,0.31189
2573,0.31388,0.31388,0.31388,0.31388,0.31388,0.31388,0.31388,0.31388,0.31388,0.31388,0.31388,0.31388,0.31388,0.31388,0.31388,0.31388,0.31388,0.31388,0.31388,0.31388,0.31388,0.31388,0.31388,0.31388,0.31388,0.31388,0.31388,0.31388,0.31388
2574,0.31592,0.31592,0.31592,0.31592,0.31592,0.31592,0.31592,0.31592,0.31592,0.31592,0.31592,0.31592,0.31592,0.31592,0.31592,0.31592,0.31592,0.31592,0.31592,0.31592,0.31592,0.31592,0.31592,0.31592,0.31592,0.31592,0.31592,0.31592,0.31592
2575,0.31801,0.31801,0.31801,0.31801,0.31801,0.31801,0.31801,0.31801,0.31801,0.31801,0.31801,0.31801,0.31801,0.31801,0.31801,0.31801,0.31801,0.31801,0.31801,0.31801,0.31801,0.31801,0.31801,0.31801,0.31801,0.31801,0.31801,0.31801,0.31801
2576,0.32015,0.32015,0.32015,0.32015,0.32015,0.32015,0.32015,0.32015,0.32015,0.32015,0.32015,0.32015,0.32015,0.32015,0.32015,0.32015,0.32015,0.32015,0.32015,0.32015,0.32015,0.32015,0.32015,0.32015,0.32015,0.32015,0.32015,0.32015,0.32015
2577,0.32235,0.32235,0.32235,0.32235,0.32235,0.32235,0.32235,0.32235,0.32235,0.32235,0.32235,0.32235,0.32235,0.32235,0.32235,0.32235,0.32235,0.32235,0.32235,0.32235,0.32235,0.32235,0.32235,0.32235,0.32235,0.32235,0.32235,0.32235,0.32235
2578,0.32459,0.32459,0.32459,0.32459,0.32459,0.32459,0.32459,0.32459,0.32459,0.32459,0.32459,0.32459,0.32459,0.32459,0.32459,0.32459,0.32459,0.32459,0.32459,0.32459,0.32459,0.32459,0.32459,0.32459,0.32459,0.32459,0.32459,0.32459,0.32459
2579,0.32688,0.32688,0.32688,0.32688,0.32688,0.32688,0.32688,0.32688,0.32688,0.32688,0.32688,0.32688,0.32688,0.32688,0.32688,0.32688,0.32688,0.32688,0.32688,0.32688,0.32688,0.32688,0.32688,0.32688,0.32688,0.32688,0.32688,0.32688,0.32688
2580,0.32922,0.32922,0.32922,0.32922,0.32922,0.32922,0.32922,0.32922,0.32922,0.32922,0.32922,0.32922,0.32922,0.32922,0.32922,0.32922,0.32922,0.32922,0.32922,0.32922,0.32922,0.32922,0.32922,0.32922,0.32922,0.32922,0.32922,0.32922,0.32922
2581,0.33160,0.33160,0.33160,0.33160,0.33160,0.33160,0.33160,0.33160,0.33160,0.33160,0.33160,0.33160,0.33160,0.33160,0.33160,0.33160,0.33160,0.33160,0.33160,0.33160,0.33160,0.33160,0.33160,0.33160,0.33160,0.33160,0.33160,0.33160,0.33160
2582,0.33402,0.33402,0.33402,0.33402,0.33402,0.33402,0.33402,0.33402,0.33402,0.33402,0.33402,0.33402,0.33402,0.33402,0.33402,0.33402,0.33402,0.33402,0.33402,0.33402,0.33402,0.33402,0.33402,0.33402,0.33402,0.33402,0.33402,0.33402,0.33402
2583,0.33648,0.33648,0.33648,0.33648,0.33648,0.33648,0.33648,0.33648,0.33648,0.33648,0.33648,0.33648,0.33648,0.33648,0.33648,0.33648,0.33648,0.33648,0.33648,0.33648,0.33648,0.33648,0.33648,0.33648,0.33648,0.33648,0.33648,0.33648,0.33648
2584,0.33898,0.33898,0.33898,0.33898,0.33898,0.33898,0.33898,0.33898,0.33898,0.33898,0.33898,0.33898,0.33898,0.33898,0.33898,0.33898,0.33898,0.33898,0.33898,0.33898,0.33898,0.33898,0.33898,0.33898,0.33898,0.33898,0.33898,0.33898,0.33898
2585,0.34152,0.34152,0.34152,0.34152,0.34152,0.34152,0.34152,0.34152,0.34152,0.34152,0.34152,0.34152,0.34152,0.34152,0.34152,0.34152,0.34152,0.34152,0.34152,0.34152,0.34152,0.34152,0.34152,0.34152,0.34152,0.34152,0.34152,0.34152,0.34152
2586,0.34410,0.34410,0.34410,0.34410,0.34410,0.34410,0.34410,0.34410,0.34410,0.34410,0.34410,0.34410,0.34410,0.34410,0.34410,0.34410,0.34410,0.34410,0.34410,0.34410,0.34410,0.34410,0.34410,0.34410,0.34410,0.34410,0.34410,0.34410,0.34410
2587,0.34671,0.34671,0.34671,0.34671,0.34671,0.34671,0.34671,0.34671,0.34671,0.34671,0.34671,0.34671,0.34671,0.34671,0.34671,0.34671,0.34671,0.34671,0.34671,0.34671,0.34671,0.34671,0.34671,0.34671,0.34671,0.34671,0.34671,0.34671,0.34671
2588,0.34935,0.34935,0.34935,0.34935,0.34935,0.34935,0.34935,0.34935,0.34935,0.34935,0.34935,0.34935,0.34935,0.34935,0.34935,0.34935,0.34935,0.34935,0.34935,0.34935,0.34935,0.34935,0.34935,0.34935,0.34935,0.34935,0.34935,0.34935,0.34935
2589,0.35203,0.35203,0.35203,0.35203,0.35203,0.35203,0.35203,0.35203,0.35203,0.35203,0.35203,0.35203,0.35203,0.35203,0.35203,0.35203,0.35203,0.35203,0.35203,0.35203,0.35203,0.35203,0.35203,0.35203,0.35203,0.35203,0.35203,0.35203,0.35203
2590,0.35473,0.35473,0.35473,0.35473,0.35473,0.35473,0.35473,0.35473,0.35473,0.35473,0.35473,0.35473,0.35473,0.35473,0.35473,0.35473,0.35473,0.35473,0.35473,0.35473,0.35473,0.35473,0.35473,0.35473,0.35473,0.35473,0.35473,0.35473,0.35473
2591,0.35747,0.35747,0.35747,0.35747,0.35747,0.35747,0.35747,0.35747,0.35747,0.35747,0.35747,0.35747,0.35747,0.35747,0.35747,0.35747,0.35747,0.35747,0.35747,0.35747,0.35747,0.35747,0.35747,0.35747,0.35747,0.35747,0.35747,0.35747,0.35747
2592,0.36024,0.36024,0.36024,0.36024,0.36024,0.36024,0.36024,0.36024,0.36024,0.36024,0.36024,0.36024,0.36024,0.36024,0.36024,0.36024,0.36024,0.36024,0.36024,0.36024,0.36024,0.36024,0.36024,0.36024,0.36024,0.36024,0.36024,0.36024,0.36024
2593,0.36303,0.36303,0.36303,0.36303,0.36303,0.36303,0.36303,0.36303,0.36303,0.36303,0.36303,0.36303,0.36303,0.36303,0.36303,0.36303,0.36303,0.36303,0.36303,0.36303,0.36303,0.36303,0.36303,0.36303,0.36303,0.36303,0.36303,0.36303,0.36303
2594,0.36585,0.36585,0.36585,0.36585,0.36585,0.36585,0.36585,0.36585,0.36585,0.36585,0.36585,0.36585,0.36585,0.36585,0.36585,0.36585,0.36585,0.36585,0.36585,0.36585,0.36585,0.36585,0.36585,0.36585,0.36585,0.36585,0.36585,0.36585,0.36585
2595,0.36869,0.36869,0.36869,0.36869,0.36869,0.36869,0.36869,0.36869,0.36869,0.36869,0.36869,0.36869,0.36869,0.36869,0.36869,0.36869,0.36869,0.36869,0.36869,0.36869,0.36869,0.36869,0.36869,0.36869,0.36869,0.36869,0.36869,0.36869,0.36869
2596,0.37156,0.37156,0.37156,0.37156,0.37156,0.37156,0.37156,0.37156,0.37156,0.37156,0.37156,0.37156,0.37156,0.37156,0.37156,0.37156,0.37156,0.37156,0.37156,0.37156,0.37156,0.37156,0.37156,0.37156,0.37156,0.37156,0.37156,0.37156,0.37156
2597,0.37445,0.37445,0.37445,0.37445,0.37445,0.37445,0.37445,0.37445,0.37445,0.37445,0.37445,0.37445,0.37445,0.37445,0.37445,0.37445,0.37445,0.37445,0.37445,0.37445,0.37445,0.37445,0.37445,0.37445,0.37445,0.37445,0.37445,0.37445,0.37445
2598,0.37736,0.37736,0.37736,0.37736,0.37736,0.37736,0.37736,0.37736,0.37736,0.37736,0.37736,0.37736,0.37736,0.37736,0.37736,0.37736,0.37736,0.37736,0.37736,0.37736,0.37736,0.37736,0.37736,0.37736,0.37736,0.37736,0.37736,0.37736,0.37736
2599,0.38029,0.38029,0.38029,0.38029,0.38029,0.38029,0.38029,0.38029,0.38029,0.38029,0.38029,0.38029,0.38029,0.38029,0.38029,0.38029,0.38029,0.38029,0.38029,0.38029,0.38029,0.38029,0.38029,0.38029,0.38029,0.38029,0.38029,0.38029,0.38029
2600,0.38324,0.38324,0.38324,0.38324,0.38324,0.38324,0.38324,0.38324,0.38324,0.38324,0.38324,0.38324,0.38324,0.38324,0.38324,0.38324,0.38324,0.38324,0.38324,0.38324,0.38324,0.38324,0.38324,0.38324,0.38324,0.38324,0.38324,0.38324,0.38324
2601,0.38621,0.38621,0.38621,0.38621,0.38621,0.38621,0.38621,0.38621,0.38621,0.38621,0.38621,0.38621,0.38621,0.38621,0.38621,0.38621,0.38621,0.38621,0.38621,0.38621,0.38621,0.38621,0.38621,0.38621,0.38621,0.38621,0.38621,0.38621,0.38621
2602,0.38920,0.38920,0.38920,0.38920,0.38920,0.38920,0.38920,0.38920,0.38920,0.38920,0.38920,0.38920,0.38920,0.38920,0.38920,0.38920,0.38920,0.38920,0.38920,0.38920,0.38920,0.38920,0.38920,0.38920,0.38920,0.38920,0.38920,0.38920,0.38920
2603,0.39221,0.39221,0.39221,0.39221,0.39221,0.39221,0.39221,0.39221,0.39221,0.39221,0.39221,0.39221,0.39221,0.39221,0.39221,0.39221,0.39221,0.39221,0.39221,0.39221,0.39221,0.39221,0.39221,0.39221,0.39221,0.39221,0.39221,0.39221,0.39221
2604,0.39523,0.39523,0.39523,0.39523,0.39523,0.39523,0.39523,0.39523,0.39523,0.39523,0.39523,0.39523,0.39523,0.39523,0.39523,0.39523,0.39523,0.39523,0.39523,0.39523,0.39523,0.39523,0.39523,0.39523,0.39523,0.39523,0.39523,0.39523,0.39523
2605,0.39826,0.39826,0.39826,0.39826,0.39826,0.39826,0.39826,0.39826,0.39826,0.39826,0.39826,0.39826,0.39826,0.39826,0.39826,0.39826,0.39826,0.39826,0.39826,0.39826,0.39826,0.39826,0.39826,0.39826,0.39826,0.39826,0.39826,0.39826,0.39826
2606,0.40132,0.40132,0.40132,0.40132,0.40132,0.40132,0.40132,0.40132,0.40132,0.40132,0.40132,0.40132,0.40132,0.40132,0.40132,0.40132,0.40132,0.40132,0.40132,0.40132,0.40132,0.40132,0.40132,0.40132,0.40132,0.40132,0.40132,0.40132,0.40132
2607,0.40438,0.40438,0.40438,0.40438,0.40438,0.40438,0.40438,0.40438,0.40438,0.40438,0.40438,0.40438,0.40438,0.40438,0.40438,0.40438,0.40438,0.40438,0.40438,0.40438,0.40438,0.40438,0.40438,0.40438,0.40438,0.40438,0.40438,0.40438,0.40438
2608,0.40746,0.40746,0.40746,0.40746,0.40746,0.40746,0.40746,0.40746,0.40746,0.40746,0.40746,0.40746,0.40746,0.40746,0.40746,0.40746,0.40746,0.40746,0.40746,0.40746,0.40746,0.40746,0.40746,0.40746,0.40746,0.40746,0.40746,0.40746,0.40746
2609,0.41055,0.41055,0.41055,0.41055,0.41055,0.41055,0.41055,0.41055,0.41055,0.41055,0.41055,0.41055,0.41055,0.41055,0.41055,0.41055,0.41055,0.41055,0.41055,0.41055,0.41055,0.41055,0.41055,0.41055,0.41055,0.41055,0.41055,0.41055,0.41055
2610,0.41365,0.41365,0.41365,0.41365,0.41365,0.41365,0.41365,0.41365,0.41365,0.41365,0.41365,0.41365,0.41365,0.41365,0.41365,0.41365,0.41365,0.41365,0.41365,0.41365,0.41365,0.41365,0.41365,0.41365,0.41365,0.41365,0.41365,0.41365,0.41365
2611,0.41677,0.41677,0.41677,0.41677,0.41677,0.41677,0.41677,0.41677,0.41677,0.41677,0.41677,0.41677,0.41677,0.41677,0.41677,0.41677,0.41677,0.41677,0.41677,0.41677,0.41677,0.41677,0.41677,0.41677,0.41677,0.41677,0.41677,0.41677,0.41677
2612,0.41989,0.41989,0.41989,0.41989,0.41989,0.41989,0.41989,0.41989,0.41989,0.41989,0.41989,0.41989,0.41989,0.41989,0.41989,0.41989,0.41989,0.41989,0.41989,0.41989,0.41989,0.41989,0.41989,0.41989,0.41989,0.41989,0.41989,0.41989,0.41989
2613,0.42303,0.42303,0.42303,0.42303,0.42303,0.42303,0.42303,0.42303,0.42303,0.42303,0.42303,0.42303,0.42303,0.42303,0.42303,0.42303,0.42303,0.42303,0.42303,0.42303,0.42303,0.42303,0.42303,0.42303,0.42303,0.42303,0.42303,0.42303,0.42303
2614,0.42617,0.42617,0.42617,0.42617,0.42617,0.42617,0.42617,0.42617,0.42617,0.42617,0.42617,0.42617,0.42617,0.42617,0.42617,0.42617,0.42617,0.42617,0.42617,0.42617,0.42617,0.42617,0.42617,0.42617,0.42617,0.42617,0.42617,0.42617,0.42617
2615,0.42932,0.42932,0.42932,0.42932,0.42932,0.42932,0.42932,0.42932,0.42932,0.42932,0.42932,0.42932,0.42932,0.42932,0.42932,0.42932,0.42932,0.42932,0.42932,0.42932,0.42932,0.42932,0.42932,0.42932,0.42932,0.42932,0.42932,0.42932,0.42932
2616,0.43248,0.43248,0.43248,0.43248,0.43248,0.43248,0.43248,0.43248,0.43248,0.43248,0.43248,0.43248,0.43248,0.43248,0.43248,0.43248,0.43248,0.43248,0.43248,0.43248,0.43248,0.43248,0.43248,0.43248,0.43248,0.43248,0.43248,0.43248,0.43248
2617,0.43565,0.43565,0.43565,0.43565,0.43565,0.43565,0.43565,0.43565,0.43565,0.43565,0.43565,0.43565,0.43565,0.43565,0.43565,0.43565,0.43565,0.43565,0.43565,0.43565,0.43565,0.43565,0.43565,0.43565,0.43565,0.43565,0.43565,0.43565,0.43565
2618,0.43883,0.43883,0.43883,0.43883,0.43883,0.43883,0.43883,0.43883,0.43883,0.43883,0.43883,0.43883,0.43883,0.43883,0.43883,0.43883,0.43883,0.43883,0.43883,0.43883,0.43883,0.43883,0.43883,0.43883,0.43883,0.43883,0.43883,0.43883,0.43883
2619,0.44201,0.44201,0.44201,0.44201,0.44201,0.44201,0.44201,0.44201,0.44201,0.44201,0.44201,0.44201,0.44201,0.44201,0.44201,0.44201,0.44201,0.44201,0.44201,0.44201,0.44201,0.44201,0.44201,0.44201,0.44201,0.44201,0.44201,0.44201,0.44201
2620,0.44520,0.44520,0.44520,0.44520,0.44520,0.44520,0.44520,0.44520,0.44520,0.44520,0.44520,0.44520,0.44520,0.44520,0.44520,0.44520,0.44520,0.44520,0.44520,0.44520,0.44520,0.44520,0.44520,0.44520,0.44520,0.44520,0.44520,0.44520,0.44520
2621,0.44839,0.44839,0.44839,0.44839,0.44839,0.44839,0.44839,0.44839,0.44839,0.44839,0.44839,0.44839,0.44839,0.44839,0.44839,0.44839,0.44839,0.44839,0.44839,0.44839,0.44839,0.44839,0.44839,0.44839,0.44839,0.44839,0.44839,0.44839,0.44839
2622,0.45159,0.45159,0.45159,0.45159,0.45159,0.45159,0.45159,0.45159,0.45159,0.45159,0.45159,0.45159,0.45159,0.45159,0.45159,0.45159,0.45159,0.45159,0.45159,0.45159,0.45159,0.45159,0.45159,0.45159,0.45159,0.45159,0.45159,0.45159,0.45159
2623,0.45480,0.45480,0.45480,0.45480,0.45480,0.45480,0.45480,0.45480,0.45480,0.45480,0.45480,0.45480,0.45480,0.45480,0.45480,0.45480,0.45480,0.45480,0.45480,0.45480,0.45480,0.45480,0.45480,0.45480,0.45480,0.45480,0.45480,0.45480,0.45480
2624,0.45801,0.45801,0.45801,0.45801,0.45801,0.45801,0.45801,0.45801,0.45801,0.45801,0.45801,0.45801,0.45801,0.45801,0.45801,0.45801,0.45801,0.45801,0.45801,0.45801,0.45801,0.45801,0.45801,0.45801,0.45801,0.45801,0.45801,0.45801,0.45801
2625,0.46122,0.46122,0.46122,0.46122,0.46122,0.46122,0.46122,0.46122,0.46122,0.46122,0.46122,0.46122,0.46122,0.46122,0.46122,0.46122,0.46122,0.46122,0.46122,0.46122,0.46122,0.46122,0.46122,0.46122,0.46122,0.46122,0.46122,0.46122,0.46122
2626,0.46444,0.46444,0.46444,0.46444,0.46444,0.46444,0.46444,0.46444,0.46444,0.46444,0.46444,0.46444,0.46444,0.46444,0.46444,0.46444,0.46444,0.46444,0.46444,0.46444,0.46444,0.46444,0.46444,0.46444,0.46444,0.46444,0.46444,0.46444,0.46444
2627,0.46766,0.46766,0.46766,0.46766,0.46766,0.46766,0.46766,0.46766,0.46766,0.46766,0.46766,0.46766,0.46766,0.46766,0.46766,0.46766,0.46766,0.46766,0.46766,0.46766,0.46766,0.46766,0.46766,0.46766,0.46766,0.46766,0.46766,0.46766,0.46766
2628,0.47089,0.47089,0.47089,0.47089,0.47089,0.47089,0.47089,0.47089,0.47089,0.47089,0.47089,0.47089,0.47089,0.47089,0.47089,0.47089,0.47089,0.47089,0.47089,0.47089,0.47089,0.47089,0.47089,0.47089,0.47089,0.47089,0.47089,0.47089,0.47089
2629,0.47412,0.47412,0.47412,0.47412,0.47412,0.47412,0.47412,0.47412,0.47412,0.47412,0.47412,0.47412,0.47412,0.47412,0.47412,0.47412,0.47412,0.47412,0.47412,0.47412,0.47412,0.47412,0.47412,0.47412,0.47412,0.47412,0.47412,0.47412,0.47412
2630,0.47735,0.47735,0.47735,0.47735,0.47735,0.47735,0.47735,0.47735,0.47735,0.47735,0.47735,0.47735,0.47735,0.47735,0.47735,0.47735,0.47735,0.47735,0.47735,0.47735,0.47735,0.47735,0.47735,0.47735,0.47735,0.47735,0.47735,0.47735,0.47735
2631,0.48058,0.48058,0.48058,0.48058,0.48058,0.48058,0.48058,0.48058,0.48058,0.48058,0.48058,0.48058,0.48058,0.48058,0.48058,0.48058,0.48058,0.48058,0.48058,0.48058,0.48058,0.48058,0.48058,0.48058,0.48058,0.48058,0.48058,0.48058,0.48058
2632,0.48381,0.48381,0.48381,0.48381,0.48381,0.48381,0.48381,0.48381,0.48381,0.48381,0.48381,0.48381,0.48381,0.48381,0.48381,0.48381,0.48381,0.48381,0.48381,0.48381,0.48381,0.48381,0.48381,0.48381,0.48381,0.48381,0.48381,0.48381,0.48381
2633,0.48705,0.48705,0.48705,0.48705,0.48705,0.48705,0.48705,0.48705,0.48705,0.48705,0.48705,0.48705,0.48705,0.48705,0.48705,0.48705,0.48705,0.48705,0.48705,0.48705,0.48705,0.48705,0.48705,0.48705,0.48705,0.48705,0.48705,0.48705,0.48705
2634,0.49029,0.49029,0.49029,0.49029,0.49029,0.49029,0.49029,0.49029,0.49029,0.49029,0.49029,0.49029,0.49029,0.49029,0.49029,0.49029,0.49029,0.49029,0.49029,0.49029,0.49029,0.49029,0.49029,0.49029,0.49029,0.49029,0.49029,0.49029,0.49029
2635,0.49352,0.49352,0.49352,0.49352,0.49352,0.49352,0.49352,0.49352,0.49352,0.49352,0.49352,0.49352,0.49352,0.49352,0.49352,0.49352,0.49352,0.49352,0.49352,0.49352,0.49352,0.49352,0.49352,0.49352,0.49352,0.49352,0.49352,0.49352,0.49352
2636,0.49676,0.49676,0.49676,0.49676,0.49676,0.49676,0.49676,0.49676,0.49676,0.49676,0.49676,0.49676,0.49676,0.49676,0.49676,0.49676,0.49676,0.49676,0.49676,0.49676,0.49676,0.49676,0.49676,0.49676,0.49676,0.49676,0.49676,0.49676,0.49676
2637,0.50000,0.50000,0.50000,0.50000,0.50000,0.50000,0.50000,0.50000,0.50000,0.50000,0.50000,0.50000,0.50000,0.50000,0.50000,0.50000,0.50000,0.50000,0.50000,0.50000,0.50000,0.50000,0.50000,0.50000,0.50000,0.50000,0.50000,0.50000,0.50000
2638,0.50324,0.50324,0.50324,0.50324,0.50324,0.50324,0.50324,0.50324,0.50324,0.50324,0.50324,0.50324,0.50324,0.50324,0.50324,0.50324,0.50324,0.50324,0.50324,0.50324,0.50324,0.50324,0.50324,0.50324,0.50324,0.50324,0.50324,0.50324,0.50324
2639,0.50648,0.50648,0.50648,0.50648,0.50648,0.50648,0.50648,0.50648,0.50648,0.50648,0.50648,0.50648,0.50648,0.50648,0.50648,0.50648,0.50648,0.50648,0.50648,0.50648,0.50648,0.50648,0.50648,0.50648,0.50648,0.50648,0.50648,0.50648,0.50648
2640,0.50971,0.50971,0.50971,0.50971,0.50971,0.50971,0.50971,0.50971,0.50971,0.50971,0.50971,0.50971,0.50971,0.50971,0.50971,0.50971,0.50971,0.50971,0.50971,0.50971,0.50971,0.50971,0.50971,0.50971,0.50971,0.50971,0.50971,0.50971,0.50971
2641,0.51295,0.51295,0.51295,0.51295,0.51295,0.51295,0.51295,0.51295,0.51295,0.51295,0.51295,0.51295,0.51295,0.51295,0.51295,0.51295,0.51295,0.51295,0.51295,0.51295,0.51295,0.51295,0.51295,0.51295,0.51295,0.51295,0.51295,0.51295,0.51295
2642,0.51619,0.51619,0.51619,0.51619,0.51619,0.51619,0.51619,0.51619,0.51619,0.51619,0.51619,0.51619,0.51619,0.51619,0.51619,0.51619,0.51619,0.51619,0.51619,0.51619,0.51619,0.51619,0.51619,0.51619,0.51619,0.51619,0.51619,0.51619,0.51619
2643,0.51942,0.51942,0.51942,0.51942,0.51942,0.51942,0.51942,0.51942,0.51942,0.51942,0.51942,0.51942,0.51942,0.51942,0.51942,0.51942,0.51942,0.51942,0.51942,0.51942,0.51942,0.51942,0.51942,0.51942,0.51942,0.51942,0.51942,0.51942,0.51942
2644,0.52265,0.52265,0.52265,0.52265,0.52265,0.52265,0.52265,0.52265,0.52265,0.52265,0.52265,0.52265,0.52265,0.52265,0.52265,0.52265,0.52265,0.52265,0.52265,0.52265,0.52265,0.52265,0.52265,0.52265,0.52265,0.52265,0.52265,0.52265,0.52265
2645,0.52588,0.52588,0.52588,0.52588,0.52588,0.52588,0.52588,0.52588,0.52588,0.52588,0.52588,0.52588,0.52588,0.52588,0.52588,0.52588,0.52588,0.52588,0.52588,0.52588,0.52588,0.52588,0.52588,0.52588,0.52588,0.52588,0.52588,0.52588,0.52588
2646,0.52911,0.52911,0.52911,0.52911,0.52911,0.52911,0.52911,0.52911,0.52911,0.52911,0.52911,0.52911,0.52911,0.52911,0.52911,0.52911,0.52911,0.52911,0.52911,0.52911,0.52911,0.52911,0.52911,0.52911,0.52911,0.52911,0.52911,0.52911,0.52911
2647,0.53234,0.53234,0.53234,0.53234,0.53234,0.53234,0.53234,0.53234,0.53234,0.53234,0.53234,0.53234,0.53234,0.53234,0.53234,0.53234,0.53234,0.53234,0.53234,0.53234,0.53234,0.53234,0.53234,0.53234,0.53234,0.53234,0.53234,0.53234,0.53234
2648,0.53556,0.53556,0.53556,0.53556,0.53556,0.53556,0.53556,0.53556,0.53556,0.53556,0.53556,0.53556,0.53556,0.53556,0.53556,0.53556,0.53556,0.53556,0.53556,0.53556,0.53556,0.53556,0.53556,0.53556,0.53556,0.53556,0.53556,0.53556,0.53556
2649,0.53878,0.53878,0.53878,0.53878,0.53878,0.53878,0.53878,0.53878,0.53878,0.53878,0.53878,0.53878,0.53878,0.53878,0.53878,0.53878,0.53878,0.53878,0.53878,0.53878,0.53878,0.53878,0.53878,0.53878,0.53878,0.53878,0.53878,0.53878,0.53878
2650,0.54199,0.54199,0.54199,0.54199,0.54199,0.54199,0.54199,0.54199,0.54199,0.54199,0.54199,0.54199,0.54199,0.54199,0.54199,0.54199,0.54199,0.54199,0.54199,0.54199,0.54199,0.54199,0.54199,0.54199,0.54199,0.54199,0.54199,0.54199,0.54199
2651,0.54520,0.54520,0.54520,0.54520,0.54520,0.54520,0.54520,0.54520,0.54520,0.54520,0.54520,0.54520,0.54520,0.54520,0.54520,0.54520,0.54520,0.54520,0.54520,0.54520,0.54520,0.54520,0.54520,0.54520,0.54520,0.54520,0.54520,0.54520,0.54520
2652,0.54841,0.54841,0.54841,0.54841,0.54841,0.54841,0.54841,0.54841,0.54841,0.54841,0.54841,0.54841,0.54841,0.54841,0.54841,0.54841,0.54841,0.54841,0.54841,0.54841,0.54841,0.54841,0.54841,0.54841,0.54841,0.54841,0.54841,0.54841,0.54841
2653,0.55161,0.55161,0.55161,0.55161,0.55161,0.55161,0.55161,0.55161,0.55161,0.55161,0.55161,0.55161,0.55161,0.55161,0.55161,0.55161,0.55161,0.55161,0.55161,0.55161,0.55161,0.55161,0.55161,0.55161,0.55161,0.55161,0.55161,0.55161,0.55161
2654,0.55480,0.55480,0.55480,0.55480,0.55480,0.55480,0.55480,0.55480,0.55480,0.55480,0.55480,0.55480,0.55480,0.55480,0.55480,0.55480,0.55480,0.55480,0.55480,0.55480,0.55480,0.55480,0.55480,0.55480,0.55480,0.55480,0.55480,0.55480,0.55480
2655,0.55799,0.55799,0.55799,0.55799,0.55799,0.55799,0.55799,0.55799,0.55799,0.55799,0.55799,0.55799,0.55799,0.55799,0.55799,0.55799,0.55799,0.55799,0.55799,0.55799,0.55799,0.55799,0.55799,0.55799,0.55799,0.55799,0.55799,0.55799,0.55799
2656,0.56117,0.56117,0.56117,0.56117,0.56117,0.56117,0.56117,0.56117,0.56117,0.56117,0.56117,0.56117,0.56117,0.56117,0.56117,0.56117,0.56117,0.56117,0.56117,0.56117,0.56117,0.56117,0.56117,0.56117,0.56117,0.56117,0.56117,0.56117,0.56117
2657,0.56435,0.56435,0.56435,0.56435,0.56435,0.56435,0.56435,0.56435,0.56435,0.56435,0.56435,0.56435,0.56435,0.56435,0.56435,0.56435,0.56435,0.56435,0.56435,0.56435,0.56435,0.56435,0.56435,0.56435,0.56435,0.56435,0.56435,0.56435,0.56435
2658,0.56752,0.56752,0.56752,0.56752,0.56752,0.56752,0.56752,0.56752,0.56752,0.56752,0.56752,0.56752,0.56752,0.56752,0.56752,0.56752,0.56752,0.56752,0.56752,0.56752,0.56752,0.56752,0.56752,0.56752,0.56752,0.56752,0.56752,0.56752,0.56752
2659,0.57068,0.57068,0.57068,0.57068,0.57068,0.57068,0.57068,0.57068,0.57068,0.57068,0.57068,0.57068,0.57068,0.57068,0.57068,0.57068,0.57068,0.57068,0.57068,0.57068,0.57068,0.57068,0.57068,0.57068,0.57068,0.57068,0.57068,0.57068,0.57068
2660,0.57383,0.57383,0.57383,0.57383,0.57383,0.57383,0.57383,0.57383,0.57383,0.57383,0.57383,0.57383,0.57383,0.57383,0.57383,0.57383,0.57383,0.57383,0.57383,0.57383,0.57383,0.57383,0.57383,0.57383,0.57383,0.57383,0.57383,0.57383,0.57383
2661,0.57697,0.57697,0.57697,0.57697,0.57697,0.57697,0.57697,0.57697,0.57697,0.57697,0.57697,0.57697,0.57697,0.57697,0.57697,0.57697,0.57697,0.57697,0.57697,0.57697,0.57697,0.57697,0.57697,0.57697,0.57697,0.57697,0.57697,0.57697,0.57697
2662,0.58011,0.58011,0.58011,0.58011,0.58011,0.58011,0.58011,0.58011,0.58011,0.58011,0.58011,0.58011,0.58011,0.58011,0.58011,0.58011,0.58011,0.58011,0.58011,0.58011,0.58011,0.58011,0.58011,0.58011,0.58011,0.58011,0.58011,0.58011,0.58011
2663,0.58323,0.58323,0.58323,0.58323,0.58323,0.58323,0.58323,0.58323,0.58323,0.58323,0.58323,0.58323,0.58323,0.58323,0.58323,0.58323,0.58323,0.58323,0.58323,0.58323,0.58323,0.58323,0.58323,0.58323,0.58323,0.58323,0.58323,0.58323,0.58323
2664,0.58635,0.58635,0.58635,0.58635,0.58635,0.58635,0.58635,0.58635,0.58635,0.58635,0.58635,0.58635,0.58635,0.58635,0.58635,0.58635,0.58635,0.58635,0.58635,0.58635,0.58635,0.58635,0.58635,0.58635,0.58635,0.58635,0.58635,0.58635,0.58635
2665,0.58945,0.58945,0.58945,0.58945,0.58945,0.58945,0.58945,0.58945,0.58945,0.58945,0.58945,0.58945,0.58945,0.58945,0.58945,0.58945,0.58945,0.58945,0.58945,0.58945,0.58945,0.58945,0.58945,0.58945,0.58945,0.58945,0.58945,0.58945,0.58945
2666,0.59254,0.59254,0.59254,0.59254,0.59254,0.59254,0.59254,0.59254,0.59254,0.59254,0.59254,0.59254,0.59254,0.59254,0.59254,0.59254,0.59254,0.59254,0.59254,0.59254,0.59254,0.59254,0.59254,0.59254,0.59254,0.59254,0.59254,0.59254,0.59254
2667,0.59562,0.59562,0.59562,0.59562,0.59562,0.59562,0.59562,0.59562,0.59562,0.59562,0.59562,0.59562,0.59562,0.59562,0.59562,0.59562,0.59562,0.59562,0.59562,0.59562,0.59562,0.59562,0.59562,0.59562,0.59562,0.59562,0.59562,0.59562,0.59562
2668,0.59868,0.59868,0.59868,0.59868,0.59868,0.59868,0.59868,0.59868,0.59868,0.59868,0.59868,0.59868,0.59868,0.59868,0.59868,0.59868,0.59868,0.59868,0.59868,0.59868,0.59868,0.59868,0.59868,0.59868,0.59868,0.59868,0.59868,0.59868,0.59868
2669,0.60174,0.60174,0.60174,0.60174,0.60174,0.60174,0.60174,0.60174,0.60174,0.60174,0.60174,0.60174,0.60174,0.60174,0.60174,0.60174,0.60174,0.60174,0.60174,0.60174,0.60174,0.60174,0.60174,0.60174,0.60174,0.60174,0.60174,0.60174,0.60174
2670,0.60477,0.60477,0.60477,0.60477,0.60477,0.60477,0.60477,0.60477,0.60477,0.60477,0.60477,0.60477,0.60477,0.60477,0.60477,0.60477,0.60477,0.60477,0.60477,0.60477,0.60477,0.60477,0.60477,0.60477,0.60477,0.60477,0.60477,0.60477,0.60477
2671,0.60779,0.60779,0.60779,0.60779,0.60779,0.60779,0.60779,0.60779,0.60779,0.60779,0.60779,0.60779,0.60779,0.60779,0.60779,0.60779,0.60779,0.60779,0.60779,0.60779,0.60779,0.60779,0.60779,0.60779,0.60779,0.60779,0.60779,0.60779,0.60779
2672,0.61080,0.61080,0.61080,0.61080,0.61080,0.61080,0.61080,0.61080,0.61080,0.61080,0.61080,0.61080,0.61080,0.61080,0.61080,0.61080,0.61080,0.61080,0.61080,0.61080,0.61080,0.61080,0.61080,0.61080,0.61080,0.61080,0.61080,0.61080,0.61080
2673,0.61379,0.61379,0.61379,0.61379,0.61379,0.61379,0.61379,0.61379,0.61379,0.61379,0.61379,0.61379,0.61379,0.61379,0.61379,0.61379,0.61379,0.61379,0.61379,0.61379,0.61379,0.61379,0.61379,0.61379,0.61379,0.61379,0.61379,0.61379,0.61379
2674,0.61676,0.61676,0.61676,0.61676,0.61676,0.61676,0.61676,0.61676,0.61676,0.61676,0.61676,0.61676,0.61676,0.61676,0.61676,0.61676,0.61676,0.61676,0.61676,0.61676,0.61676,0.61676,0.61676,0.61676,0.61676,0.61676,0.61676,0.61676,0.61676
2675,0.61971,0.61971,0.61971,0.61971,0.61971,0.61971,0.61971,0.61971,0.61971,0.61971,0.61971,0.61971,0.61971,0.61971,0.61971,0.61971,0.61971,0.61971,0.61971,0.61971,0.61971,0.61971,0.61971,0.61971,0.61971,0.61971,0.61971,0.61971,0.61971
2676,0.62264,0.62264,0.62264,0.62264,0.62264,0.62264,0.62264,0.62264,0.62264,0.62264,0.62264,0.62264,0.62264,0.62264,0.62264,0.62264,0.62264,0.62264,0.62264,0.62264,0.62264,0.62264,0.62264,0.62264,0.62264,0.62264,0.62264,0.62264,0.62264
2677,0.62555,0.62555,0.62555,0.62555,0.62555,0.62555,0.62555,0.62555,0.62555,0.62555,0.62555,0.62555,0.62555,0.62555,0.62555,0.62555,0.62555,0.62555,0.62555,0.62555,0.62555,0.62555,0.62555,0.62555,0.62555,0.62555,0.62555,0.62555,0.62555
2678,0.62844,0.62844,0.62844,0.62844,0.62844,0.62844,0.62844,0.62844,0.62844,0.62844,0.62844,0.62844,0.62844,0.62844,0.62844,0.62844,0.62844,0.62844,0.62844,0.62844,0.62844,0.62844,0.62844,0.62844,0.62844,0.62844,0.62844,0.62844,0.62844
2679,0.63131,0.63131,0.63131,0.63131,0.63131,0.63131,0.63131,0.63131,0.63131,0.63131,0.63131,0.63131,0.63131,0.63131,0.63131,0.63131,0.63131,0.63131,0.63131,0.63131,0.63131,0.63131,0.63131,0.63131,0.63131,0.63131,0.63131,0.63131,0.63131
2680,0.63415,0.63415,0.63415,0.63415,0.63415,0.63415,0.63415,0.63415,0.63415,0.63415,0.63415,0.63415,0.63415,0.63415,0.63415,0.63415,0.63415,0.63415,0.63415,0.63415,0.63415,0.63415,0.63415,0.63415,0.63415,0.63415,0.63415,0.63415,0.63415
2681,0.63697,0.63697,0.63697,0.63697,0.63697,0.63697,0.63697,0.63697,0.63697,0.63697,0.63697,0.63697,0.63697,0.63697,0.63697,0.63697,0.63697,0.63697,0.63697,0.63697,0.63697,0.63697,0.63697,0.63697,0.63697,0.63697,0.63697,0.63697,0.63697
2682,0.63976,0.63976,0.63976,0.63976,0.63976,0.63976,0.63976,0.63976,0.63976,0.63976,0.63976,0.63976,0.63976,0.63976,0.63976,0.63976,0.63976,0.63976,0.63976,0.63976,0.63976,0.63976,0.63976,0.63976,0.63976,0.63976,0.63976,0.63976,0.63976
2683,0.64253,0.64253,0.64253,0.64253,0.64253,0.64253,0.64253,0.64253,0.64253,0.64253,0.64253,0.64253,0.64253,0.64253,0.64253,0.64253,0.64253,0.64253,0.64253,0.64253,0.64253,0.64253,0.64253,0.64253,0.64253,0.64253,0.64253,0.64253,0.64253
2684,0.64527,0.64527,0.64527,0.64527,0.64527,0.64527,0.64527,0.64527,0.64527,0.64527,0.64527,0.64527,0.64527,0.64527,0.64527,0.64527,0.64527,0.64527,0.64527,0.64527,0.64527,0.64527,0.64527,0.64527,0.64527,0.64527,0.64527,0.64527,0.64527
2685,0.64797,0.64797,0.64797,0.64797,0.64797,0.64797,0.64797,0.64797,0.64797,0.64797,0.64797,0.64797,0.64797,0.64797,0.64797,0.64797,0.64797,0.64797,0.64797,0.64797,0.64797,0.64797,0.64797,0.64797,0.64797,0.64797,0.64797,0.64797,0.64797
2686,0.65065,0.65065,0.65065,0.65065,0.65065,0.65065,0.65065,0.65065,0.65065,0.65065,0.65065,0.65065,0.65065,0.65065,0.65065,0.65065,0.65065,0.65065,0.65065,0.65065,0.65065,0.65065,0.65065,0.65065,0.65065,0.65065,0.65065,0.65065,0.65065
2687,0.65329,0.65329,0.65329,0.65329,0.65329,0.65329,0.65329,0.65329,0.65329,0.65329,0.65329,0.65329,0.65329,0.65329,0.65329,0.65329,0.65329,0.65329,0.65329,0.65329,0.65329,0.65329,0.65329,0.65329,0.65329,0.65329,0.65329,0.65329,0.65329
2688,0.65590,0.65590,0.65590,0.65590,0.65590,0.65590,0.65590,0.65590,0.65590,0.65590,0.65590,0.65590,0.65590,0.65590,0.65590,0.65590,0.65590,0.65590,0.65590,0.65590,0.65590,0.65590,0.65590,0.65590,0.65590,0.65590,0.65590,0.65590,0.65590
2689,0.65848,0.65848,0.65848,0.65848,0.65848,0.65848,0.65848,0.65848,0.65848,0.65848,0.65848,0.65848,0.65848,0.65848,0.65848,0.65848,0.65848,0.65848,0.65848,0.65848,0.65848,0.65848,0.65848,0.65848,0.65848,0.65848,0.65848,0.65848,0.65848
2690,0.66102,0.66102,0.66102,0.66102,0.66102,0.66102,0.66102,0.66102,0.66102,0.66102,0.66102,0.66102,0.66102,0.66102,0.66102,0.66102,0.66102,0.66102,0.66102,0.66102,0.66102,0.66102,0.66102,0.66102,0.66102,0.66102,0.66102,0.66102,0.66102
2691,0.66352,0.66352,0.66352,0.66352,0.66352,0.66352,0.66352,0.66352,0.66352,0.66352,0.66352,0.66352,0.66352,0.66352,0.66352,0.66352,0.66352,0.66352,0.66352,0.66352,0.66352,0.66352,0.66352,0.66352,0.66352,0.66352,0.66352,0.66352,0.66352
2692,0.66598,0.66598,0.66598,0.66598,0.66598,0.66598,0.66598,0.66598,0.66598,0.66598,0.66598,0.66598,0.66598,0.66598,0.66598,0.66598,0.66598,0.66598,0.66598,0.66598,0.66598,0.66598,0.66598,0.66598,0.66598,0.66598,0.66598,0.66598,0.66598
2693,0.66840,0.66840,0.66840,0.66840,0.66840,0.66840,0.66840,0.66840,0.66840,0.66840,0.66840,0.66840,0.66840,0.66840,0.66840,0.66840,0.66840,0.66840,0.66840,0.66840,0.66840,0.66840,0.66840,0.66840,0.66840,0.66840,0.66840,0.66840,0.66840
2694,0.67078,0.67078,0.67078,0.67078,0.67078,0.67078,0.67078,0.67078,0.67078,0.67078,0.67078,0.67078,0.67078,0.67078,0.67078,0.67078,0.67078,0.67078,0.67078,0.67078,0.67078,0.67078,0.67078,0.67078,0.67078,0.67078,0.67078,0.67078,0.67078
2695,0.67312,0.67312,0.67312,0.67312,0.67312,0.67312,0.67312,0.67312,0.67312,0.67312,0.67312,0.67312,0.67312,0.67312,0.67312,0.67312,0.67312,0.67312,0.67312,0.67312,0.67312,0.67312,0.67312,0.67312,0.67312,0.67312,0.67312,0.67312,0.67312
2696,0.67541,0.67541,0.67541,0.67541,0.67541,0.67541,0.67541,0.67541,0.67541,0.67541,0.67541,0.67541,0.67541,0.67541,0.67541,0.67541,0.67541,0.67541,0.67541,0.67541,0.67541,0.67541,0.67541,0.67541,0.67541,0.67541,0.67541,0.67541,0.67541
2697,0.67765,0.67765,0.67765,0.67765,0.67765,0.67765,0.67765,0.67765,0.67765,0.67765,0.67765,0.67765,0.67765,0.67765,0.67765,0.67765,0.67765,0.67765,0.67765,0.67765,0.67765,0.67765,0.67765,0.67765,0.67765,0.67765,0.67765,0.67765,0.67765
2698,0.67985,0.67985,0.67985,0.67985,0.67985,0.67985,0.67985,0.67985,0.67985,0.67985,0.67985,0.67985,0.67985,0.67985,0.67985,0.67985,0.67985,0.67985,0.67985,0.67985,0.67985,0.67985,0.67985,0.67985,0.67985,0.67985,0.67985,0.67985,0.67985
2699,0.68199,0.68199,0.68199,0.68199,0.68199,0.68199,0.68199,0.68199,0.68199,0.68199,0.68199,0.68199,0.68199,0.68199,0.68199,0.68199,0.68199,0.68199,0.68199,0.68199,0.68199,0.68199,0.68199,0.68199,0.68199,0.68199,0.68199,0.68199,0.68199
2700,0.68408,0.68408,0.68408,0.68408,0.68408,0.68408,0.68408,0.68408,0.68408,0.68408,0.68408,0.68408,0.68408,0.68408,0.68408,0.68408,0.68408,0.68408,0.68408,0.68408,0.68408,0.68408,0.68408,0.68408,0.68408,0.68408,0.68408,0.68408,0.68408
2701,0.68612,0.68612,0.68612,0.68612,0.68612,0.68612,0.68612,0.68612,0.68612,0.68612,0.68612,0.68612,0.68612,0.68612,0.68612,0.68612,0.68612,0.68612,0.68612,0.68612,0.68612,0.68612,0.68612,0.68612,0.68612,0.68612,0.68612,0.68612,0.68612
2702,0.68811,0.68811,0.68811,0.68811,0.68811,0.68811,0.68811,0.68811,0.68811,0.68811,0.68811,0.68811,0.68811,0.68811,0.68811,0.68811,0.68811,0.68811,0.68811,0.68811,0.68811,0.68811,0.68811,0.68811,0.68811,0.68811,0.68811,0.68811,0.68811
2703,0.69004,0.69004,0.69004,0.69004,0.69004,0.69004,0.69004,0.69004,0.69004,0.69004,0.69004,0.69004,0.69004,0.69004,0.69004,0.69004,0.69004,0.69004,0.69004,0.69004,0.69004,0.69004,0.69004,0.69004,0.69004,0.69004,0.69004,0.69004,0.69004
2704,0.69191,0.69191,0.69191,0.69191,0.69191,0.69191,0.69191,0.69191,0.69191,0.69191,0.69191,0.69191,0.69191,0.69191,0.69191,0.69191,0.69191,0.69191,0.69191,0.69191,0.69191,0.69191,0.69191,0.69191,0.69191,0.69191,0.69191,0.69191,0.69191
2705,0.69372,0.69372,0.69372,0.69372,0.69372,0.69372,0.69372,0.69372,0.69372,0.69372,0.69372,0.69372,0.69372,0.69372,0.69372,0.69372,0.69372,0.69372,0.69372,0.69372,0.69372,0.69372,0.69372,0.69372,0.69372,0.69372,0.69372,0.69372,0.69372
2706,0.69546,0.69546,0.69546,0.69546,0.69546,0.69546,0.69546,0.69546,0.69546,0.69546,0.69546,0.69546,0.69546,0.69546,0.69546,0.69546,0.69546,0.69546,0.69546,0.69546,0.69546,0.69546,0.69546,0.69546,0.69546,0.69546,0.69546,0.69546,0.69546
2707,0.69715,0.69715,0.69715,0.69715,0.69715,0.69715,0.69715,0.69715,0.69715,0.69715,0.69715,0.69715,0.69715,0.69715,0.69715,0.69715,0.69715,0.69715,0.69715,0.69715,0.69715,0.69715,0.69715,0.69715,0.69715,0.69715,0.69715,0.69715,0.69715
2708,0.69877,0.69877,0.69877,0.69877,0.69877,0.69877,0.69877,0.69877,0.69877,0.69877,0.69877,0.69877,0.69877,0.69877,0.69877,0.69877,0.69877,0.69877,0.69877,0.69877,0.69877,0.69877,0.69877,0.69877,0.69877,0.69877,0.69877,0.69877,0.69877
2709,0.70032,0.70032,0.70032,0.70032,0.70032,0.70032,0.70032,0.70032,0.70032,0.70032,0.70032,0.70032,0.70032,0.70032,0.70032,0.70032,0.70032,0.70032,0.70032,0.70032,0.70032,0.70032,0.70032,0.70032,0.70032,0.70032,0.70032,0.70032,0.70032
2710,0.70181,0.70181,0.70181,0.70181,0.70181,0.70181,0.70181,0.70181,0.70181,0.70181,0.70181,0.70181,0.70181,0.70181,0.70181,0.70181,0.70181,0.70181,0.70181,0.70181,0.70181,0.70181,0.70181,0.70181,0.70181,0.70181,0.70181,0.70181,0.70181
2711,0.70322,0.70322,0.70322,0.70322,0.70322,0.70322,0.70322,0.70322,0.70322,0.70322,0.70322,0.70322,0.70322,0.70322,0.70322,0.70322,0.70322,0.70322,0.70322,0.70322,0.70322,0.70322,0.70322,0.70322,0.70322,0.70322,0.70322,0.70322,0.70322
2712,0.70457,0.70457,0.70457,0.70457,0.70457,0.70457,0.70457,0.70457,0.70457,0.70457,0.70457,0.70457,0.70457,0.70457,0.70457,0.70457,0.70457,0.70457,0.70457,0.70457,0.70457,0.70457,0.70457,0.70457,0.70457,0.70457,0.70457,0.70457,0.70457
2713,0.70584,0.70584,0.70584,0.70584,0.70584,0.70584,0.70584,0.70584,0.70584,0.70584,0.70584,0.70584,0.70584,0.70584,0.70584,0.70584,0.70584,0.70584,0.70584,0.70584,0.70584,0.70584,0.70584,0.70584,0.70584,0.70584,0.70584,0.70584,0.70584
2714,0.70704,0.70704,0.70704,0.70704,0.70704,0.70704,0.70704,0.70704,0.70704,0.70704,0.70704,0.70704,0.70704,0.70704,0.70704,0.70704,0.70704,0.70704,0.70704,0.70704,0.70704,0.70704,0.70704,0.70704,0.70704,0.70704,0.70704,0.70704,0.70704
2715,0.70817,0.70817,0.70817,0.70817,0.70817,0.70817,0.70817,0.70817,0.70817,0.70817,0.70817,0.70817,0.70817,0.70817,0.70817,0.70817,0.70817,0.70817,0.70817,0.70817,0.70817,0.70817,0.70817,0.70817,0.70817,0.70817,0.70817,0.70817,0.70817
2716,0.70921,0.70921,0.70921,0.70921,0.70921,0.70921,0.70921,0.70921,0.70921,0.70921,0.70921,0.70921,0.70921,0.70921,0.70921,0.70921,0.70921,0.70921,0.70921,0.70921,0.70921,0.70921,0.70921,0.70921,0.70921,0.70921,0.70921,0.70921,0.70921
2717,0.71018,0.71018,0.71018,0.71018,0.71018,0.71018,0.71018,0.71018,0.71018,0.71018,0.71018,0.71018,0.71018,0.71018,0.71018,0.71018,0.71018,0.71018,0.71018,0.71018,0.71018,0.71018,0.71018,0.71018,0.71018,0.71018,0.71018,0.71018,0.71018
2718,0.71108,0.71108,0.71108,0.71108,0.71108,0.71108,0.71108,0.71108,0.71108,0.71108,0.71108,0.71108,0.71108,0.71108,0.71108,0.71108,0.71108,0.71108,0.71108,0.71108,0.71108,0.71108,0.71108,0.71108,0.71108,0.71108,0.71108,0.71108,0.71108
2719,0.71189,0.71189,0.71189,0.71189,0.71189,0.71189,0.71189,0.71189,0.71189,0.71189,0.71189,0.71189,0.71189,0.71189,0.71189,0.71189,0.71189,0.71189,0.71189,0.71189,0.71189,0.71189,0.71189,0.71189,0.71189,0.71189,0.71189,0.71189,0.71189
2720,0.71262,0.71262,0.71262,0.71262,0.71262,0.71262,0.71262,0.71262,0.71262,0.71262,0.71262,0.71262,0.71262,0.71262,0.71262,0.71262,0.71262,0.71262,0.71262,0.71262,0.71262,0.71262,0.71262,0.71262,0.71262,0.71262,0.71262,0.71262,0.71262
2721,0.71327,0.71327,0.71327,0.71327,0.71327,0.71327,0.71327,0.71327,0.71327,0.71327,0.71327,0.71327,0.71327,0.71327,0.71327,0.71327,0.71327,0.71327,0.71327,0.71327,0.71327,0.71327,0.71327,0.71327,0.71327,0.71327,0.71327,0.71327,0.71327
2722,0.71384,0.71384,0.71384,0.71384,0.71384,0.71384,0.71384,0.71384,0.71384,0.71384,0.71384,0.71384,0.71384,0.71384,0.71384,0.71384,0.71384,0.71384,0.71384,0.71384,0.71384,0.71384,0.71384,0.71384,0.71384,0.71384,0.71384,0.71384,0.71384
2723,0.71433,0.71433,0.71433,0.71433,0.71433,0.71433,0.71433,0.71433,0.71433,0.71433,0.71433,0.71433,0.71433,0.71433,0.71433,0.71433,0.71433,0.71433,0.71433,0.71433,0.71433,0.71433,0.71433,0.71433,0.71433,0.71433,0.71433,0.71433,0.71433
2724,0.71473,0.71473,0.71473,0.71473,0.71473,0.71473,0.71473,0.71473,0.71473,0.71473,0.71473,0.71473,0.71473,0.71473,0.71473,0.71473,0.71473,0.71473,0.71473,0.71473,0.71473,0.71473,0.71473,0.71473,0.71473,0.71473,0.71473,0.71473,0.71473
2725,0.71504,0.71504,0.71504,0.71504,0.71504,0.71504,0.71504,0.71504,0.71504,0.71504,0.71504,0.71504,0.71504,0.71504,0.71504,0.71504,0.71504,0.71504,0.71504,0.71504,0.71504,0.71504,0.71504,0.71504,0.71504,0.71504,0.71504,0.71504,0.71504
2726,0.71528,0.71528,0.71528,0.71528,0.71528,0.71528,0.71528,0.71528,0.71528,0.71528,0.71528,0.71528,0.71528,0.71528,0.71528,0.71528,0.71528,0.71528,0.71528,0.71528,0.71528,0.71528,0.71528,0.71528,0.71528,0.71528,0.71528,0.71528,0.71528
2727,0.71543,0.71543,0.71543,0.71543,0.71543,0.71543,0.71543,0.71543,0.71543,0.71543,0.71543,0.71543,0.71543,0.71543,0.71543,0.71543,0.71543,0.71543,0.71543,0.71543,0.71543,0.71543,0.71543,0.71543,0.71543,0.71543,0.71543,0.71543,0.71543
2728,0.71549,0.71549,0.71549,0.71549,0.71549,0.71549,0.71549,0.71549,0.71549,0.71549,0.71549,0.71549,0.71549,0.71549,0.71549,0.71549,0.71549,0.71549,0.71549,0.71549,0.71549,0.71549,0.71549,0.71549,0.71549,0.71549,0.71549,0.71549,0.71549
2729,0.71547,0.71547,0.71547,0.71547,0.71547,0.71547,0.71547,0.71547,0.71547,0.71547,0.71547,0.71547,0.71547,0.71547,0.71547,0.71547,0.71547,0.71547,0.71547,0.71547,0.71547,0.71547,0.71547,0.71547,0.71547,0.71547,0.71547,0.71547,0.71547
2730,0.71536,0.71536,0.71536,0.71536,0.71536,0.71536,0.71536,0.71536,0.71536,0.71536,0.71536,0.71536,0.71536,0.71536,0.71536,0.71536,0.71536,0.71536,0.71536,0.71536,0.71536,0.71536,0.71536,0.71536,0.71536,0.71536,0.71536,0.71536,0.71536
2731,0.71517,0.71517,0.71517,0.71517,0.71517,0.71517,0.71517,0.71517,0.71517,0.71517,0.71517,0.71517,0.71517,0.71517,0.71517,0.71517,0.71517,0.71517,0.71517,0.71517,0.71517,0.71517,0.71517,0.71517,0.71517,0.71517,0.71517,0.71517,0.71517
2732,0.71490,0.71490,0.71490,0.71490,0.71490,0.71490,0.71490,0.71490,0.71490,0.71490,0.71490,0.71490,0.71490,0.71490,0.71490,0.71490,0.71490,0.71490,0.71490,0.71490,0.71490,0.71490,0.71490,0.71490,0.71490,0.71490,0.71490,0.71490,0.71490
2733,0.71454,0.71454,0.71454,0.71454,0.71454,0.71454,0.71454,0.71454,0.71454,0.71454,0.71454,0.71454,0.71454,0.71454,0.71454,0.71454,0.71454,0.71454,0.71454,0.71454,0.71454,0.71454,0.71454,0.71454,0.71454,0.71454,0.71454,0.71454,0.71454
2734,0.71409,0.71409,0.71409,0.71409,0.71409,0.71409,0.71409,0.71409,0.71409,0.71409,0.71409,0.71409,0.71409,0.71409,0.71409,0.71409,0.71409,0.71409,0.71409,0.71409,0.71409,0.71409,0.71409,0.71409,0.71409,0.71409,0.71409,0.71409,0.71409
2735,0.71357,0.71357,0.71357,0.71357,0.71357,0.71357,0.71357,0.71357,0.71357,0.71357,0.71357,0.71357,0.71357,0.71357,0.71357,0.71357,0.71357,0.71357,0.71357,0.71357,0.71357,0.71357,0.71357,0.71357,0.71357,0.71357,0.71357,0.71357,0.71357
2736,0.71296,0.71296,0.71296,0.71296,0.71296,0.71296,0.71296,0.71296,0.71296,0.71296,0.71296,0.71296,0.71296,0.71296,0.71296,0.71296,0.71296,0.71296,0.71296,0.71296,0.71296,0.71296,0.71296,0.71296,0.71296,0.71296,0.71296,0.71296,0.71296
2737,0.71227,0.71227,0.71227,0.71227,0.71227,0.71227,0.71227,0.71227,0.71227,0.71227,0.71227,0.71227,0.71227,0.71227,0.71227,0.71227,0.71227,0.71227,0.71227,0.71227,0.71227,0.71227,0.71227,0.71227,0.71227,0.71227,0.71227,0.71227,0.71227
2738,0.71149,0.71149,0.71149,0.71149,0.71149,0.71149,0.71149,0.71149,0.71149,0.71149,0.71149,0.71149,0.71149,0.71149,0.71149,0.71149,0.71149,0.71149,0.71149,0.71149,0.71149,0.71149,0.71149,0.71149,0.71149,0.71149,0.71149,0.71149,0.71149
2739,0.71064,0.71064,0.71064,0.71064,0.71064,0.71064,0.71064,0.71064,0.71064,0.71064,0.71064,0.71064,0.71064,0.71064,0.71064,0.71064,0.71064,0.71064,0.71064,0.71064,0.71064,0.71064,0.71064,0.71064,0.71064,0.71064,0.71064,0.71064,0.71064
2740,0.70971,0.70971,0.70971,0.70971,0.70971,0.70971,0.70971,0.70971,0.70971,0.70971,0.70971,0.70971,0.70971,0.70971,0.70971,0.70971,0.70971,0.70971,0.70971,0.70971,0.70971,0.70971,0.70971,0.70971,0.70971,0.70971,0.70971,0.70971,0.70971
2741,0.70870,0.70870,0.70870,0.70870,0.70870,0.70870,0.70870,0.70870,0.70870,0.70870,0.70870,0.70870,0.70870,0.70870,0.70870,0.70870,0.70870,0.70870,0.70870,0.70870,0.70870,0.70870,0.70870,0.70870,0.70870,0.70870,0.70870,0.70870,0.70870
2742,0.70761,0.70761,0.70761,0.70761,0.70761,0.70761,0.70761,0.70761,0.70761,0.70761,0.70761,0.70761,0.70761,0.70761,0.70761,0.70761,0.70761,0.70761,0.70761,0.70761,0.70761,0.70761,0.70761,0.70761,0.70761,0.70761,0.70761,0.70761,0.70761
2743,0.70645,0.70645,0.70645,0.70645,0.70645,0.70645,0.70645,0.70645,0.70645,0.70645,0.70645,0.70645,0.70645,0.70645,0.70645,0.70645,0.70645,0.70645,0.70645,0.70645,0.70645,0.70645,0.70645,0.70645,0.70645,0.70645,0.70645,0.70645,0.70645
2744,0.70521,0.70521,0.70521,0.70521,0.70521,0.70521,0.70521,0.70521,0.70521,0.70521,0.70521,0.70521,0.70521,0.70521,0.70521,0.70521,0.70521,0.70521,0.70521,0.70521,0.70521,0.70521,0.70521,0.70521,0.70521,0.70521,0.70521,0.70521,0.70521
2745,0.70391,0.70391,0.70391,0.70391,0.70391,0.70391,0.70391,0.70391,0.70391,0.70391,0.70391,0.70391,0.70391,0.70391,0.70391,0.70391,0.70391,0.70391,0.70391,0.70391,0.70391,0.70391,0.70391,0.70391,0.70391,0.70391,0.70391,0.70391,0.70391
2746,0.70252,0.70252,0.70252,0.70252,0.70252,0.70252,0.70252,0.70252,0.70252,0.70252,0.70252,0.70252,0.70252,0.70252,0.70252,0.70252,0.70252,0.70252,0.70252,0.70252,0.70252,0.70252,0.70252,0.70252,0.70252,0.70252,0.70252,0.70252,0.70252
2747,0.70107,0.70107,0.70107,0.70107,0.70107,0.70107,0.70107,0.70107,0.70107,0.70107,0.70107,0.70107,0.70107,0.70107,0.70107,0.70107,0.70107,0.70107,0.70107,0.70107,0.70107,0.70107,0.70107,0.70107,0.70107,0.70107,0.70107,0.70107,0.70107
2748,0.69955,0.69955,0.69955,0.69955,0.69955,0.69955,0.69955,0.69955,0.69955,0.69955,0.69955,0.69955,0.69955,0.69955,0.69955,0.69955,0.69955,0.69955,0.69955,0.69955,0.69955,0.69955,0.69955,0.69955,0.69955,0.69955,0.69955,0.69955,0.69955
2749,0.69797,0.69797,0.69797,0.69797,0.69797,0.69797,0.69797,0.69797,0.69797,0.69797,0.69797,0.69797,0.69797,0.69797,0.69797,0.69797,0.69797,0.69797,0.69797,0.69797,0.69797,0.69797,0.69797,0.69797,0.69797,0.69797,0.69797,0.69797,0.69797
2750,0.69631,0.69631,0.69631,0.69631,0.69631,0.69631,0.69631,0.69631,0.69631,0.69631,0.69631,0.69631,0.69631,0.69631,0.69631,0.69631,0.69631,0.69631,0.69631,0.69631,0.69631,0.69631,0.69631,0.69631,0.69631,0.69631,0.69631,0.69631,0.69631
2751,0.69460,0.69460,0.69460,0.69460,0.69460,0.69460,0.69460,0.69460,0.69460,0.69460,0.69460,0.69460,0.69460,0.69460,0.69460,0.69460,0.69460,0.69460,0.69460,0.69460,0.69460,0.69460,0.69460,0.69460,0.69460,0.69460,0.69460,0.69460,0.69460
2752,0.69282,0.69282,0.69282,0.69282,0.69282,0.69282,0.69282,0.69282,0.69282,0.69282,0.69282,0.69282,0.69282,0.69282,0.69282,0.69282,0.69282,0.69282,0.69282,0.69282,0.69282,0.69282,0.69282,0.69282,0.69282,0.69282,0.69282,0.69282,0.69282
2753,0.69098,0.69098,0.69098,0.69098,0.69098,0.69098,0.69098,0.69098,0.69098,0.69098,0.69098,0.69098,0.69098,0.69098,0.69098,0.69098,0.69098,0.69098,0.69098,0.69098,0.69098,0.69098,0.69098,0.69098,0.69098,0.69098,0.69098,0.69098,0.69098
2754,0.68908,0.68908,0.68908,0.68908,0.68908,0.68908,0.68908,0.68908,0.68908,0.68908,0.68908,0.68908,0.68908,0.68908,0.68908,0.68908,0.68908,0.68908,0.68908,0.68908,0.68908,0.68908,0.68908,0.68908,0.68908,0.68908,0.68908,0.68908,0.68908
2755,0.68712,0.68712,0.68712,0.68712,0.68712,0.68712,0.68712,0.68712,0.68712,0.68712,0.68712,0.68712,0.68712,0.68712,0.68712,0.68712,0.68712,0.68712,0.68712,0.68712,0.68712,0.68712,0.68712,0.68712,0.68712,0.68712,0.68712,0.68712,0.68712
2756,0.68511,0.68511,0.68511,0.68511,0.68511,0.68511,0.68511,0.68511,0.68511,0.68511,0.68511,0.68511,0.68511,0.68511,0.68511,0.68511,0.68511,0.68511,0.68511,0.68511,0.68511,0.68511,0.68511,0.68511,0.68511,0.68511,0.68511,0.68511,0.68511
2757,0.68304,0.68304,0.68304,0.68304,0.68304,0.68304,0.68304,0.68304,0.68304,0.68304,0.68304,0.68304,0.68304,0.68304,0.68304,0.68304,0.68304,0.68304,0.68304,0.68304,0.68304,0.68304,0.68304,0.68304,0.68304,0.68304,0.68304,0.68304,0.68304
2758,0.68093,0.68093,0.68093,0.68093,0.68093,0.68093,0.68093,0.68093,0.68093,0.68093,0.68093,0.68093,0.68093,0.68093,0.68093,0.68093,0.68093,0.68093,0.68093,0.68093,0.68093,0.68093,0.68093,0.68093,0.68093,0.68093,0.68093,0.68093,0.68093
2759,0.67876,0.67876,0.67876,0.67876,0.67876,0.67876,0.67876,0.67876,0.67876,0.67876,0.67876,0.67876,0.67876,0.67876,0.67876,0.67876,0.67876,0.67876,0.67876,0.67876,0.67876,0.67876,0.67876,0.67876,0.67876,0.67876,0.67876,0.67876,0.67876
2760,0.67654,0.67654,0.67654,0.67654,0.67654,0.67654,0.67654,0.67654,0.67654,0.67654,0.67654,0.67654,0.67654,0.67654,0.67654,0.67654,0.67654,0.67654,0.67654,0.67654,0.67654,0.67654,0.67654,0.67654,0.67654,0.67654,0.67654,0.67654,0.67654
2761,0.67427,0.67427,0.67427,0.67427,0.67427,0.67427,0.67427,0.67427,0.67427,0.67427,0.67427,0.67427,0.67427,0.67427,0.67427,0.67427,0.67427,0.67427,0.67427,0.67427,0.67427,0.67427,0.67427,0.67427,0.67427,0.67427,0.67427,0.67427,0.67427
2762,0.67196,0.67196,0.67196,0.67196,0.67196,0.67196,0.67196,0.67196,0.67196,0.67196,0.67196,0.67196,0.67196,0.67196,0.67196,0.67196,0.67196,0.67196,0.67196,0.67196,0.67196,0.67196,0.67196,0.67196,0.67196,0.67196,0.67196,0.67196,0.67196
2763,0.66960,0.66960,0.66960,0.66960,0.66960,0.66960,0.66960,0.66960,0.66960,0.66960,0.66960,0.66960,0.66960,0.66960,0.66960,0.66960,0.66960,0.66960,0.66960,0.66960,0.66960,0.66960,0.66960,0.66960,0.66960,0.66960,0.66960,0.66960,0.66960
2764,0.66720,0.66720,0.66720,0.66720,0.66720,0.66720,0.66720,0.66720,0.66720,0.66720,0.66720,0.66720,0.66720,0.66720,0.66720,0.66720,0.66720,0.66720,0.66720,0.66720,0.66720,0.66720,0.66720,0.66720,0.66720,0.66720,0.66720,0.66720,0.66720
2765,0.66476,0.66476,0.66476,0.66476,0.66476,0.66476,0.66476,0.66476,0.66476,0.66476,0.66476,0.66476,0.66476,0.66476,0.66476,0.66476,0.66476,0.66476,0.66476,0.66476,0.66476,0.66476,0.66476,0.66476,0.66476,0.66476,0.66476,0.66476,0.66476
2766,0.66227,0.66227,0.66227,0.66227,0.66227,0.66227,0.66227,0.66227,0.66227,0.66227,0.66227,0.66227,0.66227,0.66227,0.66227,0.66227,0.66227,0.66227,0.66227,0.66227,0.66227,0.66227,0.66227,0.66227,0.66227,0.66227,0.66227,0.66227,0.66227
2767,0.65975,0.65975,0.65975,0.65975,0.65975,0.65975,0.65975,0.65975,0.65975,0.65975,0.65975,0.65975,0.65975,0.65975,0.65975,0.65975,0.65975,0.65975,0.65975,0.65975,0.65975,0.65975,0.65975,0.65975,0.65975,0.65975,0.65975,0.65975,0.65975
2768,0.65720,0.65720,0.65720,0.65720,0.65720,0.65720,0.65720,0.65720,0.65720,0.65720,0.65720,0.65720,0.65720,0.65720,0.65720,0.65720,0.65720,0.65720,0.65720,0.65720,0.65720,0.65720,0.65720,0.65720,0.65720,0.65720,0.65720,0.65720,0.65720
2769,0.65460,0.65460,0.65460,0.65460,0.65460,0.65460,0.65460,0.65460,0.65460,0.65460,0.65460,0.65460,0.65460,0.65460,0.65460,0.65460,0.65460,0.65460,0.65460,0.65460,0.65460,0.65460,0.65460,0.65460,0.65460,0.65460,0.65460,0.65460,0.65460
2770,0.65198,0.65198,0.65198,0.65198,0.65198,0.65198,0.65198,0.65198,0.65198,0.65198,0.65198,0.65198,0.65198,0.65198,0.65198,0.65198,0.65198,0.65198,0.65198,0.65198,0.65198,0.65198,0.65198,0.65198,0.65198,0.65198,0.65198,0.65198,0.65198
2771,0.64931,0.64931,0.64931,0.64931,0.64931,0.64931,0.64931,0.64931,0.64931,0.64931,0.64931,0.64931,0.64931,0.64931,0.64931,0.64931,0.64931,0.64931,0.64931,0.64931,0.64931,0.64931,0.64931,0.64931,0.64931,0.64931,0.64931,0.64931,0.64931
2772,0.64662,0.64662,0.64662,0.64662,0.64662,0.64662,0.64662,0.64662,0.64662,0.64662,0.64662,0.64662,0.64662,0.64662,0.64662,0.64662,0.64662,0.64662,0.64662,0.64662,0.64662,0.64662,0.64662,0.64662,0.64662,0.64662,0.64662,0.64662,0.64662
2773,0.64390,0.64390,0.64390,0.64390,0.64390,0.64390,0.64390,0.64390,0.64390,0.64390,0.64390,0.64390,0.64390,0.64390,0.64390,0.64390,0.64390,0.64390,0.64390,0.64390,0.64390,0.64390,0.64390,0.64390,0.64390,0.64390,0.64390,0.64390,0.64390
2774,0.64115,0.64115,0.64115,0.64115,0.64115,0.64115,0.64115,0.64115,0.64115,0.64115,0.64115,0.64115,0.64115,0.64115,0.64115,0.64115,0.64115,0.64115,0.64115,0.64115,0.64115,0.64115,0.64115,0.64115,0.64115,0.64115,0.64115,0.64115,0.64115
2775,0.63837,0.63837,0.63837,0.63837,0.63837,0.63837,0.63837,0.63837,0.63837,0.63837,0.63837,0.63837,0.63837,0.63837,0.63837,0.63837,0.63837,0.63837,0.63837,0.63837,0.63837,0.63837,0.63837,0.63837,0.63837,0.63837,0.63837,0.63837,0.63837
2776,0.63557,0.63557,0.63557,0.63557,0.63557,0.63557,0.63557,0.63557,0.63557,0.63557,0.63557,0.63557,0.63557,0.63557,0.63557,0.63557,0.63557,0.63557,0.63557,0.63557,0.63557,0.63557,0.63557,0.63557,0.63557,0.63557,0.63557,0.63557,0.63557
2777,0.63274,0.63274,0.63274,0.63274,0.63274,0.63274,0.63274,0.63274,0.63274,0.63274,0.63274,0.63274,0.63274,0.63274,0.63274,0.63274,0.63274,0.63274,0.63274,0.63274,0.63274,0.63274,0.63274,0.63274,0.63274,0.63274,0.63274,0.63274,0.63274
2778,0.62988,0.62988,0.62988,0.62988,0.62988,0.62988,0.62988,0.62988,0.62988,0.62988,0.62988,0.62988,0.62988,0.62988,0.62988,0.62988,0.62988,0.62988,0.62988,0.62988,0.62988,0.62988,0.62988,0.62988,0.62988,0.62988,0.62988,0.62988,0.62988
2779,0.62700,0.62700,0.62700,0.62700,0.62700,0.62700,0.62700,0.62700,0.62700,0.62700,0.62700,0.62700,0.62700,0.62700,0.62700,0.62700,0.62700,0.62700,0.62700,0.62700,0.62700,0.62700,0.62700,0.62700,0.62700,0.62700,0.62700,0.62700,0.62700
2780,0.62410,0.62410,0.62410,0.62410,0.62410,0.62410,0.62410,0.62410,0.62410,0.62410,0.62410,0.62410,0.62410,0.62410,0.62410,0.62410,0.62410,0.62410,0.62410,0.62410,0.62410,0.62410,0.62410,0.62410,0.62410,0.62410,0.62410,0.62410,0.62410
2781,0.62118,0.62118,0.62118,0.62118,0.62118,0.62118,0.62118,0.62118,0.62118,0.62118,0.62118,0.62118,0.62118,0.62118,0.62118,0.62118,0.62118,0.62118,0.62118,0.62118,0.62118,0.62118,0.62118,0.62118,0.62118,0.62118,0.62118,0.62118,0.62118
2782,0.61824,0.61824,0.61824,0.61824,0.61824,0.61824,0.61824,0.61824,0.61824,0.61824,0.61824,0.61824,0.61824,0.61824,0.61824,0.61824,0.61824,0.61824,0.61824,0.61824,0.61824,0.61824,0.61824,0.61824,0.61824,0.61824,0.61824,0.61824,0.61824
2783,0.61528,0.61528,0.61528,0.61528,0.61528,0.61528,0.61528,0.61528,0.61528,0.61528,0.61528,0.61528,0.61528,0.61528,0.61528,0.61528,0.61528,0.61528,0.61528,0.61528,0.61528,0.61528,0.61528,0.61528,0.61528,0.61528,0.61528,0.61528,0.61528
2784,0.61230,0.61230,0.61230,0.61230,0.61230,0.61230,0.61230,0.61230,0.61230,0.61230,0.61230,0.61230,0.61230,0.61230,0.61230,0.61230,0.61230,0.61230,0.61230,0.61230,0.61230,0.61230,0.61230,0.61230,0.61230,0.61230,0.61230,0.61230,0.61230
2785,0.60930,0.60930,0.60930,0.60930,0.60930,0.60930,0.60930,0.60930,0.60930,0.60930,0.60930,0.60930,0.60930,0.60930,0.60930,0.60930,0.60930,0.60930,0.60930,0.60930,0.60930,0.60930,0.60930,0.60930,0.60930,0.60930,0.60930,0.60930,0.60930
2786,0.60629,0.60629,0.60629,0.60629,0.60629,0.60629,0.60629,0.60629,0.60629,0.60629,0.60629,0.60629,0.60629,0.60629,0.60629,0.60629,0.60629,0.60629,0.60629,0.60629,0.60629,0.60629,0.60629,0.60629,0.60629,0.60629,0.60629,0.60629,0.60629
2787,0.60326,0.60326,0.60326,0.60326,0.60326,0.60326,0.60326,0.60326,0.60326,0.60326,0.60326,0.60326,0.60326,0.60326,0.60326,0.60326,0.60326,0.60326,0.60326,0.60326,0.60326,0.60326,0.60326,0.60326,0.60326,0.60326,0.60326,0.60326,0.60326
2788,0.60021,0.60021,0.60021,0.60021,0.60021,0.60021,0.60021,0.60021,0.60021,0.60021,0.60021,0.60021,0.60021,0.60021,0.60021,0.60021,0.60021,0.60021,0.60021,0.60021,0.60021,0.60021,0.60021,0.60021,0.60021,0.60021,0.60021,0.60021,0.60021
2789,0.59715,0.59715,0.59715,0.59715,0.59715,0.59715,0.59715,0.59715,0.59715,0.59715,0.59715,0.59715,0.59715,0.59715,0.59715,0.59715,0.59715,0.59715,0.59715,0.59715,0.59715,0.59715,0.59715,0.59715,0.59715,0.59715,0.59715,0.59715,0.59715
2790,0.59408,0.59408,0.59408,0.59408,0.59408,0.59408,0.59408,0.59408,0.59408,0.59408,0.59408,0.59408,0.59408,0.59408,0.59408,0.59408,0.59408,0.59408,0.59408,0.59408,0.59408,0.59408,0.59408,0.59408,0.59408,0.59408,0.59408,0.59408,0.59408
2791,0.59100,0.59100,0.59100,0.59100,0.59100,0.59100,0.59100,0.59100,0.59100,0.59100,0.59100,0.59100,0.59100,0.59100,0.59100,0.59100,0.59100,0.59100,0.59100,0.59100,0.59100,0.59100,0.59100,0.59100,0.59100,0.59100,0.59100,0.59100,0.59100
2792,0.58790,0.58790,0.58790,0.58790,0.58790,0.58790,0.58790,0.58790,0.58790,0.58790,0.58790,0.58790,0.58790,0.58790,0.58790,0.58790,0.58790,0.58790,0.58790,0.58790,0.58790,0.58790,0.58790,0.58790,0.58790,0.58790,0.58790,0.58790,0.58790
2793,0.58479,0.58479,0.58479,0.58479,0.58479,0.58479,0.58479,0.58479,0.58479,0.58479,0.58479,0.58479,0.58479,0.58479,0.58479,0.58479,0.58479,0.58479,0.58479,0.58479,0.58479,0.58479,0.58479,0.58479,0.58479,0.58479,0.58479,0.58479,0.58479
2794,0.58167,0.58167,0.58167,0.58167,0.58167,0.58167,0.58167,0.58167,0.58167,0.58167,0.58167,0.58167,0.58167,0.58167,0.58167,0.58167,0.58167,0.58167,0.58167,0.58167,0.58167,0.58167,0.58167,0.58167,0.58167,0.58167,0.58167,0.58167,0.58167
2795,0.57854,0.57854,0.57854,0.57854,0.57854,0.57854,0.57854,0.57854,0.57854,0.57854,0.57854,0.57854,0.57854,0.57854,0.57854,0.57854,0.57854,0.57854,0.57854,0.57854,0.57854,0.57854,0.57854,0.57854,0.57854,0.57854,0.57854,0.57854,0.57854
2796,0.57540,0.57540,0.57540,0.57540,0.57540,0.57540,0.57540,0.57540,0.57540,0.57540,0.57540,0.57540,0.57540,0.57540,0.57540,0.57540,0.57540,0.57540,0.57540,0.57540,0.57540,0.57540,0.57540,0.57540,0.57540,0.57540,0.57540,0.57540,0.57540
2797,0.57225,0.57225,0.57225,0.57225,0.57225,0.57225,0.57225,0.57225,0.57225,0.57225,0.57225,0.57225,0.57225,0.57225,0.57225,0.57225,0.57225,0.57225,0.57225,0.57225,0.57225,0.57225,0.57225,0.57225,0.57225,0.57225,0.57225,0.57225,0.57225
2798,0.56910,0.56910,0.56910,0.56910,0.56910,0.56910,0.56910,0.56910,0.56910,0.56910,0.56910,0.56910,0.56910,0.56910,0.56910,0.56910,0.56910,0.56910,0.56910,0.56910,0.56910,0.56910,0.56910,0.56910,0.56910,0.56910,0.56910,0.56910,0.56910
2799,0.56593,0.56593,0.56593,0.56593,0.56593,0.56593,0.56593,0.56593,0.56593,0.56593,0.56593,0.56593,0.56593,0.56593,0.56593,0.56593,0.56593,0.56593,0.56593,0.56593,0.56593,0.56593,0.56593,0.56593,0.56593,0.56593,0.56593,0.56593,0.56593
2800,0.56276,0.56276,0.56276,0.56276,0.56276,0.56276,0.56276,0.56276,0.56276,0.56276,0.56276,0.56276,0.56276,0.56276,0.56276,0.56276,0.56276,0.56276,0.56276,0.56276,0.56276,0.56276,0.56276,0.56276,0.56276,0.56276,0.56276,0.56276,0.56276
2801,0.55958,0.55958,0.55958,0.55958,0.55958,0.55958,0.55958,0.55958,0.55958,0.55958,0.55958,0.55958,0.55958,0.55958,0.55958,0.55958,0.55958,0.55958,0.55958,0.55958,0.55958,0.55958,0.55958,0.55958,0.55958,0.55958,0.55958,0.55958,0.55958
2802,0.55640,0.55640,0.55640,0.55640,0.55640,0.55640,0.55640,0.55640,0.55640,0.55640,0.55640,0.55640,0.55640,0.55640,0.55640,0.55640,0.55640,0.55640,0.55640,0.55640,0.55640,0.55640,0.55640,0.55640,0.55640,0.55640,0.55640,0.55640,0.55640
2803,0.55320,0.55320,0.55320,0.55320,0.55320,0.55320,0.55320,0.55320,0.55320,0.55320,0.55320,0.55320,0.55320,0.55320,0.55320,0.55320,0.55320,0.55320,0.55320,0.55320,0.55320,0.55320,0.55320,0.55320,0.55320,0.55320,0.55320,0.55320,0.55320
2804,0.55001,0.55001,0.55001,0.55001,0.55001,0.55001,0.55001,0.55001,0.55001,0.55001,0.55001,0.55001,0.55001,0.55001,0.55001,0.55001,0.55001,0.55001,0.55001,0.55001,0.55001,0.55001,0.55001,0.55001,0.55001,0.55001,0.55001,0.55001,0.55001
2805,0.54680,0.54680,0.54680,0.54680,0.54680,0.54680,0.54680,0.54680,0.54680,0.54680,0.54680,0.54680,0.54680,0.54680,0.54680,0.54680,0.54680,0.54680,0.54680,0.54680,0.54680,0.54680,0.54680,0.54680,0.54680,0.54680,0.54680,0.54680,0.54680
2806,0.54360,0.54360,0.54360,0.54360,0.54360,0.54360,0.54360,0.54360,0.54360,0.54360,0.54360,0.54360,0.54360,0.54360,0.54360,0.54360,0.54360,0.54360,0.54360,0.54360,0.54360,0.54360,0.54360,0.54360,0.54360,0.54360,0.54360,0.54360,0.54360
2807,0.54038,0.54038,0.54038,0.54038,0.54038,0.54038,0.54038,0.54038,0.54038,0.54038,0.54038,0.54038,0.54038,0.54038,0.54038,0.54038,0.54038,0.54038,0.54038,0.54038,0.54038,0.54038,0.54038,0.54038,0.54038,0.54038,0.54038,0.54038,0.54038
2808,0.53717,0.53717,0.53717,0.53717,0.53717,0.53717,0.53717,0.53717,0.53717,0.53717,0.53717,0.53717,0.53717,0.53717,0.53717,0.53717,0.53717,0.53717,0.53717,0.53717,0.53717,0.53717,0.53717,0.53717,0.53717,0.53717,0.53717,0.53717,0.53717
2809,0.53395,0.53395,0.53395,0.53395,0.53395,0.53395,0.53395,0.53395,0.53395,0.53395,0.53395,0.53395,0.53395,0.53395,0.53395,0.53395,0.53395,0.53395,0.53395,0.53395,0.53395,0.53395,0.53395,0.53395,0.53395,0.53395,0.53395,0.53395,0.53395
2810,0.53072,0.53072,0.53072,0.53072,0.53072,0.53072,0.53072,0.53072,0.53072,0.53072,0.53072,0.53072,0.53072,0.53072,0.53072,0.53072,0.53072,0.53072,0.53072,0.53072,0.53072,0.53072,0.53072,0.53072,0.53072,0.53072,0.53072,0.53072,0.53072
2811,0.52750,0.52750,0.52750,0.52750,0.52750,0.52750,0.52750,0.52750,0.52750,0.52750,0.52750,0.52750,0.52750,0.52750,0.52750,0.52750,0.52750,0.52750,0.52750,0.52750,0.52750,0.52750,0.52750,0.52750,0.52750,0.52750,0.52750,0.52750,0.52750
2812,0.52427,0.52427,0.52427,0.52427,0.52427,0.52427,0.52427,0.52427,0.52427,0.52427,0.52427,0.52427,0.52427,0.52427,0.52427,0.52427,0.52427,0.52427,0.52427,0.52427,0.52427,0.52427,0.52427,0.52427,0.52427,0.52427,0.52427,0.52427,0.52427
2813,0.52104,0.52104,0.52104,0.52104,0.52104,0.52104,0.52104,0.52104,0.52104,0.52104,0.52104,0.52104,0.52104,0.52104,0.52104,0.52104,0.52104,0.52104,0.52104,0.52104,0.52104,0.52104,0.52104,0.52104,0.52104,0.52104,0.52104,0.52104,0.52104
2814,0.51780,0.51780,0.51780,0.51780,0.51780,0.51780,0.51780,0.51780,0.51780,0.51780,0.51780,0.51780,0.51780,0.51780,0.51780,0.51780,0.51780,0.51780,0.51780,0.51780,0.51780,0.51780,0.51780,0.51780,0.51780,0.51780,0.51780,0.51780,0.51780
2815,0.51457,0.51457,0.51457,0.51457,0.51457,0.51457,0.51457,0.51457,0.51457,0.51457,0.51457,0.51457,0.51457,0.51457,0.51457,0.51457,0.51457,0.51457,0.51457,0.51457,0.51457,0.51457,0.51457,0.51457,0.51457,0.51457,0.51457,0.51457,0.51457
2816,0.51133,0.51133,0.51133,0.51133,0.51133,0.51133,0.51133,0.51133,0.51133,0.51133,0.51133,0.51133,0.51133,0.51133,0.51133,0.51133,0.51133,0.51133,0.51133,0.51133,0.51133,0.51133,0.51133,0.51133,0.51133,0.51133,0.51133,0.51133,0.51133
2817,0.50810,0.50810,0.50810,0.50810,0.50810,0.50810,0.50810,0.50810,0.50810,0.50810,0.50810,0.50810,0.50810,0.50810,0.50810,0.50810,0.50810,0.50810,0.50810,0.50810,0.50810,0.50810,0.50810,0.50810,0.50810,0.50810,0.50810,0.50810,0.50810
2818,0.50486,0.50486,0.50486,0.50486,0.50486,0.50486,0.50486,0.50486,0.50486,0.50486,0.50486,0.50486,0.50486,0.50486,0.50486,0.50486,0.50486,0.50486,0.50486,0.50486,0.50486,0.50486,0.50486,0.50486,0.50486,0.50486,0.50486,0.50486,0.50486
2819,0.50162,0.50162,0.50162,0.50162,0.50162,0.50162,0.50162,0.50162,0.50162,0.50162,0.50162,0.50162,0.50162,0.50162,0.50162,0.50162,0.50162,0.50162,0.50162,0.50162,0.50162,0.50162,0.50162,0.50162,0.50162,0.50162,0.50162,0.50162,0.50162
2820,0.49838,0.49838,0.49838,0.49838,0.49838,0.49838,0.49838,0.49838,0.49838,0.49838,0.49838,0.49838,0.49838,0.49838,0.49838,0.49838,0.49838,0.49838,0.49838,0.49838,0.49838,0.49838,0.49838,0.49838,0.49838,0.49838,0.49838,0.49838,0.49838
2821,0.49514,0.49514,0.49514,0.49514,0.49514,0.49514,0.49514,0.49514,0.49514,0.49514,0.49514,0.49514,0.49514,0.49514,0.49514,0.49514,0.49514,0.49514,0.49514,0.49514,0.49514,0.49514,0.49514,0.49514,0.49514,0.49514,0.49514,0.49514,0.49514
2822,0.49190,0.49190,0.49190,0.49190,0.49190,0.49190,0.49190,0.49190,0.49190,0.49190,0.49190,0.49190,0.49190,0.49190,0.49190,0.49190,0.49190,0.49190,0.49190,0.49190,0.49190,0.49190,0.49190,0.49190,0.49190,0.49190,0.49190,0.49190,0.49190
2823,0.48867,0.48867,0.48867,0.48867,0.48867,0.48867,0.48867,0.48867,0.48867,0.48867,0.48867,0.48867,0.48867,0.48867,0.48867,0.48867,0.48867,0.48867,0.48867,0.48867,0.48867,0.48867,0.48867,0.48867,0.48867,0.48867,0.48867,0.48867,0.48867
2824,0.48543,0.48543,0.48543,0.48543,0.48543,0.48543,0.48543,0.48543,0.48543,0.48543,0.48543,0.48543,0.48543,0.48543,0.48543,0.48543,0.48543,0.48543,0.48543,0.48543,0.48543,0.48543,0.48543,0.48543,0.48543,0.48543,0.48543,0.48543,0.48543
2825,0.48220,0.48220,0.48220,0.48220,0.48220,0.48220,0.48220,0.48220,0.48220,0.48220,0.48220,0.48220,0.48220,0.48220,0.48220,0.48220,0.48220,0.48220,0.48220,0.48220,0.48220,0.48220,0.48220,0.48220,0.48220,0.48220,0.48220,0.48220,0.48220
2826,0.47896,0.47896,0.47896,0.47896,0.47896,0.47896,0.47896,0.47896,0.47896,0.47896,0.47896,0.47896,0.47896,0.47896,0.47896,0.47896,0.47896,0.47896,0.47896,0.47896,0.47896,0.47896,0.47896,0.47896,0.47896,0.47896,0.47896,0.47896,0.47896
2827,0.47573,0.47573,0.47573,0.47573,0.47573,0.47573,0.47573,0.47573,0.47573,0.47573,0.47573,0.47573,0.47573,0.47573,0.47573,0.47573,0.47573,0.47573,0.47573,0.47573,0.47573,0.47573,0.47573,0.47573,0.47573,0.47573,0.47573,0.47573,0.47573
2828,0.47250,0.47250,0.47250,0.47250,0.47250,0.47250,0.47250,0.47250,0.47250,0.47250,0.47250,0.47250,0.47250,0.47250,0.47250,0.47250,0.47250,0.47250,0.47250,0.47250,0.47250,0.47250,0.47250,0.47250,0.47250,0.47250,0.47250,0.47250,0.47250
2829,0.46928,0.46928,0.46928,0.46928,0.46928,0.46928,0.46928,0.46928,0.46928,0.46928,0.46928,0.46928,0.46928,0.46928,0.46928,0.46928,0.46928,0.46928,0.46928,0.46928,0.46928,0.46928,0.46928,0.46928,0.46928,0.46928,0.46928,0.46928,0.46928
2830,0.46605,0.46605,0.46605,0.46605,0.46605,0.46605,0.46605,0.46605,0.46605,0.46605,0.46605,0.46605,0.46605,0.46605,0.46605,0.46605,0.46605,0.46605,0.46605,0.46605,0.46605,0.46605,0.46605,0.46605,0.46605,0.46605,0.46605,0.46605,0.46605
2831,0.46283,0.46283,0.46283,0.46283,0.46283,0.46283,0.46283,0.46283,0.46283,0.46283,0.46283,0.46283,0.46283,0.46283,0.46283,0.46283,0.46283,0.46283,0.46283,0.46283,0.46283,0.46283,0.46283,0.46283,0.46283,0.46283,0.46283,0.46283,0.46283
2832,0.45962,0.45962,0.45962,0.45962,0.45962,0.45962,0.45962,0.45962,0.45962,0.45962,0.45962,0.45962,0.45962,0.45962,0.45962,0.45962,0.45962,0.45962,0.45962,0.45962,0.45962,0.45962,0.45962,0.45962,0.45962,0.45962,0.45962,0.45962,0.45962
2833,0.45640,0.45640,0.45640,0.45640,0.45640,0.45640,0.45640,0.45640,0.45640,0.45640,0.45640,0.45640,0.45640,0.45640,0.45640,0.45640,0.45640,0.45640,0.45640,0.45640,0.45640,0.45640,0.45640,0.45640,0.45640,0.45640,0.45640,0.45640,0.45640
2834,0.45320,0.45320,0.45320,0.45320,0.45320,0.45320,0.45320,0.45320,0.45320,0.45320,0.45320,0.45320,0.45320,0.45320,0.45320,0.45320,0.45320,0.45320,0.45320,0.45320,0.45320,0.45320,0.45320,0.45320,0.45320,0.45320,0.45320,0.45320,0.45320
2835,0.44999,0.44999,0.44999,0.44999,0.44999,0.44999,0.44999,0.44999,0.44999,0.44999,0.44999,0.44999,0.44999,0.44999,0.44999,0.44999,0.44999,0.44999,0.44999,0.44999,0.44999,0.44999,0.44999,0.44999,0.44999,0.44999,0.44999,0.44999,0.44999
2836,0.44680,0.44680,0.44680,0.44680,0.44680,0.44680,0.44680,0.44680,0.44680,0.44680,0.44680,0.44680,0.44680,0.44680,0.44680,0.44680,0.44680,0.44680,0.44680,0.44680,0.44680,0.44680,0.44680,0.44680,0.44680,0.44680,0.44680,0.44680,0.44680
2837,0.44360,0.44360,0.44360,0.44360,0.44360,0.44360,0.44360,0.44360,0.44360,0.44360,0.44360,0.44360,0.44360,0.44360,0.44360,0.44360,0.44360,0.44360,0.44360,0.44360,0.44360,0.44360,0.44360,0.44360,0.44360,0.44360,0.44360,0.44360,0.44360
2838,0.44042,0.44042,0.44042,0.44042,0.44042,0.44042,0.44042,0.44042,0.44042,0.44042,0.44042,0.44042,0.44042,0.44042,0.44042,0.44042,0.44042,0.44042,0.44042,0.44042,0.44042,0.44042,0.44042,0.44042,0.44042,0.44042,0.44042,0.44042,0.44042
2839,0.43724,0.43724,0.43724,0.43724,0.43724,0.43724,0.43724,0.43724,0.43724,0.43724,0.43724,0.43724,0.43724,0.43724,0.43724,0.43724,0.43724,0.43724,0.43724,0.43724,0.43724,0.43724,0.43724,0.43724,0.43724,0.43724,0.43724,0.43724,0.43724
2840,0.43407,0.43407,0.43407,0.43407,0.43407,0.43407,0.43407,0.43407,0.43407,0.43407,0.43407,0.43407,0.43407,0.43407,0.43407,0.43407,0.43407,0.43407,0.43407,0.43407,0.43407,0.43407,0.43407,0.43407,0.43407,0.43407,0.43407,0.43407,0.43407
2841,0.43090,0.43090,0.43090,0.43090,0.43090,0.43090,0.43090,0.43090,0.43090,0.43090,0.43090,0.43090,0.43090,0.43090,0.43090,0.43090,0.43090,0.43090,0.43090,0.43090,0.43090,0.43090,0.43090,0.43090,0.43090,0.43090,0.43090,0.43090,0.43090
2842,0.42775,0.42775,0.42775,0.42775,0.42775,0.42775,0.42775,0.42775,0.42775,0.42775,0.42775,0.42775,0.42775,0.42775,0.42775,0.42775,0.42775,0.42775,0.42775,0.42775,0.42775,0.42775,0.42775,0.42775,0.42775,0.42775,0.42775,0.42775,0.42775
2843,0.42460,0.42460,0.42460,0.42460,0.42460,0.42460,0.42460,0.42460,0.42460,0.42460,0.42460,0.42460,0.42460,0.42460,0.42460,0.42460,0.42460,0.42460,0.42460,0.42460,0.42460,0.42460,0.42460,0.42460,0.42460,0.42460,0.42460,0.42460,0.42460
2844,0.42146,0.42146,0.42146,0.42146,0.42146,0.42146,0.42146,0.42146,0.42146,0.42146,0.42146,0.42146,0.42146,0.42146,0.42146,0.42146,0.42146,0.42146,0.42146,0.42146,0.42146,0.42146,0.42146,0.42146,0.42146,0.42146,0.42146,0.42146,0.42146
2845,0.41833,0.41833,0.41833,0.41833,0.41833,0.41833,0.41833,0.41833,0.41833,0.41833,0.41833,0.41833,0.41833,0.41833,0.41833,0.41833,0.41833,0.41833,0.41833,0.41833,0.41833,0.41833,0.41833,0.41833,0.41833,0.41833,0.41833,0.41833,0.41833
2846,0.41521,0.41521,0.41521,0.41521,0.41521,0.41521,0.41521,0.41521,0.41521,0.41521,0.41521,0.41521,0.41521,0.41521,0.41521,0.41521,0.41521,0.41521,0.41521,0.41521,0.41521,0.41521,0.41521,0.41521,0.41521,0.41521,0.41521,0.41521,0.41521
2847,0.41210,0.41210,0.41210,0.41210,0.41210,0.41210,0.41210,0.41210,0.41210,0.41210,0.41210,0.41210,0.41210,0.41210,0.41210,0.41210,0.41210,0.41210,0.41210,0.41210,0.41210,0.41210,0.41210,0.41210,0.41210,0.41210,0.41210,0.41210,0.41210
2848,0.40900,0.40900,0.40900,0.40900,0.40900,0.40900,0.40900,0.40900,0.40900,0.40900,0.40900,0.40900,0.40900,0.40900,0.40900,0.40900,0.40900,0.40900,0.40900,0.40900,0.40900,0.40900,0.40900,0.40900,0.40900,0.40900,0.40900,0.40900,0.40900
2849,0.40592,0.40592,0.40592,0.40592,0.40592,0.40592,0.40592,0.40592,0.40592,0.40592,0.40592,0.40592,0.40592,0.40592,0.40592,0.40592,0.40592,0.40592,0.40592,0.40592,0.40592,0.40592,0.40592,0.40592,0.40592,0.40592,0.40592,0.40592,0.40592
2850,0.40285,0.40285,0.40285,0.40285,0.40285,0.40285,0.40285,0.40285,0.40285,0.40285,0.40285,0.40285,0.40285,0.40285,0.40285,0.40285,0.40285,0.40285,0.40285,0.40285,0.40285,0.40285,0.40285,0.40285,0.40285,0.40285,0.40285,0.40285,0.40285
2851,0.39979,0.39979,0.39979,0.39979,0.39979,0.39979,0.39979,0.39979,0.39979,0.39979,0.39979,0.39979,0.39979,0.39979,0.39979,0.39979,0.39979,0.39979,0.39979,0.39979,0.39979,0.39979,0.39979,0.39979,0.39979,0.39979,0.39979,0.39979,0.39979
2852,0.39674,0.39674,0.39674,0.39674,0.39674,0.39674,0.39674,0.39674,0.39674,0.39674,0.39674,0.39674,0.39674,0.39674,0.39674,0.39674,0.39674,0.39674,0.39674,0.39674,0.39674,0.39674,0.39674,0.39674,0.39674,0.39674,0.39674,0.39674,0.39674
2853,0.39371,0.39371,0.39371,0.39371,0.39371,0.39371,0.39371,0.39371,0.39371,0.39371,0.39371,0.39371,0.39371,0.39371,0.39371,0.39371,0.39371,0.39371,0.39371,0.39371,0.39371,0.39371,0.39371,0.39371,0.39371,0.39371,0.39371,0.39371,0.39371
2854,0.39070,0.39070,0.39070,0.39070,0.39070,0.39070,0.39070,0.39070,0.39070,0.39070,0.39070,0.39070,0.39070,0.39070,0.39070,0.39070,0.39070,0.39070,0.39070,0.39070,0.39070,0.39070,0.39070,0.39070,0.39070,0.39070,0.39070,0.39070,0.39070
2855,0.38770,0.38770,0.38770,0.38770,0.38770,0.38770,0.38770,0.38770,0.38770,0.38770,0.38770,0.38770,0.38770,0.38770,0.38770,0.38770,0.38770,0.38770,0.38770,0.38770,0.38770,0.38770,0.38770,0.38770,0.38770,0.38770,0.38770,0.38770,0.38770
2856,0.38472,0.38472,0.38472,0.38472,0.38472,0.38472,0.38472,0.38472,0.38472,0.38472,0.38472,0.38472,0.38472,0.38472,0.38472,0.38472,0.38472,0.38472,0.38472,0.38472,0.38472,0.38472,0.38472,0.38472,0.38472,0.38472,0.38472,0.38472,0.38472
2857,0.38176,0.38176,0.38176,0.38176,0.38176,0.38176,0.38176,0.38176,0.38176,0.38176,0.38176,0.38176,0.38176,0.38176,0.38176,0.38176,0.38176,0.38176,0.38176,0.38176,0.38176,0.38176,0.38176,0.38176,0.38176,0.38176,0.38176,0.38176,0.38176
2858,0.37882,0.37882,0.37882,0.37882,0.37882,0.37882,0.37882,0.37882,0.37882,0.37882,0.37882,0.37882,0.37882,0.37882,0.37882,0.37882,0.37882,0.37882,0.37882,0.37882,0.37882,0.37882,0.37882,0.37882,0.37882,0.37882,0.37882,0.37882,0.37882
2859,0.37590,0.37590,0.37590,0.37590,0.37590,0.37590,0.37590,0.37590,0.37590,0.37590,0.37590,0.37590,0.37590,0.37590,0.37590,0.37590,0.37590,0.37590,0.37590,0.37590,0.37590,0.37590,0.37590,0.37590,0.37590,0.37590,0.37590,0.37590,0.37590
2860,0.37300,0.37300,0.37300,0.37300,0.37300,0.37300,0.37300,0.37300,0.37300,0.37300,0.37300,0.37300,0.37300,0.37300,0.37300,0.37300,0.37300,0.37300,0.37300,0.37300,0.37300,0.37300,0.37300,0.37300,0.37300,0.37300,0.37300,0.37300,0.37300
2861,0.37012,0.37012,0.37012,0.37012,0.37012,0.37012,0.37012,0.37012,0.37012,0.37012,0.37012,0.37012,0.37012,0.37012,0.37012,0.37012,0.37012,0.37012,0.37012,0.37012,0.37012,0.37012,0.37012,0.37012,0.37012,0.37012,0.37012,0.37012,0.37012
2862,0.36726,0.36726,0.36726,0.36726,0.36726,0.36726,0.36726,0.36726,0.36726,0.36726,0.36726,0.36726,0.36726,0.36726,0.36726,0.36726,0.36726,0.36726,0.36726,0.36726,0.36726,0.36726,0.36726,0.36726,0.36726,0.36726,0.36726,0.36726,0.36726
2863,0.36443,0.36443,0.36443,0.36443,0.36443,0.36443,0.36443,0.36443,0.36443,0.36443,0.36443,0.36443,0.36443,0.36443,0.36443,0.36443,0.36443,0.36443,0.36443,0.36443,0.36443,0.36443,0.36443,0.36443,0.36443,0.36443,0.36443,0.36443,0.36443
2864,0.36163,0.36163,0.36163,0.36163,0.36163,0.36163,0.36163,0.36163,0.36163,0.36163,0.36163,0.36163,0.36163,0.36163,0.36163,0.36163,0.36163,0.36163,0.36163,0.36163,0.36163,0.36163,0.36163,0.36163,0.36163,0.36163,0.36163,0.36163,0.36163
2865,0.35885,0.35885,0.35885,0.35885,0.35885,0.35885,0.35885,0.35885,0.35885,0.35885,0.35885,0.35885,0.35885,0.35885,0.35885,0.35885,0.35885,0.35885,0.35885,0.35885,0.35885,0.35885,0.35885,0.35885,0.35885,0.35885,0.35885,0.35885,0.35885
2866,0.35610,0.35610,0.35610,0.35610,0.35610,0.35610,0.35610,0.35610,0.35610,0.35610,0.35610,0.35610,0.35610,0.35610,0.35610,0.35610,0.35610,0.35610,0.35610,0.35610,0.35610,0.35610,0.35610,0.35610,0.35610,0.35610,0.35610,0.35610,0.35610
2867,0.35338,0.35338,0.35338,0.35338,0.35338,0.35338,0.35338,0.35338,0.35338,0.35338,0.35338,0.35338,0.35338,0.35338,0.35338,0.35338,0.35338,0.35338,0.35338,0.35338,0.35338,0.35338,0.35338,0.35338,0.35338,0.35338,0.35338,0.35338,0.35338
2868,0.35069,0.35069,0.35069,0.35069,0.35069,0.35069,0.35069,0.35069,0.35069,0.35069,0.35069,0.35069,0.35069,0.35069,0.35069,0.35069,0.35069,0.35069,0.35069,0.35069,0.35069,0.35069,0.35069,0.35069,0.35069,0.35069,0.35069,0.35069,0.35069
2869,0.34802,0.34802,0.34802,0.34802,0.34802,0.34802,0.34802,0.34802,0.34802,0.34802,0.34802,0.34802,0.34802,0.34802,0.34802,0.34802,0.34802,0.34802,0.34802,0.34802,0.34802,0.34802,0.34802,0.34802,0.34802,0.34802,0.34802,0.34802,0.34802
2870,0.34540,0.34540,0.34540,0.34540,0.34540,0.34540,0.34540,0.34540,0.34540,0.34540,0.34540,0.34540,0.34540,0.34540,0.34540,0.34540,0.34540,0.34540,0.34540,0.34540,0.34540,0.34540,0.34540,0.34540,0.34540,0.34540,0.34540,0.34540,0.34540
2871,0.34280,0.34280,0.34280,0.34280,0.34280,0.34280,0.34280,0.34280,0.34280,0.34280,0.34280,0.34280,0.34280,0.34280,0.34280,0.34280,0.34280,0.34280,0.34280,0.34280,0.34280,0.34280,0.34280,0.34280,0.34280,0.34280,0.34280,0.34280,0.34280
2872,0.34025,0.34025,0.34025,0.34025,0.34025,0.34025,0.34025,0.34025,0.34025,0.34025,0.34025,0.34025,0.34025,0.34025,0.34025,0.34025,0.34025,0.34025,0.34025,0.34025,0.34025,0.34025,0.34025,0.34025,0.34025,0.34025,0.34025,0.34025,0.34025
2873,0.33773,0.33773,0.33773,0.33773,0.33773,0.33773,0.33773,0.33773,0.33773,0.33773,0.33773,0.33773,0.33773,0.33773,0.33773,0.33773,0.33773,0.33773,0.33773,0.33773,0.33773,0.33773,0.33773,0.33773,0.33773,0.33773,0.33773,0.33773,0.33773
2874,0.33524,0.33524,0.33524,0.33524,0.33524,0.33524,0.33524,0.33524,0.33524,0.33524,0.33524,0.33524,0.33524,0.33524,0.33524,0.33524,0.33524,0.33524,0.33524,0.33524,0.33524,0.33524,0.33524,0.33524,0.33524,0.33524,0.33524,0.33524,0.33524
2875,0.33280,0.33280,0.33280,0.33280,0.33280,0.33280,0.33280,0.33280,0.33280,0.33280,0.33280,0.33280,0.33280,0.33280,0.33280,0.33280,0.33280,0.33280,0.33280,0.33280,0.33280,0.33280,0.33280,0.33280,0.33280,0.33280,0.33280,0.33280,0.33280
2876,0.33040,0.33040,0.33040,0.33040,0.33040,0.33040,0.33040,0.33040,0.33040,0.33040,0.33040,0.33040,0.33040,0.33040,0.33040,0.33040,0.33040,0.33040,0.33040,0.33040,0.33040,0.33040,0.33040,0.33040,0.33040,0.33040,0.33040,0.33040,0.33040
2877,0.32804,0.32804,0.32804,0.32804,0.32804,0.32804,0.32804,0.32804,0.32804,0.32804,0.32804,0.32804,0.32804,0.32804,0.32804,0.32804,0.32804,0.32804,0.32804,0.32804,0.32804,0.32804,0.32804,0.32804,0.32804,0.32804,0.32804,0.32804,0.32804
2878,0.32573,0.32573,0.32573,0.32573,0.32573,0.32573,0.32573,0.32573,0.32573,0.32573,0.32573,0.32573,0.32573,0.32573,0.32573,0.32573,0.32573,0.32573,0.32573,0.32573,0.32573,0.32573,0.32573,0.32573,0.32573,0.32573,0.32573,0.32573,0.32573
2879,0.32346,0.32346,0.32346,0.32346,0.32346,0.32346,0.32346,0.32346,0.32346,0.32346,0.32346,0.32346,0.32346,0.32346,0.32346,0.32346,0.32346,0.32346,0.32346,0.32346,0.32346,0.32346,0.32346,0.32346,0.32346,0.32346,0.32346,0.32346,0.32346
2880,0.32124,0.32124,0.32124,0.32124,0.32124,0.32124,0.32124,0.32124,0.32124,0.32124,0.32124,0.32124,0.32124,0.32124,0.32124,0.32124,0.32124,0.32124,0.32124,0.32124,0.32124,0.32124,0.32124,0.32124,0.32124,0.32124,0.32124,0.32124,0.32124
2881,0.31907,0.31907,0.31907,0.31907,0.31907,0.31907,0.31907,0.31907,0.31907,0.31907,0.31907,0.31907,0.31907,0.31907,0.31907,0.31907,0.31907,0.31907,0.31907,0.31907,0.31907,0.31907,0.31907,0.31907,0.31907,0.31907,0.31907,0.31907,0.31907
2882,0.31696,0.31696,0.31696,0.31696,0.31696,0.31696,0.31696,0.31696,0.31696,0.31696,0.31696,0.31696,0.31696,0.31696,0.31696,0.31696,0.31696,0.31696,0.31696,0.31696,0.31696,0.31696,0.31696,0.31696,0.31696,0.31696,0.31696,0.31696,0.31696
2883,0.31489,0.31489,0.31489,0.31489,0.31489,0.31489,0.31489,0.31489,0.31489,0.31489,0.31489,0.31489,0.31489,0.31489,0.31489,0.31489,0.31489,0.31489,0.31489,0.31489,0.31489,0.31489,0.31489,0.31489,0.31489,0.31489,0.31489,0.31489,0.31489
2884,0.31288,0.31288,0.31288,0.31288,0.31288,0.31288,0.31288,0.31288,0.31288,0.31288,0.31288,0.31288,0.31288,0.31288,0.31288,0.31288,0.31288,0.31288,0.31288,0.31288,0.31288,0.31288,0.31288,0.31288,0.31288,0.31288,0.31288,0.31288,0.31288
2885,0.31092,0.31092,0.31092,0.31092,0.31092,0.31092,0.31092,0.31092,0.31092,0.31092,0.31092,0.31092,0.31092,0.31092,0.31092,0.31092,0.31092,0.31092,0.31092,0.31092,0.31092,0.31092,0.31092,0.31092,0.31092,0.31092,0.31092,0.31092,0.31092
2886,0.30902,0.30902,0.30902,0.30902,0.30902,0.30902,0.30902,0.30902,0.30902,0.30902,0.30902,0.30902,0.30902,0.30902,0.30902,0.30902,0.30902,0.30902,0.30902,0.30902,0.30902,0.30902,0.30902,0.30902,0.30902,0.30902,0.30902,0.30902,0.30902
2887,0.30718,0.30718,0.30718,0.30718,0.30718,0.30718,0.30718,0.30718,0.30718,0.30718,0.30718,0.30718,0.30718,0.30718,0.30718,0.30718,0.30718,0.30718,0.30718,0.30718,0.30718,0.30718,0.30718,0.30718,0.30718,0.30718,0.30718,0.30718,0.30718
2888,0.30540,0.30540,0.30540,0.30540,0.30540,0.30540,0.30540,0.30540,0.30540,0.30540,0.30540,0.30540,0.30540,0.30540,0.30540,0.30540,0.30540,0.30540,0.30540,0.30540,0.30540,0.30540,0.30540,0.30540,0.30540,0.30540,0.30540,0.30540,0.30540
2889,0.30369,0.30369,0.30369,0.30369,0.30369,0.30369,0.30369,0.30369,0.30369,0.30369,0.30369,0.30369,0.30369,0.30369,0.30369,0.30369,0.30369,0.30369,0.30369,0.30369,0.30369,0.30369,0.30369,0.30369,0.30369,0.30369,0.30369,0.30369,0.30369
2890,0.30203,0.30203,0.30203,0.30203,0.30203,0.30203,0.30203,0.30203,0.30203,0.30203,0.30203,0.30203,0.30203,0.30203,0.30203,0.30203,0.30203,0.30203,0.30203,0.30203,0.30203,0.30203,0.30203,0.30203,0.30203,0.30203,0.30203,0.30203,0.30203
2891,0.30045,0.30045,0.30045,0.30045,0.30045,0.30045,0.30045,0.30045,0.30045,0.30045,0.30045,0.30045,0.30045,0.30045,0.30045,0.30045,0.30045,0.30045,0.30045,0.30045,0.30045,0.30045,0.30045,0.30045,0.30045,0.30045,0.30045,0.30045,0.30045
2892,0.29893,0.29893,0.29893,0.29893,0.29893,0.29893,0.29893,0.29893,0.29893,0.29893,0.29893,0.29893,0.29893,0.29893,0.29893,0.29893,0.29893,0.29893,0.29893,0.29893,0.29893,0.29893,0.29893,0.29893,0.29893,0.29893,0.29893,0.29893,0.29893
2893,0.29748,0.29748,0.29748,0.29748,0.29748,0.29748,0.29748,0.29748,0.29748,0.29748,0.29748,0.29748,0.29748,0.29748,0.29748,0.29748,0.29748,0.29748,0.29748,0.29748,0.29748,0.29748,0.29748,0.29748,0.29748,0.29748,0.29748,0.29748,0.29748
2894,0.29609,0.29609,0.29609,0.29609,0.29609,0.29609,0.29609,0.29609,0.29609,0.29609,0.29609,0.29609,0.29609,0.29609,0.29609,0.29609,0.29609,0.29609,0.29609,0.29609,0.29609,0.29609,0.29609,0.29609,0.29609,0.29609,0.29609,0.29609,0.29609
2895,0.29479,0.29479,0.29479,0.29479,0.29479,0.29479,0.29479,0.29479,0.29479,0.29479,0.29479,0.29479,0.29479,0.29479,0.29479,0.29479,0.29479,0.29479,0.29479,0.29479,0.29479,0.29479,0.29479,0.29479,0.29479,0.29479,0.29479,0.29479,0.29479
2896,0.29355,0.29355,0.29355,0.29355,0.29355,0.29355,0.29355,0.29355,0.29355,0.29355,0.29355,0.29355,0.29355,0.29355,0.29355,0.29355,0.29355,0.29355,0.29355,0.29355,0.29355,0.29355,0.29355,0.29355,0.29355,0.29355,0.29355,0.29355,0.29355
2897,0.29239,0.29239,0.29239,0.29239,0.29239,0.29239,0.29239,0.29239,0.29239,0.29239,0.29239,0.29239,0.29239,0.29239,0.29239,0.29239,0.29239,0.29239,0.29239,0.29239,0.29239,0.29239,0.29239,0.29239,0.29239,0.29239,0.29239,0.29239,0.29239
2898,0.29130,0.29130,0.29130,0.29130,0.29130,0.29130,0.29130,0.29130,0.29130,0.29130,0.29130,0.29130,0.29130,0.29130,0.29130,0.29130,0.29130,0.29130,0.29130,0.29130,0.29130,0.29130,0.29130,0.29130,0.29130,0.29130,0.29130,0.29130,0.29130
2899,0.29029,0.29029,0.29029,0.29029,0.29029,0.29029,0.29029,0.29029,0.29029,0.29029,0.29029,0.29029,0.29029,0.29029,0.29029,0.29029,0.29029,0.29029,0.29029,0.29029,0.29029,0.29029,0.29029,0.29029,0.29029,0.29029,0.29029,0.29029,0.29029
2900,0.28936,0.28936,0.28936,0.28936,0.28936,0.28936,0.28936,0.28936,0.28936,0.28936,0.28936,0.28936,0.28936,0.28936,0.28936,0.28936,0.28936,0.28936,0.28936,0.28936,0.28936,0.28936,0.28936,0.28936,0.28936,0.28936,0.28936,0.28936,0.28936
2901,0.28851,0.28851,0.28851,0.28851,0.28851,0.28851,0.28851,0.28851,0.28851,0.28851,0.28851,0.28851,0.28851,0.28851,0.28851,0.28851,0.28851,0.28851,0.28851,0.28851,0.28851,0.28851,0.28851,0.28851,0.28851,0.28851,0.28851,0.28851,0.28851
2902,0.28773,0.28773,0.28773,0.28773,0.28773,0.28773,0.28773,0.28773,0.28773,0.28773,0.28773,0.28773,0.28773,0.28773,0.28773,0.28773,0.28773,0.28773,0.28773,0.28773,0.28773,0.28773,0.28773,0.28773,0.28773,0.28773,0.28773,0.28773,0.28773
2903,0.28704,0.28704,0.28704,0.28704,0.28704,0.28704,0.28704,0.28704,0.28704,0.28704,0.28704,0.28704,0.28704,0.28704,0.28704,0.28704,0.28704,0.28704,0.28704,0.28704,0.28704,0.28704,0.28704,0.28704,0.28704,0.28704,0.28704,0.28704,0.28704
2904,0.28643,0.28643,0.28643,0.28643,0.28643,0.28643,0.28643,0.28643,0.28643,0.28643,0.28643,0.28643,0.28643,0.28643,0.28643,0.28643,0.28643,0.28643,0.28643,0.28643,0.28643,0.28643,0.28643,0.28643,0.28643,0.28643,0.28643,0.28643,0.28643
2905,0.28591,0.28591,0.28591,0.28591,0.28591,0.28591,0.28591,0.28591,0.28591,0.28591,0.28591,0.28591,0.28591,0.28591,0.28591,0.28591,0.28591,0.28591,0.28591,0.28591,0.28591,0.28591,0.28591,0.28591,0.28591,0.28591,0.28591,0.28591,0.28591
2906,0.28546,0.28546,0.28546,0.28546,0.28546,0.28546,0.28546,0.28546,0.28546,0.28546,0.28546,0.28546,0.28546,0.28546,0.28546,0.28546,0.28546,0.28546,0.28546,0.28546,0.28546,0.28546,0.28546,0.28546,0.28546,0.28546,0.28546,0.28546,0.28546
2907,0.28510,0.28510,0.28510,0.28510,0.28510,0.28510,0.28510,0.28510,0.28510,0.28510,0.28510,0.28510,0.28510,0.28510,0.28510,0.28510,0.28510,0.28510,0.28510,0.28510,0.28510,0.28510,0.28510,0.28510,0.28510,0.28510,0.28510,0.28510,0.28510
2908,0.28483,0.28483,0.28483,0.28483,0.28483,0.28483,0.28483,0.28483,0.28483,0.28483,0.28483,0.28483,0.28483,0.28483,0.28483,0.28483,0.28483,0.28483,0.28483,0.28483,0.28483,0.28483,0.28483,0.28483,0.28483,0.28483,0.28483,0.28483,0.28483
2909,0.28464,0.28464,0.28464,0.28464,0.28464,0.28464,0.28464,0.28464,0.28464,0.28464,0.28464,0.28464,0.28464,0.28464,0.28464,0.28464,0.28464,0.28464,0.28464,0.28464,0.28464,0.28464,0.28464,0.28464,0.28464,0.28464,0.28464,0.28464,0.28464
2910,0.28453,0.28453,0.28453,0.28453,0.28453,0.28453,0.28453,0.28453,0.28453,0.28453,0.28453,0.28453,0.28453,0.28453,0.28453,0.28453,0.28453,0.28453,0.28453,0.28453,0.28453,0.28453,0.28453,0.28453,0.28453,0.28453,0.28453,0.28453,0.28453
2911,0.28451,0.28451,0.28451,0.28451,0.28451,0.28451,0.28451,0.28451,0.28451,0.28451,0.28451,0.28451,0.28451,0.28451,0.28451,0.28451,0.28451,0.28451,0.28451,0.28451,0.28451,0.28451,0.28451,0.28451,0.28451,0.28451,0.28451,0.28451,0.28451
2912,0.28457,0.28457,0.28457,0.28457,0.28457,0.28457,0.28457,0.28457,0.28457,0.28457,0.28457,0.28457,0.28457,0.28457,0.28457,0.28457,0.28457,0.28457,0.28457,0.28457,0.28457,0.28457,0.28457,0.28457,0.28457,0.28457,0.28457,0.28457,0.28457
2913,0.28472,0.28472,0.28472,0.28472,0.28472,0.28472,0.28472,0.28472,0.28472,0.28472,0.28472,0.28472,0.28472,0.28472,0.28472,0.28472,0.28472,0.28472,0.28472,0.28472,0.28472,0.28472,0.28472,0.28472,0.28472,0.28472,0.28472,0.28472,0.28472
2914,0.28496,0.28496,0.28496,0.28496,0.28496,0.28496,0.28496,0.28496,0.28496,0.28496,0.28496,0.28496,0.28496,0.28496,0.28496,0.28496,0.28496,0.28496,0.28496,0.28496,0.28496,0.28496,0.28496,0.28496,0.28496,0.28496,0.28496,0.28496,0.28496
2915,0.28527,0.28527,0.28527,0.28527,0.28527,0.28527,0.28527,0.28527,0.28527,0.28527,0.28527,0.28527,0.28527,0.28527,0.28527,0.28527,0.28527,0.28527,0.28527,0.28527,0.28527,0.28527,0.28527,0.28527,0.28527,0.28527,0.28527,0.28527,0.28527
2916,0.28567,0.28567,0.28567,0.28567,0.28567,0.28567,0.28567,0.28567,0.28567,0.28567,0.28567,0.28567,0.28567,0.28567,0.28567,0.28567,0.28567,0.28567,0.28567,0.28567,0.28567,0.28567,0.28567,0.28567,0.28567,0.28567,0.28567,0.28567,0.28567
2917,0.28616,0.28616,0.28616,0.28616,0.28616,0.28616,0.28616,0.28616,0.28616,0.28616,0.28616,0.28616,0.28616,0.28616,0.28616,0.28616,0.28616,0.28616,0.28616,0.28616,0.28616,0.28616,0.28616,0.28616,0.28616,0.28616,0.28616,0.28616,0.28616
2918,0.28673,0.28673,0.28673,0.28673,0.28673,0.28673,0.28673,0.28673,0.28673,0.28673,0.28673,0.28673,0.28673,0.28673,0.28673,0.28673,0.28673,0.28673,0.28673,0.28673,0.28673,0.28673,0.28673,0.28673,0.28673,0.28673,0.28673,0.28673,0.28673
2919,0.28738,0.28738,0.28738,0.28738,0.28738,0.28738,0.28738,0.28738,0.28738,0.28738,0.28738,0.28738,0.28738,0.28738,0.28738,0.28738,0.28738,0.28738,0.28738,0.28738,0.28738,0.28738,0.28738,0.28738,0.28738,0.28738,0.28738,0.28738,0.28738
2920,0.28811,0.28811,0.28811,0.28811,0.28811,0.28811,0.28811,0.28811,0.28811,0.28811,0.28811,0.28811,0.28811,0.28811,0.28811,0.28811,0.28811,0.28811,0.28811,0.28811,0.28811,0.28811,0.28811,0.28811,0.28811,0.28811,0.28811,0.28811,0.28811
2921,0.28892,0.28892,0.28892,0.28892,0.28892,0.28892,0.28892,0.28892,0.28892,0.28892,0.28892,0.28892,0.28892,0.28892,0.28892,0.28892,0.28892,0.28892,0.28892,0.28892,0.28892,0.28892,0.28892,0.28892,0.28892,0.28892,0.28892,0.28892,0.28892
2922,0.28982,0.28982,0.28982,0.28982,0.28982,0.28982,0.28982,0.28982,0.28982,0.28982,0.28982,0.28982,0.28982,0.28982,0.28982,0.28982,0.28982,0.28982,0.28982,0.28982,0.28982,0.28982,0.28982,0.28982,0.28982,0.28982,0.28982,0.28982,0.28982
2923,0.29079,0.29079,0.29079,0.29079,0.29079,0.29079,0.29079,0.29079,0.29079,0.29079,0.29079,0.29079,0.29079,0.29079,0.29079,0.29079,0.29079,0.29079,0.29079,0.29079,0.29079,0.29079,0.29079,0.29079,0.29079,0.29079,0.29079,0.29079,0.29079
2924,0.29183,0.29183,0.29183,0.29183,0.29183,0.29183,0.29183,0.29183,0.29183,0.29183,0.29183,0.29183,0.29183,0.29183,0.29183,0.29183,0.29183,0.29183,0.29183,0.29183,0.29183,0.29183,0.29183,0.29183,0.29183,0.29183,0.29183,0.29183,0.29183
2925,0.29296,0.29296,0.29296,0.29296,0.29296,0.29296,0.29296,0.29296,0.29296,0.29296,0.29296,0.29296,0.29296,0.29296,0.29296,0.29296,0.29296,0.29296,0.29296,0.29296,0.29296,0.29296,0.29296,0.29296,0.29296,0.29296,0.29296,0.29296,0.29296
2926,0.29416,0.29416,0.29416,0.29416,0.29416,0.29416,0.29416,0.29416,0.29416,0.29416,0.29416,0.29416,0.29416,0.29416,0.29416,0.29416,0.29416,0.29416,0.29416,0.29416,0.29416,0.29416,0.29416,0.29416,0.29416,0.29416,0.29416,0.29416,0.29416
2927,0.29543,0.29543,0.29543,0.29543,0.29543,0.29543,0.29543,0.29543,0.29543,0.29543,0.29543,0.29543,0.29543,0.29543,0.29543,0.29543,0.29543,0.29543,0.29543,0.29543,0.29543,0.29543,0.29543,0.29543,0.29543,0.29543,0.29543,0.29543,0.29543
2928,0.29678,0.29678,0.29678,0.29678,0.29678,0.29678,0.29678,0.29678,0.29678,0.29678,0.29678,0.29678,0.29678,0.29678,0.29678,0.29678,0.29678,0.29678,0.29678,0.29678,0.29678,0.29678,0.29678,0.29678,0.29678,0.29678,0.29678,0.29678,0.29678
2929,0.29819,0.29819,0.29819,0.29819,0.29819,0.29819,0.29819,0.29819,0.29819,0.29819,0.29819,0.29819,0.29819,0.29819,0.29819,0.29819,0.29819,0.29819,0.29819,0.29819,0.29819,0.29819,0.29819,0.29819,0.29819,0.29819,0.29819,0.29819,0.29819
2930,0.29968,0.29968,0.29968,0.29968,0.29968,0.29968,0.29968,0.29968,0.29968,0.29968,0.29968,0.29968,0.29968,0.29968,0.29968,0.29968,0.29968,0.29968,0.29968,0.29968,0.29968,0.29968,0.29968,0.29968,0.29968,0.29968,0.29968,0.29968,0.29968
2931,0.30123,0.30123,0.30123,0.30123,0.30123,0.30123,0.30123,0.30123,0.30123,0.30123,0.30123,0.30123,0.30123,0.30123,0.30123,0.30123,0.30123,0.30123,0.30123,0.30123,0.30123,0.30123,0.30123,0.30123,0.30123,0.30123,0.30123,0.30123,0.30123
2932,0.30285,0.30285,0.30285,0.30285,0.30285,0.30285,0.30285,0.30285,0.30285,0.30285,0.30285,0.30285,0.30285,0.30285,0.30285,0.30285,0.30285,0.30285,0.30285,0.30285,0.30285,0.30285,0.30285,0.30285,0.30285,0.30285,0.30285,0.30285,0.30285
2933,0.30454,0.30454,0.30454,0.30454,0.30454,0.30454,0.30454,0.30454,0.30454,0.30454,0.30454,0.30454,0.30454,0.30454,0.30454,0.30454,0.30454,0.30454,0.30454,0.30454,0.30454,0.30454,0.30454,0.30454,0.30454,0.30454,0.30454,0.30454,0.30454
2934,0.30628,0.30628,0.30628,0.30628,0.30628,0.30628,0.30628,0.30628,0.30628,0.30628,0.30628,0.30628,0.30628,0.30628,0.30628,0.30628,0.30628,0.30628,0.30628,0.30628,0.30628,0.30628,0.30628,0.30628,0.30628,0.30628,0.30628,0.30628,0.30628
2935,0.30809,0.30809,0.30809,0.30809,0.30809,0.30809,0.30809,0.30809,0.30809,0.30809,0.30809,0.30809,0.30809,0.30809,0.30809,0.30809,0.30809,0.30809,0.30809,0.30809,0.30809,0.30809,0.30809,0.30809,0.30809,0.30809,0.30809,0.30809,0.30809
2936,0.30996,0.30996,0.30996,0.30996,0.30996,0.30996,0.30996,0.30996,0.30996,0.30996,0.30996,0.30996,0.30996,0.30996,0.30996,0.30996,0.30996,0.30996,0.30996,0.30996,0.30996,0.30996,0.30996,0.30996,0.30996,0.30996,0.30996,0.30996,0.30996
2937,0.31189,0.31189,0.31189,0.31189,0.31189,0.31189,0.31189,0.31189,0.31189,0.31189,0.31189,0.31189,0.31189,0.31189,0.31189,0.31189,0.31189,0.31189,0.31189,0.31189,0.31189,0.31189,0.31189,0.31189,0.31189,0.31189,0.31189,0.31189,0.31189
2938,0.31388,0.31388,0.31388,0.31388,0.31388,0.31388,0.31388,0.31388,0.31388,0.31388,0.31388,0.31388,0.31388,0.31388,0.31388,0.31388,0.31388,0.31388,0.31388,0.31388,0.31388,0.31388,0.31388,0.31388,0.31388,0.31388,0.31388,0.31388,0.31388
2939,0.31592,0.31592,0.31592,0.31592,0.31592,0.31592,0.31592,0.31592,0.31592,0.31592,0.31592,0.31592,0.31592,0.31592,0.31592,0.31592,0.31592,0.31592,0.31592,0.31592,0.31592,0.31592,0.31592,0.31592,0.31592,0.31592,0.31592,0.31592,0.31592
2940,0.31801,0.31801,0.31801,0.31801,0.31801,0.31801,0.31801,0.31801,0.31801,0.31801,0.31801,0.31801,0.31801,0.31801,0.31801,0.31801,0.31801,0.31801,0.31801,0.31801,0.31801,0.31801,0.31801,0.31801,0.31801,0.31801,0.31801,0.31801,0.31801
2941,0.32015,0.32015,0.32015,0.32015,0.32015,0.32015,0.32015,0.32015,0.32015,0.32015,0.32015,0.32015,0.32015,0.32015,0.32015,0.32015,0.32015,0.32015,0.32015,0.32015,0.32015,0.32015,0.32015,0.32015,0.32015,0.32015,0.32015,0.32015,0.32015
2942,0.32235,0.32235,0.32235,0.32235,0.32235,0.32235,0.32235,0.32235,0.32235,0.32235,0.32235,0.32235,0.32235,0.32235,0.32235,0.32235,0.32235,0.32235,0.32235,0.32235,0.32235,0.32235,0.32235,0.32235,0.32235,0.32235,0.32235,0.32235,0.32235
2943,0.32459,0.32459,0.32459,0.32459,0.32459,0.32459,0.32459,0.32459,0.32459,0.32459,0.32459,0.32459,0.32459,0.32459,0.32459,0.32459,0.32459,0.32459,0.32459,0.32459,0.32459,0.32459,0.32459,0.32459,0.32459,0.32459,0.32459,0.32459,0.32459
2944,0.32688,0.32688,0.32688,0.32688,0.32688,0.32688,0.32688,0.32688,0.32688,0.32688,0.32688,0.32688,0.32688,0.32688,0.32688,0.32688,0.32688,0.32688,0.32688,0.32688,0.32688,0.32688,0.32688,0.32688,0.32688,0.32688,0.32688,0.32688,0.32688
2945,0.32922,0.32922,0.32922,0.32922,0.32922,0.32922,0.32922,0.32922,0.32922,0.32922,0.32922,0.32922,0.32922,0.32922,0.32922,0.32922,0.32922,0.32922,0.32922,0.32922,0.32922,0.32922,0.32922,0.32922,0.32922,0.32922,0.32922,0.32922,0.32922
2946,0.33160,0.33160,0.33160,0.33160,0.33160,0.33160,0.33160,0.33160,0.33160,0.33160,0.33160,0.33160,0.33160,0.33160,0.33160,0.33160,0.33160,0.33160,0.33160,0.33160,0.33160,0.33160,0.33160,0.33160,0.33160,0.33160,0.33160,0.33160,0.33160
2947,0.33402,0.33402,0.33402,0.33402,0.33402,0.33402,0.33402,0.33402,0.33402,0.33402,0.33402,0.33402,0.33402,0.33402,0.33402,0.33402,0.33402,0.33402,0.33402,0.33402,0.33402,0.33402,0.33402,0.33402,0.33402,0.33402,0.33402,0.33402,0.33402
2948,0.33648,0.33648,0.33648,0.33648,0.33648,0.33648,0.33648,0.33648,0.33648,0.33648,0.33648,0.33648,0.33648,0.33648,0.33648,0.33648,0.33648,0.33648,0.33648,0.33648,0.33648,0.33648,0.33648,0.33648,0.33648,0.33648,0.33648,0.33648,0.33648
2949,0.33898,0.33898,0.33898,0.33898,0.33898,0.33898,0.33898,0.33898,0.33898,0.33898,0.33898,0.33898,0.33898,0.33898,0.33898,0.33898,0.33898,0.33898,0.33898,0.33898,0.33898,0.33898,0.33898,0.33898,0.33898,0.33898,0.33898,0.33898,0.33898
2950,0.34152,0.34152,0.34152,0.34152,0.34152,0.34152,0.34152,0.34152,0.34152,0.34152,0.34152,0.34152,0.34152,0.34152,0.34152,0.34152,0.34152,0.34152,0.34152,0.34152,0.34152,0.34152,0.34152,0.34152,0.34152,0.34152,0.34152,0.34152,0.34152
2951,0.34410,0.34410,0.34410,0.34410,0.34410,0.34410,0.34410,0.34410,0.34410,0.34410,0.34410,0.34410,0.34410,0.34410,0.34410,0.34410,0.34410,0.34410,0.34410,0.34410,0.34410,0.34410,0.34410,0.34410,0.34410,0.34410,0.34410,0.34410,0.34410
2952,0.34671,0.34671,0.34671,0.34671,0.34671,0.34671,0.34671,0.34671,0.34671,0.34671,0.34671,0.34671,0.34671,0.34671,0.34671,0.34671,0.34671,0.34671,0.34671,0.34671,0.34671,0.34671,0.34671,0.34671,0.34671,0.34671,0.34671,0.34671,0.34671
2953,0.34935,0.34935,0.34935,0.34935,0.34935,0.34935,0.34935,0.34935,0.34935,0.34935,0.34935,0.34935,0.34935,0.34935,0.34935,0.34935,0.34935,0.34935,0.34935,0.34935,0.34935,0.34935,0.34935,0.34935,0.34935,0.34935,0.34935,0.34935,0.34935
2954,0.35203,0.35203,0.35203,0.35203,0.35203,0.35203,0.35203,0.35203,0.35203,0.35203,0.35203,0.35203,0.35203,0.35203,0.35203,0.35203,0.35203,0.35203,0.35203,0.35203,0.35203,0.35203,0.35203,0.35203,0.35203,0.35203,0.35203,0.35203,0.35203
2955,0.35473,0.35473,0.35473,0.35473,0.35473,0.35473,0.35473,0.35473,0.35473,0.35473,0.35473,0.35473,0.35473,0.35473,0.35473,0.35473,0.35473,0.35473,0.35473,0.35473,0.35473,0.35473,0.35473,0.35473,0.35473,0.35473,0.35473,0.35473,0.35473
2956,0.35747,0.35747,0.35747,0.35747,0.35747,0.35747,0.35747,0.35747,0.35747,0.35747,0.35747,0.35747,0.35747,0.35747,0.35747,0.35747,0.35747,0.35747,0.35747,0.35747,0.35747,0.35747,0.35747,0.35747,0.35747,0.35747,0.35747,0.35747,0.35747
2957,0.36024,0.36024,0.36024,0.36024,0.36024,0.36024,0.36024,0.36024,0.36024,0.36024,0.36024,0.36024,0.36024,0.36024,0.36024,0.36024,0.36024,0.36024,0.36024,0.36024,0.36024,0.36024,0.36024,0.36024,0.36024,0.36024,0.36024,0.36024,0.36024
2958,0.36303,0.36303,0.36303,0.36303,0.36303,0.36303,0.36303,0.36303,0.36303,0.36303,0.36303,0.36303,0.36303,0.36303,0.36303,0.36303,0.36303,0.36303,0.36303,0.36303,0.36303,0.36303,0.36303,0.36303,0.36303,0.36303,0.36303,0.36303,0.36303
2959,0.36585,0.36585,0.36585,0.36585,0.36585,0.36585,0.36585,0.36585,0.36585,0.36585,0.36585,0.36585,0.36585,0.36585,0.36585,0.36585,0.36585,0.36585,0.36585,0.36585,0.36585,0.36585,0.36585,0.36585,0.36585,0.36585,0.36585,0.36585,0.36585
2960,0.36869,0.36869,0.36869,0.36869,0.36869,0.36869,0.36869,0.36869,0.36869,0.36869,0.36869,0.36869,0.36869,0.36869,0.36869,0.36869,0.36869,0.36869,0.36869,0.36869,0.36869,0.36869,0.36869,0.36869,0.36869,0.36869,0.36869,0.36869,0.36869
2961,0.37156,0.37156,0.37156,0.37156,0.37156,0.37156,0.37156,0.37156,0.37156,0.37156,0.37156,0.37156,0.37156,0.37156,0.37156,0.37156,0.37156,0.37156,0.37156,0.37156,0.37156,0.37156,0.37156,0.37156,0.37156,0.37156,0.37156,0.37156,0.37156
2962,0.37445,0.37445,0.37445,0.37445,0.37445,0.37445,0.37445,0.37445,0.37445,0.37445,0.37445,0.37445,0.37445,0.37445,0.37445,0.37445,0.37445,0.37445,0.37445,0.37445,0.37445,0.37445,0.37445,0.37445,0.37445,0.37445,0.37445,0.37445,0.37445
2963,0.37736,0.37736,0.37736,0.37736,0.37736,0.37736,0.37736,0.37736,0.37736,0.37736,0.37736,0.37736,0.37736,0.37736,0.37736,0.37736,0.37736,0.37736,0.37736,0.37736,0.37736,0.37736,0.37736,0.37736,0.37736,0.37736,0.37736,0.37736,0.37736
2964,0.38029,0.38029,0.38029,0.38029,0.38029,0.38029,0.38029,0.38029,0.38029,0.38029,0.38029,0.38029,0.38029,0.38029,0.38029,0.38029,0.38029,0.38029,0.38029,0.38029,0.38029,0.38029,0.38029,0.38029,0.38029,0.38029,0.38029,0.38029,0.38029
2965,0.38324,0.38324,0.38324,0.38324,0.38324,0.38324,0.38324,0.38324,0.38324,0.38324,0.38324,0.38324,0.38324,0.38324,0.38324,0.38324,0.38324,0.38324,0.38324,0.38324,0.38324,0.38324,0.38324,0.38324,0.38324,0.38324,0.38324,0.38324,0.38324
2966,0.38621,0.38621,0.38621,0.38621,0.38621,0.38621,0.38621,0.38621,0.38621,0.38621,0.38621,0.38621,0.38621,0.38621,0.38621,0.38621,0.38621,0.38621,0.38621,0.38621,0.38621,0.38621,0.38621,0.38621,0.38621,0.38621,0.38621,0.38621,0.38621
2967,0.38920,0.38920,0.38920,0.38920,0.38920,0.38920,0.38920,0.38920,0.38920,0.38920,0.38920,0.38920,0.38920,0.38920,0.38920,0.38920,0.38920,0.38920,0.38920,0.38920,0.38920,0.38920,0.38920,0.38920,0.38920,0.38920,0.38920,0.38920,0.38920
2968,0.39221,0.39221,0.39221,0.39221,0.39221,0.39221,0.39221,0.39221,0.39221,0.39221,0.39221,0.39221,0.39221,0.39221,0.39221,0.39221,0.39221,0.39221,0.39221,0.39221,0.39221,0.39221,0.39221,0.39221,0.39221,0.39221,0.39221,0.39221,0.39221
2969,0.39523,0.39523,0.39523,0.39523,0.39523,0.39523,0.39523,0.39523,0.39523,0.39523,0.39523,0.39523,0.39523,0.39523,0.39523,0.39523,0.39523,0.39523,0.39523,0.39523,0.39523,0.39523,0.39523,0.39523,0.39523,0.39523,0.39523,0.39523,0.39523
2970,0.39826,0.39826,0.39826,0.39826,0.39826,0.39826,0.39826,0.39826,0.39826,0.39826,0.39826,0.39826,0.39826,0.39826,0.39826,0.39826,0.39826,0.39826,0.39826,0.39826,0.39826,0.39826,0.39826,0.39826,0.39826,0.39826,0.39826,0.39826,0.39826
2971,0.40132,0.40132,0.40132,0.40132,0.40132,0.40132,0.40132,0.40132,0.40132,0.40132,0.40132,0.40132,0.40132,0.40132,0.40132,0.40132,0.40132,0.40132,0.40132,0.40132,0.40132,0.40132,0.40132,0.40132,0.40132,0.40132,0.40132,0.40132,0.40132
2972,0.40438,0.40438,0.40438,0.40438,0.40438,0.40438,0.40438,0.40438,0.40438,0.40438,0.40438,0.40438,0.40438,0.40438,0.40438,0.40438,0.40438,0.40438,0.40438,0.40438,0.40438,0.40438,0.40438,0.40438,0.40438,0.40438,0.40438,0.40438,0.40438
2973,0.40746,0.40746,0.40746,0.40746,0.40746,0.40746,0.40746,0.40746,0.40746,0.40746,0.40746,0.40746,0.40746,0.40746,0.40746,0.40746,0.40746,0.40746,0.40746,0.40746,0.40746,0.40746,0.40746,0.40746,0.40746,0.40746,0.40746,0.40746,0.40746
2974,0.41055,0.41055,0.41055,0.41055,0.41055,0.41055,0.41055,0.41055,0.41055,0.41055,0.41055,0.41055,0.41055,0.41055,0.41055,0.41055,0.41055,0.41055,0.41055,0.41055,0.41055,0.41055,0.41055,0.41055,0.41055,0.41055,0.41055,0.41055,0.41055
2975,0.41365,0.41365,0.41365,0.41365,0.41365,0.41365,0.41365,0.41365,0.41365,0.41365,0.41365,0.41365,0.41365,0.41365,0.41365,0.41365,0.41365,0.41365,0.41365,0.41365,0.41365,0.41365,0.41365,0.41365,0.41365,0.41365,0.41365,0.41365,0.41365
2976,0.41677,0.41677,0.41677,0.41677,0.41677,0.41677,0.41677,0.41677,0.41677,0.41677,0.41677,0.41677,0.41677,0.41677,0.41677,0.41677,0.41677,0.41677,0.41677,0.41677,0.41677,0.41677,0.41677,0.41677,0.41677,0.41677,0.41677,0.41677,0.41677
2977,0.41989,0.41989,0.41989,0.41989,0.41989,0.41989,0.41989,0.41989,0.41989,0.41989,0.41989,0.41989,0.41989,0.41989,0.41989,0.41989,0.41989,0.41989,0.41989,0.41989,0.41989,0.41989,0.41989,0.41989,0.41989,0.41989,0.41989,0.41989,0.41989
2978,0.42303,0.42303,0.42303,0.42303,0.42303,0.42303,0.42303,0.42303,0.42303,0.42303,0.42303,0.42303,0.42303,0.42303,0.42303,0.42303,0.42303,0.42303,0.42303,0.42303,0.42303,0.42303,0.42303,0.42303,0.42303,0.42303,0.42303,0.42303,0.42303
2979,0.42617,0.42617,0.42617,0.42617,0.42617,0.42617,0.42617,0.42617,0.42617,0.42617,0.42617,0.42617,0.42617,0.42617,0.42617,0.42617,0.42617,0.42617,0.42617,0.42617,0.42617,0.42617,0.42617,0.42617,0.42617,0.42617,0.42617,0.42617,0.42617
2980,0.42932,0.42932,0.42932,0.42932,0.42932,0.42932,0.42932,0.42932,0.42932,0.42932,0.42932,0.42932,0.42932,0.42932,0.42932,0.42932,0.42932,0.42932,0.42932,0.42932,0.42932,0.42932,0.42932,0.42932,0.42932,0.42932,0.42932,0.42932,0.42932
2981,0.43248,0.43248,0.43248,0.43248,0.43248,0.43248,0.43248,0.43248,0.43248,0.43248,0.43248,0.43248,0.43248,0.43248,0.43248,0.43248,0.43248,0.43248,0.43248,0.43248,0.43248,0.43248,0.43248,0.43248,0.43248,0.43248,0.43248,0.43248,0.43248
2982,0.43565,0.43565,0.43565,0.43565,0.43565,0.43565,0.43565,0.43565,0.43565,0.43565,0.43565,0.43565,0.43565,0.43565,0.43565,0.43565,0.43565,0.43565,0.43565,0.43565,0.43565,0.43565,0.43565,0.43565,0.43565,0.43565,0.43565,0.43565,0.43565
2983,0.43883,0.43883,0.43883,0.43883,0.43883,0.43883,0.43883,0.43883,0.43883,0.43883,0.43883,0.43883,0.43883,0.43883,0.43883,0.43883,0.43883,0.43883,0.43883,0.43883,0.43883,0.43883,0.43883,0.43883,0.43883,0.43883,0.43883,0.43883,0.43883
2984,0.44201,0.44201,0.44201,0.44201,0.44201,0.44201,0.44201,0.44201,0.44201,0.44201,0.44201,0.44201,0.44201,0.44201,0.44201,0.44201,0.44201,0.44201,0.44201,0.44201,0.44201,0.44201,0.44201,0.44201,0.44201,0.44201,0.44201,0.44201,0.44201
2985,0.44520,0.44520,0.44520,0.44520,0.44520,0.44520,0.44520,0.44520,0.44520,0.44520,0.44520,0.44520,0.44520,0.44520,0.44520,0.44520,0.44520,0.44520,0.44520,0.44520,0.44520,0.44520,0.44520,0.44520,0.44520,0.44520,0.44520,0.44520,0.44520
2986,0.44839,0.44839,0.44839,0.44839,0.44839,0.44839,0.44839,0.44839,0.44839,0.44839,0.44839,0.44839,0.44839,0.44839,0.44839,0.44839,0.44839,0.44839,0.44839,0.44839,0.44839,0.44839,0.44839,0.44839,0.44839,0.44839,0.44839,0.44839,0.44839
2987,0.45159,0.45159,0.45159,0.45159,0.45159,0.45159,0.45159,0.45159,0.45159,0.45159,0.45159,0.45159,0.45159,0.45159,0.45159,0.45159,0.45159,0.45159,0.45159,0.45159,0.45159,0.45159,0.45159,0.45159,0.45159,0.45159,0.45159,0.45159,0.45159
2988,0.45480,0.45480,0.45480,0.45480,0.45480,0.45480,0.45480,0.45480,0.45480,0.45480,0.45480,0.45480,0.45480,0.45480,0.45480,0.45480,0.45480,0.45480,0.45480,0.45480,0.45480,0.45480,0.45480,0.45480,0.45480,0.45480,0.45480,0.45480,0.45480
2989,0.45801,0.45801,0.45801,0.45801,0.45801,0.45801,0.45801,0.45801,0.45801,0.45801,0.45801,0.45801,0.45801,0.45801,0.45801,0.45801,0.45801,0.45801,0.45801,0.45801,0.45801,0.45801,0.45801,0.45801,0.45801,0.45801,0.45801,0.45801,0.45801
2990,0.46122,0.46122,0.46122,0.46122,0.46122,0.46122,0.46122,0.46122,0.46122,0.46122,0.46122,0.46122,0.46122,0.46122,0.46122,0.46122,0.46122,0.46122,0.46122,0.46122,0.46122,0.46122,0.46122,0.46122,0.46122,0.46122,0.46122,0.46122,0.46122
2991,0.46444,0.46444,0.46444,0.46444,0.46444,0.46444,0.46444,0.46444,0.46444,0.46444,0.46444,0.46444,0.46444,0.46444,0.46444,0.46444,0.46444,0.46444,0.46444,0.46444,0.46444,0.46444,0.46444,0.46444,0.46444,0.46444,0.46444,0.46444,0.46444
2992,0.46766,0.46766,0.46766,0.46766,0.46766,0.46766,0.46766,0.46766,0.46766,0.46766,0.46766,0.46766,0.46766,0.46766,0.46766,0.46766,0.46766,0.46766,0.46766,0.46766,0.46766,0.46766,0.46766,0.46766,0.46766,0.46766,0.46766,0.46766,0.46766
2993,0.47089,0.47089,0.47089,0.47089,0.47089,0.47089,0.47089,0.47089,0.47089,0.47089,0.47089,0.47089,0.47089,0.47089,0.47089,0.47089,0.47089,0.47089,0.47089,0.47089,0.47089,0.47089,0.47089,0.47089,0.47089,0.47089,0.47089,0.47089,0.47089
2994,0.47412,0.47412,0.47412,0.47412,0.47412,0.47412,0.47412,0.47412,0.47412,0.47412,0.47412,0.47412,0.47412,0.47412,0.47412,0.47412,0.47412,0.47412,0.47412,0.47412,0.47412,0.47412,0.47412,0.47412,0.47412,0.47412,0.47412,0.47412,0.47412
2995,0.47735,0.47735,0.47735,0.47735,0.47735,0.47735,0.47735,0.47735,0.47735,0.47735,0.47735,0.47735,0.47735,0.47735,0.47735,0.47735,0.47735,0.47735,0.47735,0.47735,0.47735,0.47735,0.47735,0.47735,0.47735,0.47735,0.47735,0.47735,0.47735
2996,0.48058,0.48058,0.48058,0.48058,0.48058,0.48058,0.48058,0.48058,0.48058,0.48058,0.48058,0.48058,0.48058,0.48058,0.48058,0.48058,0.48058,0.48058,0.48058,0.48058,0.48058,0.48058,0.48058,0.48058,0.48058,0.48058,0.48058,0.48058,0.48058
2997,0.48381,0.48381,0.48381,0.48381,0.48381,0.48381,0.48381,0.48381,0.48381,0.48381,0.48381,0.48381,0.48381,0.48381,0.48381,0.48381,0.48381,0.48381,0.48381,0.48381,0.48381,0.48381,0.48381,0.48381,0.48381,0.48381,0.48381,0.48381,0.48381
2998,0.48705,0.48705,0.48705,0.48705,0.48705,0.48705,0.48705,0.48705,0.48705,0.48705,0.48705,0.48705,0.48705,0.48705,0.48705,0.48705,0.48705,0.48705,0.48705,0.48705,0.48705,0.48705,0.48705,0.48705,0.48705,0.48705,0.48705,0.48705,0.48705
2999,0.49029,0.49029,0.49029,0.49029,0.49029,0.49029,0.49029,0.49029,0.49029,0.49029,0.49029,0.49029,0.49029,0.49029,0.49029,0.49029,0.49029,0.49029,0.49029,0.49029,0.49029,0.49029,0.49029,0.49029,0.49029,0.49029,0.49029,0.49029,0.49029
3000,0.49352,0.49352,0.49352,0.49352,0.49352,0.49352,0.49352,0.49352,0.49352,0.49352,0.49352,0.49352,0.49352,0.49352,0.49352,0.49352,0.49352,0.49352,0.49352,0.49352,0.49352,0.49352,0.49352,0.49352,0.49352,0.49352,0.49352,0.49352,0.49352
3001,0.49676,0.49676,0.49676,0.49676,0.49676,0.49676,0.49676,0.49676,0.49676,0.49676,0.49676,0.49676,0.49676,0.49676,0.49676,0.49676,0.49676,0.49676,0.49676,0.49676,0.49676,0.49676,0.49676,0.49676,0.49676,0.49676,0.49676,0.49676,0.49676
3002,0.50000,0.50000,0.50000,0.50000,0.50000,0.50000,0.50000,0.50000,0.50000,0.50000,0.50000,0.50000,0.50000,0.50000,0.50000,0.50000,0.50000,0.50000,0.50000,0.50000,0.50000,0.50000,0.50000,0.50000,0.50000,0.50000,0.50000,0.50000,0.50000
3003,0.50324,0.50324,0.50324,0.50324,0.50324,0.50324,0.50324,0.50324,0.50324,0.50324,0.50324,0.50324,0.50324,0.50324,0.50324,0.50324,0.50324,0.50324,0.50324,0.50324,0.50324,0.50324,0.50324,0.50324,0.50324,0.50324,0.50324,0.50324,0.50324
3004,0.50648,0.50648,0.50648,0.50648,0.50648,0.50648,0.50648,0.50648,0.50648,0.50648,0.50648,0.50648,0.50648,0.50648,0.50648,0.50648,0.50648,0.50648,0.50648,0.50648,0.50648,0.50648,0.50648,0.50648,0.50648,0.50648,0.50648,0.50648,0.50648
3005,0.50971,0.50971,0.50971,0.50971,0.50971,0.50971,0.50971,0.50971,0.50971,0.50971,0.50971,0.50971,0.50971,0.50971,0.50971,0.50971,0.50971,0.50971,0.50971,0.50971,0.50971,0.50971,0.50971,0.50971,0.50971,0.50971,0.50971,0.50971,0.50971
3006,0.51295,0.51295,0.51295,0.51295,0.51295,0.51295,0.51295,0.51295,0.51295,0.51295,0.51295,0.51295,0.51295,0.51295,0.51295,0.51295,0.51295,0.51295,0.51295,0.51295,0.51295,0.51295,0.51295,0.51295,0.51295,0.51295,0.51295,0.51295,0.51295
3007,0.51619,0.51619,0.51619,0.51619,0.51619,0.51619,0.51619,0.51619,0.51619,0.51619,0.51619,0.51619,0.51619,0.51619,0.51619,0.51619,0.51619,0.51619,0.51619,0.51619,0.51619,0.51619,0.51619,0.51619,0.51619,0.51619,0.51619,0.51619,0.51619
3008,0.51942,0.51942,0.51942,0.51942,0.51942,0.51942,0.51942,0.51942,0.51942,0.51942,0.51942,0.51942,0.51942,0.51942,0.51942,0.51942,0.51942,0.51942,0.51942,0.51942,0.51942,0.51942,0.51942,0.51942,0.51942,0.51942,0.51942,0.51942,0.51942
3009,0.52265,0.52265,0.52265,0.52265,0.52265,0.52265,0.52265,0.52265,0.52265,0.52265,0.52265,0.52265,0.52265,0.52265,0.52265,0.52265,0.52265,0.52265,0.52265,0.52265,0.52265,0.52265,0.52265,0.52265,0.52265,0.52265,0.52265,0.52265,0.52265
3010,0.52588,0.52588,0.52588,0.52588,0.52588,0.52588,0.52588,0.52588,0.52588,0.52588,0.52588,0.52588,0.52588,0.52588,0.52588,0.52588,0.52588,0.52588,0.52588,0.52588,0.52588,0.52588,0.52588,0.52588,0.52588,0.52588,0.52588,0.52588,0.52588
3011,0.52911,0.52911,0.52911,0.52911,0.52911,0.52911,0.52911,0.52911,0.52911,0.52911,0.52911,0.52911,0.52911,0.52911,0.52911,0.52911,0.52911,0.52911,0.52911,0.52911,0.52911,0.52911,0.52911,0.52911,0.52911,0.52911,0.52911,0.52911,0.52911
3012,0.53234,0.53234,0.53234,0.53234,0.53234,0.53234,0.53234,0.53234,0.53234,0.53234,0.53234,0.53234,0.53234,0.53234,0.53234,0.53234,0.53234,0.53234,0.53234,0.53234,0.53234,0.53234,0.53234,0.53234,0.53234,0.53234,0.53234,0.53234,0.53234
3013,0.53556,0.53556,0.53556,0.53556,0.53556,0.53556,0.53556,0.53556,0.53556,0.53556,0.53556,0.53556,0.53556,0.53556,0.53556,0.53556,0.53556,0.53556,0.53556,0.53556,0.53556,0.53556,0.53556,0.53556,0.53556,0.53556,0.53556,0.53556,0.53556
3014,0.53878,0.53878,0.53878,0.53878,0.53878,0.53878,0.53878,0.53878,0.53878,0.53878,0.53878,0.53878,0.53878,0.53878,0.53878,0.53878,0.53878,0.53878,0.53878,0.53878,0.53878,0.53878,0.53878,0.53878,0.53878,0.53878,0.53878,0.53878,0.53878
3015,0.54199,0.54199,0.54199,0.54199,0.54199,0.54199,0.54199,0.54199,0.54199,0.54199,0.54199,0.54199,0.54199,0.54199,0.54199,0.54199,0.54199,0.54199,0.54199,0.54199,0.54199,0.54199,0.54199,0.54199,0.54199,0.54199,0.54199,0.54199,0.54199
3016,0.54520,0.54520,0.54520,0.54520,0.54520,0.54520,0.54520,0.54520,0.54520,0.54520,0.54520,0.54520,0.54520,0.54520,0.54520,0.54520,0.54520,0.54520,0.54520,0.54520,0.54520,0.54520,0.54520,0.54520,0.54520,0.54520,0.54520,0.54520,0.54520
3017,0.54841,0.54841,0.54841,0.54841,0.54841,0.54841,0.54841,0.54841,0.54841,0.54841,0.54841,0.54841,0.54841,0.54841,0.54841,0.54841,0.54841,0.54841,0.54841,0.54841,0.54841,0.54841,0.54841,0.54841,0.54841,0.54841,0.54841,0.54841,0.54841
3018,0.55161,0.55161,0.55161,0.55161,0.55161,0.55161,0.55161,0.55161,0.55161,0.55161,0.55161,0.55161,0.55161,0.55161,0.55161,0.55161,0.55161,0.55161,0.55161,0.55161,0.55161,0.55161,0.55161,0.55161,0.55161,0.55161,0.55161,0.55161,0.55161
3019,0.55480,0.55480,0.55480,0.55480,0.55480,0.55480,0.55480,0.55480,0.55480,0.55480,0.55480,0.55480,0.55480,0.55480,0.55480,0.55480,0.55480,0.55480,0.55480,0.55480,0.55480,0.55480,0.55480,0.55480,0.55480,0.55480,0.55480,0.55480,0.55480
3020,0.55799,0.55799,0.55799,0.55799,0.55799,0.55799,0.55799,0.55799,0.55799,0.55799,0.55799,0.55799,0.55799,0.55799,0.55799,0.55799,0.55799,0.55799,0.55799,0.55799,0.55799,0.55799,0.55799,0.55799,0.55799,0.55799,0.55799,0.55799,0.55799
3021,0.56117,0.56117,0.56117,0.56117,0.56117,0.56117,0.56117,0.56117,0.56117,0.56117,0.56117,0.56117,0.56117,0.56117,0.56117,0.56117,0.56117,0.56117,0.56117,0.56117,0.56117,0.56117,0.56117,0.56117,0.56117,0.56117,0.56117,0.56117,0.56117
3022,0.56435,0.56435,0.56435,0.56435,0.56435,0.56435,0.56435,0.56435,0.56435,0.56435,0.56435,0.56435,0.56435,0.56435,0.56435,0.56435,0.56435,0.56435,0.56435,0.56435,0.56435,0.56435,0.56435,0.56435,0.56435,0.56435,0.56435,0.56435,0.56435
3023,0.56752,0.56752,0.56752,0.56752,0.56752,0.56752,0.56752,0.56752,0.56752,0.56752,0.56752,0.56752,0.56752,0.56752,0.56752,0.56752,0.56752,0.56752,0.56752,0.56752,0.56752,0.56752,0.56752,0.56752,0.56752,0.56752,0.56752,0.56752,0.56752
3024,0.57068,0.57068,0.57068,0.57068,0.57068,0.57068,0.57068,0.57068,0.57068,0.57068,0.57068,0.57068,0.57068,0.57068,0.57068,0.57068,0.57068,0.57068,0.57068,0.57068,0.57068,0.57068,0.57068,0.57068,0.57068,0.57068,0.57068,0.57068,0.57068
3025,0.57383,0.57383,0.57383,0.57383,0.57383,0.57383,0.57383,0.57383,0.57383,0.57383,0.57383,0.57383,0.57383,0.57383,0.57383,0.57383,0.57383,0.57383,0.57383,0.57383,0.57383,0.57383,0.57383,0.57383,0.57383,0.57383,0.57383,0.57383,0.57383
3026,0.57697,0.57697,0.57697,0.57697,0.57697,0.57697,0.57697,0.57697,0.57697,0.57697,0.57697,0.57697,0.57697,0.57697,0.57697,0.57697,0.57697,0.57697,0.57697,0.57697,0.57697,0.57697,0.57697,0.57697,0.57697,0.57697,0.57697,0.57697,0.57697
3027,0.58011,0.58011,0.58011,0.58011,0.58011,0.58011,0.58011,0.58011,0.58011,0.58011,0.58011,0.58011,0.58011,0.58011,0.58011,0.58011,0.58011,0.58011,0.58011,0.58011,0.58011,0.58011,0.58011,0.58011,0.58011,0.58011,0.58011,0.58011,0.58011
3028,0.58323,0.58323,0.58323,0.58323,0.58323,0.58323,0.58323,0.58323,0.58323,0.58323,0.58323,0.58323,0.58323,0.58323,0.58323,0.58323,0.58323,0.58323,0.58323,0.58323,0.58323,0.58323,0.58323,0.58323,0.58323,0.58323,0.58323,0.58323,0.58323
3029,0.58635,0.58635,0.58635,0.58635,0.58635,0.58635,0.58635,0.58635,0.58635,0.58635,0.58635,0.58635,0.58635,0.58635,0.58635,0.58635,0.58635,0.58635,0.58635,0.58635,0.58635,0.58635,0.58635,0.58635,0.58635,0.58635,0.58635,0.58635,0.58635
3030,0.58945,0.58945,0.58945,0.58945,0.58945,0.58945,0.58945,0.58945,0.58945,0.58945,0.58945,0.58945,0.58945,0.58945,0.58945,0.58945,0.58945,0.58945,0.58945,0.58945,0.58945,0.58945,0.58945,0.58945,0.58945,0.58945,0.58945,0.58945,0.58945
3031,0.59254,0.59254,0.59254,0.59254,0.59254,0.59254,0.59254,0.59254,0.59254,0.59254,0.59254,0.59254,0.59254,0.59254,0.59254,0.59254,0.59254,0.59254,0.59254,0.59254,0.59254,0.59254,0.59254,0.59254,0.59254,0.59254,0.59254,0.59254,0.59254
3032,0.59562,0.59562,0.59562,0.59562,0.59562,0.59562,0.59562,0.59562,0.59562,0.59562,0.59562,0.59562,0.59562,0.59562,0.59562,0.59562,0.59562,0.59562,0.59562,0.59562,0.59562,0.59562,0.59562,0.59562,0.59562,0.59562,0.59562,0.59562,0.59562
3033,0.59868,0.59868,0.59868,0.59868,0.59868,0.59868,0.59868,0.59868,0.59868,0.59868,0.59868,0.59868,0.59868,0.59868,0.59868,0.59868,0.59868,0.59868,0.59868,0.59868,0.59868,0.59868,0.59868,0.59868,0.59868,0.59868,0.59868,0.59868,0.59868
3034,0.60174,0.60174,0.60174,0.60174,0.60174,0.60174,0.60174,0.60174,0.60174,0.60174,0.60174,0.60174,0.60174,0.60174,0.60174,0.60174,0.60174,0.60174,0.60174,0.60174,0.60174,0.60174,0.60174,0.60174,0.60174,0.60174,0.60174,0.60174,0.60174
3035,0.60477,0.60477,0.60477,0.60477,0.60477,0.60477,0.60477,0.60477,0.60477,0.60477,0.60477,0.60477,0.60477,0.60477,0.60477,0.60477,0.60477,0.60477,0.60477,0.60477,0.60477,0.60477,0.60477,0.60477,0.60477,0.60477,0.60477,0.60477,0.60477
3036,0.60779,0.60779,0.60779,0.60779,0.60779,0.60779,0.60779,0.60779,0.60779,0.60779,0.60779,0.60779,0.60779,0.60779,0.60779,0.60779,0.60779,0.60779,0.60779,0.60779,0.60779,0.60779,0.60779,0.60779,0.60779,0.60779,0.60779,0.60779,0.60779
3037,0.61080,0.61080,0.61080,0.61080,0.61080,0.61080,0.61080,0.61080,0.61080,0.61080,0.61080,0.61080,0.61080,0.61080,0.61080,0.61080,0.61080,0.61080,0.61080,0.61080,0.61080,0.61080,0.61080,0.61080,0.61080,0.61080,0.61080,0.61080,0.61080
3038,0.61379,0.61379,0.61379,0.61379,0.61379,0.61379,0.61379,0.61379,0.61379,0.61379,0.61379,0.61379,0.61379,0.61379,0.61379,0.61379,0.61379,0.61379,0.61379,0.61379,0.61379,0.61379,0.61379,0.61379,0.61379,0.61379,0.61379,0.61379,0.61379
3039,0.61676,0.61676,0.61676,0.61676,0.61676,0.61676,0.61676,0.61676,0.61676,0.61676,0.61676,0.61676,0.61676,0.61676,0.61676,0.61676,0.61676,0.61676,0.61676,0.61676,0.61676,0.61676,0.61676,0.61676,0.61676,0.61676,0.61676,0.61676,0.61676
3040,0.61971,0.61971,0.61971,0.61971,0.61971,0.61971,0.61971,0.61971,0.61971,0.61971,0.61971,0.61971,0.61971,0.61971,0.61971,0.61971,0.61971,0.61971,0.61971,0.61971,0.61971,0.61971,0.61971,0.61971,0.61971,0.61971,0.61971,0.61971,0.61971
3041,0.62264,0.62264,0.62264,0.62264,0.62264,0.62264,0.62264,0.62264,0.62264,0.62264,0.62264,0.62264,0.62264,0.62264,0.62264,0.62264,0.62264,0.62264,0.62264,0.62264,0.62264,0.62264,0.62264,0.62264,0.62264,0.62264,0.62264,0.62264,0.62264
3042,0.62555,0.62555,0.62555,0.62555,0.62555,0.62555,0.62555,0.62555,0.62555,0.62555,0.62555,0.62555,0.62555,0.62555,0.62555,0.62555,0.62555,0.62555,0.62555,0.62555,0.62555,0.62555,0.62555,0.62555,0.62555,0.62555,0.62555,0.62555,0.62555
3043,0.62844,0.62844,0.62844,0.62844,0.62844,0.62844,0.62844,0.62844,0.62844,0.62844,0.62844,0.62844,0.62844,0.62844,0.62844,0.62844,0.62844,0.62844,0.62844,0.62844,0.62844,0.62844,0.62844,0.62844,0.62844,0.62844,0.62844,0.62844,0.62844
3044,0.63131,0.63131,0.63131,0.63131,0.63131,0.63131,0.63131,0.63131,0.63131,0.63131,0.63131,0.63131,0.63131,0.63131,0.63131,0.63131,0.63131,0.63131,0.63131,0.63131,0.63131,0.63131,0.63131,0.63131,0.63131,0.63131,0.63131,0.63131,0.63131
3045,0.63415,0.63415,0.63415,0.63415,0.63415,0.63415,0.63415,0.63415,0.63415,0.63415,0.63415,0.63415,0.63415,0.63415,0.63415,0.63415,0.63415,0.63415,0.63415,0.63415,0.63415,0.63415,0.63415,0.63415,0.63415,0.63415,0.63415,0.63415,0.63415
3046,0.63697,0.63697,0.63697,0.63697,0.63697,0.63697,0.63697,0.63697,0.63697,0.63697,0.63697,0.63697,0.63697,0.63697,0.63697,0.63697,0.63697,0.63697,0.63697,0.63697,0.63697,0.63697,0.63697,0.63697,0.63697,0.63697,0.63697,0.63697,0.63697
3047,0.63976,0.63976,0.63976,0.63976,0.63976,0.63976,0.63976,0.63976,0.63976,0.63976,0.63976,0.63976,0.63976,0.63976,0.63976,0.63976,0.63976,0.63976,0.63976,0.63976,0.63976,0.63976,0.63976,0.63976,0.63976,0.63976,0.63976,0.63976,0.63976
3048,0.64253,0.64253,0.64253,0.64253,0.64253,0.64253,0.64253,0.64253,0.64253,0.64253,0.64253,0.64253,0.64253,0.64253,0.64253,0.64253,0.64253,0.64253,0.64253,0.64253,0.64253,0.64253,0.64253,0.64253,0.64253,0.64253,0.64253,0.64253,0.64253
3049,0.64527,0.64527,0.64527,0.64527,0.64527,0.64527,0.64527,0.64527,0.64527,0.64527,0.64527,0.64527,0.64527,0.64527,0.64527,0.64527,0.64527,0.64527,0.64527,0.64527,0.64527,0.64527,0.64527,0.64527,0.64527,0.64527,0.64527,0.64527,0.64527
3050,0.64797,0.64797,0.64797,0.64797,0.64797,0.64797,0.64797,0.64797,0.64797,0.64797,0.64797,0.64797,0.64797,0.64797,0.64797,0.64797,0.64797,0.64797,0.64797,0.64797,0.64797,0.64797,0.64797,0.64797,0.64797,0.64797,0.64797,0.64797,0.64797
3051,0.65065,0.65065,0.65065,0.65065,0.65065,0.65065,0.65065,0.65065,0.65065,0.65065,0.65065,0.65065,0.65065,0.65065,0.65065,0.65065,0.65065,0.65065,0.65065,0.65065,0.65065,0.65065,0.65065,0.65065,0.65065,0.65065,0.65065,0.65065,0.65065
3052,0.65329,0.65329,0.65329,0.65329,0.65329,0.65329,0.65329,0.65329,0.65329,0.65329,0.65329,0.65329,0.65329,0.65329,0.65329,0.65329,0.65329,0.65329,0.65329,0.65329,0.65329,0.65329,0.65329,0.65329,0.65329,0.65329,0.65329,0.65329,0.65329
3053,0.65590,0.65590,0.65590,0.65590,0.65590,0.65590,0.65590,0.65590,0.65590,0.65590,0.65590,0.65590,0.65590,0.65590,0.65590,0.65590,0.65590,0.65590,0.65590,0.65590,0.65590,0.65590,0.65590,0.65590,0.65590,0.65590,0.65590,0.65590,0.65590
3054,0.65848,0.65848,0.65848,0.65848,0.65848,0.65848,0.65848,0.65848,0.65848,0.65848,0.65848,0.65848,0.65848,0.65848,0.65848,0.65848,0.65848,0.65848,0.65848,0.65848,0.65848,0.65848,0.65848,0.65848,0.65848,0.65848,0.65848,0.65848,0.65848
3055,0.66102,0.66102,0.66102,0.66102,0.66102,0.66102,0.66102,0.66102,0.66102,0.66102,0.66102,0.66102,0.66102,0.66102,0.66102,0.66102,0.66102,0.66102,0.66102,0.66102,0.66102,0.66102,0.66102,0.66102,0.66102,0.66102,0.66102,0.66102,0.66102
3056,0.66352,0.66352,0.66352,0.66352,0.66352,0.66352,0.66352,0.66352,0.66352,0.66352,0.66352,0.66352,0.66352,0.66352,0.66352,0.66352,0.66352,0.66352,0.66352,0.66352,0.66352,0.66352,0.66352,0.66352,0.66352,0.66352,0.66352,0.66352,0.66352
3057,0.66598,0.66598,0.66598,0.66598,0.66598,0.66598,0.66598,0.66598,0.66598,0.66598,0.66598,0.66598,0.66598,0.66598,0.66598,0.66598,0.66598,0.66598,0.66598,0.66598,0.66598,0.66598,0.66598,0.66598,0.66598,0.66598,0.66598,0.66598,0.66598
3058,0.66840,0.66840,0.66840,0.66840,0.66840,0.66840,0.66840,0.66840,0.66840,0.66840,0.66840,0.66840,0.66840,0.66840,0.66840,0.66840,0.66840,0.66840,0.66840,0.66840,0.66840,0.66840,0.66840,0.66840,0.66840,0.66840,0.66840,0.66840,0.66840
3059,0.67078,0.67078,0.67078,0.67078,0.67078,0.67078,0.67078,0.67078,0.67078,0.67078,0.67078,0.67078,0.67078,0.67078,0.67078,0.67078,0.67078,0.67078,0.67078,0.67078,0.67078,0.67078,0.67078,0.67078,0.67078,0.67078,0.67078,0.67078,0.67078
3060,0.67312,0.67312,0.67312,0.67312,0.67312,0.67312,0.67312,0.67312,0.67312,0.67312,0.67312,0.67312,0.67312,0.67312,0.67312,0.67312,0.67312,0.67312,0.67312,0.67312,0.67312,0.67312,0.67312,0.67312,0.67312,0.67312,0.67312,0.67312,0.67312
3061,0.67541,0.67541,0.67541,0.67541,0.67541,0.67541,0.67541,0.67541,0.67541,0.67541,0.67541,0.67541,0.67541,0.67541,0.67541,0.67541,0.67541,0.67541,0.67541,0.67541,0.67541,0.67541,0.67541,0.67541,0.67541,0.67541,0.67541,0.67541,0.67541
3062,0.67765,0.67765,0.67765,0.67765,0.67765,0.67765,0.67765,0.67765,0.67765,0.67765,0.67765,0.67765,0.67765,0.67765,0.67765,0.67765,0.67765,0.67765,0.67765,0.67765,0.67765,0.67765,0.67765,0.67765,0.67765,0.67765,0.67765,0.67765,0.67765
3063,0.67985,0.67985,0.67985,0.67985,0.67985,0.67985,0.67985,0.67985,0.67985,0.67985,0.67985,0.67985,0.67985,0.67985,0.67985,0.67985,0.67985,0.67985,0.67985,0.67985,0.67985,0.67985,0.67985,0.67985,0.67985,0.67985,0.67985,0.67985,0.67985
3064,0.68199,0.68199,0.68199,0.68199,0.68199,0.68199,0.68199,0.68199,0.68199,0.68199,0.68199,0.68199,0.68199,0.68199,0.68199,0.68199,0.68199,0.68199,0.68199,0.68199,0.68199,0.68199,0.68199,0.68199,0.68199,0.68199,0.68199,0.68199,0.68199
3065,0.68408,0.68408,0.68408,0.68408,0.68408,0.68408,0.68408,0.68408,0.68408,0.68408,0.68408,0.68408,0.68408,0.68408,0.68408,0.68408,0.68408,0.68408,0.68408,0.68408,0.68408,0.68408,0.68408,0.68408,0.68408,0.68408,0.68408,0.68408,0.68408
3066,0.68612,0.68612,0.68612,0.68612,0.68612,0.68612,0.68612,0.68612,0.68612,0.68612,0.68612,0.68612,0.68612,0.68612,0.68612,0.68612,0.68612,0.68612,0.68612,0.68612,0.68612,0.68612,0.68612,0.68612,0.68612,0.68612,0.68612,0.68612,0.68612
3067,0.68811,0.68811,0.68811,0.68811,0.68811,0.68811,0.68811,0.68811,0.68811,0.68811,0.68811,0.68811,0.68811,0.68811,0.68811,0.68811,0.68811,0.68811,0.68811,0.68811,0.68811,0.68811,0.68811,0.68811,0.68811,0.68811,0.68811,0.68811,0.68811
3068,0.69004,0.69004,0.69004,0.69004,0.69004,0.69004,0.69004,0.69004,0.69004,0.69004,0.69004,0.69004,0.69004,0.69004,0.69004,0.69004,0.69004,0.69004,0.69004,0.69004,0.69004,0.69004,0.69004,0.69004,0.69004,0.69004,0.69004,0.69004,0.69004
3069,0.69191,0.69191,0.69191,0.69191,0.69191,0.69191,0.69191,0.69191,0.69191,0.69191,0.69191,0.69191,0.69191,0.69191,0.69191,0.69191,0.69191,0.69191,0.69191,0.69191,0.69191,0.69191,0.69191,0.69191,0.69191,0.69191,0.69191,0.69191,0.69191
3070,0.69372,0.69372,0.69372,0.69372,0.69372,0.69372,0.69372,0.69372,0.69372,0.69372,0.69372,0.69372,0.69372,0.69372,0.69372,0.69372,0.69372,0.69372,0.69372,0.69372,0.69372,0.69372,0.69372,0.69372,0.69372,0.69372,0.69372,0.69372,0.69372
3071,0.69546,0.69546,0.69546,0.69546,0.69546,0.69546,0.69546,0.69546,0.69546,0.69546,0.69546,0.69546,0.69546,0.69546,0.69546,0.69546,0.69546,0.69546,0.69546,0.69546,0.69546,0.69546,0.69546,0.69546,0.69546,0.69546,0.69546,0.69546,0.69546
3072,0.69715,0.69715,0.69715,0.69715,0.69715,0.69715,0.69715,0.69715,0.69715,0.69715,0.69715,0.69715,0.69715,0.69715,0.69715,0.69715,0.69715,0.69715,0.69715,0.69715,0.69715,0.69715,0.69715,0.69715,0.69715,0.69715,0.69715,0.69715,0.69715
3073,0.69877,0.69877,0.69877,0.69877,0.69877,0.69877,0.69877,0.69877,0.69877,0.69877,0.69877,0.69877,0.69877,0.69877,0.69877,0.69877,0.69877,0.69877,0.69877,0.69877,0.69877,0.69877,0.69877,0.69877,0.69877,0.69877,0.69877,0.69877,0.69877
3074,0.70032,0.70032,0.70032,0.70032,0.70032,0.70032,0.70032,0.70032,0.70032,0.70032,0.70032,0.70032,0.70032,0.70032,0.70032,0.70032,0.70032,0.70032,0.70032,0.70032,0.70032,0.70032,0.70032,0.70032,0.70032,0.70032,0.70032,0.70032,0.70032
3075,0.70181,0.70181,0.70181,0.70181,0.70181,0.70181,0.70181,0.70181,0.70181,0.70181,0.70181,0.70181,0.70181,0.70181,0.70181,0.70181,0.70181,0.70181,0.70181,0.70181,0.70181,0.70181,0.70181,0.70181,0.70181,0.70181,0.70181,0.70181,0.70181
3076,0.70322,0.70322,0.70322,0.70322,0.70322,0.70322,0.70322,0.70322,0.70322,0.70322,0.70322,0.70322,0.70322,0.70322,0.70322,0.70322,0.70322,0.70322,0.70322,0.70322,0.70322,0.70322,0.70322,0.70322,0.70322,0.70322,0.70322,0.70322,0.70322
3077,0.70457,0.70457,0.70457,0.70457,0.70457,0.70457,0.70457,0.70457,0.70457,0.70457,0.70457,0.70457,0.70457,0.70457,0.70457,0.70457,0.70457,0.70457,0.70457,0.70457,0.70457,0.70457,0.70457,0.70457,0.70457,0.70457,0.70457,0.70457,0.70457
3078,0.70584,0.70584,0.70584,0.70584,0.70584,0.70584,0.70584,0.70584,0.70584,0.70584,0.70584,0.70584,0.70584,0.70584,0.70584,0.70584,0.70584,0.70584,0.70584,0.70584,0.70584,0.70584,0.70584,0.70584,0.70584,0.70584,0.70584,0.70584,0.70584
3079,0.70704,0.70704,0.70704,0.70704,0.70704,0.70704,0.70704,0.70704,0.70704,0.70704,0.70704,0.70704,0.70704,0.70704,0.70704,0.70704,0.70704,0.70704,0.70704,0.70704,0.70704,0.70704,0.70704,0.70704,0.70704,0.70704,0.70704,0.70704,0.70704
3080,0.70817,0.70817,0.70817,0.70817,0.70817,0.70817,0.70817,0.70817,0.70817,0.70817,0.70817,0.70817,0.70817,0.70817,0.70817,0.70817,0.70817,0.70817,0.70817,0.70817,0.70817,0.70817,0.70817,0.70817,0.70817,0.70817,0.70817,0.70817,0.70817
3081,0.70921,0.70921,0.70921,0.70921,0.70921,0.70921,0.70921,0.70921,0.70921,0.70921,0.70921,0.70921,0.70921,0.70921,0.70921,0.70921,0.70921,0.70921,0.70921,0.70921,0.70921,0.70921,0.70921,0.70921,0.70921,0.70921,0.70921,0.70921,0.70921
3082,0.71018,0.71018,0.71018,0.71018,0.71018,0.71018,0.71018,0.71018,0.71018,0.71018,0.71018,0.71018,0.71018,0.71018,0.71018,0.71018,0.71018,0.71018,0.71018,0.71018,0.71018,0.71018,0.71018,0.71018,0.71018,0.71018,0.71018,0.71018,0.71018
3083,0.71108,0.71108,0.71108,0.71108,0.71108,0.71108,0.71108,0.71108,0.71108,0.71108,0.71108,0.71108,0.71108,0.71108,0.71108,0.71108,0.71108,0.71108,0.71108,0.71108,0.71108,0.71108,0.71108,0.71108,0.71108,0.71108,0.71108,0.71108,0.71108
3084,0.71189,0.71189,0.71189,0.71189,0.71189,0.71189,0.71189,0.71189,0.71189,0.71189,0.71189,0.71189,0.71189,0.71189,0.71189,0.71189,0.71189,0.71189,0.71189,0.71189,0.71189,0.71189,0.71189,0.71189,0.71189,0.71189,0.71189,0.71189,0.71189
3085,0.71262,0.71262,0.71262,0.71262,0.71262,0.71262,0.71262,0.71262,0.71262,0.71262,0.71262,0.71262,0.71262,0.71262,0.71262,0.71262,0.71262,0.71262,0.71262,0.71262,0.71262,0.71262,0.71262,0.71262,0.71262,0.71262,0.71262,0.71262,0.71262
3086,0.71327,0.71327,0.71327,0.71327,0.71327,0.71327,0.71327,0.71327,0.71327,0.71327,0.71327,0.71327,0.71327,0.71327,0.71327,0.71327,0.71327,0.71327,0.71327,0.71327,0.71327,0.71327,0.71327,0.71327,0.71327,0.71327,0.71327,0.71327,0.71327
3087,0.71384,0.71384,0.71384,0.71384,0.71384,0.71384,0.71384,0.71384,0.71384,0.71384,0.71384,0.71384,0.71384,0.71384,0.71384,0.71384,0.71384,0.71384,0.71384,0.71384,0.71384,0.71384,0.71384,0.71384,0.71384,0.71384,0.71384,0.71384,0.71384
3088,0.71433,0.71433,0.71433,0.71433,0.71433,0.71433,0.71433,0.71433,0.71433,0.71433,0.71433,0.71433,0.71433,0.71433,0.71433,0.71433,0.71433,0.71433,0.71433,0.71433,0.71433,0.71433,0.71433,0.71433,0.71433,0.71433,0.71433,0.71433,0.71433
3089,0.71473,0.71473,0.71473,0.71473,0.71473,0.71473,0.71473,0.71473,0.71473,0.71473,0.71473,0.71473,0.71473,0.71473,0.71473,0.71473,0.71473,0.71473,0.71473,0.71473,0.71473,0.71473,0.71473,0.71473,0.71473,0.71473,0.71473,0.71473,0.71473
3090,0.71504,0.71504,0.71504,0.71504,0.71504,0.71504,0.71504,0.71504,0.71504,0.71504,0.71504,0.71504,0.71504,0.71504,0.71504,0.71504,0.71504,0.71504,0.71504,0.71504,0.71504,0.71504,0.71504,0.71504,0.71504,0.71504,0.71504,0.71504,0.71504
3091,0.71528,0.71528,0.71528,0.71528,0.71528,0.71528,0.71528,0.71528,0.71528,0.71528,0.71528,0.71528,0.71528,0.71528,0.71528,0.71528,0.71528,0.71528,0.71528,0.71528,0.71528,0.71528,0.71528,0.71528,0.71528,0.71528,0.71528,0.71528,0.71528
3092,0.71543,0.71543,0.71543,0.71543,0.71543,0.71543,0.71543,0.71543,0.71543,0.71543,0.71543,0.71543,0.71543,0.71543,0.71543,0.71543,0.71543,0.71543,0.71543,0.71543,0.71543,0.71543,0.71543,0.71543,0.71543,0.71543,0.71543,0.71543,0.71543
3093,0.71549,0.71549,0.71549,0.71549,0.71549,0.71549,0.71549,0.71549,0.71549,0.71549,0.71549,0.71549,0.71549,0.71549,0.71549,0.71549,0.71549,0.71549,0.71549,0.71549,0.71549,0.71549,0.71549,0.71549,0.71549,0.71549,0.71549,0.71549,0.71549
3094,0.71547,0.71547,0.71547,0.71547,0.71547,0.71547,0.71547,0.71547,0.71547,0.71547,0.71547,0.71547,0.71547,0.71547,0.71547,0.71547,0.71547,0.71547,0.71547,0.71547,0.71547,0.71547,0.71547,0.71547,0.71547,0.71547,0.71547,0.71547,0.71547
3095,0.71536,0.71536,0.71536,0.71536,0.71536,0.71536,0.71536,0.71536,0.71536,0.71536,0.71536,0.71536,0.71536,0.71536,0.71536,0.71536,0.71536,0.71536,0.71536,0.71536,0.71536,0.71536,0.71536,0.71536,0.71536,0.71536,0.71536,0.71536,0.71536
3096,0.71517,0.71517,0.71517,0.71517,0.71517,0.71517,0.71517,0.71517,0.71517,0.71517,0.71517,0.71517,0.71517,0.71517,0.71517,0.71517,0.71517,0.71517,0.71517,0.71517,0.71517,0.71517,0.71517,0.71517,0.71517,0.71517,0.71517,0.71517,0.71517
3097,0.71490,0.71490,0.71490,0.71490,0.71490,0.71490,0.71490,0.71490,0.71490,0.71490,0.71490,0.71490,0.71490,0.71490,0.71490,0.71490,0.71490,0.71490,0.71490,0.71490,0.71490,0.71490,0.71490,0.71490,0.71490,0.71490,0.71490,0.71490,0.71490
3098,0.71454,0.71454,0.71454,0.71454,0.71454,0.71454,0.71454,0.71454,0.71454,0.71454,0.71454,0.71454,0.71454,0.71454,0.71454,0.71454,0.71454,0.71454,0.71454,0.71454,0.71454,0.71454,0.71454,0.71454,0.71454,0.71454,0.71454,0.71454,0.71454
3099,0.71409,0.71409,0.71409,0.71409,0.71409,0.71409,0.71409,0.71409,0.71409,0.71409,0.71409,0.71409,0.71409,0.71409,0.71409,0.71409,0.71409,0.71409,0.71409,0.71409,0.71409,0.71409,0.71409,0.71409,0.71409,0.71409,0.71409,0.71409,0.71409
3100,0.71357,0.71357,0.71357,0.71357,0.71357,0.71357,0.71357,0.71357,0.71357,0.71357,0.71357,0.71357,0.71357,0.71357,0.71357,0.71357,0.71357,0.71357,0.71357,0.71357,0.71357,0.71357,0.71357,0.71357,0.71357,0.71357,0.71357,0.71357,0.71357
3101,0.71296,0.71296,0.71296,0.71296,0.71296,0.71296,0.71296,0.71296,0.71296,0.71296,0.71296,0.71296,0.71296,0.71296,0.71296,0.71296,0.71296,0.71296,0.71296,0.71296,0.71296,0.71296,0.71296,0.71296,0.71296,0.71296,0.71296,0.71296,0.71296
3102,0.71227,0.71227,0.71227,0.71227,0.71227,0.71227,0.71227,0.71227,0.71227,0.71227,0.71227,0.71227,0.71227,0.71227,0.71227,0.71227,0.71227,0.71227,0.71227,0.71227,0.71227,0.71227,0.71227,0.71227,0.71227,0.71227,0.71227,0.71227,0.71227
3103,0.71149,0.71149,0.71149,0.71149,0.71149,0.71149,0.71149,0.71149,0.71149,0.71149,0.71149,0.71149,0.71149,0.71149,0.71149,0.71149,0.71149,0.71149,0.71149,0.71149,0.71149,0.71149,0.71149,0.71149,0.71149,0.71149,0.71149,0.71149,0.71149
3104,0.71064,0.71064,0.71064,0.71064,0.71064,0.71064,0.71064,0.71064,0.71064,0.71064,0.71064,0.71064,0.71064,0.71064,0.71064,0.71064,0.71064,0.71064,0.71064,0.71064,0.71064,0.71064,0.71064,0.71064,0.71064,0.71064,0.71064,0.71064,0.71064
3105,0.70971,0.70971,0.70971,0.70971,0.70971,0.70971,0.70971,0.70971,0.70971,0.70971,0.70971,0.70971,0.70971,0.70971,0.70971,0.70971,0.70971,0.70971,0.70971,0.70971,0.70971,0.70971,0.70971,0.70971,0.70971,0.70971,0.70971,0.70971,0.70971
3106,0.70870,0.70870,0.70870,0.70870,0.70870,0.70870,0.70870,0.70870,0.70870,0.70870,0.70870,0.70870,0.70870,0.70870,0.70870,0.70870,0.70870,0.70870,0.70870,0.70870,0.70870,0.70870,0.70870,0.70870,0.70870,0.70870,0.70870,0.70870,0.70870
3107,0.70761,0.70761,0.70761,0.70761,0.70761,0.70761,0.70761,0.70761,0.70761,0.70761,0.70761,0.70761,0.70761,0.70761,0.70761,0.70761,0.70761,0.70761,0.70761,0.70761,0.70761,0.70761,0.70761,0.70761,0.70761,0.70761,0.70761,0.70761,0.70761
3108,0.70645,0.70645,0.70645,0.70645,0.70645,0.70645,0.70645,0.70645,0.70645,0.70645,0.70645,0.70645,0.70645,0.70645,0.70645,0.70645,0.70645,0.70645,0.70645,0.70645,0.70645,0.70645,0.70645,0.70645,0.70645,0.70645,0.70645,0.70645,0.70645
3109,0.70521,0.70521,0.70521,0.70521,0.70521,0.70521,0.70521,0.70521,0.70521,0.70521,0.70521,0.70521,0.70521,0.70521,0.70521,0.70521,0.70521,0.70521,0.70521,0.70521,0.70521,0.70521,0.70521,0.70521,0.70521,0.70521,0.70521,0.70521,0.70521
3110,0.70391,0.70391,0.70391,0.70391,0.70391,0.70391,0.70391,0.70391,0.70391,0.70391,0.70391,0.70391,0.70391,0.70391,0.70391,0.70391,0.70391,0.70391,0.70391,0.70391,0.70391,0.70391,0.70391,0.70391,0.70391,0.70391,0.70391,0.70391,0.70391
3111,0.70252,0.70252,0.70252,0.70252,0.70252,0.70252,0.70252,0.70252,0.70252,0.70252,0.70252,0.70252,0.70252,0.70252,0.70252,0.70252,0.70252,0.70252,0.70252,0.70252,0.70252,0.70252,0.70252,0.70252,0.70252,0.70252,0.70252,0.70252,0.70252
3112,0.70107,0.70107,0.70107,0.70107,0.70107,0.70107,0.70107,0.70107,0.70107,0.70107,0.70107,0.70107,0.70107,0.70107,0.70107,0.70107,0.70107,0.70107,0.70107,0.70107,0.70107,0.70107,0.70107,0.70107,0.70107,0.70107,0.70107,0.70107,0.70107
3113,0.69955,0.69955,0.69955,0.69955,0.69955,0.69955,0.69955,0.69955,0.69955,0.69955,0.69955,0.69955,0.69955,0.69955,0.69955,0.69955,0.69955,0.69955,0.69955,0.69955,0.69955,0.69955,0.69955,0.69955,0.69955,0.69955,0.69955,0.69955,0.69955
3114,0.69797,0.69797,0.69797,0.69797,0.69797,0.69797,0.69797,0.69797,0.69797,0.69797,0.69797,0.69797,0.69797,0.69797,0.69797,0.69797,0.69797,0.69797,0.69797,0.69797,0.69797,0.69797,0.69797,0.69797,0.69797,0.69797,0.69797,0.69797,0.69797
3115,0.69631,0.69631,0.69631,0.69631,0.69631,0.69631,0.69631,0.69631,0.69631,0.69631,0.69631,0.69631,0.69631,0.69631,0.69631,0.69631,0.69631,0.69631,0.69631,0.69631,0.69631,0.69631,0.69631,0.69631,0.69631,0.69631,0.69631,0.69631,0.69631
3116,0.69460,0.69460,0.69460,0.69460,0.69460,0.69460,0.69460,0.69460,0.69460,0.69460,0.69460,0.69460,0.69460,0.69460,0.69460,0.69460,0.69460,0.69460,0.69460,0.69460,0.69460,0.69460,0.69460,0.69460,0.69460,0.69460,0.69460,0.69460,0.69460
3117,0.69282,0.69282,0.69282,0.69282,0.69282,0.69282,0.69282,0.69282,0.69282,0.69282,0.69282,0.69282,0.69282,0.69282,0.69282,0.69282,0.69282,0.69282,0.69282,0.69282,0.69282,0.69282,0.69282,0.69282,0.69282,0.69282,0.69282,0.69282,0.69282
3118,0.69098,0.69098,0.69098,0.69098,0.69098,0.69098,0.69098,0.69098,0.69098,0.69098,0.69098,0.69098,0.69098,0.69098,0.69098,0.69098,0.69098,0.69098,0.69098,0.69098,0.69098,0.69098,0.69098,0.69098,0.69098,0.69098,0.69098,0.69098,0.69098
3119,0.68908,0.68908,0.68908,0.68908,0.68908,0.68908,0.68908,0.68908,0.68908,0.68908,0.68908,0.68908,0.68908,0.68908,0.68908,0.68908,0.68908,0.68908,0.68908,0.68908,0.68908,0.68908,0.68908,0.68908,0.68908,0.68908,0.68908,0.68908,0.68908
3120,0.68712,0.68712,0.68712,0.68712,0.68712,0.68712,0.68712,0.68712,0.68712,0.68712,0.68712,0.68712,0.68712,0.68712,0.68712,0.68712,0.68712,0.68712,0.68712,0.68712,0.68712,0.68712,0.68712,0.68712,0.68712,0.68712,0.68712,0.68712,0.68712
3121,0.68511,0.68511,0.68511,0.68511,0.68511,0.68511,0.68511,0.68511,0.68511,0.68511,0.68511,0.68511,0.68511,0.68511,0.68511,0.68511,0.68511,0.68511,0.68511,0.68511,0.68511,0.68511,0.68511,0.68511,0.68511,0.68511,0.68511,0.68511,0.68511
3122,0.68304,0.68304,0.68304,0.68304,0.68304,0.68304,0.68304,0.68304,0.68304,0.68304,0.68304,0.68304,0.68304,0.68304,0.68304,0.68304,0.68304,0.68304,0.68304,0.68304,0.68304,0.68304,0.68304,0.68304,0.68304,0.68304,0.68304,0.68304,0.68304
3123,0.68093,0.68093,0.68093,0.68093,0.68093,0.68093,0.68093,0.68093,0.68093,0.68093,0.68093,0.68093,0.68093,0.68093,0.68093,0.68093,0.68093,0.68093,0.68093,0.68093,0.68093,0.68093,0.68093,0.68093,0.68093,0.68093,0.68093,0.68093,0.68093
3124,0.67876,0.67876,0.67876,0.67876,0.67876,0.67876,0.67876,0.67876,0.67876,0.67876,0.67876,0.67876,0.67876,0.67876,0.67876,0.67876,0.67876,0.67876,0.67876,0.67876,0.67876,0.67876,0.67876,0.67876,0.67876,0.67876,0.67876,0.67876,0.67876
3125,0.67654,0.67654,0.67654,0.67654,0.67654,0.67654,0.67654,0.67654,0.67654,0.67654,0.67654,0.67654,0.67654,0.67654,0.67654,0.67654,0.67654,0.67654,0.67654,0.67654,0.67654,0.67654,0.67654,0.67654,0.67654,0.67654,0.67654,0.67654,0.67654
3126,0.67427,0.67427,0.67427,0.67427,0.67427,0.67427,0.67427,0.67427,0.67427,0.67427,0.67427,0.67427,0.67427,0.67427,0.67427,0.67427,0.67427,0.67427,0.67427,0.67427,0.67427,0.67427,0.67427,0.67427,0.67427,0.67427,0.67427,0.67427,0.67427
3127,0.67196,0.67196,0.67196,0.67196,0.67196,0.67196,0.67196,0.67196,0.67196,0.67196,0.67196,0.67196,0.67196,0.67196,0.67196,0.67196,0.67196,0.67196,0.67196,0.67196,0.67196,0.67196,0.67196,0.67196,0.67196,0.67196,0.67196,0.67196,0.67196
3128,0.66960,0.66960,0.66960,0.66960,0.66960,0.66960,0.66960,0.66960,0.66960,0.66960,0.66960,0.66960,0.66960,0.66960,0.66960,0.66960,0.66960,0.66960,0.66960,0.66960,0.66960,0.66960,0.66960,0.66960,0.66960,0.66960,0.66960,0.66960,0.66960
3129,0.66720,0.66720,0.66720,0.66720,0.66720,0.66720,0.66720,0.66720,0.66720,0.66720,0.66720,0.66720,0.66720,0.66720,0.66720,0.66720,0.66720,0.66720,0.66720,0.66720,0.66720,0.66720,0.66720,0.66720,0.66720,0.66720,0.66720,0.66720,0.66720
3130,0.66476,0.66476,0.66476,0.66476,0.66476,0.66476,0.66476,0.66476,0.66476,0.66476,0.66476,0.66476,0.66476,0.66476,0.66476,0.66476,0.66476,0.66476,0.66476,0.66476,0.66476,0.66476,0.66476,0.66476,0.66476,0.66476,0.66476,0.66476,0.66476
3131,0.66227,0.66227,0.66227,0.66227,0.66227,0.66227,0.66227,0.66227,0.66227,0.66227,0.66227,0.66227,0.66227,0.66227,0.66227,0.66227,0.66227,0.66227,0.66227,0.66227,0.66227,0.66227,0.66227,0.66227,0.66227,0.66227,0.66227,0.66227,0.66227
3132,0.65975,0.65975,0.65975,0.65975,0.65975,0.65975,0.65975,0.65975,0.65975,0.65975,0.65975,0.65975,0.65975,0.65975,0.65975,0.65975,0.65975,0.65975,0.65975,0.65975,0.65975,0.65975,0.65975,0.65975,0.65975,0.65975,0.65975,0.65975,0.65975
3133,0.65720,0.65720,0.65720,0.65720,0.65720,0.65720,0.65720,0.65720,0.65720,0.65720,0.65720,0.65720,0.65720,0.65720,0.65720,0.65720,0.65720,0.65720,0.65720,0.65720,0.65720,0.65720,0.65720,0.65720,0.65720,0.65720,0.65720,0.65720,0.65720
3134,0.65460,0.65460,0.65460,0.65460,0.65460,0.65460,0.65460,0.65460,0.65460,0.65460,0.65460,0.65460,0.65460,0.65460,0.65460,0.65460,0.65460,0.65460,0.65460,0.65460,0.65460,0.65460,0.65460,0.65460,0.65460,0.65460,0.65460,0.65460,0.65460
3135,0.65198,0.65198,0.65198,0.65198,0.65198,0.65198,0.65198,0.65198,0.65198,0.65198,0.65198,0.65198,0.65198,0.65198,0.65198,0.65198,0.65198,0.65198,0.65198,0.65198,0.65198,0.65198,0.65198,0.65198,0.65198,0.65198,0.65198,0.65198,0.65198
3136,0.64931,0.64931,0.64931,0.64931,0.64931,0.64931,0.64931,0.64931,0.64931,0.64931,0.64931,0.64931,0.64931,0.64931,0.64931,0.64931,0.64931,0.64931,0.64931,0.64931,0.64931,0.64931,0.64931,0.64931,0.64931,0.64931,0.64931,0.64931,0.64931
3137,0.64662,0.64662,0.64662,0.64662,0.64662,0.64662,0.64662,0.64662,0.64662,0.64662,0.64662,0.64662,0.64662,0.64662,0.64662,0.64662,0.64662,0.64662,0.64662,0.64662,0.64662,0.64662,0.64662,0.64662,0.64662,0.64662,0.64662,0.64662,0.64662
3138,0.64390,0.64390,0.64390,0.64390,0.64390,0.64390,0.64390,0.64390,0.64390,0.64390,0.64390,0.64390,0.64390,0.64390,0.64390,0.64390,0.64390,0.64390,0.64390,0.64390,0.64390,0.64390,0.64390,0.64390,0.64390,0.64390,0.64390,0.64390,0.64390
3139,0.64115,0.64115,0.64115,0.64115,0.64115,0.64115,0.64115,0.64115,0.64115,0.64115,0.64115,0.64115,0.64115,0.64115,0.64115,0.64115,0.64115,0.64115,0.64115,0.64115,0.64115,0.64115,0.64115,0.64115,0.64115,0.64115,0.64115,0.64115,0.64115
3140,0.63837,0.63837,0.63837,0.63837,0.63837,0.63837,0.63837,0.63837,0.63837,0.63837,0.63837,0.63837,0.63837,0.63837,0.63837,0.63837,0.63837,0.63837,0.63837,0.63837,0.63837,0.63837,0.63837,0.63837,0.63837,0.63837,0.63837,0.63837,0.63837
3141,0.63557,0.63557,0.63557,0.63557,0.63557,0.63557,0.63557,0.63557,0.63557,0.63557,0.63557,0.63557,0.63557,0.63557,0.63557,0.63557,0.63557,0.63557,0.63557,0.63557,0.63557,0.63557,0.63557,0.63557,0.63557,0.63557,0.63557,0.63557,0.63557
3142,0.63274,0.63274,0.63274,0.63274,0.63274,0.63274,0.63274,0.63274,0.63274,0.63274,0.63274,0.63274,0.63274,0.63274,0.63274,0.63274,0.63274,0.63274,0.63274,0.63274,0.63274,0.63274,0.63274,0.63274,0.63274,0.63274,0.63274,0.63274,0.63274
3143,0.62988,0.62988,0.62988,0.62988,0.62988,0.62988,0.62988,0.62988,0.62988,0.62988,0.62988,0.62988,0.62988,0.62988,0.62988,0.62988,0.62988,0.62988,0.62988,0.62988,0.62988,0.62988,0.62988,0.62988,0.62988,0.62988,0.62988,0.62988,0.62988
3144,0.62700,0.62700,0.62700,0.62700,0.62700,0.62700,0.62700,0.62700,0.62700,0.62700,0.62700,0.62700,0.62700,0.62700,0.62700,0.62700,0.62700,0.62700,0.62700,0.62700,0.62700,0.62700,0.62700,0.62700,0.62700,0.62700,0.62700,0.62700,0.62700
3145,0.62410,0.62410,0.62410,0.62410,0.62410,0.62410,0.62410,0.62410,0.62410,0.62410,0.62410,0.62410,0.62410,0.62410,0.62410,0.62410,0.62410,0.62410,0.62410,0.62410,0.62410,0.62410,0.62410,0.62410,0.62410,0.62410,0.62410,0.62410,0.62410
3146,0.62118,0.62118,0.62118,0.62118,0.62118,0.62118,0.62118,0.62118,0.62118,0.62118,0.62118,0.62118,0.62118,0.62118,0.62118,0.62118,0.62118,0.62118,0.62118,0.62118,0.62118,0.62118,0.62118,0.62118,0.62118,0.62118,0.62118,0.62118,0.62118
3147,0.61824,0.61824,0.61824,0.61824,0.61824,0.61824,0.61824,0.61824,0.61824,0.61824,0.61824,0.61824,0.61824,0.61824,0.61824,0.61824,0.61824,0.61824,0.61824,0.61824,0.61824,0.61824,0.61824,0.61824,0.61824,0.61824,0.61824,0.61824,0.61824
3148,0.61528,0.61528,0.61528,0.61528,0.61528,0.61528,0.61528,0.61528,0.61528,0.61528,0.61528,0.61528,0.61528,0.61528,0.61528,0.61528,0.61528,0.61528,0.61528,0.61528,0.61528,0.61528,0.61528,0.61528,0.61528,0.61528,0.61528,0.61528,0.61528
3149,0.61230,0.61230,0.61230,0.61230,0.61230,0.61230,0.61230,0.61230,0.61230,0.61230,0.61230,0.61230,0.61230,0.61230,0.61230,0.61230,0.61230,0.61230,0.61230,0.61230,0.61230,0.61230,0.61230,0.61230,0.61230,0.61230,0.61230,0.61230,0.61230
3150,0.60930,0.60930,0.60930,0.60930,0.60930,0.60930,0.60930,0.60930,0.60930,0.60930,0.60930,0.60930,0.60930,0.60930,0.60930,0.60930,0.60930,0.60930,0.60930,0.60930,0.60930,0.60930,0.60930,0.60930,0.60930,0.60930,0.60930,0.60930,0.60930
3151,0.60629,0.60629,0.60629,0.60629,0.60629,0.60629,0.60629,0.60629,0.60629,0.60629,0.60629,0.60629,0.60629,0.60629,0.60629,0.60629,0.60629,0.60629,0.60629,0.60629,0.60629,0.60629,0.60629,0.60629,0.60629,0.60629,0.60629,0.60629,0.60629
3152,0.60326,0.60326,0.60326,0.60326,0.60326,0.60326,0.60326,0.60326,0.60326,0.60326,0.60326,0.60326,0.60326,0.60326,0.60326,0.60326,0.60326,0.60326,0.60326,0.60326,0.60326,0.60326,0.60326,0.60326,0.60326,0.60326,0.60326,0.60326,0.60326
3153,0.60021,0.60021,0.60021,0.60021,0.60021,0.60021,0.60021,0.60021,0.60021,0.60021,0.60021,0.60021,0.60021,0.60021,0.60021,0.60021,0.60021,0.60021,0.60021,0.60021,0.60021,0.60021,0.60021,0.60021,0.60021,0.60021,0.60021,0.60021,0.60021
3154,0.59715,0.59715,0.59715,0.59715,0.59715,0.59715,0.59715,0.59715,0.59715,0.59715,0.59715,0.59715,0.59715,0.59715,0.59715,0.59715,0.59715,0.59715,0.59715,0.59715,0.59715,0.59715,0.59715,0.59715,0.59715,0.59715,0.59715,0.59715,0.59715
3155,0.59408,0.59408,0.59408,0.59408,0.59408,0.59408,0.59408,0.59408,0.59408,0.59408,0.59408,0.59408,0.59408,0.59408,0.59408,0.59408,0.59408,0.59408,0.59408,0.59408,0.59408,0.59408,0.59408,0.59408,0.59408,0.59408,0.59408,0.59408,0.59408
3156,0.59100,0.59100,0.59100,0.59100,0.59100,0.59100,0.59100,0.59100,0.59100,0.59100,0.59100,0.59100,0.59100,0.59100,0.59100,0.59100,0.59100,0.59100,0.59100,0.59100,0.59100,0.59100,0.59100,0.59100,0.59100,0.59100,0.59100,0.59100,0.59100
3157,0.58790,0.58790,0.58790,0.58790,0.58790,0.58790,0.58790,0.58790,0.58790,0.58790,0.58790,0.58790,0.58790,0.58790,0.58790,0.58790,0.58790,0.58790,0.58790,0.58790,0.58790,0.58790,0.58790,0.58790,0.58790,0.58790,0.58790,0.58790,0.58790
3158,0.58479,0.58479,0.58479,0.58479,0.58479,0.58479,0.58479,0.58479,0.58479,0.58479,0.58479,0.58479,0.58479,0.58479,0.58479,0.58479,0.58479,0.58479,0.58479,0.58479,0.58479,0.58479,0.58479,0.58479,0.58479,0.58479,0.58479,0.58479,0.58479
3159,0.58167,0.58167,0.58167,0.58167,0.58167,0.58167,0.58167,0.58167,0.58167,0.58167,0.58167,0.58167,0.58167,0.58167,0.58167,0.58167,0.58167,0.58167,0.58167,0.58167,0.58167,0.58167,0.58167,0.58167,0.58167,0.58167,0.58167,0.58167,0.58167
3160,0.57854,0.57854,0.57854,0.57854,0.57854,0.57854,0.57854,0.57854,0.57854,0.57854,0.57854,0.57854,0.57854,0.57854,0.57854,0.57854,0.57854,0.57854,0.57854,0.57854,0.57854,0.57854,0.57854,0.57854,0.57854,0.57854,0.57854,0.57854,0.57854
3161,0.57540,0.57540,0.57540,0.57540,0.57540,0.57540,0.57540,0.57540,0.57540,0.57540,0.57540,0.57540,0.57540,0.57540,0.57540,0.57540,0.57540,0.57540,0.57540,0.57540,0.57540,0.57540,0.57540,0.57540,0.57540,0.57540,0.57540,0.57540,0.57540
3162,0.57225,0.57225,0.57225,0.57225,0.57225,0.57225,0.57225,0.57225,0.57225,0.57225,0.57225,0.57225,0.57225,0.57225,0.57225,0.57225,0.57225,0.57225,0.57225,0.57225,0.57225,0.57225,0.57225,0.57225,0.57225,0.57225,0.57225,0.57225,0.57225
3163,0.56910,0.56910,0.56910,0.56910,0.56910,0.56910,0.56910,0.56910,0.56910,0.56910,0.56910,0.56910,0.56910,0.56910,0.56910,0.56910,0.56910,0.56910,0.56910,0.56910,0.56910,0.56910,0.56910,0.56910,0.56910,0.56910,0.56910,0.56910,0.56910
3164,0.56593,0.56593,0.56593,0.56593,0.56593,0.56593,0.56593,0.56593,0.56593,0.56593,0.56593,0.56593,0.56593,0.56593,0.56593,0.56593,0.56593,0.56593,0.56593,0.56593,0.56593,0.56593,0.56593,0.56593,0.56593,0.56593,0.56593,0.56593,0.56593
3165,0.56276,0.56276,0.56276,0.56276,0.56276,0.56276,0.56276,0.56276,0.56276,0.56276,0.56276,0.56276,0.56276,0.56276,0.56276,0.56276,0.56276,0.56276,0.56276,0.56276,0.56276,0.56276,0.56276,0.56276,0.56276,0.56276,0.56276,0.56276,0.56276
3166,0.55958,0.55958,0.55958,0.55958,0.55958,0.55958,0.55958,0.55958,0.55958,0.55958,0.55958,0.55958,0.55958,0.55958,0.55958,0.55958,0.55958,0.55958,0.55958,0.55958,0.55958,0.55958,0.55958,0.55958,0.55958,0.55958,0.55958,0.55958,0.55958
3167,0.55640,0.55640,0.55640,0.55640,0.55640,0.55640,0.55640,0.55640,0.55640,0.55640,0.55640,0.55640,0.55640,0.55640,0.55640,0.55640,0.55640,0.55640,0.55640,0.55640,0.55640,0.55640,0.55640,0.55640,0.55640,0.55640,0.55640,0.55640,0.55640
3168,0.55320,0.55320,0.55320,0.55320,0.55320,0.55320,0.55320,0.55320,0.55320,0.55320,0.55320,0.55320,0.55320,0.55320,0.55320,0.55320,0.55320,0.55320,0.55320,0.55320,0.55320,0.55320,0.55320,0.55320,0.55320,0.55320,0.55320,0.55320,0.55320
3169,0.55001,0.55001,0.55001,0.55001,0.55001,0.55001,0.55001,0.55001,0.55001,0.55001,0.55001,0.55001,0.55001,0.55001,0.55001,0.55001,0.55001,0.55001,0.55001,0.55001,0.55001,0.55001,0.55001,0.55001,0.55001,0.55001,0.55001,0.55001,0.55001
3170,0.54680,0.54680,0.54680,0.54680,0.54680,0.54680,0.54680,0.54680,0.54680,0.54680,0.54680,0.54680,0.54680,0.54680,0.54680,0.54680,0.54680,0.54680,0.54680,0.54680,0.54680,0.54680,0.54680,0.54680,0.54680,0.54680,0.54680,0.54680,0.54680
3171,0.54360,0.54360,0.54360,0.54360,0.54360,0.54360,0.54360,0.54360,0.54360,0.54360,0.54360,0.54360,0.54360,0.54360,0.54360,0.54360,0.54360,0.54360,0.54360,0.54360,0.54360,0.54360,0.54360,0.54360,0.54360,0.54360,0.54360,0.54360,0.54360
3172,0.54038,0.54038,0.54038,0.54038,0.54038,0.54038,0.54038,0.54038,0.54038,0.54038,0.54038,0.54038,0.54038,0.54038,0.54038,0.54038,0.54038,0.54038,0.54038,0.54038,0.54038,0.54038,0.54038,0.54038,0.54038,0.54038,0.54038,0.54038,0.54038
3173,0.53717,0.53717,0.53717,0.53717,0.53717,0.53717,0.53717,0.53717,0.53717,0.53717,0.53717,0.53717,0.53717,0.53717,0.53717,0.53717,0.53717,0.53717,0.53717,0.53717,0.53717,0.53717,0.53717,0.53717,0.53717,0.53717,0.53717,0.53717,0.53717
3174,0.53395,0.53395,0.53395,0.53395,0.53395,0.53395,0.53395,0.53395,0.53395,0.53395,0.53395,0.53395,0.53395,0.53395,0.53395,0.53395,0.53395,0.53395,0.53395,0.53395,0.53395,0.53395,0.53395,0.53395,0.53395,0.53395,0.53395,0.53395,0.53395
3175,0.53072,0.53072,0.53072,0.53072,0.53072,0.53072,0.53072,0.53072,0.53072,0.53072,0.53072,0.53072,0.53072,0.53072,0.53072,0.53072,0.53072,0.53072,0.53072,0.53072,0.53072,0.53072,0.53072,0.53072,0.53072,0.53072,0.53072,0.53072,0.53072
3176,0.52750,0.52750,0.52750,0.52750,0.52750,0.52750,0.52750,0.52750,0.52750,0.52750,0.52750,0.52750,0.52750,0.52750,0.52750,0.52750,0.52750,0.52750,0.52750,0.52750,0.52750,0.52750,0.52750,0.52750,0.52750,0.52750,0.52750,0.52750,0.52750
3177,0.52427,0.52427,0.52427,0.52427,0.52427,0.52427,0.52427,0.52427,0.52427,0.52427,0.52427,0.52427,0.52427,0.52427,0.52427,0.52427,0.52427,0.52427,0.52427,0.52427,0.52427,0.52427,0.52427,0.52427,0.52427,0.52427,0.52427,0.52427,0.52427
3178,0.52104,0.52104,0.52104,0.52104,0.52104,0.52104,0.52104,0.52104,0.52104,0.52104,0.52104,0.52104,0.52104,0.52104,0.52104,0.52104,0.52104,0.52104,0.52104,0.52104,0.52104,0.52104,0.52104,0.52104,0.52104,0.52104,0.52104,0.52104,0.52104
3179,0.51780,0.51780,0.51780,0.51780,0.51780,0.51780,0.51780,0.51780,0.51780,0.51780,0.51780,0.51780,0.51780,0.51780,0.51780,0.51780,0.51780,0.51780,0.51780,0.51780,0.51780,0.51780,0.51780,0.51780,0.51780,0.51780,0.51780,0.51780,0.51780
3180,0.51457,0.51457,0.51457,0.51457,0.51457,0.51457,0.51457,0.51457,0.51457,0.51457,0.51457,0.51457,0.51457,0.51457,0.51457,0.51457,0.51457,0.51457,0.51457,0.51457,0.51457,0.51457,0.51457,0.51457,0.51457,0.51457,0.51457,0.51457,0.51457
3181,0.51133,0.51133,0.51133,0.51133,0.51133,0.51133,0.51133,0.51133,0.51133,0.51133,0.51133,0.51133,0.51133,0.51133,0.51133,0.51133,0.51133,0.51133,0.51133,0.51133,0.51133,0.51133,0.51133,0.51133,0.51133,0.51133,0.51133,0.51133,0.51133
3182,0.50810,0.50810,0.50810,0.50810,0.50810,0.50810,0.50810,0.50810,0.50810,0.50810,0.50810,0.50810,0.50810,0.50810,0.50810,0.50810,0.50810,0.50810,0.50810,0.50810,0.50810,0.50810,0.50810,0.50810,0.50810,0.50810,0.50810,0.50810,0.50810
3183,0.50486,0.50486,0.50486,0.50486,0.50486,0.50486,0.50486,0.50486,0.50486,0.50486,0.50486,0.50486,0.50486,0.50486,0.50486,0.50486,0.50486,0.50486,0.50486,0.50486,0.50486,0.50486,0.50486,0.50486,0.50486,0.50486,0.50486,0.50486,0.50486
3184,0.50162,0.50162,0.50162,0.50162,0.50162,0.50162,0.50162,0.50162,0.50162,0.50162,0.50162,0.50162,0.50162,0.50162,0.50162,0.50162,0.50162,0.50162,0.50162,0.50162,0.50162,0.50162,0.50162,0.50162,0.50162,0.50162,0.50162,0.50162,0.50162
3185,0.49838,0.49838,0.49838,0.49838,0.49838,0.49838,0.49838,0.49838,0.49838,0.49838,0.49838,0.49838,0.49838,0.49838,0.49838,0.49838,0.49838,0.49838,0.49838,0.49838,0.49838,0.49838,0.49838,0.49838,0.49838,0.49838,0.49838,0.49838,0.49838
3186,0.49514,0.49514,0.49514,0.49514,0.49514,0.49514,0.49514,0.49514,0.49514,0.49514,0.49514,0.49514,0.49514,0.49514,0.49514,0.49514,0.49514,0.49514,0.49514,0.49514,0.49514,0.49514,0.49514,0.49514,0.49514,0.49514,0.49514,0.49514,0.49514
3187,0.49190,0.49190,0.49190,0.49190,0.49190,0.49190,0.49190,0.49190,0.49190,0.49190,0.49190,0.49190,0.49190,0.49190,0.49190,0.49190,0.49190,0.49190,0.49190,0.49190,0.49190,0.49190,0.49190,0.49190,0.49190,0.49190,0.49190,0.49190,0.49190
3188,0.48867,0.48867,0.48867,0.48867,0.48867,0.48867,0.48867,0.48867,0.48867,0.48867,0.48867,0.48867,0.48867,0.48867,0.48867,0.48867,0.48867,0.48867,0.48867,0.48867,0.48867,0.48867,0.48867,0.48867,0.48867,0.48867,0.48867,0.48867,0.48867
3189,0.48543,0.48543,0.48543,0.48543,0.48543,0.48543,0.48543,0.48543,0.48543,0.48543,0.48543,0.48543,0.48543,0.48543,0.48543,0.48543,0.48543,0.48543,0.48543,0.48543,0.48543,0.48543,0.48543,0.48543,0.48543,0.48543,0.48543,0.48543,0.48543
3190,0.48220,0.48220,0.48220,0.48220,0.48220,0.48220,0.48220,0.48220,0.48220,0.48220,0.48220,0.48220,0.48220,0.48220,0.48220,0.48220,0.48220,0.48220,0.48220,0.48220,0.48220,0.48220,0.48220,0.48220,0.48220,0.48220,0.48220,0.48220,0.48220
3191,0.47896,0.47896,0.47896,0.47896,0.47896,0.47896,0.47896,0.47896,0.47896,0.47896,0.47896,0.47896,0.47896,0.47896,0.47896,0.47896,0.47896,0.47896,0.47896,0.47896,0.47896,0.47896,0.47896,0.47896,0.47896,0.47896,0.47896,0.47896,0.47896
3192,0.47573,0.47573,0.47573,0.47573,0.47573,0.47573,0.47573,0.47573,0.47573,0.47573,0.47573,0.47573,0.47573,0.47573,0.47573,0.47573,0.47573,0.47573,0.47573,0.47573,0.47573,0.47573,0.47573,0.47573,0.47573,0.47573,0.47573,0.47573,0.47573
3193,0.47250,0.47250,0.47250,0.47250,0.47250,0.47250,0.47250,0.47250,0.47250,0.47250,0.47250,0.47250,0.47250,0.47250,0.47250,0.47250,0.47250,0.47250,0.47250,0.47250,0.47250,0.47250,0.47250,0.47250,0.47250,0.47250,0.47250,0.47250,0.47250
3194,0.46928,0.46928,0.46928,0.46928,0.46928,0.46928,0.46928,0.46928,0.46928,0.46928,0.46928,0.46928,0.46928,0.46928,0.46928,0.46928,0.46928,0.46928,0.46928,0.46928,0.46928,0.46928,0.46928,0.46928,0.46928,0.46928,0.46928,0.46928,0.46928
3195,0.46605,0.46605,0.46605,0.46605,0.46605,0.46605,0.46605,0.46605,0.46605,0.46605,0.46605,0.46605,0.46605,0.46605,0.46605,0.46605,0.46605,0.46605,0.46605,0.46605,0.46605,0.46605,0.46605,0.46605,0.46605,0.46605,0.46605,0.46605,0.46605
3196,0.46283,0.46283,0.46283,0.46283,0.46283,0.46283,0.46283,0.46283,0.46283,0.46283,0.46283,0.46283,0.46283,0.46283,0.46283,0.46283,0.46283,0.46283,0.46283,0.46283,0.46283,0.46283,0.46283,0.46283,0.46283,0.46283,0.46283,0.46283,0.46283
3197,0.45962,0.45962,0.45962,0.45962,0.45962,0.45962,0.45962,0.45962,0.45962,0.45962,0.45962,0.45962,0.45962,0.45962,0.45962,0.45962,0.45962,0.45962,0.45962,0.45962,0.45962,0.45962,0.45962,0.45962,0.45962,0.45962,0.45962,0.45962,0.45962
3198,0.45640,0.45640,0.45640,0.45640,0.45640,0.45640,0.45640,0.45640,0.45640,0.45640,0.45640,0.45640,0.45640,0.45640,0.45640,0.45640,0.45640,0.45640,0.45640,0.45640,0.45640,0.45640,0.45640,0.45640,0.45640,0.45640,0.45640,0.45640,0.45640
3199,0.45320,0.45320,0.45320,0.45320,0.45320,0.45320,0.45320,0.45320,0.45320,0.45320,0.45320,0.45320,0.45320,0.45320,0.45320,0.45320,0.45320,0.45320,0.45320,0.45320,0.45320,0.45320,0.45320,0.45320,0.45320,0.45320,0.45320,0.45320,0.45320
3200,0.44999,0.44999,0.44999,0.44999,0.44999,0.44999,0.44999,0.44999,0.44999,0.44999,0.44999,0.44999,0.44999,0.44999,0.44999,0.44999,0.44999,0.44999,0.44999,0.44999,0.44999,0.44999,0.44999,0.44999,0.44999,0.44999,0.44999,0.44999,0.44999
3201,0.44680,0.44680,0.44680,0.44680,0.44680,0.44680,0.44680,0.44680,0.44680,0.44680,0.44680,0.44680,0.44680,0.44680,0.44680,0.44680,0.44680,0.44680,0.44680,0.44680,0.44680,0.44680,0.44680,0.44680,0.44680,0.44680,0.44680,0.44680,0.44680
3202,0.44360,0.44360,0.44360,0.44360,0.44360,0.44360,0.44360,0.44360,0.44360,0.44360,0.44360,0.44360,0.44360,0.44360,0.44360,0.44360,0.44360,0.44360,0.44360,0.44360,0.44360,0.44360,0.44360,0.44360,0.44360,0.44360,0.44360,0.44360,0.44360
3203,0.44042,0.44042,0.44042,0.44042,0.44042,0.44042,0.44042,0.44042,0.44042,0.44042,0.44042,0.44042,0.44042,0.44042,0.44042,0.44042,0.44042,0.44042,0.44042,0.44042,0.44042,0.44042,0.44042,0.44042,0.44042,0.44042,0.44042,0.44042,0.44042
3204,0.43724,0.43724,0.43724,0.43724,0.43724,0.43724,0.43724,0.43724,0.43724,0.43724,0.43724,0.43724,0.43724,0.43724,0.43724,0.43724,0.43724,0.43724,0.43724,0.43724,0.43724,0.43724,0.43724,0.43724,0.43724,0.43724,0.43724,0.43724,0.43724
3205,0.43407,0.43407,0.43407,0.43407,0.43407,0.43407,0.43407,0.43407,0.43407,0.43407,0.43407,0.43407,0.43407,0.43407,0.43407,0.43407,0.43407,0.43407,0.43407,0.43407,0.43407,0.43407,0.43407,0.43407,0.43407,0.43407,0.43407,0.43407,0.43407
3206,0.43090,0.43090,0.43090,0.43090,0.43090,0.43090,0.43090,0.43090,0.43090,0.43090,0.43090,0.43090,0.43090,0.43090,0.43090,0.43090,0.43090,0.43090,0.43090,0.43090,0.43090,0.43090,0.43090,0.43090,0.43090,0.43090,0.43090,0.43090,0.43090
3207,0.42775,0.42775,0.42775,0.42775,0.42775,0.42775,0.42775,0.42775,0.42775,0.42775,0.42775,0.42775,0.42775,0.42775,0.42775,0.42775,0.42775,0.42775,0.42775,0.42775,0.42775,0.42775,0.42775,0.42775,0.42775,0.42775,0.42775,0.42775,0.42775
3208,0.42460,0.42460,0.42460,0.42460,0.42460,0.42460,0.42460,0.42460,0.42460,0.42460,0.42460,0.42460,0.42460,0.42460,0.42460,0.42460,0.42460,0.42460,0.42460,0.42460,0.42460,0.42460,0.42460,0.42460,0.42460,0.42460,0.42460,0.42460,0.42460
3209,0.42146,0.42146,0.42146,0.42146,0.42146,0.42146,0.42146,0.42146,0.42146,0.42146,0.42146,0.42146,0.42146,0.42146,0.42146,0.42146,0.42146,0.42146,0.42146,0.42146,0.42146,0.42146,0.42146,0.42146,0.42146,0.42146,0.42146,0.42146,0.42146
3210,0.41833,0.41833,0.41833,0.41833,0.41833,0.41833,0.41833,0.41833,0.41833,0.41833,0.41833,0.41833,0.41833,0.41833,0.41833,0.41833,0.41833,0.41833,0.41833,0.41833,0.41833,0.41833,0.41833,0.41833,0.41833,0.41833,0.41833,0.41833,0.41833
3211,0.41521,0.41521,0.41521,0.41521,0.41521,0.41521,0.41521,0.41521,0.41521,0.41521,0.41521,0.41521,0.41521,0.41521,0.41521,0.41521,0.41521,0.41521,0.41521,0.41521,0.41521,0.41521,0.41521,0.41521,0.41521,0.41521,0.41521,0.41521,0.41521
3212,0.41210,0.41210,0.41210,0.41210,0.41210,0.41210,0.41210,0.41210,0.41210,0.41210,0.41210,0.41210,0.41210,0.41210,0.41210,0.41210,0.41210,0.41210,0.41210,0.41210,0.41210,0.41210,0.41210,0.41210,0.41210,0.41210,0.41210,0.41210,0.41210
3213,0.40900,0.40900,0.40900,0.40900,0.40900,0.40900,0.40900,0.40900,0.40900,0.40900,0.40900,0.40900,0.40900,0.40900,0.40900,0.40900,0.40900,0.40900,0.40900,0.40900,0.40900,0.40900,0.40900,0.40900,0.40900,0.40900,0.40900,0.40900,0.40900
3214,0.40592,0.40592,0.40592,0.40592,0.40592,0.40592,0.40592,0.40592,0.40592,0.40592,0.40592,0.40592,0.40592,0.40592,0.40592,0.40592,0.40592,0.40592,0.40592,0.40592,0.40592,0.40592,0.40592,0.40592,0.40592,0.40592,0.40592,0.40592,0.40592
3215,0.40285,0.40285,0.40285,0.40285,0.40285,0.40285,0.40285,0.40285,0.40285,0.40285,0.40285,0.40285,0.40285,0.40285,0.40285,0.40285,0.40285,0.40285,0.40285,0.40285,0.40285,0.40285,0.40285,0.40285,0.40285,0.40285,0.40285,0.40285,0.40285
3216,0.39979,0.39979,0.39979,0.39979,0.39979,0.39979,0.39979,0.39979,0.39979,0.39979,0.39979,0.39979,0.39979,0.39979,0.39979,0.39979,0.39979,0.39979,0.39979,0.39979,0.39979,0.39979,0.39979,0.39979,0.39979,0.39979,0.39979,0.39979,0.39979
3217,0.39674,0.39674,0.39674,0.39674,0.39674,0.39674,0.39674,0.39674,0.39674,0.39674,0.39674,0.39674,0.39674,0.39674,0.39674,0.39674,0.39674,0.39674,0.39674,0.39674,0.39674,0.39674,0.39674,0.39674,0.39674,0.39674,0.39674,0.39674,0.39674
3218,0.39371,0.39371,0.39371,0.39371,0.39371,0.39371,0.39371,0.39371,0.39371,0.39371,0.39371,0.39371,0.39371,0.39371,0.39371,0.39371,0.39371,0.39371,0.39371,0.39371,0.39371,0.39371,0.39371,0.39371,0.39371,0.39371,0.39371,0.39371,0.39371
3219,0.39070,0.39070,0.39070,0.39070,0.39070,0.39070,0.39070,0.39070,0.39070,0.39070,0.39070,0.39070,0.39070,0.39070,0.39070,0.39070,0.39070,0.39070,0.39070,0.39070,0.39070,0.39070,0.39070,0.39070,0.39070,0.39070,0.39070,0.39070,0.39070
3220,0.38770,0.38770,0.38770,0.38770,0.38770,0.38770,0.38770,0.38770,0.38770,0.38770,0.38770,0.38770,0.38770,0.38770,0.38770,0.38770,0.38770,0.38770,0.38770,0.38770,0.38770,0.38770,0.38770,0.38770,0.38770,0.38770,0.38770,0.38770,0.38770
3221,0.38472,0.38472,0.38472,0.38472,0.38472,0.38472,0.38472,0.38472,0.38472,0.38472,0.38472,0.38472,0.38472,0.38472,0.38472,0.38472,0.38472,0.38472,0.38472,0.38472,0.38472,0.38472,0.38472,0.38472,0.38472,0.38472,0.38472,0.38472,0.38472
3222,0.38176,0.38176,0.38176,0.38176,0.38176,0.38176,0.38176,0.38176,0.38176,0.38176,0.38176,0.38176,0.38176,0.38176,0.38176,0.38176,0.38176,0.38176,0.38176,0.38176,0.38176,0.38176,0.38176,0.38176,0.38176,0.38176,0.38176,0.38176,0.38176
3223,0.37882,0.37882,0.37882,0.37882,0.37882,0.37882,0.37882,0.37882,0.37882,0.37882,0.37882,0.37882,0.37882,0.37882,0.37882,0.37882,0.37882,0.37882,0.37882,0.37882,0.37882,0.37882,0.37882,0.37882,0.37882,0.37882,0.37882,0.37882,0.37882
3224,0.37590,0.37590,0.37590,0.37590,0.37590,0.37590,0.37590,0.37590,0.37590,0.37590,0.37590,0.37590,0.37590,0.37590,0.37590,0.37590,0.37590,0.37590,0.37590,0.37590,0.37590,0.37590,0.37590,0.37590,0.37590,0.37590,0.37590,0.37590,0.37590
3225,0.37300,0.37300,0.37300,0.37300,0.37300,0.37300,0.37300,0.37300,0.37300,0.37300,0.37300,0.37300,0.37300,0.37300,0.37300,0.37300,0.37300,0.37300,0.37300,0.37300,0.37300,0.37300,0.37300,0.37300,0.37300,0.37300,0.37300,0.37300,0.37300
3226,0.37012,0.37012,0.37012,0.37012,0.37012,0.37012,0.37012,0.37012,0.37012,0.37012,0.37012,0.37012,0.37012,0.37012,0.37012,0.37012,0.37012,0.37012,0.37012,0.37012,0.37012,0.37012,0.37012,0.37012,0.37012,0.37012,0.37012,0.37012,0.37012
3227,0.36726,0.36726,0.36726,0.36726,0.36726,0.36726,0.36726,0.36726,0.36726,0.36726,0.36726,0.36726,0.36726,0.36726,0.36726,0.36726,0.36726,0.36726,0.36726,0.36726,0.36726,0.36726,0.36726,0.36726,0.36726,0.36726,0.36726,0.36726,0.36726
3228,0.36443,0.36443,0.36443,0.36443,0.36443,0.36443,0.36443,0.36443,0.36443,0.36443,0.36443,0.36443,0.36443,0.36443,0.36443,0.36443,0.36443,0.36443,0.36443,0.36443,0.36443,0.36443,0.36443,0.36443,0.36443,0.36443,0.36443,0.36443,0.36443
3229,0.36163,0.36163,0.36163,0.36163,0.36163,0.36163,0.36163,0.36163,0.36163,0.36163,0.36163,0.36163,0.36163,0.36163,0.36163,0.36163,0.36163,0.36163,0.36163,0.36163,0.36163,0.36163,0.36163,0.36163,0.36163,0.36163,0.36163,0.36163,0.36163
3230,0.35885,0.35885,0.35885,0.35885,0.35885,0.35885,0.35885,0.35885,0.35885,0.35885,0.35885,0.35885,0.35885,0.35885,0.35885,0.35885,0.35885,0.35885,0.35885,0.35885,0.35885,0.35885,0.35885,0.35885,0.35885,0.35885,0.35885,0.35885,0.35885
3231,0.35610,0.35610,0.35610,0.35610,0.35610,0.35610,0.35610,0.35610,0.35610,0.35610,0.35610,0.35610,0.35610,0.35610,0.35610,0.35610,0.35610,0.35610,0.35610,0.35610,0.35610,0.35610,0.35610,0.35610,0.35610,0.35610,0.35610,0.35610,0.35610
3232,0.35338,0.35338,0.35338,0.35338,0.35338,0.35338,0.35338,0.35338,0.35338,0.35338,0.35338,0.35338,0.35338,0.35338,0.35338,0.35338,0.35338,0.35338,0.35338,0.35338,0.35338,0.35338,0.35338,0.35338,0.35338,0.35338,0.35338,0.35338,0.35338
3233,0.35069,0.35069,0.35069,0.35069,0.35069,0.35069,0.35069,0.35069,0.35069,0.35069,0.35069,0.35069,0.35069,0.35069,0.35069,0.35069,0.35069,0.35069,0.35069,0.35069,0.35069,0.35069,0.35069,0.35069,0.35069,0.35069,0.35069,0.35069,0.35069
3234,0.34802,0.34802,0.34802,0.34802,0.34802,0.34802,0.34802,0.34802,0.34802,0.34802,0.34802,0.34802,0.34802,0.34802,0.34802,0.34802,0.34802,0.34802,0.34802,0.34802,0.34802,0.34802,0.34802,0.34802,0.34802,0.34802,0.34802,0.34802,0.34802
3235,0.34540,0.34540,0.34540,0.34540,0.34540,0.34540,0.34540,0.34540,0.34540,0.34540,0.34540,0.34540,0.34540,0.34540,0.34540,0.34540,0.34540,0.34540,0.34540,0.34540,0.34540,0.34540,0.34540,0.34540,0.34540,0.34540,0.34540,0.34540,0.34540
3236,0.34280,0.34280,0.34280,0.34280,0.34280,0.34280,0.34280,0.34280,0.34280,0.34280,0.34280,0.34280,0.34280,0.34280,0.34280,0.34280,0.34280,0.34280,0.34280,0.34280,0.34280,0.34280,0.34280,0.34280,0.34280,0.34280,0.34280,0.34280,0.34280
3237,0.34025,0.34025,0.34025,0.34025,0.34025,0.34025,0.34025,0.34025,0.34025,0.34025,0.34025,0.34025,0.34025,0.34025,0.34025,0.34025,0.34025,0.34025,0.34025,0.34025,0.34025,0.34025,0.34025,0.34025,0.34025,0.34025,0.34025,0.34025,0.34025
3238,0.33773,0.33773,0.33773,0.33773,0.33773,0.33773,0.33773,0.33773,0.33773,0.33773,0.33773,0.33773,0.33773,0.33773,0.33773,0.33773,0.33773,0.33773,0.33773,0.33773,0.33773,0.33773,0.33773,0.33773,0.33773,0.33773,0.33773,0.33773,0.33773
3239,0.33524,0.33524,0.33524,0.33524,0.33524,0.33524,0.33524,0.33524,0.33524,0.33524,0.33524,0.33524,0.33524,0.33524,0.33524,0.33524,0.33524,0.33524,0.33524,0.33524,0.33524,0.33524,0.33524,0.33524,0.33524,0.33524,0.33524,0.33524,0.33524
3240,0.33280,0.33280,0.33280,0.33280,0.33280,0.33280,0.33280,0.33280,0.33280,0.33280,0.33280,0.33280,0.33280,0.33280,0.33280,0.33280,0.33280,0.33280,0.33280,0.33280,0.33280,0.33280,0.33280,0.33280,0.33280,0.33280,0.33280,0.33280,0.33280
3241,0.33040,0.33040,0.33040,0.33040,0.33040,0.33040,0.33040,0.33040,0.33040,0.33040,0.33040,0.33040,0.33040,0.33040,0.33040,0.33040,0.33040,0.33040,0.33040,0.33040,0.33040,0.33040,0.33040,0.33040,0.33040,0.33040,0.33040,0.33040,0.33040
3242,0.32804,0.32804,0.32804,0.32804,0.32804,0.32804,0.32804,0.32804,0.32804,0.32804,0.32804,0.32804,0.32804,0.32804,0.32804,0.32804,0.32804,0.32804,0.32804,0.32804,0.32804,0.32804,0.32804,0.32804,0.32804,0.32804,0.32804,0.32804,0.32804
3243,0.32573,0.32573,0.32573,0.32573,0.32573,0.32573,0.32573,0.32573,0.32573,0.32573,0.32573,0.32573,0.32573,0.32573,0.32573,0.32573,0.32573,0.32573,0.32573,0.32573,0.32573,0.32573,0.32573,0.32573,0.32573,0.32573,0.32573,0.32573,0.32573
3244,0.32346,0.32346,0.32346,0.32346,0.32346,0.32346,0.32346,0.32346,0.32346,0.32346,0.32346,0.32346,0.32346,0.32346,0.32346,0.32346,0.32346,0.32346,0.32346,0.32346,0.32346,0.32346,0.32346,0.32346,0.32346,0.32346,0.32346,0.32346,0.32346
3245,0.32124,0.32124,0.32124,0.32124,0.32124,0.32124,0.32124,0.32124,0.32124,0.32124,0.32124,0.32124,0.32124,0.32124,0.32124,0.32124,0.32124,0.32124,0.32124,0.32124,0.32124,0.32124,0.32124,0.32124,0.32124,0.32124,0.32124,0.32124,0.32124
3246,0.31907,0.31907,0.31907,0.31907,0.31907,0.31907,0.31907,0.31907,0.31907,0.31907,0.31907,0.31907,0.31907,0.31907,0.31907,0.31907,0.31907,0.31907,0.31907,0.31907,0.31907,0.31907,0.31907,0.31907,0.31907,0.31907,0.31907,0.31907,0.31907
3247,0.31696,0.31696,0.31696,0.31696,0.31696,0.31696,0.31696,0.31696,0.31696,0.31696,0.31696,0.31696,0.31696,0.31696,0.31696,0.31696,0.31696,0.31696,0.31696,0.31696,0.31696,0.31696,0.31696,0.31696,0.31696,0.31696,0.31696,0.31696,0.31696
3248,0.31489,0.31489,0.31489,0.31489,0.31489,0.31489,0.31489,0.31489,0.31489,0.31489,0.31489,0.31489,0.31489,0.31489,0.31489,0.31489,0.31489,0.31489,0.31489,0.31489,0.31489,0.31489,0.31489,0.31489,0.31489,0.31489,0.31489,0.31489,0.31489
3249,0.31288,0.31288,0.31288,0.31288,0.31288,0.31288,0.31288,0.31288,0.31288,0.31288,0.31288,0.31288,0.31288,0.31288,0.31288,0.31288,0.31288,0.31288,0.31288,0.31288,0.31288,0.31288,0.31288,0.31288,0.31288,0.31288,0.31288,0.31288,0.31288
3250,0.31092,0.31092,0.31092,0.31092,0.31092,0.31092,0.31092,0.31092,0.31092,0.31092,0.31092,0.31092,0.31092,0.31092,0.31092,0.31092,0.31092,0.31092,0.31092,0.31092,0.31092,0.31092,0.31092,0.31092,0.31092,0.31092,0.31092,0.31092,0.31092
3251,0.30902,0.30902,0.30902,0.30902,0.30902,0.30902,0.30902,0.30902,0.30902,0.30902,0.30902,0.30902,0.30902,0.30902,0.30902,0.30902,0.30902,0.30902,0.30902,0.30902,0.30902,0.30902,0.30902,0.30902,0.30902,0.30902,0.30902,0.30902,0.30902
3252,0.30718,0.30718,0.30718,0.30718,0.30718,0.30718,0.30718,0.30718,0.30718,0.30718,0.30718,0.30718,0.30718,0.30718,0.30718,0.30718,0.30718,0.30718,0.30718,0.30718,0.30718,0.30718,0.30718,0.30718,0.30718,0.30718,0.30718,0.30718,0.30718
3253,0.30540,0.30540,0.30540,0.30540,0.30540,0.30540,0.30540,0.30540,0.30540,0.30540,0.30540,0.30540,0.30540,0.30540,0.30540,0.30540,0.30540,0.30540,0.30540,0.30540,0.30540,0.30540,0.30540,0.30540,0.30540,0.30540,0.30540,0.30540,0.30540
3254,0.30369,0.30369,0.30369,0.30369,0.30369,0.30369,0.30369,0.30369,0.30369,0.30369,0.30369,0.30369,0.30369,0.30369,0.30369,0.30369,0.30369,0.30369,0.30369,0.30369,0.30369,0.30369,0.30369,0.30369,0.30369,0.30369,0.30369,0.30369,0.30369
3255,0.30203,0.30203,0.30203,0.30203,0.30203,0.30203,0.30203,0.30203,0.30203,0.30203,0.30203,0.30203,0.30203,0.30203,0.30203,0.30203,0.30203,0.30203,0.30203,0.30203,0.30203,0.30203,0.30203,0.30203,0.30203,0.30203,0.30203,0.30203,0.30203
3256,0.30045,0.30045,0.30045,0.30045,0.30045,0.30045,0.30045,0.30045,0.30045,0.30045,0.30045,0.30045,0.30045,0.30045,0.30045,0.30045,0.30045,0.30045,0.30045,0.30045,0.30045,0.30045,0.30045,0.30045,0.30045,0.30045,0.30045,0.30045,0.30045
3257,0.29893,0.29893,0.29893,0.29893,0.29893,0.29893,0.29893,0.29893,0.29893,0.29893,0.29893,0.29893,0.29893,0.29893,0.29893,0.29893,0.29893,0.29893,0.29893,0.29893,0.29893,0.29893,0.29893,0.29893,0.29893,0.29893,0.29893,0.29893,0.29893
3258,0.29748,0.29748,0.29748,0.29748,0.29748,0.29748,0.29748,0.29748,0.29748,0.29748,0.29748,0.29748,0.29748,0.29748,0.29748,0.29748,0.29748,0.29748,0.29748,0.29748,0.29748,0.29748,0.29748,0.29748,0.29748,0.29748,0.29748,0.29748,0.29748
3259,0.29609,0.29609,0.29609,0.29609,0.29609,0.29609,0.29609,0.29609,0.29609,0.29609,0.29609,0.29609,0.29609,0.29609,0.29609,0.29609,0.29609,0.29609,0.29609,0.29609,0.29609,0.29609,0.29609,0.29609,0.29609,0.29609,0.29609,0.29609,0.29609
3260,0.29479,0.29479,0.29479,0.29479,0.29479,0.29479,0.29479,0.29479,0.29479,0.29479,0.29479,0.29479,0.29479,0.29479,0.29479,0.29479,0.29479,0.29479,0.29479,0.29479,0.29479,0.29479,0.29479,0.29479,0.29479,0.29479,0.29479,0.29479,0.29479
3261,0.29355,0.29355,0.29355,0.29355,0.29355,0.29355,0.29355,0.29355,0.29355,0.29355,0.29355,0.29355,0.29355,0.29355,0.29355,0.29355,0.29355,0.29355,0.29355,0.29355,0.29355,0.29355,0.29355,0.29355,0.29355,0.29355,0.29355,0.29355,0.29355
3262,0.29239,0.29239,0.29239,0.29239,0.29239,0.29239,0.29239,0.29239,0.29239,0.29239,0.29239,0.29239,0.29239,0.29239,0.29239,0.29239,0.29239,0.29239,0.29239,0.29239,0.29239,0.29239,0.29239,0.29239,0.29239,0.29239,0.29239,0.29239,0.29239
3263,0.29130,0.29130,0.29130,0.29130,0.29130,0.29130,0.29130,0.29130,0.29130,0.29130,0.29130,0.29130,0.29130,0.29130,0.29130,0.29130,0.29130,0.29130,0.29130,0.29130,0.29130,0.29130,0.29130,0.29130,0.29130,0.29130,0.29130,0.29130,0.29130
3264,0.29029,0.29029,0.29029,0.29029,0.29029,0.29029,0.29029,0.29029,0.29029,0.29029,0.29029,0.29029,0.29029,0.29029,0.29029,0.29029,0.29029,0.29029,0.29029,0.29029,0.29029,0.29029,0.29029,0.29029,0.29029,0.29029,0.29029,0.29029,0.29029
3265,0.28936,0.28936,0.28936,0.28936,0.28936,0.28936,0.28936,0.28936,0.28936,0.28936,0.28936,0.28936,0.28936,0.28936,0.28936,0.28936,0.28936,0.28936,0.28936,0.28936,0.28936,0.28936,0.28936,0.28936,0.28936,0.28936,0.28936,0.28936,0.28936
3266,0.28851,0.28851,0.28851,0.28851,0.28851,0.28851,0.28851,0.28851,0.28851,0.28851,0.28851,0.28851,0.28851,0.28851,0.28851,0.28851,0.28851,0.28851,0.28851,0.28851,0.28851,0.28851,0.28851,0.28851,0.28851,0.28851,0.28851,0.28851,0.28851
3267,0.28773,0.28773,0.28773,0.28773,0.28773,0.28773,0.28773,0.28773,0.28773,0.28773,0.28773,0.28773,0.28773,0.28773,0.28773,0.28773,0.28773,0.28773,0.28773,0.28773,0.28773,0.28773,0.28773,0.28773,0.28773,0.28773,0.28773,0.28773,0.28773
3268,0.28704,0.28704,0.28704,0.28704,0.28704,0.28704,0.28704,0.28704,0.28704,0.28704,0.28704,0.28704,0.28704,0.28704,0.28704,0.28704,0.28704,0.28704,0.28704,0.28704,0.28704,0.28704,0.28704,0.28704,0.28704,0.28704,0.28704,0.28704,0.28704
3269,0.28643,0.28643,0.28643,0.28643,0.28643,0.28643,0.28643,0.28643,0.28643,0.28643,0.28643,0.28643,0.28643,0.28643,0.28643,0.28643,0.28643,0.28643,0.28643,0.28643,0.28643,0.28643,0.28643,0.28643,0.28643,0.28643,0.28643,0.28643,0.28643
3270,0.28591,0.28591,0.28591,0.28591,0.28591,0.28591,0.28591,0.28591,0.28591,0.28591,0.28591,0.28591,0.28591,0.28591,0.28591,0.28591,0.28591,0.28591,0.28591,0.28591,0.28591,0.28591,0.28591,0.28591,0.28591,0.28591,0.28591,0.28591,0.28591
3271,0.28546,0.28546,0.28546,0.28546,0.28546,0.28546,0.28546,0.28546,0.28546,0.28546,0.28546,0.28546,0.28546,0.28546,0.28546,0.28546,0.28546,0.28546,0.28546,0.28546,0.28546,0.28546,0.28546,0.28546,0.28546,0.28546,0.28546,0.28546,0.28546
3272,0.28510,0.28510,0.28510,0.28510,0.28510,0.28510,0.28510,0.28510,0.28510,0.28510,0.28510,0.28510,0.28510,0.28510,0.28510,0.28510,0.28510,0.28510,0.28510,0.28510,0.28510,0.28510,0.28510,0.28510,0.28510,0.28510,0.28510,0.28510,0.28510
3273,0.28483,0.28483,0.28483,0.28483,0.28483,0.28483,0.28483,0.28483,0.28483,0.28483,0.28483,0.28483,0.28483,0.28483,0.28483,0.28483,0.28483,0.28483,0.28483,0.28483,0.28483,0.28483,0.28483,0.28483,0.28483,0.28483,0.28483,0.28483,0.28483
3274,0.28464,0.28464,0.28464,0.28464,0.28464,0.28464,0.28464,0.28464,0.28464,0.28464,0.28464,0.28464,0.28464,0.28464,0.28464,0.28464,0.28464,0.28464,0.28464,0.28464,0.28464,0.28464,0.28464,0.28464,0.28464,0.28464,0.28464,0.28464,0.28464
3275,0.28453,0.28453,0.28453,0.28453,0.28453,0.28453,0.28453,0.28453,0.28453,0.28453,0.28453,0.28453,0.28453,0.28453,0.28453,0.28453,0.28453,0.28453,0.28453,0.28453,0.28453,0.28453,0.28453,0.28453,0.28453,0.28453,0.28453,0.28453,0.28453
3276,0.28451,0.28451,0.28451,0.28451,0.28451,0.28451,0.28451,0.28451,0.28451,0.28451,0.28451,0.28451,0.28451,0.28451,0.28451,0.28451,0.28451,0.28451,0.28451,0.28451,0.28451,0.28451,0.28451,0.28451,0.28451,0.28451,0.28451,0.28451,0.28451
3277,0.28457,0.28457,0.28457,0.28457,0.28457,0.28457,0.28457,0.28457,0.28457,0.28457,0.28457,0.28457,0.28457,0.28457,0.28457,0.28457,0.28457,0.28457,0.28457,0.28457,0.28457,0.28457,0.28457,0.28457,0.28457,0.28457,0.28457,0.28457,0.28457
3278,0.28472,0.28472,0.28472,0.28472,0.28472,0.28472,0.28472,0.28472,0.28472,0.28472,0.28472,0.28472,0.28472,0.28472,0.28472,0.28472,0.28472,0.28472,0.28472,0.28472,0.28472,0.28472,0.28472,0.28472,0.28472,0.28472,0.28472,0.28472,0.28472
3279,0.28496,0.28496,0.28496,0.28496,0.28496,0.28496,0.28496,0.28496,0.28496,0.28496,0.28496,0.28496,0.28496,0.28496,0.28496,0.28496,0.28496,0.28496,0.28496,0.28496,0.28496,0.28496,0.28496,0.28496,0.28496,0.28496,0.28496,0.28496,0.28496
3280,0.28527,0.28527,0.28527,0.28527,0.28527,0.28527,0.28527,0.28527,0.28527,0.28527,0.28527,0.28527,0.28527,0.28527,0.28527,0.28527,0.28527,0.28527,0.28527,0.28527,0.28527,0.28527,0.28527,0.28527,0.28527,0.28527,0.28527,0.28527,0.28527
3281,0.28567,0.28567,0.28567,0.28567,0.28567,0.28567,0.28567,0.28567,0.28567,0.28567,0.28567,0.28567,0.28567,0.28567,0.28567,0.28567,0.28567,0.28567,0.28567,0.28567,0.28567,0.28567,0.28567,0.28567,0.28567,0.28567,0.28567,0.28567,0.28567
3282,0.28616,0.28616,0.28616,0.28616,0.28616,0.28616,0.28616,0.28616,0.28616,0.28616,0.28616,0.28616,0.28616,0.28616,0.28616,0.28616,0.28616,0.28616,0.28616,0.28616,0.28616,0.28616,0.28616,0.28616,0.28616,0.28616,0.28616,0.28616,0.28616
3283,0.28673,0.28673,0.28673,0.28673,0.28673,0.28673,0.28673,0.28673,0.28673,0.28673,0.28673,0.28673,0.28673,0.28673,0.28673,0.28673,0.28673,0.28673,0.28673,0.28673,0.28673,0.28673,0.28673,0.28673,0.28673,0.28673,0.28673,0.28673,0.28673
3284,0.28738,0.28738,0.28738,0.28738,0.28738,0.28738,0.28738,0.28738,0.28738,0.28738,0.28738,0.28738,0.28738,0.28738,0.28738,0.28738,0.28738,0.28738,0.28738,0.28738,0.28738,0.28738,0.28738,0.28738,0.28738,0.28738,0.28738,0.28738,0.28738
3285,0.28811,0.28811,0.28811,0.28811,0.28811,0.28811,0.28811,0.28811,0.28811,0.28811,0.28811,0.28811,0.28811,0.28811,0.28811,0.28811,0.28811,0.28811,0.28811,0.28811,0.28811,0.28811,0.28811,0.28811,0.28811,0.28811,0.28811,0.28811,0.28811
3286,0.28892,0.28892,0.28892,0.28892,0.28892,0.28892,0.28892,0.28892,0.28892,0.28892,0.28892,0.28892,0.28892,0.28892,0.28892,0.28892,0.28892,0.28892,0.28892,0.28892,0.28892,0.28892,0.28892,0.28892,0.28892,0.28892,0.28892,0.28892,0.28892
3287,0.28982,0.28982,0.28982,0.28982,0.28982,0.28982,0.28982,0.28982,0.28982,0.28982,0.28982,0.28982,0.28982,0.28982,0.28982,0.28982,0.28982,0.28982,0.28982,0.28982,0.28982,0.28982,0.28982,0.28982,0.28982,0.28982,0.28982,0.28982,0.28982
3288,0.28982,0.28982,0.28982,0.28982,0.28982,0.28982,0.28982,0.28982,0.28982,0.28982,0.28982,0.28982,0.28982,0.28982,0.28982,0.28982,0.28982,0.28982,0.28982,0.28982,0.28982,0.28982,0.28982,0.28982,0.28982,0.28982,0.28982,0.28982,0.28982
3289,0.29079,0.29079,0.29079,0.29079,0.29079,0.29079,0.29079,0.29079,0.29079,0.29079,0.29079,0.29079,0.29079,0.29079,0.29079,0.29079,0.29079,0.29079,0.29079,0.29079,0.29079,0.29079,0.29079,0.29079,0.29079,0.29079,0.29079,0.29079,0.29079
3290,0.29183,0.29183,0.29183,0.29183,0.29183,0.29183,0.29183,0.29183,0.29183,0.29183,0.29183,0.29183,0.29183,0.29183,0.29183,0.29183,0.29183,0.29183,0.29183,0.29183,0.29183,0.29183,0.29183,0.29183,0.29183,0.29183,0.29183,0.29183,0.29183
3291,0.29296,0.29296,0.29296,0.29296,0.29296,0.29296,0.29296,0.29296,0.29296,0.29296,0.29296,0.29296,0.29296,0.29296,0.29296,0.29296,0.29296,0.29296,0.29296,0.29296,0.29296,0.29296,0.29296,0.29296,0.29296,0.29296,0.29296,0.29296,0.29296
3292,0.29416,0.29416,0.29416,0.29416,0.29416,0.29416,0.29416,0.29416,0.29416,0.29416,0.29416,0.29416,0.29416,0.29416,0.29416,0.29416,0.29416,0.29416,0.29416,0.29416,0.29416,0.29416,0.29416,0.29416,0.29416,0.29416,0.29416,0.29416,0.29416
3293,0.29543,0.29543,0.29543,0.29543,0.29543,0.29543,0.29543,0.29543,0.29543,0.29543,0.29543,0.29543,0.29543,0.29543,0.29543,0.29543,0.29543,0.29543,0.29543,0.29543,0.29543,0.29543,0.29543,0.29543,0.29543,0.29543,0.29543,0.29543,0.29543
3294,0.29678,0.29678,0.29678,0.29678,0.29678,0.29678,0.29678,0.29678,0.29678,0.29678,0.29678,0.29678,0.29678,0.29678,0.29678,0.29678,0.29678,0.29678,0.29678,0.29678,0.29678,0.29678,0.29678,0.29678,0.29678,0.29678,0.29678,0.29678,0.29678
3295,0.29819,0.29819,0.29819,0.29819,0.29819,0.29819,0.29819,0.29819,0.29819,0.29819,0.29819,0.29819,0.29819,0.29819,0.29819,0.29819,0.29819,0.29819,0.29819,0.29819,0.29819,0.29819,0.29819,0.29819,0.29819,0.29819,0.29819,0.29819,0.29819
3296,0.29968,0.29968,0.29968,0.29968,0.29968,0.29968,0.29968,0.29968,0.29968,0.29968,0.29968,0.29968,0.29968,0.29968,0.29968,0.29968,0.29968,0.29968,0.29968,0.29968,0.29968,0.29968,0.29968,0.29968,0.29968,0.29968,0.29968,0.29968,0.29968
3297,0.30123,0.30123,0.30123,0.30123,0.30123,0.30123,0.30123,0.30123,0.30123,0.30123,0.30123,0.30123,0.30123,0.30123,0.30123,0.30123,0.30123,0.30123,0.30123,0.30123,0.30123,0.30123,0.30123,0.30123,0.30123,0.30123,0.30123,0.30123,0.30123
3298,0.30285,0.30285,0.30285,0.30285,0.30285,0.30285,0.30285,0.30285,0.30285,0.30285,0.30285,0.30285,0.30285,0.30285,0.30285,0.30285,0.30285,0.30285,0.30285,0.30285,0.30285,0.30285,0.30285,0.30285,0.30285,0.30285,0.30285,0.30285,0.30285
3299,0.30454,0.30454,0.30454,0.30454,0.30454,0.30454,0.30454,0.30454,0.30454,0.30454,0.30454,0.30454,0.30454,0.30454,0.30454,0.30454,0.30454,0.30454,0.30454,0.30454,0.30454,0.30454,0.30454,0.30454,0.30454,0.30454,0.30454,0.30454,0.30454
3300,0.30628,0.30628,0.30628,0.30628,0.30628,0.30628,0.30628,0.30628,0.30628,0.30628,0.30628,0.30628,0.30628,0.30628,0.30628,0.30628,0.30628,0.30628,0.30628,0.30628,0.30628,0.30628,0.30628,0.30628,0.30628,0.30628,0.30628,0.30628,0.30628
3301,0.30809,0.30809,0.30809,0.30809,0.30809,0.30809,0.30809,0.30809,0.30809,0.30809,0.30809,0.30809,0.30809,0.30809,0.30809,0.30809,0.30809,0.30809,0.30809,0.30809,0.30809,0.30809,0.30809,0.30809,0.30809,0.30809,0.30809,0.30809,0.30809
3302,0.30996,0.30996,0.30996,0.30996,0.30996,0.30996,0.30996,0.30996,0.30996,0.30996,0.30996,0.30996,0.30996,0.30996,0.30996,0.30996,0.30996,0.30996,0.30996,0.30996,0.30996,0.30996,0.30996,0.30996,0.30996,0.30996,0.30996,0.30996,0.30996
3303,0.31189,0.31189,0.31189,0.31189,0.31189,0.31189,0.31189,0.31189,0.31189,0.31189,0.31189,0.31189,0.31189,0.31189,0.31189,0.31189,0.31189,0.31189,0.31189,0.31189,0.31189,0.31189,0.31189,0.31189,0.31189,0.31189,0.31189,0.31189,0.31189
3304,0.31388,0.31388,0.31388,0.31388,0.31388,0.31388,0.31388,0.31388,0.31388,0.31388,0.31388,0.31388,0.31388,0.31388,0.31388,0.31388,0.31388,0.31388,0.31388,0.31388,0.31388,0.31388,0.31388,0.31388,0.31388,0.31388,0.31388,0.31388,0.31388
3305,0.31592,0.31592,0.31592,0.31592,0.31592,0.31592,0.31592,0.31592,0.31592,0.31592,0.31592,0.31592,0.31592,0.31592,0.31592,0.31592,0.31592,0.31592,0.31592,0.31592,0.31592,0.31592,0.31592,0.31592,0.31592,0.31592,0.31592,0.31592,0.31592
3306,0.31801,0.31801,0.31801,0.31801,0.31801,0.31801,0.31801,0.31801,0.31801,0.31801,0.31801,0.31801,0.31801,0.31801,0.31801,0.31801,0.31801,0.31801,0.31801,0.31801,0.31801,0.31801,0.31801,0.31801,0.31801,0.31801,0.31801,0.31801,0.31801
3307,0.32015,0.32015,0.32015,0.32015,0.32015,0.32015,0.32015,0.32015,0.32015,0.32015,0.32015,0.32015,0.32015,0.32015,0.32015,0.32015,0.32015,0.32015,0.32015,0.32015,0.32015,0.32015,0.32015,0.32015,0.32015,0.32015,0.32015,0.32015,0.32015
3308,0.32235,0.32235,0.32235,0.32235,0.32235,0.32235,0.32235,0.32235,0.32235,0.32235,0.32235,0.32235,0.32235,0.32235,0.32235,0.32235,0.32235,0.32235,0.32235,0.32235,0.32235,0.32235,0.32235,0.32235,0.32235,0.32235,0.32235,0.32235,0.32235
3309,0.32459,0.32459,0.32459,0.32459,0.32459,0.32459,0.32459,0.32459,0.32459,0.32459,0.32459,0.32459,0.32459,0.32459,0.32459,0.32459,0.32459,0.32459,0.32459,0.32459,0.32459,0.32459,0.32459,0.32459,0.32459,0.32459,0.32459,0.32459,0.32459
3310,0.32688,0.32688,0.32688,0.32688,0.32688,0.32688,0.32688,0.32688,0.32688,0.32688,0.32688,0.32688,0.32688,0.32688,0.32688,0.32688,0.32688,0.32688,0.32688,0.32688,0.32688,0.32688,0.32688,0.32688,0.32688,0.32688,0.32688,0.32688,0.32688
3311,0.32922,0.32922,0.32922,0.32922,0.32922,0.32922,0.32922,0.32922,0.32922,0.32922,0.32922,0.32922,0.32922,0.32922,0.32922,0.32922,0.32922,0.32922,0.32922,0.32922,0.32922,0.32922,0.32922,0.32922,0.32922,0.32922,0.32922,0.32922,0.32922
3312,0.33160,0.33160,0.33160,0.33160,0.33160,0.33160,0.33160,0.33160,0.33160,0.33160,0.33160,0.33160,0.33160,0.33160,0.33160,0.33160,0.33160,0.33160,0.33160,0.33160,0.33160,0.33160,0.33160,0.33160,0.33160,0.33160,0.33160,0.33160,0.33160
3313,0.33402,0.33402,0.33402,0.33402,0.33402,0.33402,0.33402,0.33402,0.33402,0.33402,0.33402,0.33402,0.33402,0.33402,0.33402,0.33402,0.33402,0.33402,0.33402,0.33402,0.33402,0.33402,0.33402,0.33402,0.33402,0.33402,0.33402,0.33402,0.33402
3314,0.33648,0.33648,0.33648,0.33648,0.33648,0.33648,0.33648,0.33648,0.33648,0.33648,0.33648,0.33648,0.33648,0.33648,0.33648,0.33648,0.33648,0.33648,0.33648,0.33648,0.33648,0.33648,0.33648,0.33648,0.33648,0.33648,0.33648,0.33648,0.33648
3315,0.33898,0.33898,0.33898,0.33898,0.33898,0.33898,0.33898,0.33898,0.33898,0.33898,0.33898,0.33898,0.33898,0.33898,0.33898,0.33898,0.33898,0.33898,0.33898,0.33898,0.33898,0.33898,0.33898,0.33898,0.33898,0.33898,0.33898,0.33898,0.33898
3316,0.34152,0.34152,0.34152,0.34152,0.34152,0.34152,0.34152,0.34152,0.34152,0.34152,0.34152,0.34152,0.34152,0.34152,0.34152,0.34152,0.34152,0.34152,0.34152,0.34152,0.34152,0.34152,0.34152,0.34152,0.34152,0.34152,0.34152,0.34152,0.34152
3317,0.34410,0.34410,0.34410,0.34410,0.34410,0.34410,0.34410,0.34410,0.34410,0.34410,0.34410,0.34410,0.34410,0.34410,0.34410,0.34410,0.34410,0.34410,0.34410,0.34410,0.34410,0.34410,0.34410,0.34410,0.34410,0.34410,0.34410,0.34410,0.34410
3318,0.34671,0.34671,0.34671,0.34671,0.34671,0.34671,0.34671,0.34671,0.34671,0.34671,0.34671,0.34671,0.34671,0.34671,0.34671,0.34671,0.34671,0.34671,0.34671,0.34671,0.34671,0.34671,0.34671,0.34671,0.34671,0.34671,0.34671,0.34671,0.34671
3319,0.34935,0.34935,0.34935,0.34935,0.34935,0.34935,0.34935,0.34935,0.34935,0.34935,0.34935,0.34935,0.34935,0.34935,0.34935,0.34935,0.34935,0.34935,0.34935,0.34935,0.34935,0.34935,0.34935,0.34935,0.34935,0.34935,0.34935,0.34935,0.34935
3320,0.35203,0.35203,0.35203,0.35203,0.35203,0.35203,0.35203,0.35203,0.35203,0.35203,0.35203,0.35203,0.35203,0.35203,0.35203,0.35203,0.35203,0.35203,0.35203,0.35203,0.35203,0.35203,0.35203,0.35203,0.35203,0.35203,0.35203,0.35203,0.35203
3321,0.35473,0.35473,0.35473,0.35473,0.35473,0.35473,0.35473,0.35473,0.35473,0.35473,0.35473,0.35473,0.35473,0.35473,0.35473,0.35473,0.35473,0.35473,0.35473,0.35473,0.35473,0.35473,0.35473,0.35473,0.35473,0.35473,0.35473,0.35473,0.35473
3322,0.35747,0.35747,0.35747,0.35747,0.35747,0.35747,0.35747,0.35747,0.35747,0.35747,0.35747,0.35747,0.35747,0.35747,0.35747,0.35747,0.35747,0.35747,0.35747,0.35747,0.35747,0.35747,0.35747,0.35747,0.35747,0.35747,0.35747,0.35747,0.35747
3323,0.36024,0.36024,0.36024,0.36024,0.36024,0.36024,0.36024,0.36024,0.36024,0.36024,0.36024,0.36024,0.36024,0.36024,0.36024,0.36024,0.36024,0.36024,0.36024,0.36024,0.36024,0.36024,0.36024,0.36024,0.36024,0.36024,0.36024,0.36024,0.36024
3324,0.36303,0.36303,0.36303,0.36303,0.36303,0.36303,0.36303,0.36303,0.36303,0.36303,0.36303,0.36303,0.36303,0.36303,0.36303,0.36303,0.36303,0.36303,0.36303,0.36303,0.36303,0.36303,0.36303,0.36303,0.36303,0.36303,0.36303,0.36303,0.36303
3325,0.36585,0.36585,0.36585,0.36585,0.36585,0.36585,0.36585,0.36585,0.36585,0.36585,0.36585,0.36585,0.36585,0.36585,0.36585,0.36585,0.36585,0.36585,0.36585,0.36585,0.36585,0.36585,0.36585,0.36585,0.36585,0.36585,0.36585,0.36585,0.36585
3326,0.36869,0.36869,0.36869,0.36869,0.36869,0.36869,0.36869,0.36869,0.36869,0.36869,0.36869,0.36869,0.36869,0.36869,0.36869,0.36869,0.36869,0.36869,0.36869,0.36869,0.36869,0.36869,0.36869,0.36869,0.36869,0.36869,0.36869,0.36869,0.36869
3327,0.37156,0.37156,0.37156,0.37156,0.37156,0.37156,0.37156,0.37156,0.37156,0.37156,0.37156,0.37156,0.37156,0.37156,0.37156,0.37156,0.37156,0.37156,0.37156,0.37156,0.37156,0.37156,0.37156,0.37156,0.37156,0.37156,0.37156,0.37156,0.37156
3328,0.37445,0.37445,0.37445,0.37445,0.37445,0.37445,0.37445,0.37445,0.37445,0.37445,0.37445,0.37445,0.37445,0.37445,0.37445,0.37445,0.37445,0.37445,0.37445,0.37445,0.37445,0.37445,0.37445,0.37445,0.37445,0.37445,0.37445,0.37445,0.37445
3329,0.37736,0.37736,0.37736,0.37736,0.37736,0.37736,0.37736,0.37736,0.37736,0.37736,0.37736,0.37736,0.37736,0.37736,0.37736,0.37736,0.37736,0.37736,0.37736,0.37736,0.37736,0.37736,0.37736,0.37736,0.37736,0.37736,0.37736,0.37736,0.37736
3330,0.38029,0.38029,0.38029,0.38029,0.38029,0.38029,0.38029,0.38029,0.38029,0.38029,0.38029,0.38029,0.38029,0.38029,0.38029,0.38029,0.38029,0.38029,0.38029,0.38029,0.38029,0.38029,0.38029,0.38029,0.38029,0.38029,0.38029,0.38029,0.38029
3331,0.38324,0.38324,0.38324,0.38324,0.38324,0.38324,0.38324,0.38324,0.38324,0.38324,0.38324,0.38324,0.38324,0.38324,0.38324,0.38324,0.38324,0.38324,0.38324,0.38324,0.38324,0.38324,0.38324,0.38324,0.38324,0.38324,0.38324,0.38324,0.38324
3332,0.38621,0.38621,0.38621,0.38621,0.38621,0.38621,0.38621,0.38621,0.38621,0.38621,0.38621,0.38621,0.38621,0.38621,0.38621,0.38621,0.38621,0.38621,0.38621,0.38621,0.38621,0.38621,0.38621,0.38621,0.38621,0.38621,0.38621,0.38621,0.38621
3333,0.38920,0.38920,0.38920,0.38920,0.38920,0.38920,0.38920,0.38920,0.38920,0.38920,0.38920,0.38920,0.38920,0.38920,0.38920,0.38920,0.38920,0.38920,0.38920,0.38920,0.38920,0.38920,0.38920,0.38920,0.38920,0.38920,0.38920,0.38920,0.38920
3334,0.39221,0.39221,0.39221,0.39221,0.39221,0.39221,0.39221,0.39221,0.39221,0.39221,0.39221,0.39221,0.39221,0.39221,0.39221,0.39221,0.39221,0.39221,0.39221,0.39221,0.39221,0.39221,0.39221,0.39221,0.39221,0.39221,0.39221,0.39221,0.39221
3335,0.39523,0.39523,0.39523,0.39523,0.39523,0.39523,0.39523,0.39523,0.39523,0.39523,0.39523,0.39523,0.39523,0.39523,0.39523,0.39523,0.39523,0.39523,0.39523,0.39523,0.39523,0.39523,0.39523,0.39523,0.39523,0.39523,0.39523,0.39523,0.39523
3336,0.39826,0.39826,0.39826,0.39826,0.39826,0.39826,0.39826,0.39826,0.39826,0.39826,0.39826,0.39826,0.39826,0.39826,0.39826,0.39826,0.39826,0.39826,0.39826,0.39826,0.39826,0.39826,0.39826,0.39826,0.39826,0.39826,0.39826,0.39826,0.39826
3337,0.40132,0.40132,0.40132,0.40132,0.40132,0.40132,0.40132,0.40132,0.40132,0.40132,0.40132,0.40132,0.40132,0.40132,0.40132,0.40132,0.40132,0.40132,0.40132,0.40132,0.40132,0.40132,0.40132,0.40132,0.40132,0.40132,0.40132,0.40132,0.40132
3338,0.40438,0.40438,0.40438,0.40438,0.40438,0.40438,0.40438,0.40438,0.40438,0.40438,0.40438,0.40438,0.40438,0.40438,0.40438,0.40438,0.40438,0.40438,0.40438,0.40438,0.40438,0.40438,0.40438,0.40438,0.40438,0.40438,0.40438,0.40438,0.40438
3339,0.40746,0.40746,0.40746,0.40746,0.40746,0.40746,0.40746,0.40746,0.40746,0.40746,0.40746,0.40746,0.40746,0.40746,0.40746,0.40746,0.40746,0.40746,0.40746,0.40746,0.40746,0.40746,0.40746,0.40746,0.40746,0.40746,0.40746,0.40746,0.40746
3340,0.41055,0.41055,0.41055,0.41055,0.41055,0.41055,0.41055,0.41055,0.41055,0.41055,0.41055,0.41055,0.41055,0.41055,0.41055,0.41055,0.41055,0.41055,0.41055,0.41055,0.41055,0.41055,0.41055,0.41055,0.41055,0.41055,0.41055,0.41055,0.41055
3341,0.41365,0.41365,0.41365,0.41365,0.41365,0.41365,0.41365,0.41365,0.41365,0.41365,0.41365,0.41365,0.41365,0.41365,0.41365,0.41365,0.41365,0.41365,0.41365,0.41365,0.41365,0.41365,0.41365,0.41365,0.41365,0.41365,0.41365,0.41365,0.41365
3342,0.41677,0.41677,0.41677,0.41677,0.41677,0.41677,0.41677,0.41677,0.41677,0.41677,0.41677,0.41677,0.41677,0.41677,0.41677,0.41677,0.41677,0.41677,0.41677,0.41677,0.41677,0.41677,0.41677,0.41677,0.41677,0.41677,0.41677,0.41677,0.41677
3343,0.41989,0.41989,0.41989,0.41989,0.41989,0.41989,0.41989,0.41989,0.41989,0.41989,0.41989,0.41989,0.41989,0.41989,0.41989,0.41989,0.41989,0.41989,0.41989,0.41989,0.41989,0.41989,0.41989,0.41989,0.41989,0.41989,0.41989,0.41989,0.41989
3344,0.42303,0.42303,0.42303,0.42303,0.42303,0.42303,0.42303,0.42303,0.42303,0.42303,0.42303,0.42303,0.42303,0.42303,0.42303,0.42303,0.42303,0.42303,0.42303,0.42303,0.42303,0.42303,0.42303,0.42303,0.42303,0.42303,0.42303,0.42303,0.42303
3345,0.42617,0.42617,0.42617,0.42617,0.42617,0.42617,0.42617,0.42617,0.42617,0.42617,0.42617,0.42617,0.42617,0.42617,0.42617,0.42617,0.42617,0.42617,0.42617,0.42617,0.42617,0.42617,0.42617,0.42617,0.42617,0.42617,0.42617,0.42617,0.42617
3346,0.42932,0.42932,0.42932,0.42932,0.42932,0.42932,0.42932,0.42932,0.42932,0.42932,0.42932,0.42932,0.42932,0.42932,0.42932,0.42932,0.42932,0.42932,0.42932,0.42932,0.42932,0.42932,0.42932,0.42932,0.42932,0.42932,0.42932,0.42932,0.42932
3347,0.43248,0.43248,0.43248,0.43248,0.43248,0.43248,0.43248,0.43248,0.43248,0.43248,0.43248,0.43248,0.43248,0.43248,0.43248,0.43248,0.43248,0.43248,0.43248,0.43248,0.43248,0.43248,0.43248,0.43248,0.43248,0.43248,0.43248,0.43248,0.43248
3348,0.43565,0.43565,0.43565,0.43565,0.43565,0.43565,0.43565,0.43565,0.43565,0.43565,0.43565,0.43565,0.43565,0.43565,0.43565,0.43565,0.43565,0.43565,0.43565,0.43565,0.43565,0.43565,0.43565,0.43565,0.43565,0.43565,0.43565,0.43565,0.43565
3349,0.43883,0.43883,0.43883,0.43883,0.43883,0.43883,0.43883,0.43883,0.43883,0.43883,0.43883,0.43883,0.43883,0.43883,0.43883,0.43883,0.43883,0.43883,0.43883,0.43883,0.43883,0.43883,0.43883,0.43883,0.43883,0.43883,0.43883,0.43883,0.43883
3350,0.44201,0.44201,0.44201,0.44201,0.44201,0.44201,0.44201,0.44201,0.44201,0.44201,0.44201,0.44201,0.44201,0.44201,0.44201,0.44201,0.44201,0.44201,0.44201,0.44201,0.44201,0.44201,0.44201,0.44201,0.44201,0.44201,0.44201,0.44201,0.44201
3351,0.44520,0.44520,0.44520,0.44520,0.44520,0.44520,0.44520,0.44520,0.44520,0.44520,0.44520,0.44520,0.44520,0.44520,0.44520,0.44520,0.44520,0.44520,0.44520,0.44520,0.44520,0.44520,0.44520,0.44520,0.44520,0.44520,0.44520,0.44520,0.44520
3352,0.44839,0.44839,0.44839,0.44839,0.44839,0.44839,0.44839,0.44839,0.44839,0.44839,0.44839,0.44839,0.44839,0.44839,0.44839,0.44839,0.44839,0.44839,0.44839,0.44839,0.44839,0.44839,0.44839,0.44839,0.44839,0.44839,0.44839,0.44839,0.44839
3353,0.45159,0.45159,0.45159,0.45159,0.45159,0.45159,0.45159,0.45159,0.45159,0.45159,0.45159,0.45159,0.45159,0.45159,0.45159,0.45159,0.45159,0.45159,0.45159,0.45159,0.45159,0.45159,0.45159,0.45159,0.45159,0.45159,0.45159,0.45159,0.45159
3354,0.45480,0.45480,0.45480,0.45480,0.45480,0.45480,0.45480,0.45480,0.45480,0.45480,0.45480,0.45480,0.45480,0.45480,0.45480,0.45480,0.45480,0.45480,0.45480,0.45480,0.45480,0.45480,0.45480,0.45480,0.45480,0.45480,0.45480,0.45480,0.45480
3355,0.45801,0.45801,0.45801,0.45801,0.45801,0.45801,0.45801,0.45801,0.45801,0.45801,0.45801,0.45801,0.45801,0.45801,0.45801,0.45801,0.45801,0.45801,0.45801,0.45801,0.45801,0.45801,0.45801,0.45801,0.45801,0.45801,0.45801,0.45801,0.45801
3356,0.46122,0.46122,0.46122,0.46122,0.46122,0.46122,0.46122,0.46122,0.46122,0.46122,0.46122,0.46122,0.46122,0.46122,0.46122,0.46122,0.46122,0.46122,0.46122,0.46122,0.46122,0.46122,0.46122,0.46122,0.46122,0.46122,0.46122,0.46122,0.46122
3357,0.46444,0.46444,0.46444,0.46444,0.46444,0.46444,0.46444,0.46444,0.46444,0.46444,0.46444,0.46444,0.46444,0.46444,0.46444,0.46444,0.46444,0.46444,0.46444,0.46444,0.46444,0.46444,0.46444,0.46444,0.46444,0.46444,0.46444,0.46444,0.46444
3358,0.46766,0.46766,0.46766,0.46766,0.46766,0.46766,0.46766,0.46766,0.46766,0.46766,0.46766,0.46766,0.46766,0.46766,0.46766,0.46766,0.46766,0.46766,0.46766,0.46766,0.46766,0.46766,0.46766,0.46766,0.46766,0.46766,0.46766,0.46766,0.46766
3359,0.47089,0.47089,0.47089,0.47089,0.47089,0.47089,0.47089,0.47089,0.47089,0.47089,0.47089,0.47089,0.47089,0.47089,0.47089,0.47089,0.47089,0.47089,0.47089,0.47089,0.47089,0.47089,0.47089,0.47089,0.47089,0.47089,0.47089,0.47089,0.47089
3360,0.47412,0.47412,0.47412,0.47412,0.47412,0.47412,0.47412,0.47412,0.47412,0.47412,0.47412,0.47412,0.47412,0.47412,0.47412,0.47412,0.47412,0.47412,0.47412,0.47412,0.47412,0.47412,0.47412,0.47412,0.47412,0.47412,0.47412,0.47412,0.47412
3361,0.47735,0.47735,0.47735,0.47735,0.47735,0.47735,0.47735,0.47735,0.47735,0.47735,0.47735,0.47735,0.47735,0.47735,0.47735,0.47735,0.47735,0.47735,0.47735,0.47735,0.47735,0.47735,0.47735,0.47735,0.47735,0.47735,0.47735,0.47735,0.47735
3362,0.48058,0.48058,0.48058,0.48058,0.48058,0.48058,0.48058,0.48058,0.48058,0.48058,0.48058,0.48058,0.48058,0.48058,0.48058,0.48058,0.48058,0.48058,0.48058,0.48058,0.48058,0.48058,0.48058,0.48058,0.48058,0.48058,0.48058,0.48058,0.48058
3363,0.48381,0.48381,0.48381,0.48381,0.48381,0.48381,0.48381,0.48381,0.48381,0.48381,0.48381,0.48381,0.48381,0.48381,0.48381,0.48381,0.48381,0.48381,0.48381,0.48381,0.48381,0.48381,0.48381,0.48381,0.48381,0.48381,0.48381,0.48381,0.48381
3364,0.48705,0.48705,0.48705,0.48705,0.48705,0.48705,0.48705,0.48705,0.48705,0.48705,0.48705,0.48705,0.48705,0.48705,0.48705,0.48705,0.48705,0.48705,0.48705,0.48705,0.48705,0.48705,0.48705,0.48705,0.48705,0.48705,0.48705,0.48705,0.48705
3365,0.49029,0.49029,0.49029,0.49029,0.49029,0.49029,0.49029,0.49029,0.49029,0.49029,0.49029,0.49029,0.49029,0.49029,0.49029,0.49029,0.49029,0.49029,0.49029,0.49029,0.49029,0.49029,0.49029,0.49029,0.49029,0.49029,0.49029,0.49029,0.49029
3366,0.49352,0.49352,0.49352,0.49352,0.49352,0.49352,0.49352,0.49352,0.49352,0.49352,0.49352,0.49352,0.49352,0.49352,0.49352,0.49352,0.49352,0.49352,0.49352,0.49352,0.49352,0.49352,0.49352,0.49352,0.49352,0.49352,0.49352,0.49352,0.49352
3367,0.49676,0.49676,0.49676,0.49676,0.49676,0.49676,0.49676,0.49676,0.49676,0.49676,0.49676,0.49676,0.49676,0.49676,0.49676,0.49676,0.49676,0.49676,0.49676,0.49676,0.49676,0.49676,0.49676,0.49676,0.49676,0.49676,0.49676,0.49676,0.49676
3368,0.50000,0.50000,0.50000,0.50000,0.50000,0.50000,0.50000,0.50000,0.50000,0.50000,0.50000,0.50000,0.50000,0.50000,0.50000,0.50000,0.50000,0.50000,0.50000,0.50000,0.50000,0.50000,0.50000,0.50000,0.50000,0.50000,0.50000,0.50000,0.50000
3369,0.50324,0.50324,0.50324,0.50324,0.50324,0.50324,0.50324,0.50324,0.50324,0.50324,0.50324,0.50324,0.50324,0.50324,0.50324,0.50324,0.50324,0.50324,0.50324,0.50324,0.50324,0.50324,0.50324,0.50324,0.50324,0.50324,0.50324,0.50324,0.50324
3370,0.50648,0.50648,0.50648,0.50648,0.50648,0.50648,0.50648,0.50648,0.50648,0.50648,0.50648,0.50648,0.50648,0.50648,0.50648,0.50648,0.50648,0.50648,0.50648,0.50648,0.50648,0.50648,0.50648,0.50648,0.50648,0.50648,0.50648,0.50648,0.50648
3371,0.50971,0.50971,0.50971,0.50971,0.50971,0.50971,0.50971,0.50971,0.50971,0.50971,0.50971,0.50971,0.50971,0.50971,0.50971,0.50971,0.50971,0.50971,0.50971,0.50971,0.50971,0.50971,0.50971,0.50971,0.50971,0.50971,0.50971,0.50971,0.50971
3372,0.51295,0.51295,0.51295,0.51295,0.51295,0.51295,0.51295,0.51295,0.51295,0.51295,0.51295,0.51295,0.51295,0.51295,0.51295,0.51295,0.51295,0.51295,0.51295,0.51295,0.51295,0.51295,0.51295,0.51295,0.51295,0.51295,0.51295,0.51295,0.51295
3373,0.51619,0.51619,0.51619,0.51619,0.51619,0.51619,0.51619,0.51619,0.51619,0.51619,0.51619,0.51619,0.51619,0.51619,0.51619,0.51619,0.51619,0.51619,0.51619,0.51619,0.51619,0.51619,0.51619,0.51619,0.51619,0.51619,0.51619,0.51619,0.51619
3374,0.51942,0.51942,0.51942,0.51942,0.51942,0.51942,0.51942,0.51942,0.51942,0.51942,0.51942,0.51942,0.51942,0.51942,0.51942,0.51942,0.51942,0.51942,0.51942,0.51942,0.51942,0.51942,0.51942,0.51942,0.51942,0.51942,0.51942,0.51942,0.51942
3375,0.52265,0.52265,0.52265,0.52265,0.52265,0.52265,0.52265,0.52265,0.52265,0.52265,0.52265,0.52265,0.52265,0.52265,0.52265,0.52265,0.52265,0.52265,0.52265,0.52265,0.52265,0.52265,0.52265,0.52265,0.52265,0.52265,0.52265,0.52265,0.52265
3376,0.52588,0.52588,0.52588,0.52588,0.52588,0.52588,0.52588,0.52588,0.52588,0.52588,0.52588,0.52588,0.52588,0.52588,0.52588,0.52588,0.52588,0.52588,0.52588,0.52588,0.52588,0.52588,0.52588,0.52588,0.52588,0.52588,0.52588,0.52588,0.52588
3377,0.52911,0.52911,0.52911,0.52911,0.52911,0.52911,0.52911,0.52911,0.52911,0.52911,0.52911,0.52911,0.52911,0.52911,0.52911,0.52911,0.52911,0.52911,0.52911,0.52911,0.52911,0.52911,0.52911,0.52911,0.52911,0.52911,0.52911,0.52911,0.52911
3378,0.53234,0.53234,0.53234,0.53234,0.53234,0.53234,0.53234,0.53234,0.53234,0.53234,0.53234,0.53234,0.53234,0.53234,0.53234,0.53234,0.53234,0.53234,0.53234,0.53234,0.53234,0.53234,0.53234,0.53234,0.53234,0.53234,0.53234,0.53234,0.53234
3379,0.53556,0.53556,0.53556,0.53556,0.53556,0.53556,0.53556,0.53556,0.53556,0.53556,0.53556,0.53556,0.53556,0.53556,0.53556,0.53556,0.53556,0.53556,0.53556,0.53556,0.53556,0.53556,0.53556,0.53556,0.53556,0.53556,0.53556,0.53556,0.53556
3380,0.53878,0.53878,0.53878,0.53878,0.53878,0.53878,0.53878,0.53878,0.53878,0.53878,0.53878,0.53878,0.53878,0.53878,0.53878,0.53878,0.53878,0.53878,0.53878,0.53878,0.53878,0.53878,0.53878,0.53878,0.53878,0.53878,0.53878,0.53878,0.53878
3381,0.54199,0.54199,0.54199,0.54199,0.54199,0.54199,0.54199,0.54199,0.54199,0.54199,0.54199,0.54199,0.54199,0.54199,0.54199,0.54199,0.54199,0.54199,0.54199,0.54199,0.54199,0.54199,0.54199,0.54199,0.54199,0.54199,0.54199,0.54199,0.54199
3382,0.54520,0.54520,0.54520,0.54520,0.54520,0.54520,0.54520,0.54520,0.54520,0.54520,0.54520,0.54520,0.54520,0.54520,0.54520,0.54520,0.54520,0.54520,0.54520,0.54520,0.54520,0.54520,0.54520,0.54520,0.54520,0.54520,0.54520,0.54520,0.54520
3383,0.54841,0.54841,0.54841,0.54841,0.54841,0.54841,0.54841,0.54841,0.54841,0.54841,0.54841,0.54841,0.54841,0.54841,0.54841,0.54841,0.54841,0.54841,0.54841,0.54841,0.54841,0.54841,0.54841,0.54841,0.54841,0.54841,0.54841,0.54841,0.54841
3384,0.55161,0.55161,0.55161,0.55161,0.55161,0.55161,0.55161,0.55161,0.55161,0.55161,0.55161,0.55161,0.55161,0.55161,0.55161,0.55161,0.55161,0.55161,0.55161,0.55161,0.55161,0.55161,0.55161,0.55161,0.55161,0.55161,0.55161,0.55161,0.55161
3385,0.55480,0.55480,0.55480,0.55480,0.55480,0.55480,0.55480,0.55480,0.55480,0.55480,0.55480,0.55480,0.55480,0.55480,0.55480,0.55480,0.55480,0.55480,0.55480,0.55480,0.55480,0.55480,0.55480,0.55480,0.55480,0.55480,0.55480,0.55480,0.55480
3386,0.55799,0.55799,0.55799,0.55799,0.55799,0.55799,0.55799,0.55799,0.55799,0.55799,0.55799,0.55799,0.55799,0.55799,0.55799,0.55799,0.55799,0.55799,0.55799,0.55799,0.55799,0.55799,0.55799,0.55799,0.55799,0.55799,0.55799,0.55799,0.55799
3387,0.56117,0.56117,0.56117,0.56117,0.56117,0.56117,0.56117,0.56117,0.56117,0.56117,0.56117,0.56117,0.56117,0.56117,0.56117,0.56117,0.56117,0.56117,0.56117,0.56117,0.56117,0.56117,0.56117,0.56117,0.56117,0.56117,0.56117,0.56117,0.56117
3388,0.56435,0.56435,0.56435,0.56435,0.56435,0.56435,0.56435,0.56435,0.56435,0.56435,0.56435,0.56435,0.56435,0.56435,0.56435,0.56435,0.56435,0.56435,0.56435,0.56435,0.56435,0.56435,0.56435,0.56435,0.56435,0.56435,0.56435,0.56435,0.56435
3389,0.56752,0.56752,0.56752,0.56752,0.56752,0.56752,0.56752,0.56752,0.56752,0.56752,0.56752,0.56752,0.56752,0.56752,0.56752,0.56752,0.56752,0.56752,0.56752,0.56752,0.56752,0.56752,0.56752,0.56752,0.56752,0.56752,0.56752,0.56752,0.56752
3390,0.57068,0.57068,0.57068,0.57068,0.57068,0.57068,0.57068,0.57068,0.57068,0.57068,0.57068,0.57068,0.57068,0.57068,0.57068,0.57068,0.57068,0.57068,0.57068,0.57068,0.57068,0.57068,0.57068,0.57068,0.57068,0.57068,0.57068,0.57068,0.57068
3391,0.57383,0.57383,0.57383,0.57383,0.57383,0.57383,0.57383,0.57383,0.57383,0.57383,0.57383,0.57383,0.57383,0.57383,0.57383,0.57383,0.57383,0.57383,0.57383,0.57383,0.57383,0.57383,0.57383,0.57383,0.57383,0.57383,0.57383,0.57383,0.57383
3392,0.57697,0.57697,0.57697,0.57697,0.57697,0.57697,0.57697,0.57697,0.57697,0.57697,0.57697,0.57697,0.57697,0.57697,0.57697,0.57697,0.57697,0.57697,0.57697,0.57697,0.57697,0.57697,0.57697,0.57697,0.57697,0.57697,0.57697,0.57697,0.57697
3393,0.58011,0.58011,0.58011,0.58011,0.58011,0.58011,0.58011,0.58011,0.58011,0.58011,0.58011,0.58011,0.58011,0.58011,0.58011,0.58011,0.58011,0.58011,0.58011,0.58011,0.58011,0.58011,0.58011,0.58011,0.58011,0.58011,0.58011,0.58011,0.58011
3394,0.58323,0.58323,0.58323,0.58323,0.58323,0.58323,0.58323,0.58323,0.58323,0.58323,0.58323,0.58323,0.58323,0.58323,0.58323,0.58323,0.58323,0.58323,0.58323,0.58323,0.58323,0.58323,0.58323,0.58323,0.58323,0.58323,0.58323,0.58323,0.58323
3395,0.58635,0.58635,0.58635,0.58635,0.58635,0.58635,0.58635,0.58635,0.58635,0.58635,0.58635,0.58635,0.58635,0.58635,0.58635,0.58635,0.58635,0.58635,0.58635,0.58635,0.58635,0.58635,0.58635,0.58635,0.58635,0.58635,0.58635,0.58635,0.58635
3396,0.58945,0.58945,0.58945,0.58945,0.58945,0.58945,0.58945,0.58945,0.58945,0.58945,0.58945,0.58945,0.58945,0.58945,0.58945,0.58945,0.58945,0.58945,0.58945,0.58945,0.58945,0.58945,0.58945,0.58945,0.58945,0.58945,0.58945,0.58945,0.58945
3397,0.59254,0.59254,0.59254,0.59254,0.59254,0.59254,0.59254,0.59254,0.59254,0.59254,0.59254,0.59254,0.59254,0.59254,0.59254,0.59254,0.59254,0.59254,0.59254,0.59254,0.59254,0.59254,0.59254,0.59254,0.59254,0.59254,0.59254,0.59254,0.59254
3398,0.59562,0.59562,0.59562,0.59562,0.59562,0.59562,0.59562,0.59562,0.59562,0.59562,0.59562,0.59562,0.59562,0.59562,0.59562,0.59562,0.59562,0.59562,0.59562,0.59562,0.59562,0.59562,0.59562,0.59562,0.59562,0.59562,0.59562,0.59562,0.59562
3399,0.59868,0.59868,0.59868,0.59868,0.59868,0.59868,0.59868,0.59868,0.59868,0.59868,0.59868,0.59868,0.59868,0.59868,0.59868,0.59868,0.59868,0.59868,0.59868,0.59868,0.59868,0.59868,0.59868,0.59868,0.59868,0.59868,0.59868,0.59868,0.59868
3400,0.60174,0.60174,0.60174,0.60174,0.60174,0.60174,0.60174,0.60174,0.60174,0.60174,0.60174,0.60174,0.60174,0.60174,0.60174,0.60174,0.60174,0.60174,0.60174,0.60174,0.60174,0.60174,0.60174,0.60174,0.60174,0.60174,0.60174,0.60174,0.60174
3401,0.60477,0.60477,0.60477,0.60477,0.60477,0.60477,0.60477,0.60477,0.60477,0.60477,0.60477,0.60477,0.60477,0.60477,0.60477,0.60477,0.60477,0.60477,0.60477,0.60477,0.60477,0.60477,0.60477,0.60477,0.60477,0.60477,0.60477,0.60477,0.60477
3402,0.60779,0.60779,0.60779,0.60779,0.60779,0.60779,0.60779,0.60779,0.60779,0.60779,0.60779,0.60779,0.60779,0.60779,0.60779,0.60779,0.60779,0.60779,0.60779,0.60779,0.60779,0.60779,0.60779,0.60779,0.60779,0.60779,0.60779,0.60779,0.60779
3403,0.61080,0.61080,0.61080,0.61080,0.61080,0.61080,0.61080,0.61080,0.61080,0.61080,0.61080,0.61080,0.61080,0.61080,0.61080,0.61080,0.61080,0.61080,0.61080,0.61080,0.61080,0.61080,0.61080,0.61080,0.61080,0.61080,0.61080,0.61080,0.61080
3404,0.61379,0.61379,0.61379,0.61379,0.61379,0.61379,0.61379,0.61379,0.61379,0.61379,0.61379,0.61379,0.61379,0.61379,0.61379,0.61379,0.61379,0.61379,0.61379,0.61379,0.61379,0.61379,0.61379,0.61379,0.61379,0.61379,0.61379,0.61379,0.61379
3405,0.61676,0.61676,0.61676,0.61676,0.61676,0.61676,0.61676,0.61676,0.61676,0.61676,0.61676,0.61676,0.61676,0.61676,0.61676,0.61676,0.61676,0.61676,0.61676,0.61676,0.61676,0.61676,0.61676,0.61676,0.61676,0.61676,0.61676,0.61676,0.61676
3406,0.61971,0.61971,0.61971,0.61971,0.61971,0.61971,0.61971,0.61971,0.61971,0.61971,0.61971,0.61971,0.61971,0.61971,0.61971,0.61971,0.61971,0.61971,0.61971,0.61971,0.61971,0.61971,0.61971,0.61971,0.61971,0.61971,0.61971,0.61971,0.61971
3407,0.62264,0.62264,0.62264,0.62264,0.62264,0.62264,0.62264,0.62264,0.62264,0.62264,0.62264,0.62264,0.62264,0.62264,0.62264,0.62264,0.62264,0.62264,0.62264,0.62264,0.62264,0.62264,0.62264,0.62264,0.62264,0.62264,0.62264,0.62264,0.62264
3408,0.62555,0.62555,0.62555,0.62555,0.62555,0.62555,0.62555,0.62555,0.62555,0.62555,0.62555,0.62555,0.62555,0.62555,0.62555,0.62555,0.62555,0.62555,0.62555,0.62555,0.62555,0.62555,0.62555,0.62555,0.62555,0.62555,0.62555,0.62555,0.62555
3409,0.62844,0.62844,0.62844,0.62844,0.62844,0.62844,0.62844,0.62844,0.62844,0.62844,0.62844,0.62844,0.62844,0.62844,0.62844,0.62844,0.62844,0.62844,0.62844,0.62844,0.62844,0.62844,0.62844,0.62844,0.62844,0.62844,0.62844,0.62844,0.62844
3410,0.63131,0.63131,0.63131,0.63131,0.63131,0.63131,0.63131,0.63131,0.63131,0.63131,0.63131,0.63131,0.63131,0.63131,0.63131,0.63131,0.63131,0.63131,0.63131,0.63131,0.63131,0.63131,0.63131,0.63131,0.63131,0.63131,0.63131,0.63131,0.63131
3411,0.63415,0.63415,0.63415,0.63415,0.63415,0.63415,0.63415,0.63415,0.63415,0.63415,0.63415,0.63415,0.63415,0.63415,0.63415,0.63415,0.63415,0.63415,0.63415,0.63415,0.63415,0.63415,0.63415,0.63415,0.63415,0.63415,0.63415,0.63415,0.63415
3412,0.63697,0.63697,0.63697,0.63697,0.63697,0.63697,0.63697,0.63697,0.63697,0.63697,0.63697,0.63697,0.63697,0.63697,0.63697,0.63697,0.63697,0.63697,0.63697,0.63697,0.63697,0.63697,0.63697,0.63697,0.63697,0.63697,0.63697,0.63697,0.63697
3413,0.63976,0.63976,0.63976,0.63976,0.63976,0.63976,0.63976,0.63976,0.63976,0.63976,0.63976,0.63976,0.63976,0.63976,0.63976,0.63976,0.63976,0.63976,0.63976,0.63976,0.63976,0.63976,0.63976,0.63976,0.63976,0.63976,0.63976,0.63976,0.63976
3414,0.64253,0.64253,0.64253,0.64253,0.64253,0.64253,0.64253,0.64253,0.64253,0.64253,0.64253,0.64253,0.64253,0.64253,0.64253,0.64253,0.64253,0.64253,0.64253,0.64253,0.64253,0.64253,0.64253,0.64253,0.64253,0.64253,0.64253,0.64253,0.64253
3415,0.64527,0.64527,0.64527,0.64527,0.64527,0.64527,0.64527,0.64527,0.64527,0.64527,0.64527,0.64527,0.64527,0.64527,0.64527,0.64527,0.64527,0.64527,0.64527,0.64527,0.64527,0.64527,0.64527,0.64527,0.64527,0.64527,0.64527,0.64527,0.64527
3416,0.64797,0.64797,0.64797,0.64797,0.64797,0.64797,0.64797,0.64797,0.64797,0.64797,0.64797,0.64797,0.64797,0.64797,0.64797,0.64797,0.64797,0.64797,0.64797,0.64797,0.64797,0.64797,0.64797,0.64797,0.64797,0.64797,0.64797,0.64797,0.64797
3417,0.65065,0.65065,0.65065,0.65065,0.65065,0.65065,0.65065,0.65065,0.65065,0.65065,0.65065,0.65065,0.65065,0.65065,0.65065,0.65065,0.65065,0.65065,0.65065,0.65065,0.65065,0.65065,0.65065,0.65065,0.65065,0.65065,0.65065,0.65065,0.65065
3418,0.65329,0.65329,0.65329,0.65329,0.65329,0.65329,0.65329,0.65329,0.65329,0.65329,0.65329,0.65329,0.65329,0.65329,0.65329,0.65329,0.65329,0.65329,0.65329,0.65329,0.65329,0.65329,0.65329,0.65329,0.65329,0.65329,0.65329,0.65329,0.65329
3419,0.65590,0.65590,0.65590,0.65590,0.65590,0.65590,0.65590,0.65590,0.65590,0.65590,0.65590,0.65590,0.65590,0.65590,0.65590,0.65590,0.65590,0.65590,0.65590,0.65590,0.65590,0.65590,0.65590,0.65590,0.65590,0.65590,0.65590,0.65590,0.65590
3420,0.65848,0.65848,0.65848,0.65848,0.65848,0.65848,0.65848,0.65848,0.65848,0.65848,0.65848,0.65848,0.65848,0.65848,0.65848,0.65848,0.65848,0.65848,0.65848,0.65848,0.65848,0.65848,0.65848,0.65848,0.65848,0.65848,0.65848,0.65848,0.65848
3421,0.66102,0.66102,0.66102,0.66102,0.66102,0.66102,0.66102,0.66102,0.66102,0.66102,0.66102,0.66102,0.66102,0.66102,0.66102,0.66102,0.66102,0.66102,0.66102,0.66102,0.66102,0.66102,0.66102,0.66102,0.66102,0.66102,0.66102,0.66102,0.66102
3422,0.66352,0.66352,0.66352,0.66352,0.66352,0.66352,0.66352,0.66352,0.66352,0.66352,0.66352,0.66352,0.66352,0.66352,0.66352,0.66352,0.66352,0.66352,0.66352,0.66352,0.66352,0.66352,0.66352,0.66352,0.66352,0.66352,0.66352,0.66352,0.66352
3423,0.66598,0.66598,0.66598,0.66598,0.66598,0.66598,0.66598,0.66598,0.66598,0.66598,0.66598,0.66598,0.66598,0.66598,0.66598,0.66598,0.66598,0.66598,0.66598,0.66598,0.66598,0.66598,0.66598,0.66598,0.66598,0.66598,0.66598,0.66598,0.66598
3424,0.66840,0.66840,0.66840,0.66840,0.66840,0.66840,0.66840,0.66840,0.66840,0.66840,0.66840,0.66840,0.66840,0.66840,0.66840,0.66840,0.66840,0.66840,0.66840,0.66840,0.66840,0.66840,0.66840,0.66840,0.66840,0.66840,0.66840,0.66840,0.66840
3425,0.67078,0.67078,0.67078,0.67078,0.67078,0.67078,0.67078,0.67078,0.67078,0.67078,0.67078,0.67078,0.67078,0.67078,0.67078,0.67078,0.67078,0.67078,0.67078,0.67078,0.67078,0.67078,0.67078,0.67078,0.67078,0.67078,0.67078,0.67078,0.67078
3426,0.67312,0.67312,0.67312,0.67312,0.67312,0.67312,0.67312,0.67312,0.67312,0.67312,0.67312,0.67312,0.67312,0.67312,0.67312,0.67312,0.67312,0.67312,0.67312,0.67312,0.67312,0.67312,0.67312,0.67312,0.67312,0.67312,0.67312,0.67312,0.67312
3427,0.67541,0.67541,0.67541,0.67541,0.67541,0.67541,0.67541,0.67541,0.67541,0.67541,0.67541,0.67541,0.67541,0.67541,0.67541,0.67541,0.67541,0.67541,0.67541,0.67541,0.67541,0.67541,0.67541,0.67541,0.67541,0.67541,0.67541,0.67541,0.67541
3428,0.67765,0.67765,0.67765,0.67765,0.67765,0.67765,0.67765,0.67765,0.67765,0.67765,0.67765,0.67765,0.67765,0.67765,0.67765,0.67765,0.67765,0.67765,0.67765,0.67765,0.67765,0.67765,0.67765,0.67765,0.67765,0.67765,0.67765,0.67765,0.67765
3429,0.67985,0.67985,0.67985,0.67985,0.67985,0.67985,0.67985,0.67985,0.67985,0.67985,0.67985,0.67985,0.67985,0.67985,0.67985,0.67985,0.67985,0.67985,0.67985,0.67985,0.67985,0.67985,0.67985,0.67985,0.67985,0.67985,0.67985,0.67985,0.67985
3430,0.68199,0.68199,0.68199,0.68199,0.68199,0.68199,0.68199,0.68199,0.68199,0.68199,0.68199,0.68199,0.68199,0.68199,0.68199,0.68199,0.68199,0.68199,0.68199,0.68199,0.68199,0.68199,0.68199,0.68199,0.68199,0.68199,0.68199,0.68199,0.68199
3431,0.68408,0.68408,0.68408,0.68408,0.68408,0.68408,0.68408,0.68408,0.68408,0.68408,0.68408,0.68408,0.68408,0.68408,0.68408,0.68408,0.68408,0.68408,0.68408,0.68408,0.68408,0.68408,0.68408,0.68408,0.68408,0.68408,0.68408,0.68408,0.68408
3432,0.68612,0.68612,0.68612,0.68612,0.68612,0.68612,0.68612,0.68612,0.68612,0.68612,0.68612,0.68612,0.68612,0.68612,0.68612,0.68612,0.68612,0.68612,0.68612,0.68612,0.68612,0.68612,0.68612,0.68612,0.68612,0.68612,0.68612,0.68612,0.68612
3433,0.68811,0.68811,0.68811,0.68811,0.68811,0.68811,0.68811,0.68811,0.68811,0.68811,0.68811,0.68811,0.68811,0.68811,0.68811,0.68811,0.68811,0.68811,0.68811,0.68811,0.68811,0.68811,0.68811,0.68811,0.68811,0.68811,0.68811,0.68811,0.68811
3434,0.69004,0.69004,0.69004,0.69004,0.69004,0.69004,0.69004,0.69004,0.69004,0.69004,0.69004,0.69004,0.69004,0.69004,0.69004,0.69004,0.69004,0.69004,0.69004,0.69004,0.69004,0.69004,0.69004,0.69004,0.69004,0.69004,0.69004,0.69004,0.69004
3435,0.69191,0.69191,0.69191,0.69191,0.69191,0.69191,0.69191,0.69191,0.69191,0.69191,0.69191,0.69191,0.69191,0.69191,0.69191,0.69191,0.69191,0.69191,0.69191,0.69191,0.69191,0.69191,0.69191,0.69191,0.69191,0.69191,0.69191,0.69191,0.69191
3436,0.69372,0.69372,0.69372,0.69372,0.69372,0.69372,0.69372,0.69372,0.69372,0.69372,0.69372,0.69372,0.69372,0.69372,0.69372,0.69372,0.69372,0.69372,0.69372,0.69372,0.69372,0.69372,0.69372,0.69372,0.69372,0.69372,0.69372,0.69372,0.69372
3437,0.69546,0.69546,0.69546,0.69546,0.69546,0.69546,0.69546,0.69546,0.69546,0.69546,0.69546,0.69546,0.69546,0.69546,0.69546,0.69546,0.69546,0.69546,0.69546,0.69546,0.69546,0.69546,0.69546,0.69546,0.69546,0.69546,0.69546,0.69546,0.69546
3438,0.69715,0.69715,0.69715,0.69715,0.69715,0.69715,0.69715,0.69715,0.69715,0.69715,0.69715,0.69715,0.69715,0.69715,0.69715,0.69715,0.69715,0.69715,0.69715,0.69715,0.69715,0.69715,0.69715,0.69715,0.69715,0.69715,0.69715,0.69715,0.69715
3439,0.69877,0.69877,0.69877,0.69877,0.69877,0.69877,0.69877,0.69877,0.69877,0.69877,0.69877,0.69877,0.69877,0.69877,0.69877,0.69877,0.69877,0.69877,0.69877,0.69877,0.69877,0.69877,0.69877,0.69877,0.69877,0.69877,0.69877,0.69877,0.69877
3440,0.70032,0.70032,0.70032,0.70032,0.70032,0.70032,0.70032,0.70032,0.70032,0.70032,0.70032,0.70032,0.70032,0.70032,0.70032,0.70032,0.70032,0.70032,0.70032,0.70032,0.70032,0.70032,0.70032,0.70032,0.70032,0.70032,0.70032,0.70032,0.70032
3441,0.70181,0.70181,0.70181,0.70181,0.70181,0.70181,0.70181,0.70181,0.70181,0.70181,0.70181,0.70181,0.70181,0.70181,0.70181,0.70181,0.70181,0.70181,0.70181,0.70181,0.70181,0.70181,0.70181,0.70181,0.70181,0.70181,0.70181,0.70181,0.70181
3442,0.70322,0.70322,0.70322,0.70322,0.70322,0.70322,0.70322,0.70322,0.70322,0.70322,0.70322,0.70322,0.70322,0.70322,0.70322,0.70322,0.70322,0.70322,0.70322,0.70322,0.70322,0.70322,0.70322,0.70322,0.70322,0.70322,0.70322,0.70322,0.70322
3443,0.70457,0.70457,0.70457,0.70457,0.70457,0.70457,0.70457,0.70457,0.70457,0.70457,0.70457,0.70457,0.70457,0.70457,0.70457,0.70457,0.70457,0.70457,0.70457,0.70457,0.70457,0.70457,0.70457,0.70457,0.70457,0.70457,0.70457,0.70457,0.70457
3444,0.70584,0.70584,0.70584,0.70584,0.70584,0.70584,0.70584,0.70584,0.70584,0.70584,0.70584,0.70584,0.70584,0.70584,0.70584,0.70584,0.70584,0.70584,0.70584,0.70584,0.70584,0.70584,0.70584,0.70584,0.70584,0.70584,0.70584,0.70584,0.70584
3445,0.70704,0.70704,0.70704,0.70704,0.70704,0.70704,0.70704,0.70704,0.70704,0.70704,0.70704,0.70704,0.70704,0.70704,0.70704,0.70704,0.70704,0.70704,0.70704,0.70704,0.70704,0.70704,0.70704,0.70704,0.70704,0.70704,0.70704,0.70704,0.70704
3446,0.70817,0.70817,0.70817,0.70817,0.70817,0.70817,0.70817,0.70817,0.70817,0.70817,0.70817,0.70817,0.70817,0.70817,0.70817,0.70817,0.70817,0.70817,0.70817,0.70817,0.70817,0.70817,0.70817,0.70817,0.70817,0.70817,0.70817,0.70817,0.70817
3447,0.70921,0.70921,0.70921,0.70921,0.70921,0.70921,0.70921,0.70921,0.70921,0.70921,0.70921,0.70921,0.70921,0.70921,0.70921,0.70921,0.70921,0.70921,0.70921,0.70921,0.70921,0.70921,0.70921,0.70921,0.70921,0.70921,0.70921,0.70921,0.70921
3448,0.71018,0.71018,0.71018,0.71018,0.71018,0.71018,0.71018,0.71018,0.71018,0.71018,0.71018,0.71018,0.71018,0.71018,0.71018,0.71018,0.71018,0.71018,0.71018,0.71018,0.71018,0.71018,0.71018,0.71018,0.71018,0.71018,0.71018,0.71018,0.71018
3449,0.71108,0.71108,0.71108,0.71108,0.71108,0.71108,0.71108,0.71108,0.71108,0.71108,0.71108,0.71108,0.71108,0.71108,0.71108,0.71108,0.71108,0.71108,0.71108,0.71108,0.71108,0.71108,0.71108,0.71108,0.71108,0.71108,0.71108,0.71108,0.71108
3450,0.71189,0.71189,0.71189,0.71189,0.71189,0.71189,0.71189,0.71189,0.71189,0.71189,0.71189,0.71189,0.71189,0.71189,0.71189,0.71189,0.71189,0.71189,0.71189,0.71189,0.71189,0.71189,0.71189,0.71189,0.71189,0.71189,0.71189,0.71189,0.71189
3451,0.71262,0.71262,0.71262,0.71262,0.71262,0.71262,0.71262,0.71262,0.71262,0.71262,0.71262,0.71262,0.71262,0.71262,0.71262,0.71262,0.71262,0.71262,0.71262,0.71262,0.71262,0.71262,0.71262,0.71262,0.71262,0.71262,0.71262,0.71262,0.71262
3452,0.71327,0.71327,0.71327,0.71327,0.71327,0.71327,0.71327,0.71327,0.71327,0.71327,0.71327,0.71327,0.71327,0.71327,0.71327,0.71327,0.71327,0.71327,0.71327,0.71327,0.71327,0.71327,0.71327,0.71327,0.71327,0.71327,0.71327,0.71327,0.71327
3453,0.71384,0.71384,0.71384,0.71384,0.71384,0.71384,0.71384,0.71384,0.71384,0.71384,0.71384,0.71384,0.71384,0.71384,0.71384,0.71384,0.71384,0.71384,0.71384,0.71384,0.71384,0.71384,0.71384,0.71384,0.71384,0.71384,0.71384,0.71384,0.71384
3454,0.71433,0.71433,0.71433,0.71433,0.71433,0.71433,0.71433,0.71433,0.71433,0.71433,0.71433,0.71433,0.71433,0.71433,0.71433,0.71433,0.71433,0.71433,0.71433,0.71433,0.71433,0.71433,0.71433,0.71433,0.71433,0.71433,0.71433,0.71433,0.71433
3455,0.71473,0.71473,0.71473,0.71473,0.71473,0.71473,0.71473,0.71473,0.71473,0.71473,0.71473,0.71473,0.71473,0.71473,0.71473,0.71473,0.71473,0.71473,0.71473,0.71473,0.71473,0.71473,0.71473,0.71473,0.71473,0.71473,0.71473,0.71473,0.71473
3456,0.71504,0.71504,0.71504,0.71504,0.71504,0.71504,0.71504,0.71504,0.71504,0.71504,0.71504,0.71504,0.71504,0.71504,0.71504,0.71504,0.71504,0.71504,0.71504,0.71504,0.71504,0.71504,0.71504,0.71504,0.71504,0.71504,0.71504,0.71504,0.71504
3457,0.71528,0.71528,0.71528,0.71528,0.71528,0.71528,0.71528,0.71528,0.71528,0.71528,0.71528,0.71528,0.71528,0.71528,0.71528,0.71528,0.71528,0.71528,0.71528,0.71528,0.71528,0.71528,0.71528,0.71528,0.71528,0.71528,0.71528,0.71528,0.71528
3458,0.71543,0.71543,0.71543,0.71543,0.71543,0.71543,0.71543,0.71543,0.71543,0.71543,0.71543,0.71543,0.71543,0.71543,0.71543,0.71543,0.71543,0.71543,0.71543,0.71543,0.71543,0.71543,0.71543,0.71543,0.71543,0.71543,0.71543,0.71543,0.71543
3459,0.71549,0.71549,0.71549,0.71549,0.71549,0.71549,0.71549,0.71549,0.71549,0.71549,0.71549,0.71549,0.71549,0.71549,0.71549,0.71549,0.71549,0.71549,0.71549,0.71549,0.71549,0.71549,0.71549,0.71549,0.71549,0.71549,0.71549,0.71549,0.71549
3460,0.71547,0.71547,0.71547,0.71547,0.71547,0.71547,0.71547,0.71547,0.71547,0.71547,0.71547,0.71547,0.71547,0.71547,0.71547,0.71547,0.71547,0.71547,0.71547,0.71547,0.71547,0.71547,0.71547,0.71547,0.71547,0.71547,0.71547,0.71547,0.71547
3461,0.71536,0.71536,0.71536,0.71536,0.71536,0.71536,0.71536,0.71536,0.71536,0.71536,0.71536,0.71536,0.71536,0.71536,0.71536,0.71536,0.71536,0.71536,0.71536,0.71536,0.71536,0.71536,0.71536,0.71536,0.71536,0.71536,0.71536,0.71536,0.71536
3462,0.71517,0.71517,0.71517,0.71517,0.71517,0.71517,0.71517,0.71517,0.71517,0.71517,0.71517,0.71517,0.71517,0.71517,0.71517,0.71517,0.71517,0.71517,0.71517,0.71517,0.71517,0.71517,0.71517,0.71517,0.71517,0.71517,0.71517,0.71517,0.71517
3463,0.71490,0.71490,0.71490,0.71490,0.71490,0.71490,0.71490,0.71490,0.71490,0.71490,0.71490,0.71490,0.71490,0.71490,0.71490,0.71490,0.71490,0.71490,0.71490,0.71490,0.71490,0.71490,0.71490,0.71490,0.71490,0.71490,0.71490,0.71490,0.71490
3464,0.71454,0.71454,0.71454,0.71454,0.71454,0.71454,0.71454,0.71454,0.71454,0.71454,0.71454,0.71454,0.71454,0.71454,0.71454,0.71454,0.71454,0.71454,0.71454,0.71454,0.71454,0.71454,0.71454,0.71454,0.71454,0.71454,0.71454,0.71454,0.71454
3465,0.71409,0.71409,0.71409,0.71409,0.71409,0.71409,0.71409,0.71409,0.71409,0.71409,0.71409,0.71409,0.71409,0.71409,0.71409,0.71409,0.71409,0.71409,0.71409,0.71409,0.71409,0.71409,0.71409,0.71409,0.71409,0.71409,0.71409,0.71409,0.71409
3466,0.71357,0.71357,0.71357,0.71357,0.71357,0.71357,0.71357,0.71357,0.71357,0.71357,0.71357,0.71357,0.71357,0.71357,0.71357,0.71357,0.71357,0.71357,0.71357,0.71357,0.71357,0.71357,0.71357,0.71357,0.71357,0.71357,0.71357,0.71357,0.71357
3467,0.71296,0.71296,0.71296,0.71296,0.71296,0.71296,0.71296,0.71296,0.71296,0.71296,0.71296,0.71296,0.71296,0.71296,0.71296,0.71296,0.71296,0.71296,0.71296,0.71296,0.71296,0.71296,0.71296,0.71296,0.71296,0.71296,0.71296,0.71296,0.71296
3468,0.71227,0.71227,0.71227,0.71227,0.71227,0.71227,0.71227,0.71227,0.71227,0.71227,0.71227,0.71227,0.71227,0.71227,0.71227,0.71227,0.71227,0.71227,0.71227,0.71227,0.71227,0.71227,0.71227,0.71227,0.71227,0.71227,0.71227,0.71227,0.71227
3469,0.71149,0.71149,0.71149,0.71149,0.71149,0.71149,0.71149,0.71149,0.71149,0.71149,0.71149,0.71149,0.71149,0.71149,0.71149,0.71149,0.71149,0.71149,0.71149,0.71149,0.71149,0.71149,0.71149,0.71149,0.71149,0.71149,0.71149,0.71149,0.71149
3470,0.71064,0.71064,0.71064,0.71064,0.71064,0.71064,0.71064,0.71064,0.71064,0.71064,0.71064,0.71064,0.71064,0.71064,0.71064,0.71064,0.71064,0.71064,0.71064,0.71064,0.71064,0.71064,0.71064,0.71064,0.71064,0.71064,0.71064,0.71064,0.71064
3471,0.70971,0.70971,0.70971,0.70971,0.70971,0.70971,0.70971,0.70971,0.70971,0.70971,0.70971,0.70971,0.70971,0.70971,0.70971,0.70971,0.70971,0.70971,0.70971,0.70971,0.70971,0.70971,0.70971,0.70971,0.70971,0.70971,0.70971,0.70971,0.70971
3472,0.70870,0.70870,0.70870,0.70870,0.70870,0.70870,0.70870,0.70870,0.70870,0.70870,0.70870,0.70870,0.70870,0.70870,0.70870,0.70870,0.70870,0.70870,0.70870,0.70870,0.70870,0.70870,0.70870,0.70870,0.70870,0.70870,0.70870,0.70870,0.70870
3473,0.70761,0.70761,0.70761,0.70761,0.70761,0.70761,0.70761,0.70761,0.70761,0.70761,0.70761,0.70761,0.70761,0.70761,0.70761,0.70761,0.70761,0.70761,0.70761,0.70761,0.70761,0.70761,0.70761,0.70761,0.70761,0.70761,0.70761,0.70761,0.70761
3474,0.70645,0.70645,0.70645,0.70645,0.70645,0.70645,0.70645,0.70645,0.70645,0.70645,0.70645,0.70645,0.70645,0.70645,0.70645,0.70645,0.70645,0.70645,0.70645,0.70645,0.70645,0.70645,0.70645,0.70645,0.70645,0.70645,0.70645,0.70645,0.70645
3475,0.70521,0.70521,0.70521,0.70521,0.70521,0.70521,0.70521,0.70521,0.70521,0.70521,0.70521,0.70521,0.70521,0.70521,0.70521,0.70521,0.70521,0.70521,0.70521,0.70521,0.70521,0.70521,0.70521,0.70521,0.70521,0.70521,0.70521,0.70521,0.70521
3476,0.70391,0.70391,0.70391,0.70391,0.70391,0.70391,0.70391,0.70391,0.70391,0.70391,0.70391,0.70391,0.70391,0.70391,0.70391,0.70391,0.70391,0.70391,0.70391,0.70391,0.70391,0.70391,0.70391,0.70391,0.70391,0.70391,0.70391,0.70391,0.70391
3477,0.70252,0.70252,0.70252,0.70252,0.70252,0.70252,0.70252,0.70252,0.70252,0.70252,0.70252,0.70252,0.70252,0.70252,0.70252,0.70252,0.70252,0.70252,0.70252,0.70252,0.70252,0.70252,0.70252,0.70252,0.70252,0.70252,0.70252,0.70252,0.70252
3478,0.70107,0.70107,0.70107,0.70107,0.70107,0.70107,0.70107,0.70107,0.70107,0.70107,0.70107,0.70107,0.70107,0.70107,0.70107,0.70107,0.70107,0.70107,0.70107,0.70107,0.70107,0.70107,0.70107,0.70107,0.70107,0.70107,0.70107,0.70107,0.70107
3479,0.69955,0.69955,0.69955,0.69955,0.69955,0.69955,0.69955,0.69955,0.69955,0.69955,0.69955,0.69955,0.69955,0.69955,0.69955,0.69955,0.69955,0.69955,0.69955,0.69955,0.69955,0.69955,0.69955,0.69955,0.69955,0.69955,0.69955,0.69955,0.69955
3480,0.69797,0.69797,0.69797,0.69797,0.69797,0.69797,0.69797,0.69797,0.69797,0.69797,0.69797,0.69797,0.69797,0.69797,0.69797,0.69797,0.69797,0.69797,0.69797,0.69797,0.69797,0.69797,0.69797,0.69797,0.69797,0.69797,0.69797,0.69797,0.69797
3481,0.69631,0.69631,0.69631,0.69631,0.69631,0.69631,0.69631,0.69631,0.69631,0.69631,0.69631,0.69631,0.69631,0.69631,0.69631,0.69631,0.69631,0.69631,0.69631,0.69631,0.69631,0.69631,0.69631,0.69631,0.69631,0.69631,0.69631,0.69631,0.69631
3482,0.69460,0.69460,0.69460,0.69460,0.69460,0.69460,0.69460,0.69460,0.69460,0.69460,0.69460,0.69460,0.69460,0.69460,0.69460,0.69460,0.69460,0.69460,0.69460,0.69460,0.69460,0.69460,0.69460,0.69460,0.69460,0.69460,0.69460,0.69460,0.69460
3483,0.69282,0.69282,0.69282,0.69282,0.69282,0.69282,0.69282,0.69282,0.69282,0.69282,0.69282,0.69282,0.69282,0.69282,0.69282,0.69282,0.69282,0.69282,0.69282,0.69282,0.69282,0.69282,0.69282,0.69282,0.69282,0.69282,0.69282,0.69282,0.69282
3484,0.69098,0.69098,0.69098,0.69098,0.69098,0.69098,0.69098,0.69098,0.69098,0.69098,0.69098,0.69098,0.69098,0.69098,0.69098,0.69098,0.69098,0.69098,0.69098,0.69098,0.69098,0.69098,0.69098,0.69098,0.69098,0.69098,0.69098,0.69098,0.69098
3485,0.68908,0.68908,0.68908,0.68908,0.68908,0.68908,0.68908,0.68908,0.68908,0.68908,0.68908,0.68908,0.68908,0.68908,0.68908,0.68908,0.68908,0.68908,0.68908,0.68908,0.68908,0.68908,0.68908,0.68908,0.68908,0.68908,0.68908,0.68908,0.68908
3486,0.68712,0.68712,0.68712,0.68712,0.68712,0.68712,0.68712,0.68712,0.68712,0.68712,0.68712,0.68712,0.68712,0.68712,0.68712,0.68712,0.68712,0.68712,0.68712,0.68712,0.68712,0.68712,0.68712,0.68712,0.68712,0.68712,0.68712,0.68712,0.68712
3487,0.68511,0.68511,0.68511,0.68511,0.68511,0.68511,0.68511,0.68511,0.68511,0.68511,0.68511,0.68511,0.68511,0.68511,0.68511,0.68511,0.68511,0.68511,0.68511,0.68511,0.68511,0.68511,0.68511,0.68511,0.68511,0.68511,0.68511,0.68511,0.68511
3488,0.68304,0.68304,0.68304,0.68304,0.68304,0.68304,0.68304,0.68304,0.68304,0.68304,0.68304,0.68304,0.68304,0.68304,0.68304,0.68304,0.68304,0.68304,0.68304,0.68304,0.68304,0.68304,0.68304,0.68304,0.68304,0.68304,0.68304,0.68304,0.68304
3489,0.68093,0.68093,0.68093,0.68093,0.68093,0.68093,0.68093,0.68093,0.68093,0.68093,0.68093,0.68093,0.68093,0.68093,0.68093,0.68093,0.68093,0.68093,0.68093,0.68093,0.68093,0.68093,0.68093,0.68093,0.68093,0.68093,0.68093,0.68093,0.68093
3490,0.67876,0.67876,0.67876,0.67876,0.67876,0.67876,0.67876,0.67876,0.67876,0.67876,0.67876,0.67876,0.67876,0.67876,0.67876,0.67876,0.67876,0.67876,0.67876,0.67876,0.67876,0.67876,0.67876,0.67876,0.67876,0.67876,0.67876,0.67876,0.67876
3491,0.67654,0.67654,0.67654,0.67654,0.67654,0.67654,0.67654,0.67654,0.67654,0.67654,0.67654,0.67654,0.67654,0.67654,0.67654,0.67654,0.67654,0.67654,0.67654,0.67654,0.67654,0.67654,0.67654,0.67654,0.67654,0.67654,0.67654,0.67654,0.67654
3492,0.67427,0.67427,0.67427,0.67427,0.67427,0.67427,0.67427,0.67427,0.67427,0.67427,0.67427,0.67427,0.67427,0.67427,0.67427,0.67427,0.67427,0.67427,0.67427,0.67427,0.67427,0.67427,0.67427,0.67427,0.67427,0.67427,0.67427,0.67427,0.67427
3493,0.67196,0.67196,0.67196,0.67196,0.67196,0.67196,0.67196,0.67196,0.67196,0.67196,0.67196,0.67196,0.67196,0.67196,0.67196,0.67196,0.67196,0.67196,0.67196,0.67196,0.67196,0.67196,0.67196,0.67196,0.67196,0.67196,0.67196,0.67196,0.67196
3494,0.66960,0.66960,0.66960,0.66960,0.66960,0.66960,0.66960,0.66960,0.66960,0.66960,0.66960,0.66960,0.66960,0.66960,0.66960,0.66960,0.66960,0.66960,0.66960,0.66960,0.66960,0.66960,0.66960,0.66960,0.66960,0.66960,0.66960,0.66960,0.66960
3495,0.66720,0.66720,0.66720,0.66720,0.66720,0.66720,0.66720,0.66720,0.66720,0.66720,0.66720,0.66720,0.66720,0.66720,0.66720,0.66720,0.66720,0.66720,0.66720,0.66720,0.66720,0.66720,0.66720,0.66720,0.66720,0.66720,0.66720,0.66720,0.66720
3496,0.66476,0.66476,0.66476,0.66476,0.66476,0.66476,0.66476,0.66476,0.66476,0.66476,0.66476,0.66476,0.66476,0.66476,0.66476,0.66476,0.66476,0.66476,0.66476,0.66476,0.66476,0.66476,0.66476,0.66476,0.66476,0.66476,0.66476,0.66476,0.66476
3497,0.66227,0.66227,0.66227,0.66227,0.66227,0.66227,0.66227,0.66227,0.66227,0.66227,0.66227,0.66227,0.66227,0.66227,0.66227,0.66227,0.66227,0.66227,0.66227,0.66227,0.66227,0.66227,0.66227,0.66227,0.66227,0.66227,0.66227,0.66227,0.66227
3498,0.65975,0.65975,0.65975,0.65975,0.65975,0.65975,0.65975,0.65975,0.65975,0.65975,0.65975,0.65975,0.65975,0.65975,0.65975,0.65975,0.65975,0.65975,0.65975,0.65975,0.65975,0.65975,0.65975,0.65975,0.65975,0.65975,0.65975,0.65975,0.65975
3499,0.65720,0.65720,0.65720,0.65720,0.65720,0.65720,0.65720,0.65720,0.65720,0.65720,0.65720,0.65720,0.65720,0.65720,0.65720,0.65720,0.65720,0.65720,0.65720,0.65720,0.65720,0.65720,0.65720,0.65720,0.65720,0.65720,0.65720,0.65720,0.65720
3500,0.65460,0.65460,0.65460,0.65460,0.65460,0.65460,0.65460,0.65460,0.65460,0.65460,0.65460,0.65460,0.65460,0.65460,0.65460,0.65460,0.65460,0.65460,0.65460,0.65460,0.65460,0.65460,0.65460,0.65460,0.65460,0.65460,0.65460,0.65460,0.65460
3501,0.65198,0.65198,0.65198,0.65198,0.65198,0.65198,0.65198,0.65198,0.65198,0.65198,0.65198,0.65198,0.65198,0.65198,0.65198,0.65198,0.65198,0.65198,0.65198,0.65198,0.65198,0.65198,0.65198,0.65198,0.65198,0.65198,0.65198,0.65198,0.65198
3502,0.64931,0.64931,0.64931,0.64931,0.64931,0.64931,0.64931,0.64931,0.64931,0.64931,0.64931,0.64931,0.64931,0.64931,0.64931,0.64931,0.64931,0.64931,0.64931,0.64931,0.64931,0.64931,0.64931,0.64931,0.64931,0.64931,0.64931,0.64931,0.64931
3503,0.64662,0.64662,0.64662,0.64662,0.64662,0.64662,0.64662,0.64662,0.64662,0.64662,0.64662,0.64662,0.64662,0.64662,0.64662,0.64662,0.64662,0.64662,0.64662,0.64662,0.64662,0.64662,0.64662,0.64662,0.64662,0.64662,0.64662,0.64662,0.64662
3504,0.64390,0.64390,0.64390,0.64390,0.64390,0.64390,0.64390,0.64390,0.64390,0.64390,0.64390,0.64390,0.64390,0.64390,0.64390,0.64390,0.64390,0.64390,0.64390,0.64390,0.64390,0.64390,0.64390,0.64390,0.64390,0.64390,0.64390,0.64390,0.64390
3505,0.64115,0.64115,0.64115,0.64115,0.64115,0.64115,0.64115,0.64115,0.64115,0.64115,0.64115,0.64115,0.64115,0.64115,0.64115,0.64115,0.64115,0.64115,0.64115,0.64115,0.64115,0.64115,0.64115,0.64115,0.64115,0.64115,0.64115,0.64115,0.64115
3506,0.63837,0.63837,0.63837,0.63837,0.63837,0.63837,0.63837,0.63837,0.63837,0.63837,0.63837,0.63837,0.63837,0.63837,0.63837,0.63837,0.63837,0.63837,0.63837,0.63837,0.63837,0.63837,0.63837,0.63837,0.63837,0.63837,0.63837,0.63837,0.63837
3507,0.63557,0.63557,0.63557,0.63557,0.63557,0.63557,0.63557,0.63557,0.63557,0.63557,0.63557,0.63557,0.63557,0.63557,0.63557,0.63557,0.63557,0.63557,0.63557,0.63557,0.63557,0.63557,0.63557,0.63557,0.63557,0.63557,0.63557,0.63557,0.63557
3508,0.63274,0.63274,0.63274,0.63274,0.63274,0.63274,0.63274,0.63274,0.63274,0.63274,0.63274,0.63274,0.63274,0.63274,0.63274,0.63274,0.63274,0.63274,0.63274,0.63274,0.63274,0.63274,0.63274,0.63274,0.63274,0.63274,0.63274,0.63274,0.63274
3509,0.62988,0.62988,0.62988,0.62988,0.62988,0.62988,0.62988,0.62988,0.62988,0.62988,0.62988,0.62988,0.62988,0.62988,0.62988,0.62988,0.62988,0.62988,0.62988,0.62988,0.62988,0.62988,0.62988,0.62988,0.62988,0.62988,0.62988,0.62988,0.62988
3510,0.62700,0.62700,0.62700,0.62700,0.62700,0.62700,0.62700,0.62700,0.62700,0.62700,0.62700,0.62700,0.62700,0.62700,0.62700,0.62700,0.62700,0.62700,0.62700,0.62700,0.62700,0.62700,0.62700,0.62700,0.62700,0.62700,0.62700,0.62700,0.62700
3511,0.62410,0.62410,0.62410,0.62410,0.62410,0.62410,0.62410,0.62410,0.62410,0.62410,0.62410,0.62410,0.62410,0.62410,0.62410,0.62410,0.62410,0.62410,0.62410,0.62410,0.62410,0.62410,0.62410,0.62410,0.62410,0.62410,0.62410,0.62410,0.62410
3512,0.62118,0.62118,0.62118,0.62118,0.62118,0.62118,0.62118,0.62118,0.62118,0.62118,0.62118,0.62118,0.62118,0.62118,0.62118,0.62118,0.62118,0.62118,0.62118,0.62118,0.62118,0.62118,0.62118,0.62118,0.62118,0.62118,0.62118,0.62118,0.62118
3513,0.61824,0.61824,0.61824,0.61824,0.61824,0.61824,0.61824,0.61824,0.61824,0.61824,0.61824,0.61824,0.61824,0.61824,0.61824,0.61824,0.61824,0.61824,0.61824,0.61824,0.61824,0.61824,0.61824,0.61824,0.61824,0.61824,0.61824,0.61824,0.61824
3514,0.61528,0.61528,0.61528,0.61528,0.61528,0.61528,0.61528,0.61528,0.61528,0.61528,0.61528,0.61528,0.61528,0.61528,0.61528,0.61528,0.61528,0.61528,0.61528,0.61528,0.61528,0.61528,0.61528,0.61528,0.61528,0.61528,0.61528,0.61528,0.61528
3515,0.61230,0.61230,0.61230,0.61230,0.61230,0.61230,0.61230,0.61230,0.61230,0.61230,0.61230,0.61230,0.61230,0.61230,0.61230,0.61230,0.61230,0.61230,0.61230,0.61230,0.61230,0.61230,0.61230,0.61230,0.61230,0.61230,0.61230,0.61230,0.61230
3516,0.60930,0.60930,0.60930,0.60930,0.60930,0.60930,0.60930,0.60930,0.60930,0.60930,0.60930,0.60930,0.60930,0.60930,0.60930,0.60930,0.60930,0.60930,0.60930,0.60930,0.60930,0.60930,0.60930,0.60930,0.60930,0.60930,0.60930,0.60930,0.60930
3517,0.60629,0.60629,0.60629,0.60629,0.60629,0.60629,0.60629,0.60629,0.60629,0.60629,0.60629,0.60629,0.60629,0.60629,0.60629,0.60629,0.60629,0.60629,0.60629,0.60629,0.60629,0.60629,0.60629,0.60629,0.60629,0.60629,0.60629,0.60629,0.60629
3518,0.60326,0.60326,0.60326,0.60326,0.60326,0.60326,0.60326,0.60326,0.60326,0.60326,0.60326,0.60326,0.60326,0.60326,0.60326,0.60326,0.60326,0.60326,0.60326,0.60326,0.60326,0.60326,0.60326,0.60326,0.60326,0.60326,0.60326,0.60326,0.60326
3519,0.60021,0.60021,0.60021,0.60021,0.60021,0.60021,0.60021,0.60021,0.60021,0.60021,0.60021,0.60021,0.60021,0.60021,0.60021,0.60021,0.60021,0.60021,0.60021,0.60021,0.60021,0.60021,0.60021,0.60021,0.60021,0.60021,0.60021,0.60021,0.60021
3520,0.59715,0.59715,0.59715,0.59715,0.59715,0.59715,0.59715,0.59715,0.59715,0.59715,0.59715,0.59715,0.59715,0.59715,0.59715,0.59715,0.59715,0.59715,0.59715,0.59715,0.59715,0.59715,0.59715,0.59715,0.59715,0.59715,0.59715,0.59715,0.59715
3521,0.59408,0.59408,0.59408,0.59408,0.59408,0.59408,0.59408,0.59408,0.59408,0.59408,0.59408,0.59408,0.59408,0.59408,0.59408,0.59408,0.59408,0.59408,0.59408,0.59408,0.59408,0.59408,0.59408,0.59408,0.59408,0.59408,0.59408,0.59408,0.59408
3522,0.59100,0.59100,0.59100,0.59100,0.59100,0.59100,0.59100,0.59100,0.59100,0.59100,0.59100,0.59100,0.59100,0.59100,0.59100,0.59100,0.59100,0.59100,0.59100,0.59100,0.59100,0.59100,0.59100,0.59100,0.59100,0.59100,0.59100,0.59100,0.59100
3523,0.58790,0.58790,0.58790,0.58790,0.58790,0.58790,0.58790,0.58790,0.58790,0.58790,0.58790,0.58790,0.58790,0.58790,0.58790,0.58790,0.58790,0.58790,0.58790,0.58790,0.58790,0.58790,0.58790,0.58790,0.58790,0.58790,0.58790,0.58790,0.58790
3524,0.58479,0.58479,0.58479,0.58479,0.58479,0.58479,0.58479,0.58479,0.58479,0.58479,0.58479,0.58479,0.58479,0.58479,0.58479,0.58479,0.58479,0.58479,0.58479,0.58479,0.58479,0.58479,0.58479,0.58479,0.58479,0.58479,0.58479,0.58479,0.58479
3525,0.58167,0.58167,0.58167,0.58167,0.58167,0.58167,0.58167,0.58167,0.58167,0.58167,0.58167,0.58167,0.58167,0.58167,0.58167,0.58167,0.58167,0.58167,0.58167,0.58167,0.58167,0.58167,0.58167,0.58167,0.58167,0.58167,0.58167,0.58167,0.58167
3526,0.57854,0.57854,0.57854,0.57854,0.57854,0.57854,0.57854,0.57854,0.57854,0.57854,0.57854,0.57854,0.57854,0.57854,0.57854,0.57854,0.57854,0.57854,0.57854,0.57854,0.57854,0.57854,0.57854,0.57854,0.57854,0.57854,0.57854,0.57854,0.57854
3527,0.57540,0.57540,0.57540,0.57540,0.57540,0.57540,0.57540,0.57540,0.57540,0.57540,0.57540,0.57540,0.57540,0.57540,0.57540,0.57540,0.57540,0.57540,0.57540,0.57540,0.57540,0.57540,0.57540,0.57540,0.57540,0.57540,0.57540,0.57540,0.57540
3528,0.57225,0.57225,0.57225,0.57225,0.57225,0.57225,0.57225,0.57225,0.57225,0.57225,0.57225,0.57225,0.57225,0.57225,0.57225,0.57225,0.57225,0.57225,0.57225,0.57225,0.57225,0.57225,0.57225,0.57225,0.57225,0.57225,0.57225,0.57225,0.57225
3529,0.56910,0.56910,0.56910,0.56910,0.56910,0.56910,0.56910,0.56910,0.56910,0.56910,0.56910,0.56910,0.56910,0.56910,0.56910,0.56910,0.56910,0.56910,0.56910,0.56910,0.56910,0.56910,0.56910,0.56910,0.56910,0.56910,0.56910,0.56910,0.56910
3530,0.56593,0.56593,0.56593,0.56593,0.56593,0.56593,0.56593,0.56593,0.56593,0.56593,0.56593,0.56593,0.56593,0.56593,0.56593,0.56593,0.56593,0.56593,0.56593,0.56593,0.56593,0.56593,0.56593,0.56593,0.56593,0.56593,0.56593,0.56593,0.56593
3531,0.56276,0.56276,0.56276,0.56276,0.56276,0.56276,0.56276,0.56276,0.56276,0.56276,0.56276,0.56276,0.56276,0.56276,0.56276,0.56276,0.56276,0.56276,0.56276,0.56276,0.56276,0.56276,0.56276,0.56276,0.56276,0.56276,0.56276,0.56276,0.56276
3532,0.55958,0.55958,0.55958,0.55958,0.55958,0.55958,0.55958,0.55958,0.55958,0.55958,0.55958,0.55958,0.55958,0.55958,0.55958,0.55958,0.55958,0.55958,0.55958,0.55958,0.55958,0.55958,0.55958,0.55958,0.55958,0.55958,0.55958,0.55958,0.55958
3533,0.55640,0.55640,0.55640,0.55640,0.55640,0.55640,0.55640,0.55640,0.55640,0.55640,0.55640,0.55640,0.55640,0.55640,0.55640,0.55640,0.55640,0.55640,0.55640,0.55640,0.55640,0.55640,0.55640,0.55640,0.55640,0.55640,0.55640,0.55640,0.55640
3534,0.55320,0.55320,0.55320,0.55320,0.55320,0.55320,0.55320,0.55320,0.55320,0.55320,0.55320,0.55320,0.55320,0.55320,0.55320,0.55320,0.55320,0.55320,0.55320,0.55320,0.55320,0.55320,0.55320,0.55320,0.55320,0.55320,0.55320,0.55320,0.55320
3535,0.55001,0.55001,0.55001,0.55001,0.55001,0.55001,0.55001,0.55001,0.55001,0.55001,0.55001,0.55001,0.55001,0.55001,0.55001,0.55001,0.55001,0.55001,0.55001,0.55001,0.55001,0.55001,0.55001,0.55001,0.55001,0.55001,0.55001,0.55001,0.55001
3536,0.54680,0.54680,0.54680,0.54680,0.54680,0.54680,0.54680,0.54680,0.54680,0.54680,0.54680,0.54680,0.54680,0.54680,0.54680,0.54680,0.54680,0.54680,0.54680,0.54680,0.54680,0.54680,0.54680,0.54680,0.54680,0.54680,0.54680,0.54680,0.54680
3537,0.54360,0.54360,0.54360,0.54360,0.54360,0.54360,0.54360,0.54360,0.54360,0.54360,0.54360,0.54360,0.54360,0.54360,0.54360,0.54360,0.54360,0.54360,0.54360,0.54360,0.54360,0.54360,0.54360,0.54360,0.54360,0.54360,0.54360,0.54360,0.54360
3538,0.54038,0.54038,0.54038,0.54038,0.54038,0.54038,0.54038,0.54038,0.54038,0.54038,0.54038,0.54038,0.54038,0.54038,0.54038,0.54038,0.54038,0.54038,0.54038,0.54038,0.54038,0.54038,0.54038,0.54038,0.54038,0.54038,0.54038,0.54038,0.54038
3539,0.53717,0.53717,0.53717,0.53717,0.53717,0.53717,0.53717,0.53717,0.53717,0.53717,0.53717,0.53717,0.53717,0.53717,0.53717,0.53717,0.53717,0.53717,0.53717,0.53717,0.53717,0.53717,0.53717,0.53717,0.53717,0.53717,0.53717,0.53717,0.53717
3540,0.53395,0.53395,0.53395,0.53395,0.53395,0.53395,0.53395,0.53395,0.53395,0.53395,0.53395,0.53395,0.53395,0.53395,0.53395,0.53395,0.53395,0.53395,0.53395,0.53395,0.53395,0.53395,0.53395,0.53395,0.53395,0.53395,0.53395,0.53395,0.53395
3541,0.53072,0.53072,0.53072,0.53072,0.53072,0.53072,0.53072,0.53072,0.53072,0.53072,0.53072,0.53072,0.53072,0.53072,0.53072,0.53072,0.53072,0.53072,0.53072,0.53072,0.53072,0.53072,0.53072,0.53072,0.53072,0.53072,0.53072,0.53072,0.53072
3542,0.52750,0.52750,0.52750,0.52750,0.52750,0.52750,0.52750,0.52750,0.52750,0.52750,0.52750,0.52750,0.52750,0.52750,0.52750,0.52750,0.52750,0.52750,0.52750,0.52750,0.52750,0.52750,0.52750,0.52750,0.52750,0.52750,0.52750,0.52750,0.52750
3543,0.52427,0.52427,0.52427,0.52427,0.52427,0.52427,0.52427,0.52427,0.52427,0.52427,0.52427,0.52427,0.52427,0.52427,0.52427,0.52427,0.52427,0.52427,0.52427,0.52427,0.52427,0.52427,0.52427,0.52427,0.52427,0.52427,0.52427,0.52427,0.52427
3544,0.52104,0.52104,0.52104,0.52104,0.52104,0.52104,0.52104,0.52104,0.52104,0.52104,0.52104,0.52104,0.52104,0.52104,0.52104,0.52104,0.52104,0.52104,0.52104,0.52104,0.52104,0.52104,0.52104,0.52104,0.52104,0.52104,0.52104,0.52104,0.52104
3545,0.51780,0.51780,0.51780,0.51780,0.51780,0.51780,0.51780,0.51780,0.51780,0.51780,0.51780,0.51780,0.51780,0.51780,0.51780,0.51780,0.51780,0.51780,0.51780,0.51780,0.51780,0.51780,0.51780,0.51780,0.51780,0.51780,0.51780,0.51780,0.51780
3546,0.51457,0.51457,0.51457,0.51457,0.51457,0.51457,0.51457,0.51457,0.51457,0.51457,0.51457,0.51457,0.51457,0.51457,0.51457,0.51457,0.51457,0.51457,0.51457,0.51457,0.51457,0.51457,0.51457,0.51457,0.51457,0.51457,0.51457,0.51457,0.51457
3547,0.51133,0.51133,0.51133,0.51133,0.51133,0.51133,0.51133,0.51133,0.51133,0.51133,0.51133,0.51133,0.51133,0.51133,0.51133,0.51133,0.51133,0.51133,0.51133,0.51133,0.51133,0.51133,0.51133,0.51133,0.51133,0.51133,0.51133,0.51133,0.51133
3548,0.50810,0.50810,0.50810,0.50810,0.50810,0.50810,0.50810,0.50810,0.50810,0.50810,0.50810,0.50810,0.50810,0.50810,0.50810,0.50810,0.50810,0.50810,0.50810,0.50810,0.50810,0.50810,0.50810,0.50810,0.50810,0.50810,0.50810,0.50810,0.50810
3549,0.50486,0.50486,0.50486,0.50486,0.50486,0.50486,0.50486,0.50486,0.50486,0.50486,0.50486,0.50486,0.50486,0.50486,0.50486,0.50486,0.50486,0.50486,0.50486,0.50486,0.50486,0.50486,0.50486,0.50486,0.50486,0.50486,0.50486,0.50486,0.50486
3550,0.50162,0.50162,0.50162,0.50162,0.50162,0.50162,0.50162,0.50162,0.50162,0.50162,0.50162,0.50162,0.50162,0.50162,0.50162,0.50162,0.50162,0.50162,0.50162,0.50162,0.50162,0.50162,0.50162,0.50162,0.50162,0.50162,0.50162,0.50162,0.50162
3551,0.49838,0.49838,0.49838,0.49838,0.49838,0.49838,0.49838,0.49838,0.49838,0.49838,0.49838,0.49838,0.49838,0.49838,0.49838,0.49838,0.49838,0.49838,0.49838,0.49838,0.49838,0.49838,0.49838,0.49838,0.49838,0.49838,0.49838,0.49838,0.49838
3552,0.49514,0.49514,0.49514,0.49514,0.49514,0.49514,0.49514,0.49514,0.49514,0.49514,0.49514,0.49514,0.49514,0.49514,0.49514,0.49514,0.49514,0.49514,0.49514,0.49514,0.49514,0.49514,0.49514,0.49514,0.49514,0.49514,0.49514,0.49514,0.49514
3553,0.49190,0.49190,0.49190,0.49190,0.49190,0.49190,0.49190,0.49190,0.49190,0.49190,0.49190,0.49190,0.49190,0.49190,0.49190,0.49190,0.49190,0.49190,0.49190,0.49190,0.49190,0.49190,0.49190,0.49190,0.49190,0.49190,0.49190,0.49190,0.49190
3554,0.48867,0.48867,0.48867,0.48867,0.48867,0.48867,0.48867,0.48867,0.48867,0.48867,0.48867,0.48867,0.48867,0.48867,0.48867,0.48867,0.48867,0.48867,0.48867,0.48867,0.48867,0.48867,0.48867,0.48867,0.48867,0.48867,0.48867,0.48867,0.48867
3555,0.48543,0.48543,0.48543,0.48543,0.48543,0.48543,0.48543,0.48543,0.48543,0.48543,0.48543,0.48543,0.48543,0.48543,0.48543,0.48543,0.48543,0.48543,0.48543,0.48543,0.48543,0.48543,0.48543,0.48543,0.48543,0.48543,0.48543,0.48543,0.48543
3556,0.48220,0.48220,0.48220,0.48220,0.48220,0.48220,0.48220,0.48220,0.48220,0.48220,0.48220,0.48220,0.48220,0.48220,0.48220,0.48220,0.48220,0.48220,0.48220,0.48220,0.48220,0.48220,0.48220,0.48220,0.48220,0.48220,0.48220,0.48220,0.48220
3557,0.47896,0.47896,0.47896,0.47896,0.47896,0.47896,0.47896,0.47896,0.47896,0.47896,0.47896,0.47896,0.47896,0.47896,0.47896,0.47896,0.47896,0.47896,0.47896,0.47896,0.47896,0.47896,0.47896,0.47896,0.47896,0.47896,0.47896,0.47896,0.47896
3558,0.47573,0.47573,0.47573,0.47573,0.47573,0.47573,0.47573,0.47573,0.47573,0.47573,0.47573,0.47573,0.47573,0.47573,0.47573,0.47573,0.47573,0.47573,0.47573,0.47573,0.47573,0.47573,0.47573,0.47573,0.47573,0.47573,0.47573,0.47573,0.47573
3559,0.47250,0.47250,0.47250,0.47250,0.47250,0.47250,0.47250,0.47250,0.47250,0.47250,0.47250,0.47250,0.47250,0.47250,0.47250,0.47250,0.47250,0.47250,0.47250,0.47250,0.47250,0.47250,0.47250,0.47250,0.47250,0.47250,0.47250,0.47250,0.47250
3560,0.46928,0.46928,0.46928,0.46928,0.46928,0.46928,0.46928,0.46928,0.46928,0.46928,0.46928,0.46928,0.46928,0.46928,0.46928,0.46928,0.46928,0.46928,0.46928,0.46928,0.46928,0.46928,0.46928,0.46928,0.46928,0.46928,0.46928,0.46928,0.46928
3561,0.46605,0.46605,0.46605,0.46605,0.46605,0.46605,0.46605,0.46605,0.46605,0.46605,0.46605,0.46605,0.46605,0.46605,0.46605,0.46605,0.46605,0.46605,0.46605,0.46605,0.46605,0.46605,0.46605,0.46605,0.46605,0.46605,0.46605,0.46605,0.46605
3562,0.46283,0.46283,0.46283,0.46283,0.46283,0.46283,0.46283,0.46283,0.46283,0.46283,0.46283,0.46283,0.46283,0.46283,0.46283,0.46283,0.46283,0.46283,0.46283,0.46283,0.46283,0.46283,0.46283,0.46283,0.46283,0.46283,0.46283,0.46283,0.46283
3563,0.45962,0.45962,0.45962,0.45962,0.45962,0.45962,0.45962,0.45962,0.45962,0.45962,0.45962,0.45962,0.45962,0.45962,0.45962,0.45962,0.45962,0.45962,0.45962,0.45962,0.45962,0.45962,0.45962,0.45962,0.45962,0.45962,0.45962,0.45962,0.45962
3564,0.45640,0.45640,0.45640,0.45640,0.45640,0.45640,0.45640,0.45640,0.45640,0.45640,0.45640,0.45640,0.45640,0.45640,0.45640,0.45640,0.45640,0.45640,0.45640,0.45640,0.45640,0.45640,0.45640,0.45640,0.45640,0.45640,0.45640,0.45640,0.45640
3565,0.45320,0.45320,0.45320,0.45320,0.45320,0.45320,0.45320,0.45320,0.45320,0.45320,0.45320,0.45320,0.45320,0.45320,0.45320,0.45320,0.45320,0.45320,0.45320,0.45320,0.45320,0.45320,0.45320,0.45320,0.45320,0.45320,0.45320,0.45320,0.45320
3566,0.44999,0.44999,0.44999,0.44999,0.44999,0.44999,0.44999,0.44999,0.44999,0.44999,0.44999,0.44999,0.44999,0.44999,0.44999,0.44999,0.44999,0.44999,0.44999,0.44999,0.44999,0.44999,0.44999,0.44999,0.44999,0.44999,0.44999,0.44999,0.44999
3567,0.44680,0.44680,0.44680,0.44680,0.44680,0.44680,0.44680,0.44680,0.44680,0.44680,0.44680,0.44680,0.44680,0.44680,0.44680,0.44680,0.44680,0.44680,0.44680,0.44680,0.44680,0.44680,0.44680,0.44680,0.44680,0.44680,0.44680,0.44680,0.44680
3568,0.44360,0.44360,0.44360,0.44360,0.44360,0.44360,0.44360,0.44360,0.44360,0.44360,0.44360,0.44360,0.44360,0.44360,0.44360,0.44360,0.44360,0.44360,0.44360,0.44360,0.44360,0.44360,0.44360,0.44360,0.44360,0.44360,0.44360,0.44360,0.44360
3569,0.44042,0.44042,0.44042,0.44042,0.44042,0.44042,0.44042,0.44042,0.44042,0.44042,0.44042,0.44042,0.44042,0.44042,0.44042,0.44042,0.44042,0.44042,0.44042,0.44042,0.44042,0.44042,0.44042,0.44042,0.44042,0.44042,0.44042,0.44042,0.44042
3570,0.43724,0.43724,0.43724,0.43724,0.43724,0.43724,0.43724,0.43724,0.43724,0.43724,0.43724,0.43724,0.43724,0.43724,0.43724,0.43724,0.43724,0.43724,0.43724,0.43724,0.43724,0.43724,0.43724,0.43724,0.43724,0.43724,0.43724,0.43724,0.43724
3571,0.43407,0.43407,0.43407,0.43407,0.43407,0.43407,0.43407,0.43407,0.43407,0.43407,0.43407,0.43407,0.43407,0.43407,0.43407,0.43407,0.43407,0.43407,0.43407,0.43407,0.43407,0.43407,0.43407,0.43407,0.43407,0.43407,0.43407,0.43407,0.43407
3572,0.43090,0.43090,0.43090,0.43090,0.43090,0.43090,0.43090,0.43090,0.43090,0.43090,0.43090,0.43090,0.43090,0.43090,0.43090,0.43090,0.43090,0.43090,0.43090,0.43090,0.43090,0.43090,0.43090,0.43090,0.43090,0.43090,0.43090,0.43090,0.43090
3573,0.42775,0.42775,0.42775,0.42775,0.42775,0.42775,0.42775,0.42775,0.42775,0.42775,0.42775,0.42775,0.42775,0.42775,0.42775,0.42775,0.42775,0.42775,0.42775,0.42775,0.42775,0.42775,0.42775,0.42775,0.42775,0.42775,0.42775,0.42775,0.42775
3574,0.42460,0.42460,0.42460,0.42460,0.42460,0.42460,0.42460,0.42460,0.42460,0.42460,0.42460,0.42460,0.42460,0.42460,0.42460,0.42460,0.42460,0.42460,0.42460,0.42460,0.42460,0.42460,0.42460,0.42460,0.42460,0.42460,0.42460,0.42460,0.42460
3575,0.42146,0.42146,0.42146,0.42146,0.42146,0.42146,0.42146,0.42146,0.42146,0.42146,0.42146,0.42146,0.42146,0.42146,0.42146,0.42146,0.42146,0.42146,0.42146,0.42146,0.42146,0.42146,0.42146,0.42146,0.42146,0.42146,0.42146,0.42146,0.42146
3576,0.41833,0.41833,0.41833,0.41833,0.41833,0.41833,0.41833,0.41833,0.41833,0.41833,0.41833,0.41833,0.41833,0.41833,0.41833,0.41833,0.41833,0.41833,0.41833,0.41833,0.41833,0.41833,0.41833,0.41833,0.41833,0.41833,0.41833,0.41833,0.41833
3577,0.41521,0.41521,0.41521,0.41521,0.41521,0.41521,0.41521,0.41521,0.41521,0.41521,0.41521,0.41521,0.41521,0.41521,0.41521,0.41521,0.41521,0.41521,0.41521,0.41521,0.41521,0.41521,0.41521,0.41521,0.41521,0.41521,0.41521,0.41521,0.41521
3578,0.41210,0.41210,0.41210,0.41210,0.41210,0.41210,0.41210,0.41210,0.41210,0.41210,0.41210,0.41210,0.41210,0.41210,0.41210,0.41210,0.41210,0.41210,0.41210,0.41210,0.41210,0.41210,0.41210,0.41210,0.41210,0.41210,0.41210,0.41210,0.41210
3579,0.40900,0.40900,0.40900,0.40900,0.40900,0.40900,0.40900,0.40900,0.40900,0.40900,0.40900,0.40900,0.40900,0.40900,0.40900,0.40900,0.40900,0.40900,0.40900,0.40900,0.40900,0.40900,0.40900,0.40900,0.40900,0.40900,0.40900,0.40900,0.40900
3580,0.40592,0.40592,0.40592,0.40592,0.40592,0.40592,0.40592,0.40592,0.40592,0.40592,0.40592,0.40592,0.40592,0.40592,0.40592,0.40592,0.40592,0.40592,0.40592,0.40592,0.40592,0.40592,0.40592,0.40592,0.40592,0.40592,0.40592,0.40592,0.40592
3581,0.40285,0.40285,0.40285,0.40285,0.40285,0.40285,0.40285,0.40285,0.40285,0.40285,0.40285,0.40285,0.40285,0.40285,0.40285,0.40285,0.40285,0.40285,0.40285,0.40285,0.40285,0.40285,0.40285,0.40285,0.40285,0.40285,0.40285,0.40285,0.40285
3582,0.39979,0.39979,0.39979,0.39979,0.39979,0.39979,0.39979,0.39979,0.39979,0.39979,0.39979,0.39979,0.39979,0.39979,0.39979,0.39979,0.39979,0.39979,0.39979,0.39979,0.39979,0.39979,0.39979,0.39979,0.39979,0.39979,0.39979,0.39979,0.39979
3583,0.39674,0.39674,0.39674,0.39674,0.39674,0.39674,0.39674,0.39674,0.39674,0.39674,0.39674,0.39674,0.39674,0.39674,0.39674,0.39674,0.39674,0.39674,0.39674,0.39674,0.39674,0.39674,0.39674,0.39674,0.39674,0.39674,0.39674,0.39674,0.39674
3584,0.39371,0.39371,0.39371,0.39371,0.39371,0.39371,0.39371,0.39371,0.39371,0.39371,0.39371,0.39371,0.39371,0.39371,0.39371,0.39371,0.39371,0.39371,0.39371,0.39371,0.39371,0.39371,0.39371,0.39371,0.39371,0.39371,0.39371,0.39371,0.39371
3585,0.39070,0.39070,0.39070,0.39070,0.39070,0.39070,0.39070,0.39070,0.39070,0.39070,0.39070,0.39070,0.39070,0.39070,0.39070,0.39070,0.39070,0.39070,0.39070,0.39070,0.39070,0.39070,0.39070,0.39070,0.39070,0.39070,0.39070,0.39070,0.39070
3586,0.38770,0.38770,0.38770,0.38770,0.38770,0.38770,0.38770,0.38770,0.38770,0.38770,0.38770,0.38770,0.38770,0.38770,0.38770,0.38770,0.38770,0.38770,0.38770,0.38770,0.38770,0.38770,0.38770,0.38770,0.38770,0.38770,0.38770,0.38770,0.38770
3587,0.38472,0.38472,0.38472,0.38472,0.38472,0.38472,0.38472,0.38472,0.38472,0.38472,0.38472,0.38472,0.38472,0.38472,0.38472,0.38472,0.38472,0.38472,0.38472,0.38472,0.38472,0.38472,0.38472,0.38472,0.38472,0.38472,0.38472,0.38472,0.38472
3588,0.38176,0.38176,0.38176,0.38176,0.38176,0.38176,0.38176,0.38176,0.38176,0.38176,0.38176,0.38176,0.38176,0.38176,0.38176,0.38176,0.38176,0.38176,0.38176,0.38176,0.38176,0.38176,0.38176,0.38176,0.38176,0.38176,0.38176,0.38176,0.38176
3589,0.37882,0.37882,0.37882,0.37882,0.37882,0.37882,0.37882,0.37882,0.37882,0.37882,0.37882,0.37882,0.37882,0.37882,0.37882,0.37882,0.37882,0.37882,0.37882,0.37882,0.37882,0.37882,0.37882,0.37882,0.37882,0.37882,0.37882,0.37882,0.37882
3590,0.37590,0.37590,0.37590,0.37590,0.37590,0.37590,0.37590,0.37590,0.37590,0.37590,0.37590,0.37590,0.37590,0.37590,0.37590,0.37590,0.37590,0.37590,0.37590,0.37590,0.37590,0.37590,0.37590,0.37590,0.37590,0.37590,0.37590,0.37590,0.37590
3591,0.37300,0.37300,0.37300,0.37300,0.37300,0.37300,0.37300,0.37300,0.37300,0.37300,0.37300,0.37300,0.37300,0.37300,0.37300,0.37300,0.37300,0.37300,0.37300,0.37300,0.37300,0.37300,0.37300,0.37300,0.37300,0.37300,0.37300,0.37300,0.37300
3592,0.37012,0.37012,0.37012,0.37012,0.37012,0.37012,0.37012,0.37012,0.37012,0.37012,0.37012,0.37012,0.37012,0.37012,0.37012,0.37012,0.37012,0.37012,0.37012,0.37012,0.37012,0.37012,0.37012,0.37012,0.37012,0.37012,0.37012,0.37012,0.37012
3593,0.36726,0.36726,0.36726,0.36726,0.36726,0.36726,0.36726,0.36726,0.36726,0.36726,0.36726,0.36726,0.36726,0.36726,0.36726,0.36726,0.36726,0.36726,0.36726,0.36726,0.36726,0.36726,0.36726,0.36726,0.36726,0.36726,0.36726,0.36726,0.36726
3594,0.36443,0.36443,0.36443,0.36443,0.36443,0.36443,0.36443,0.36443,0.36443,0.36443,0.36443,0.36443,0.36443,0.36443,0.36443,0.36443,0.36443,0.36443,0.36443,0.36443,0.36443,0.36443,0.36443,0.36443,0.36443,0.36443,0.36443,0.36443,0.36443
3595,0.36163,0.36163,0.36163,0.36163,0.36163,0.36163,0.36163,0.36163,0.36163,0.36163,0.36163,0.36163,0.36163,0.36163,0.36163,0.36163,0.36163,0.36163,0.36163,0.36163,0.36163,0.36163,0.36163,0.36163,0.36163,0.36163,0.36163,0.36163,0.36163
3596,0.35885,0.35885,0.35885,0.35885,0.35885,0.35885,0.35885,0.35885,0.35885,0.35885,0.35885,0.35885,0.35885,0.35885,0.35885,0.35885,0.35885,0.35885,0.35885,0.35885,0.35885,0.35885,0.35885,0.35885,0.35885,0.35885,0.35885,0.35885,0.35885
3597,0.35610,0.35610,0.35610,0.35610,0.35610,0.35610,0.35610,0.35610,0.35610,0.35610,0.35610,0.35610,0.35610,0.35610,0.35610,0.35610,0.35610,0.35610,0.35610,0.35610,0.35610,0.35610,0.35610,0.35610,0.35610,0.35610,0.35610,0.35610,0.35610
3598,0.35338,0.35338,0.35338,0.35338,0.35338,0.35338,0.35338,0.35338,0.35338,0.35338,0.35338,0.35338,0.35338,0.35338,0.35338,0.35338,0.35338,0.35338,0.35338,0.35338,0.35338,0.35338,0.35338,0.35338,0.35338,0.35338,0.35338,0.35338,0.35338
3599,0.35069,0.35069,0.35069,0.35069,0.35069,0.35069,0.35069,0.35069,0.35069,0.35069,0.35069,0.35069,0.35069,0.35069,0.35069,0.35069,0.35069,0.35069,0.35069,0.35069,0.35069,0.35069,0.35069,0.35069,0.35069,0.35069,0.35069,0.35069,0.35069
3600,0.34802,0.34802,0.34802,0.34802,0.34802,0.34802,0.34802,0.34802,0.34802,0.34802,0.34802,0.34802,0.34802,0.34802,0.34802,0.34802,0.34802,0.34802,0.34802,0.34802,0.34802,0.34802,0.34802,0.34802,0.34802,0.34802,0.34802,0.34802,0.34802
3601,0.34540,0.34540,0.34540,0.34540,0.34540,0.34540,0.34540,0.34540,0.34540,0.34540,0.34540,0.34540,0.34540,0.34540,0.34540,0.34540,0.34540,0.34540,0.34540,0.34540,0.34540,0.34540,0.34540,0.34540,0.34540,0.34540,0.34540,0.34540,0.34540
3602,0.34280,0.34280,0.34280,0.34280,0.34280,0.34280,0.34280,0.34280,0.34280,0.34280,0.34280,0.34280,0.34280,0.34280,0.34280,0.34280,0.34280,0.34280,0.34280,0.34280,0.34280,0.34280,0.34280,0.34280,0.34280,0.34280,0.34280,0.34280,0.34280
3603,0.34025,0.34025,0.34025,0.34025,0.34025,0.34025,0.34025,0.34025,0.34025,0.34025,0.34025,0.34025,0.34025,0.34025,0.34025,0.34025,0.34025,0.34025,0.34025,0.34025,0.34025,0.34025,0.34025,0.34025,0.34025,0.34025,0.34025,0.34025,0.34025
3604,0.33773,0.33773,0.33773,0.33773,0.33773,0.33773,0.33773,0.33773,0.33773,0.33773,0.33773,0.33773,0.33773,0.33773,0.33773,0.33773,0.33773,0.33773,0.33773,0.33773,0.33773,0.33773,0.33773,0.33773,0.33773,0.33773,0.33773,0.33773,0.33773
3605,0.33524,0.33524,0.33524,0.33524,0.33524,0.33524,0.33524,0.33524,0.33524,0.33524,0.33524,0.33524,0.33524,0.33524,0.33524,0.33524,0.33524,0.33524,0.33524,0.33524,0.33524,0.33524,0.33524,0.33524,0.33524,0.33524,0.33524,0.33524,0.33524
3606,0.33280,0.33280,0.33280,0.33280,0.33280,0.33280,0.33280,0.33280,0.33280,0.33280,0.33280,0.33280,0.33280,0.33280,0.33280,0.33280,0.33280,0.33280,0.33280,0.33280,0.33280,0.33280,0.33280,0.33280,0.33280,0.33280,0.33280,0.33280,0.33280
3607,0.33040,0.33040,0.33040,0.33040,0.33040,0.33040,0.33040,0.33040,0.33040,0.33040,0.33040,0.33040,0.33040,0.33040,0.33040,0.33040,0.33040,0.33040,0.33040,0.33040,0.33040,0.33040,0.33040,0.33040,0.33040,0.33040,0.33040,0.33040,0.33040
3608,0.32804,0.32804,0.32804,0.32804,0.32804,0.32804,0.32804,0.32804,0.32804,0.32804,0.32804,0.32804,0.32804,0.32804,0.32804,0.32804,0.32804,0.32804,0.32804,0.32804,0.32804,0.32804,0.32804,0.32804,0.32804,0.32804,0.32804,0.32804,0.32804
3609,0.32573,0.32573,0.32573,0.32573,0.32573,0.32573,0.32573,0.32573,0.32573,0.32573,0.32573,0.32573,0.32573,0.32573,0.32573,0.32573,0.32573,0.32573,0.32573,0.32573,0.32573,0.32573,0.32573,0.32573,0.32573,0.32573,0.32573,0.32573,0.32573
3610,0.32346,0.32346,0.32346,0.32346,0.32346,0.32346,0.32346,0.32346,0.32346,0.32346,0.32346,0.32346,0.32346,0.32346,0.32346,0.32346,0.32346,0.32346,0.32346,0.32346,0.32346,0.32346,0.32346,0.32346,0.32346,0.32346,0.32346,0.32346,0.32346
3611,0.32124,0.32124,0.32124,0.32124,0.32124,0.32124,0.32124,0.32124,0.32124,0.32124,0.32124,0.32124,0.32124,0.32124,0.32124,0.32124,0.32124,0.32124,0.32124,0.32124,0.32124,0.32124,0.32124,0.32124,0.32124,0.32124,0.32124,0.32124,0.32124
3612,0.31907,0.31907,0.31907,0.31907,0.31907,0.31907,0.31907,0.31907,0.31907,0.31907,0.31907,0.31907,0.31907,0.31907,0.31907,0.31907,0.31907,0.31907,0.31907,0.31907,0.31907,0.31907,0.31907,0.31907,0.31907,0.31907,0.31907,0.31907,0.31907
3613,0.31696,0.31696,0.31696,0.31696,0.31696,0.31696,0.31696,0.31696,0.31696,0.31696,0.31696,0.31696,0.31696,0.31696,0.31696,0.31696,0.31696,0.31696,0.31696,0.31696,0.31696,0.31696,0.31696,0.31696,0.31696,0.31696,0.31696,0.31696,0.31696
3614,0.31489,0.31489,0.31489,0.31489,0.31489,0.31489,0.31489,0.31489,0.31489,0.31489,0.31489,0.31489,0.31489,0.31489,0.31489,0.31489,0.31489,0.31489,0.31489,0.31489,0.31489,0.31489,0.31489,0.31489,0.31489,0.31489,0.31489,0.31489,0.31489
3615,0.31288,0.31288,0.31288,0.31288,0.31288,0.31288,0.31288,0.31288,0.31288,0.31288,0.31288,0.31288,0.31288,0.31288,0.31288,0.31288,0.31288,0.31288,0.31288,0.31288,0.31288,0.31288,0.31288,0.31288,0.31288,0.31288,0.31288,0.31288,0.31288
3616,0.31092,0.31092,0.31092,0.31092,0.31092,0.31092,0.31092,0.31092,0.31092,0.31092,0.31092,0.31092,0.31092,0.31092,0.31092,0.31092,0.31092,0.31092,0.31092,0.31092,0.31092,0.31092,0.31092,0.31092,0.31092,0.31092,0.31092,0.31092,0.31092
3617,0.30902,0.30902,0.30902,0.30902,0.30902,0.30902,0.30902,0.30902,0.30902,0.30902,0.30902,0.30902,0.30902,0.30902,0.30902,0.30902,0.30902,0.30902,0.30902,0.30902,0.30902,0.30902,0.30902,0.30902,0.30902,0.30902,0.30902,0.30902,0.30902
3618,0.30718,0.30718,0.30718,0.30718,0.30718,0.30718,0.30718,0.30718,0.30718,0.30718,0.30718,0.30718,0.30718,0.30718,0.30718,0.30718,0.30718,0.30718,0.30718,0.30718,0.30718,0.30718,0.30718,0.30718,0.30718,0.30718,0.30718,0.30718,0.30718
3619,0.30540,0.30540,0.30540,0.30540,0.30540,0.30540,0.30540,0.30540,0.30540,0.30540,0.30540,0.30540,0.30540,0.30540,0.30540,0.30540,0.30540,0.30540,0.30540,0.30540,0.30540,0.30540,0.30540,0.30540,0.30540,0.30540,0.30540,0.30540,0.30540
3620,0.30369,0.30369,0.30369,0.30369,0.30369,0.30369,0.30369,0.30369,0.30369,0.30369,0.30369,0.30369,0.30369,0.30369,0.30369,0.30369,0.30369,0.30369,0.30369,0.30369,0.30369,0.30369,0.30369,0.30369,0.30369,0.30369,0.30369,0.30369,0.30369
3621,0.30203,0.30203,0.30203,0.30203,0.30203,0.30203,0.30203,0.30203,0.30203,0.30203,0.30203,0.30203,0.30203,0.30203,0.30203,0.30203,0.30203,0.30203,0.30203,0.30203,0.30203,0.30203,0.30203,0.30203,0.30203,0.30203,0.30203,0.30203,0.30203
3622,0.30045,0.30045,0.30045,0.30045,0.30045,0.30045,0.30045,0.30045,0.30045,0.30045,0.30045,0.30045,0.30045,0.30045,0.30045,0.30045,0.30045,0.30045,0.30045,0.30045,0.30045,0.30045,0.30045,0.30045,0.30045,0.30045,0.30045,0.30045,0.30045
3623,0.29893,0.29893,0.29893,0.29893,0.29893,0.29893,0.29893,0.29893,0.29893,0.29893,0.29893,0.29893,0.29893,0.29893,0.29893,0.29893,0.29893,0.29893,0.29893,0.29893,0.29893,0.29893,0.29893,0.29893,0.29893,0.29893,0.29893,0.29893,0.29893
3624,0.29748,0.29748,0.29748,0.29748,0.29748,0.29748,0.29748,0.29748,0.29748,0.29748,0.29748,0.29748,0.29748,0.29748,0.29748,0.29748,0.29748,0.29748,0.29748,0.29748,0.29748,0.29748,0.29748,0.29748,0.29748,0.29748,0.29748,0.29748,0.29748
3625,0.29609,0.29609,0.29609,0.29609,0.29609,0.29609,0.29609,0.29609,0.29609,0.29609,0.29609,0.29609,0.29609,0.29609,0.29609,0.29609,0.29609,0.29609,0.29609,0.29609,0.29609,0.29609,0.29609,0.29609,0.29609,0.29609,0.29609,0.29609,0.29609
3626,0.29479,0.29479,0.29479,0.29479,0.29479,0.29479,0.29479,0.29479,0.29479,0.29479,0.29479,0.29479,0.29479,0.29479,0.29479,0.29479,0.29479,0.29479,0.29479,0.29479,0.29479,0.29479,0.29479,0.29479,0.29479,0.29479,0.29479,0.29479,0.29479
3627,0.29355,0.29355,0.29355,0.29355,0.29355,0.29355,0.29355,0.29355,0.29355,0.29355,0.29355,0.29355,0.29355,0.29355,0.29355,0.29355,0.29355,0.29355,0.29355,0.29355,0.29355,0.29355,0.29355,0.29355,0.29355,0.29355,0.29355,0.29355,0.29355
3628,0.29239,0.29239,0.29239,0.29239,0.29239,0.29239,0.29239,0.29239,0.29239,0.29239,0.29239,0.29239,0.29239,0.29239,0.29239,0.29239,0.29239,0.29239,0.29239,0.29239,0.29239,0.29239,0.29239,0.29239,0.29239,0.29239,0.29239,0.29239,0.29239
3629,0.29130,0.29130,0.29130,0.29130,0.29130,0.29130,0.29130,0.29130,0.29130,0.29130,0.29130,0.29130,0.29130,0.29130,0.29130,0.29130,0.29130,0.29130,0.29130,0.29130,0.29130,0.29130,0.29130,0.29130,0.29130,0.29130,0.29130,0.29130,0.29130
3630,0.29029,0.29029,0.29029,0.29029,0.29029,0.29029,0.29029,0.29029,0.29029,0.29029,0.29029,0.29029,0.29029,0.29029,0.29029,0.29029,0.29029,0.29029,0.29029,0.29029,0.29029,0.29029,0.29029,0.29029,0.29029,0.29029,0.29029,0.29029,0.29029
3631,0.28936,0.28936,0.28936,0.28936,0.28936,0.28936,0.28936,0.28936,0.28936,0.28936,0.28936,0.28936,0.28936,0.28936,0.28936,0.28936,0.28936,0.28936,0.28936,0.28936,0.28936,0.28936,0.28936,0.28936,0.28936,0.28936,0.28936,0.28936,0.28936
3632,0.28851,0.28851,0.28851,0.28851,0.28851,0.28851,0.28851,0.28851,0.28851,0.28851,0.28851,0.28851,0.28851,0.28851,0.28851,0.28851,0.28851,0.28851,0.28851,0.28851,0.28851,0.28851,0.28851,0.28851,0.28851,0.28851,0.28851,0.28851,0.28851
3633,0.28773,0.28773,0.28773,0.28773,0.28773,0.28773,0.28773,0.28773,0.28773,0.28773,0.28773,0.28773,0.28773,0.28773,0.28773,0.28773,0.28773,0.28773,0.28773,0.28773,0.28773,0.28773,0.28773,0.28773,0.28773,0.28773,0.28773,0.28773,0.28773
3634,0.28704,0.28704,0.28704,0.28704,0.28704,0.28704,0.28704,0.28704,0.28704,0.28704,0.28704,0.28704,0.28704,0.28704,0.28704,0.28704,0.28704,0.28704,0.28704,0.28704,0.28704,0.28704,0.28704,0.28704,0.28704,0.28704,0.28704,0.28704,0.28704
3635,0.28643,0.28643,0.28643,0.28643,0.28643,0.28643,0.28643,0.28643,0.28643,0.28643,0.28643,0.28643,0.28643,0.28643,0.28643,0.28643,0.28643,0.28643,0.28643,0.28643,0.28643,0.28643,0.28643,0.28643,0.28643,0.28643,0.28643,0.28643,0.28643
3636,0.28591,0.28591,0.28591,0.28591,0.28591,0.28591,0.28591,0.28591,0.28591,0.28591,0.28591,0.28591,0.28591,0.28591,0.28591,0.28591,0.28591,0.28591,0.28591,0.28591,0.28591,0.28591,0.28591,0.28591,0.28591,0.28591,0.28591,0.28591,0.28591
3637,0.28546,0.28546,0.28546,0.28546,0.28546,0.28546,0.28546,0.28546,0.28546,0.28546,0.28546,0.28546,0.28546,0.28546,0.28546,0.28546,0.28546,0.28546,0.28546,0.28546,0.28546,0.28546,0.28546,0.28546,0.28546,0.28546,0.28546,0.28546,0.28546
3638,0.28510,0.28510,0.28510,0.28510,0.28510,0.28510,0.28510,0.28510,0.28510,0.28510,0.28510,0.28510,0.28510,0.28510,0.28510,0.28510,0.28510,0.28510,0.28510,0.28510,0.28510,0.28510,0.28510,0.28510,0.28510,0.28510,0.28510,0.28510,0.28510
3639,0.28483,0.28483,0.28483,0.28483,0.28483,0.28483,0.28483,0.28483,0.28483,0.28483,0.28483,0.28483,0.28483,0.28483,0.28483,0.28483,0.28483,0.28483,0.28483,0.28483,0.28483,0.28483,0.28483,0.28483,0.28483,0.28483,0.28483,0.28483,0.28483
3640,0.28464,0.28464,0.28464,0.28464,0.28464,0.28464,0.28464,0.28464,0.28464,0.28464,0.28464,0.28464,0.28464,0.28464,0.28464,0.28464,0.28464,0.28464,0.28464,0.28464,0.28464,0.28464,0.28464,0.28464,0.28464,0.28464,0.28464,0.28464,0.28464
3641,0.28453,0.28453,0.28453,0.28453,0.28453,0.28453,0.28453,0.28453,0.28453,0.28453,0.28453,0.28453,0.28453,0.28453,0.28453,0.28453,0.28453,0.28453,0.28453,0.28453,0.28453,0.28453,0.28453,0.28453,0.28453,0.28453,0.28453,0.28453,0.28453
3642,0.28451,0.28451,0.28451,0.28451,0.28451,0.28451,0.28451,0.28451,0.28451,0.28451,0.28451,0.28451,0.28451,0.28451,0.28451,0.28451,0.28451,0.28451,0.28451,0.28451,0.28451,0.28451,0.28451,0.28451,0.28451,0.28451,0.28451,0.28451,0.28451
3643,0.28457,0.28457,0.28457,0.28457,0.28457,0.28457,0.28457,0.28457,0.28457,0.28457,0.28457,0.28457,0.28457,0.28457,0.28457,0.28457,0.28457,0.28457,0.28457,0.28457,0.28457,0.28457,0.28457,0.28457,0.28457,0.28457,0.28457,0.28457,0.28457
3644,0.28472,0.28472,0.28472,0.28472,0.28472,0.28472,0.28472,0.28472,0.28472,0.28472,0.28472,0.28472,0.28472,0.28472,0.28472,0.28472,0.28472,0.28472,0.28472,0.28472,0.28472,0.28472,0.28472,0.28472,0.28472,0.28472,0.28472,0.28472,0.28472
3645,0.28496,0.28496,0.28496,0.28496,0.28496,0.28496,0.28496,0.28496,0.28496,0.28496,0.28496,0.28496,0.28496,0.28496,0.28496,0.28496,0.28496,0.28496,0.28496,0.28496,0.28496,0.28496,0.28496,0.28496,0.28496,0.28496,0.28496,0.28496,0.28496
3646,0.28527,0.28527,0.28527,0.28527,0.28527,0.28527,0.28527,0.28527,0.28527,0.28527,0.28527,0.28527,0.28527,0.28527,0.28527,0.28527,0.28527,0.28527,0.28527,0.28527,0.28527,0.28527,0.28527,0.28527,0.28527,0.28527,0.28527,0.28527,0.28527
3647,0.28567,0.28567,0.28567,0.28567,0.28567,0.28567,0.28567,0.28567,0.28567,0.28567,0.28567,0.28567,0.28567,0.28567,0.28567,0.28567,0.28567,0.28567,0.28567,0.28567,0.28567,0.28567,0.28567,0.28567,0.28567,0.28567,0.28567,0.28567,0.28567
3648,0.28616,0.28616,0.28616,0.28616,0.28616,0.28616,0.28616,0.28616,0.28616,0.28616,0.28616,0.28616,0.28616,0.28616,0.28616,0.28616,0.28616,0.28616,0.28616,0.28616,0.28616,0.28616,0.28616,0.28616,0.28616,0.28616,0.28616,0.28616,0.28616
3649,0.28673,0.28673,0.28673,0.28673,0.28673,0.28673,0.28673,0.28673,0.28673,0.28673,0.28673,0.28673,0.28673,0.28673,0.28673,0.28673,0.28673,0.28673,0.28673,0.28673,0.28673,0.28673,0.28673,0.28673,0.28673,0.28673,0.28673,0.28673,0.28673
3650,0.28738,0.28738,0.28738,0.28738,0.28738,0.28738,0.28738,0.28738,0.28738,0.28738,0.28738,0.28738,0.28738,0.28738,0.28738,0.28738,0.28738,0.28738,0.28738,0.28738,0.28738,0.28738,0.28738,0.28738,0.28738,0.28738,0.28738,0.28738,0.28738
3651,0.28811,0.28811,0.28811,0.28811,0.28811,0.28811,0.28811,0.28811,0.28811,0.28811,0.28811,0.28811,0.28811,0.28811,0.28811,0.28811,0.28811,0.28811,0.28811,0.28811,0.28811,0.28811,0.28811,0.28811,0.28811,0.28811,0.28811,0.28811,0.28811
3652,0.28892,0.28892,0.28892,0.28892,0.28892,0.28892,0.28892,0.28892,0.28892,0.28892,0.28892,0.28892,0.28892,0.28892,0.28892,0.28892,0.28892,0.28892,0.28892,0.28892,0.28892,0.28892,0.28892,0.28892,0.28892,0.28892,0.28892,0.28892,0.28892
3653,0.28982,0.28982,0.28982,0.28982,0.28982,0.28982,0.28982,0.28982,0.28982,0.28982,0.28982,0.28982,0.28982,0.28982,0.28982,0.28982,0.28982,0.28982,0.28982,0.28982,0.28982,0.28982,0.28982,0.28982,0.28982,0.28982,0.28982,0.28982,0.28982
3654,0.29079,0.29079,0.29079,0.29079,0.29079,0.29079,0.29079,0.29079,0.29079,0.29079,0.29079,0.29079,0.29079,0.29079,0.29079,0.29079,0.29079,0.29079,0.29079,0.29079,0.29079,0.29079,0.29079,0.29079,0.29079,0.29079,0.29079,0.29079,0.29079
3655,0.29183,0.29183,0.29183,0.29183,0.29183,0.29183,0.29183,0.29183,0.29183,0.29183,0.29183,0.29183,0.29183,0.29183,0.29183,0.29183,0.29183,0.29183,0.29183,0.29183,0.29183,0.29183,0.29183,0.29183,0.29183,0.29183,0.29183,0.29183,0.29183
3656,0.29296,0.29296,0.29296,0.29296,0.29296,0.29296,0.29296,0.29296,0.29296,0.29296,0.29296,0.29296,0.29296,0.29296,0.29296,0.29296,0.29296,0.29296,0.29296,0.29296,0.29296,0.29296,0.29296,0.29296,0.29296,0.29296,0.29296,0.29296,0.29296
3657,0.29416,0.29416,0.29416,0.29416,0.29416,0.29416,0.29416,0.29416,0.29416,0.29416,0.29416,0.29416,0.29416,0.29416,0.29416,0.29416,0.29416,0.29416,0.29416,0.29416,0.29416,0.29416,0.29416,0.29416,0.29416,0.29416,0.29416,0.29416,0.29416
3658,0.29543,0.29543,0.29543,0.29543,0.29543,0.29543,0.29543,0.29543,0.29543,0.29543,0.29543,0.29543,0.29543,0.29543,0.29543,0.29543,0.29543,0.29543,0.29543,0.29543,0.29543,0.29543,0.29543,0.29543,0.29543,0.29543,0.29543,0.29543,0.29543
3659,0.29678,0.29678,0.29678,0.29678,0.29678,0.29678,0.29678,0.29678,0.29678,0.29678,0.29678,0.29678,0.29678,0.29678,0.29678,0.29678,0.29678,0.29678,0.29678,0.29678,0.29678,0.29678,0.29678,0.29678,0.29678,0.29678,0.29678,0.29678,0.29678
3660,0.29819,0.29819,0.29819,0.29819,0.29819,0.29819,0.29819,0.29819,0.29819,0.29819,0.29819,0.29819,0.29819,0.29819,0.29819,0.29819,0.29819,0.29819,0.29819,0.29819,0.29819,0.29819,0.29819,0.29819,0.29819,0.29819,0.29819,0.29819,0.29819
3661,0.29968,0.29968,0.29968,0.29968,0.29968,0.29968,0.29968,0.29968,0.29968,0.29968,0.29968,0.29968,0.29968,0.29968,0.29968,0.29968,0.29968,0.29968,0.29968,0.29968,0.29968,0.29968,0.29968,0.29968,0.29968,0.29968,0.29968,0.29968,0.29968
3662,0.30123,0.30123,0.30123,0.30123,0.30123,0.30123,0.30123,0.30123,0.30123,0.30123,0.30123,0.30123,0.30123,0.30123,0.30123,0.30123,0.30123,0.30123,0.30123,0.30123,0.30123,0.30123,0.30123,0.30123,0.30123,0.30123,0.30123,0.30123,0.30123
3663,0.30285,0.30285,0.30285,0.30285,0.30285,0.30285,0.30285,0.30285,0.30285,0.30285,0.30285,0.30285,0.30285,0.30285,0.30285,0.30285,0.30285,0.30285,0.30285,0.30285,0.30285,0.30285,0.30285,0.30285,0.30285,0.30285,0.30285,0.30285,0.30285
3664,0.30454,0.30454,0.30454,0.30454,0.30454,0.30454,0.30454,0.30454,0.30454,0.30454,0.30454,0.30454,0.30454,0.30454,0.30454,0.30454,0.30454,0.30454,0.30454,0.30454,0.30454,0.30454,0.30454,0.30454,0.30454,0.30454,0.30454,0.30454,0.30454
3665,0.30628,0.30628,0.30628,0.30628,0.30628,0.30628,0.30628,0.30628,0.30628,0.30628,0.30628,0.30628,0.30628,0.30628,0.30628,0.30628,0.30628,0.30628,0.30628,0.30628,0.30628,0.30628,0.30628,0.30628,0.30628,0.30628,0.30628,0.30628,0.30628
3666,0.30809,0.30809,0.30809,0.30809,0.30809,0.30809,0.30809,0.30809,0.30809,0.30809,0.30809,0.30809,0.30809,0.30809,0.30809,0.30809,0.30809,0.30809,0.30809,0.30809,0.30809,0.30809,0.30809,0.30809,0.30809,0.30809,0.30809,0.30809,0.30809
3667,0.30996,0.30996,0.30996,0.30996,0.30996,0.30996,0.30996,0.30996,0.30996,0.30996,0.30996,0.30996,0.30996,0.30996,0.30996,0.30996,0.30996,0.30996,0.30996,0.30996,0.30996,0.30996,0.30996,0.30996,0.30996,0.30996,0.30996,0.30996,0.30996
3668,0.31189,0.31189,0.31189,0.31189,0.31189,0.31189,0.31189,0.31189,0.31189,0.31189,0.31189,0.31189,0.31189,0.31189,0.31189,0.31189,0.31189,0.31189,0.31189,0.31189,0.31189,0.31189,0.31189,0.31189,0.31189,0.31189,0.31189,0.31189,0.31189
3669,0.31388,0.31388,0.31388,0.31388,0.31388,0.31388,0.31388,0.31388,0.31388,0.31388,0.31388,0.31388,0.31388,0.31388,0.31388,0.31388,0.31388,0.31388,0.31388,0.31388,0.31388,0.31388,0.31388,0.31388,0.31388,0.31388,0.31388,0.31388,0.31388
3670,0.31592,0.31592,0.31592,0.31592,0.31592,0.31592,0.31592,0.31592,0.31592,0.31592,0.31592,0.31592,0.31592,0.31592,0.31592,0.31592,0.31592,0.31592,0.31592,0.31592,0.31592,0.31592,0.31592,0.31592,0.31592,0.31592,0.31592,0.31592,0.31592
3671,0.31801,0.31801,0.31801,0.31801,0.31801,0.31801,0.31801,0.31801,0.31801,0.31801,0.31801,0.31801,0.31801,0.31801,0.31801,0.31801,0.31801,0.31801,0.31801,0.31801,0.31801,0.31801,0.31801,0.31801,0.31801,0.31801,0.31801,0.31801,0.31801
3672,0.32015,0.32015,0.32015,0.32015,0.32015,0.32015,0.32015,0.32015,0.32015,0.32015,0.32015,0.32015,0.32015,0.32015,0.32015,0.32015,0.32015,0.32015,0.32015,0.32015,0.32015,0.32015,0.32015,0.32015,0.32015,0.32015,0.32015,0.32015,0.32015
3673,0.32235,0.32235,0.32235,0.32235,0.32235,0.32235,0.32235,0.32235,0.32235,0.32235,0.32235,0.32235,0.32235,0.32235,0.32235,0.32235,0.32235,0.32235,0.32235,0.32235,0.32235,0.32235,0.32235,0.32235,0.32235,0.32235,0.32235,0.32235,0.32235
3674,0.32459,0.32459,0.32459,0.32459,0.32459,0.32459,0.32459,0.32459,0.32459,0.32459,0.32459,0.32459,0.32459,0.32459,0.32459,0.32459,0.32459,0.32459,0.32459,0.32459,0.32459,0.32459,0.32459,0.32459,0.32459,0.32459,0.32459,0.32459,0.32459
3675,0.32688,0.32688,0.32688,0.32688,0.32688,0.32688,0.32688,0.32688,0.32688,0.32688,0.32688,0.32688,0.32688,0.32688,0.32688,0.32688,0.32688,0.32688,0.32688,0.32688,0.32688,0.32688,0.32688,0.32688,0.32688,0.32688,0.32688,0.32688,0.32688
3676,0.32922,0.32922,0.32922,0.32922,0.32922,0.32922,0.32922,0.32922,0.32922,0.32922,0.32922,0.32922,0.32922,0.32922,0.32922,0.32922,0.32922,0.32922,0.32922,0.32922,0.32922,0.32922,0.32922,0.32922,0.32922,0.32922,0.32922,0.32922,0.32922
3677,0.33160,0.33160,0.33160,0.33160,0.33160,0.33160,0.33160,0.33160,0.33160,0.33160,0.33160,0.33160,0.33160,0.33160,0.33160,0.33160,0.33160,0.33160,0.33160,0.33160,0.33160,0.33160,0.33160,0.33160,0.33160,0.33160,0.33160,0.33160,0.33160
3678,0.33402,0.33402,0.33402,0.33402,0.33402,0.33402,0.33402,0.33402,0.33402,0.33402,0.33402,0.33402,0.33402,0.33402,0.33402,0.33402,0.33402,0.33402,0.33402,0.33402,0.33402,0.33402,0.33402,0.33402,0.33402,0.33402,0.33402,0.33402,0.33402
3679,0.33648,0.33648,0.33648,0.33648,0.33648,0.33648,0.33648,0.33648,0.33648,0.33648,0.33648,0.33648,0.33648,0.33648,0.33648,0.33648,0.33648,0.33648,0.33648,0.33648,0.33648,0.33648,0.33648,0.33648,0.33648,0.33648,0.33648,0.33648,0.33648
3680,0.33898,0.33898,0.33898,0.33898,0.33898,0.33898,0.33898,0.33898,0.33898,0.33898,0.33898,0.33898,0.33898,0.33898,0.33898,0.33898,0.33898,0.33898,0.33898,0.33898,0.33898,0.33898,0.33898,0.33898,0.33898,0.33898,0.33898,0.33898,0.33898
3681,0.34152,0.34152,0.34152,0.34152,0.34152,0.34152,0.34152,0.34152,0.34152,0.34152,0.34152,0.34152,0.34152,0.34152,0.34152,0.34152,0.34152,0.34152,0.34152,0.34152,0.34152,0.34152,0.34152,0.34152,0.34152,0.34152,0.34152,0.34152,0.34152
3682,0.34410,0.34410,0.34410,0.34410,0.34410,0.34410,0.34410,0.34410,0.34410,0.34410,0.34410,0.34410,0.34410,0.34410,0.34410,0.34410,0.34410,0.34410,0.34410,0.34410,0.34410,0.34410,0.34410,0.34410,0.34410,0.34410,0.34410,0.34410,0.34410
3683,0.34671,0.34671,0.34671,0.34671,0.34671,0.34671,0.34671,0.34671,0.34671,0.34671,0.34671,0.34671,0.34671,0.34671,0.34671,0.34671,0.34671,0.34671,0.34671,0.34671,0.34671,0.34671,0.34671,0.34671,0.34671,0.34671,0.34671,0.34671,0.34671
3684,0.34935,0.34935,0.34935,0.34935,0.34935,0.34935,0.34935,0.34935,0.34935,0.34935,0.34935,0.34935,0.34935,0.34935,0.34935,0.34935,0.34935,0.34935,0.34935,0.34935,0.34935,0.34935,0.34935,0.34935,0.34935,0.34935,0.34935,0.34935,0.34935
3685,0.35203,0.35203,0.35203,0.35203,0.35203,0.35203,0.35203,0.35203,0.35203,0.35203,0.35203,0.35203,0.35203,0.35203,0.35203,0.35203,0.35203,0.35203,0.35203,0.35203,0.35203,0.35203,0.35203,0.35203,0.35203,0.35203,0.35203,0.35203,0.35203
3686,0.35473,0.35473,0.35473,0.35473,0.35473,0.35473,0.35473,0.35473,0.35473,0.35473,0.35473,0.35473,0.35473,0.35473,0.35473,0.35473,0.35473,0.35473,0.35473,0.35473,0.35473,0.35473,0.35473,0.35473,0.35473,0.35473,0.35473,0.35473,0.35473
3687,0.35747,0.35747,0.35747,0.35747,0.35747,0.35747,0.35747,0.35747,0.35747,0.35747,0.35747,0.35747,0.35747,0.35747,0.35747,0.35747,0.35747,0.35747,0.35747,0.35747,0.35747,0.35747,0.35747,0.35747,0.35747,0.35747,0.35747,0.35747,0.35747
3688,0.36024,0.36024,0.36024,0.36024,0.36024,0.36024,0.36024,0.36024,0.36024,0.36024,0.36024,0.36024,0.36024,0.36024,0.36024,0.36024,0.36024,0.36024,0.36024,0.36024,0.36024,0.36024,0.36024,0.36024,0.36024,0.36024,0.36024,0.36024,0.36024
3689,0.36303,0.36303,0.36303,0.36303,0.36303,0.36303,0.36303,0.36303,0.36303,0.36303,0.36303,0.36303,0.36303,0.36303,0.36303,0.36303,0.36303,0.36303,0.36303,0.36303,0.36303,0.36303,0.36303,0.36303,0.36303,0.36303,0.36303,0.36303,0.36303
3690,0.36585,0.36585,0.36585,0.36585,0.36585,0.36585,0.36585,0.36585,0.36585,0.36585,0.36585,0.36585,0.36585,0.36585,0.36585,0.36585,0.36585,0.36585,0.36585,0.36585,0.36585,0.36585,0.36585,0.36585,0.36585,0.36585,0.36585,0.36585,0.36585
3691,0.36869,0.36869,0.36869,0.36869,0.36869,0.36869,0.36869,0.36869,0.36869,0.36869,0.36869,0.36869,0.36869,0.36869,0.36869,0.36869,0.36869,0.36869,0.36869,0.36869,0.36869,0.36869,0.36869,0.36869,0.36869,0.36869,0.36869,0.36869,0.36869
3692,0.37156,0.37156,0.37156,0.37156,0.37156,0.37156,0.37156,0.37156,0.37156,0.37156,0.37156,0.37156,0.37156,0.37156,0.37156,0.37156,0.37156,0.37156,0.37156,0.37156,0.37156,0.37156,0.37156,0.37156,0.37156,0.37156,0.37156,0.37156,0.37156
3693,0.37445,0.37445,0.37445,0.37445,0.37445,0.37445,0.37445,0.37445,0.37445,0.37445,0.37445,0.37445,0.37445,0.37445,0.37445,0.37445,0.37445,0.37445,0.37445,0.37445,0.37445,0.37445,0.37445,0.37445,0.37445,0.37445,0.37445,0.37445,0.37445
3694,0.37736,0.37736,0.37736,0.37736,0.37736,0.37736,0.37736,0.37736,0.37736,0.37736,0.37736,0.37736,0.37736,0.37736,0.37736,0.37736,0.37736,0.37736,0.37736,0.37736,0.37736,0.37736,0.37736,0.37736,0.37736,0.37736,0.37736,0.37736,0.37736
3695,0.38029,0.38029,0.38029,0.38029,0.38029,0.38029,0.38029,0.38029,0.38029,0.38029,0.38029,0.38029,0.38029,0.38029,0.38029,0.38029,0.38029,0.38029,0.38029,0.38029,0.38029,0.38029,0.38029,0.38029,0.38029,0.38029,0.38029,0.38029,0.38029
3696,0.38324,0.38324,0.38324,0.38324,0.38324,0.38324,0.38324,0.38324,0.38324,0.38324,0.38324,0.38324,0.38324,0.38324,0.38324,0.38324,0.38324,0.38324,0.38324,0.38324,0.38324,0.38324,0.38324,0.38324,0.38324,0.38324,0.38324,0.38324,0.38324
3697,0.38621,0.38621,0.38621,0.38621,0.38621,0.38621,0.38621,0.38621,0.38621,0.38621,0.38621,0.38621,0.38621,0.38621,0.38621,0.38621,0.38621,0.38621,0.38621,0.38621,0.38621,0.38621,0.38621,0.38621,0.38621,0.38621,0.38621,0.38621,0.38621
3698,0.38920,0.38920,0.38920,0.38920,0.38920,0.38920,0.38920,0.38920,0.38920,0.38920,0.38920,0.38920,0.38920,0.38920,0.38920,0.38920,0.38920,0.38920,0.38920,0.38920,0.38920,0.38920,0.38920,0.38920,0.38920,0.38920,0.38920,0.38920,0.38920
3699,0.39221,0.39221,0.39221,0.39221,0.39221,0.39221,0.39221,0.39221,0.39221,0.39221,0.39221,0.39221,0.39221,0.39221,0.39221,0.39221,0.39221,0.39221,0.39221,0.39221,0.39221,0.39221,0.39221,0.39221,0.39221,0.39221,0.39221,0.39221,0.39221
3700,0.39523,0.39523,0.39523,0.39523,0.39523,0.39523,0.39523,0.39523,0.39523,0.39523,0.39523,0.39523,0.39523,0.39523,0.39523,0.39523,0.39523,0.39523,0.39523,0.39523,0.39523,0.39523,0.39523,0.39523,0.39523,0.39523,0.39523,0.39523,0.39523
3701,0.39826,0.39826,0.39826,0.39826,0.39826,0.39826,0.39826,0.39826,0.39826,0.39826,0.39826,0.39826,0.39826,0.39826,0.39826,0.39826,0.39826,0.39826,0.39826,0.39826,0.39826,0.39826,0.39826,0.39826,0.39826,0.39826,0.39826,0.39826,0.39826
3702,0.40132,0.40132,0.40132,0.40132,0.40132,0.40132,0.40132,0.40132,0.40132,0.40132,0.40132,0.40132,0.40132,0.40132,0.40132,0.40132,0.40132,0.40132,0.40132,0.40132,0.40132,0.40132,0.40132,0.40132,0.40132,0.40132,0.40132,0.40132,0.40132
3703,0.40438,0.40438,0.40438,0.40438,0.40438,0.40438,0.40438,0.40438,0.40438,0.40438,0.40438,0.40438,0.40438,0.40438,0.40438,0.40438,0.40438,0.40438,0.40438,0.40438,0.40438,0.40438,0.40438,0.40438,0.40438,0.40438,0.40438,0.40438,0.40438
3704,0.40746,0.40746,0.40746,0.40746,0.40746,0.40746,0.40746,0.40746,0.40746,0.40746,0.40746,0.40746,0.40746,0.40746,0.40746,0.40746,0.40746,0.40746,0.40746,0.40746,0.40746,0.40746,0.40746,0.40746,0.40746,0.40746,0.40746,0.40746,0.40746
3705,0.41055,0.41055,0.41055,0.41055,0.41055,0.41055,0.41055,0.41055,0.41055,0.41055,0.41055,0.41055,0.41055,0.41055,0.41055,0.41055,0.41055,0.41055,0.41055,0.41055,0.41055,0.41055,0.41055,0.41055,0.41055,0.41055,0.41055,0.41055,0.41055
3706,0.41365,0.41365,0.41365,0.41365,0.41365,0.41365,0.41365,0.41365,0.41365,0.41365,0.41365,0.41365,0.41365,0.41365,0.41365,0.41365,0.41365,0.41365,0.41365,0.41365,0.41365,0.41365,0.41365,0.41365,0.41365,0.41365,0.41365,0.41365,0.41365
3707,0.41677,0.41677,0.41677,0.41677,0.41677,0.41677,0.41677,0.41677,0.41677,0.41677,0.41677,0.41677,0.41677,0.41677,0.41677,0.41677,0.41677,0.41677,0.41677,0.41677,0.41677,0.41677,0.41677,0.41677,0.41677,0.41677,0.41677,0.41677,0.41677
3708,0.41989,0.41989,0.41989,0.41989,0.41989,0.41989,0.41989,0.41989,0.41989,0.41989,0.41989,0.41989,0.41989,0.41989,0.41989,0.41989,0.41989,0.41989,0.41989,0.41989,0.41989,0.41989,0.41989,0.41989,0.41989,0.41989,0.41989,0.41989,0.41989
3709,0.42303,0.42303,0.42303,0.42303,0.42303,0.42303,0.42303,0.42303,0.42303,0.42303,0.42303,0.42303,0.42303,0.42303,0.42303,0.42303,0.42303,0.42303,0.42303,0.42303,0.42303,0.42303,0.42303,0.42303,0.42303,0.42303,0.42303,0.42303,0.42303
3710,0.42617,0.42617,0.42617,0.42617,0.42617,0.42617,0.42617,0.42617,0.42617,0.42617,0.42617,0.42617,0.42617,0.42617,0.42617,0.42617,0.42617,0.42617,0.42617,0.42617,0.42617,0.42617,0.42617,0.42617,0.42617,0.42617,0.42617,0.42617,0.42617
3711,0.42932,0.42932,0.42932,0.42932,0.42932,0.42932,0.42932,0.42932,0.42932,0.42932,0.42932,0.42932,0.42932,0.42932,0.42932,0.42932,0.42932,0.42932,0.42932,0.42932,0.42932,0.42932,0.42932,0.42932,0.42932,0.42932,0.42932,0.42932,0.42932
3712,0.43248,0.43248,0.43248,0.43248,0.43248,0.43248,0.43248,0.43248,0.43248,0.43248,0.43248,0.43248,0.43248,0.43248,0.43248,0.43248,0.43248,0.43248,0.43248,0.43248,0.43248,0.43248,0.43248,0.43248,0.43248,0.43248,0.43248,0.43248,0.43248
3713,0.43565,0.43565,0.43565,0.43565,0.43565,0.43565,0.43565,0.43565,0.43565,0.43565,0.43565,0.43565,0.43565,0.43565,0.43565,0.43565,0.43565,0.43565,0.43565,0.43565,0.43565,0.43565,0.43565,0.43565,0.43565,0.43565,0.43565,0.43565,0.43565
3714,0.43883,0.43883,0.43883,0.43883,0.43883,0.43883,0.43883,0.43883,0.43883,0.43883,0.43883,0.43883,0.43883,0.43883,0.43883,0.43883,0.43883,0.43883,0.43883,0.43883,0.43883,0.43883,0.43883,0.43883,0.43883,0.43883,0.43883,0.43883,0.43883
3715,0.44201,0.44201,0.44201,0.44201,0.44201,0.44201,0.44201,0.44201,0.44201,0.44201,0.44201,0.44201,0.44201,0.44201,0.44201,0.44201,0.44201,0.44201,0.44201,0.44201,0.44201,0.44201,0.44201,0.44201,0.44201,0.44201,0.44201,0.44201,0.44201
3716,0.44520,0.44520,0.44520,0.44520,0.44520,0.44520,0.44520,0.44520,0.44520,0.44520,0.44520,0.44520,0.44520,0.44520,0.44520,0.44520,0.44520,0.44520,0.44520,0.44520,0.44520,0.44520,0.44520,0.44520,0.44520,0.44520,0.44520,0.44520,0.44520
3717,0.44839,0.44839,0.44839,0.44839,0.44839,0.44839,0.44839,0.44839,0.44839,0.44839,0.44839,0.44839,0.44839,0.44839,0.44839,0.44839,0.44839,0.44839,0.44839,0.44839,0.44839,0.44839,0.44839,0.44839,0.44839,0.44839,0.44839,0.44839,0.44839
3718,0.45159,0.45159,0.45159,0.45159,0.45159,0.45159,0.45159,0.45159,0.45159,0.45159,0.45159,0.45159,0.45159,0.45159,0.45159,0.45159,0.45159,0.45159,0.45159,0.45159,0.45159,0.45159,0.45159,0.45159,0.45159,0.45159,0.45159,0.45159,0.45159
3719,0.45480,0.45480,0.45480,0.45480,0.45480,0.45480,0.45480,0.45480,0.45480,0.45480,0.45480,0.45480,0.45480,0.45480,0.45480,0.45480,0.45480,0.45480,0.45480,0.45480,0.45480,0.45480,0.45480,0.45480,0.45480,0.45480,0.45480,0.45480,0.45480
3720,0.45801,0.45801,0.45801,0.45801,0.45801,0.45801,0.45801,0.45801,0.45801,0.45801,0.45801,0.45801,0.45801,0.45801,0.45801,0.45801,0.45801,0.45801,0.45801,0.45801,0.45801,0.45801,0.45801,0.45801,0.45801,0.45801,0.45801,0.45801,0.45801
3721,0.46122,0.46122,0.46122,0.46122,0.46122,0.46122,0.46122,0.46122,0.46122,0.46122,0.46122,0.46122,0.46122,0.46122,0.46122,0.46122,0.46122,0.46122,0.46122,0.46122,0.46122,0.46122,0.46122,0.46122,0.46122,0.46122,0.46122,0.46122,0.46122
3722,0.46444,0.46444,0.46444,0.46444,0.46444,0.46444,0.46444,0.46444,0.46444,0.46444,0.46444,0.46444,0.46444,0.46444,0.46444,0.46444,0.46444,0.46444,0.46444,0.46444,0.46444,0.46444,0.46444,0.46444,0.46444,0.46444,0.46444,0.46444,0.46444
3723,0.46766,0.46766,0.46766,0.46766,0.46766,0.46766,0.46766,0.46766,0.46766,0.46766,0.46766,0.46766,0.46766,0.46766,0.46766,0.46766,0.46766,0.46766,0.46766,0.46766,0.46766,0.46766,0.46766,0.46766,0.46766,0.46766,0.46766,0.46766,0.46766
3724,0.47089,0.47089,0.47089,0.47089,0.47089,0.47089,0.47089,0.47089,0.47089,0.47089,0.47089,0.47089,0.47089,0.47089,0.47089,0.47089,0.47089,0.47089,0.47089,0.47089,0.47089,0.47089,0.47089,0.47089,0.47089,0.47089,0.47089,0.47089,0.47089
3725,0.47412,0.47412,0.47412,0.47412,0.47412,0.47412,0.47412,0.47412,0.47412,0.47412,0.47412,0.47412,0.47412,0.47412,0.47412,0.47412,0.47412,0.47412,0.47412,0.47412,0.47412,0.47412,0.47412,0.47412,0.47412,0.47412,0.47412,0.47412,0.47412
3726,0.47735,0.47735,0.47735,0.47735,0.47735,0.47735,0.47735,0.47735,0.47735,0.47735,0.47735,0.47735,0.47735,0.47735,0.47735,0.47735,0.47735,0.47735,0.47735,0.47735,0.47735,0.47735,0.47735,0.47735,0.47735,0.47735,0.47735,0.47735,0.47735
3727,0.48058,0.48058,0.48058,0.48058,0.48058,0.48058,0.48058,0.48058,0.48058,0.48058,0.48058,0.48058,0.48058,0.48058,0.48058,0.48058,0.48058,0.48058,0.48058,0.48058,0.48058,0.48058,0.48058,0.48058,0.48058,0.48058,0.48058,0.48058,0.48058
3728,0.48381,0.48381,0.48381,0.48381,0.48381,0.48381,0.48381,0.48381,0.48381,0.48381,0.48381,0.48381,0.48381,0.48381,0.48381,0.48381,0.48381,0.48381,0.48381,0.48381,0.48381,0.48381,0.48381,0.48381,0.48381,0.48381,0.48381,0.48381,0.48381
3729,0.48705,0.48705,0.48705,0.48705,0.48705,0.48705,0.48705,0.48705,0.48705,0.48705,0.48705,0.48705,0.48705,0.48705,0.48705,0.48705,0.48705,0.48705,0.48705,0.48705,0.48705,0.48705,0.48705,0.48705,0.48705,0.48705,0.48705,0.48705,0.48705
3730,0.49029,0.49029,0.49029,0.49029,0.49029,0.49029,0.49029,0.49029,0.49029,0.49029,0.49029,0.49029,0.49029,0.49029,0.49029,0.49029,0.49029,0.49029,0.49029,0.49029,0.49029,0.49029,0.49029,0.49029,0.49029,0.49029,0.49029,0.49029,0.49029
3731,0.49352,0.49352,0.49352,0.49352,0.49352,0.49352,0.49352,0.49352,0.49352,0.49352,0.49352,0.49352,0.49352,0.49352,0.49352,0.49352,0.49352,0.49352,0.49352,0.49352,0.49352,0.49352,0.49352,0.49352,0.49352,0.49352,0.49352,0.49352,0.49352
3732,0.49676,0.49676,0.49676,0.49676,0.49676,0.49676,0.49676,0.49676,0.49676,0.49676,0.49676,0.49676,0.49676,0.49676,0.49676,0.49676,0.49676,0.49676,0.49676,0.49676,0.49676,0.49676,0.49676,0.49676,0.49676,0.49676,0.49676,0.49676,0.49676
3733,0.50000,0.50000,0.50000,0.50000,0.50000,0.50000,0.50000,0.50000,0.50000,0.50000,0.50000,0.50000,0.50000,0.50000,0.50000,0.50000,0.50000,0.50000,0.50000,0.50000,0.50000,0.50000,0.50000,0.50000,0.50000,0.50000,0.50000,0.50000,0.50000
3734,0.50324,0.50324,0.50324,0.50324,0.50324,0.50324,0.50324,0.50324,0.50324,0.50324,0.50324,0.50324,0.50324,0.50324,0.50324,0.50324,0.50324,0.50324,0.50324,0.50324,0.50324,0.50324,0.50324,0.50324,0.50324,0.50324,0.50324,0.50324,0.50324
3735,0.50648,0.50648,0.50648,0.50648,0.50648,0.50648,0.50648,0.50648,0.50648,0.50648,0.50648,0.50648,0.50648,0.50648,0.50648,0.50648,0.50648,0.50648,0.50648,0.50648,0.50648,0.50648,0.50648,0.50648,0.50648,0.50648,0.50648,0.50648,0.50648
3736,0.50971,0.50971,0.50971,0.50971,0.50971,0.50971,0.50971,0.50971,0.50971,0.50971,0.50971,0.50971,0.50971,0.50971,0.50971,0.50971,0.50971,0.50971,0.50971,0.50971,0.50971,0.50971,0.50971,0.50971,0.50971,0.50971,0.50971,0.50971,0.50971
3737,0.51295,0.51295,0.51295,0.51295,0.51295,0.51295,0.51295,0.51295,0.51295,0.51295,0.51295,0.51295,0.51295,0.51295,0.51295,0.51295,0.51295,0.51295,0.51295,0.51295,0.51295,0.51295,0.51295,0.51295,0.51295,0.51295,0.51295,0.51295,0.51295
3738,0.51619,0.51619,0.51619,0.51619,0.51619,0.51619,0.51619,0.51619,0.51619,0.51619,0.51619,0.51619,0.51619,0.51619,0.51619,0.51619,0.51619,0.51619,0.51619,0.51619,0.51619,0.51619,0.51619,0.51619,0.51619,0.51619,0.51619,0.51619,0.51619
3739,0.51942,0.51942,0.51942,0.51942,0.51942,0.51942,0.51942,0.51942,0.51942,0.51942,0.51942,0.51942,0.51942,0.51942,0.51942,0.51942,0.51942,0.51942,0.51942,0.51942,0.51942,0.51942,0.51942,0.51942,0.51942,0.51942,0.51942,0.51942,0.51942
3740,0.52265,0.52265,0.52265,0.52265,0.52265,0.52265,0.52265,0.52265,0.52265,0.52265,0.52265,0.52265,0.52265,0.52265,0.52265,0.52265,0.52265,0.52265,0.52265,0.52265,0.52265,0.52265,0.52265,0.52265,0.52265,0.52265,0.52265,0.52265,0.52265
3741,0.52588,0.52588,0.52588,0.52588,0.52588,0.52588,0.52588,0.52588,0.52588,0.52588,0.52588,0.52588,0.52588,0.52588,0.52588,0.52588,0.52588,0.52588,0.52588,0.52588,0.52588,0.52588,0.52588,0.52588,0.52588,0.52588,0.52588,0.52588,0.52588
3742,0.52911,0.52911,0.52911,0.52911,0.52911,0.52911,0.52911,0.52911,0.52911,0.52911,0.52911,0.52911,0.52911,0.52911,0.52911,0.52911,0.52911,0.52911,0.52911,0.52911,0.52911,0.52911,0.52911,0.52911,0.52911,0.52911,0.52911,0.52911,0.52911
3743,0.53234,0.53234,0.53234,0.53234,0.53234,0.53234,0.53234,0.53234,0.53234,0.53234,0.53234,0.53234,0.53234,0.53234,0.53234,0.53234,0.53234,0.53234,0.53234,0.53234,0.53234,0.53234,0.53234,0.53234,0.53234,0.53234,0.53234,0.53234,0.53234
3744,0.53556,0.53556,0.53556,0.53556,0.53556,0.53556,0.53556,0.53556,0.53556,0.53556,0.53556,0.53556,0.53556,0.53556,0.53556,0.53556,0.53556,0.53556,0.53556,0.53556,0.53556,0.53556,0.53556,0.53556,0.53556,0.53556,0.53556,0.53556,0.53556
3745,0.53878,0.53878,0.53878,0.53878,0.53878,0.53878,0.53878,0.53878,0.53878,0.53878,0.53878,0.53878,0.53878,0.53878,0.53878,0.53878,0.53878,0.53878,0.53878,0.53878,0.53878,0.53878,0.53878,0.53878,0.53878,0.53878,0.53878,0.53878,0.53878
3746,0.54199,0.54199,0.54199,0.54199,0.54199,0.54199,0.54199,0.54199,0.54199,0.54199,0.54199,0.54199,0.54199,0.54199,0.54199,0.54199,0.54199,0.54199,0.54199,0.54199,0.54199,0.54199,0.54199,0.54199,0.54199,0.54199,0.54199,0.54199,0.54199
3747,0.54520,0.54520,0.54520,0.54520,0.54520,0.54520,0.54520,0.54520,0.54520,0.54520,0.54520,0.54520,0.54520,0.54520,0.54520,0.54520,0.54520,0.54520,0.54520,0.54520,0.54520,0.54520,0.54520,0.54520,0.54520,0.54520,0.54520,0.54520,0.54520
3748,0.54841,0.54841,0.54841,0.54841,0.54841,0.54841,0.54841,0.54841,0.54841,0.54841,0.54841,0.54841,0.54841,0.54841,0.54841,0.54841,0.54841,0.54841,0.54841,0.54841,0.54841,0.54841,0.54841,0.54841,0.54841,0.54841,0.54841,0.54841,0.54841
3749,0.55161,0.55161,0.55161,0.55161,0.55161,0.55161,0.55161,0.55161,0.55161,0.55161,0.55161,0.55161,0.55161,0.55161,0.55161,0.55161,0.55161,0.55161,0.55161,0.55161,0.55161,0.55161,0.55161,0.55161,0.55161,0.55161,0.55161,0.55161,0.55161
3750,0.55480,0.55480,0.55480,0.55480,0.55480,0.55480,0.55480,0.55480,0.55480,0.55480,0.55480,0.55480,0.55480,0.55480,0.55480,0.55480,0.55480,0.55480,0.55480,0.55480,0.55480,0.55480,0.55480,0.55480,0.55480,0.55480,0.55480,0.55480,0.55480
3751,0.55799,0.55799,0.55799,0.55799,0.55799,0.55799,0.55799,0.55799,0.55799,0.55799,0.55799,0.55799,0.55799,0.55799,0.55799,0.55799,0.55799,0.55799,0.55799,0.55799,0.55799,0.55799,0.55799,0.55799,0.55799,0.55799,0.55799,0.55799,0.55799
3752,0.56117,0.56117,0.56117,0.56117,0.56117,0.56117,0.56117,0.56117,0.56117,0.56117,0.56117,0.56117,0.56117,0.56117,0.56117,0.56117,0.56117,0.56117,0.56117,0.56117,0.56117,0.56117,0.56117,0.56117,0.56117,0.56117,0.56117,0.56117,0.56117
3753,0.56435,0.56435,0.56435,0.56435,0.56435,0.56435,0.56435,0.56435,0.56435,0.56435,0.56435,0.56435,0.56435,0.56435,0.56435,0.56435,0.56435,0.56435,0.56435,0.56435,0.56435,0.56435,0.56435,0.56435,0.56435,0.56435,0.56435,0.56435,0.56435
3754,0.56752,0.56752,0.56752,0.56752,0.56752,0.56752,0.56752,0.56752,0.56752,0.56752,0.56752,0.56752,0.56752,0.56752,0.56752,0.56752,0.56752,0.56752,0.56752,0.56752,0.56752,0.56752,0.56752,0.56752,0.56752,0.56752,0.56752,0.56752,0.56752
3755,0.57068,0.57068,0.57068,0.57068,0.57068,0.57068,0.57068,0.57068,0.57068,0.57068,0.57068,0.57068,0.57068,0.57068,0.57068,0.57068,0.57068,0.57068,0.57068,0.57068,0.57068,0.57068,0.57068,0.57068,0.57068,0.57068,0.57068,0.57068,0.57068
3756,0.57383,0.57383,0.57383,0.57383,0.57383,0.57383,0.57383,0.57383,0.57383,0.57383,0.57383,0.57383,0.57383,0.57383,0.57383,0.57383,0.57383,0.57383,0.57383,0.57383,0.57383,0.57383,0.57383,0.57383,0.57383,0.57383,0.57383,0.57383,0.57383
3757,0.57697,0.57697,0.57697,0.57697,0.57697,0.57697,0.57697,0.57697,0.57697,0.57697,0.57697,0.57697,0.57697,0.57697,0.57697,0.57697,0.57697,0.57697,0.57697,0.57697,0.57697,0.57697,0.57697,0.57697,0.57697,0.57697,0.57697,0.57697,0.57697
3758,0.58011,0.58011,0.58011,0.58011,0.58011,0.58011,0.58011,0.58011,0.58011,0.58011,0.58011,0.58011,0.58011,0.58011,0.58011,0.58011,0.58011,0.58011,0.58011,0.58011,0.58011,0.58011,0.58011,0.58011,0.58011,0.58011,0.58011,0.58011,0.58011
3759,0.58323,0.58323,0.58323,0.58323,0.58323,0.58323,0.58323,0.58323,0.58323,0.58323,0.58323,0.58323,0.58323,0.58323,0.58323,0.58323,0.58323,0.58323,0.58323,0.58323,0.58323,0.58323,0.58323,0.58323,0.58323,0.58323,0.58323,0.58323,0.58323
3760,0.58635,0.58635,0.58635,0.58635,0.58635,0.58635,0.58635,0.58635,0.58635,0.58635,0.58635,0.58635,0.58635,0.58635,0.58635,0.58635,0.58635,0.58635,0.58635,0.58635,0.58635,0.58635,0.58635,0.58635,0.58635,0.58635,0.58635,0.58635,0.58635
3761,0.58945,0.58945,0.58945,0.58945,0.58945,0.58945,0.58945,0.58945,0.58945,0.58945,0.58945,0.58945,0.58945,0.58945,0.58945,0.58945,0.58945,0.58945,0.58945,0.58945,0.58945,0.58945,0.58945,0.58945,0.58945,0.58945,0.58945,0.58945,0.58945
3762,0.59254,0.59254,0.59254,0.59254,0.59254,0.59254,0.59254,0.59254,0.59254,0.59254,0.59254,0.59254,0.59254,0.59254,0.59254,0.59254,0.59254,0.59254,0.59254,0.59254,0.59254,0.59254,0.59254,0.59254,0.59254,0.59254,0.59254,0.59254,0.59254
3763,0.59562,0.59562,0.59562,0.59562,0.59562,0.59562,0.59562,0.59562,0.59562,0.59562,0.59562,0.59562,0.59562,0.59562,0.59562,0.59562,0.59562,0.59562,0.59562,0.59562,0.59562,0.59562,0.59562,0.59562,0.59562,0.59562,0.59562,0.59562,0.59562
3764,0.59868,0.59868,0.59868,0.59868,0.59868,0.59868,0.59868,0.59868,0.59868,0.59868,0.59868,0.59868,0.59868,0.59868,0.59868,0.59868,0.59868,0.59868,0.59868,0.59868,0.59868,0.59868,0.59868,0.59868,0.59868,0.59868,0.59868,0.59868,0.59868
3765,0.60174,0.60174,0.60174,0.60174,0.60174,0.60174,0.60174,0.60174,0.60174,0.60174,0.60174,0.60174,0.60174,0.60174,0.60174,0.60174,0.60174,0.60174,0.60174,0.60174,0.60174,0.60174,0.60174,0.60174,0.60174,0.60174,0.60174,0.60174,0.60174
3766,0.60477,0.60477,0.60477,0.60477,0.60477,0.60477,0.60477,0.60477,0.60477,0.60477,0.60477,0.60477,0.60477,0.60477,0.60477,0.60477,0.60477,0.60477,0.60477,0.60477,0.60477,0.60477,0.60477,0.60477,0.60477,0.60477,0.60477,0.60477,0.60477
3767,0.60779,0.60779,0.60779,0.60779,0.60779,0.60779,0.60779,0.60779,0.60779,0.60779,0.60779,0.60779,0.60779,0.60779,0.60779,0.60779,0.60779,0.60779,0.60779,0.60779,0.60779,0.60779,0.60779,0.60779,0.60779,0.60779,0.60779,0.60779,0.60779
3768,0.61080,0.61080,0.61080,0.61080,0.61080,0.61080,0.61080,0.61080,0.61080,0.61080,0.61080,0.61080,0.61080,0.61080,0.61080,0.61080,0.61080,0.61080,0.61080,0.61080,0.61080,0.61080,0.61080,0.61080,0.61080,0.61080,0.61080,0.61080,0.61080
3769,0.61379,0.61379,0.61379,0.61379,0.61379,0.61379,0.61379,0.61379,0.61379,0.61379,0.61379,0.61379,0.61379,0.61379,0.61379,0.61379,0.61379,0.61379,0.61379,0.61379,0.61379,0.61379,0.61379,0.61379,0.61379,0.61379,0.61379,0.61379,0.61379
3770,0.61676,0.61676,0.61676,0.61676,0.61676,0.61676,0.61676,0.61676,0.61676,0.61676,0.61676,0.61676,0.61676,0.61676,0.61676,0.61676,0.61676,0.61676,0.61676,0.61676,0.61676,0.61676,0.61676,0.61676,0.61676,0.61676,0.61676,0.61676,0.61676
3771,0.61971,0.61971,0.61971,0.61971,0.61971,0.61971,0.61971,0.61971,0.61971,0.61971,0.61971,0.61971,0.61971,0.61971,0.61971,0.61971,0.61971,0.61971,0.61971,0.61971,0.61971,0.61971,0.61971,0.61971,0.61971,0.61971,0.61971,0.61971,0.61971
3772,0.62264,0.62264,0.62264,0.62264,0.62264,0.62264,0.62264,0.62264,0.62264,0.62264,0.62264,0.62264,0.62264,0.62264,0.62264,0.62264,0.62264,0.62264,0.62264,0.62264,0.62264,0.62264,0.62264,0.62264,0.62264,0.62264,0.62264,0.62264,0.62264
3773,0.62555,0.62555,0.62555,0.62555,0.62555,0.62555,0.62555,0.62555,0.62555,0.62555,0.62555,0.62555,0.62555,0.62555,0.62555,0.62555,0.62555,0.62555,0.62555,0.62555,0.62555,0.62555,0.62555,0.62555,0.62555,0.62555,0.62555,0.62555,0.62555
3774,0.62844,0.62844,0.62844,0.62844,0.62844,0.62844,0.62844,0.62844,0.62844,0.62844,0.62844,0.62844,0.62844,0.62844,0.62844,0.62844,0.62844,0.62844,0.62844,0.62844,0.62844,0.62844,0.62844,0.62844,0.62844,0.62844,0.62844,0.62844,0.62844
3775,0.63131,0.63131,0.63131,0.63131,0.63131,0.63131,0.63131,0.63131,0.63131,0.63131,0.63131,0.63131,0.63131,0.63131,0.63131,0.63131,0.63131,0.63131,0.63131,0.63131,0.63131,0.63131,0.63131,0.63131,0.63131,0.63131,0.63131,0.63131,0.63131
3776,0.63415,0.63415,0.63415,0.63415,0.63415,0.63415,0.63415,0.63415,0.63415,0.63415,0.63415,0.63415,0.63415,0.63415,0.63415,0.63415,0.63415,0.63415,0.63415,0.63415,0.63415,0.63415,0.63415,0.63415,0.63415,0.63415,0.63415,0.63415,0.63415
3777,0.63697,0.63697,0.63697,0.63697,0.63697,0.63697,0.63697,0.63697,0.63697,0.63697,0.63697,0.63697,0.63697,0.63697,0.63697,0.63697,0.63697,0.63697,0.63697,0.63697,0.63697,0.63697,0.63697,0.63697,0.63697,0.63697,0.63697,0.63697,0.63697
3778,0.63976,0.63976,0.63976,0.63976,0.63976,0.63976,0.63976,0.63976,0.63976,0.63976,0.63976,0.63976,0.63976,0.63976,0.63976,0.63976,0.63976,0.63976,0.63976,0.63976,0.63976,0.63976,0.63976,0.63976,0.63976,0.63976,0.63976,0.63976,0.63976
3779,0.64253,0.64253,0.64253,0.64253,0.64253,0.64253,0.64253,0.64253,0.64253,0.64253,0.64253,0.64253,0.64253,0.64253,0.64253,0.64253,0.64253,0.64253,0.64253,0.64253,0.64253,0.64253,0.64253,0.64253,0.64253,0.64253,0.64253,0.64253,0.64253
3780,0.64527,0.64527,0.64527,0.64527,0.64527,0.64527,0.64527,0.64527,0.64527,0.64527,0.64527,0.64527,0.64527,0.64527,0.64527,0.64527,0.64527,0.64527,0.64527,0.64527,0.64527,0.64527,0.64527,0.64527,0.64527,0.64527,0.64527,0.64527,0.64527
3781,0.64797,0.64797,0.64797,0.64797,0.64797,0.64797,0.64797,0.64797,0.64797,0.64797,0.64797,0.64797,0.64797,0.64797,0.64797,0.64797,0.64797,0.64797,0.64797,0.64797,0.64797,0.64797,0.64797,0.64797,0.64797,0.64797,0.64797,0.64797,0.64797
3782,0.65065,0.65065,0.65065,0.65065,0.65065,0.65065,0.65065,0.65065,0.65065,0.65065,0.65065,0.65065,0.65065,0.65065,0.65065,0.65065,0.65065,0.65065,0.65065,0.65065,0.65065,0.65065,0.65065,0.65065,0.65065,0.65065,0.65065,0.65065,0.65065
3783,0.65329,0.65329,0.65329,0.65329,0.65329,0.65329,0.65329,0.65329,0.65329,0.65329,0.65329,0.65329,0.65329,0.65329,0.65329,0.65329,0.65329,0.65329,0.65329,0.65329,0.65329,0.65329,0.65329,0.65329,0.65329,0.65329,0.65329,0.65329,0.65329
3784,0.65590,0.65590,0.65590,0.65590,0.65590,0.65590,0.65590,0.65590,0.65590,0.65590,0.65590,0.65590,0.65590,0.65590,0.65590,0.65590,0.65590,0.65590,0.65590,0.65590,0.65590,0.65590,0.65590,0.65590,0.65590,0.65590,0.65590,0.65590,0.65590
3785,0.65848,0.65848,0.65848,0.65848,0.65848,0.65848,0.65848,0.65848,0.65848,0.65848,0.65848,0.65848,0.65848,0.65848,0.65848,0.65848,0.65848,0.65848,0.65848,0.65848,0.65848,0.65848,0.65848,0.65848,0.65848,0.65848,0.65848,0.65848,0.65848
3786,0.66102,0.66102,0.66102,0.66102,0.66102,0.66102,0.66102,0.66102,0.66102,0.66102,0.66102,0.66102,0.66102,0.66102,0.66102,0.66102,0.66102,0.66102,0.66102,0.66102,0.66102,0.66102,0.66102,0.66102,0.66102,0.66102,0.66102,0.66102,0.66102
3787,0.66352,0.66352,0.66352,0.66352,0.66352,0.66352,0.66352,0.66352,0.66352,0.66352,0.66352,0.66352,0.66352,0.66352,0.66352,0.66352,0.66352,0.66352,0.66352,0.66352,0.66352,0.66352,0.66352,0.66352,0.66352,0.66352,0.66352,0.66352,0.66352
3788,0.66598,0.66598,0.66598,0.66598,0.66598,0.66598,0.66598,0.66598,0.66598,0.66598,0.66598,0.66598,0.66598,0.66598,0.66598,0.66598,0.66598,0.66598,0.66598,0.66598,0.66598,0.66598,0.66598,0.66598,0.66598,0.66598,0.66598,0.66598,0.66598
3789,0.66840,0.66840,0.66840,0.66840,0.66840,0.66840,0.66840,0.66840,0.66840,0.66840,0.66840,0.66840,0.66840,0.66840,0.66840,0.66840,0.66840,0.66840,0.66840,0.66840,0.66840,0.66840,0.66840,0.66840,0.66840,0.66840,0.66840,0.66840,0.66840
3790,0.67078,0.67078,0.67078,0.67078,0.67078,0.67078,0.67078,0.67078,0.67078,0.67078,0.67078,0.67078,0.67078,0.67078,0.67078,0.67078,0.67078,0.67078,0.67078,0.67078,0.67078,0.67078,0.67078,0.67078,0.67078,0.67078,0.67078,0.67078,0.67078
3791,0.67312,0.67312,0.67312,0.67312,0.67312,0.67312,0.67312,0.67312,0.67312,0.67312,0.67312,0.67312,0.67312,0.67312,0.67312,0.67312,0.67312,0.67312,0.67312,0.67312,0.67312,0.67312,0.67312,0.67312,0.67312,0.67312,0.67312,0.67312,0.67312
3792,0.67541,0.67541,0.67541,0.67541,0.67541,0.67541,0.67541,0.67541,0.67541,0.67541,0.67541,0.67541,0.67541,0.67541,0.67541,0.67541,0.67541,0.67541,0.67541,0.67541,0.67541,0.67541,0.67541,0.67541,0.67541,0.67541,0.67541,0.67541,0.67541
3793,0.67765,0.67765,0.67765,0.67765,0.67765,0.67765,0.67765,0.67765,0.67765,0.67765,0.67765,0.67765,0.67765,0.67765,0.67765,0.67765,0.67765,0.67765,0.67765,0.67765,0.67765,0.67765,0.67765,0.67765,0.67765,0.67765,0.67765,0.67765,0.67765
3794,0.67985,0.67985,0.67985,0.67985,0.67985,0.67985,0.67985,0.67985,0.67985,0.67985,0.67985,0.67985,0.67985,0.67985,0.67985,0.67985,0.67985,0.67985,0.67985,0.67985,0.67985,0.67985,0.67985,0.67985,0.67985,0.67985,0.67985,0.67985,0.67985
3795,0.68199,0.68199,0.68199,0.68199,0.68199,0.68199,0.68199,0.68199,0.68199,0.68199,0.68199,0.68199,0.68199,0.68199,0.68199,0.68199,0.68199,0.68199,0.68199,0.68199,0.68199,0.68199,0.68199,0.68199,0.68199,0.68199,0.68199,0.68199,0.68199
3796,0.68408,0.68408,0.68408,0.68408,0.68408,0.68408,0.68408,0.68408,0.68408,0.68408,0.68408,0.68408,0.68408,0.68408,0.68408,0.68408,0.68408,0.68408,0.68408,0.68408,0.68408,0.68408,0.68408,0.68408,0.68408,0.68408,0.68408,0.68408,0.68408
3797,0.68612,0.68612,0.68612,0.68612,0.68612,0.68612,0.68612,0.68612,0.68612,0.68612,0.68612,0.68612,0.68612,0.68612,0.68612,0.68612,0.68612,0.68612,0.68612,0.68612,0.68612,0.68612,0.68612,0.68612,0.68612,0.68612,0.68612,0.68612,0.68612
3798,0.68811,0.68811,0.68811,0.68811,0.68811,0.68811,0.68811,0.68811,0.68811,0.68811,0.68811,0.68811,0.68811,0.68811,0.68811,0.68811,0.68811,0.68811,0.68811,0.68811,0.68811,0.68811,0.68811,0.68811,0.68811,0.68811,0.68811,0.68811,0.68811
3799,0.69004,0.69004,0.69004,0.69004,0.69004,0.69004,0.69004,0.69004,0.69004,0.69004,0.69004,0.69004,0.69004,0.69004,0.69004,0.69004,0.69004,0.69004,0.69004,0.69004,0.69004,0.69004,0.69004,0.69004,0.69004,0.69004,0.69004,0.69004,0.69004
3800,0.69191,0.69191,0.69191,0.69191,0.69191,0.69191,0.69191,0.69191,0.69191,0.69191,0.69191,0.69191,0.69191,0.69191,0.69191,0.69191,0.69191,0.69191,0.69191,0.69191,0.69191,0.69191,0.69191,0.69191,0.69191,0.69191,0.69191,0.69191,0.69191
3801,0.69372,0.69372,0.69372,0.69372,0.69372,0.69372,0.69372,0.69372,0.69372,0.69372,0.69372,0.69372,0.69372,0.69372,0.69372,0.69372,0.69372,0.69372,0.69372,0.69372,0.69372,0.69372,0.69372,0.69372,0.69372,0.69372,0.69372,0.69372,0.69372
3802,0.69546,0.69546,0.69546,0.69546,0.69546,0.69546,0.69546,0.69546,0.69546,0.69546,0.69546,0.69546,0.69546,0.69546,0.69546,0.69546,0.69546,0.69546,0.69546,0.69546,0.69546,0.69546,0.69546,0.69546,0.69546,0.69546,0.69546,0.69546,0.69546
3803,0.69715,0.69715,0.69715,0.69715,0.69715,0.69715,0.69715,0.69715,0.69715,0.69715,0.69715,0.69715,0.69715,0.69715,0.69715,0.69715,0.69715,0.69715,0.69715,0.69715,0.69715,0.69715,0.69715,0.69715,0.69715,0.69715,0.69715,0.69715,0.69715
3804,0.69877,0.69877,0.69877,0.69877,0.69877,0.69877,0.69877,0.69877,0.69877,0.69877,0.69877,0.69877,0.69877,0.69877,0.69877,0.69877,0.69877,0.69877,0.69877,0.69877,0.69877,0.69877,0.69877,0.69877,0.69877,0.69877,0.69877,0.69877,0.69877
3805,0.70032,0.70032,0.70032,0.70032,0.70032,0.70032,0.70032,0.70032,0.70032,0.70032,0.70032,0.70032,0.70032,0.70032,0.70032,0.70032,0.70032,0.70032,0.70032,0.70032,0.70032,0.70032,0.70032,0.70032,0.70032,0.70032,0.70032,0.70032,0.70032
3806,0.70181,0.70181,0.70181,0.70181,0.70181,0.70181,0.70181,0.70181,0.70181,0.70181,0.70181,0.70181,0.70181,0.70181,0.70181,0.70181,0.70181,0.70181,0.70181,0.70181,0.70181,0.70181,0.70181,0.70181,0.70181,0.70181,0.70181,0.70181,0.70181
3807,0.70322,0.70322,0.70322,0.70322,0.70322,0.70322,0.70322,0.70322,0.70322,0.70322,0.70322,0.70322,0.70322,0.70322,0.70322,0.70322,0.70322,0.70322,0.70322,0.70322,0.70322,0.70322,0.70322,0.70322,0.70322,0.70322,0.70322,0.70322,0.70322
3808,0.70457,0.70457,0.70457,0.70457,0.70457,0.70457,0.70457,0.70457,0.70457,0.70457,0.70457,0.70457,0.70457,0.70457,0.70457,0.70457,0.70457,0.70457,0.70457,0.70457,0.70457,0.70457,0.70457,0.70457,0.70457,0.70457,0.70457,0.70457,0.70457
3809,0.70584,0.70584,0.70584,0.70584,0.70584,0.70584,0.70584,0.70584,0.70584,0.70584,0.70584,0.70584,0.70584,0.70584,0.70584,0.70584,0.70584,0.70584,0.70584,0.70584,0.70584,0.70584,0.70584,0.70584,0.70584,0.70584,0.70584,0.70584,0.70584
3810,0.70704,0.70704,0.70704,0.70704,0.70704,0.70704,0.70704,0.70704,0.70704,0.70704,0.70704,0.70704,0.70704,0.70704,0.70704,0.70704,0.70704,0.70704,0.70704,0.70704,0.70704,0.70704,0.70704,0.70704,0.70704,0.70704,0.70704,0.70704,0.70704
3811,0.70817,0.70817,0.70817,0.70817,0.70817,0.70817,0.70817,0.70817,0.70817,0.70817,0.70817,0.70817,0.70817,0.70817,0.70817,0.70817,0.70817,0.70817,0.70817,0.70817,0.70817,0.70817,0.70817,0.70817,0.70817,0.70817,0.70817,0.70817,0.70817
3812,0.70921,0.70921,0.70921,0.70921,0.70921,0.70921,0.70921,0.70921,0.70921,0.70921,0.70921,0.70921,0.70921,0.70921,0.70921,0.70921,0.70921,0.70921,0.70921,0.70921,0.70921,0.70921,0.70921,0.70921,0.70921,0.70921,0.70921,0.70921,0.70921
3813,0.71018,0.71018,0.71018,0.71018,0.71018,0.71018,0.71018,0.71018,0.71018,0.71018,0.71018,0.71018,0.71018,0.71018,0.71018,0.71018,0.71018,0.71018,0.71018,0.71018,0.71018,0.71018,0.71018,0.71018,0.71018,0.71018,0.71018,0.71018,0.71018
3814,0.71108,0.71108,0.71108,0.71108,0.71108,0.71108,0.71108,0.71108,0.71108,0.71108,0.71108,0.71108,0.71108,0.71108,0.71108,0.71108,0.71108,0.71108,0.71108,0.71108,0.71108,0.71108,0.71108,0.71108,0.71108,0.71108,0.71108,0.71108,0.71108
3815,0.71189,0.71189,0.71189,0.71189,0.71189,0.71189,0.71189,0.71189,0.71189,0.71189,0.71189,0.71189,0.71189,0.71189,0.71189,0.71189,0.71189,0.71189,0.71189,0.71189,0.71189,0.71189,0.71189,0.71189,0.71189,0.71189,0.71189,0.71189,0.71189
3816,0.71262,0.71262,0.71262,0.71262,0.71262,0.71262,0.71262,0.71262,0.71262,0.71262,0.71262,0.71262,0.71262,0.71262,0.71262,0.71262,0.71262,0.71262,0.71262,0.71262,0.71262,0.71262,0.71262,0.71262,0.71262,0.71262,0.71262,0.71262,0.71262
3817,0.71327,0.71327,0.71327,0.71327,0.71327,0.71327,0.71327,0.71327,0.71327,0.71327,0.71327,0.71327,0.71327,0.71327,0.71327,0.71327,0.71327,0.71327,0.71327,0.71327,0.71327,0.71327,0.71327,0.71327,0.71327,0.71327,0.71327,0.71327,0.71327
3818,0.71384,0.71384,0.71384,0.71384,0.71384,0.71384,0.71384,0.71384,0.71384,0.71384,0.71384,0.71384,0.71384,0.71384,0.71384,0.71384,0.71384,0.71384,0.71384,0.71384,0.71384,0.71384,0.71384,0.71384,0.71384,0.71384,0.71384,0.71384,0.71384
3819,0.71433,0.71433,0.71433,0.71433,0.71433,0.71433,0.71433,0.71433,0.71433,0.71433,0.71433,0.71433,0.71433,0.71433,0.71433,0.71433,0.71433,0.71433,0.71433,0.71433,0.71433,0.71433,0.71433,0.71433,0.71433,0.71433,0.71433,0.71433,0.71433
3820,0.71473,0.71473,0.71473,0.71473,0.71473,0.71473,0.71473,0.71473,0.71473,0.71473,0.71473,0.71473,0.71473,0.71473,0.71473,0.71473,0.71473,0.71473,0.71473,0.71473,0.71473,0.71473,0.71473,0.71473,0.71473,0.71473,0.71473,0.71473,0.71473
3821,0.71504,0.71504,0.71504,0.71504,0.71504,0.71504,0.71504,0.71504,0.71504,0.71504,0.71504,0.71504,0.71504,0.71504,0.71504,0.71504,0.71504,0.71504,0.71504,0.71504,0.71504,0.71504,0.71504,0.71504,0.71504,0.71504,0.71504,0.71504,0.71504
3822,0.71528,0.71528,0.71528,0.71528,0.71528,0.71528,0.71528,0.71528,0.71528,0.71528,0.71528,0.71528,0.71528,0.71528,0.71528,0.71528,0.71528,0.71528,0.71528,0.71528,0.71528,0.71528,0.71528,0.71528,0.71528,0.71528,0.71528,0.71528,0.71528
3823,0.71543,0.71543,0.71543,0.71543,0.71543,0.71543,0.71543,0.71543,0.71543,0.71543,0.71543,0.71543,0.71543,0.71543,0.71543,0.71543,0.71543,0.71543,0.71543,0.71543,0.71543,0.71543,0.71543,0.71543,0.71543,0.71543,0.71543,0.71543,0.71543
3824,0.71549,0.71549,0.71549,0.71549,0.71549,0.71549,0.71549,0.71549,0.71549,0.71549,0.71549,0.71549,0.71549,0.71549,0.71549,0.71549,0.71549,0.71549,0.71549,0.71549,0.71549,0.71549,0.71549,0.71549,0.71549,0.71549,0.71549,0.71549,0.71549
3825,0.71547,0.71547,0.71547,0.71547,0.71547,0.71547,0.71547,0.71547,0.71547,0.71547,0.71547,0.71547,0.71547,0.71547,0.71547,0.71547,0.71547,0.71547,0.71547,0.71547,0.71547,0.71547,0.71547,0.71547,0.71547,0.71547,0.71547,0.71547,0.71547
3826,0.71536,0.71536,0.71536,0.71536,0.71536,0.71536,0.71536,0.71536,0.71536,0.71536,0.71536,0.71536,0.71536,0.71536,0.71536,0.71536,0.71536,0.71536,0.71536,0.71536,0.71536,0.71536,0.71536,0.71536,0.71536,0.71536,0.71536,0.71536,0.71536
3827,0.71517,0.71517,0.71517,0.71517,0.71517,0.71517,0.71517,0.71517,0.71517,0.71517,0.71517,0.71517,0.71517,0.71517,0.71517,0.71517,0.71517,0.71517,0.71517,0.71517,0.71517,0.71517,0.71517,0.71517,0.71517,0.71517,0.71517,0.71517,0.71517
3828,0.71490,0.71490,0.71490,0.71490,0.71490,0.71490,0.71490,0.71490,0.71490,0.71490,0.71490,0.71490,0.71490,0.71490,0.71490,0.71490,0.71490,0.71490,0.71490,0.71490,0.71490,0.71490,0.71490,0.71490,0.71490,0.71490,0.71490,0.71490,0.71490
3829,0.71454,0.71454,0.71454,0.71454,0.71454,0.71454,0.71454,0.71454,0.71454,0.71454,0.71454,0.71454,0.71454,0.71454,0.71454,0.71454,0.71454,0.71454,0.71454,0.71454,0.71454,0.71454,0.71454,0.71454,0.71454,0.71454,0.71454,0.71454,0.71454
3830,0.71409,0.71409,0.71409,0.71409,0.71409,0.71409,0.71409,0.71409,0.71409,0.71409,0.71409,0.71409,0.71409,0.71409,0.71409,0.71409,0.71409,0.71409,0.71409,0.71409,0.71409,0.71409,0.71409,0.71409,0.71409,0.71409,0.71409,0.71409,0.71409
3831,0.71357,0.71357,0.71357,0.71357,0.71357,0.71357,0.71357,0.71357,0.71357,0.71357,0.71357,0.71357,0.71357,0.71357,0.71357,0.71357,0.71357,0.71357,0.71357,0.71357,0.71357,0.71357,0.71357,0.71357,0.71357,0.71357,0.71357,0.71357,0.71357
3832,0.71296,0.71296,0.71296,0.71296,0.71296,0.71296,0.71296,0.71296,0.71296,0.71296,0.71296,0.71296,0.71296,0.71296,0.71296,0.71296,0.71296,0.71296,0.71296,0.71296,0.71296,0.71296,0.71296,0.71296,0.71296,0.71296,0.71296,0.71296,0.71296
3833,0.71227,0.71227,0.71227,0.71227,0.71227,0.71227,0.71227,0.71227,0.71227,0.71227,0.71227,0.71227,0.71227,0.71227,0.71227,0.71227,0.71227,0.71227,0.71227,0.71227,0.71227,0.71227,0.71227,0.71227,0.71227,0.71227,0.71227,0.71227,0.71227
3834,0.71149,0.71149,0.71149,0.71149,0.71149,0.71149,0.71149,0.71149,0.71149,0.71149,0.71149,0.71149,0.71149,0.71149,0.71149,0.71149,0.71149,0.71149,0.71149,0.71149,0.71149,0.71149,0.71149,0.71149,0.71149,0.71149,0.71149,0.71149,0.71149
3835,0.71064,0.71064,0.71064,0.71064,0.71064,0.71064,0.71064,0.71064,0.71064,0.71064,0.71064,0.71064,0.71064,0.71064,0.71064,0.71064,0.71064,0.71064,0.71064,0.71064,0.71064,0.71064,0.71064,0.71064,0.71064,0.71064,0.71064,0.71064,0.71064
3836,0.70971,0.70971,0.70971,0.70971,0.70971,0.70971,0.70971,0.70971,0.70971,0.70971,0.70971,0.70971,0.70971,0.70971,0.70971,0.70971,0.70971,0.70971,0.70971,0.70971,0.70971,0.70971,0.70971,0.70971,0.70971,0.70971,0.70971,0.70971,0.70971
3837,0.70870,0.70870,0.70870,0.70870,0.70870,0.70870,0.70870,0.70870,0.70870,0.70870,0.70870,0.70870,0.70870,0.70870,0.70870,0.70870,0.70870,0.70870,0.70870,0.70870,0.70870,0.70870,0.70870,0.70870,0.70870,0.70870,0.70870,0.70870,0.70870
3838,0.70761,0.70761,0.70761,0.70761,0.70761,0.70761,0.70761,0.70761,0.70761,0.70761,0.70761,0.70761,0.70761,0.70761,0.70761,0.70761,0.70761,0.70761,0.70761,0.70761,0.70761,0.70761,0.70761,0.70761,0.70761,0.70761,0.70761,0.70761,0.70761
3839,0.70645,0.70645,0.70645,0.70645,0.70645,0.70645,0.70645,0.70645,0.70645,0.70645,0.70645,0.70645,0.70645,0.70645,0.70645,0.70645,0.70645,0.70645,0.70645,0.70645,0.70645,0.70645,0.70645,0.70645,0.70645,0.70645,0.70645,0.70645,0.70645
3840,0.70521,0.70521,0.70521,0.70521,0.70521,0.70521,0.70521,0.70521,0.70521,0.70521,0.70521,0.70521,0.70521,0.70521,0.70521,0.70521,0.70521,0.70521,0.70521,0.70521,0.70521,0.70521,0.70521,0.70521,0.70521,0.70521,0.70521,0.70521,0.70521
3841,0.70391,0.70391,0.70391,0.70391,0.70391,0.70391,0.70391,0.70391,0.70391,0.70391,0.70391,0.70391,0.70391,0.70391,0.70391,0.70391,0.70391,0.70391,0.70391,0.70391,0.70391,0.70391,0.70391,0.70391,0.70391,0.70391,0.70391,0.70391,0.70391
3842,0.70252,0.70252,0.70252,0.70252,0.70252,0.70252,0.70252,0.70252,0.70252,0.70252,0.70252,0.70252,0.70252,0.70252,0.70252,0.70252,0.70252,0.70252,0.70252,0.70252,0.70252,0.70252,0.70252,0.70252,0.70252,0.70252,0.70252,0.70252,0.70252
3843,0.70107,0.70107,0.70107,0.70107,0.70107,0.70107,0.70107,0.70107,0.70107,0.70107,0.70107,0.70107,0.70107,0.70107,0.70107,0.70107,0.70107,0.70107,0.70107,0.70107,0.70107,0.70107,0.70107,0.70107,0.70107,0.70107,0.70107,0.70107,0.70107
3844,0.69955,0.69955,0.69955,0.69955,0.69955,0.69955,0.69955,0.69955,0.69955,0.69955,0.69955,0.69955,0.69955,0.69955,0.69955,0.69955,0.69955,0.69955,0.69955,0.69955,0.69955,0.69955,0.69955,0.69955,0.69955,0.69955,0.69955,0.69955,0.69955
3845,0.69797,0.69797,0.69797,0.69797,0.69797,0.69797,0.69797,0.69797,0.69797,0.69797,0.69797,0.69797,0.69797,0.69797,0.69797,0.69797,0.69797,0.69797,0.69797,0.69797,0.69797,0.69797,0.69797,0.69797,0.69797,0.69797,0.69797,0.69797,0.69797
3846,0.69631,0.69631,0.69631,0.69631,0.69631,0.69631,0.69631,0.69631,0.69631,0.69631,0.69631,0.69631,0.69631,0.69631,0.69631,0.69631,0.69631,0.69631,0.69631,0.69631,0.69631,0.69631,0.69631,0.69631,0.69631,0.69631,0.69631,0.69631,0.69631
3847,0.69460,0.69460,0.69460,0.69460,0.69460,0.69460,0.69460,0.69460,0.69460,0.69460,0.69460,0.69460,0.69460,0.69460,0.69460,0.69460,0.69460,0.69460,0.69460,0.69460,0.69460,0.69460,0.69460,0.69460,0.69460,0.69460,0.69460,0.69460,0.69460
3848,0.69282,0.69282,0.69282,0.69282,0.69282,0.69282,0.69282,0.69282,0.69282,0.69282,0.69282,0.69282,0.69282,0.69282,0.69282,0.69282,0.69282,0.69282,0.69282,0.69282,0.69282,0.69282,0.69282,0.69282,0.69282,0.69282,0.69282,0.69282,0.69282
3849,0.69098,0.69098,0.69098,0.69098,0.69098,0.69098,0.69098,0.69098,0.69098,0.69098,0.69098,0.69098,0.69098,0.69098,0.69098,0.69098,0.69098,0.69098,0.69098,0.69098,0.69098,0.69098,0.69098,0.69098,0.69098,0.69098,0.69098,0.69098,0.69098
3850,0.68908,0.68908,0.68908,0.68908,0.68908,0.68908,0.68908,0.68908,0.68908,0.68908,0.68908,0.68908,0.68908,0.68908,0.68908,0.68908,0.68908,0.68908,0.68908,0.68908,0.68908,0.68908,0.68908,0.68908,0.68908,0.68908,0.68908,0.68908,0.68908
3851,0.68712,0.68712,0.68712,0.68712,0.68712,0.68712,0.68712,0.68712,0.68712,0.68712,0.68712,0.68712,0.68712,0.68712,0.68712,0.68712,0.68712,0.68712,0.68712,0.68712,0.68712,0.68712,0.68712,0.68712,0.68712,0.68712,0.68712,0.68712,0.68712
3852,0.68511,0.68511,0.68511,0.68511,0.68511,0.68511,0.68511,0.68511,0.68511,0.68511,0.68511,0.68511,0.68511,0.68511,0.68511,0.68511,0.68511,0.68511,0.68511,0.68511,0.68511,0.68511,0.68511,0.68511,0.68511,0.68511,0.68511,0.68511,0.68511
3853,0.68304,0.68304,0.68304,0.68304,0.68304,0.68304,0.68304,0.68304,0.68304,0.68304,0.68304,0.68304,0.68304,0.68304,0.68304,0.68304,0.68304,0.68304,0.68304,0.68304,0.68304,0.68304,0.68304,0.68304,0.68304,0.68304,0.68304,0.68304,0.68304
3854,0.68093,0.68093,0.68093,0.68093,0.68093,0.68093,0.68093,0.68093,0.68093,0.68093,0.68093,0.68093,0.68093,0.68093,0.68093,0.68093,0.68093,0.68093,0.68093,0.68093,0.68093,0.68093,0.68093,0.68093,0.68093,0.68093,0.68093,0.68093,0.68093
3855,0.67876,0.67876,0.67876,0.67876,0.67876,0.67876,0.67876,0.67876,0.67876,0.67876,0.67876,0.67876,0.67876,0.67876,0.67876,0.67876,0.67876,0.67876,0.67876,0.67876,0.67876,0.67876,0.67876,0.67876,0.67876,0.67876,0.67876,0.67876,0.67876
3856,0.67654,0.67654,0.67654,0.67654,0.67654,0.67654,0.67654,0.67654,0.67654,0.67654,0.67654,0.67654,0.67654,0.67654,0.67654,0.67654,0.67654,0.67654,0.67654,0.67654,0.67654,0.67654,0.67654,0.67654,0.67654,0.67654,0.67654,0.67654,0.67654
3857,0.67427,0.67427,0.67427,0.67427,0.67427,0.67427,0.67427,0.67427,0.67427,0.67427,0.67427,0.67427,0.67427,0.67427,0.67427,0.67427,0.67427,0.67427,0.67427,0.67427,0.67427,0.67427,0.67427,0.67427,0.67427,0.67427,0.67427,0.67427,0.67427
3858,0.67196,0.67196,0.67196,0.67196,0.67196,0.67196,0.67196,0.67196,0.67196,0.67196,0.67196,0.67196,0.67196,0.67196,0.67196,0.67196,0.67196,0.67196,0.67196,0.67196,0.67196,0.67196,0.67196,0.67196,0.67196,0.67196,0.67196,0.67196,0.67196
3859,0.66960,0.66960,0.66960,0.66960,0.66960,0.66960,0.66960,0.66960,0.66960,0.66960,0.66960,0.66960,0.66960,0.66960,0.66960,0.66960,0.66960,0.66960,0.66960,0.66960,0.66960,0.66960,0.66960,0.66960,0.66960,0.66960,0.66960,0.66960,0.66960
3860,0.66720,0.66720,0.66720,0.66720,0.66720,0.66720,0.66720,0.66720,0.66720,0.66720,0.66720,0.66720,0.66720,0.66720,0.66720,0.66720,0.66720,0.66720,0.66720,0.66720,0.66720,0.66720,0.66720,0.66720,0.66720,0.66720,0.66720,0.66720,0.66720
3861,0.66476,0.66476,0.66476,0.66476,0.66476,0.66476,0.66476,0.66476,0.66476,0.66476,0.66476,0.66476,0.66476,0.66476,0.66476,0.66476,0.66476,0.66476,0.66476,0.66476,0.66476,0.66476,0.66476,0.66476,0.66476,0.66476,0.66476,0.66476,0.66476
3862,0.66227,0.66227,0.66227,0.66227,0.66227,0.66227,0.66227,0.66227,0.66227,0.66227,0.66227,0.66227,0.66227,0.66227,0.66227,0.66227,0.66227,0.66227,0.66227,0.66227,0.66227,0.66227,0.66227,0.66227,0.66227,0.66227,0.66227,0.66227,0.66227
3863,0.65975,0.65975,0.65975,0.65975,0.65975,0.65975,0.65975,0.65975,0.65975,0.65975,0.65975,0.65975,0.65975,0.65975,0.65975,0.65975,0.65975,0.65975,0.65975,0.65975,0.65975,0.65975,0.65975,0.65975,0.65975,0.65975,0.65975,0.65975,0.65975
3864,0.65720,0.65720,0.65720,0.65720,0.65720,0.65720,0.65720,0.65720,0.65720,0.65720,0.65720,0.65720,0.65720,0.65720,0.65720,0.65720,0.65720,0.65720,0.65720,0.65720,0.65720,0.65720,0.65720,0.65720,0.65720,0.65720,0.65720,0.65720,0.65720
3865,0.65460,0.65460,0.65460,0.65460,0.65460,0.65460,0.65460,0.65460,0.65460,0.65460,0.65460,0.65460,0.65460,0.65460,0.65460,0.65460,0.65460,0.65460,0.65460,0.65460,0.65460,0.65460,0.65460,0.65460,0.65460,0.65460,0.65460,0.65460,0.65460
3866,0.65198,0.65198,0.65198,0.65198,0.65198,0.65198,0.65198,0.65198,0.65198,0.65198,0.65198,0.65198,0.65198,0.65198,0.65198,0.65198,0.65198,0.65198,0.65198,0.65198,0.65198,0.65198,0.65198,0.65198,0.65198,0.65198,0.65198,0.65198,0.65198
3867,0.64931,0.64931,0.64931,0.64931,0.64931,0.64931,0.64931,0.64931,0.64931,0.64931,0.64931,0.64931,0.64931,0.64931,0.64931,0.64931,0.64931,0.64931,0.64931,0.64931,0.64931,0.64931,0.64931,0.64931,0.64931,0.64931,0.64931,0.64931,0.64931
3868,0.64662,0.64662,0.64662,0.64662,0.64662,0.64662,0.64662,0.64662,0.64662,0.64662,0.64662,0.64662,0.64662,0.64662,0.64662,0.64662,0.64662,0.64662,0.64662,0.64662,0.64662,0.64662,0.64662,0.64662,0.64662,0.64662,0.64662,0.64662,0.64662
3869,0.64390,0.64390,0.64390,0.64390,0.64390,0.64390,0.64390,0.64390,0.64390,0.64390,0.64390,0.64390,0.64390,0.64390,0.64390,0.64390,0.64390,0.64390,0.64390,0.64390,0.64390,0.64390,0.64390,0.64390,0.64390,0.64390,0.64390,0.64390,0.64390
3870,0.64115,0.64115,0.64115,0.64115,0.64115,0.64115,0.64115,0.64115,0.64115,0.64115,0.64115,0.64115,0.64115,0.64115,0.64115,0.64115,0.64115,0.64115,0.64115,0.64115,0.64115,0.64115,0.64115,0.64115,0.64115,0.64115,0.64115,0.64115,0.64115
3871,0.63837,0.63837,0.63837,0.63837,0.63837,0.63837,0.63837,0.63837,0.63837,0.63837,0.63837,0.63837,0.63837,0.63837,0.63837,0.63837,0.63837,0.63837,0.63837,0.63837,0.63837,0.63837,0.63837,0.63837,0.63837,0.63837,0.63837,0.63837,0.63837
3872,0.63557,0.63557,0.63557,0.63557,0.63557,0.63557,0.63557,0.63557,0.63557,0.63557,0.63557,0.63557,0.63557,0.63557,0.63557,0.63557,0.63557,0.63557,0.63557,0.63557,0.63557,0.63557,0.63557,0.63557,0.63557,0.63557,0.63557,0.63557,0.63557
3873,0.63274,0.63274,0.63274,0.63274,0.63274,0.63274,0.63274,0.63274,0.63274,0.63274,0.63274,0.63274,0.63274,0.63274,0.63274,0.63274,0.63274,0.63274,0.63274,0.63274,0.63274,0.63274,0.63274,0.63274,0.63274,0.63274,0.63274,0.63274,0.63274
3874,0.62988,0.62988,0.62988,0.62988,0.62988,0.62988,0.62988,0.62988,0.62988,0.62988,0.62988,0.62988,0.62988,0.62988,0.62988,0.62988,0.62988,0.62988,0.62988,0.62988,0.62988,0.62988,0.62988,0.62988,0.62988,0.62988,0.62988,0.62988,0.62988
3875,0.62700,0.62700,0.62700,0.62700,0.62700,0.62700,0.62700,0.62700,0.62700,0.62700,0.62700,0.62700,0.62700,0.62700,0.62700,0.62700,0.62700,0.62700,0.62700,0.62700,0.62700,0.62700,0.62700,0.62700,0.62700,0.62700,0.62700,0.62700,0.62700
3876,0.62410,0.62410,0.62410,0.62410,0.62410,0.62410,0.62410,0.62410,0.62410,0.62410,0.62410,0.62410,0.62410,0.62410,0.62410,0.62410,0.62410,0.62410,0.62410,0.62410,0.62410,0.62410,0.62410,0.62410,0.62410,0.62410,0.62410,0.62410,0.62410
3877,0.62118,0.62118,0.62118,0.62118,0.62118,0.62118,0.62118,0.62118,0.62118,0.62118,0.62118,0.62118,0.62118,0.62118,0.62118,0.62118,0.62118,0.62118,0.62118,0.62118,0.62118,0.62118,0.62118,0.62118,0.62118,0.62118,0.62118,0.62118,0.62118
3878,0.61824,0.61824,0.61824,0.61824,0.61824,0.61824,0.61824,0.61824,0.61824,0.61824,0.61824,0.61824,0.61824,0.61824,0.61824,0.61824,0.61824,0.61824,0.61824,0.61824,0.61824,0.61824,0.61824,0.61824,0.61824,0.61824,0.61824,0.61824,0.61824
3879,0.61528,0.61528,0.61528,0.61528,0.61528,0.61528,0.61528,0.61528,0.61528,0.61528,0.61528,0.61528,0.61528,0.61528,0.61528,0.61528,0.61528,0.61528,0.61528,0.61528,0.61528,0.61528,0.61528,0.61528,0.61528,0.61528,0.61528,0.61528,0.61528
3880,0.61230,0.61230,0.61230,0.61230,0.61230,0.61230,0.61230,0.61230,0.61230,0.61230,0.61230,0.61230,0.61230,0.61230,0.61230,0.61230,0.61230,0.61230,0.61230,0.61230,0.61230,0.61230,0.61230,0.61230,0.61230,0.61230,0.61230,0.61230,0.61230
3881,0.60930,0.60930,0.60930,0.60930,0.60930,0.60930,0.60930,0.60930,0.60930,0.60930,0.60930,0.60930,0.60930,0.60930,0.60930,0.60930,0.60930,0.60930,0.60930,0.60930,0.60930,0.60930,0.60930,0.60930,0.60930,0.60930,0.60930,0.60930,0.60930
3882,0.60629,0.60629,0.60629,0.60629,0.60629,0.60629,0.60629,0.60629,0.60629,0.60629,0.60629,0.60629,0.60629,0.60629,0.60629,0.60629,0.60629,0.60629,0.60629,0.60629,0.60629,0.60629,0.60629,0.60629,0.60629,0.60629,0.60629,0.60629,0.60629
3883,0.60326,0.60326,0.60326,0.60326,0.60326,0.60326,0.60326,0.60326,0.60326,0.60326,0.60326,0.60326,0.60326,0.60326,0.60326,0.60326,0.60326,0.60326,0.60326,0.60326,0.60326,0.60326,0.60326,0.60326,0.60326,0.60326,0.60326,0.60326,0.60326
3884,0.60021,0.60021,0.60021,0.60021,0.60021,0.60021,0.60021,0.60021,0.60021,0.60021,0.60021,0.60021,0.60021,0.60021,0.60021,0.60021,0.60021,0.60021,0.60021,0.60021,0.60021,0.60021,0.60021,0.60021,0.60021,0.60021,0.60021,0.60021,0.60021
3885,0.59715,0.59715,0.59715,0.59715,0.59715,0.59715,0.59715,0.59715,0.59715,0.59715,0.59715,0.59715,0.59715,0.59715,0.59715,0.59715,0.59715,0.59715,0.59715,0.59715,0.59715,0.59715,0.59715,0.59715,0.59715,0.59715,0.59715,0.59715,0.59715
3886,0.59408,0.59408,0.59408,0.59408,0.59408,0.59408,0.59408,0.59408,0.59408,0.59408,0.59408,0.59408,0.59408,0.59408,0.59408,0.59408,0.59408,0.59408,0.59408,0.59408,0.59408,0.59408,0.59408,0.59408,0.59408,0.59408,0.59408,0.59408,0.59408
3887,0.59100,0.59100,0.59100,0.59100,0.59100,0.59100,0.59100,0.59100,0.59100,0.59100,0.59100,0.59100,0.59100,0.59100,0.59100,0.59100,0.59100,0.59100,0.59100,0.59100,0.59100,0.59100,0.59100,0.59100,0.59100,0.59100,0.59100,0.59100,0.59100
3888,0.58790,0.58790,0.58790,0.58790,0.58790,0.58790,0.58790,0.58790,0.58790,0.58790,0.58790,0.58790,0.58790,0.58790,0.58790,0.58790,0.58790,0.58790,0.58790,0.58790,0.58790,0.58790,0.58790,0.58790,0.58790,0.58790,0.58790,0.58790,0.58790
3889,0.58479,0.58479,0.58479,0.58479,0.58479,0.58479,0.58479,0.58479,0.58479,0.58479,0.58479,0.58479,0.58479,0.58479,0.58479,0.58479,0.58479,0.58479,0.58479,0.58479,0.58479,0.58479,0.58479,0.58479,0.58479,0.58479,0.58479,0.58479,0.58479
3890,0.58167,0.58167,0.58167,0.58167,0.58167,0.58167,0.58167,0.58167,0.58167,0.58167,0.58167,0.58167,0.58167,0.58167,0.58167,0.58167,0.58167,0.58167,0.58167,0.58167,0.58167,0.58167,0.58167,0.58167,0.58167,0.58167,0.58167,0.58167,0.58167
3891,0.57854,0.57854,0.57854,0.57854,0.57854,0.57854,0.57854,0.57854,0.57854,0.57854,0.57854,0.57854,0.57854,0.57854,0.57854,0.57854,0.57854,0.57854,0.57854,0.57854,0.57854,0.57854,0.57854,0.57854,0.57854,0.57854,0.57854,0.57854,0.57854
3892,0.57540,0.57540,0.57540,0.57540,0.57540,0.57540,0.57540,0.57540,0.57540,0.57540,0.57540,0.57540,0.57540,0.57540,0.57540,0.57540,0.57540,0.57540,0.57540,0.57540,0.57540,0.57540,0.57540,0.57540,0.57540,0.57540,0.57540,0.57540,0.57540
3893,0.57225,0.57225,0.57225,0.57225,0.57225,0.57225,0.57225,0.57225,0.57225,0.57225,0.57225,0.57225,0.57225,0.57225,0.57225,0.57225,0.57225,0.57225,0.57225,0.57225,0.57225,0.57225,0.57225,0.57225,0.57225,0.57225,0.57225,0.57225,0.57225
3894,0.56910,0.56910,0.56910,0.56910,0.56910,0.56910,0.56910,0.56910,0.56910,0.56910,0.56910,0.56910,0.56910,0.56910,0.56910,0.56910,0.56910,0.56910,0.56910,0.56910,0.56910,0.56910,0.56910,0.56910,0.56910,0.56910,0.56910,0.56910,0.56910
3895,0.56593,0.56593,0.56593,0.56593,0.56593,0.56593,0.56593,0.56593,0.56593,0.56593,0.56593,0.56593,0.56593,0.56593,0.56593,0.56593,0.56593,0.56593,0.56593,0.56593,0.56593,0.56593,0.56593,0.56593,0.56593,0.56593,0.56593,0.56593,0.56593
3896,0.56276,0.56276,0.56276,0.56276,0.56276,0.56276,0.56276,0.56276,0.56276,0.56276,0.56276,0.56276,0.56276,0.56276,0.56276,0.56276,0.56276,0.56276,0.56276,0.56276,0.56276,0.56276,0.56276,0.56276,0.56276,0.56276,0.56276,0.56276,0.56276
3897,0.55958,0.55958,0.55958,0.55958,0.55958,0.55958,0.55958,0.55958,0.55958,0.55958,0.55958,0.55958,0.55958,0.55958,0.55958,0.55958,0.55958,0.55958,0.55958,0.55958,0.55958,0.55958,0.55958,0.55958,0.55958,0.55958,0.55958,0.55958,0.55958
3898,0.55640,0.55640,0.55640,0.55640,0.55640,0.55640,0.55640,0.55640,0.55640,0.55640,0.55640,0.55640,0.55640,0.55640,0.55640,0.55640,0.55640,0.55640,0.55640,0.55640,0.55640,0.55640,0.55640,0.55640,0.55640,0.55640,0.55640,0.55640,0.55640
3899,0.55320,0.55320,0.55320,0.55320,0.55320,0.55320,0.55320,0.55320,0.55320,0.55320,0.55320,0.55320,0.55320,0.55320,0.55320,0.55320,0.55320,0.55320,0.55320,0.55320,0.55320,0.55320,0.55320,0.55320,0.55320,0.55320,0.55320,0.55320,0.55320
3900,0.55001,0.55001,0.55001,0.55001,0.55001,0.55001,0.55001,0.55001,0.55001,0.55001,0.55001,0.55001,0.55001,0.55001,0.55001,0.55001,0.55001,0.55001,0.55001,0.55001,0.55001,0.55001,0.55001,0.55001,0.55001,0.55001,0.55001,0.55001,0.55001
3901,0.54680,0.54680,0.54680,0.54680,0.54680,0.54680,0.54680,0.54680,0.54680,0.54680,0.54680,0.54680,0.54680,0.54680,0.54680,0.54680,0.54680,0.54680,0.54680,0.54680,0.54680,0.54680,0.54680,0.54680,0.54680,0.54680,0.54680,0.54680,0.54680
3902,0.54360,0.54360,0.54360,0.54360,0.54360,0.54360,0.54360,0.54360,0.54360,0.54360,0.54360,0.54360,0.54360,0.54360,0.54360,0.54360,0.54360,0.54360,0.54360,0.54360,0.54360,0.54360,0.54360,0.54360,0.54360,0.54360,0.54360,0.54360,0.54360
3903,0.54038,0.54038,0.54038,0.54038,0.54038,0.54038,0.54038,0.54038,0.54038,0.54038,0.54038,0.54038,0.54038,0.54038,0.54038,0.54038,0.54038,0.54038,0.54038,0.54038,0.54038,0.54038,0.54038,0.54038,0.54038,0.54038,0.54038,0.54038,0.54038
3904,0.53717,0.53717,0.53717,0.53717,0.53717,0.53717,0.53717,0.53717,0.53717,0.53717,0.53717,0.53717,0.53717,0.53717,0.53717,0.53717,0.53717,0.53717,0.53717,0.53717,0.53717,0.53717,0.53717,0.53717,0.53717,0.53717,0.53717,0.53717,0.53717
3905,0.53395,0.53395,0.53395,0.53395,0.53395,0.53395,0.53395,0.53395,0.53395,0.53395,0.53395,0.53395,0.53395,0.53395,0.53395,0.53395,0.53395,0.53395,0.53395,0.53395,0.53395,0.53395,0.53395,0.53395,0.53395,0.53395,0.53395,0.53395,0.53395
3906,0.53072,0.53072,0.53072,0.53072,0.53072,0.53072,0.53072,0.53072,0.53072,0.53072,0.53072,0.53072,0.53072,0.53072,0.53072,0.53072,0.53072,0.53072,0.53072,0.53072,0.53072,0.53072,0.53072,0.53072,0.53072,0.53072,0.53072,0.53072,0.53072
3907,0.52750,0.52750,0.52750,0.52750,0.52750,0.52750,0.52750,0.52750,0.52750,0.52750,0.52750,0.52750,0.52750,0.52750,0.52750,0.52750,0.52750,0.52750,0.52750,0.52750,0.52750,0.52750,0.52750,0.52750,0.52750,0.52750,0.52750,0.52750,0.52750
3908,0.52427,0.52427,0.52427,0.52427,0.52427,0.52427,0.52427,0.52427,0.52427,0.52427,0.52427,0.52427,0.52427,0.52427,0.52427,0.52427,0.52427,0.52427,0.52427,0.52427,0.52427,0.52427,0.52427,0.52427,0.52427,0.52427,0.52427,0.52427,0.52427
3909,0.52104,0.52104,0.52104,0.52104,0.52104,0.52104,0.52104,0.52104,0.52104,0.52104,0.52104,0.52104,0.52104,0.52104,0.52104,0.52104,0.52104,0.52104,0.52104,0.52104,0.52104,0.52104,0.52104,0.52104,0.52104,0.52104,0.52104,0.52104,0.52104
3910,0.51780,0.51780,0.51780,0.51780,0.51780,0.51780,0.51780,0.51780,0.51780,0.51780,0.51780,0.51780,0.51780,0.51780,0.51780,0.51780,0.51780,0.51780,0.51780,0.51780,0.51780,0.51780,0.51780,0.51780,0.51780,0.51780,0.51780,0.51780,0.51780
3911,0.51457,0.51457,0.51457,0.51457,0.51457,0.51457,0.51457,0.51457,0.51457,0.51457,0.51457,0.51457,0.51457,0.51457,0.51457,0.51457,0.51457,0.51457,0.51457,0.51457,0.51457,0.51457,0.51457,0.51457,0.51457,0.51457,0.51457,0.51457,0.51457
3912,0.51133,0.51133,0.51133,0.51133,0.51133,0.51133,0.51133,0.51133,0.51133,0.51133,0.51133,0.51133,0.51133,0.51133,0.51133,0.51133,0.51133,0.51133,0.51133,0.51133,0.51133,0.51133,0.51133,0.51133,0.51133,0.51133,0.51133,0.51133,0.51133
3913,0.50810,0.50810,0.50810,0.50810,0.50810,0.50810,0.50810,0.50810,0.50810,0.50810,0.50810,0.50810,0.50810,0.50810,0.50810,0.50810,0.50810,0.50810,0.50810,0.50810,0.50810,0.50810,0.50810,0.50810,0.50810,0.50810,0.50810,0.50810,0.50810
3914,0.50486,0.50486,0.50486,0.50486,0.50486,0.50486,0.50486,0.50486,0.50486,0.50486,0.50486,0.50486,0.50486,0.50486,0.50486,0.50486,0.50486,0.50486,0.50486,0.50486,0.50486,0.50486,0.50486,0.50486,0.50486,0.50486,0.50486,0.50486,0.50486
3915,0.50162,0.50162,0.50162,0.50162,0.50162,0.50162,0.50162,0.50162,0.50162,0.50162,0.50162,0.50162,0.50162,0.50162,0.50162,0.50162,0.50162,0.50162,0.50162,0.50162,0.50162,0.50162,0.50162,0.50162,0.50162,0.50162,0.50162,0.50162,0.50162
3916,0.49838,0.49838,0.49838,0.49838,0.49838,0.49838,0.49838,0.49838,0.49838,0.49838,0.49838,0.49838,0.49838,0.49838,0.49838,0.49838,0.49838,0.49838,0.49838,0.49838,0.49838,0.49838,0.49838,0.49838,0.49838,0.49838,0.49838,0.49838,0.49838
3917,0.49514,0.49514,0.49514,0.49514,0.49514,0.49514,0.49514,0.49514,0.49514,0.49514,0.49514,0.49514,0.49514,0.49514,0.49514,0.49514,0.49514,0.49514,0.49514,0.49514,0.49514,0.49514,0.49514,0.49514,0.49514,0.49514,0.49514,0.49514,0.49514
3918,0.49190,0.49190,0.49190,0.49190,0.49190,0.49190,0.49190,0.49190,0.49190,0.49190,0.49190,0.49190,0.49190,0.49190,0.49190,0.49190,0.49190,0.49190,0.49190,0.49190,0.49190,0.49190,0.49190,0.49190,0.49190,0.49190,0.49190,0.49190,0.49190
3919,0.48867,0.48867,0.48867,0.48867,0.48867,0.48867,0.48867,0.48867,0.48867,0.48867,0.48867,0.48867,0.48867,0.48867,0.48867,0.48867,0.48867,0.48867,0.48867,0.48867,0.48867,0.48867,0.48867,0.48867,0.48867,0.48867,0.48867,0.48867,0.48867
3920,0.48543,0.48543,0.48543,0.48543,0.48543,0.48543,0.48543,0.48543,0.48543,0.48543,0.48543,0.48543,0.48543,0.48543,0.48543,0.48543,0.48543,0.48543,0.48543,0.48543,0.48543,0.48543,0.48543,0.48543,0.48543,0.48543,0.48543,0.48543,0.48543
3921,0.48220,0.48220,0.48220,0.48220,0.48220,0.48220,0.48220,0.48220,0.48220,0.48220,0.48220,0.48220,0.48220,0.48220,0.48220,0.48220,0.48220,0.48220,0.48220,0.48220,0.48220,0.48220,0.48220,0.48220,0.48220,0.48220,0.48220,0.48220,0.48220
3922,0.47896,0.47896,0.47896,0.47896,0.47896,0.47896,0.47896,0.47896,0.47896,0.47896,0.47896,0.47896,0.47896,0.47896,0.47896,0.47896,0.47896,0.47896,0.47896,0.47896,0.47896,0.47896,0.47896,0.47896,0.47896,0.47896,0.47896,0.47896,0.47896
3923,0.47573,0.47573,0.47573,0.47573,0.47573,0.47573,0.47573,0.47573,0.47573,0.47573,0.47573,0.47573,0.47573,0.47573,0.47573,0.47573,0.47573,0.47573,0.47573,0.47573,0.47573,0.47573,0.47573,0.47573,0.47573,0.47573,0.47573,0.47573,0.47573
3924,0.47250,0.47250,0.47250,0.47250,0.47250,0.47250,0.47250,0.47250,0.47250,0.47250,0.47250,0.47250,0.47250,0.47250,0.47250,0.47250,0.47250,0.47250,0.47250,0.47250,0.47250,0.47250,0.47250,0.47250,0.47250,0.47250,0.47250,0.47250,0.47250
3925,0.46928,0.46928,0.46928,0.46928,0.46928,0.46928,0.46928,0.46928,0.46928,0.46928,0.46928,0.46928,0.46928,0.46928,0.46928,0.46928,0.46928,0.46928,0.46928,0.46928,0.46928,0.46928,0.46928,0.46928,0.46928,0.46928,0.46928,0.46928,0.46928
3926,0.46605,0.46605,0.46605,0.46605,0.46605,0.46605,0.46605,0.46605,0.46605,0.46605,0.46605,0.46605,0.46605,0.46605,0.46605,0.46605,0.46605,0.46605,0.46605,0.46605,0.46605,0.46605,0.46605,0.46605,0.46605,0.46605,0.46605,0.46605,0.46605
3927,0.46283,0.46283,0.46283,0.46283,0.46283,0.46283,0.46283,0.46283,0.46283,0.46283,0.46283,0.46283,0.46283,0.46283,0.46283,0.46283,0.46283,0.46283,0.46283,0.46283,0.46283,0.46283,0.46283,0.46283,0.46283,0.46283,0.46283,0.46283,0.46283
3928,0.45962,0.45962,0.45962,0.45962,0.45962,0.45962,0.45962,0.45962,0.45962,0.45962,0.45962,0.45962,0.45962,0.45962,0.45962,0.45962,0.45962,0.45962,0.45962,0.45962,0.45962,0.45962,0.45962,0.45962,0.45962,0.45962,0.45962,0.45962,0.45962
3929,0.45640,0.45640,0.45640,0.45640,0.45640,0.45640,0.45640,0.45640,0.45640,0.45640,0.45640,0.45640,0.45640,0.45640,0.45640,0.45640,0.45640,0.45640,0.45640,0.45640,0.45640,0.45640,0.45640,0.45640,0.45640,0.45640,0.45640,0.45640,0.45640
3930,0.45320,0.45320,0.45320,0.45320,0.45320,0.45320,0.45320,0.45320,0.45320,0.45320,0.45320,0.45320,0.45320,0.45320,0.45320,0.45320,0.45320,0.45320,0.45320,0.45320,0.45320,0.45320,0.45320,0.45320,0.45320,0.45320,0.45320,0.45320,0.45320
3931,0.44999,0.44999,0.44999,0.44999,0.44999,0.44999,0.44999,0.44999,0.44999,0.44999,0.44999,0.44999,0.44999,0.44999,0.44999,0.44999,0.44999,0.44999,0.44999,0.44999,0.44999,0.44999,0.44999,0.44999,0.44999,0.44999,0.44999,0.44999,0.44999
3932,0.44680,0.44680,0.44680,0.44680,0.44680,0.44680,0.44680,0.44680,0.44680,0.44680,0.44680,0.44680,0.44680,0.44680,0.44680,0.44680,0.44680,0.44680,0.44680,0.44680,0.44680,0.44680,0.44680,0.44680,0.44680,0.44680,0.44680,0.44680,0.44680
3933,0.44360,0.44360,0.44360,0.44360,0.44360,0.44360,0.44360,0.44360,0.44360,0.44360,0.44360,0.44360,0.44360,0.44360,0.44360,0.44360,0.44360,0.44360,0.44360,0.44360,0.44360,0.44360,0.44360,0.44360,0.44360,0.44360,0.44360,0.44360,0.44360
3934,0.44042,0.44042,0.44042,0.44042,0.44042,0.44042,0.44042,0.44042,0.44042,0.44042,0.44042,0.44042,0.44042,0.44042,0.44042,0.44042,0.44042,0.44042,0.44042,0.44042,0.44042,0.44042,0.44042,0.44042,0.44042,0.44042,0.44042,0.44042,0.44042
3935,0.43724,0.43724,0.43724,0.43724,0.43724,0.43724,0.43724,0.43724,0.43724,0.43724,0.43724,0.43724,0.43724,0.43724,0.43724,0.43724,0.43724,0.43724,0.43724,0.43724,0.43724,0.43724,0.43724,0.43724,0.43724,0.43724,0.43724,0.43724,0.43724
3936,0.43407,0.43407,0.43407,0.43407,0.43407,0.43407,0.43407,0.43407,0.43407,0.43407,0.43407,0.43407,0.43407,0.43407,0.43407,0.43407,0.43407,0.43407,0.43407,0.43407,0.43407,0.43407,0.43407,0.43407,0.43407,0.43407,0.43407,0.43407,0.43407
3937,0.43090,0.43090,0.43090,0.43090,0.43090,0.43090,0.43090,0.43090,0.43090,0.43090,0.43090,0.43090,0.43090,0.43090,0.43090,0.43090,0.43090,0.43090,0.43090,0.43090,0.43090,0.43090,0.43090,0.43090,0.43090,0.43090,0.43090,0.43090,0.43090
3938,0.42775,0.42775,0.42775,0.42775,0.42775,0.42775,0.42775,0.42775,0.42775,0.42775,0.42775,0.42775,0.42775,0.42775,0.42775,0.42775,0.42775,0.42775,0.42775,0.42775,0.42775,0.42775,0.42775,0.42775,0.42775,0.42775,0.42775,0.42775,0.42775
3939,0.42460,0.42460,0.42460,0.42460,0.42460,0.42460,0.42460,0.42460,0.42460,0.42460,0.42460,0.42460,0.42460,0.42460,0.42460,0.42460,0.42460,0.42460,0.42460,0.42460,0.42460,0.42460,0.42460,0.42460,0.42460,0.42460,0.42460,0.42460,0.42460
3940,0.42146,0.42146,0.42146,0.42146,0.42146,0.42146,0.42146,0.42146,0.42146,0.42146,0.42146,0.42146,0.42146,0.42146,0.42146,0.42146,0.42146,0.42146,0.42146,0.42146,0.42146,0.42146,0.42146,0.42146,0.42146,0.42146,0.42146,0.42146,0.42146
3941,0.41833,0.41833,0.41833,0.41833,0.41833,0.41833,0.41833,0.41833,0.41833,0.41833,0.41833,0.41833,0.41833,0.41833,0.41833,0.41833,0.41833,0.41833,0.41833,0.41833,0.41833,0.41833,0.41833,0.41833,0.41833,0.41833,0.41833,0.41833,0.41833
3942,0.41521,0.41521,0.41521,0.41521,0.41521,0.41521,0.41521,0.41521,0.41521,0.41521,0.41521,0.41521,0.41521,0.41521,0.41521,0.41521,0.41521,0.41521,0.41521,0.41521,0.41521,0.41521,0.41521,0.41521,0.41521,0.41521,0.41521,0.41521,0.41521
3943,0.41210,0.41210,0.41210,0.41210,0.41210,0.41210,0.41210,0.41210,0.41210,0.41210,0.41210,0.41210,0.41210,0.41210,0.41210,0.41210,0.41210,0.41210,0.41210,0.41210,0.41210,0.41210,0.41210,0.41210,0.41210,0.41210,0.41210,0.41210,0.41210
3944,0.40900,0.40900,0.40900,0.40900,0.40900,0.40900,0.40900,0.40900,0.40900,0.40900,0.40900,0.40900,0.40900,0.40900,0.40900,0.40900,0.40900,0.40900,0.40900,0.40900,0.40900,0.40900,0.40900,0.40900,0.40900,0.40900,0.40900,0.40900,0.40900
3945,0.40592,0.40592,0.40592,0.40592,0.40592,0.40592,0.40592,0.40592,0.40592,0.40592,0.40592,0.40592,0.40592,0.40592,0.40592,0.40592,0.40592,0.40592,0.40592,0.40592,0.40592,0.40592,0.40592,0.40592,0.40592,0.40592,0.40592,0.40592,0.40592
3946,0.40285,0.40285,0.40285,0.40285,0.40285,0.40285,0.40285,0.40285,0.40285,0.40285,0.40285,0.40285,0.40285,0.40285,0.40285,0.40285,0.40285,0.40285,0.40285,0.40285,0.40285,0.40285,0.40285,0.40285,0.40285,0.40285,0.40285,0.40285,0.40285
3947,0.39979,0.39979,0.39979,0.39979,0.39979,0.39979,0.39979,0.39979,0.39979,0.39979,0.39979,0.39979,0.39979,0.39979,0.39979,0.39979,0.39979,0.39979,0.39979,0.39979,0.39979,0.39979,0.39979,0.39979,0.39979,0.39979,0.39979,0.39979,0.39979
3948,0.39674,0.39674,0.39674,0.39674,0.39674,0.39674,0.39674,0.39674,0.39674,0.39674,0.39674,0.39674,0.39674,0.39674,0.39674,0.39674,0.39674,0.39674,0.39674,0.39674,0.39674,0.39674,0.39674,0.39674,0.39674,0.39674,0.39674,0.39674,0.39674
3949,0.39371,0.39371,0.39371,0.39371,0.39371,0.39371,0.39371,0.39371,0.39371,0.39371,0.39371,0.39371,0.39371,0.39371,0.39371,0.39371,0.39371,0.39371,0.39371,0.39371,0.39371,0.39371,0.39371,0.39371,0.39371,0.39371,0.39371,0.39371,0.39371
3950,0.39070,0.39070,0.39070,0.39070,0.39070,0.39070,0.39070,0.39070,0.39070,0.39070,0.39070,0.39070,0.39070,0.39070,0.39070,0.39070,0.39070,0.39070,0.39070,0.39070,0.39070,0.39070,0.39070,0.39070,0.39070,0.39070,0.39070,0.39070,0.39070
3951,0.38770,0.38770,0.38770,0.38770,0.38770,0.38770,0.38770,0.38770,0.38770,0.38770,0.38770,0.38770,0.38770,0.38770,0.38770,0.38770,0.38770,0.38770,0.38770,0.38770,0.38770,0.38770,0.38770,0.38770,0.38770,0.38770,0.38770,0.38770,0.38770
3952,0.38472,0.38472,0.38472,0.38472,0.38472,0.38472,0.38472,0.38472,0.38472,0.38472,0.38472,0.38472,0.38472,0.38472,0.38472,0.38472,0.38472,0.38472,0.38472,0.38472,0.38472,0.38472,0.38472,0.38472,0.38472,0.38472,0.38472,0.38472,0.38472
3953,0.38176,0.38176,0.38176,0.38176,0.38176,0.38176,0.38176,0.38176,0.38176,0.38176,0.38176,0.38176,0.38176,0.38176,0.38176,0.38176,0.38176,0.38176,0.38176,0.38176,0.38176,0.38176,0.38176,0.38176,0.38176,0.38176,0.38176,0.38176,0.38176
3954,0.37882,0.37882,0.37882,0.37882,0.37882,0.37882,0.37882,0.37882,0.37882,0.37882,0.37882,0.37882,0.37882,0.37882,0.37882,0.37882,0.37882,0.37882,0.37882,0.37882,0.37882,0.37882,0.37882,0.37882,0.37882,0.37882,0.37882,0.37882,0.37882
3955,0.37590,0.37590,0.37590,0.37590,0.37590,0.37590,0.37590,0.37590,0.37590,0.37590,0.37590,0.37590,0.37590,0.37590,0.37590,0.37590,0.37590,0.37590,0.37590,0.37590,0.37590,0.37590,0.37590,0.37590,0.37590,0.37590,0.37590,0.37590,0.37590
3956,0.37300,0.37300,0.37300,0.37300,0.37300,0.37300,0.37300,0.37300,0.37300,0.37300,0.37300,0.37300,0.37300,0.37300,0.37300,0.37300,0.37300,0.37300,0.37300,0.37300,0.37300,0.37300,0.37300,0.37300,0.37300,0.37300,0.37300,0.37300,0.37300
3957,0.37012,0.37012,0.37012,0.37012,0.37012,0.37012,0.37012,0.37012,0.37012,0.37012,0.37012,0.37012,0.37012,0.37012,0.37012,0.37012,0.37012,0.37012,0.37012,0.37012,0.37012,0.37012,0.37012,0.37012,0.37012,0.37012,0.37012,0.37012,0.37012
3958,0.36726,0.36726,0.36726,0.36726,0.36726,0.36726,0.36726,0.36726,0.36726,0.36726,0.36726,0.36726,0.36726,0.36726,0.36726,0.36726,0.36726,0.36726,0.36726,0.36726,0.36726,0.36726,0.36726,0.36726,0.36726,0.36726,0.36726,0.36726,0.36726
3959,0.36443,0.36443,0.36443,0.36443,0.36443,0.36443,0.36443,0.36443,0.36443,0.36443,0.36443,0.36443,0.36443,0.36443,0.36443,0.36443,0.36443,0.36443,0.36443,0.36443,0.36443,0.36443,0.36443,0.36443,0.36443,0.36443,0.36443,0.36443,0.36443
3960,0.36163,0.36163,0.36163,0.36163,0.36163,0.36163,0.36163,0.36163,0.36163,0.36163,0.36163,0.36163,0.36163,0.36163,0.36163,0.36163,0.36163,0.36163,0.36163,0.36163,0.36163,0.36163,0.36163,0.36163,0.36163,0.36163,0.36163,0.36163,0.36163
3961,0.35885,0.35885,0.35885,0.35885,0.35885,0.35885,0.35885,0.35885,0.35885,0.35885,0.35885,0.35885,0.35885,0.35885,0.35885,0.35885,0.35885,0.35885,0.35885,0.35885,0.35885,0.35885,0.35885,0.35885,0.35885,0.35885,0.35885,0.35885,0.35885
3962,0.35610,0.35610,0.35610,0.35610,0.35610,0.35610,0.35610,0.35610,0.35610,0.35610,0.35610,0.35610,0.35610,0.35610,0.35610,0.35610,0.35610,0.35610,0.35610,0.35610,0.35610,0.35610,0.35610,0.35610,0.35610,0.35610,0.35610,0.35610,0.35610
3963,0.35338,0.35338,0.35338,0.35338,0.35338,0.35338,0.35338,0.35338,0.35338,0.35338,0.35338,0.35338,0.35338,0.35338,0.35338,0.35338,0.35338,0.35338,0.35338,0.35338,0.35338,0.35338,0.35338,0.35338,0.35338,0.35338,0.35338,0.35338,0.35338
3964,0.35069,0.35069,0.35069,0.35069,0.35069,0.35069,0.35069,0.35069,0.35069,0.35069,0.35069,0.35069,0.35069,0.35069,0.35069,0.35069,0.35069,0.35069,0.35069,0.35069,0.35069,0.35069,0.35069,0.35069,0.35069,0.35069,0.35069,0.35069,0.35069
3965,0.34802,0.34802,0.34802,0.34802,0.34802,0.34802,0.34802,0.34802,0.34802,0.34802,0.34802,0.34802,0.34802,0.34802,0.34802,0.34802,0.34802,0.34802,0.34802,0.34802,0.34802,0.34802,0.34802,0.34802,0.34802,0.34802,0.34802,0.34802,0.34802
3966,0.34540,0.34540,0.34540,0.34540,0.34540,0.34540,0.34540,0.34540,0.34540,0.34540,0.34540,0.34540,0.34540,0.34540,0.34540,0.34540,0.34540,0.34540,0.34540,0.34540,0.34540,0.34540,0.34540,0.34540,0.34540,0.34540,0.34540,0.34540,0.34540
3967,0.34280,0.34280,0.34280,0.34280,0.34280,0.34280,0.34280,0.34280,0.34280,0.34280,0.34280,0.34280,0.34280,0.34280,0.34280,0.34280,0.34280,0.34280,0.34280,0.34280,0.34280,0.34280,0.34280,0.34280,0.34280,0.34280,0.34280,0.34280,0.34280
3968,0.34025,0.34025,0.34025,0.34025,0.34025,0.34025,0.34025,0.34025,0.34025,0.34025,0.34025,0.34025,0.34025,0.34025,0.34025,0.34025,0.34025,0.34025,0.34025,0.34025,0.34025,0.34025,0.34025,0.34025,0.34025,0.34025,0.34025,0.34025,0.34025
3969,0.33773,0.33773,0.33773,0.33773,0.33773,0.33773,0.33773,0.33773,0.33773,0.33773,0.33773,0.33773,0.33773,0.33773,0.33773,0.33773,0.33773,0.33773,0.33773,0.33773,0.33773,0.33773,0.33773,0.33773,0.33773,0.33773,0.33773,0.33773,0.33773
3970,0.33524,0.33524,0.33524,0.33524,0.33524,0.33524,0.33524,0.33524,0.33524,0.33524,0.33524,0.33524,0.33524,0.33524,0.33524,0.33524,0.33524,0.33524,0.33524,0.33524,0.33524,0.33524,0.33524,0.33524,0.33524,0.33524,0.33524,0.33524,0.33524
3971,0.33280,0.33280,0.33280,0.33280,0.33280,0.33280,0.33280,0.33280,0.33280,0.33280,0.33280,0.33280,0.33280,0.33280,0.33280,0.33280,0.33280,0.33280,0.33280,0.33280,0.33280,0.33280,0.33280,0.33280,0.33280,0.33280,0.33280,0.33280,0.33280
3972,0.33040,0.33040,0.33040,0.33040,0.33040,0.33040,0.33040,0.33040,0.33040,0.33040,0.33040,0.33040,0.33040,0.33040,0.33040,0.33040,0.33040,0.33040,0.33040,0.33040,0.33040,0.33040,0.33040,0.33040,0.33040,0.33040,0.33040,0.33040,0.33040
3973,0.32804,0.32804,0.32804,0.32804,0.32804,0.32804,0.32804,0.32804,0.32804,0.32804,0.32804,0.32804,0.32804,0.32804,0.32804,0.32804,0.32804,0.32804,0.32804,0.32804,0.32804,0.32804,0.32804,0.32804,0.32804,0.32804,0.32804,0.32804,0.32804
3974,0.32573,0.32573,0.32573,0.32573,0.32573,0.32573,0.32573,0.32573,0.32573,0.32573,0.32573,0.32573,0.32573,0.32573,0.32573,0.32573,0.32573,0.32573,0.32573,0.32573,0.32573,0.32573,0.32573,0.32573,0.32573,0.32573,0.32573,0.32573,0.32573
3975,0.32346,0.32346,0.32346,0.32346,0.32346,0.32346,0.32346,0.32346,0.32346,0.32346,0.32346,0.32346,0.32346,0.32346,0.32346,0.32346,0.32346,0.32346,0.32346,0.32346,0.32346,0.32346,0.32346,0.32346,0.32346,0.32346,0.32346,0.32346,0.32346
3976,0.32124,0.32124,0.32124,0.32124,0.32124,0.32124,0.32124,0.32124,0.32124,0.32124,0.32124,0.32124,0.32124,0.32124,0.32124,0.32124,0.32124,0.32124,0.32124,0.32124,0.32124,0.32124,0.32124,0.32124,0.32124,0.32124,0.32124,0.32124,0.32124
3977,0.31907,0.31907,0.31907,0.31907,0.31907,0.31907,0.31907,0.31907,0.31907,0.31907,0.31907,0.31907,0.31907,0.31907,0.31907,0.31907,0.31907,0.31907,0.31907,0.31907,0.31907,0.31907,0.31907,0.31907,0.31907,0.31907,0.31907,0.31907,0.31907
3978,0.31696,0.31696,0.31696,0.31696,0.31696,0.31696,0.31696,0.31696,0.31696,0.31696,0.31696,0.31696,0.31696,0.31696,0.31696,0.31696,0.31696,0.31696,0.31696,0.31696,0.31696,0.31696,0.31696,0.31696,0.31696,0.31696,0.31696,0.31696,0.31696
3979,0.31489,0.31489,0.31489,0.31489,0.31489,0.31489,0.31489,0.31489,0.31489,0.31489,0.31489,0.31489,0.31489,0.31489,0.31489,0.31489,0.31489,0.31489,0.31489,0.31489,0.31489,0.31489,0.31489,0.31489,0.31489,0.31489,0.31489,0.31489,0.31489
3980,0.31288,0.31288,0.31288,0.31288,0.31288,0.31288,0.31288,0.31288,0.31288,0.31288,0.31288,0.31288,0.31288,0.31288,0.31288,0.31288,0.31288,0.31288,0.31288,0.31288,0.31288,0.31288,0.31288,0.31288,0.31288,0.31288,0.31288,0.31288,0.31288
3981,0.31092,0.31092,0.31092,0.31092,0.31092,0.31092,0.31092,0.31092,0.31092,0.31092,0.31092,0.31092,0.31092,0.31092,0.31092,0.31092,0.31092,0.31092,0.31092,0.31092,0.31092,0.31092,0.31092,0.31092,0.31092,0.31092,0.31092,0.31092,0.31092
3982,0.30902,0.30902,0.30902,0.30902,0.30902,0.30902,0.30902,0.30902,0.30902,0.30902,0.30902,0.30902,0.30902,0.30902,0.30902,0.30902,0.30902,0.30902,0.30902,0.30902,0.30902,0.30902,0.30902,0.30902,0.30902,0.30902,0.30902,0.30902,0.30902
3983,0.30718,0.30718,0.30718,0.30718,0.30718,0.30718,0.30718,0.30718,0.30718,0.30718,0.30718,0.30718,0.30718,0.30718,0.30718,0.30718,0.30718,0.30718,0.30718,0.30718,0.30718,0.30718,0.30718,0.30718,0.30718,0.30718,0.30718,0.30718,0.30718
3984,0.30540,0.30540,0.30540,0.30540,0.30540,0.30540,0.30540,0.30540,0.30540,0.30540,0.30540,0.30540,0.30540,0.30540,0.30540,0.30540,0.30540,0.30540,0.30540,0.30540,0.30540,0.30540,0.30540,0.30540,0.30540,0.30540,0.30540,0.30540,0.30540
3985,0.30369,0.30369,0.30369,0.30369,0.30369,0.30369,0.30369,0.30369,0.30369,0.30369,0.30369,0.30369,0.30369,0.30369,0.30369,0.30369,0.30369,0.30369,0.30369,0.30369,0.30369,0.30369,0.30369,0.30369,0.30369,0.30369,0.30369,0.30369,0.30369
3986,0.30203,0.30203,0.30203,0.30203,0.30203,0.30203,0.30203,0.30203,0.30203,0.30203,0.30203,0.30203,0.30203,0.30203,0.30203,0.30203,0.30203,0.30203,0.30203,0.30203,0.30203,0.30203,0.30203,0.30203,0.30203,0.30203,0.30203,0.30203,0.30203
3987,0.30045,0.30045,0.30045,0.30045,0.30045,0.30045,0.30045,0.30045,0.30045,0.30045,0.30045,0.30045,0.30045,0.30045,0.30045,0.30045,0.30045,0.30045,0.30045,0.30045,0.30045,0.30045,0.30045,0.30045,0.30045,0.30045,0.30045,0.30045,0.30045
3988,0.29893,0.29893,0.29893,0.29893,0.29893,0.29893,0.29893,0.29893,0.29893,0.29893,0.29893,0.29893,0.29893,0.29893,0.29893,0.29893,0.29893,0.29893,0.29893,0.29893,0.29893,0.29893,0.29893,0.29893,0.29893,0.29893,0.29893,0.29893,0.29893
3989,0.29748,0.29748,0.29748,0.29748,0.29748,0.29748,0.29748,0.29748,0.29748,0.29748,0.29748,0.29748,0.29748,0.29748,0.29748,0.29748,0.29748,0.29748,0.29748,0.29748,0.29748,0.29748,0.29748,0.29748,0.29748,0.29748,0.29748,0.29748,0.29748
3990,0.29609,0.29609,0.29609,0.29609,0.29609,0.29609,0.29609,0.29609,0.29609,0.29609,0.29609,0.29609,0.29609,0.29609,0.29609,0.29609,0.29609,0.29609,0.29609,0.29609,0.29609,0.29609,0.29609,0.29609,0.29609,0.29609,0.29609,0.29609,0.29609
3991,0.29479,0.29479,0.29479,0.29479,0.29479,0.29479,0.29479,0.29479,0.29479,0.29479,0.29479,0.29479,0.29479,0.29479,0.29479,0.29479,0.29479,0.29479,0.29479,0.29479,0.29479,0.29479,0.29479,0.29479,0.29479,0.29479,0.29479,0.29479,0.29479
3992,0.29355,0.29355,0.29355,0.29355,0.29355,0.29355,0.29355,0.29355,0.29355,0.29355,0.29355,0.29355,0.29355,0.29355,0.29355,0.29355,0.29355,0.29355,0.29355,0.29355,0.29355,0.29355,0.29355,0.29355,0.29355,0.29355,0.29355,0.29355,0.29355
3993,0.29239,0.29239,0.29239,0.29239,0.29239,0.29239,0.29239,0.29239,0.29239,0.29239,0.29239,0.29239,0.29239,0.29239,0.29239,0.29239,0.29239,0.29239,0.29239,0.29239,0.29239,0.29239,0.29239,0.29239,0.29239,0.29239,0.29239,0.29239,0.29239
3994,0.29130,0.29130,0.29130,0.29130,0.29130,0.29130,0.29130,0.29130,0.29130,0.29130,0.29130,0.29130,0.29130,0.29130,0.29130,0.29130,0.29130,0.29130,0.29130,0.29130,0.29130,0.29130,0.29130,0.29130,0.29130,0.29130,0.29130,0.29130,0.29130
3995,0.29029,0.29029,0.29029,0.29029,0.29029,0.29029,0.29029,0.29029,0.29029,0.29029,0.29029,0.29029,0.29029,0.29029,0.29029,0.29029,0.29029,0.29029,0.29029,0.29029,0.29029,0.29029,0.29029,0.29029,0.29029,0.29029,0.29029,0.29029,0.29029
3996,0.28936,0.28936,0.28936,0.28936,0.28936,0.28936,0.28936,0.28936,0.28936,0.28936,0.28936,0.28936,0.28936,0.28936,0.28936,0.28936,0.28936,0.28936,0.28936,0.28936,0.28936,0.28936,0.28936,0.28936,0.28936,0.28936,0.28936,0.28936,0.28936
3997,0.28851,0.28851,0.28851,0.28851,0.28851,0.28851,0.28851,0.28851,0.28851,0.28851,0.28851,0.28851,0.28851,0.28851,0.28851,0.28851,0.28851,0.28851,0.28851,0.28851,0.28851,0.28851,0.28851,0.28851,0.28851,0.28851,0.28851,0.28851,0.28851
3998,0.28773,0.28773,0.28773,0.28773,0.28773,0.28773,0.28773,0.28773,0.28773,0.28773,0.28773,0.28773,0.28773,0.28773,0.28773,0.28773,0.28773,0.28773,0.28773,0.28773,0.28773,0.28773,0.28773,0.28773,0.28773,0.28773,0.28773,0.28773,0.28773
3999,0.28704,0.28704,0.28704,0.28704,0.28704,0.28704,0.28704,0.28704,0.28704,0.28704,0.28704,0.28704,0.28704,0.28704,0.28704,0.28704,0.28704,0.28704,0.28704,0.28704,0.28704,0.28704,0.28704,0.28704,0.28704,0.28704,0.28704,0.28704,0.28704
4000,0.28643,0.28643,0.28643,0.28643,0.28643,0.28643,0.28643,0.28643,0.28643,0.28643,0.28643,0.28643,0.28643,0.28643,0.28643,0.28643,0.28643,0.28643,0.28643,0.28643,0.28643,0.28643,0.28643,0.28643,0.28643,0.28643,0.28643,0.28643,0.28643
4001,0.28591,0.28591,0.28591,0.28591,0.28591,0.28591,0.28591,0.28591,0.28591,0.28591,0.28591,0.28591,0.28591,0.28591,0.28591,0.28591,0.28591,0.28591,0.28591,0.28591,0.28591,0.28591,0.28591,0.28591,0.28591,0.28591,0.28591,0.28591,0.28591
4002,0.28546,0.28546,0.28546,0.28546,0.28546,0.28546,0.28546,0.28546,0.28546,0.28546,0.28546,0.28546,0.28546,0.28546,0.28546,0.28546,0.28546,0.28546,0.28546,0.28546,0.28546,0.28546,0.28546,0.28546,0.28546,0.28546,0.28546,0.28546,0.28546
4003,0.28510,0.28510,0.28510,0.28510,0.28510,0.28510,0.28510,0.28510,0.28510,0.28510,0.28510,0.28510,0.28510,0.28510,0.28510,0.28510,0.28510,0.28510,0.28510,0.28510,0.28510,0.28510,0.28510,0.28510,0.28510,0.28510,0.28510,0.28510,0.28510
4004,0.28483,0.28483,0.28483,0.28483,0.28483,0.28483,0.28483,0.28483,0.28483,0.28483,0.28483,0.28483,0.28483,0.28483,0.28483,0.28483,0.28483,0.28483,0.28483,0.28483,0.28483,0.28483,0.28483,0.28483,0.28483,0.28483,0.28483,0.28483,0.28483
4005,0.28464,0.28464,0.28464,0.28464,0.28464,0.28464,0.28464,0.28464,0.28464,0.28464,0.28464,0.28464,0.28464,0.28464,0.28464,0.28464,0.28464,0.28464,0.28464,0.28464,0.28464,0.28464,0.28464,0.28464,0.28464,0.28464,0.28464,0.28464,0.28464
4006,0.28453,0.28453,0.28453,0.28453,0.28453,0.28453,0.28453,0.28453,0.28453,0.28453,0.28453,0.28453,0.28453,0.28453,0.28453,0.28453,0.28453,0.28453,0.28453,0.28453,0.28453,0.28453,0.28453,0.28453,0.28453,0.28453,0.28453,0.28453,0.28453
4007,0.28451,0.28451,0.28451,0.28451,0.28451,0.28451,0.28451,0.28451,0.28451,0.28451,0.28451,0.28451,0.28451,0.28451,0.28451,0.28451,0.28451,0.28451,0.28451,0.28451,0.28451,0.28451,0.28451,0.28451,0.28451,0.28451,0.28451,0.28451,0.28451
4008,0.28457,0.28457,0.28457,0.28457,0.28457,0.28457,0.28457,0.28457,0.28457,0.28457,0.28457,0.28457,0.28457,0.28457,0.28457,0.28457,0.28457,0.28457,0.28457,0.28457,0.28457,0.28457,0.28457,0.28457,0.28457,0.28457,0.28457,0.28457,0.28457
4009,0.28472,0.28472,0.28472,0.28472,0.28472,0.28472,0.28472,0.28472,0.28472,0.28472,0.28472,0.28472,0.28472,0.28472,0.28472,0.28472,0.28472,0.28472,0.28472,0.28472,0.28472,0.28472,0.28472,0.28472,0.28472,0.28472,0.28472,0.28472,0.28472
4010,0.28496,0.28496,0.28496,0.28496,0.28496,0.28496,0.28496,0.28496,0.28496,0.28496,0.28496,0.28496,0.28496,0.28496,0.28496,0.28496,0.28496,0.28496,0.28496,0.28496,0.28496,0.28496,0.28496,0.28496,0.28496,0.28496,0.28496,0.28496,0.28496
4011,0.28527,0.28527,0.28527,0.28527,0.28527,0.28527,0.28527,0.28527,0.28527,0.28527,0.28527,0.28527,0.28527,0.28527,0.28527,0.28527,0.28527,0.28527,0.28527,0.28527,0.28527,0.28527,0.28527,0.28527,0.28527,0.28527,0.28527,0.28527,0.28527
4012,0.28567,0.28567,0.28567,0.28567,0.28567,0.28567,0.28567,0.28567,0.28567,0.28567,0.28567,0.28567,0.28567,0.28567,0.28567,0.28567,0.28567,0.28567,0.28567,0.28567,0.28567,0.28567,0.28567,0.28567,0.28567,0.28567,0.28567,0.28567,0.28567
4013,0.28616,0.28616,0.28616,0.28616,0.28616,0.28616,0.28616,0.28616,0.28616,0.28616,0.28616,0.28616,0.28616,0.28616,0.28616,0.28616,0.28616,0.28616,0.28616,0.28616,0.28616,0.28616,0.28616,0.28616,0.28616,0.28616,0.28616,0.28616,0.28616
4014,0.28673,0.28673,0.28673,0.28673,0.28673,0.28673,0.28673,0.28673,0.28673,0.28673,0.28673,0.28673,0.28673,0.28673,0.28673,0.28673,0.28673,0.28673,0.28673,0.28673,0.28673,0.28673,0.28673,0.28673,0.28673,0.28673,0.28673,0.28673,0.28673
4015,0.28738,0.28738,0.28738,0.28738,0.28738,0.28738,0.28738,0.28738,0.28738,0.28738,0.28738,0.28738,0.28738,0.28738,0.28738,0.28738,0.28738,0.28738,0.28738,0.28738,0.28738,0.28738,0.28738,0.28738,0.28738,0.28738,0.28738,0.28738,0.28738
4016,0.28811,0.28811,0.28811,0.28811,0.28811,0.28811,0.28811,0.28811,0.28811,0.28811,0.28811,0.28811,0.28811,0.28811,0.28811,0.28811,0.28811,0.28811,0.28811,0.28811,0.28811,0.28811,0.28811,0.28811,0.28811,0.28811,0.28811,0.28811,0.28811
4017,0.28892,0.28892,0.28892,0.28892,0.28892,0.28892,0.28892,0.28892,0.28892,0.28892,0.28892,0.28892,0.28892,0.28892,0.28892,0.28892,0.28892,0.28892,0.28892,0.28892,0.28892,0.28892,0.28892,0.28892,0.28892,0.28892,0.28892,0.28892,0.28892
