day,box1,box2,box3,box4,box5,box6,box7,box8,box9,box10,box11,box12,box13,box14,box15,box16,box17,box18,box19,box20,box21,box22,box23,box24,box25,box26,box27,box28,box29
0,6.97992,0.10452,0.10345,7.39666,0.10360,0.10533,7.14863,0.10521,0.10300,6.88038,6.49273,7.33274,7.36796,0.10774,0.59860,7.37465,3.85303,3.67255,0.52113,6.06412,0.10617,6.04936,0.10497,0.09998,0.10267,0.10096,0.10411,0.10523,0.10542
1,7.17732,0.10450,0.10341,7.40673,0.10331,0.10495,3.05760,0.10504,0.10308,6.98268,2.17492,7.36778,7.24907,0.10297,0.12649,7.36097,0.37486,0.40973,0.13642,1.03168,0.10461,1.09532,0.10483,0.09994,0.10228,0.10102,0.10385,0.10511,0.10529
2,6.99032,0.10437,0.10320,7.39248,0.10314,0.10470,1.68998,0.10487,0.10293,7.11546,1.18033,7.36312,7.20899,0.10259,0.11280,7.35023,0.21090,0.22632,0.11883,0.48537,0.10426,0.49189,0.10461,0.09995,0.10201,0.10083,0.10360,0.10494,0.10512
3,6.90156,0.10429,0.10314,7.38464,0.10297,0.10452,0.24578,0.10475,0.10292,7.25994,0.42470,7.30196,6.76611,0.10202,0.10448,7.35307,0.11133,0.11626,0.10465,0.13450,0.10420,0.14025,0.10452,0.09993,0.10210,0.10118,0.10346,0.10473,0.10499
4,6.70370,0.10408,0.10302,7.38801,0.10282,0.10440,1.31505,0.10453,0.10263,7.34309,0.42489,7.27012,6.83981,0.10247,0.10388,7.36768,0.10403,0.10421,0.10275,0.10732,0.10423,0.10876,0.10428,0.09994,0.10215,0.10132,0.10338,0.10439,0.10481
5,6.76230,0.10409,0.10305,7.40771,0.10271,0.10414,7.34290,0.10414,0.10230,7.34104,6.37755,7.32775,7.29143,0.12352,0.94413,7.38750,3.44356,3.32145,0.79955,5.44759,0.11695,5.47693,0.10397,0.09998,0.10224,0.10099,0.10302,0.10426,0.10468
6,7.06164,0.10405,0.10297,7.43189,0.10263,0.10409,7.36595,0.10397,0.10220,7.27120,6.99884,7.38332,7.40132,0.27168,2.77487,7.41126,6.66696,6.61368,2.86355,7.28590,0.18388,7.26366,0.10372,0.09997,0.10259,0.10076,0.10299,0.10412,0.10462
7,7.27291,0.10400,0.10298,7.43696,0.10247,0.10393,7.33990,0.10398,0.10212,7.18693,6.91987,7.40644,7.42844,0.22900,1.31483,7.40149,4.88725,4.93348,1.63926,6.76726,0.13947,6.72551,0.10374,0.09998,0.10276,0.10058,0.10281,0.10397,0.10452
8,7.34627,0.10396,0.10297,7.43324,0.10239,0.10380,7.42667,0.10393,0.10227,7.25637,7.12204,7.41875,7.44114,0.45276,3.13144,7.40585,6.41159,6.28836,2.86145,7.27570,0.40195,7.27042,0.11190,0.09998,0.11204,0.10047,0.10267,0.10388,0.10442
9,7.41628,0.10396,0.10294,7.45489,0.10235,0.10381,6.86027,0.10399,0.10237,7.32408,6.30871,7.44761,7.43879,0.25666,1.56459,7.42739,4.03189,4.06048,1.52791,5.62224,0.24754,5.70719,0.11211,0.09999,0.10760,0.10048,0.10276,0.10380,0.10437
10,7.32804,0.10389,0.10285,7.46150,0.10225,0.10376,4.53738,0.10395,0.10240,7.38360,3.61022,7.44869,7.30452,0.14456,0.42193,7.42148,1.39749,1.55938,0.53633,2.51723,0.13320,2.63788,0.10622,0.09996,0.10411,0.10048,0.10280,0.10367,0.10430
11,7.14454,0.10362,0.10253,7.43410,0.10217,0.10363,2.86595,0.10390,0.10251,7.37063,2.23248,7.40813,7.19660,0.13109,0.23450,7.40296,0.69383,0.83848,0.32753,1.35436,0.11544,1.42897,0.10452,0.09991,0.10314,0.10058,0.10285,0.10338,0.10409
12,7.03746,0.10327,0.10227,7.41783,0.10240,0.10355,6.90045,0.10382,0.10260,7.33383,5.61061,7.36698,7.27745,0.18104,0.45623,7.40132,2.09991,2.06399,0.49130,4.49239,0.14004,4.51257,0.10557,0.09997,0.10843,0.10272,0.10297,0.10314,0.10386
13,7.20958,0.10316,0.10226,7.42913,0.10255,0.10375,7.42452,0.11000,0.10587,7.20180,7.18486,7.39654,7.41815,1.08240,4.95081,7.41615,7.24208,7.18715,4.57756,7.41250,1.27933,7.40726,0.19655,0.10000,0.18145,0.11149,0.10309,0.10307,0.10372
14,7.42712,0.10314,0.10226,7.45200,0.10262,0.10633,7.41734,0.14417,0.10731,7.39015,7.21845,7.42420,7.43775,1.50908,5.62846,7.44495,7.14852,7.17083,5.28934,7.37509,2.26397,7.38169,0.39406,0.10001,0.20987,0.11587,0.10323,0.10322,0.10371
15,7.40069,0.10309,0.10218,7.43360,0.10272,0.10899,6.36283,0.15190,0.10503,7.42411,5.95675,7.41331,7.36740,0.39053,2.03635,7.45384,3.99396,4.11098,1.86962,5.24929,0.59780,5.38769,0.24485,0.10000,0.13231,0.11245,0.10326,0.10352,0.10374
16,7.01184,0.10303,0.10211,7.41561,0.10279,0.11040,2.89737,0.14329,0.10436,7.37703,2.76138,7.39051,7.02087,0.15904,0.54555,7.44940,1.20342,1.33809,0.51082,1.86947,0.23965,2.02413,0.18548,0.10000,0.11681,0.10995,0.10324,0.10370,0.10376
17,6.09809,0.10298,0.10203,7.42399,0.10277,0.10718,0.97269,0.13622,0.10470,7.12696,1.17666,7.33932,6.74897,0.12424,0.23585,7.43435,0.38156,0.40625,0.19883,0.57568,0.18572,0.63191,0.16196,0.09999,0.11346,0.10647,0.10331,0.10333,0.10374
18,5.54873,0.10291,0.10194,7.43006,0.10257,0.10513,0.38179,0.12371,0.10646,6.72024,0.68432,7.27335,6.83680,0.11818,0.18227,7.41344,0.21261,0.19462,0.14338,0.25803,0.17077,0.25845,0.15181,0.09996,0.11276,0.10306,0.10366,0.10306,0.10362
19,5.68323,0.10277,0.10177,7.42550,0.10232,0.10497,1.08552,0.11576,0.10812,6.40287,0.56245,7.25408,7.13374,0.11773,0.17149,7.41370,0.18095,0.15751,0.13433,0.19700,0.16139,0.18898,0.14346,0.09994,0.11223,0.10153,0.10447,0.10293,0.10346
20,6.38531,0.10270,0.10165,7.43047,0.10205,0.10503,0.24257,0.11404,0.10838,6.29659,0.49706,7.27549,7.10000,0.11417,0.16430,7.41854,0.17182,0.14616,0.13024,0.17972,0.15288,0.16763,0.13837,0.09997,0.11047,0.10111,0.10443,0.10290,0.10337
21,5.93802,0.10269,0.10166,7.43471,0.10175,0.10518,1.01517,0.11240,0.10834,6.43518,0.41759,7.27389,6.98109,0.10902,0.14935,7.41718,0.15415,0.12938,0.12113,0.15670,0.13939,0.14351,0.12668,0.09995,0.10846,0.10120,0.10362,0.10302,0.10327
22,6.22522,0.10267,0.10166,7.43223,0.10162,0.10654,7.20140,0.11457,0.10768,6.74872,5.19142,7.28037,7.33470,0.11149,0.14768,7.42074,0.24857,0.25641,0.12402,2.39562,0.13918,2.57408,0.12567,0.09996,0.10707,0.10111,0.10351,0.10339,0.10316
23,6.89012,0.10268,0.10162,7.44754,0.10163,0.10702,6.84184,0.11617,0.10667,6.75351,5.07044,7.32230,7.42629,0.11045,0.14387,7.43248,0.23477,0.27367,0.12357,1.97426,0.13496,2.28680,0.12441,0.09999,0.10700,0.10106,0.10308,0.10377,0.10314
24,7.24908,0.10265,0.10151,7.46555,0.10166,0.10689,2.12997,0.11568,0.10535,6.91756,1.10494,7.37426,7.31212,0.10918,0.13736,7.44570,0.14667,0.13805,0.11992,0.24097,0.12743,0.28436,0.12100,0.10000,0.10719,0.10101,0.10284,0.10392,0.10313
25,6.68081,0.10262,0.10143,7.47108,0.10169,0.10665,0.20789,0.11457,0.10482,7.13362,0.43315,7.40199,6.94723,0.10823,0.12915,7.44685,0.13508,0.12222,0.11548,0.13892,0.12102,0.13210,0.11857,0.10001,0.10605,0.10096,0.10280,0.10394,0.10314
26,5.80850,0.10263,0.10146,7.46827,0.10175,0.10626,0.14461,0.11342,0.10495,6.85908,0.37305,7.36259,6.91299,0.10656,0.12099,7.43872,0.12580,0.11640,0.11168,0.12814,0.11704,0.12177,0.11730,0.10003,0.10537,0.10089,0.10285,0.10383,0.10320
27,5.70899,0.10266,0.10151,7.45494,0.10184,0.10592,0.13625,0.11243,0.10489,6.51677,0.34145,7.28743,6.98902,0.10543,0.11647,7.42432,0.11918,0.11263,0.10946,0.12098,0.11580,0.11650,0.11618,0.10003,0.10550,0.10090,0.10299,0.10372,0.10327
28,5.88525,0.10270,0.10156,7.44548,0.10195,0.10567,0.13140,0.11175,0.10482,6.49687,0.31810,7.25995,7.04424,0.10496,0.11471,7.42127,0.11570,0.11059,0.10819,0.11672,0.11534,0.11339,0.11495,0.10004,0.10550,0.10091,0.10317,0.10366,0.10335
29,6.17197,0.10274,0.10161,7.45374,0.10205,0.10548,0.12925,0.11133,0.10479,6.40759,0.30244,7.30538,7.16174,0.10473,0.11412,7.42573,0.11416,0.10953,0.10757,0.11462,0.11478,0.11177,0.11396,0.10003,0.10532,0.10090,0.10335,0.10363,0.10343
30,6.48210,0.10279,0.10166,7.46236,0.10213,0.10537,0.12938,0.11104,0.10479,6.38314,0.29169,7.33460,7.20738,0.10451,0.11385,7.42911,0.11353,0.10899,0.10732,0.11361,0.11413,0.11094,0.11326,0.10003,0.10510,0.10089,0.10348,0.10362,0.10350
31,6.55399,0.10285,0.10170,7.46770,0.10221,0.10528,0.19382,0.11080,0.10481,6.53465,0.28236,7.35059,7.18832,0.10431,0.11351,7.43464,0.11321,0.10862,0.10712,0.11299,0.11345,0.11045,0.11269,0.10004,0.10495,0.10091,0.10358,0.10363,0.10358
32,6.72934,0.10291,0.10175,7.48031,0.10227,0.10539,1.61708,0.11085,0.10481,6.67028,0.27953,7.37392,7.40296,0.10428,0.11338,7.44951,0.11306,0.10890,0.10731,0.11272,0.11297,0.11115,0.11231,0.10004,0.10472,0.10092,0.10369,0.10365,0.10366
33,7.10075,0.10297,0.10180,7.46733,0.10229,0.10548,1.61567,0.11068,0.10479,6.94759,0.27065,7.38811,7.39347,0.10406,0.11288,7.43577,0.11266,0.10887,0.10720,0.11265,0.11217,0.11129,0.11211,0.10002,0.10444,0.10086,0.10366,0.10367,0.10372
34,7.14265,0.10305,0.10187,7.42655,0.10233,0.10549,0.15289,0.11035,0.10478,7.27302,0.24432,7.39743,7.16586,0.10365,0.11193,7.39743,0.11226,0.10836,0.10665,0.11191,0.11132,0.11000,0.11190,0.10003,0.10446,0.10091,0.10364,0.10372,0.10379
35,6.54162,0.10307,0.10190,7.41386,0.10240,0.10527,0.12212,0.10991,0.10478,7.23831,0.23061,7.35973,7.03823,0.10364,0.11070,7.38949,0.11121,0.10740,0.10576,0.11135,0.11097,0.10911,0.11139,0.10004,0.10470,0.10094,0.10368,0.10373,0.10384
36,6.14566,0.10309,0.10194,7.42593,0.10249,0.10502,0.11998,0.10936,0.10482,6.85942,0.21987,7.34765,6.99511,0.10400,0.10994,7.40097,0.10984,0.10635,0.10512,0.10999,0.11077,0.10795,0.11098,0.10005,0.10485,0.10098,0.10379,0.10373,0.10391
37,6.11831,0.10311,0.10199,7.44512,0.10260,0.10484,0.17258,0.10893,0.10485,6.48736,0.21149,7.34700,7.05798,0.10431,0.10982,7.41862,0.10920,0.10580,0.10511,0.10907,0.11048,0.10719,0.11061,0.10005,0.10491,0.10101,0.10391,0.10374,0.10399
38,6.54245,0.10314,0.10200,7.45570,0.10265,0.10495,5.72371,0.10902,0.10476,6.45068,1.72696,7.36326,7.35135,0.10452,0.10952,7.42951,0.10894,0.10671,0.10549,0.16805,0.11017,0.17658,0.11030,0.10002,0.10471,0.10094,0.10407,0.10374,0.10402
39,7.12641,0.10321,0.10204,7.45475,0.10264,0.10505,2.90218,0.10901,0.10483,6.78676,0.86575,7.37886,7.38103,0.10416,0.10927,7.42255,0.10881,0.10654,0.10552,0.13617,0.10964,0.13572,0.11016,0.10003,0.10452,0.10095,0.10404,0.10378,0.10407
40,7.15902,0.10328,0.10209,7.46173,0.10268,0.10506,0.76901,0.10893,0.10483,7.04620,0.23154,7.41043,7.31660,0.10405,0.10918,7.43900,0.10878,0.10627,0.10558,0.10875,0.10934,0.10804,0.10992,0.10004,0.10442,0.10096,0.10406,0.10383,0.10415
41,6.79998,0.10332,0.10211,7.47022,0.10271,0.10494,0.12226,0.10862,0.10484,7.15823,0.19535,7.42509,7.04692,0.10387,0.10884,7.45324,0.10864,0.10595,0.10539,0.10839,0.10905,0.10693,0.10972,0.10003,0.10444,0.10093,0.10404,0.10384,0.10420
42,6.32369,0.10330,0.10208,7.46673,0.10272,0.10481,0.16240,0.10822,0.10476,7.02740,0.18722,7.40237,7.08668,0.10385,0.10844,7.44183,0.10831,0.10573,0.10509,0.10814,0.10892,0.10659,0.10958,0.10000,0.10440,0.10082,0.10405,0.10382,0.10421
43,6.60624,0.10328,0.10204,7.44419,0.10272,0.10488,4.68403,0.10811,0.10457,6.86926,0.63264,7.37749,7.41273,0.10396,0.10823,7.41441,0.10796,0.10600,0.10521,0.11124,0.10866,0.11315,0.10948,0.09999,0.10406,0.10067,0.10412,0.10381,0.10418
44,7.06165,0.10328,0.10201,7.42817,0.10267,0.10487,1.25767,0.10796,0.10457,6.88005,0.24079,7.37387,7.29782,0.10360,0.10788,7.40492,0.10770,0.10569,0.10499,0.10795,0.10825,0.10735,0.10930,0.09999,0.10384,0.10060,0.10406,0.10381,0.10417
45,6.60747,0.10325,0.10197,7.41511,0.10265,0.10476,1.45382,0.10758,0.10452,6.99291,0.28146,7.36247,7.15304,0.10339,0.10747,7.39438,0.10725,0.10524,0.10461,0.10816,0.10813,0.10746,0.10900,0.09998,0.10386,0.10055,0.10400,0.10378,0.10415
46,6.79392,0.10325,0.10195,7.40911,0.10267,0.10496,7.38154,0.10770,0.10429,7.00084,5.91931,7.35891,7.39236,0.10380,0.10773,7.38873,0.31441,0.32376,0.10582,3.19068,0.10743,3.35926,0.10864,0.10000,0.10356,0.10052,0.10410,0.10380,0.10415
47,7.26854,0.10327,0.10194,7.41112,0.10258,0.10493,4.49686,0.10755,0.10434,7.08236,2.16514,7.39003,7.38837,0.10330,0.10700,7.39142,0.13256,0.14418,0.10516,0.57575,0.10711,0.65589,0.10843,0.09999,0.10349,0.10055,0.10400,0.10381,0.10415
48,7.31130,0.10324,0.10188,7.40087,0.10253,0.10497,5.51679,0.10745,0.10417,7.27366,2.31454,7.39704,7.38928,0.10330,0.10737,7.37870,0.14307,0.14910,0.10593,0.59535,0.10676,0.66043,0.10818,0.09998,0.10328,0.10048,0.10396,0.10379,0.10411
49,6.96055,0.10311,0.10172,7.38742,0.10237,0.10474,0.49712,0.10705,0.10409,7.30160,0.31564,7.38084,7.12447,0.10268,0.10602,7.36458,0.10744,0.10735,0.10407,0.11701,0.10667,0.12033,0.10793,0.09989,0.10332,0.10034,0.10377,0.10370,0.10400
50,6.81238,0.10297,0.10154,7.37064,0.10228,0.10471,6.43776,0.10685,0.10373,7.25008,3.12666,7.35456,7.34240,0.10271,0.10574,7.34991,0.11247,0.11326,0.10409,0.57089,0.10617,0.68647,0.10761,0.09990,0.10292,0.10008,0.10371,0.10361,0.10386
51,7.11941,0.10294,0.10147,7.35543,0.10216,0.10476,7.27139,0.10680,0.10359,7.25623,5.40022,7.34954,7.36891,0.10251,0.10575,7.34070,0.12924,0.13684,0.10426,1.39578,0.10564,1.61791,0.10724,0.09993,0.10244,0.10002,0.10363,0.10359,0.10380
52,7.29229,0.10286,0.10136,7.34134,0.10203,0.10473,6.87001,0.10665,0.10339,7.28082,4.58073,7.35339,7.35329,0.10228,0.10619,7.33636,0.19409,0.20624,0.10484,1.57790,0.10525,1.75351,0.10688,0.09992,0.10204,0.09991,0.10349,0.10355,0.10372
53,7.32689,0.10274,0.10120,7.33437,0.10183,0.10470,7.26443,0.10641,0.10298,7.40319,6.25560,7.36278,7.33994,0.10248,0.14411,7.33874,1.11578,1.09962,0.13864,4.34758,0.10477,4.45945,0.10621,0.09986,0.10166,0.09976,0.10332,0.10348,0.10357
54,7.33892,0.10261,0.10103,7.34015,0.10162,0.10468,7.33202,0.10614,0.10253,7.39436,6.90611,7.36491,7.33338,0.10570,0.45085,7.35505,3.59363,3.41289,0.36387,6.87732,0.10611,6.87039,0.10540,0.09992,0.10136,0.09965,0.10316,0.10343,0.10341
55,7.33622,0.10261,0.10102,7.36296,0.10151,0.10474,7.33095,0.10590,0.10222,7.38591,6.98381,7.37997,7.34083,0.15680,2.18874,7.38286,6.56044,6.31122,1.65984,7.30443,0.15527,7.29352,0.10474,0.09999,0.10161,0.09977,0.10308,0.10349,0.10338
56,7.34123,0.10266,0.10107,7.38057,0.10148,0.10476,7.34179,0.10571,0.10213,7.35274,7.02095,7.38255,7.35934,0.26351,3.25142,7.40057,6.87165,6.73253,2.56468,7.30267,0.28814,7.29473,0.10538,0.10001,0.10331,0.09995,0.10303,0.10359,0.10340
57,7.35858,0.10271,0.10111,7.36147,0.10146,0.10469,7.25148,0.10562,0.10224,7.35206,6.88644,7.37175,7.35944,0.24714,2.34747,7.37940,5.52412,5.33451,1.93284,6.74605,0.25506,6.75650,0.10578,0.10001,0.10366,0.10004,0.10293,0.10366,0.10342
58,7.29097,0.10266,0.10102,7.35360,0.10139,0.10451,4.67641,0.10562,0.10238,7.35817,3.97238,7.37076,7.25949,0.12843,0.43810,7.36073,1.55541,1.58983,0.47569,2.79902,0.11946,2.88621,0.10484,0.09998,0.10190,0.10000,0.10282,0.10356,0.10338
59,6.88219,0.10255,0.10090,7.35040,0.10136,0.10438,1.82137,0.10555,0.10230,7.28810,1.64502,7.35121,7.10620,0.10726,0.16054,7.35733,0.40930,0.50647,0.19727,0.81363,0.10622,0.91544,0.10480,0.09999,0.10153,0.09996,0.10281,0.10344,0.10332
60,6.46418,0.10248,0.10081,7.34686,0.10132,0.10428,0.69074,0.10549,0.10224,7.05757,0.85334,7.31594,7.03481,0.10282,0.11770,7.35483,0.18638,0.24065,0.13285,0.31150,0.10434,0.37289,0.10479,0.09999,0.10133,0.09996,0.10281,0.10335,0.10330
61,6.44715,0.10243,0.10074,7.34570,0.10129,0.10425,3.35234,0.10536,0.10204,6.81025,1.35259,7.30236,7.17405,0.10233,0.11299,7.35564,0.15753,0.19204,0.12247,0.29696,0.10400,0.33665,0.10460,0.10000,0.10110,0.09996,0.10280,0.10331,0.10328
62,7.06878,0.10251,0.10078,7.35246,0.10131,0.10432,6.49168,0.10519,0.10181,6.90323,4.67886,7.34293,7.34499,0.10402,0.12463,7.34881,0.21863,0.25660,0.13548,1.33577,0.10448,1.64760,0.10399,0.10001,0.10090,0.10002,0.10279,0.10337,0.10333
63,7.07792,0.10257,0.10081,7.38462,0.10130,0.10421,0.67916,0.10522,0.10202,7.25380,0.63703,7.38800,7.05837,0.10164,0.10866,7.35775,0.13008,0.14564,0.11235,0.17049,0.10318,0.19382,0.10404,0.10001,0.10094,0.10006,0.10266,0.10338,0.10337
64,6.13305,0.10257,0.10081,7.41111,0.10133,0.10411,0.15312,0.10525,0.10215,7.05972,0.42261,7.38257,6.79503,0.10089,0.10356,7.37796,0.10774,0.11190,0.10368,0.11507,0.10296,0.12062,0.10434,0.10001,0.10114,0.10009,0.10262,0.10335,0.10340
65,5.68009,0.10258,0.10083,7.42241,0.10140,0.10405,0.12507,0.10527,0.10223,6.53853,0.37320,7.35484,6.77556,0.10086,0.10273,7.40103,0.10342,0.10412,0.10174,0.10517,0.10322,0.10661,0.10455,0.10001,0.10128,0.10013,0.10264,0.10333,0.10345
66,5.62634,0.10256,0.10083,7.42958,0.10145,0.10396,0.11630,0.10525,0.10231,6.15912,0.34432,7.32170,6.77667,0.10095,0.10276,7.41810,0.10254,0.10197,0.10131,0.10280,0.10350,0.10281,0.10472,0.10001,0.10142,0.10014,0.10265,0.10331,0.10348
67,5.43394,0.10254,0.10084,7.44031,0.10150,0.10388,0.11431,0.10519,0.10244,6.03524,0.31567,7.27823,6.79134,0.10114,0.10301,7.42019,0.10252,0.10150,0.10132,0.10237,0.10382,0.10183,0.10494,0.10001,0.10168,0.10017,0.10268,0.10329,0.10353
68,5.57295,0.10250,0.10084,7.43875,0.10154,0.10384,0.11440,0.10510,0.10245,5.95362,0.29483,7.23496,6.96082,0.10126,0.10324,7.40080,0.10269,0.10154,0.10149,0.10244,0.10401,0.10182,0.10500,0.10000,0.10175,0.10017,0.10276,0.10327,0.10356
69,5.74830,0.10233,0.10070,7.41748,0.10148,0.10373,0.27063,0.10477,0.10201,6.00600,0.27878,7.23015,7.01453,0.10217,0.10334,7.37780,0.10290,0.10164,0.10155,0.10252,0.10447,0.10186,0.10424,0.09995,0.10159,0.10011,0.10274,0.10317,0.10347
70,6.15649,0.10221,0.10057,7.39658,0.10145,0.10372,6.85113,0.10394,0.10134,6.40023,5.14882,7.27701,7.32815,0.10269,0.16250,7.36483,1.20128,0.76699,0.10684,3.92122,0.10375,3.88751,0.10314,0.09997,0.10270,0.10078,0.10266,0.10311,0.10337
71,7.09040,0.10226,0.10056,7.41108,0.10138,0.10368,6.43911,0.10367,0.10131,6.72127,4.87215,7.36398,7.40847,0.10310,0.17230,7.38118,0.92628,0.45790,0.11047,3.06068,0.10351,2.65276,0.10281,0.10000,0.10264,0.10071,0.10256,0.10312,0.10338
72,7.31905,0.10218,0.10055,7.41547,0.10143,0.10357,3.85775,0.10357,0.10131,7.14904,1.89424,7.38621,7.36275,0.10323,0.12766,7.37717,0.27220,0.15978,0.10578,0.74065,0.10334,0.58309,0.10307,0.10000,0.10253,0.10081,0.10246,0.10312,0.10333
73,7.29653,0.10218,0.10058,7.39925,0.10150,0.10352,6.95715,0.10338,0.10143,7.29494,4.52773,7.40642,7.40397,0.10505,0.18014,7.36561,0.56954,0.38663,0.11918,2.13316,0.11062,2.19822,0.10308,0.10001,0.10250,0.10077,0.10237,0.10317,0.10333
74,7.34072,0.10232,0.10063,7.41437,0.10141,0.10343,4.19145,0.10322,0.10161,7.33156,2.84358,7.42481,7.33342,0.10518,0.16755,7.38416,0.40488,0.29112,0.12079,1.22838,0.11142,1.19880,0.10312,0.10000,0.10212,0.10050,0.10235,0.10321,0.10341
75,6.70898,0.10218,0.10059,7.42128,0.10148,0.10331,0.32782,0.10335,0.10149,7.32617,0.48810,7.40750,6.88429,0.10338,0.11351,7.38399,0.14070,0.12360,0.10920,0.17532,0.10379,0.15640,0.10320,0.10000,0.10218,0.10060,0.10216,0.10312,0.10334
76,5.75659,0.10197,0.10056,7.41086,0.10161,0.10325,0.14624,0.10335,0.10147,7.03434,0.35681,7.34036,6.82859,0.10291,0.10438,7.37334,0.10951,0.10915,0.10485,0.11657,0.10326,0.11475,0.10339,0.10000,0.10229,0.10059,0.10197,0.10305,0.10323
77,5.63978,0.10182,0.10054,7.40880,0.10166,0.10321,0.12640,0.10331,0.10142,6.45846,0.31685,7.28631,6.97972,0.10283,0.10333,7.37317,0.10433,0.10525,0.10357,0.10627,0.10337,0.10689,0.10336,0.10000,0.10220,0.10044,0.10189,0.10298,0.10315
78,5.99881,0.10166,0.10052,7.40775,0.10160,0.10313,2.82429,0.10324,0.10141,6.16958,1.18984,7.27796,7.15991,0.10280,0.10322,7.37013,0.10424,0.10474,0.10318,0.22387,0.10333,0.23635,0.10331,0.09998,0.10230,0.10068,0.10183,0.10280,0.10303
79,6.36499,0.10175,0.10058,7.37625,0.10117,0.10296,7.24698,0.10314,0.10153,6.37349,6.31246,7.28238,7.34525,0.10298,0.10365,7.35707,0.37314,0.30548,0.10419,3.72864,0.10321,3.56082,0.10316,0.09997,0.10253,0.10114,0.10182,0.10249,0.10287
80,6.95225,0.10175,0.10063,7.37394,0.10098,0.10281,4.70290,0.10303,0.10157,6.63960,2.63163,7.30940,7.34255,0.10296,0.10323,7.37714,0.16331,0.14228,0.10362,0.87553,0.10314,0.65624,0.10302,0.09999,0.10248,0.10111,0.10191,0.10215,0.10268
81,6.91356,0.10180,0.10073,7.38772,0.10085,0.10272,0.46351,0.10297,0.10154,6.88647,0.45711,7.32766,7.04893,0.10284,0.10311,7.38406,0.10370,0.10540,0.10309,0.11736,0.10304,0.12052,0.10295,0.10000,0.10218,0.10069,0.10188,0.10204,0.10259
82,6.31471,0.10183,0.10080,7.39768,0.10082,0.10265,0.72308,0.10289,0.10150,6.88522,0.32992,7.31242,7.08391,0.10268,0.10307,7.38738,0.10313,0.10327,0.10300,0.10365,0.10295,0.10441,0.10289,0.10000,0.10184,0.10043,0.10194,0.10198,0.10251
83,6.53711,0.10186,0.10097,7.40771,0.10074,0.10265,0.40922,0.10284,0.10157,6.64778,0.29736,7.33088,7.09878,0.10199,0.10296,7.39477,0.10310,0.10314,0.10290,0.10335,0.10264,0.10362,0.10269,0.10000,0.10135,0.10023,0.10179,0.10203,0.10250
84,6.34747,0.10188,0.10107,7.41744,0.10080,0.10266,4.19437,0.10274,0.10138,6.66553,2.97001,7.34438,7.13023,0.10193,0.10352,7.40184,0.27340,0.29343,0.10378,1.74694,0.10247,1.80154,0.10254,0.10001,0.10121,0.10020,0.10177,0.10205,0.10248
85,7.00733,0.10197,0.10129,7.42808,0.10092,0.10267,4.67256,0.10255,0.10130,6.81269,3.35635,7.37240,7.34274,0.10175,0.10399,7.41443,0.29551,0.36323,0.10477,1.77627,0.10222,1.93443,0.10223,0.10001,0.10105,0.10020,0.10166,0.10207,0.10248
86,6.98739,0.10200,0.10139,7.43559,0.10099,0.10262,3.46012,0.10254,0.10126,7.09562,1.20780,7.39786,7.21779,0.10150,0.10263,7.41924,0.10890,0.11607,0.10318,0.20485,0.10200,0.22724,0.10214,0.10001,0.10100,0.10020,0.10179,0.10201,0.10244
87,6.86686,0.10203,0.10141,7.43781,0.10108,0.10251,0.78085,0.10254,0.10130,7.13055,0.41589,7.40537,7.05992,0.10128,0.10215,7.42178,0.10395,0.10710,0.10241,0.11841,0.10188,0.12555,0.10212,0.10000,0.10099,0.10017,0.10194,0.10192,0.10241
88,6.44023,0.10205,0.10142,7.42897,0.10131,0.10240,3.22142,0.10250,0.10127,7.09811,0.62665,7.38767,7.14561,0.10134,0.10196,7.40015,0.10289,0.10393,0.10217,0.11138,0.10180,0.11433,0.10208,0.10001,0.10093,0.10020,0.10209,0.10182,0.10232
89,6.35755,0.10210,0.10140,7.41879,0.10154,0.10227,0.12660,0.10249,0.10129,6.86508,0.24867,7.36497,6.96227,0.10132,0.10179,7.39883,0.10203,0.10255,0.10182,0.10256,0.10190,0.10315,0.10219,0.10001,0.10100,0.10023,0.10212,0.10173,0.10228
90,5.99624,0.10211,0.10141,7.41928,0.10159,0.10220,2.19134,0.10243,0.10124,6.64732,0.85798,7.33090,7.08250,0.10129,0.10175,7.40155,0.10197,0.10229,0.10164,0.16151,0.10192,0.17237,0.10222,0.09999,0.10098,0.10016,0.10207,0.10170,0.10221
91,6.56540,0.10207,0.10135,7.42369,0.10156,0.10213,6.41799,0.10230,0.10112,6.51982,5.07536,7.35816,7.37156,0.10133,0.10224,7.40651,0.29437,0.35622,0.10269,2.86123,0.10173,3.07668,0.10201,0.09999,0.10104,0.10014,0.10196,0.10167,0.10213
92,7.05022,0.10200,0.10135,7.42550,0.10162,0.10200,5.06833,0.10220,0.10108,6.82106,3.38262,7.37597,7.28940,0.10133,0.10259,7.40383,0.17095,0.18368,0.10405,1.25569,0.10169,1.33051,0.10198,0.10000,0.10095,0.10017,0.10187,0.10165,0.10205
93,7.02573,0.10199,0.10141,7.41577,0.10170,0.10193,1.92670,0.10210,0.10114,7.05593,1.05532,7.38071,7.15104,0.10136,0.10200,7.39333,0.11291,0.12501,0.10284,0.25280,0.10182,0.28112,0.10203,0.10001,0.10096,0.10022,0.10182,0.10167,0.10203
94,6.09005,0.10195,0.10132,7.41566,0.10166,0.10189,0.12843,0.10203,0.10116,6.99460,0.29645,7.34836,6.90434,0.10114,0.10174,7.39820,0.10194,0.10263,0.10159,0.10304,0.10184,0.10454,0.10209,0.10000,0.10104,0.10020,0.10179,0.10167,0.10203
95,5.95705,0.10187,0.10121,7.43545,0.10165,0.10184,0.11588,0.10201,0.10109,6.44304,0.26608,7.34082,6.94670,0.10112,0.10173,7.41648,0.10174,0.10175,0.10142,0.10189,0.10186,0.10208,0.10207,0.10001,0.10122,0.10030,0.10175,0.10169,0.10206
96,5.63706,0.10184,0.10119,7.44481,0.10166,0.10182,0.11224,0.10198,0.10113,6.30993,0.24091,7.33673,6.76832,0.10117,0.10178,7.42639,0.10169,0.10146,0.10130,0.10169,0.10196,0.10161,0.10205,0.10001,0.10114,0.10026,0.10178,0.10172,0.10210
97,5.56458,0.10180,0.10113,7.44284,0.10157,0.10178,1.34608,0.10190,0.10113,6.15178,0.29818,7.28781,7.05555,0.10098,0.10176,7.41594,0.10161,0.10128,0.10121,0.10240,0.10187,0.10271,0.10193,0.09998,0.10087,0.10012,0.10173,0.10169,0.10204
98,6.45082,0.10179,0.10108,7.43756,0.10146,0.10178,7.40629,0.10179,0.10090,6.18843,6.36055,7.33422,7.40130,0.10308,0.43433,7.40883,3.28942,3.25812,0.44450,5.60788,0.10209,5.63412,0.10165,0.09999,0.10077,0.10006,0.10162,0.10166,0.10195
99,7.28356,0.10182,0.10106,7.45199,0.10146,0.10178,5.56846,0.10181,0.10097,6.84706,4.53713,7.38608,7.40004,0.10221,0.20914,7.43279,1.33333,1.70338,0.24989,3.24023,0.10166,3.60862,0.10161,0.10001,0.10085,0.10012,0.10164,0.10166,0.10196
100,6.60325,0.10188,0.10114,7.45565,0.10139,0.10180,0.50446,0.10186,0.10122,7.25234,0.55774,7.38552,6.89357,0.10078,0.10291,7.43006,0.12215,0.13866,0.10453,0.18416,0.10149,0.22134,0.10172,0.10002,0.10085,0.10020,0.10169,0.10170,0.10201
101,5.58083,0.10195,0.10128,7.43844,0.10132,0.10182,0.12177,0.10188,0.10142,6.98134,0.29136,7.30303,6.85756,0.10063,0.10144,7.40356,0.10173,0.10179,0.10096,0.10273,0.10147,0.10330,0.10181,0.10002,0.10096,0.10038,0.10163,0.10177,0.10207
102,5.80391,0.10198,0.10135,7.41989,0.10133,0.10180,1.62178,0.10187,0.10144,6.51689,0.31827,7.26919,7.18854,0.10058,0.10139,7.39403,0.10141,0.10112,0.10085,0.10253,0.10137,0.10342,0.10174,0.10000,0.10100,0.10040,0.10156,0.10181,0.10208
103,6.74581,0.10196,0.10137,7.41405,0.10130,0.10177,5.94612,0.10182,0.10137,6.28739,0.96778,7.28691,7.41279,0.10053,0.10134,7.39263,0.10146,0.10121,0.10085,0.11118,0.10124,0.11519,0.10150,0.09999,0.10090,0.10032,0.10150,0.10179,0.10206
104,7.14680,0.10195,0.10135,7.40765,0.10124,0.10175,1.28634,0.10179,0.10130,6.57867,0.30107,7.33389,7.30890,0.10055,0.10129,7.38972,0.10137,0.10106,0.10087,0.10288,0.10119,0.10254,0.10153,0.10000,0.10077,0.10025,0.10149,0.10177,0.10204
105,6.96559,0.10194,0.10127,7.41358,0.10128,0.10177,1.64863,0.10178,0.10122,6.96773,0.31904,7.34820,7.30294,0.10059,0.10123,7.39487,0.10135,0.10109,0.10087,0.10271,0.10122,0.10347,0.10153,0.10000,0.10073,0.10021,0.10153,0.10177,0.10206
106,7.21533,0.10175,0.10096,7.43387,0.10119,0.10165,7.39743,0.10156,0.10091,7.10224,6.06262,7.40786,7.42892,0.10056,0.11632,7.41015,1.05695,1.14066,0.12063,4.31177,0.10097,4.42364,0.10118,0.09993,0.10060,0.10002,0.10139,0.10166,0.10193
107,7.39899,0.10160,0.10074,7.44442,0.10107,0.10154,6.46218,0.10142,0.10076,7.26761,5.28892,7.43464,7.43441,0.10052,0.12497,7.41832,1.13684,1.40279,0.13913,3.91474,0.10082,4.11306,0.10110,0.09999,0.10052,0.09989,0.10127,0.10152,0.10180
108,6.99723,0.10161,0.10076,7.44103,0.10108,0.10156,0.71634,0.10151,0.10083,7.35252,0.61614,7.42901,7.04884,0.10051,0.10132,7.41068,0.11122,0.12850,0.10194,0.17058,0.10099,0.22067,0.10127,0.10001,0.10051,0.09999,0.10132,0.10149,0.10182
109,6.03631,0.10151,0.10065,7.44309,0.10094,0.10147,0.13943,0.10144,0.10077,7.03837,0.32144,7.38205,7.00260,0.10030,0.10080,7.40694,0.10116,0.10165,0.10056,0.10298,0.10092,0.10469,0.10123,0.09997,0.10051,0.09995,0.10121,0.10144,0.10174
110,6.22300,0.10135,0.10047,7.44124,0.10082,0.10134,0.13382,0.10129,0.10061,6.54551,0.29342,7.35257,7.17678,0.10011,0.10059,7.40148,0.10067,0.10059,0.10029,0.10117,0.10070,0.10154,0.10107,0.09997,0.10045,0.09987,0.10106,0.10136,0.10160
111,6.19901,0.10131,0.10042,7.43412,0.10079,0.10132,0.11499,0.10128,0.10060,6.46150,0.26464,7.33558,6.98116,0.10015,0.10055,7.40044,0.10051,0.10029,0.10020,0.10056,0.10073,0.10047,0.10108,0.10000,0.10041,0.09989,0.10105,0.10135,0.10158
112,6.11816,0.10127,0.10038,7.44040,0.10078,0.10131,0.11487,0.10126,0.10058,6.48622,0.24869,7.32479,7.11247,0.10017,0.10056,7.40540,0.10046,0.10021,0.10017,0.10044,0.10078,0.10031,0.10108,0.09999,0.10035,0.09990,0.10104,0.10135,0.10157
113,6.27242,0.10119,0.10026,7.44200,0.10073,0.10128,0.11220,0.10124,0.10052,6.41742,0.23737,7.34239,7.05032,0.10017,0.10059,7.40528,0.10045,0.10017,0.10016,0.10040,0.10081,0.10025,0.10107,0.09998,0.10031,0.09988,0.10101,0.10130,0.10154
114,6.08504,0.10112,0.10018,7.44724,0.10068,0.10126,0.11097,0.10123,0.10050,6.48615,0.22635,7.33213,7.00638,0.10019,0.10064,7.41009,0.10050,0.10016,0.10020,0.10042,0.10085,0.10024,0.10109,0.10000,0.10030,0.09988,0.10099,0.10128,0.10153
115,5.93575,0.10106,0.10021,7.44821,0.10062,0.10119,0.11068,0.10117,0.10056,6.40203,0.21474,7.30915,6.98985,0.10009,0.10060,7.40695,0.10047,0.10010,0.10016,0.10038,0.10070,0.10017,0.10102,0.09998,0.10029,0.09988,0.10089,0.10127,0.10147
116,5.89601,0.10107,0.10027,7.42965,0.10051,0.10111,0.10994,0.10110,0.10057,6.39598,0.20553,7.28858,6.94227,0.10003,0.10052,7.39811,0.10042,0.10007,0.10009,0.10033,0.10059,0.10011,0.10095,0.10000,0.10022,0.09992,0.10077,0.10123,0.10141
117,5.78259,0.10117,0.10041,7.41909,0.10051,0.10107,0.11087,0.10110,0.10060,6.34030,0.19624,7.27597,7.00502,0.10010,0.10055,7.39553,0.10050,0.10019,0.10016,0.10044,0.10068,0.10025,0.10098,0.10001,0.10028,0.10007,0.10073,0.10123,0.10143
118,6.12694,0.10118,0.10042,7.42329,0.10053,0.10108,0.11253,0.10111,0.10060,6.31417,0.18834,7.29067,7.12357,0.10014,0.10057,7.39664,0.10052,0.10024,0.10020,0.10047,0.10069,0.10031,0.10097,0.10001,0.10032,0.10010,0.10075,0.10124,0.10145
119,6.53927,0.10120,0.10046,7.43280,0.10054,0.10107,2.39879,0.10108,0.10058,6.42917,0.23636,7.31219,7.31647,0.10018,0.10058,7.39853,0.10051,0.10029,0.10025,0.10097,0.10065,0.10142,0.10091,0.10001,0.10031,0.10011,0.10075,0.10124,0.10146
120,7.06511,0.10125,0.10058,7.43008,0.10063,0.10108,7.36457,0.10100,0.10058,6.70497,5.19320,7.36188,7.44015,0.10029,0.10065,7.39930,0.12621,0.14607,0.10045,1.62088,0.10060,1.97137,0.10070,0.10002,0.10039,0.10021,0.10075,0.10124,0.10150
121,7.36501,0.10127,0.10063,7.43872,0.10077,0.10112,4.63349,0.10097,0.10062,7.00561,2.16076,7.39523,7.42653,0.10040,0.10068,7.40856,0.10583,0.11588,0.10055,0.37436,0.10060,0.52042,0.10071,0.10003,0.10054,0.10030,0.10084,0.10129,0.10156
122,7.14172,0.10131,0.10069,7.45685,0.10090,0.10121,0.43770,0.10104,0.10071,7.35349,0.32829,7.43045,7.16128,0.10057,0.10071,7.42540,0.10092,0.10128,0.10063,0.10459,0.10071,0.10962,0.10085,0.10004,0.10069,0.10041,0.10099,0.10136,0.10165
123,6.36583,0.10132,0.10073,7.47262,0.10098,0.10128,0.11949,0.10111,0.10079,7.12803,0.23679,7.43908,7.04193,0.10071,0.10078,7.44399,0.10081,0.10082,0.10071,0.10090,0.10083,0.10096,0.10096,0.10003,0.10077,0.10043,0.10110,0.10141,0.10172
124,6.24992,0.10133,0.10075,7.48226,0.10103,0.10132,0.11630,0.10116,0.10082,6.71081,0.21938,7.41662,7.10558,0.10074,0.10081,7.45230,0.10079,0.10077,0.10074,0.10082,0.10090,0.10083,0.10102,0.10002,0.10078,0.10039,0.10115,0.10144,0.10176
125,6.19682,0.10135,0.10077,7.48355,0.10106,0.10136,0.11243,0.10120,0.10087,6.56785,0.20574,7.39242,6.97647,0.10074,0.10086,7.45226,0.10080,0.10076,0.10077,0.10078,0.10095,0.10077,0.10106,0.10002,0.10075,0.10033,0.10119,0.10145,0.10179
126,6.15991,0.10134,0.10076,7.48300,0.10107,0.10137,3.36806,0.10120,0.10084,6.50445,1.63509,7.37790,7.23044,0.10074,0.10086,7.44987,0.10192,0.10218,0.10076,0.33271,0.10094,0.36798,0.10106,0.10000,0.10069,0.10025,0.10118,0.10144,0.10179
127,6.97964,0.10136,0.10077,7.49467,0.10110,0.10139,4.15936,0.10122,0.10082,6.63116,1.90997,7.41713,7.44672,0.10076,0.10086,7.46063,0.10225,0.10296,0.10077,0.32717,0.10094,0.36739,0.10106,0.10001,0.10068,0.10023,0.10119,0.10141,0.10178
128,7.09223,0.10142,0.10081,7.50058,0.10113,0.10144,0.25427,0.10129,0.10086,7.07039,0.24997,7.43665,7.17630,0.10080,0.10096,7.46196,0.10092,0.10091,0.10087,0.10131,0.10103,0.10158,0.10113,0.10002,0.10069,0.10025,0.10124,0.10142,0.10183
129,6.42720,0.10146,0.10087,7.50287,0.10118,0.10150,0.11444,0.10138,0.10096,7.09202,0.21120,7.44404,7.04390,0.10077,0.10106,7.46328,0.10104,0.10100,0.10096,0.10102,0.10110,0.10102,0.10121,0.10004,0.10074,0.10032,0.10130,0.10148,0.10191
130,5.91314,0.10154,0.10100,7.49828,0.10115,0.10152,0.11147,0.10146,0.10111,6.73801,0.19652,7.40648,6.99496,0.10068,0.10112,7.45835,0.10112,0.10106,0.10094,0.10112,0.10113,0.10110,0.10129,0.10003,0.10079,0.10045,0.10135,0.10154,0.10194
131,5.84903,0.10152,0.10100,7.47438,0.10097,0.10141,0.34553,0.10140,0.10106,6.46871,0.18654,7.35011,7.07701,0.10051,0.10095,7.44113,0.10092,0.10075,0.10064,0.10093,0.10103,0.10088,0.10127,0.09994,0.10074,0.10040,0.10122,0.10147,0.10179
132,6.36927,0.10140,0.10084,7.45423,0.10080,0.10130,6.73374,0.10130,0.10083,6.39270,3.75944,7.33351,7.42086,0.10042,0.10085,7.42835,0.13875,0.12337,0.10057,1.25136,0.10090,1.20255,0.10116,0.09996,0.10056,0.10021,0.10106,0.10133,0.10161
133,7.08104,0.10142,0.10088,7.43954,0.10082,0.10132,7.46329,0.10128,0.10071,6.48838,6.81012,7.35298,7.45528,0.10153,0.34891,7.41913,3.62672,3.29938,0.30040,6.96339,0.10102,6.89306,0.10112,0.10002,0.10054,0.10025,0.10103,0.10125,0.10159
134,7.37811,0.10148,0.10093,7.45305,0.10092,0.10136,7.01775,0.10136,0.10077,6.81096,5.91662,7.39584,7.45004,0.10197,0.23869,7.42676,2.04173,2.15739,0.26048,4.76570,0.10111,4.88836,0.10116,0.10003,0.10061,0.10029,0.10110,0.10127,0.10163
135,7.32532,0.10152,0.10094,7.46783,0.10097,0.10139,2.68823,0.10143,0.10086,7.25388,1.62510,7.43175,7.36592,0.10087,0.10862,7.42844,0.21192,0.29609,0.11704,0.59657,0.10111,0.77803,0.10123,0.10003,0.10067,0.10034,0.10115,0.10132,0.10171
136,7.21383,0.10110,0.10043,7.45352,0.10064,0.10113,5.70660,0.10116,0.10055,7.31679,3.44233,7.44402,7.44958,0.10137,0.13012,7.41751,0.39713,0.43655,0.13441,1.57951,0.10120,1.71190,0.10094,0.09983,0.10039,0.09994,0.10086,0.10109,0.10136
137,7.39272,0.10073,0.09997,7.44256,0.10038,0.10091,7.46417,0.10091,0.10023,7.29814,6.96061,7.45387,7.46638,0.11891,0.38705,7.41574,3.35147,3.40477,0.47295,7.04345,0.10566,6.99011,0.10067,0.09991,0.10039,0.09983,0.10063,0.10081,0.10104
138,7.45286,0.10076,0.10006,7.43622,0.10048,0.10096,5.80587,0.10100,0.10034,7.38038,4.49807,7.45534,7.42683,0.11432,0.16911,7.41736,0.80311,1.35092,0.28823,2.70168,0.10222,3.11056,0.10082,0.10002,0.10055,0.10031,0.10072,0.10080,0.10109
139,7.12103,0.10081,0.10014,7.44046,0.10051,0.10099,1.25362,0.10106,0.10046,7.41720,1.02574,7.44711,7.23275,0.10394,0.11126,7.41647,0.17360,0.31595,0.14305,0.34992,0.10104,0.55266,0.10093,0.10003,0.10049,0.10014,0.10076,0.10084,0.10115
140,6.85397,0.10082,0.10018,7.44096,0.10055,0.10101,0.59673,0.10108,0.10052,7.26661,0.65601,7.43400,7.27486,0.10215,0.10638,7.41393,0.13654,0.20394,0.12187,0.21115,0.10095,0.31125,0.10095,0.10002,0.10043,0.10011,0.10078,0.10090,0.10119
141,6.93673,0.10083,0.10020,7.43767,0.10054,0.10100,2.00456,0.10106,0.10054,7.07291,0.57951,7.42404,7.36399,0.10154,0.10660,7.41248,0.13432,0.17514,0.11537,0.19719,0.10099,0.25643,0.10090,0.10001,0.10042,0.10012,0.10077,0.10093,0.10119
142,7.24638,0.10087,0.10025,7.43662,0.10052,0.10098,5.67524,0.10102,0.10056,7.05622,1.42293,7.41784,7.44592,0.10159,0.11517,7.41242,0.16276,0.18603,0.11656,0.30564,0.10166,0.35490,0.10081,0.10001,0.10044,0.10014,0.10075,0.10095,0.10119
143,7.42273,0.10089,0.10031,7.44470,0.10058,0.10100,7.44182,0.10096,0.10056,7.24262,6.57014,7.43205,7.45387,0.10471,0.15421,7.41792,0.89821,1.12690,0.16406,4.50898,0.10650,4.73664,0.10099,0.10004,0.10060,0.10024,0.10077,0.10099,0.10123
144,7.45830,0.10095,0.10044,7.47136,0.10077,0.10108,7.39050,0.10107,0.10068,7.40356,6.72580,7.47603,7.47259,0.10696,0.19860,7.43963,1.47604,2.77003,0.26757,5.43487,0.11159,6.23462,0.10161,0.10009,0.10089,0.10050,0.10089,0.10109,0.10135
145,7.45381,0.10101,0.10059,7.50913,0.10091,0.10117,4.40947,0.10125,0.10082,7.45744,2.93317,7.51501,7.44274,0.10401,0.13331,7.47233,0.28362,0.65106,0.14563,0.98254,0.10604,1.79842,0.10146,0.10007,0.10092,0.10065,0.10100,0.10118,0.10148
146,7.13105,0.10106,0.10072,7.53941,0.10102,0.10126,0.90789,0.10135,0.10093,7.43500,0.82886,7.53731,7.25021,0.10261,0.11160,7.49912,0.14294,0.19308,0.11321,0.23736,0.10302,0.36095,0.10134,0.10007,0.10099,0.10071,0.10110,0.10125,0.10158
147,6.92913,0.10113,0.10084,7.55679,0.10113,0.10135,0.39895,0.10142,0.10102,7.24211,0.54451,7.54380,7.22482,0.10240,0.10660,7.51887,0.11920,0.14164,0.10889,0.15441,0.10209,0.19779,0.10132,0.10006,0.10110,0.10079,0.10119,0.10130,0.10166
148,6.80801,0.10121,0.10095,7.56104,0.10123,0.10142,0.18828,0.10151,0.10112,7.13062,0.41178,7.54261,6.99456,0.10203,0.10350,7.53493,0.10833,0.11698,0.10533,0.11849,0.10159,0.13111,0.10137,0.10007,0.10118,0.10087,0.10128,0.10134,0.10175
149,6.55971,0.10133,0.10103,7.55557,0.10130,0.10148,2.67221,0.10158,0.10122,7.10853,1.26556,7.52762,7.05212,0.10197,0.10302,7.53551,0.10931,0.11357,0.10436,0.27694,0.10158,0.30473,0.10145,0.10007,0.10124,0.10084,0.10136,0.10139,0.10181
150,6.82296,0.10153,0.10118,7.56088,0.10144,0.10161,6.89270,0.10167,0.10135,7.08529,5.99313,7.53656,7.37518,0.10351,0.11598,7.53556,0.99427,1.23253,0.13762,4.67507,0.10218,4.79486,0.10155,0.10012,0.10151,0.10119,0.10149,0.10147,0.10190
151,7.21916,0.10161,0.10125,7.56805,0.10151,0.10162,3.73287,0.10176,0.10142,7.09668,2.43452,7.54891,7.39499,0.10286,0.10522,7.54171,0.17428,0.34149,0.11605,0.83075,0.10180,1.14316,0.10161,0.10006,0.10157,0.10124,0.10155,0.10150,0.10191
152,6.94481,0.10159,0.10119,7.56073,0.10147,0.10160,1.96760,0.10176,0.10143,7.21186,0.66824,7.52755,7.23309,0.10223,0.10269,7.51620,0.11038,0.13121,0.10576,0.15534,0.10167,0.19773,0.10165,0.10001,0.10153,0.10094,0.10155,0.10148,0.10186
153,6.86482,0.10163,0.10121,7.52672,0.10145,0.10163,7.25263,0.10175,0.10144,7.19577,4.92777,7.49526,7.51684,0.10305,0.10929,7.48763,0.45792,0.41254,0.11501,2.78100,0.10180,2.75436,0.10168,0.09999,0.10150,0.10089,0.10157,0.10150,0.10181
154,7.25054,0.10169,0.10129,7.49206,0.10149,0.10166,4.38169,0.10174,0.10148,7.20847,2.80981,7.47918,7.47047,0.10311,0.10506,7.47389,0.21211,0.22812,0.11237,1.12614,0.10185,1.03288,0.10175,0.10002,0.10145,0.10101,0.10163,0.10153,0.10180
155,7.14543,0.10172,0.10134,7.48595,0.10153,0.10168,1.07471,0.10174,0.10150,7.25647,0.60461,7.47353,7.36610,0.10265,0.10269,7.47007,0.10954,0.12452,0.10730,0.14856,0.10184,0.16870,0.10176,0.10003,0.10145,0.10091,0.10166,0.10157,0.10182
156,7.12812,0.10175,0.10136,7.48574,0.10159,0.10171,1.88569,0.10176,0.10152,7.22951,0.54268,7.46739,7.38173,0.10263,0.10262,7.46827,0.10722,0.11734,0.10653,0.13278,0.10188,0.14565,0.10179,0.10004,0.10148,0.10083,0.10169,0.10161,0.10187
157,7.24310,0.10178,0.10141,7.48072,0.10168,0.10175,4.53367,0.10181,0.10155,7.20245,0.93291,7.46287,7.47740,0.10301,0.10296,7.46549,0.11041,0.11798,0.10710,0.15823,0.10199,0.16774,0.10183,0.10005,0.10155,0.10087,0.10174,0.10166,0.10193
158,7.35238,0.10181,0.10144,7.47912,0.10174,0.10177,0.70303,0.10184,0.10156,7.26958,0.39421,7.46513,7.40228,0.10296,0.10263,7.46368,0.10545,0.11213,0.10629,0.11903,0.10198,0.12449,0.10185,0.10004,0.10158,0.10085,0.10177,0.10170,0.10198
159,7.14669,0.10182,0.10147,7.48080,0.10179,0.10181,0.20624,0.10187,0.10158,7.31728,0.32749,7.47065,7.30040,0.10262,0.10249,7.46361,0.10403,0.10952,0.10532,0.10888,0.10198,0.11361,0.10188,0.10003,0.10157,0.10080,0.10181,0.10174,0.10205
160,6.91167,0.10178,0.10143,7.47669,0.10175,0.10182,1.06004,0.10189,0.10163,7.21909,0.30350,7.46064,7.37392,0.10227,0.10247,7.46119,0.10389,0.10816,0.10458,0.10696,0.10198,0.11015,0.10190,0.10001,0.10149,0.10072,0.10182,0.10174,0.10201
161,6.98279,0.10172,0.10136,7.47508,0.10174,0.10181,0.14188,0.10189,0.10163,7.10994,0.27620,7.45073,7.29061,0.10200,0.10233,7.45947,0.10327,0.10651,0.10396,0.10503,0.10194,0.10766,0.10190,0.10000,0.10141,0.10062,0.10182,0.10172,0.10196
162,7.03743,0.10163,0.10121,7.47709,0.10167,0.10176,4.26726,0.10185,0.10146,7.07267,1.08046,7.45200,7.44069,0.10211,0.10236,7.45979,0.10367,0.10635,0.10405,0.13075,0.10190,0.13866,0.10185,0.09992,0.10134,0.10043,0.10173,0.10167,0.10194
163,7.37020,0.10153,0.10109,7.48700,0.10160,0.10171,3.28785,0.10180,0.10129,7.17149,0.93049,7.47319,7.44341,0.10212,0.10232,7.46558,0.10354,0.10588,0.10389,0.12447,0.10185,0.13154,0.10181,0.09996,0.10131,0.10029,0.10164,0.10163,0.10191
164,7.23413,0.10156,0.10114,7.49362,0.10166,0.10174,2.97053,0.10183,0.10127,7.35436,0.62453,7.48956,7.41116,0.10207,0.10234,7.46864,0.10337,0.10535,0.10367,0.11750,0.10188,0.12353,0.10183,0.10003,0.10135,0.10037,0.10167,0.10167,0.10197
165,7.33814,0.10161,0.10123,7.49925,0.10173,0.10180,6.54456,0.10188,0.10129,7.32466,2.37335,7.50356,7.50531,0.10235,0.10266,7.47519,0.10502,0.10770,0.10408,0.23040,0.10200,0.26393,0.10187,0.10006,0.10146,0.10053,0.10169,0.10173,0.10205
166,7.48700,0.10172,0.10141,7.51474,0.10182,0.10190,7.25802,0.10199,0.10140,7.39934,4.51202,7.51826,7.52259,0.10282,0.10300,7.48735,0.11573,0.13394,0.10473,1.01133,0.10214,1.20859,0.10195,0.10010,0.10166,0.10095,0.10174,0.10182,0.10215
167,7.38989,0.10171,0.10142,7.52461,0.10180,0.10189,1.37720,0.10203,0.10145,7.48030,0.61058,7.52890,7.27767,0.10242,0.10255,7.49580,0.10393,0.10813,0.10383,0.13025,0.10206,0.15405,0.10196,0.10002,0.10163,0.10093,0.10175,0.10183,0.10215
168,6.59809,0.10167,0.10131,7.51648,0.10173,0.10186,0.14181,0.10200,0.10149,7.42823,0.26086,7.49801,7.11956,0.10200,0.10223,7.48560,0.10282,0.10408,0.10302,0.10377,0.10197,0.10492,0.10196,0.10001,0.10146,0.10068,0.10173,0.10180,0.10209
169,6.23778,0.10173,0.10134,7.50376,0.10175,0.10191,0.11807,0.10202,0.10158,7.10346,0.23789,7.45656,7.11728,0.10191,0.10216,7.47780,0.10250,0.10343,0.10272,0.10294,0.10201,0.10359,0.10203,0.10006,0.10142,0.10072,0.10179,0.10184,0.10212
170,6.38874,0.10185,0.10147,7.49382,0.10181,0.10198,5.72773,0.10207,0.10166,6.73326,3.02308,7.42140,7.38575,0.10201,0.10231,7.47212,0.10509,0.10562,0.10274,0.56051,0.10209,0.59799,0.10209,0.10008,0.10148,0.10087,0.10188,0.10192,0.10221
171,7.11585,0.10195,0.10156,7.48396,0.10192,0.10205,6.65651,0.10214,0.10171,6.81886,3.31271,7.43159,7.49118,0.10224,0.10242,7.46915,0.10660,0.10741,0.10292,0.49851,0.10219,0.53875,0.10214,0.10007,0.10158,0.10099,0.10196,0.10199,0.10228
172,7.44510,0.10187,0.10145,7.49158,0.10186,0.10202,7.44326,0.10211,0.10162,7.13615,5.92142,7.46223,7.49828,0.10234,0.10370,7.47156,0.26251,0.32142,0.10392,2.75123,0.10223,3.13744,0.10212,0.10000,0.10163,0.10088,0.10190,0.10195,0.10221
173,7.50075,0.10160,0.10120,7.50877,0.10166,0.10188,7.49573,0.10196,0.10138,7.41236,6.90943,7.50194,7.51539,0.10220,0.17091,7.47823,1.90727,2.19350,0.14586,6.37446,0.10238,6.55026,0.10198,0.09990,0.10154,0.10078,0.10172,0.10180,0.10204
174,7.51777,0.10153,0.10108,7.50764,0.10157,0.10181,7.28411,0.10189,0.10136,7.49047,6.31260,7.51767,7.52420,0.10220,0.15804,7.47716,1.32395,1.28156,0.14004,4.67429,0.10224,4.67482,0.10190,0.09998,0.10142,0.10063,0.10165,0.10174,0.10198
175,7.43701,0.10162,0.10115,7.49248,0.10164,0.10186,2.92814,0.10194,0.10148,7.50887,1.81883,7.51465,7.37680,0.10209,0.10627,7.47422,0.18112,0.23929,0.11124,0.62356,0.10203,0.71550,0.10194,0.10005,0.10139,0.10071,0.10175,0.10177,0.10204
176,6.82237,0.10159,0.10109,7.48341,0.10147,0.10180,0.37110,0.10184,0.10143,7.43814,0.46025,7.48246,7.19246,0.10149,0.10220,7.46807,0.10717,0.11237,0.10293,0.12810,0.10178,0.13912,0.10182,0.09988,0.10118,0.10052,0.10166,0.10173,0.10200
177,6.45707,0.10144,0.10088,7.46863,0.10104,0.10158,3.98100,0.10156,0.10101,7.31513,2.82524,7.42865,7.21021,0.10102,0.10392,7.46586,0.33798,0.32680,0.10397,1.66440,0.10137,1.68897,0.10147,0.09974,0.10075,0.10023,0.10135,0.10154,0.10178
178,6.91765,0.10130,0.10065,7.47446,0.10090,0.10146,7.46115,0.10140,0.10067,7.02564,6.98491,7.43176,7.45460,0.10722,0.69773,7.47371,5.12792,4.72454,0.57708,7.33636,0.10189,7.29910,0.10122,0.09984,0.10055,0.10005,0.10112,0.10132,0.10163
179,7.31469,0.10129,0.10065,7.48498,0.10092,0.10146,7.43080,0.10147,0.10067,7.03925,7.00832,7.45628,7.47489,0.11965,0.77550,7.48182,4.88287,4.74510,0.76175,7.19032,0.10323,7.08064,0.10123,0.09999,0.10062,0.10020,0.10112,0.10127,0.10163
180,7.44209,0.10130,0.10066,7.49406,0.10093,0.10147,7.02034,0.10151,0.10074,7.23017,6.12230,7.46617,7.48012,0.11432,0.27940,7.48666,1.93628,2.53260,0.42807,4.74366,0.10221,4.95944,0.10128,0.10002,0.10067,0.10025,0.10114,0.10126,0.10163
181,7.37395,0.10126,0.10065,7.49550,0.10085,0.10139,2.88611,0.10145,0.10073,7.39579,2.10928,7.49007,7.32406,0.10330,0.11841,7.49346,0.30402,0.53990,0.15737,0.86504,0.10127,1.21385,0.10129,0.09994,0.10054,0.10009,0.10108,0.10123,0.10158
182,6.98104,0.10114,0.10054,7.50164,0.10072,0.10127,1.87511,0.10131,0.10061,7.40397,1.00968,7.49759,7.26577,0.10161,0.10688,7.50998,0.15732,0.24215,0.12334,0.33233,0.10100,0.46302,0.10119,0.09992,0.10035,0.09988,0.10096,0.10116,0.10144
183,6.87342,0.10107,0.10048,7.51497,0.10071,0.10123,5.96378,0.10128,0.10055,7.28093,1.72878,7.49890,7.44246,0.10271,0.11236,7.52208,0.19760,0.26884,0.13218,0.49396,0.10115,0.55433,0.10111,0.09998,0.10030,0.09988,0.10093,0.10113,0.10140
184,7.16666,0.10097,0.10039,7.52559,0.10071,0.10117,2.86269,0.10120,0.10046,7.14040,1.07927,7.50126,7.42828,0.10255,0.10870,7.52718,0.15423,0.21136,0.12575,0.31772,0.10105,0.37206,0.10104,0.09995,0.10029,0.09983,0.10088,0.10107,0.10134
185,7.29529,0.10076,0.10015,7.53186,0.10050,0.10099,7.34944,0.10096,0.10018,7.24777,4.97829,7.50983,7.49908,0.10346,0.12258,7.52748,0.25480,0.29537,0.13989,1.13662,0.10190,1.32361,0.10074,0.09983,0.10015,0.09959,0.10067,0.10092,0.10113
186,7.40598,0.10063,0.09998,7.53255,0.10034,0.10085,6.54013,0.10079,0.10000,7.33832,3.70322,7.52271,7.52444,0.10245,0.12167,7.53370,0.23066,0.26468,0.13207,0.83627,0.10191,0.96774,0.10054,0.09989,0.09998,0.09941,0.10052,0.10081,0.10099
187,7.42184,0.10060,0.09997,7.53977,0.10033,0.10083,1.81675,0.10076,0.10002,7.41949,0.89971,7.53634,7.42251,0.10128,0.11122,7.54240,0.15108,0.17756,0.11678,0.25790,0.10105,0.29277,0.10052,0.09998,0.09997,0.09949,0.10052,0.10079,0.10096
188,7.12554,0.10039,0.09974,7.54347,0.10013,0.10068,0.34349,0.10061,0.09991,7.44492,0.48417,7.53526,7.14172,0.10021,0.10539,7.54558,0.12261,0.13240,0.10687,0.15306,0.10049,0.16973,0.10039,0.09986,0.09981,0.09936,0.10035,0.10066,0.10074
189,6.47558,0.10021,0.09955,7.54468,0.09995,0.10055,0.18044,0.10049,0.09983,7.30446,0.38477,7.51700,7.08400,0.09973,0.10198,7.55208,0.10934,0.11255,0.10263,0.12106,0.10013,0.12641,0.10028,0.09992,0.09964,0.09927,0.10019,0.10054,0.10057
190,6.12398,0.10019,0.09959,7.55015,0.10000,0.10057,0.16251,0.10053,0.09991,6.97248,0.34007,7.48072,7.12359,0.09970,0.10065,7.55296,0.10336,0.10524,0.10105,0.10819,0.10012,0.11024,0.10035,0.10003,0.09968,0.09949,0.10025,0.10055,0.10056
191,6.23007,0.10017,0.09961,7.55476,0.10001,0.10059,0.13343,0.10058,0.09998,6.65780,0.31619,7.44923,7.22519,0.09977,0.10039,7.54973,0.10164,0.10285,0.10058,0.10417,0.10022,0.10533,0.10041,0.10003,0.09974,0.09969,0.10028,0.10054,0.10053
192,6.33139,0.10015,0.09961,7.55586,0.09995,0.10056,0.25999,0.10057,0.09999,6.54469,0.29431,7.41861,7.20766,0.09981,0.10027,7.54703,0.10075,0.10134,0.10020,0.10174,0.10028,0.10243,0.10043,0.10001,0.09978,0.09978,0.10024,0.10050,0.10046
193,6.57128,0.10007,0.09957,7.55308,0.09983,0.10044,5.76687,0.10043,0.09985,6.61078,1.51082,7.42251,7.48299,0.09974,0.10022,7.54360,0.10109,0.10142,0.10009,0.14276,0.10012,0.15386,0.10029,0.09994,0.09970,0.09968,0.10010,0.10042,0.10033
194,7.18904,0.10010,0.09964,7.55117,0.09977,0.10037,3.31413,0.10032,0.09973,6.77252,0.80548,7.44583,7.48931,0.09961,0.09999,7.53980,0.10062,0.10071,0.09982,0.11390,0.09998,0.11529,0.10015,0.09995,0.09962,0.09957,0.10001,0.10037,0.10034
195,6.95777,0.10019,0.09979,7.55010,0.09979,0.10032,0.13355,0.10030,0.09973,7.09609,0.26534,7.47228,7.19111,0.09958,0.09980,7.53416,0.09983,0.09973,0.09955,0.10012,0.09998,0.10013,0.10012,0.09999,0.09961,0.09962,0.09997,0.10036,0.10039
196,6.59505,0.10032,0.10001,7.54426,0.09991,0.10035,1.47442,0.10038,0.09985,7.24871,0.31142,7.47119,7.27738,0.09968,0.09986,7.52497,0.09967,0.09951,0.09961,0.10061,0.10005,0.10099,0.10024,0.10004,0.09978,0.09981,0.10002,0.10040,0.10049
197,6.88473,0.10044,0.10019,7.54144,0.10006,0.10046,7.49311,0.10049,0.09997,7.31322,5.82877,7.47132,7.49549,0.09978,0.10127,7.52664,0.49945,0.39637,0.10146,3.46043,0.10014,3.42518,0.10036,0.10006,0.09997,0.09996,0.10012,0.10042,0.10062
198,7.23995,0.10037,0.10012,7.53921,0.10002,0.10043,7.45772,0.10049,0.09997,7.22718,6.49109,7.49052,7.53663,0.09983,0.11080,7.52724,0.96431,0.63287,0.11061,4.53158,0.10021,3.92982,0.10040,0.09996,0.09999,0.09990,0.10010,0.10035,0.10059
199,7.42165,0.10016,0.09986,7.53438,0.09977,0.10028,7.53837,0.10031,0.09979,7.30659,7.07013,7.50080,7.53848,0.10484,0.62059,7.52578,4.37632,3.62128,0.40942,7.21786,0.10096,7.16101,0.10024,0.09989,0.09981,0.09962,0.09994,0.10017,0.10043
200,7.48327,0.09985,0.09952,7.52759,0.09943,0.10004,7.44335,0.10006,0.09951,7.39763,6.79439,7.50964,7.53197,0.10931,0.46121,7.52127,3.06100,2.74199,0.39093,6.07934,0.10132,5.78460,0.09996,0.09976,0.09953,0.09922,0.09969,0.09991,0.10013
201,7.50199,0.09957,0.09919,7.52093,0.09908,0.09978,7.47407,0.09977,0.09920,7.45449,6.85829,7.51459,7.52556,0.11686,0.57984,7.51937,3.14706,2.50225,0.42558,5.98725,0.10346,5.75937,0.09966,0.09977,0.09938,0.09891,0.09938,0.09965,0.09983
202,7.50858,0.09947,0.09909,7.52221,0.09895,0.09971,7.44157,0.09972,0.09915,7.47526,6.84317,7.51897,7.52164,0.13484,0.69513,7.52348,3.38174,2.71872,0.56405,5.93341,0.10737,5.62699,0.09960,0.09992,0.09994,0.09946,0.09934,0.09951,0.09975
203,7.51220,0.09949,0.09914,7.52796,0.09902,0.09973,7.43008,0.09978,0.09926,7.48581,6.80113,7.52270,7.52294,0.15524,0.62281,7.52721,3.16992,2.76152,0.65335,5.68041,0.10931,5.46371,0.09968,0.10002,0.10107,0.10035,0.09943,0.09949,0.09977
204,7.50758,0.09953,0.09924,7.53135,0.09916,0.09976,5.60019,0.09986,0.09944,7.49321,4.58290,7.52424,7.47811,0.13866,0.29869,7.52842,1.37389,1.60596,0.42962,3.10302,0.10471,3.10556,0.09980,0.10005,0.10103,0.10115,0.09955,0.09950,0.09983
205,7.26759,0.09956,0.09932,7.53286,0.09926,0.09977,1.84620,0.09989,0.09960,7.49718,1.60711,7.51283,7.25500,0.11484,0.12705,7.52788,0.29913,0.51385,0.21166,0.68933,0.10099,0.88857,0.09993,0.10004,0.10088,0.10080,0.09963,0.09953,0.09987
206,6.98544,0.09957,0.09936,7.53242,0.09930,0.09979,2.16919,0.09991,0.09971,7.46459,1.30573,7.49896,7.37700,0.11252,0.12060,7.52774,0.24194,0.40655,0.18678,0.53449,0.10091,0.67994,0.09999,0.10002,0.10098,0.10028,0.09964,0.09956,0.09989
207,7.04499,0.09958,0.09938,7.53299,0.09935,0.09981,6.71774,0.09995,0.09983,7.34796,3.61302,7.50004,7.49801,0.11620,0.16594,7.52767,0.44554,0.54026,0.21372,1.34791,0.10446,1.48098,0.10019,0.10002,0.10111,0.10005,0.09964,0.09960,0.09990
208,7.24019,0.09960,0.09942,7.53421,0.09938,0.09984,7.51396,0.10003,0.09994,7.26677,6.97883,7.50223,7.52629,0.12894,0.26633,7.52758,1.13159,1.22059,0.30508,5.09214,0.11446,5.25967,0.10080,0.10003,0.10162,0.10009,0.09966,0.09963,0.09991
209,7.43808,0.09959,0.09944,7.53722,0.09939,0.09983,5.08495,0.10002,0.09990,7.28958,3.36037,7.50759,7.49902,0.11551,0.18008,7.52854,0.45096,0.54130,0.21134,1.30617,0.10786,1.45713,0.10066,0.10002,0.10097,0.10008,0.09967,0.09962,0.09992
210,7.33069,0.09952,0.09934,7.53732,0.09934,0.09979,1.07574,0.10000,0.09986,7.40394,1.00510,7.51268,7.21393,0.10586,0.13199,7.52843,0.22754,0.26315,0.14731,0.37385,0.10372,0.42519,0.10049,0.10000,0.10055,0.09998,0.09959,0.09960,0.09987
211,6.92840,0.09951,0.09932,7.53443,0.09934,0.09980,3.83109,0.10007,0.09994,7.44901,0.96864,7.50254,7.24930,0.10536,0.12795,7.52575,0.20341,0.21687,0.13642,0.32035,0.10342,0.34163,0.10055,0.10005,0.10051,0.10000,0.09957,0.09963,0.09988
212,6.88177,0.09958,0.09943,7.53439,0.09943,0.09986,0.83696,0.10012,0.10006,7.39779,0.64575,7.48566,7.32458,0.10441,0.11712,7.52417,0.16603,0.18075,0.12696,0.23721,0.10250,0.24769,0.10051,0.10008,0.10049,0.10013,0.09966,0.09968,0.09995
213,6.73927,0.09963,0.09952,7.53516,0.09950,0.09990,0.33335,0.10014,0.10014,7.16658,0.51597,7.48114,7.30653,0.10345,0.10898,7.52278,0.13542,0.15149,0.11858,0.17582,0.10160,0.18664,0.10045,0.10005,0.10048,0.10020,0.09975,0.09972,0.10001
214,6.72744,0.09971,0.09963,7.53493,0.09960,0.09996,0.22324,0.10019,0.10022,6.98874,0.44363,7.47328,7.19655,0.10248,0.10548,7.52293,0.11986,0.13397,0.11238,0.14284,0.10118,0.15356,0.10046,0.10009,0.10051,0.10029,0.09983,0.09979,0.10011
215,6.43480,0.09973,0.09959,7.53228,0.09964,0.10000,2.91516,0.10027,0.10024,6.94122,1.03248,7.45880,7.29733,0.10173,0.10497,7.52253,0.11532,0.12337,0.10810,0.16653,0.10122,0.18039,0.10057,0.10001,0.10050,0.10028,0.09983,0.09986,0.10020
216,6.82722,0.09972,0.09956,7.53133,0.09964,0.10005,7.42552,0.10035,0.10031,6.87178,5.73581,7.45822,7.50730,0.10290,0.10850,7.52387,0.14445,0.14710,0.11230,1.54920,0.10183,1.67955,0.10069,0.10001,0.10059,0.10027,0.09991,0.09988,0.10023
217,7.34725,0.09977,0.09965,7.53623,0.09973,0.10009,3.85231,0.10036,0.10039,6.98398,1.43663,7.47642,7.50796,0.10237,0.10535,7.52663,0.11766,0.12428,0.10903,0.21843,0.10142,0.22539,0.10066,0.10006,0.10061,0.10032,0.10002,0.09992,0.10029
218,7.36725,0.09979,0.09967,7.53819,0.09976,0.10013,1.43796,0.10040,0.10043,7.23763,0.54920,7.49460,7.39528,0.10177,0.10416,7.52764,0.11210,0.11671,0.10653,0.12984,0.10127,0.13535,0.10068,0.10004,0.10059,0.10032,0.10003,0.09996,0.10030
219,7.21337,0.09978,0.09964,7.53463,0.09977,0.10016,5.13895,0.10040,0.10045,7.33445,1.01305,7.50150,7.49322,0.10208,0.10472,7.52387,0.11528,0.11704,0.10666,0.17094,0.10133,0.17764,0.10065,0.10000,0.10060,0.10030,0.10009,0.09997,0.10028
220,7.32703,0.09983,0.09972,7.52992,0.09991,0.10018,3.26999,0.10029,0.10043,7.33314,0.86872,7.51420,7.47035,0.10239,0.10330,7.52256,0.11387,0.11314,0.10557,0.16431,0.10098,0.16376,0.10043,0.09998,0.10061,0.10038,0.10030,0.10000,0.10031
221,7.37138,0.09985,0.09973,7.53351,0.09997,0.10012,7.50504,0.10016,0.10031,7.39696,5.97100,7.52842,7.52375,0.10318,0.11183,7.52271,0.45656,0.39273,0.11034,3.01326,0.10109,3.03023,0.10025,0.09991,0.10074,0.10037,0.10027,0.09999,0.10027
222,7.48778,0.09972,0.09948,7.54104,0.09975,0.09992,7.52863,0.09998,0.10015,7.43475,7.04860,7.54111,7.53775,0.11301,0.95239,7.52023,5.06250,4.69559,0.69190,7.39043,0.11287,7.34675,0.10038,0.09985,0.10095,0.10013,0.10004,0.09984,0.10008
223,7.53380,0.09969,0.09937,7.55990,0.09958,0.09983,7.50679,0.10003,0.10001,7.48928,7.09262,7.55559,7.55369,0.12715,1.54143,7.53741,5.55033,5.88392,1.24736,7.26401,0.15564,7.34464,0.10116,0.09997,0.10088,0.10009,0.09990,0.09975,0.10001
224,7.55106,0.09977,0.09949,7.57008,0.09970,0.09992,6.70692,0.10018,0.10004,7.53461,5.69747,7.56370,7.55025,0.11192,0.45305,7.56096,1.91857,2.50443,0.40975,4.07678,0.12003,4.76120,0.10082,0.10006,0.10053,0.10033,0.09994,0.09982,0.10011
225,7.53783,0.09982,0.09959,7.57173,0.09981,0.10000,4.11249,0.10025,0.10012,7.55385,3.06121,7.56723,7.45890,0.10668,0.20091,7.56663,0.65517,0.90169,0.20282,1.57056,0.10771,2.04317,0.10056,0.10006,0.10046,0.10047,0.09998,0.09990,0.10019
226,7.50638,0.09984,0.09969,7.57405,0.09992,0.10010,6.85818,0.10032,0.10024,7.54904,5.48137,7.57575,7.51381,0.11849,0.33083,7.57321,1.33755,1.66942,0.41983,3.47309,0.12184,3.70872,0.10153,0.10005,0.10113,0.10082,0.10003,0.09999,0.10024
227,7.51863,0.09985,0.09975,7.57956,0.09995,0.10014,5.24242,0.10042,0.10028,7.53197,3.83723,7.59192,7.52617,0.11459,0.26184,7.57648,0.80855,1.20889,0.31575,2.01216,0.11925,2.39964,0.10187,0.10003,0.10082,0.10088,0.10004,0.10005,0.10027
228,7.35845,0.09985,0.09982,7.58772,0.09999,0.10016,1.55641,0.10048,0.10031,7.52940,1.36701,7.59442,7.25197,0.10724,0.15194,7.57900,0.30835,0.45483,0.16537,0.58736,0.10725,0.80771,0.10111,0.10002,0.10056,0.10081,0.10005,0.10007,0.10030
229,6.84859,0.09988,0.09989,7.59432,0.10005,0.10020,0.65193,0.10053,0.10035,7.42842,0.78341,7.58188,7.10272,0.10470,0.12017,7.58125,0.17706,0.23394,0.12939,0.28663,0.10290,0.37154,0.10077,0.10002,0.10056,0.10081,0.10010,0.10008,0.10033
230,6.43528,0.09991,0.09996,7.59702,0.10012,0.10021,0.34754,0.10059,0.10040,7.15996,0.55377,7.55417,7.08720,0.10353,0.10842,7.58142,0.13077,0.16080,0.11703,0.17546,0.10144,0.21297,0.10057,0.10003,0.10061,0.10085,0.10017,0.10008,0.10035
231,6.09564,0.09995,0.10002,7.59180,0.10018,0.10021,0.18683,0.10055,0.10046,6.86821,0.42287,7.49808,7.09541,0.10200,0.10297,7.57675,0.11047,0.12389,0.10835,0.12421,0.10086,0.13827,0.10067,0.10002,0.10067,0.10073,0.10023,0.10008,0.10036
232,6.30850,0.09994,0.09999,7.57971,0.10018,0.10019,4.97100,0.10048,0.10051,6.61552,2.13596,7.46004,7.46474,0.10246,0.10309,7.56722,0.11246,0.12102,0.10825,0.29126,0.10085,0.33709,0.10070,0.10000,0.10070,0.10058,0.10025,0.10005,0.10031
233,7.21504,0.09988,0.09988,7.57243,0.10009,0.10014,4.19006,0.10044,0.10045,6.63334,2.03305,7.46843,7.54368,0.10202,0.10346,7.56145,0.11307,0.11966,0.10746,0.29116,0.10089,0.34319,0.10065,0.09998,0.10064,0.10046,0.10019,0.10000,0.10024
234,7.14679,0.09980,0.09971,7.56360,0.09993,0.10004,1.94416,0.10029,0.10028,7.00869,0.66864,7.48607,7.30744,0.10102,0.10185,7.55847,0.10580,0.11016,0.10420,0.12215,0.10060,0.12670,0.10052,0.09990,0.10045,0.10017,0.10006,0.09990,0.10012
235,6.98525,0.09982,0.09969,7.55907,0.09994,0.10004,5.61398,0.10018,0.10030,7.11889,2.26811,7.49112,7.50378,0.10145,0.10183,7.56374,0.10793,0.10967,0.10423,0.25139,0.10060,0.24205,0.10038,0.09996,0.10038,0.10015,0.10013,0.09989,0.10007
236,7.16402,0.09987,0.09978,7.56378,0.10007,0.10007,0.96185,0.10015,0.10034,7.16562,0.38089,7.50511,7.41659,0.10159,0.10112,7.56091,0.10320,0.10537,0.10337,0.11001,0.10055,0.11007,0.10028,0.10001,0.10041,0.10029,0.10025,0.09995,0.10009
237,7.22409,0.09985,0.09977,7.56573,0.10010,0.10006,6.33428,0.10014,0.10033,7.22286,1.58004,7.50977,7.54314,0.10185,0.10141,7.55752,0.10521,0.10673,0.10343,0.15888,0.10062,0.18094,0.10026,0.09999,0.10046,0.10026,0.10027,0.09995,0.10004
238,7.44245,0.09982,0.09975,7.56555,0.10006,0.10006,2.17830,0.10012,0.10031,7.28911,0.62895,7.52215,7.46662,0.10136,0.10125,7.55528,0.10343,0.10517,0.10303,0.11866,0.10056,0.12390,0.10024,0.09998,0.10041,0.10018,0.10024,0.09993,0.09999
239,7.19652,0.09981,0.09971,7.56107,0.10000,0.10004,4.34290,0.10007,0.10024,7.40763,2.76077,7.53308,7.42130,0.10127,0.10186,7.54758,0.20769,0.21396,0.10336,1.37378,0.10054,1.42751,0.10019,0.09995,0.10034,0.10007,0.10019,0.09992,0.09996
240,7.24903,0.09987,0.09980,7.56253,0.10013,0.10006,7.53557,0.10013,0.10027,7.35002,6.95967,7.54139,7.54588,0.10207,0.16278,7.55159,2.58893,2.69186,0.17742,6.99384,0.10095,6.96653,0.10031,0.10002,0.10049,0.10025,0.10021,0.09999,0.10002
241,7.47841,0.09992,0.09989,7.56625,0.10022,0.10010,6.18743,0.10017,0.10031,7.36780,4.61381,7.54412,7.54701,0.10159,0.11453,7.55771,0.49625,0.77697,0.12684,2.39516,0.10074,2.80916,0.10032,0.10004,0.10047,0.10034,0.10024,0.10004,0.10008
242,7.33822,0.09998,0.09998,7.56674,0.10028,0.10015,1.45353,0.10021,0.10036,7.46774,0.99239,7.54405,7.31384,0.10105,0.10251,7.55482,0.12830,0.16467,0.10517,0.26948,0.10057,0.37506,0.10034,0.10006,0.10047,0.10037,0.10030,0.10008,0.10015
243,6.61923,0.10006,0.10007,7.56421,0.10030,0.10024,0.23335,0.10029,0.10045,7.36295,0.42090,7.51822,7.19377,0.10076,0.10111,7.54732,0.10429,0.10765,0.10193,0.11547,0.10056,0.12397,0.10040,0.10007,0.10051,0.10042,0.10039,0.10014,0.10024
244,6.59244,0.10013,0.10012,7.55338,0.10029,0.10032,2.53555,0.10035,0.10050,7.11469,0.65438,7.49316,7.40915,0.10071,0.10117,7.53881,0.10373,0.10423,0.10145,0.11854,0.10060,0.12366,0.10045,0.10004,0.10054,0.10044,0.10042,0.10020,0.10030
245,7.07517,0.10020,0.10018,7.54979,0.10036,0.10037,7.47694,0.10040,0.10055,7.01135,5.53113,7.48885,7.54343,0.10094,0.10211,7.54147,0.12920,0.12827,0.10241,1.44511,0.10069,1.56410,0.10049,0.10004,0.10059,0.10047,0.10047,0.10027,0.10036
246,7.41034,0.10026,0.10025,7.55459,0.10045,0.10041,4.74054,0.10043,0.10060,7.09815,1.73235,7.50293,7.53294,0.10098,0.10140,7.54499,0.10899,0.11066,0.10209,0.27797,0.10066,0.29554,0.10050,0.10004,0.10062,0.10052,0.10052,0.10033,0.10042
247,7.48045,0.10033,0.10031,7.55521,0.10053,0.10044,7.51127,0.10046,0.10064,7.33354,6.07655,7.52598,7.55040,0.10129,0.10508,7.54660,0.37241,0.36032,0.10625,2.96821,0.10077,3.09841,0.10054,0.10003,0.10068,0.10057,0.10056,0.10039,0.10046
248,7.52165,0.10039,0.10038,7.55718,0.10060,0.10048,6.56792,0.10049,0.10067,7.43800,4.07230,7.54490,7.55385,0.10143,0.10328,7.54747,0.23552,0.24192,0.10753,1.43787,0.10074,1.40156,0.10055,0.10004,0.10071,0.10063,0.10059,0.10045,0.10051
249,7.54281,0.10049,0.10048,7.55944,0.10069,0.10054,7.54971,0.10057,0.10074,7.51600,6.88178,7.56157,7.55961,0.10779,0.42534,7.55029,2.92085,2.74818,0.38098,5.98970,0.10276,6.00021,0.10064,0.10005,0.10092,0.10080,0.10065,0.10054,0.10058
250,7.55449,0.10051,0.10048,7.56327,0.10066,0.10053,7.54708,0.10055,0.10071,7.53847,7.17748,7.57474,7.56253,0.13337,0.96867,7.55617,5.31804,5.02037,0.92152,7.36356,0.10770,7.24855,0.10063,0.09995,0.10113,0.10095,0.10061,0.10055,0.10056
251,7.56158,0.10051,0.10046,7.57574,0.10060,0.10052,7.55986,0.10052,0.10087,7.55561,7.23981,7.59891,7.56574,0.33020,1.93898,7.58589,6.47623,6.20729,2.20776,7.48094,0.14279,7.45469,0.10076,0.09995,0.10670,0.10490,0.10058,0.10055,0.10055
252,7.56767,0.10059,0.10056,7.60691,0.10068,0.10061,7.55549,0.10069,0.10198,7.56327,7.28881,7.61581,7.57760,0.79437,3.52002,7.62907,6.96410,7.00063,3.82329,7.49992,0.36112,7.50148,0.10429,0.10005,0.12880,0.12124,0.10070,0.10063,0.10064
253,7.56518,0.10065,0.10063,7.62204,0.10074,0.10067,6.54658,0.10073,0.10172,7.57077,5.89851,7.61305,7.56122,0.30610,0.88144,7.64698,2.99958,3.71438,1.44744,4.79868,0.14673,5.20401,0.10179,0.10006,0.11340,0.11415,0.10075,0.10068,0.10070
254,7.38954,0.10068,0.10065,7.64691,0.10074,0.10070,3.21498,0.10080,0.10174,7.56840,2.80647,7.61893,7.36704,0.15592,0.23908,7.66072,0.76794,1.37756,0.51315,1.57493,0.11047,2.08241,0.10144,0.10002,0.10911,0.10586,0.10078,0.10070,0.10073
255,7.02343,0.10058,0.10053,7.67638,0.10060,0.10061,4.54523,0.10082,0.10199,7.52353,2.69016,7.62345,7.39905,0.14467,0.20617,7.69378,0.58044,0.96373,0.38107,1.22669,0.10969,1.47873,0.10170,0.09989,0.10818,0.10292,0.10069,0.10060,0.10060
256,6.99531,0.10036,0.10027,7.70520,0.10037,0.10045,7.12096,0.10078,0.10219,7.39090,4.76724,7.62898,7.57992,0.16085,0.27470,7.71913,0.83158,1.09450,0.46226,1.88033,0.11724,2.00497,0.10233,0.09983,0.10852,0.10196,0.10051,0.10042,0.10036
257,7.24997,0.10027,0.10016,7.73450,0.10027,0.10041,3.21566,0.10068,0.10209,7.24381,2.03316,7.63774,7.49529,0.13836,0.18396,7.73822,0.46355,0.71304,0.31506,0.93878,0.11010,1.08160,0.10195,0.09993,0.10608,0.10127,0.10047,0.10037,0.10029
258,6.79775,0.10031,0.10022,7.75099,0.10028,0.10052,3.31580,0.10080,0.10230,7.29341,2.04033,7.60689,7.31038,0.11946,0.13257,7.73982,0.23648,0.33916,0.18623,0.62316,0.10565,0.73279,0.10161,0.09999,0.10376,0.10101,0.10071,0.10040,0.10033
259,6.70035,0.10033,0.10023,7.74481,0.10031,0.10060,7.68891,0.10095,0.10267,7.37139,7.19213,7.59300,7.62268,0.14652,0.24408,7.73996,1.95316,1.87116,0.29406,6.48860,0.11656,6.42844,0.10221,0.09998,0.10618,0.10218,0.10124,0.10041,0.10035
260,7.09836,0.10035,0.10027,7.73545,0.10033,0.10068,5.30365,0.10088,0.10277,7.26339,3.95153,7.60370,7.67204,0.12928,0.16160,7.73647,0.53495,0.64070,0.21667,2.03848,0.10952,2.09464,0.10187,0.10002,0.10456,0.10168,0.10131,0.10045,0.10038
261,7.26722,0.10039,0.10033,7.72467,0.10034,0.10087,3.49265,0.10104,0.10274,7.29138,1.57026,7.61195,7.63395,0.11991,0.13863,7.73080,0.25696,0.30593,0.17478,0.54882,0.10718,0.61351,0.10181,0.10002,0.10364,0.10132,0.10117,0.10051,0.10041
262,7.41492,0.10033,0.10026,7.70985,0.10028,0.10095,7.11216,0.10120,0.10268,7.29082,5.01424,7.61487,7.70636,0.12880,0.21691,7.71716,0.90736,0.86473,0.22204,3.19911,0.11542,3.25041,0.10252,0.09993,0.10490,0.10139,0.10109,0.10049,0.10033
263,7.58678,0.10029,0.10023,7.69705,0.10039,0.10091,7.71367,0.10112,0.10308,7.35646,7.32006,7.62735,7.70511,0.15071,0.36608,7.70664,2.82311,2.44550,0.36761,6.97784,0.12412,6.78555,0.10288,0.09996,0.10736,0.10313,0.10159,0.10049,0.10028
264,7.67268,0.10035,0.10029,7.68967,0.10061,0.10095,7.26935,0.10107,0.10340,7.50417,6.14553,7.63980,7.69703,0.14656,0.24225,7.70083,1.39062,1.38982,0.30480,4.30697,0.11467,3.97130,0.10234,0.10003,0.10703,0.10408,0.10195,0.10057,0.10034
265,7.58814,0.10036,0.10030,7.68007,0.10054,0.10113,3.36014,0.10113,0.10340,7.59363,2.20619,7.64284,7.56247,0.12656,0.14732,7.69725,0.35244,0.43495,0.19622,0.92427,0.10704,0.98386,0.10191,0.10001,0.10537,0.10244,0.10180,0.10063,0.10037
266,7.37557,0.10016,0.10002,7.67495,0.10020,0.10119,7.59104,0.10146,0.10346,7.60436,6.65144,7.62517,7.62986,0.15645,0.57729,7.69236,2.91403,2.78335,0.52428,5.54518,0.13722,5.57875,0.10462,0.09985,0.10835,0.10216,0.10132,0.10057,0.10023
267,7.50132,0.09999,0.09977,7.66302,0.10014,0.10100,7.67301,0.10219,0.10470,7.55672,7.42004,7.61828,7.66165,0.49239,3.74928,7.67094,7.42535,7.36506,3.58800,7.66579,0.39687,7.66081,0.11655,0.09989,0.12643,0.10919,0.10168,0.10048,0.10014
268,7.62977,0.09993,0.09971,7.64649,0.10024,0.10089,7.62190,0.10186,0.10416,7.56111,7.32576,7.62854,7.65822,0.35487,2.01818,7.64838,5.53666,5.82193,2.24606,7.09731,0.25081,7.20526,0.11157,0.09994,0.11946,0.10971,0.10172,0.10040,0.10009
269,7.64051,0.09988,0.09966,7.64151,0.10009,0.10086,6.16672,0.10153,0.10355,7.61541,5.43345,7.63284,7.61043,0.19683,0.66528,7.64152,2.34985,2.74335,0.87220,4.08294,0.15042,4.44028,0.10723,0.09996,0.11230,0.10653,0.10139,0.10034,0.10002
270,7.40337,0.09988,0.09965,7.63126,0.10000,0.10092,3.86410,0.10143,0.10331,7.62766,2.79909,7.61837,7.47896,0.14091,0.26355,7.64722,0.80003,1.05227,0.37688,1.59875,0.12105,1.83942,0.10477,0.09998,0.10900,0.10409,0.10106,0.10035,0.10001
271,7.20927,0.09987,0.09964,7.62787,0.10000,0.10095,2.38527,0.10136,0.10362,7.56540,1.88167,7.59213,7.45924,0.13381,0.19036,7.66520,0.49629,0.64763,0.27658,0.99089,0.11404,1.09665,0.10338,0.09995,0.10741,0.10308,0.10123,0.10033,0.10002
272,7.01075,0.09987,0.09966,7.63574,0.10021,0.10095,1.05324,0.10119,0.10394,7.46954,1.13423,7.55986,7.33932,0.12728,0.13936,7.66331,0.26552,0.37755,0.20823,0.50248,0.10807,0.56062,0.10234,0.09995,0.10597,0.10311,0.10187,0.10034,0.10004
273,6.90348,0.09987,0.09968,7.62031,0.10036,0.10097,6.06683,0.10107,0.10396,7.40280,3.94948,7.52395,7.52425,0.13209,0.15196,7.64193,0.34854,0.39026,0.20448,1.56434,0.10864,1.61664,0.10195,0.09993,0.10616,0.10354,0.10226,0.10041,0.10003
274,7.27774,0.09989,0.09972,7.60350,0.10088,0.10096,4.85145,0.10089,0.10397,7.33761,3.33024,7.52258,7.56054,0.13439,0.14576,7.61567,0.31989,0.35748,0.20058,1.24984,0.10822,1.25295,0.10170,0.09996,0.10688,0.10501,0.10276,0.10052,0.10005
275,7.20625,0.09990,0.09973,7.56421,0.10076,0.10108,2.71982,0.10090,0.10397,7.32139,0.92186,7.50667,7.46390,0.12354,0.12535,7.57308,0.18825,0.24431,0.16900,0.29799,0.10552,0.33451,0.10156,0.09999,0.10601,0.10316,0.10269,0.10057,0.10006
276,7.34884,0.09990,0.09972,7.52679,0.10062,0.10118,2.41280,0.10094,0.10397,7.31481,0.83513,7.49519,7.52013,0.12125,0.12662,7.53568,0.18752,0.23247,0.16317,0.28623,0.10645,0.31083,0.10170,0.09999,0.10567,0.10250,0.10249,0.10060,0.10006
277,7.22050,0.09988,0.09969,7.50739,0.10042,0.10133,0.42293,0.10097,0.10367,7.35691,0.57004,7.48881,7.26355,0.11344,0.11723,7.52238,0.15252,0.18911,0.14263,0.20237,0.10518,0.22713,0.10162,0.09996,0.10477,0.10225,0.10207,0.10060,0.10002
278,6.80186,0.09976,0.09950,7.50269,0.10013,0.10127,5.81387,0.10094,0.10323,7.38718,3.96571,7.46192,7.34860,0.11238,0.11877,7.53552,0.19160,0.19821,0.13484,1.44577,0.10531,1.46237,0.10151,0.09984,0.10395,0.10220,0.10178,0.10058,0.09991
279,7.20334,0.09958,0.09923,7.50378,0.09998,0.10097,7.13890,0.10082,0.10269,7.37629,5.33077,7.45971,7.48791,0.11444,0.13035,7.52334,0.43026,0.35879,0.13841,2.45795,0.10659,2.39225,0.10144,0.09979,0.10385,0.10210,0.10171,0.10047,0.09978
280,7.40816,0.09946,0.09910,7.47344,0.10014,0.10076,7.36732,0.10051,0.10247,7.44682,6.40833,7.45021,7.48814,0.11789,0.17010,7.49598,1.16671,0.91354,0.16942,4.33922,0.10741,4.07912,0.10124,0.09982,0.10390,0.10224,0.10169,0.10038,0.09971
281,7.46681,0.09940,0.09906,7.44962,0.10050,0.10064,7.25928,0.10043,0.10243,7.45350,6.32846,7.43683,7.45787,0.12496,0.36774,7.47624,2.16358,1.80641,0.30137,4.94292,0.10983,4.76605,0.10108,0.09992,0.10464,0.10287,0.10164,0.10038,0.09971
282,7.45773,0.09930,0.09895,7.43426,0.10067,0.10052,7.40206,0.10038,0.10252,7.48172,6.87636,7.42994,7.43997,0.13675,0.58480,7.44444,3.19310,2.63583,0.45630,6.07212,0.11389,5.73481,0.10110,0.09991,0.10511,0.10302,0.10148,0.10033,0.09964
283,7.43631,0.09922,0.09883,7.41123,0.10048,0.10030,7.43582,0.10066,0.10288,7.48631,7.20395,7.41690,7.41771,0.29738,2.32643,7.41558,6.00782,5.76226,1.93072,7.28361,0.28918,7.27162,0.10660,0.09990,0.11268,0.10431,0.10126,0.10023,0.09958
284,7.41294,0.09907,0.09875,7.38507,0.10056,0.10011,7.40344,0.10044,0.10258,7.43563,7.12496,7.39726,7.39508,0.28502,1.61240,7.39207,4.63434,5.01879,1.64778,6.71591,0.22485,6.82964,0.10630,0.09995,0.11122,0.10445,0.10088,0.10005,0.09947
285,7.38581,0.09902,0.09875,7.36516,0.10047,0.10004,6.19315,0.10044,0.10208,7.40823,5.46196,7.38575,7.34830,0.19542,0.71358,7.37969,2.30900,2.79912,0.84309,4.05512,0.15328,4.48431,0.10496,0.09998,0.10715,0.10222,0.10068,0.09994,0.09942
286,7.07423,0.09898,0.09868,7.35817,0.10014,0.10001,2.64332,0.10016,0.10168,7.37507,2.37619,7.37041,7.15817,0.12574,0.22487,7.37367,0.65790,0.86439,0.31338,1.29622,0.11512,1.54105,0.10260,0.09994,0.10412,0.10118,0.10058,0.09986,0.09937
287,6.57585,0.09892,0.09860,7.35915,0.09988,0.09998,1.00038,0.09996,0.10166,7.26431,1.14131,7.34686,6.97302,0.11160,0.13698,7.38503,0.26420,0.35917,0.18104,0.47888,0.10581,0.55919,0.10124,0.09995,0.10273,0.10065,0.10056,0.09981,0.09928
288,6.10022,0.09889,0.09856,7.36672,0.09952,0.10003,0.38020,0.10000,0.10148,6.90862,0.65513,7.30676,6.96100,0.10470,0.11202,7.38906,0.14409,0.18960,0.12645,0.19967,0.10279,0.24674,0.10061,0.09997,0.10194,0.10056,0.10046,0.09976,0.09923
289,6.24631,0.09874,0.09836,7.37014,0.09923,0.09999,0.82909,0.09996,0.10123,6.58937,0.52942,7.29385,7.09403,0.10322,0.10676,7.38396,0.12412,0.14436,0.11410,0.15500,0.10168,0.17524,0.10029,0.09990,0.10134,0.10031,0.10029,0.09963,0.09907
290,6.45471,0.09851,0.09814,7.36309,0.09912,0.09981,4.36713,0.09978,0.10093,6.60191,1.28440,7.29214,7.22578,0.10266,0.10522,7.37363,0.11841,0.12963,0.11087,0.16369,0.10115,0.17457,0.10008,0.09991,0.10089,0.09998,0.10023,0.09945,0.09888
291,6.53382,0.09846,0.09811,7.36054,0.09908,0.09978,0.17968,0.09969,0.10076,6.69764,0.38736,7.29477,6.92869,0.10129,0.10228,7.37130,0.10671,0.11278,0.10504,0.11361,0.10039,0.11923,0.09989,0.09998,0.10058,0.09999,0.10018,0.09939,0.09884
292,5.88275,0.09850,0.09812,7.36368,0.09895,0.09985,0.12407,0.09972,0.10064,6.62250,0.34288,7.27077,6.88917,0.10053,0.10085,7.37707,0.10262,0.10502,0.10214,0.10489,0.10004,0.10731,0.09978,0.10000,0.10042,0.10014,0.09995,0.09941,0.09887
293,6.17674,0.09858,0.09815,7.36785,0.09886,0.09990,3.21742,0.09976,0.10051,6.33357,0.50507,7.25942,7.24786,0.10042,0.10072,7.37964,0.10249,0.10381,0.10160,0.10720,0.09998,0.11043,0.09976,0.10000,0.10031,0.10019,0.09977,0.09946,0.09890
294,7.00415,0.09866,0.09820,7.37061,0.09880,0.09992,3.72779,0.09979,0.10037,6.54969,0.69584,7.27017,7.34853,0.10039,0.10086,7.37989,0.10300,0.10359,0.10144,0.12326,0.10001,0.12903,0.09976,0.10000,0.10028,0.10019,0.09961,0.09952,0.09893
295,7.29514,0.09872,0.09825,7.36774,0.09876,0.09991,7.35083,0.09981,0.10032,7.08352,6.21381,7.31609,7.36033,0.10060,0.10321,7.37777,0.35932,0.41710,0.10360,3.60436,0.10028,3.85102,0.09988,0.10000,0.10026,0.10016,0.09957,0.09956,0.09895
296,7.35015,0.09874,0.09830,7.35815,0.09874,0.09988,6.17534,0.09987,0.10026,7.29566,4.19940,7.35230,7.34941,0.10048,0.10232,7.37021,0.18298,0.24827,0.10284,1.45013,0.10030,1.79023,0.09999,0.10000,0.10029,0.10016,0.09954,0.09955,0.09894
297,7.19066,0.09869,0.09829,7.35181,0.09871,0.09983,1.10078,0.09986,0.10018,7.34144,0.68234,7.35857,7.09849,0.10031,0.10082,7.36179,0.10508,0.11015,0.10116,0.14951,0.10014,0.17990,0.09997,0.09999,0.10027,0.10012,0.09952,0.09948,0.09891
298,6.73454,0.09852,0.09809,7.34849,0.09862,0.09965,4.34171,0.09965,0.09998,7.16706,1.81204,7.34591,7.18987,0.10011,0.10054,7.35916,0.10821,0.10903,0.10082,0.39244,0.09991,0.43037,0.09977,0.09987,0.10000,0.09983,0.09955,0.09926,0.09881
299,7.03182,0.09831,0.09791,7.35131,0.09879,0.09936,7.27820,0.09940,0.09966,7.04629,6.79209,7.35578,7.32240,0.10680,0.61307,7.36610,4.28932,4.21094,0.63071,6.60871,0.10093,6.61448,0.09961,0.09988,0.09974,0.09954,0.09952,0.09900,0.09871
300,7.28020,0.09820,0.09791,7.35863,0.09893,0.09919,6.08250,0.09913,0.09948,7.20410,5.08991,7.36532,7.32331,0.10505,0.23659,7.37094,1.52102,2.01734,0.31358,3.63726,0.10015,4.04186,0.09940,0.09995,0.09953,0.09943,0.09940,0.09885,0.09864
301,7.20557,0.09821,0.09801,7.36332,0.09896,0.09917,3.23998,0.09914,0.09944,7.30006,2.32366,7.36977,7.26590,0.10149,0.11946,7.37267,0.31854,0.61912,0.15752,0.96817,0.09966,1.39492,0.09935,0.10000,0.09950,0.09951,0.09939,0.09883,0.09866
302,6.79576,0.09820,0.09814,7.36240,0.09906,0.09914,0.88943,0.09917,0.09945,7.21587,0.86880,7.36350,6.97257,0.10027,0.10387,7.36859,0.14252,0.22821,0.11483,0.27208,0.09953,0.42124,0.09933,0.10001,0.09950,0.09964,0.09938,0.09880,0.09866
303,5.70496,0.09824,0.09819,7.36236,0.09899,0.09919,0.15944,0.09919,0.09948,6.79825,0.38237,7.28987,6.77365,0.09967,0.09979,7.37087,0.10198,0.10703,0.10082,0.10870,0.09944,0.11688,0.09928,0.10002,0.09953,0.09975,0.09940,0.09883,0.09870
304,5.70883,0.09830,0.09818,7.36543,0.09890,0.09924,0.86185,0.09920,0.09948,6.23506,0.32738,7.24057,7.05993,0.09963,0.09955,7.37463,0.10007,0.10120,0.09986,0.10170,0.09939,0.10337,0.09925,0.09999,0.09955,0.09978,0.09936,0.09887,0.09872
305,5.94612,0.09834,0.09813,7.37001,0.09872,0.09923,0.11496,0.09920,0.09942,6.19185,0.28446,7.22377,6.83649,0.09961,0.09940,7.37550,0.09954,0.09981,0.09959,0.09980,0.09930,0.10012,0.09919,0.09998,0.09951,0.09971,0.09919,0.09891,0.09871
306,5.84039,0.09834,0.09803,7.37111,0.09846,0.09911,2.29564,0.09914,0.09925,6.55362,0.42517,7.22961,7.06261,0.09945,0.09917,7.37445,0.09926,0.09934,0.09933,0.10182,0.09916,0.10313,0.09909,0.09993,0.09938,0.09953,0.09891,0.09890,0.09863
307,6.61036,0.09826,0.09794,7.37347,0.09835,0.09900,5.96923,0.09904,0.09912,6.61134,1.78743,7.25631,7.33883,0.09921,0.09893,7.37523,0.09928,0.09924,0.09902,0.14830,0.09899,0.15976,0.09899,0.09993,0.09924,0.09937,0.09881,0.09883,0.09854
308,7.10766,0.09818,0.09786,7.37931,0.09828,0.09891,6.50185,0.09894,0.09902,6.76194,4.18732,7.31308,7.36606,0.09899,0.09933,7.38077,0.20707,0.18528,0.09922,1.76772,0.09886,1.83473,0.09891,0.09994,0.09911,0.09926,0.09879,0.09874,0.09847
309,7.28914,0.09799,0.09765,7.38684,0.09812,0.09876,6.79167,0.09877,0.09883,7.01920,4.72077,7.34324,7.37378,0.09878,0.10541,7.38724,0.36636,0.34769,0.10391,2.10251,0.09868,2.17032,0.09876,0.09989,0.09893,0.09909,0.09865,0.09858,0.09828
310,7.35179,0.09782,0.09743,7.39230,0.09790,0.09855,7.37622,0.09852,0.09859,7.27674,6.92324,7.38286,7.38215,0.11490,0.96212,7.39128,4.78081,4.57045,0.81746,7.08844,0.10752,7.07134,0.09852,0.09989,0.09871,0.09887,0.09848,0.09839,0.09810
311,7.37024,0.09767,0.09731,7.39870,0.09781,0.09835,7.35738,0.09826,0.09837,7.33810,6.93945,7.40593,7.38653,0.16481,1.01361,7.39537,4.80832,4.94760,1.26163,6.96867,0.11448,6.92567,0.09832,0.09988,0.09923,0.09897,0.09836,0.09817,0.09794
312,7.37503,0.09731,0.09711,7.40176,0.09778,0.09806,7.36457,0.09797,0.09851,7.36858,7.01153,7.41337,7.39148,0.42945,1.58951,7.39926,5.72869,5.91314,2.44799,7.15635,0.14895,7.13231,0.09821,0.09982,0.10676,0.10545,0.09810,0.09787,0.09762
313,7.37166,0.09704,0.09697,7.41203,0.09763,0.09781,6.43683,0.09778,0.09914,7.37795,5.59729,7.42688,7.37745,0.30481,0.46895,7.41366,2.07254,3.35764,1.39269,4.20514,0.11788,4.78721,0.09837,0.09992,0.10853,0.10508,0.09794,0.09763,0.09735
314,7.06209,0.09699,0.09697,7.43568,0.09758,0.09775,2.40674,0.09771,0.09885,7.37076,2.13065,7.42259,7.10193,0.14234,0.17465,7.43487,0.47980,1.23799,0.46008,1.05020,0.10254,1.72017,0.09825,0.09999,0.10351,0.10062,0.09785,0.09757,0.09730
315,6.15750,0.09696,0.09686,7.45519,0.09751,0.09772,0.52088,0.09776,0.09858,7.25866,0.68699,7.36808,6.89101,0.10553,0.10863,7.43964,0.15039,0.26369,0.13995,0.23933,0.09995,0.37773,0.09817,0.09997,0.10056,0.09943,0.09769,0.09753,0.09724
316,5.98793,0.09688,0.09687,7.46273,0.09740,0.09764,0.25226,0.09772,0.09850,7.24633,0.45394,7.34866,6.99691,0.10228,0.10179,7.45064,0.11289,0.14421,0.11242,0.14169,0.09914,0.18041,0.09811,0.09998,0.09957,0.09930,0.09769,0.09744,0.09714
317,6.14728,0.09687,0.09704,7.47925,0.09748,0.09761,5.12215,0.09770,0.09864,6.76103,2.27645,7.36364,7.30859,0.10265,0.10160,7.46848,0.11604,0.13125,0.11083,0.30884,0.09910,0.34803,0.09808,0.10000,0.09948,0.09948,0.09801,0.09741,0.09711
318,6.74467,0.09689,0.09715,7.49574,0.09763,0.09761,2.01547,0.09764,0.09868,6.53440,0.90715,7.37280,7.23848,0.10154,0.10069,7.48766,0.10816,0.11923,0.10736,0.15370,0.09881,0.16658,0.09804,0.10000,0.09935,0.09950,0.09813,0.09742,0.09712
319,6.18993,0.09695,0.09719,7.50782,0.09786,0.09763,0.14506,0.09761,0.09870,6.69370,0.30991,7.36742,7.00933,0.09991,0.09910,7.49557,0.10074,0.10584,0.10227,0.10345,0.09819,0.10787,0.09786,0.10000,0.09913,0.09944,0.09820,0.09745,0.09713
320,6.26769,0.09700,0.09718,7.50690,0.09800,0.09764,1.19405,0.09761,0.09875,6.70307,0.29371,7.37010,7.33585,0.09977,0.09879,7.49851,0.10025,0.10362,0.10140,0.10304,0.09816,0.10572,0.09790,0.10000,0.09912,0.09951,0.09825,0.09750,0.09714
321,6.38364,0.09701,0.09714,7.50427,0.09802,0.09769,0.11508,0.09760,0.09870,6.63247,0.26356,7.36448,7.06011,0.09946,0.09848,7.49933,0.09918,0.10157,0.10016,0.10022,0.09808,0.10198,0.09786,0.10000,0.09908,0.09952,0.09822,0.09752,0.09715
322,5.99188,0.09701,0.09711,7.49994,0.09793,0.09780,0.11107,0.09763,0.09858,6.66479,0.24413,7.35048,7.00184,0.09936,0.09827,7.49959,0.09866,0.09994,0.09938,0.09915,0.09806,0.10019,0.09778,0.10000,0.09899,0.09945,0.09816,0.09751,0.09715
323,6.16571,0.09703,0.09713,7.49572,0.09784,0.09785,3.58934,0.09768,0.09858,6.61568,0.46829,7.34883,7.34262,0.09932,0.09824,7.49979,0.09865,0.09950,0.09917,0.10139,0.09812,0.10332,0.09786,0.10000,0.09903,0.09947,0.09816,0.09755,0.09716
324,6.84148,0.09704,0.09718,7.49182,0.09780,0.09787,0.68848,0.09770,0.09857,6.58584,0.24013,7.36937,7.24389,0.09935,0.09829,7.49438,0.09851,0.09924,0.09912,0.09915,0.09823,0.09971,0.09788,0.10000,0.09900,0.09951,0.09813,0.09756,0.09716
325,6.39830,0.09703,0.09724,7.48970,0.09778,0.09789,0.10921,0.09773,0.09854,6.77331,0.20707,7.36532,7.08131,0.09932,0.09832,7.49112,0.09841,0.09906,0.09912,0.09854,0.09813,0.09896,0.09782,0.10000,0.09894,0.09954,0.09810,0.09755,0.09715
326,6.08654,0.09702,0.09721,7.48850,0.09775,0.09792,0.12394,0.09779,0.09848,6.65530,0.19746,7.34004,7.07234,0.09930,0.09827,7.49707,0.09845,0.09908,0.09913,0.09855,0.09805,0.09892,0.09780,0.10000,0.09887,0.09948,0.09800,0.09755,0.09714
327,6.45347,0.09703,0.09719,7.48971,0.09770,0.09792,4.92833,0.09782,0.09850,6.59980,0.74726,7.34032,7.41615,0.09921,0.09823,7.50079,0.09855,0.09902,0.09899,0.10456,0.09807,0.10755,0.09785,0.09999,0.09896,0.09946,0.09797,0.09759,0.09714
328,7.11174,0.09697,0.09714,7.48751,0.09762,0.09785,1.76778,0.09778,0.09842,6.69080,0.26051,7.37025,7.38228,0.09912,0.09809,7.49538,0.09835,0.09879,0.09883,0.09937,0.09803,0.10008,0.09780,0.09996,0.09888,0.09939,0.09788,0.09754,0.09707
329,7.15764,0.09690,0.09706,7.48509,0.09752,0.09777,5.83315,0.09771,0.09835,6.99731,2.36211,7.41393,7.44695,0.09895,0.09804,7.49098,0.09908,0.09967,0.09860,0.26044,0.09802,0.29902,0.09781,0.09997,0.09884,0.09932,0.09780,0.09750,0.09700
330,7.29180,0.09688,0.09700,7.48479,0.09749,0.09773,3.82882,0.09769,0.09830,7.18620,0.67373,7.44044,7.43373,0.09890,0.09798,7.48906,0.09859,0.09893,0.09850,0.13314,0.09804,0.14782,0.09777,0.09998,0.09877,0.09930,0.09772,0.09748,0.09697
331,7.11848,0.09684,0.09696,7.48395,0.09745,0.09769,0.54487,0.09766,0.09822,7.26684,0.21903,7.44167,7.25890,0.09888,0.09792,7.49340,0.09799,0.09832,0.09844,0.09927,0.09796,0.09975,0.09770,0.09996,0.09868,0.09925,0.09765,0.09744,0.09694
332,6.98976,0.09669,0.09677,7.48283,0.09726,0.09756,2.01635,0.09753,0.09804,7.24518,0.20023,7.43627,7.41674,0.09868,0.09769,7.49285,0.09773,0.09796,0.09816,0.09893,0.09780,0.10000,0.09758,0.09991,0.09856,0.09907,0.09747,0.09733,0.09678
333,7.23349,0.09642,0.09648,7.48395,0.09693,0.09732,4.16061,0.09732,0.09780,7.17349,1.08468,7.45081,7.44114,0.09835,0.09735,7.48242,0.09759,0.09790,0.09769,0.15953,0.09758,0.17675,0.09747,0.09988,0.09832,0.09884,0.09717,0.09711,0.09649
334,7.40829,0.09629,0.09636,7.49491,0.09672,0.09715,7.48757,0.09729,0.09772,7.31443,6.64515,7.47783,7.49553,0.09796,0.12308,7.48438,1.49753,1.53993,0.12544,5.48121,0.09740,5.55580,0.09759,0.09995,0.09814,0.09879,0.09697,0.09698,0.09631
335,7.47512,0.09624,0.09641,7.50018,0.09672,0.09706,5.12315,0.09715,0.09756,7.42470,3.73393,7.49166,7.44879,0.09802,0.10585,7.48910,0.45620,0.57185,0.10950,2.09962,0.09750,2.25680,0.09747,0.09996,0.09805,0.09887,0.09696,0.09686,0.09626
336,6.82085,0.09624,0.09633,7.49490,0.09687,0.09701,0.38617,0.09702,0.09742,7.42996,0.40689,7.46799,6.99666,0.09821,0.09764,7.49319,0.10212,0.10707,0.09814,0.12855,0.09746,0.14317,0.09721,0.09998,0.09808,0.09885,0.09692,0.09678,0.09629
337,5.98932,0.09627,0.09637,7.49354,0.09697,0.09701,0.68228,0.09703,0.09744,7.07458,0.25954,7.39269,7.14776,0.09840,0.09752,7.49812,0.09764,0.09798,0.09792,0.09845,0.09739,0.09910,0.09714,0.10000,0.09816,0.09900,0.09694,0.09679,0.09633
338,6.28636,0.09629,0.09646,7.49497,0.09703,0.09700,0.14002,0.09703,0.09744,6.57739,0.22751,7.37510,7.03599,0.09861,0.09758,7.49602,0.09761,0.09790,0.09812,0.09774,0.09745,0.09794,0.09715,0.10000,0.09810,0.09915,0.09695,0.09679,0.09636
339,5.80811,0.09632,0.09641,7.49494,0.09698,0.09697,0.31740,0.09702,0.09738,6.68432,0.19779,7.32279,7.01107,0.09861,0.09750,7.49885,0.09765,0.09812,0.09836,0.09770,0.09728,0.09794,0.09708,0.09998,0.09807,0.09898,0.09704,0.09679,0.09637
340,6.31590,0.09636,0.09641,7.49562,0.09689,0.09696,3.29570,0.09700,0.09746,6.74194,0.37965,7.33187,7.37212,0.09860,0.09744,7.50291,0.09763,0.09803,0.09823,0.09931,0.09734,0.10022,0.09713,0.09999,0.09821,0.09899,0.09710,0.09678,0.09640
341,6.71404,0.09641,0.09646,7.49691,0.09691,0.09698,0.34370,0.09701,0.09754,6.69143,0.18216,7.36864,7.28042,0.09872,0.09742,7.50458,0.09757,0.09809,0.09826,0.09769,0.09740,0.09792,0.09716,0.10000,0.09825,0.09908,0.09715,0.09678,0.09644
342,6.80551,0.09645,0.09649,7.49736,0.09691,0.09700,0.12865,0.09701,0.09758,6.85476,0.17296,7.38924,7.21804,0.09887,0.09740,7.50611,0.09746,0.09807,0.09827,0.09760,0.09750,0.09789,0.09719,0.09999,0.09823,0.09899,0.09713,0.09680,0.09648
343,6.32538,0.09651,0.09652,7.50353,0.09689,0.09703,0.10624,0.09703,0.09759,6.98985,0.16443,7.38508,7.02613,0.09890,0.09753,7.51037,0.09746,0.09817,0.09848,0.09753,0.09745,0.09792,0.09716,0.10000,0.09812,0.09886,0.09712,0.09683,0.09653
344,6.00946,0.09658,0.09658,7.50529,0.09686,0.09705,2.53084,0.09711,0.09764,6.82954,0.68106,7.35066,7.18989,0.09891,0.09773,7.50999,0.09777,0.09845,0.09870,0.12370,0.09754,0.12992,0.09722,0.10001,0.09806,0.09886,0.09710,0.09689,0.09655
345,6.74022,0.09661,0.09665,7.50185,0.09686,0.09705,7.49139,0.09717,0.09775,6.56015,6.60475,7.38149,7.47769,0.09889,0.10549,7.50886,0.96930,0.96447,0.10691,5.15995,0.09789,5.20741,0.09753,0.10000,0.09824,0.09900,0.09707,0.09693,0.09654
346,7.33585,0.09663,0.09667,7.50579,0.09693,0.09706,5.95417,0.09719,0.09774,6.84869,3.91718,7.42325,7.48766,0.09888,0.10047,7.51138,0.25744,0.35946,0.10585,1.62539,0.09805,1.83870,0.09751,0.10000,0.09834,0.09919,0.09703,0.09693,0.09655
347,7.38595,0.09660,0.09669,7.51076,0.09692,0.09702,2.79368,0.09714,0.09769,7.17242,1.32379,7.44133,7.44697,0.09890,0.09886,7.51470,0.11748,0.15783,0.10162,0.33008,0.09808,0.43826,0.09745,0.09998,0.09833,0.09927,0.09696,0.09689,0.09651
348,7.01742,0.09659,0.09676,7.51289,0.09691,0.09698,0.47241,0.09711,0.09764,7.31310,0.41789,7.45617,7.13278,0.09888,0.09837,7.51395,0.10142,0.11014,0.09932,0.12415,0.09804,0.14464,0.09739,0.10000,0.09824,0.09933,0.09690,0.09686,0.09650
349,6.12612,0.09658,0.09682,7.51349,0.09690,0.09695,0.11671,0.09706,0.09753,7.11388,0.26350,7.41251,6.98872,0.09875,0.09840,7.51170,0.09843,0.09914,0.09871,0.09897,0.09797,0.10007,0.09732,0.09997,0.09796,0.09928,0.09687,0.09684,0.09648
350,6.02766,0.09644,0.09673,7.51067,0.09675,0.09682,0.11038,0.09691,0.09730,7.07436,0.23952,7.37416,7.06822,0.09844,0.09810,7.49779,0.09817,0.09832,0.09840,0.09823,0.09766,0.09836,0.09717,0.09992,0.09770,0.09908,0.09675,0.09671,0.09635
351,6.27917,0.09632,0.09667,7.50063,0.09663,0.09672,0.11725,0.09679,0.09716,7.14081,0.22723,7.38340,7.23087,0.09828,0.09790,7.47234,0.09789,0.09799,0.09813,0.09797,0.09755,0.09804,0.09707,0.09994,0.09758,0.09900,0.09665,0.09661,0.09623
352,6.70886,0.09628,0.09668,7.48693,0.09660,0.09667,2.63793,0.09676,0.09713,7.22015,0.27320,7.40639,7.43541,0.09822,0.09790,7.45595,0.09780,0.09785,0.09794,0.09873,0.09770,0.09882,0.09711,0.09996,0.09763,0.09904,0.09662,0.09657,0.09620
353,7.23334,0.09627,0.09670,7.47722,0.09660,0.09666,7.29245,0.09678,0.09712,7.11134,3.29569,7.43880,7.48999,0.09816,0.09787,7.45137,0.09818,0.09855,0.09780,0.31876,0.09789,0.33993,0.09725,0.09998,0.09782,0.09911,0.09662,0.09656,0.09620
354,7.41924,0.09627,0.09673,7.47726,0.09664,0.09665,3.96890,0.09678,0.09708,7.17341,1.16581,7.45550,7.45684,0.09829,0.09791,7.45300,0.09791,0.09812,0.09782,0.13146,0.09794,0.14100,0.09729,0.10000,0.09783,0.09920,0.09660,0.09655,0.09619
355,7.16442,0.09629,0.09681,7.48081,0.09669,0.09666,0.22490,0.09677,0.09710,7.28389,0.24003,7.46251,7.23988,0.09845,0.09802,7.45557,0.09790,0.09785,0.09796,0.09799,0.09785,0.09810,0.09724,0.10002,0.09782,0.09931,0.09662,0.09656,0.09620
356,6.76767,0.09634,0.09694,7.49147,0.09676,0.09669,0.11767,0.09680,0.09717,7.20628,0.21563,7.46046,7.25045,0.09859,0.09813,7.46075,0.09803,0.09797,0.09815,0.09797,0.09782,0.09795,0.09724,0.10003,0.09787,0.09945,0.09666,0.09659,0.09624
357,6.48658,0.09639,0.09706,7.49692,0.09683,0.09672,0.10927,0.09683,0.09721,6.99049,0.20444,7.44940,7.08109,0.09867,0.09816,7.46442,0.09820,0.09818,0.09842,0.09814,0.09772,0.09812,0.09718,0.10003,0.09789,0.09955,0.09671,0.09661,0.09628
358,6.24348,0.09637,0.09707,7.48356,0.09679,0.09667,1.87072,0.09676,0.09714,6.87032,0.22207,7.40818,7.24523,0.09852,0.09787,7.46910,0.09808,0.09813,0.09836,0.09834,0.09749,0.09854,0.09701,0.09993,0.09784,0.09944,0.09667,0.09657,0.09623
359,6.73157,0.09622,0.09694,7.47688,0.09661,0.09652,2.68262,0.09659,0.09699,7.20885,0.27442,7.40145,7.36296,0.09819,0.09751,7.46559,0.09765,0.09762,0.09789,0.09935,0.09727,0.10017,0.09682,0.09987,0.09777,0.09915,0.09651,0.09643,0.09609
360,6.95447,0.09612,0.09687,7.47720,0.09651,0.09641,2.11179,0.09648,0.09688,7.32784,0.22478,7.42752,7.33322,0.09796,0.09725,7.46709,0.09732,0.09729,0.09761,0.09845,0.09709,0.09917,0.09667,0.09989,0.09770,0.09900,0.09639,0.09634,0.09598
361,7.02831,0.09602,0.09680,7.47916,0.09641,0.09631,1.70128,0.09636,0.09677,7.43238,0.20350,7.44396,7.28844,0.09779,0.09704,7.47393,0.09704,0.09701,0.09738,0.09766,0.09693,0.09802,0.09655,0.09990,0.09763,0.09889,0.09628,0.09624,0.09587
362,7.00783,0.09596,0.09677,7.49003,0.09637,0.09625,7.36288,0.09634,0.09688,7.44595,5.54588,7.45994,7.42641,0.09753,0.10456,7.48978,0.74636,0.72506,0.10339,3.76383,0.09693,3.84212,0.09658,0.09997,0.09771,0.09892,0.09623,0.09619,0.09581
363,7.30073,0.09594,0.09678,7.50274,0.09645,0.09624,5.95331,0.09634,0.09689,7.30915,4.28634,7.48813,7.46678,0.09767,0.10344,7.50035,0.47364,0.52091,0.10417,2.40597,0.09698,2.54367,0.09662,0.09999,0.09781,0.09908,0.09620,0.09617,0.09581
364,7.12350,0.09594,0.09684,7.51273,0.09648,0.09621,0.60321,0.09628,0.09683,7.31853,0.44149,7.48866,7.16561,0.09800,0.09722,7.50305,0.10164,0.10637,0.09772,0.13212,0.09693,0.14873,0.09652,0.09999,0.09780,0.09924,0.09617,0.09615,0.09579
365,6.71816,0.09589,0.09688,7.51518,0.09642,0.09614,0.29509,0.09619,0.09681,7.40348,0.25787,7.45847,7.09626,0.09806,0.09694,7.50568,0.09723,0.09779,0.09740,0.09899,0.09677,0.10030,0.09642,0.09996,0.09786,0.09928,0.09610,0.09609,0.09571
366,6.85195,0.09582,0.09689,7.51973,0.09637,0.09605,0.12332,0.09610,0.09676,7.48615,0.22391,7.43162,7.04753,0.09813,0.09678,7.51189,0.09680,0.09702,0.09735,0.09702,0.09668,0.09725,0.09633,0.09997,0.09792,0.09929,0.09602,0.09601,0.09562
367,6.81246,0.09579,0.09695,7.52958,0.09635,0.09600,3.91034,0.09607,0.09686,7.49764,0.70008,7.44668,7.30055,0.09813,0.09669,7.52072,0.09667,0.09685,0.09725,0.10550,0.09667,0.10986,0.09634,0.09997,0.09813,0.09937,0.09597,0.09597,0.09558
368,7.06555,0.09563,0.09679,7.54103,0.09629,0.09587,7.47089,0.09602,0.09694,7.46679,5.23790,7.48721,7.49530,0.09790,0.09648,7.52765,0.12368,0.12913,0.09684,1.31646,0.09664,1.56632,0.09643,0.09995,0.09833,0.09930,0.09583,0.09584,0.09544
369,7.31709,0.09547,0.09661,7.55107,0.09627,0.09576,7.48671,0.09603,0.09697,7.34933,6.67900,7.52052,7.53666,0.09780,0.10268,7.54154,0.81618,0.66510,0.09976,5.03419,0.09665,4.87666,0.09667,0.09998,0.09840,0.09932,0.09571,0.09572,0.09533
370,7.50199,0.09542,0.09658,7.57538,0.09642,0.09583,7.48708,0.09636,0.09665,7.38177,6.64047,7.55146,7.56233,0.09864,0.27638,7.56561,1.57118,0.61245,0.11139,4.97739,0.10084,4.33165,0.09715,0.10000,0.09816,0.09941,0.09571,0.09571,0.09536
371,7.53301,0.09538,0.09655,7.58475,0.09658,0.09602,4.22258,0.09659,0.09628,7.51968,2.79423,7.55668,7.48849,0.09907,0.25710,7.58531,0.76673,0.21698,0.11024,1.68232,0.10569,0.97415,0.09749,0.10000,0.09759,0.09937,0.09580,0.09576,0.09542
372,7.12350,0.09537,0.09660,7.57013,0.09667,0.09608,0.63915,0.09662,0.09623,7.50673,0.64539,7.53569,7.02523,0.09878,0.13325,7.58568,0.21735,0.11981,0.10210,0.31411,0.10191,0.20165,0.09753,0.10000,0.09733,0.09939,0.09592,0.09587,0.09550
373,5.94912,0.09539,0.09675,7.56713,0.09669,0.09604,0.16667,0.09650,0.09639,7.14209,0.34340,7.48315,6.77046,0.09842,0.10200,7.56380,0.11251,0.10323,0.09946,0.12705,0.09851,0.11362,0.09702,0.09999,0.09726,0.09949,0.09596,0.09586,0.09550
374,5.48469,0.09545,0.09694,7.56915,0.09656,0.09599,0.11988,0.09636,0.09671,6.57900,0.28344,7.40666,6.97608,0.09820,0.09853,7.53287,0.10032,0.09958,0.09859,0.10217,0.09737,0.10115,0.09670,0.09999,0.09745,0.09957,0.09600,0.09578,0.09545
375,5.85504,0.09538,0.09690,7.55327,0.09624,0.09587,3.74676,0.09620,0.09696,6.22560,1.71513,7.38978,7.32222,0.09793,0.09768,7.53047,0.10286,0.10349,0.09800,0.41945,0.09701,0.46360,0.09645,0.09994,0.09761,0.09944,0.09599,0.09565,0.09531
376,6.81665,0.09524,0.09675,7.56743,0.09609,0.09579,7.54934,0.09615,0.09714,6.41287,6.91130,7.45007,7.54679,0.09780,0.12371,7.54639,1.60157,1.52376,0.11760,6.29280,0.09717,6.28129,0.09653,0.09997,0.09790,0.09938,0.09591,0.09556,0.09517
377,7.39124,0.09524,0.09679,7.58772,0.09620,0.09579,4.87049,0.09616,0.09708,6.89566,3.44130,7.50154,7.50404,0.09824,0.10354,7.57621,0.34511,0.38506,0.10453,1.65345,0.09719,1.78900,0.09655,0.10001,0.09802,0.09953,0.09594,0.09557,0.09516
378,7.14923,0.09527,0.09695,7.57535,0.09629,0.09579,0.36570,0.09613,0.09706,7.26973,0.44651,7.49785,6.99323,0.09850,0.09764,7.59014,0.10146,0.10491,0.09837,0.12106,0.09706,0.13146,0.09646,0.10001,0.09799,0.09967,0.09596,0.09559,0.09517
379,6.29215,0.09530,0.09712,7.54474,0.09635,0.09578,0.11860,0.09609,0.09707,7.22201,0.31677,7.47104,6.64422,0.09854,0.09738,7.58420,0.09779,0.09844,0.09829,0.09862,0.09690,0.09933,0.09639,0.10001,0.09798,0.09976,0.09596,0.09559,0.09516
380,5.55448,0.09532,0.09725,7.55301,0.09637,0.09574,0.11331,0.09604,0.09708,6.78526,0.28684,7.42405,6.89739,0.09853,0.09721,7.55873,0.09752,0.09818,0.09828,0.09770,0.09678,0.09805,0.09632,0.09999,0.09803,0.09976,0.09594,0.09557,0.09514
381,5.78997,0.09533,0.09735,7.55922,0.09638,0.09571,0.11202,0.09600,0.09711,6.46943,0.26864,7.38728,7.05375,0.09862,0.09709,7.53871,0.09738,0.09815,0.09822,0.09755,0.09676,0.09793,0.09629,0.10000,0.09819,0.09977,0.09592,0.09555,0.09512
382,6.17822,0.09538,0.09751,7.55055,0.09646,0.09574,0.12002,0.09603,0.09723,6.25059,0.25491,7.39273,7.24806,0.09880,0.09714,7.54906,0.09738,0.09825,0.09831,0.09756,0.09686,0.09800,0.09634,0.10001,0.09840,0.09988,0.09596,0.09557,0.09515
383,6.81728,0.09542,0.09762,7.53379,0.09660,0.09578,0.11423,0.09608,0.09735,6.55229,0.24585,7.41879,7.22836,0.09903,0.09722,7.54880,0.09744,0.09835,0.09840,0.09761,0.09706,0.09807,0.09646,0.10001,0.09864,0.09996,0.09602,0.09561,0.09519
384,6.77094,0.09546,0.09771,7.51004,0.09675,0.09581,0.10716,0.09610,0.09736,6.89880,0.23302,7.42133,6.87134,0.09922,0.09741,7.53902,0.09751,0.09844,0.09862,0.09765,0.09722,0.09819,0.09647,0.10002,0.09866,0.10001,0.09608,0.09564,0.09522
385,6.28042,0.09552,0.09783,7.47214,0.09685,0.09584,0.10870,0.09612,0.09743,6.92166,0.22291,7.41490,6.85611,0.09929,0.09759,7.52892,0.09767,0.09860,0.09884,0.09775,0.09725,0.09829,0.09647,0.10002,0.09870,0.10006,0.09612,0.09567,0.09525
386,6.38835,0.09558,0.09794,7.43668,0.09697,0.09588,0.10893,0.09616,0.09755,6.71054,0.21689,7.41059,6.95940,0.09941,0.09769,7.50198,0.09783,0.09877,0.09897,0.09789,0.09734,0.09842,0.09655,0.10002,0.09887,0.10011,0.09618,0.09571,0.09530
387,6.25488,0.09566,0.09808,7.42125,0.09713,0.09593,0.10754,0.09620,0.09754,6.65653,0.20747,7.38644,6.84889,0.09947,0.09784,7.45419,0.09804,0.09901,0.09918,0.09814,0.09737,0.09869,0.09655,0.10002,0.09882,0.10015,0.09626,0.09576,0.09536
388,6.09192,0.09576,0.09822,7.41620,0.09724,0.09597,0.10828,0.09623,0.09761,6.54033,0.19942,7.37372,6.92576,0.09945,0.09789,7.43609,0.09818,0.09920,0.09928,0.09830,0.09733,0.09888,0.09654,0.10002,0.09882,0.10018,0.09633,0.09580,0.09541
389,6.29515,0.09583,0.09832,7.41315,0.09731,0.09599,0.12380,0.09625,0.09770,6.51156,0.19462,7.37232,7.04653,0.09946,0.09786,7.43759,0.09822,0.09925,0.09927,0.09838,0.09732,0.09897,0.09657,0.10001,0.09893,0.10016,0.09636,0.09583,0.09545
390,6.59806,0.09585,0.09838,7.41315,0.09741,0.09601,0.11293,0.09627,0.09777,6.60748,0.19069,7.37374,7.07969,0.09954,0.09784,7.44340,0.09822,0.09927,0.09925,0.09841,0.09743,0.09899,0.09665,0.10001,0.09907,0.10014,0.09639,0.09585,0.09547
391,6.28651,0.09592,0.09848,7.43759,0.09755,0.09604,0.10754,0.09628,0.09772,6.72372,0.18390,7.35997,6.93838,0.09955,0.09790,7.47161,0.09818,0.09928,0.09930,0.09839,0.09746,0.09903,0.09664,0.10002,0.09900,0.10015,0.09646,0.09589,0.09552
392,5.99831,0.09607,0.09863,7.47743,0.09767,0.09609,0.10735,0.09631,0.09770,6.69825,0.17791,7.35271,7.01915,0.09946,0.09797,7.50412,0.09829,0.09937,0.09938,0.09845,0.09736,0.09909,0.09662,0.10003,0.09887,0.10019,0.09654,0.09595,0.09559
393,6.13943,0.09621,0.09876,7.50490,0.09772,0.09611,0.10721,0.09632,0.09770,6.86731,0.17240,7.36151,7.11949,0.09935,0.09788,7.51763,0.09830,0.09938,0.09931,0.09850,0.09725,0.09913,0.09660,0.10001,0.09883,0.10018,0.09658,0.09599,0.09563
394,6.32624,0.09627,0.09881,7.51684,0.09768,0.09608,0.22066,0.09628,0.09771,6.91738,0.16826,7.38857,7.23627,0.09924,0.09770,7.52859,0.09814,0.09919,0.09911,0.09838,0.09715,0.09898,0.09657,0.09998,0.09885,0.10007,0.09655,0.09598,0.09562
395,6.69564,0.09610,0.09858,7.52364,0.09747,0.09592,0.52958,0.09612,0.09756,6.91475,0.16533,7.41967,7.39099,0.09898,0.09734,7.53279,0.09775,0.09860,0.09864,0.09809,0.09701,0.09852,0.09644,0.09988,0.09876,0.09971,0.09637,0.09584,0.09545
396,6.94497,0.09579,0.09821,7.52953,0.09718,0.09571,6.62048,0.09598,0.09754,7.16282,4.28442,7.44386,7.46935,0.09835,0.11185,7.53633,0.79164,0.74183,0.10949,3.02066,0.09686,3.05057,0.09641,0.09987,0.09858,0.09928,0.09614,0.09564,0.09521
397,7.20308,0.09562,0.09801,7.53747,0.09718,0.09566,7.42345,0.09600,0.09758,7.30186,6.58099,7.46744,7.51234,0.09816,0.12351,7.53636,1.09281,1.16334,0.12495,4.88929,0.09695,4.96186,0.09653,0.09996,0.09851,0.09924,0.09609,0.09556,0.09510
398,7.39026,0.09554,0.09794,7.54210,0.09725,0.09564,6.43836,0.09600,0.09753,7.27214,4.20492,7.49096,7.52699,0.09832,0.10478,7.53735,0.32052,0.41850,0.10852,1.70073,0.09712,1.92939,0.09661,0.09999,0.09860,0.09942,0.09609,0.09553,0.09505
399,7.49824,0.09548,0.09791,7.54718,0.09731,0.09566,6.47199,0.09608,0.09766,7.37627,4.22133,7.51184,7.53661,0.09849,0.10927,7.54182,0.36972,0.44990,0.11357,1.80836,0.09730,2.01632,0.09691,0.10000,0.09879,0.09959,0.09610,0.09552,0.09502
400,7.38926,0.09544,0.09790,7.54644,0.09742,0.09565,1.76382,0.09606,0.09757,7.47840,1.03764,7.52009,7.33912,0.09886,0.09946,7.54341,0.13235,0.15523,0.10135,0.30352,0.09765,0.36641,0.09696,0.09998,0.09884,0.09967,0.09613,0.09550,0.09499
401,6.97796,0.09538,0.09787,7.54323,0.09742,0.09559,0.85218,0.09602,0.09751,7.47431,0.44353,7.50207,7.24261,0.09890,0.09796,7.53634,0.10426,0.10992,0.09894,0.13195,0.09770,0.14379,0.09687,0.09996,0.09880,0.09960,0.09608,0.09544,0.09491
402,6.75104,0.09535,0.09787,7.53903,0.09742,0.09555,3.11198,0.09602,0.09752,7.40739,0.40389,7.46860,7.35398,0.09885,0.09774,7.53605,0.09985,0.10153,0.09839,0.11137,0.09768,0.11587,0.09684,0.09998,0.09879,0.09959,0.09606,0.09540,0.09485
403,6.93546,0.09535,0.09791,7.54367,0.09750,0.09557,0.19520,0.09608,0.09753,7.37208,0.27510,7.47371,7.34264,0.09901,0.09777,7.54183,0.09827,0.09912,0.09834,0.10084,0.09779,0.10211,0.09692,0.09999,0.09887,0.09967,0.09611,0.09540,0.09485
404,7.03876,0.09528,0.09788,7.55169,0.09752,0.09557,3.71370,0.09618,0.09764,7.17175,0.54084,7.48884,7.50031,0.09899,0.09772,7.54614,0.09837,0.09905,0.09824,0.10596,0.09787,0.10990,0.09717,0.09998,0.09901,0.09968,0.09611,0.09538,0.09480
405,7.33106,0.09521,0.09780,7.55358,0.09759,0.09560,2.19420,0.09626,0.09760,7.12878,0.43461,7.50072,7.43100,0.09908,0.09776,7.54692,0.09815,0.09864,0.09823,0.10341,0.09805,0.10563,0.09738,0.09999,0.09903,0.09968,0.09616,0.09535,0.09476
406,6.90899,0.09522,0.09786,7.55540,0.09767,0.09562,0.11769,0.09623,0.09756,7.25574,0.22466,7.50628,7.22295,0.09927,0.09799,7.54928,0.09780,0.09811,0.09849,0.09800,0.09824,0.09829,0.09732,0.10000,0.09900,0.09975,0.09622,0.09536,0.09477
407,6.40844,0.09522,0.09791,7.55823,0.09770,0.09560,0.10774,0.09614,0.09750,7.05435,0.21362,7.49408,7.05738,0.09935,0.09826,7.55300,0.09802,0.09830,0.09880,0.09790,0.09817,0.09806,0.09720,0.09999,0.09893,0.09977,0.09624,0.09536,0.09474
408,5.98705,0.09525,0.09796,7.55775,0.09770,0.09556,0.10787,0.09600,0.09742,6.72787,0.20413,7.45789,7.00170,0.09932,0.09836,7.55503,0.09834,0.09865,0.09904,0.09820,0.09793,0.09835,0.09700,0.09999,0.09879,0.09977,0.09624,0.09534,0.09470
409,5.88018,0.09531,0.09805,7.55659,0.09773,0.09555,0.10635,0.09591,0.09738,6.50057,0.19658,7.42812,6.86478,0.09926,0.09826,7.55333,0.09847,0.09890,0.09910,0.09846,0.09772,0.09865,0.09683,0.10000,0.09871,0.09980,0.09624,0.09534,0.09470
410,5.61582,0.09538,0.09813,7.55646,0.09775,0.09552,0.10717,0.09581,0.09734,6.36479,0.18930,7.39156,6.92520,0.09919,0.09808,7.54902,0.09841,0.09901,0.09907,0.09853,0.09751,0.09882,0.09665,0.10000,0.09864,0.09982,0.09624,0.09534,0.09469
411,5.59331,0.09546,0.09822,7.55570,0.09777,0.09551,0.10767,0.09573,0.09731,6.13618,0.18230,7.35766,7.00979,0.09912,0.09789,7.54529,0.09826,0.09899,0.09899,0.09844,0.09733,0.09883,0.09648,0.10000,0.09858,0.09985,0.09624,0.09535,0.09468
412,5.79448,0.09555,0.09832,7.55517,0.09780,0.09551,0.10749,0.09567,0.09732,6.02709,0.17646,7.35291,7.06017,0.09909,0.09775,7.54650,0.09812,0.09895,0.09892,0.09832,0.09719,0.09878,0.09636,0.10000,0.09858,0.09988,0.09625,0.09537,0.09469
413,5.96393,0.09563,0.09841,7.55388,0.09784,0.09552,0.10731,0.09562,0.09732,6.16296,0.17102,7.37288,7.05707,0.09906,0.09761,7.54965,0.09798,0.09887,0.09885,0.09819,0.09707,0.09868,0.09626,0.10000,0.09858,0.09990,0.09626,0.09540,0.09470
414,6.07995,0.09562,0.09839,7.55103,0.09779,0.09547,0.82271,0.09553,0.09730,6.35934,0.16746,7.38802,7.17864,0.09893,0.09739,7.54633,0.09775,0.09859,0.09858,0.09806,0.09694,0.09858,0.09613,0.09995,0.09855,0.09977,0.09620,0.09537,0.09462
415,6.50073,0.09545,0.09822,7.54721,0.09767,0.09537,6.86541,0.09555,0.09745,6.60726,2.48598,7.43642,7.48426,0.09869,0.09738,7.54023,0.09801,0.09856,0.09827,0.22229,0.09707,0.27534,0.09627,0.09996,0.09868,0.09961,0.09609,0.09528,0.09447
416,7.14729,0.09533,0.09814,7.54795,0.09772,0.09539,5.37912,0.09560,0.09742,6.76081,2.00835,7.47228,7.52805,0.09876,0.09760,7.54555,0.09808,0.09867,0.09833,0.20223,0.09726,0.24121,0.09656,0.10000,0.09878,0.09966,0.09617,0.09526,0.09443
417,7.27892,0.09535,0.09822,7.54315,0.09784,0.09547,0.30697,0.09561,0.09735,7.15298,0.19844,7.48215,7.19419,0.09901,0.09772,7.54882,0.09785,0.09847,0.09847,0.09812,0.09748,0.09858,0.09653,0.10002,0.09871,0.09978,0.09632,0.09531,0.09447
418,6.52554,0.09543,0.09830,7.53161,0.09791,0.09551,0.10711,0.09557,0.09730,7.25322,0.16625,7.47605,6.88013,0.09911,0.09775,7.54642,0.09793,0.09854,0.09866,0.09803,0.09744,0.09837,0.09634,0.10001,0.09854,0.09986,0.09640,0.09533,0.09449
419,5.96156,0.09555,0.09841,7.50515,0.09797,0.09555,0.10557,0.09554,0.09731,6.86186,0.15927,7.45096,6.79326,0.09904,0.09786,7.54066,0.09798,0.09867,0.09889,0.09805,0.09718,0.09844,0.09620,0.10001,0.09844,0.09992,0.09646,0.09537,0.09452
420,5.76692,0.09567,0.09850,7.48359,0.09803,0.09558,0.10676,0.09552,0.09732,6.46414,0.15384,7.40942,6.88229,0.09894,0.09780,7.52935,0.09810,0.09884,0.09894,0.09818,0.09694,0.09859,0.09610,0.10001,0.09841,0.09996,0.09650,0.09540,0.09455
421,5.89109,0.09576,0.09860,7.48906,0.09809,0.09561,0.10725,0.09553,0.09739,6.26895,0.14968,7.38555,6.92705,0.09891,0.09774,7.53339,0.09806,0.09888,0.09893,0.09823,0.09683,0.09868,0.09608,0.10001,0.09850,0.09999,0.09654,0.09543,0.09458
422,6.08796,0.09580,0.09865,7.50825,0.09813,0.09563,0.10872,0.09554,0.09744,6.23490,0.14678,7.37507,7.10721,0.09895,0.09758,7.53515,0.09803,0.09887,0.09884,0.09818,0.09681,0.09865,0.09610,0.10000,0.09863,0.09999,0.09656,0.09546,0.09460
423,6.31714,0.09583,0.09870,7.51663,0.09817,0.09565,0.11102,0.09553,0.09745,6.38755,0.14351,7.38710,7.19483,0.09904,0.09735,7.53285,0.09801,0.09889,0.09861,0.09816,0.09688,0.09864,0.09610,0.10000,0.09869,0.09997,0.09660,0.09548,0.09460
424,6.56224,0.09587,0.09874,7.52292,0.09822,0.09567,0.83526,0.09555,0.09752,6.61929,0.14467,7.40803,7.25401,0.09908,0.09728,7.53717,0.09792,0.09879,0.09831,0.09825,0.09713,0.09876,0.09615,0.10000,0.09881,0.09997,0.09664,0.09551,0.09463
425,6.80359,0.09586,0.09876,7.53725,0.09826,0.09569,6.71344,0.09570,0.09784,6.82645,3.08200,7.45341,7.46276,0.09863,0.09767,7.54733,0.13194,0.13294,0.09819,1.02540,0.09763,1.13043,0.09650,0.10000,0.09908,0.09997,0.09667,0.09556,0.09466
426,7.34730,0.09578,0.09872,7.54098,0.09831,0.09575,7.46769,0.09588,0.09806,7.11385,6.57750,7.48649,7.52931,0.09840,0.14026,7.54896,1.29378,0.96099,0.10917,5.31585,0.09773,5.29610,0.09709,0.09998,0.09917,0.09993,0.09676,0.09560,0.09468
427,7.48775,0.09574,0.09870,7.54231,0.09834,0.09581,7.47741,0.09604,0.09820,7.29823,6.66489,7.51016,7.53373,0.10822,0.41517,7.54904,1.73489,1.21964,0.17925,5.29087,0.10434,5.37886,0.09733,0.10000,0.09920,0.09987,0.09685,0.09562,0.09470
428,7.52235,0.09573,0.09873,7.53862,0.09840,0.09591,5.92970,0.09615,0.09822,7.47922,4.63559,7.51276,7.50493,0.12642,0.58911,7.54723,1.52436,0.77894,0.27139,3.31267,0.11770,3.09995,0.09750,0.10001,0.09927,0.09992,0.09700,0.09566,0.09474
429,7.17327,0.09583,0.09882,7.53132,0.09846,0.09592,0.98635,0.09602,0.09803,7.50213,0.91181,7.50187,7.10814,0.10587,0.14387,7.54214,0.34918,0.27692,0.16743,0.55935,0.09939,0.42071,0.09707,0.10000,0.09904,0.09996,0.09708,0.09568,0.09476
430,6.25071,0.09599,0.09891,7.53210,0.09847,0.09591,0.32481,0.09593,0.09794,7.34749,0.46362,7.46610,6.91169,0.10078,0.10386,7.54146,0.12843,0.16101,0.12112,0.17557,0.09796,0.19660,0.09676,0.10000,0.09888,0.09997,0.09707,0.09569,0.09478
431,5.94076,0.09613,0.09902,7.52951,0.09848,0.09592,0.19734,0.09592,0.09800,6.81232,0.35740,7.42825,7.18154,0.09936,0.10223,7.53995,0.11297,0.12886,0.10590,0.12733,0.09772,0.14416,0.09668,0.10001,0.09891,0.10001,0.09704,0.09574,0.09481
432,6.36704,0.09625,0.09916,7.51918,0.09857,0.09599,0.14870,0.09594,0.09801,6.45621,0.30459,7.40989,7.11003,0.09909,0.10042,7.52996,0.10494,0.10910,0.10035,0.11198,0.09776,0.11898,0.09665,0.10002,0.09892,0.10007,0.09713,0.09581,0.09489
433,6.38585,0.09639,0.09930,7.51011,0.09870,0.09608,0.12883,0.09599,0.09806,6.59632,0.27125,7.40439,7.06833,0.09913,0.09907,7.52193,0.10080,0.10188,0.09946,0.10349,0.09786,0.10553,0.09665,0.10003,0.09892,0.10015,0.09724,0.09590,0.09499
434,6.47201,0.09652,0.09945,7.49068,0.09883,0.09619,0.11660,0.09607,0.09801,6.70948,0.25077,7.42261,6.99920,0.09921,0.09882,7.51203,0.09942,0.10016,0.09938,0.10035,0.09838,0.10116,0.09689,0.10003,0.09883,0.10014,0.09739,0.09599,0.09510
435,6.46691,0.09664,0.09958,7.47576,0.09896,0.09630,0.11372,0.09616,0.09798,6.74082,0.23694,7.43148,7.03207,0.09934,0.09878,7.49531,0.09917,0.09967,0.09934,0.09946,0.09895,0.09987,0.09728,0.10003,0.09861,0.10005,0.09754,0.09609,0.09521
436,6.73163,0.09673,0.09967,7.46731,0.09907,0.09639,0.11427,0.09627,0.09804,6.74722,0.22878,7.43796,7.11350,0.09945,0.09892,7.48644,0.09917,0.09962,0.09938,0.09937,0.09914,0.09966,0.09760,0.10002,0.09854,0.10000,0.09766,0.09617,0.09530
437,6.78938,0.09677,0.09972,7.46912,0.09916,0.09646,2.13657,0.09637,0.09815,6.90435,0.26734,7.44341,7.23933,0.09951,0.09905,7.48548,0.09915,0.09956,0.09942,0.10007,0.09916,0.10098,0.09773,0.10002,0.09857,0.10001,0.09776,0.09623,0.09535
438,7.07159,0.09676,0.09974,7.47406,0.09924,0.09652,2.51293,0.09649,0.09823,6.98295,0.29910,7.45907,7.39170,0.09956,0.09912,7.48526,0.09923,0.09957,0.09945,0.10055,0.09917,0.10151,0.09795,0.10001,0.09875,0.10004,0.09786,0.09629,0.09540
439,7.18827,0.09682,0.09983,7.49221,0.09936,0.09663,0.28911,0.09659,0.09831,7.13791,0.20666,7.48231,7.26330,0.09965,0.09931,7.48346,0.09922,0.09953,0.09958,0.09938,0.09919,0.09960,0.09795,0.10003,0.09885,0.10008,0.09801,0.09636,0.09549
440,7.18855,0.09692,0.09998,7.52230,0.09949,0.09678,0.36195,0.09681,0.09847,7.25951,0.19989,7.51501,7.29410,0.09971,0.09956,7.50974,0.09945,0.09961,0.09974,0.09948,0.09933,0.09966,0.09811,0.10003,0.09904,0.10013,0.09820,0.09647,0.09562
441,6.84525,0.09700,0.10006,7.53201,0.09957,0.09688,0.10822,0.09683,0.09853,7.26233,0.18832,7.51501,6.98164,0.09958,0.09958,7.53375,0.09966,0.09979,0.09983,0.09962,0.09906,0.09968,0.09782,0.10001,0.09904,0.10015,0.09836,0.09652,0.09569
442,6.23834,0.09717,0.10017,7.51975,0.09966,0.09696,0.10685,0.09682,0.09858,7.02574,0.18152,7.49359,6.82140,0.09949,0.09936,7.53943,0.09969,0.09993,0.09975,0.09977,0.09867,0.09988,0.09761,0.10003,0.09896,0.10019,0.09847,0.09657,0.09579
443,5.90550,0.09738,0.10031,7.50399,0.09979,0.09705,0.22864,0.09689,0.09865,6.67578,0.17594,7.46718,6.86012,0.09956,0.09913,7.53490,0.09962,0.09998,0.09962,0.09977,0.09854,0.09996,0.09754,0.10004,0.09890,0.10024,0.09858,0.09664,0.09590
444,6.22989,0.09746,0.10038,7.50673,0.09985,0.09712,5.58441,0.09710,0.09865,6.50384,2.72054,7.46136,7.31251,0.09966,0.09927,7.51920,0.10671,0.10794,0.09970,0.62951,0.09910,0.72491,0.09830,0.10003,0.09910,0.10007,0.09860,0.09674,0.09596
445,6.98314,0.09742,0.10041,7.52544,0.09993,0.09724,6.50894,0.09734,0.09876,6.60049,4.77207,7.48286,7.49320,0.09970,0.09947,7.51612,0.13877,0.14674,0.09983,1.64840,0.09943,1.84843,0.09893,0.10002,0.09919,0.09991,0.09872,0.09683,0.09602
446,7.38103,0.09749,0.10053,7.57149,0.10006,0.09739,3.58571,0.09751,0.09886,7.06921,1.49324,7.53547,7.48225,0.09980,0.09951,7.53970,0.10220,0.10802,0.09985,0.25295,0.09970,0.29739,0.09901,0.10004,0.09925,0.09982,0.09893,0.09692,0.09614
447,7.31545,0.09766,0.10070,7.60859,0.10022,0.09753,0.32623,0.09761,0.09900,7.37127,0.26623,7.58298,7.29953,0.09989,0.09979,7.59262,0.09974,0.10078,0.10001,0.10130,0.09969,0.10409,0.09878,0.10004,0.09933,0.09983,0.09912,0.09702,0.09630
448,7.19805,0.09777,0.10079,7.60818,0.10031,0.09762,0.14283,0.09768,0.09916,7.38238,0.22111,7.60086,7.19682,0.09983,0.09988,7.61730,0.09986,0.10040,0.10005,0.10012,0.09960,0.10093,0.09860,0.10002,0.09941,0.09990,0.09923,0.09710,0.09639
449,6.88305,0.09790,0.10088,7.59765,0.10040,0.09771,0.11383,0.09771,0.09924,7.30034,0.20136,7.60497,7.10508,0.09971,0.09988,7.62348,0.09998,0.10025,0.10000,0.10002,0.09937,0.10028,0.09849,0.10002,0.09944,0.09998,0.09936,0.09715,0.09648
450,6.67216,0.09804,0.10095,7.59574,0.10047,0.09777,0.11150,0.09773,0.09932,7.10741,0.19206,7.59942,7.14804,0.09963,0.09978,7.61891,0.10000,0.10018,0.09992,0.10007,0.09917,0.10021,0.09842,0.10002,0.09946,0.10003,0.09945,0.09721,0.09656
451,6.73524,0.09816,0.10103,7.59904,0.10054,0.09784,0.10910,0.09776,0.09938,7.01217,0.18569,7.59168,7.11233,0.09963,0.09966,7.61327,0.09994,0.10012,0.09981,0.10005,0.09909,0.10017,0.09838,0.10002,0.09946,0.10008,0.09954,0.09727,0.09664
452,6.59779,0.09832,0.10113,7.59939,0.10063,0.09790,0.10784,0.09781,0.09935,7.02200,0.17947,7.58456,7.00128,0.09974,0.09953,7.61681,0.09980,0.10000,0.09976,0.09996,0.09909,0.10008,0.09840,0.10002,0.09947,0.10018,0.09962,0.09734,0.09675
453,6.30750,0.09849,0.10121,7.60183,0.10072,0.09792,0.10890,0.09800,0.09898,6.97515,0.17336,7.57404,6.95680,0.09985,0.09961,7.63452,0.09971,0.09992,0.09986,0.09983,0.09945,0.09997,0.09877,0.10001,0.09953,0.10026,0.09956,0.09739,0.09685
454,6.24056,0.09854,0.10119,7.62247,0.10072,0.09793,4.66518,0.09833,0.09880,6.99513,2.00555,7.57139,7.24998,0.09983,0.09967,7.68922,0.10591,0.10763,0.09984,0.48943,0.09966,0.56388,0.09921,0.09998,0.09949,0.10006,0.09935,0.09744,0.09686
455,6.75005,0.09842,0.10111,7.64604,0.10067,0.09803,7.23236,0.09846,0.09898,6.83149,5.95401,7.58315,7.54013,0.09977,0.10111,7.69600,0.31663,0.49340,0.10285,3.25612,0.09963,3.88237,0.09926,0.09998,0.09957,0.09994,0.09936,0.09751,0.09684
456,7.37064,0.09823,0.10093,7.67102,0.10053,0.09812,7.40397,0.09842,0.09920,7.00416,6.25247,7.61315,7.63726,0.10381,0.14169,7.66658,1.03256,2.00549,0.29947,4.31629,0.09974,4.97226,0.09895,0.09993,0.09945,0.09971,0.09942,0.09751,0.09676
457,7.59994,0.09805,0.10079,7.69787,0.10041,0.09827,7.52558,0.09851,0.09931,7.41379,6.67190,7.66496,7.68056,0.13766,0.30737,7.68419,1.96374,4.19322,0.95539,5.41335,0.10082,6.35590,0.09874,0.09997,0.10003,0.09986,0.09954,0.09754,0.09670
458,7.64879,0.09810,0.10083,7.71601,0.10042,0.09837,4.44399,0.09857,0.09948,7.60626,2.99514,7.69545,7.62845,0.11802,0.15761,7.70540,0.48636,1.52884,0.36372,1.22554,0.09947,2.42860,0.09877,0.10000,0.09988,0.10006,0.09969,0.09755,0.09676
459,7.44158,0.09811,0.10076,7.72548,0.10036,0.09831,1.43082,0.09851,0.09936,7.63926,1.19483,7.70536,7.37213,0.10761,0.11371,7.71940,0.20582,0.54596,0.17416,0.44076,0.09927,0.88803,0.09889,0.09994,0.09971,0.09990,0.09966,0.09749,0.09674
460,7.22783,0.09808,0.10064,7.71744,0.10026,0.09824,2.61299,0.09850,0.09918,7.52164,1.01312,7.70238,7.43280,0.10639,0.11325,7.72931,0.17382,0.39038,0.16623,0.38847,0.09952,0.56817,0.09905,0.09995,0.09963,0.09973,0.09956,0.09744,0.09667
461,7.39926,0.09807,0.10065,7.70186,0.10023,0.09835,5.05912,0.09867,0.09931,7.41997,1.89766,7.70395,7.62034,0.11107,0.12672,7.73112,0.21346,0.42798,0.21282,0.57226,0.10046,0.69193,0.09904,0.10000,0.09982,0.09982,0.09963,0.09751,0.09671
462,7.39155,0.09819,0.10072,7.70724,0.10024,0.09828,0.63244,0.09878,0.09942,7.49789,0.55592,7.70547,7.34505,0.10507,0.10999,7.73168,0.14521,0.25761,0.14512,0.20640,0.09961,0.31182,0.09893,0.10000,0.09957,0.09992,0.09959,0.09760,0.09679
463,6.77659,0.09855,0.10073,7.72709,0.10012,0.09796,1.58834,0.09857,0.09945,7.47077,0.44204,7.70860,7.22597,0.10226,0.10282,7.77091,0.12075,0.16563,0.11857,0.16087,0.09909,0.20102,0.09881,0.09997,0.09937,0.09988,0.09923,0.09782,0.09688
464,6.67364,0.09877,0.10071,7.75009,0.09996,0.09781,2.44382,0.09875,0.09943,7.24229,0.52260,7.69778,7.50572,0.10268,0.10327,7.78642,0.12124,0.15548,0.11886,0.16345,0.09908,0.18396,0.09877,0.09999,0.09933,0.09983,0.09893,0.09791,0.09694
465,6.82050,0.09878,0.10076,7.75777,0.09998,0.09811,0.18182,0.09882,0.09936,7.05323,0.29186,7.67880,7.40032,0.10071,0.10089,7.77043,0.10725,0.12789,0.10835,0.11822,0.09913,0.13704,0.09897,0.10002,0.09946,0.09988,0.09902,0.09787,0.09700
466,6.83740,0.09875,0.10076,7.75836,0.09992,0.09832,0.14829,0.09887,0.09927,7.07885,0.26449,7.67373,7.37257,0.10009,0.10023,7.76519,0.10406,0.11665,0.10429,0.11088,0.09928,0.12376,0.09912,0.10000,0.09947,0.09989,0.09915,0.09787,0.09703
467,6.79931,0.09872,0.10056,7.75630,0.09971,0.09831,0.12797,0.09877,0.09911,7.14884,0.24082,7.67681,7.16536,0.09966,0.09954,7.77299,0.10140,0.10678,0.10116,0.10494,0.09924,0.11124,0.09907,0.09994,0.09935,0.09973,0.09909,0.09779,0.09698
468,6.39137,0.09866,0.10032,7.76446,0.09959,0.09827,0.12002,0.09847,0.09905,7.20399,0.22653,7.65317,7.24932,0.09939,0.09920,7.83276,0.09992,0.10181,0.09986,0.10181,0.09910,0.10412,0.09883,0.09997,0.09926,0.09963,0.09894,0.09780,0.09692
469,6.55254,0.09852,0.10027,7.77613,0.09965,0.09828,1.05458,0.09843,0.09917,6.89034,0.22058,7.63840,7.62767,0.09937,0.09920,7.83146,0.09957,0.10082,0.09977,0.10111,0.09904,0.10233,0.09874,0.10000,0.09931,0.09979,0.09899,0.09801,0.09696
470,6.87335,0.09849,0.10025,7.77825,0.09975,0.09832,0.11234,0.09840,0.09925,6.83061,0.20292,7.64170,7.23630,0.09943,0.09916,7.81663,0.09933,0.09997,0.09953,0.09965,0.09894,0.10023,0.09869,0.10000,0.09945,0.09993,0.09906,0.09817,0.09703
471,5.91641,0.09859,0.10020,7.78504,0.09984,0.09847,0.10810,0.09833,0.09927,6.94984,0.18688,7.60321,7.05528,0.09972,0.09910,7.84218,0.09922,0.09951,0.09949,0.09932,0.09900,0.09952,0.09864,0.10000,0.09963,0.09999,0.09927,0.09819,0.09711
472,5.60032,0.09849,0.10008,7.80960,0.09986,0.09867,0.10745,0.09839,0.09940,6.91262,0.17667,7.54464,7.08963,0.09987,0.09919,7.89873,0.09923,0.09957,0.09968,0.09927,0.09911,0.09945,0.09867,0.10000,0.09974,0.09999,0.09949,0.09825,0.09720
473,5.57071,0.09846,0.10002,7.82266,0.09989,0.09873,0.10736,0.09842,0.09951,6.52099,0.16840,7.51961,7.14146,0.09989,0.09927,7.89092,0.09934,0.09971,0.09978,0.09937,0.09909,0.09958,0.09869,0.10000,0.09979,0.10000,0.09955,0.09832,0.09726
474,5.51651,0.09840,0.09995,7.82402,0.09995,0.09879,0.10730,0.09847,0.09964,6.30978,0.15994,7.50444,7.10370,0.09991,0.09929,7.88441,0.09942,0.09984,0.09984,0.09950,0.09907,0.09974,0.09872,0.10000,0.09984,0.10003,0.09963,0.09846,0.09739
475,5.61321,0.09849,0.10001,7.81780,0.10005,0.09877,0.10843,0.09847,0.09977,6.06217,0.15289,7.52413,7.28046,0.09995,0.09930,7.87384,0.09948,0.09991,0.09990,0.09957,0.09904,0.09983,0.09883,0.10001,0.09991,0.10008,0.09957,0.09871,0.09759
476,5.94280,0.09864,0.10013,7.80622,0.10007,0.09881,0.10740,0.09855,0.09984,6.03729,0.14853,7.55635,7.23208,0.10001,0.09935,7.84581,0.09949,0.09996,0.09994,0.09959,0.09921,0.09985,0.09904,0.10001,0.09999,0.10009,0.09948,0.09889,0.09771
477,5.77777,0.09884,0.10024,7.78698,0.10010,0.09890,0.10621,0.09865,0.09986,6.27514,0.14360,7.54068,7.08245,0.10007,0.09950,7.82264,0.09957,0.10001,0.10000,0.09964,0.09950,0.09992,0.09912,0.10001,0.10004,0.10009,0.09953,0.09888,0.09775
478,5.38053,0.09882,0.10022,7.79002,0.10015,0.09903,0.10538,0.09873,0.09985,6.22788,0.13923,7.51036,6.89149,0.10008,0.09967,7.84207,0.09971,0.10005,0.10005,0.09975,0.09955,0.09997,0.09911,0.10000,0.10005,0.10007,0.09970,0.09889,0.09780
479,5.10924,0.09882,0.10017,7.81943,0.10017,0.09906,0.10638,0.09875,0.09989,6.09398,0.13540,7.47387,6.98753,0.10004,0.09965,7.90168,0.09981,0.10011,0.10008,0.09988,0.09931,0.10005,0.09904,0.10001,0.09999,0.10010,0.09965,0.09917,0.09801
480,5.19570,0.09891,0.10012,7.85777,0.10014,0.09912,0.10761,0.09881,0.09991,5.83390,0.13220,7.45206,7.16874,0.10000,0.09950,7.92364,0.09974,0.10010,0.10003,0.09987,0.09925,0.10006,0.09904,0.10001,0.09998,0.10010,0.09958,0.09941,0.09824
481,5.57196,0.09895,0.10006,7.85522,0.10009,0.09917,0.10712,0.09883,0.09986,5.67226,0.12895,7.46243,7.20390,0.09994,0.09937,7.91058,0.09953,0.09992,0.09988,0.09964,0.09924,0.09987,0.09904,0.09999,0.09996,0.10003,0.09953,0.09949,0.09835
482,5.89364,0.09889,0.09994,7.83314,0.10002,0.09911,1.14792,0.09883,0.09976,5.84361,0.12680,7.52639,7.49224,0.09981,0.09927,7.88760,0.09930,0.09959,0.09966,0.09944,0.09925,0.09963,0.09910,0.09998,0.09986,0.09991,0.09949,0.09943,0.09833
483,6.58389,0.09885,0.09990,7.80499,0.09993,0.09912,0.10760,0.09884,0.09968,6.29867,0.12311,7.57398,7.35845,0.09976,0.09929,7.84326,0.09925,0.09949,0.09960,0.09924,0.09935,0.09938,0.09913,0.10000,0.09979,0.09989,0.09945,0.09938,0.09827
484,6.15896,0.09886,0.09988,7.79193,0.09986,0.09915,0.10538,0.09880,0.09960,6.70090,0.12054,7.58771,7.04509,0.09976,0.09939,7.82752,0.09937,0.09957,0.09965,0.09937,0.09933,0.09949,0.09905,0.09999,0.09974,0.09990,0.09940,0.09936,0.09825
485,5.51716,0.09886,0.09981,7.79931,0.09986,0.09915,0.10502,0.09881,0.09953,6.66449,0.11815,7.56818,6.93805,0.09975,0.09939,7.86511,0.09947,0.09967,0.09970,0.09950,0.09920,0.09960,0.09895,0.10001,0.09972,0.09994,0.09937,0.09938,0.09829
486,5.42047,0.09893,0.09982,7.82117,0.09986,0.09920,0.10727,0.09893,0.09962,6.24975,0.11686,7.52280,7.30595,0.09979,0.09939,7.90498,0.09954,0.09979,0.09978,0.09960,0.09914,0.09974,0.09899,0.10001,0.09979,0.10005,0.09938,0.09949,0.09847
487,6.19366,0.09903,0.09990,7.82616,0.09985,0.09926,0.14006,0.09901,0.09969,6.02383,0.11593,7.54382,7.42708,0.09986,0.09937,7.89803,0.09955,0.09986,0.09982,0.09964,0.09919,0.09981,0.09907,0.10001,0.09987,0.10009,0.09939,0.09954,0.09855
488,6.80731,0.09916,0.10001,7.81019,0.09984,0.09934,0.26427,0.09910,0.09978,6.47345,0.11544,7.59827,7.66940,0.09998,0.09951,7.86620,0.09962,0.09996,0.09993,0.09971,0.09937,0.09986,0.09922,0.10002,0.09996,0.10014,0.09946,0.09957,0.09861
489,7.16044,0.09925,0.10009,7.79353,0.09986,0.09942,0.10759,0.09918,0.09983,7.02499,0.11425,7.64111,7.37504,0.10006,0.09959,7.83751,0.09970,0.10006,0.09998,0.09975,0.09954,0.09996,0.09932,0.10001,0.09998,0.10015,0.09953,0.09958,0.09864
490,6.51238,0.09935,0.10015,7.78989,0.09986,0.09950,0.10687,0.09924,0.09988,7.19725,0.11316,7.66355,7.18102,0.10010,0.09969,7.83571,0.09977,0.10011,0.10007,0.09985,0.09959,0.10007,0.09935,0.10002,0.10001,0.10017,0.09958,0.09961,0.09870
491,6.07500,0.09942,0.10017,7.79764,0.09987,0.09955,0.10735,0.09931,0.09995,6.93890,0.11220,7.65996,7.23144,0.10010,0.09976,7.85552,0.09984,0.10016,0.10013,0.09990,0.09957,0.10010,0.09939,0.10001,0.10006,0.10017,0.09962,0.09968,0.09879
492,6.07805,0.09947,0.10021,7.80036,0.09991,0.09958,0.10824,0.09935,0.09997,6.60830,0.11139,7.63209,7.33376,0.10012,0.09976,7.85674,0.09989,0.10020,0.10015,0.09994,0.09961,0.10014,0.09945,0.10001,0.10010,0.10015,0.09965,0.09970,0.09883
493,6.30850,0.09953,0.10027,7.79362,0.09998,0.09962,0.10919,0.09942,0.09998,6.51983,0.11068,7.60807,7.36427,0.10018,0.09982,7.84627,0.09994,0.10030,0.10018,0.10001,0.09977,0.10022,0.09956,0.10001,0.10013,0.10017,0.09972,0.09969,0.09887
494,6.30537,0.09949,0.10027,7.79957,0.10005,0.09964,0.10671,0.09945,0.09994,6.55123,0.10994,7.61606,7.16527,0.10020,0.09986,7.87219,0.09995,0.10028,0.10019,0.10005,0.09992,0.10027,0.09964,0.10000,0.10015,0.10016,0.09978,0.09965,0.09889
495,6.06605,0.09935,0.10013,7.81824,0.10000,0.09956,0.17969,0.09939,0.09983,6.53820,0.10917,7.59234,7.36679,0.10009,0.09980,7.89924,0.09982,0.10006,0.10005,0.09990,0.09989,0.10007,0.09957,0.09998,0.10007,0.10000,0.09973,0.09957,0.09878
496,6.68203,0.09931,0.10007,7.82336,0.09991,0.09951,0.93444,0.09934,0.09980,6.46923,0.10872,7.60678,7.65688,0.10002,0.09977,7.90159,0.09974,0.09993,0.09997,0.09984,0.09984,0.09997,0.09955,0.10000,0.09999,0.09995,0.09966,0.09952,0.09871
497,7.14098,0.09943,0.10011,7.80971,0.09987,0.09954,0.11333,0.09939,0.09985,6.87624,0.10783,7.64550,7.55578,0.10006,0.09990,7.87517,0.09983,0.09998,0.10004,0.09983,0.09982,0.09995,0.09956,0.10001,0.09997,0.10002,0.09967,0.09957,0.09878
498,7.15013,0.09957,0.10015,7.79162,0.09986,0.09959,0.12055,0.09946,0.09992,7.24392,0.10736,7.67874,7.54175,0.10009,0.09999,7.84641,0.09995,0.10006,0.10012,0.09990,0.09982,0.09999,0.09960,0.10002,0.09999,0.10009,0.09972,0.09962,0.09888
499,6.76850,0.09967,0.10021,7.78167,0.09991,0.09964,0.10724,0.09952,0.09998,7.28673,0.10685,7.68075,7.20571,0.10010,0.09999,7.83560,0.10010,0.10022,0.10018,0.10010,0.09978,0.10017,0.09962,0.10002,0.10003,0.10016,0.09977,0.09969,0.09897
500,6.21253,0.09975,0.10026,7.78137,0.09996,0.09969,0.10765,0.09957,0.10003,7.06210,0.10652,7.66172,7.24906,0.10014,0.09997,7.83854,0.10012,0.10030,0.10021,0.10019,0.09980,0.10028,0.09966,0.10002,0.10008,0.10019,0.09982,0.09972,0.09904
501,6.29213,0.09990,0.10032,7.76810,0.10002,0.09975,0.10981,0.09965,0.10009,6.69098,0.10623,7.62948,7.37259,0.10021,0.10003,7.82391,0.10017,0.10041,0.10027,0.10025,0.09989,0.10038,0.09972,0.10002,0.10013,0.10024,0.09990,0.09973,0.09912
502,6.54564,0.09997,0.10031,7.75664,0.10003,0.09978,0.11038,0.09969,0.10010,6.64878,0.10594,7.61093,7.35916,0.10022,0.10004,7.81483,0.10017,0.10041,0.10026,0.10025,0.09995,0.10040,0.09978,0.10000,0.10015,0.10021,0.09994,0.09970,0.09917
503,6.60176,0.10003,0.10031,7.75392,0.10003,0.09979,0.11034,0.09973,0.10008,6.75529,0.10563,7.61273,7.32757,0.10023,0.10007,7.81280,0.10017,0.10040,0.10027,0.10025,0.10002,0.10041,0.09985,0.10000,0.10018,0.10018,0.09996,0.09968,0.09924
504,6.57149,0.10008,0.10034,7.75561,0.10005,0.09982,0.11352,0.09978,0.10010,6.81617,0.10532,7.61518,7.34541,0.10026,0.10012,7.81488,0.10021,0.10044,0.10032,0.10030,0.10010,0.10045,0.09993,0.10002,0.10022,0.10020,0.09998,0.09969,0.09933
505,6.66208,0.10015,0.10038,7.75743,0.10008,0.09985,1.07755,0.09984,0.10015,6.82036,0.10919,7.61638,7.52966,0.10033,0.10023,7.81408,0.10030,0.10055,0.10043,0.10039,0.10018,0.10054,0.10002,0.10002,0.10026,0.10025,0.10002,0.09971,0.09942
506,7.12536,0.10018,0.10046,7.76066,0.10012,0.09988,2.73376,0.09991,0.10022,6.93021,0.18408,7.63805,7.63009,0.10039,0.10032,7.82122,0.10042,0.10064,0.10051,0.10062,0.10025,0.10079,0.10009,0.10003,0.10030,0.10028,0.10006,0.09975,0.09948
507,6.96199,0.10019,0.10059,7.78668,0.10025,0.09995,0.10975,0.09997,0.10029,6.99956,0.10484,7.65385,7.33119,0.10045,0.10040,7.85370,0.10048,0.10069,0.10057,0.10055,0.10031,0.10070,0.10012,0.10003,0.10037,0.10032,0.10013,0.09984,0.09955
508,6.67644,0.10024,0.10072,7.80810,0.10038,0.10004,5.10076,0.10007,0.10040,7.07306,2.05320,7.65846,7.63325,0.10056,0.10054,7.88066,0.10091,0.10122,0.10071,0.29189,0.10041,0.31781,0.10023,0.10004,0.10046,0.10037,0.10023,0.09994,0.09965
509,7.26422,0.10037,0.10082,7.82666,0.10047,0.10011,7.27317,0.10018,0.10051,7.05940,3.68242,7.68694,7.76570,0.10071,0.10070,7.89377,0.10644,0.10996,0.10090,0.62090,0.10054,0.71787,0.10034,0.10003,0.10056,0.10042,0.10031,0.10007,0.09977
510,7.69477,0.10029,0.10069,7.81355,0.10035,0.10003,7.77245,0.10011,0.10032,7.42397,6.86472,7.71882,7.78086,0.10055,0.10933,7.86947,0.90867,1.23009,0.11496,5.33401,0.10044,5.66157,0.10027,0.09992,0.10041,0.10016,0.10019,0.10005,0.09970
511,7.72697,0.10017,0.10060,7.80963,0.10030,0.09996,4.22968,0.10000,0.10016,7.65265,2.76923,7.74714,7.68553,0.10025,0.10250,7.86040,0.20198,0.29899,0.10401,1.08036,0.10025,1.38370,0.10014,0.09997,0.10021,0.09995,0.10010,0.10000,0.09964
512,7.26654,0.10002,0.10047,7.82308,0.10023,0.09990,0.63309,0.09992,0.10003,7.65970,0.41899,7.75643,7.52526,0.10002,0.10035,7.87504,0.10430,0.10845,0.10050,0.12705,0.10011,0.14325,0.10004,0.09993,0.10007,0.09983,0.10004,0.09991,0.09957
513,7.03696,0.09997,0.10034,7.81785,0.10013,0.09985,0.36312,0.09987,0.09990,7.42458,0.29456,7.74094,7.48238,0.09988,0.10011,7.86479,0.10143,0.10251,0.10011,0.10745,0.10001,0.11159,0.09998,0.10000,0.09996,0.09979,0.09998,0.09981,0.09951
514,6.47020,0.10012,0.10042,7.80545,0.10019,0.09995,0.11885,0.09998,0.10001,7.20651,0.23154,7.70449,7.27915,0.10002,0.10014,7.85111,0.10027,0.10032,0.10009,0.10062,0.10011,0.10078,0.10007,0.10004,0.10004,0.10001,0.10010,0.09984,0.09964
515,6.35303,0.10021,0.10045,7.80346,0.10020,0.10001,0.14158,0.10004,0.10009,6.89225,0.21782,7.68618,7.43419,0.10011,0.10021,7.85152,0.10027,0.10030,0.10016,0.10037,0.10017,0.10043,0.10012,0.10002,0.10009,0.10010,0.10016,0.09987,0.09973
516,6.79449,0.10023,0.10039,7.80334,0.10016,0.10002,0.92529,0.10009,0.10013,6.85352,0.21175,7.67777,7.64590,0.10015,0.10024,7.84388,0.10031,0.10034,0.10020,0.10055,0.10020,0.10094,0.10015,0.10000,0.10012,0.10010,0.10017,0.09988,0.09977
517,7.34336,0.10024,0.10030,7.79473,0.10010,0.10003,2.97859,0.10013,0.10014,7.05071,0.22663,7.69277,7.74657,0.10018,0.10029,7.82706,0.10037,0.10041,0.10025,0.10217,0.10023,0.10422,0.10017,0.10001,0.10014,0.10011,0.10016,0.09989,0.09982
518,7.47831,0.10020,0.10015,7.78708,0.09998,0.09998,0.45522,0.10009,0.10007,7.40403,0.18916,7.70974,7.56928,0.10012,0.10025,7.81149,0.10036,0.10037,0.10021,0.10048,0.10018,0.10059,0.10013,0.09995,0.10008,0.10000,0.10007,0.09987,0.09983
519,7.33305,0.10015,0.10004,7.78276,0.09991,0.09993,0.86267,0.10004,0.09999,7.51195,0.18445,7.73153,7.69763,0.10007,0.10023,7.80218,0.10036,0.10038,0.10019,0.10052,0.10014,0.10070,0.10008,0.09998,0.10002,0.09992,0.09997,0.09984,0.09982
520,7.56394,0.10018,0.10006,7.78052,0.09996,0.09996,4.74367,0.10008,0.10003,7.53139,2.09110,7.74401,7.75400,0.10014,0.10035,7.79819,0.11465,0.11793,0.10035,0.69203,0.10020,0.76076,0.10012,0.10001,0.10006,0.10001,0.09998,0.09989,0.09989
521,7.74342,0.10020,0.10013,7.78263,0.10002,0.10002,7.68112,0.10012,0.10007,7.68600,6.65857,7.76499,7.77340,0.10026,0.10645,7.79023,0.77126,1.03026,0.11036,4.88875,0.10031,5.24313,0.10018,0.10001,0.10012,0.10008,0.09999,0.09997,0.09998
522,7.72010,0.10019,0.10014,7.79247,0.10003,0.10001,3.33614,0.10010,0.10004,7.75542,1.79388,7.78035,7.67730,0.10019,0.10123,7.78684,0.13005,0.17651,0.10187,0.46219,0.10024,0.66316,0.10014,0.10000,0.10010,0.10006,0.09997,0.10000,0.10002
523,7.26536,0.10025,0.10021,7.79582,0.10010,0.10007,0.30395,0.10015,0.10010,7.68870,0.36691,7.77558,7.32399,0.10022,0.10044,7.78836,0.10210,0.10489,0.10053,0.11252,0.10024,0.12300,0.10016,0.10003,0.10014,0.10014,0.10002,0.10007,0.10010
524,6.63170,0.10036,0.10033,7.79787,0.10021,0.10017,0.12609,0.10024,0.10022,7.42395,0.27841,7.75308,7.13647,0.10033,0.10044,7.79002,0.10070,0.10107,0.10050,0.10154,0.10031,0.10241,0.10022,0.10006,0.10024,0.10029,0.10012,0.10016,0.10021
525,6.10765,0.10046,0.10041,7.79860,0.10029,0.10023,0.11539,0.10034,0.10033,7.07824,0.25283,7.72301,7.14241,0.10041,0.10048,7.79035,0.10063,0.10079,0.10057,0.10078,0.10036,0.10096,0.10029,0.10005,0.10033,0.10038,0.10021,0.10023,0.10030
526,6.05287,0.10056,0.10051,7.79609,0.10038,0.10030,2.00549,0.10043,0.10044,6.70562,0.42238,7.69166,7.45898,0.10053,0.10059,7.78927,0.10075,0.10092,0.10071,0.10370,0.10044,0.10488,0.10037,0.10006,0.10044,0.10045,0.10031,0.10031,0.10040
527,6.86926,0.10069,0.10064,7.79322,0.10051,0.10041,3.99989,0.10054,0.10058,6.59254,0.80852,7.68906,7.74201,0.10072,0.10079,7.78741,0.10101,0.10126,0.10097,0.11143,0.10059,0.11457,0.10049,0.10007,0.10057,0.10057,0.10044,0.10042,0.10053
528,7.37954,0.10078,0.10071,7.79156,0.10059,0.10047,0.44916,0.10062,0.10067,6.93991,0.23660,7.70340,7.55446,0.10079,0.10083,7.78594,0.10102,0.10126,0.10104,0.10139,0.10064,0.10169,0.10056,0.10005,0.10066,0.10058,0.10052,0.10049,0.10063
529,6.80265,0.10089,0.10083,7.78800,0.10070,0.10055,0.11205,0.10071,0.10078,7.24012,0.20312,7.69111,7.22145,0.10082,0.10085,7.78326,0.10103,0.10129,0.10105,0.10116,0.10071,0.10133,0.10069,0.10006,0.10075,0.10062,0.10063,0.10059,0.10076
530,6.31368,0.10104,0.10103,7.77977,0.10083,0.10070,2.06213,0.10082,0.10094,7.32214,0.26113,7.62145,7.21916,0.10093,0.10097,7.77582,0.10113,0.10135,0.10113,0.10197,0.10088,0.10251,0.10089,0.10008,0.10091,0.10077,0.10080,0.10071,0.10093
531,6.71249,0.10118,0.10119,7.76572,0.10100,0.10083,0.73100,0.10094,0.10110,7.43588,0.19515,7.61449,7.58433,0.10112,0.10114,7.76439,0.10130,0.10151,0.10133,0.10169,0.10106,0.10185,0.10102,0.10007,0.10103,0.10083,0.10095,0.10085,0.10107
532,7.03819,0.10125,0.10126,7.75202,0.10107,0.10090,2.38786,0.10099,0.10116,7.28765,0.20299,7.65387,7.63041,0.10119,0.10123,7.75817,0.10138,0.10158,0.10140,0.10213,0.10114,0.10287,0.10108,0.10004,0.10107,0.10077,0.10104,0.10092,0.10114
533,7.41482,0.10133,0.10136,7.74670,0.10117,0.10099,3.35096,0.10107,0.10123,7.34782,0.27996,7.67569,7.73081,0.10131,0.10134,7.76534,0.10154,0.10171,0.10153,0.10419,0.10123,0.10482,0.10114,0.10006,0.10111,0.10077,0.10113,0.10100,0.10122
534,7.64497,0.10143,0.10145,7.74949,0.10129,0.10107,3.50604,0.10114,0.10128,7.40288,0.38838,7.69370,7.72753,0.10144,0.10147,7.77267,0.10171,0.10188,0.10167,0.10888,0.10132,0.11087,0.10121,0.10004,0.10115,0.10074,0.10121,0.10110,0.10131
535,7.69430,0.10150,0.10148,7.75223,0.10136,0.10112,6.31209,0.10120,0.10130,7.54857,1.74550,7.71170,7.73936,0.10152,0.10159,7.77413,0.10252,0.10297,0.10179,0.20336,0.10141,0.23241,0.10127,0.10004,0.10118,0.10067,0.10127,0.10116,0.10138
536,7.62206,0.10156,0.10151,7.75314,0.10141,0.10118,0.83494,0.10125,0.10134,7.65211,0.25566,7.72360,7.56074,0.10138,0.10162,7.77382,0.10185,0.10212,0.10181,0.10479,0.10143,0.10599,0.10132,0.10003,0.10121,0.10066,0.10132,0.10121,0.10145
537,7.05427,0.10154,0.10154,7.75844,0.10132,0.10119,1.55971,0.10126,0.10136,7.62601,0.21235,7.71550,7.45575,0.10115,0.10159,7.78881,0.10179,0.10201,0.10172,0.10246,0.10139,0.10304,0.10133,0.10001,0.10119,0.10065,0.10136,0.10121,0.10145
538,7.12878,0.10150,0.10151,7.77106,0.10126,0.10120,5.28542,0.10126,0.10135,7.41952,1.40336,7.70822,7.70533,0.10116,0.10164,7.80667,0.10199,0.10223,0.10177,0.13485,0.10139,0.14368,0.10131,0.10002,0.10112,0.10058,0.10136,0.10119,0.10142
539,7.35406,0.10155,0.10152,7.78171,0.10135,0.10124,0.26655,0.10130,0.10138,7.35274,0.18072,7.71315,7.54660,0.10114,0.10160,7.81319,0.10186,0.10208,0.10169,0.10213,0.10138,0.10235,0.10136,0.10004,0.10119,0.10059,0.10140,0.10123,0.10145
540,7.14806,0.10156,0.10152,7.78964,0.10138,0.10126,3.16082,0.10134,0.10138,7.38403,0.87555,7.71782,7.64758,0.10117,0.10165,7.81829,0.10204,0.10231,0.10173,0.14261,0.10141,0.15084,0.10139,0.10003,0.10117,0.10054,0.10143,0.10125,0.10145
541,7.50645,0.10163,0.10153,7.78846,0.10151,0.10133,7.63428,0.10142,0.10134,7.38988,5.86805,7.73048,7.76534,0.10143,0.10197,7.81143,0.14758,0.17467,0.10217,2.08212,0.10155,2.41836,0.10146,0.10004,0.10124,0.10060,0.10144,0.10132,0.10151
542,7.72001,0.10152,0.10141,7.78259,0.10142,0.10127,4.56943,0.10137,0.10129,7.60466,1.81765,7.74015,7.74040,0.10127,0.10181,7.80250,0.10639,0.11179,0.10189,0.29082,0.10147,0.36510,0.10143,0.10002,0.10122,0.10057,0.10138,0.10126,0.10138
543,7.70203,0.10149,0.10147,7.78777,0.10135,0.10128,1.93259,0.10137,0.10136,7.62250,0.67644,7.74958,7.63268,0.10122,0.10178,7.81334,0.10399,0.10421,0.10180,0.14466,0.10145,0.15037,0.10143,0.10005,0.10113,0.10062,0.10141,0.10125,0.10134
544,7.19663,0.10155,0.10152,7.80074,0.10136,0.10132,0.19617,0.10139,0.10137,7.61200,0.26453,7.74368,7.49448,0.10117,0.10160,7.82903,0.10202,0.10219,0.10163,0.10357,0.10143,0.10385,0.10143,0.10001,0.10110,0.10058,0.10144,0.10130,0.10142
545,7.00471,0.10162,0.10155,7.80915,0.10144,0.10137,0.13407,0.10143,0.10138,7.40982,0.23820,7.73886,7.56002,0.10121,0.10159,7.83523,0.10188,0.10205,0.10163,0.10233,0.10147,0.10252,0.10147,0.10003,0.10113,0.10053,0.10149,0.10136,0.10150
546,6.98245,0.10170,0.10162,7.82223,0.10150,0.10143,3.48709,0.10149,0.10141,7.26581,0.77008,7.73598,7.62335,0.10128,0.10166,7.84605,0.10197,0.10211,0.10168,0.11227,0.10153,0.11475,0.10153,0.10002,0.10112,0.10055,0.10155,0.10144,0.10159
547,7.22746,0.10183,0.10175,7.84278,0.10158,0.10150,1.79394,0.10151,0.10139,7.25120,0.36339,7.74144,7.67884,0.10128,0.10163,7.86657,0.10186,0.10194,0.10162,0.10453,0.10153,0.10506,0.10152,0.10002,0.10107,0.10066,0.10159,0.10155,0.10171
548,7.31903,0.10183,0.10182,7.86401,0.10156,0.10150,0.49961,0.10147,0.10130,7.31277,0.20629,7.75274,7.70168,0.10125,0.10153,7.88555,0.10170,0.10172,0.10152,0.10204,0.10147,0.10207,0.10144,0.10001,0.10100,0.10070,0.10156,0.10156,0.10168
549,7.39060,0.10180,0.10181,7.87660,0.10154,0.10150,0.20045,0.10147,0.10129,7.38175,0.19329,7.76767,7.74158,0.10124,0.10153,7.89413,0.10166,0.10168,0.10151,0.10185,0.10147,0.10185,0.10142,0.10002,0.10099,0.10071,0.10156,0.10156,0.10164
550,7.45880,0.10185,0.10188,7.88530,0.10157,0.10155,0.83793,0.10151,0.10136,7.43864,0.18617,7.78360,7.75499,0.10118,0.10161,7.89989,0.10172,0.10177,0.10157,0.10193,0.10150,0.10211,0.10145,0.10004,0.10104,0.10080,0.10162,0.10160,0.10170
551,7.53328,0.10190,0.10195,7.89204,0.10163,0.10160,6.42861,0.10156,0.10143,7.47267,2.15410,7.79290,7.85174,0.10129,0.10176,7.90223,0.10246,0.10274,0.10174,0.28388,0.10158,0.31920,0.10148,0.10006,0.10111,0.10088,0.10167,0.10164,0.10175
552,7.73173,0.10201,0.10202,7.89497,0.10179,0.10169,7.70056,0.10167,0.10150,7.52391,4.94484,7.80706,7.88399,0.10157,0.10210,7.89981,0.15956,0.16362,0.10223,1.48029,0.10170,1.57523,0.10156,0.10010,0.10124,0.10095,0.10172,0.10174,0.10187
553,7.83852,0.10216,0.10211,7.89259,0.10194,0.10181,7.86989,0.10178,0.10159,7.62922,7.08772,7.82498,7.88939,0.10190,0.10909,7.89577,0.88874,1.12763,0.11428,5.57202,0.10189,5.84886,0.10167,0.10010,0.10142,0.10105,0.10179,0.10187,0.10201
554,7.87438,0.10229,0.10218,7.88880,0.10203,0.10191,7.04042,0.10191,0.10167,7.76842,4.75701,7.83914,7.88130,0.10205,0.10635,7.89163,0.27971,0.44958,0.11395,1.88338,0.10191,2.26881,0.10177,0.10009,0.10155,0.10112,0.10187,0.10198,0.10215
555,7.87340,0.10242,0.10228,7.88575,0.10211,0.10203,7.73491,0.10201,0.10175,7.84278,6.65950,7.85180,7.88345,0.10306,0.14319,7.88857,1.09387,1.37415,0.17870,4.54289,0.10226,4.82445,0.10189,0.10010,0.10172,0.10125,0.10196,0.10209,0.10228
556,7.80731,0.10253,0.10234,7.88185,0.10217,0.10212,3.96981,0.10212,0.10184,7.86728,2.16578,7.85562,7.79727,0.10254,0.10981,7.88533,0.20742,0.34703,0.12230,0.72685,0.10211,0.97169,0.10199,0.10007,0.10179,0.10124,0.10204,0.10219,0.10239
557,7.66611,0.10257,0.10235,7.88103,0.10219,0.10217,7.37765,0.10218,0.10186,7.83308,4.43099,7.85439,7.85005,0.10373,0.12745,7.88761,0.42199,0.51471,0.14694,1.86631,0.10245,2.04016,0.10205,0.10003,0.10185,0.10114,0.10207,0.10223,0.10245
558,7.77300,0.10240,0.10207,7.87817,0.10200,0.10210,7.88125,0.10207,0.10169,7.76967,7.34334,7.85011,7.87593,0.11197,0.32791,7.88259,2.46168,2.71827,0.36798,6.57988,0.10936,6.72023,0.10209,0.09992,0.10195,0.10100,0.10195,0.10215,0.10232
559,7.86156,0.10212,0.10166,7.86953,0.10167,0.10192,7.68842,0.10189,0.10136,7.81942,6.87834,7.84871,7.86997,0.11403,0.37313,7.86901,2.31496,2.91773,0.41934,5.54558,0.11373,5.98737,0.10212,0.09978,0.10174,0.10073,0.10172,0.10198,0.10208
560,7.82883,0.10206,0.10152,7.86557,0.10157,0.10188,4.68986,0.10187,0.10124,7.85736,3.26869,7.84241,7.80353,0.10725,0.16626,7.86341,0.49522,0.79894,0.19243,1.42280,0.10503,1.94280,0.10190,0.09991,0.10155,0.10061,0.10166,0.10194,0.10204
561,7.62041,0.10213,0.10159,7.86496,0.10166,0.10197,3.73065,0.10195,0.10138,7.82082,1.84632,7.84149,7.74285,0.10731,0.13292,7.86866,0.29055,0.44807,0.16164,0.75265,0.10322,0.94756,0.10193,0.10006,0.10158,0.10079,0.10176,0.10199,0.10214
562,7.61396,0.10220,0.10168,7.86551,0.10176,0.10207,2.88031,0.10206,0.10152,7.71426,1.56696,7.83149,7.82885,0.11132,0.12398,7.87161,0.23907,0.37986,0.17363,0.64824,0.10289,0.75023,0.10199,0.10008,0.10179,0.10131,0.10187,0.10204,0.10225
563,7.58774,0.10225,0.10178,7.86412,0.10184,0.10213,1.56191,0.10216,0.10164,7.67742,0.99300,7.82184,7.74260,0.11313,0.11290,7.86768,0.16583,0.26764,0.16308,0.36075,0.10266,0.44372,0.10205,0.10006,0.10200,0.10156,0.10196,0.10207,0.10232
564,7.47279,0.10231,0.10186,7.85782,0.10191,0.10218,0.78232,0.10224,0.10176,7.62827,0.68117,7.80657,7.69233,0.11230,0.10841,7.85616,0.13750,0.21201,0.14940,0.22639,0.10261,0.28406,0.10215,0.10006,0.10213,0.10156,0.10204,0.10211,0.10238
565,7.29230,0.10232,0.10191,7.84039,0.10195,0.10222,4.10402,0.10227,0.10184,7.54396,2.66784,7.78300,7.73279,0.11696,0.11367,7.83509,0.24892,0.29154,0.14669,1.32881,0.10378,1.39832,0.10226,0.10000,0.10278,0.10186,0.10207,0.10214,0.10240
566,7.56921,0.10238,0.10197,7.82273,0.10209,0.10232,7.84259,0.10237,0.10201,7.50651,7.39333,7.78124,7.82405,0.15599,1.10497,7.81985,5.72849,5.63182,1.15564,7.73070,0.12076,7.70539,0.10320,0.10006,0.10680,0.10619,0.10216,0.10222,0.10249
567,7.78445,0.10247,0.10209,7.81719,0.10224,0.10242,7.81961,0.10255,0.10241,7.69003,7.44266,7.78956,7.82531,0.18796,1.19896,7.81282,5.31948,6.07727,1.65058,7.55484,0.12657,7.61680,0.10342,0.10009,0.10761,0.11132,0.10229,0.10233,0.10262
568,7.81936,0.10254,0.10222,7.81018,0.10240,0.10255,7.82525,0.10281,0.10352,7.79285,7.50174,7.78816,7.81780,0.49046,2.00600,7.80281,6.09733,7.03219,3.38094,7.75218,0.23134,7.76039,0.10581,0.10013,0.11582,0.12483,0.10255,0.10246,0.10275
569,7.79933,0.10259,0.10233,7.79828,0.10268,0.10280,7.80712,0.10593,0.10589,7.80635,7.55247,7.77435,7.78642,1.74045,4.74409,7.80669,7.70405,7.77077,6.02038,7.81660,1.08367,7.81168,0.16437,0.10017,0.17323,0.20539,0.10316,0.10259,0.10286
570,7.77384,0.10259,0.10235,7.77430,0.10301,0.10350,7.73555,0.11686,0.10757,7.78036,7.41703,7.76932,7.76818,1.15078,2.91114,7.80779,5.90923,6.89699,4.09328,7.16041,0.69328,7.47837,0.17308,0.10009,0.15288,0.26673,0.10356,0.10265,0.10289
571,7.70744,0.10258,0.10240,7.76997,0.10336,0.10413,5.84204,0.12055,0.10953,7.76532,5.27080,7.76242,7.70003,0.47533,0.90800,7.81270,2.38364,3.79031,1.65371,3.87855,0.25914,4.84593,0.13077,0.10005,0.13400,0.26750,0.10383,0.10266,0.10291
572,7.29147,0.10259,0.10247,7.78552,0.10366,0.10400,2.80221,0.11946,0.11165,7.64301,2.62908,7.74474,7.54679,0.22694,0.33726,7.83087,0.80055,1.62349,0.71141,1.44953,0.14738,2.15645,0.11988,0.10004,0.13520,0.24478,0.10408,0.10266,0.10293
573,6.94023,0.10260,0.10256,7.80846,0.10397,0.10344,1.29221,0.11750,0.11493,7.29982,1.43531,7.71752,7.51608,0.15803,0.18371,7.82975,0.35775,0.80950,0.37172,0.63062,0.12592,1.02191,0.11783,0.10005,0.13881,0.22260,0.10445,0.10268,0.10295
574,6.88014,0.10261,0.10265,7.81067,0.10418,0.10355,0.71425,0.11528,0.11840,7.13564,0.96620,7.69639,7.53529,0.14298,0.14206,7.82095,0.21506,0.48014,0.22987,0.35157,0.12007,0.58974,0.11742,0.10005,0.13785,0.20354,0.10466,0.10271,0.10298
575,6.96705,0.10259,0.10264,7.80399,0.10379,0.10429,0.67807,0.11288,0.11834,7.16842,0.77366,7.69583,7.58941,0.14305,0.13090,7.81326,0.17261,0.33215,0.17200,0.25667,0.11881,0.41468,0.11792,0.10000,0.13805,0.18718,0.10458,0.10281,0.10296
576,7.30726,0.10259,0.10260,7.79942,0.10327,0.10475,2.64473,0.11312,0.11585,7.29392,0.84776,7.71379,7.72573,0.14968,0.13465,7.81268,0.18993,0.29143,0.15946,0.28365,0.12241,0.37610,0.11746,0.10002,0.14273,0.16360,0.10433,0.10315,0.10291
577,7.54448,0.10268,0.10259,7.79999,0.10339,0.10453,2.50249,0.11337,0.11837,7.48840,0.84346,7.74487,7.71375,0.15062,0.13580,7.81033,0.18720,0.25248,0.15840,0.28387,0.12517,0.33186,0.11929,0.10007,0.14786,0.14106,0.10484,0.10297,0.10297
578,7.53921,0.10281,0.10265,7.79916,0.10376,0.10443,3.54371,0.11216,0.12343,7.60592,0.67420,7.76023,7.77217,0.14867,0.13479,7.80603,0.18221,0.22648,0.15762,0.28156,0.12676,0.30681,0.12103,0.10011,0.14508,0.13149,0.10638,0.10296,0.10304
579,7.70211,0.10295,0.10283,7.79774,0.10498,0.10432,4.33135,0.11042,0.12775,7.63653,1.71973,7.76875,7.77810,0.14700,0.13570,7.80199,0.19179,0.22255,0.16352,0.38267,0.12755,0.41100,0.12148,0.10010,0.14088,0.12862,0.11003,0.10310,0.10313
580,7.73887,0.10304,0.10312,7.79432,0.10714,0.10409,3.79453,0.10991,0.12628,7.71373,1.58559,7.76671,7.73306,0.14534,0.13665,7.79764,0.18159,0.21727,0.16343,0.33583,0.12726,0.37237,0.12042,0.10006,0.13798,0.12743,0.11158,0.10324,0.10321
581,7.34955,0.10310,0.10332,7.79164,0.10851,0.10393,0.46477,0.10876,0.12420,7.70736,0.47319,7.75138,7.49532,0.14153,0.13209,7.79345,0.14496,0.17603,0.15220,0.17298,0.12512,0.19714,0.11821,0.10004,0.13542,0.12278,0.11099,0.10333,0.10327
582,7.06356,0.10318,0.10351,7.78921,0.10975,0.10389,0.35766,0.10817,0.12388,7.45756,0.41611,7.72783,7.56128,0.14009,0.13057,7.79359,0.13956,0.16470,0.14903,0.15733,0.12416,0.17624,0.11724,0.10005,0.13348,0.11842,0.11093,0.10347,0.10331
583,6.96629,0.10327,0.10372,7.78763,0.11029,0.10390,0.18443,0.10723,0.12229,7.28937,0.36275,7.69077,7.38474,0.13670,0.12858,7.79240,0.13491,0.15512,0.14420,0.14268,0.12249,0.15737,0.11564,0.10006,0.13093,0.11567,0.11080,0.10357,0.10338
584,6.69799,0.10333,0.10374,7.78767,0.10840,0.10440,0.98482,0.10724,0.12144,7.25514,0.34717,7.64312,7.39062,0.13150,0.12735,7.79206,0.13327,0.14919,0.14042,0.13963,0.12238,0.15075,0.11549,0.10007,0.12872,0.11366,0.11128,0.10356,0.10346
585,6.89641,0.10337,0.10370,7.78722,0.10762,0.10499,7.42048,0.10870,0.12152,7.25674,3.22017,7.63626,7.72108,0.13113,0.12991,7.79163,0.13944,0.14978,0.14115,0.34578,0.12429,0.40256,0.11854,0.10004,0.12733,0.11193,0.11143,0.10358,0.10350
586,7.35481,0.10348,0.10369,7.78837,0.10766,0.10547,7.59215,0.10938,0.12206,7.33407,5.96030,7.64138,7.77786,0.13169,0.13203,7.79122,0.24016,0.23595,0.14179,2.47621,0.12551,2.49155,0.11964,0.10009,0.12444,0.11133,0.11185,0.10379,0.10358
587,7.63572,0.10343,0.10354,7.78765,0.10866,0.10529,5.62950,0.10790,0.12146,7.41816,2.62504,7.65917,7.77496,0.13082,0.12936,7.78677,0.15122,0.16510,0.13933,0.57427,0.12346,0.55149,0.11681,0.09992,0.12170,0.11015,0.11273,0.10395,0.10346
588,7.70498,0.10329,0.10322,7.78599,0.10869,0.10511,3.35917,0.10725,0.12045,7.57018,1.36227,7.66324,7.73815,0.12889,0.12783,7.78356,0.13926,0.15144,0.13734,0.28724,0.12183,0.29354,0.11523,0.09992,0.11983,0.10885,0.11266,0.10403,0.10332
589,7.45081,0.10352,0.10331,7.78621,0.10964,0.10535,0.54242,0.10617,0.11893,7.57317,0.47449,7.56696,7.52629,0.12616,0.12450,7.78523,0.13093,0.13842,0.13375,0.14756,0.11741,0.15070,0.11094,0.10000,0.11624,0.11077,0.11340,0.10459,0.10342
590,6.91238,0.10363,0.10329,7.78425,0.10870,0.10579,2.40336,0.10575,0.11733,7.42220,0.69404,7.52611,7.54714,0.12249,0.12139,7.78134,0.12717,0.13399,0.13038,0.14082,0.11359,0.14609,0.10859,0.09986,0.11423,0.11138,0.11364,0.10499,0.10341
591,7.20983,0.10378,0.10327,7.77449,0.10819,0.10602,5.70691,0.10530,0.11503,7.28127,1.84754,7.51757,7.74905,0.12162,0.11972,7.77835,0.12857,0.13145,0.12701,0.20455,0.11210,0.20808,0.10711,0.09971,0.11271,0.11215,0.11327,0.10557,0.10349
592,7.52881,0.10399,0.10334,7.76124,0.10760,0.10603,7.70751,0.10517,0.11344,7.34025,6.06091,7.53343,7.76146,0.12194,0.12503,7.77117,0.44176,0.40641,0.12839,3.24877,0.11351,3.34660,0.10669,0.09983,0.11300,0.11203,0.11251,0.10630,0.10382
593,7.67784,0.10408,0.10331,7.74279,0.10798,0.10615,6.37254,0.10502,0.11261,7.39967,4.41677,7.53824,7.74407,0.12027,0.12269,7.75982,0.33489,0.33361,0.12823,2.02239,0.11229,2.01704,0.10654,0.10001,0.11272,0.11090,0.11177,0.10663,0.10406
594,7.44406,0.10420,0.10350,7.73123,0.10680,0.10669,0.81264,0.10519,0.11211,7.53958,0.62140,7.55547,7.43717,0.11555,0.11536,7.75350,0.12619,0.13394,0.12250,0.17121,0.10895,0.18441,0.10601,0.10006,0.11203,0.11001,0.11162,0.10678,0.10423
595,6.80842,0.10438,0.10376,7.72771,0.10571,0.10749,0.59724,0.10561,0.11194,7.49634,0.37676,7.51066,7.43043,0.11223,0.11255,7.73758,0.11860,0.12427,0.11908,0.12410,0.10796,0.12791,0.10599,0.10007,0.11188,0.10991,0.11069,0.10681,0.10438
596,7.07227,0.10456,0.10386,7.71503,0.10536,0.10791,5.59670,0.10598,0.11192,7.30969,1.11492,7.47478,7.68696,0.11229,0.11408,7.71814,0.12154,0.12501,0.11897,0.17115,0.10865,0.18643,0.10646,0.10003,0.11152,0.10914,0.10968,0.10691,0.10451
597,7.52115,0.10469,0.10383,7.69784,0.10521,0.10785,7.72029,0.10625,0.11181,7.28924,6.81760,7.56098,7.70232,0.11394,0.14379,7.69895,1.11432,1.08025,0.14116,4.86058,0.11083,4.97576,0.10737,0.09998,0.11114,0.10809,0.10932,0.10697,0.10452
598,7.62618,0.10484,0.10382,7.68864,0.10514,0.10766,7.69194,0.10665,0.11160,7.40973,7.20503,7.60792,7.69355,0.11606,0.34500,7.68784,3.74714,3.72535,0.32808,7.29020,0.11330,7.26474,0.10866,0.10003,0.11109,0.10725,0.10916,0.10701,0.10464
599,7.67944,0.10488,0.10376,7.68125,0.10584,0.10755,7.63515,0.10667,0.11129,7.53930,7.01289,7.62277,7.68610,0.11714,0.23485,7.68032,1.93006,2.46728,0.31235,5.76552,0.11227,5.93103,0.10871,0.10008,0.11086,0.10650,0.10945,0.10694,0.10482
600,7.68387,0.10495,0.10379,7.68026,0.10693,0.10743,7.68632,0.10737,0.11072,7.63802,7.32747,7.62824,7.67941,0.15074,1.07243,7.67742,5.41103,5.60339,1.29211,7.53605,0.13441,7.53468,0.10966,0.10009,0.11133,0.10666,0.10951,0.10691,0.10501
601,7.66366,0.10503,0.10393,7.68249,0.10746,0.10755,7.59757,0.10784,0.10983,7.66627,7.07353,7.62513,7.66207,0.14448,0.77940,7.68129,3.48611,4.49393,0.99301,6.23986,0.13695,6.69486,0.11008,0.10010,0.11104,0.10715,0.10936,0.10678,0.10508
602,7.62501,0.10507,0.10413,7.67574,0.10766,0.10771,5.59600,0.10802,0.10916,7.65088,4.42267,7.62141,7.57198,0.12492,0.28612,7.68606,1.07520,1.75481,0.36401,2.50488,0.11811,3.35375,0.10960,0.10010,0.11052,0.10768,0.10924,0.10674,0.10515
603,7.57605,0.10507,0.10442,7.65776,0.10792,0.10777,3.08243,0.10819,0.10876,7.61699,2.43138,7.62262,7.39204,0.11929,0.17366,7.68857,0.48016,0.83349,0.21907,1.11367,0.11364,1.63810,0.10931,0.10008,0.11023,0.10792,0.10906,0.10674,0.10525
604,7.49191,0.10503,0.10469,7.62515,0.10808,0.10773,1.51146,0.10828,0.10849,7.58139,1.37838,7.61645,7.13469,0.11577,0.13553,7.68750,0.25665,0.42084,0.15839,0.52991,0.11164,0.78878,0.10913,0.10005,0.10996,0.10773,0.10882,0.10670,0.10533
605,7.27474,0.10500,0.10490,7.59406,0.10817,0.10768,0.71166,0.10827,0.10829,7.52881,0.84547,7.60083,6.90642,0.11320,0.12028,7.68325,0.16602,0.23261,0.13173,0.27433,0.11042,0.38125,0.10902,0.10004,0.10974,0.10733,0.10867,0.10667,0.10540
606,7.05679,0.10500,0.10492,7.57634,0.10825,0.10765,0.69206,0.10829,0.10821,7.41104,0.71297,7.58770,6.97724,0.11290,0.11652,7.67952,0.14483,0.19082,0.12711,0.22130,0.11000,0.28463,0.10899,0.10003,0.10962,0.10648,0.10858,0.10665,0.10546
607,7.06966,0.10505,0.10496,7.58099,0.10851,0.10762,0.50451,0.10831,0.10836,7.29102,0.62625,7.57741,7.02054,0.11309,0.11464,7.67698,0.13541,0.16890,0.12527,0.19748,0.10976,0.23620,0.10896,0.10003,0.10935,0.10538,0.10848,0.10662,0.10550
608,6.96331,0.10507,0.10484,7.59445,0.10859,0.10754,0.46738,0.10822,0.10847,7.24707,0.52882,7.56944,7.04610,0.11264,0.11263,7.67889,0.12558,0.14831,0.12201,0.16392,0.10952,0.18868,0.10886,0.09999,0.10876,0.10431,0.10845,0.10661,0.10549
609,6.90908,0.10515,0.10482,7.64303,0.10859,0.10739,5.54444,0.10794,0.10832,7.23753,3.39108,7.57130,7.32656,0.11452,0.11729,7.70270,0.19503,0.19922,0.12692,1.32119,0.10979,1.37384,0.10870,0.09995,0.10816,0.10438,0.10841,0.10670,0.10548
610,7.15921,0.10481,0.10420,7.68250,0.10775,0.10682,6.49233,0.10692,0.10737,7.16053,4.44156,7.58139,7.56978,0.11428,0.12400,7.70609,0.31884,0.28227,0.12955,1.75508,0.10959,1.66941,0.10782,0.09959,0.10709,0.10466,0.10778,0.10654,0.10520
611,7.51614,0.10456,0.10398,7.68294,0.10707,0.10633,7.64534,0.10691,0.10635,7.35775,7.25683,7.59297,7.65002,0.16703,1.76842,7.69392,6.01146,5.90883,1.63763,7.43702,0.16361,7.42717,0.10909,0.09971,0.10897,0.10577,0.10686,0.10630,0.10494
612,7.62737,0.10452,0.10440,7.64133,0.10700,0.10647,7.40285,0.10707,0.10606,7.56326,6.81007,7.59223,7.62962,0.15460,1.03822,7.67901,3.85147,4.44933,1.10768,6.02480,0.14577,6.37512,0.10889,0.10000,0.10803,0.10648,0.10664,0.10616,0.10491
613,7.55389,0.10448,0.10464,7.59838,0.10695,0.10649,4.20468,0.10696,0.10588,7.60677,3.40727,7.57232,7.48811,0.12001,0.24364,7.65166,0.88401,1.22382,0.30437,1.94643,0.11396,2.41644,0.10774,0.10002,0.10726,0.10584,0.10660,0.10607,0.10489
614,7.01382,0.10446,0.10479,7.54123,0.10693,0.10650,1.29343,0.10686,0.10576,7.54703,1.24919,7.53371,7.25784,0.11092,0.13188,7.66571,0.25029,0.35369,0.15636,0.49416,0.10907,0.63989,0.10736,0.10002,0.10688,0.10514,0.10661,0.10600,0.10489
615,6.67663,0.10447,0.10502,7.52511,0.10691,0.10654,0.55534,0.10681,0.10565,7.26900,0.74275,7.49288,7.24813,0.10880,0.11602,7.69347,0.15401,0.20548,0.12804,0.23577,0.10811,0.30066,0.10717,0.10003,0.10665,0.10490,0.10662,0.10594,0.10492
616,6.63317,0.10451,0.10526,7.54722,0.10690,0.10657,0.29726,0.10678,0.10556,7.01376,0.56000,7.47728,7.18302,0.10769,0.11101,7.70671,0.12591,0.15196,0.11675,0.15794,0.10766,0.19035,0.10707,0.10004,0.10650,0.10474,0.10664,0.10589,0.10496
617,6.54997,0.10456,0.10545,7.59555,0.10688,0.10659,0.22886,0.10676,0.10552,6.87222,0.47799,7.46532,7.16540,0.10679,0.10912,7.71143,0.11576,0.12834,0.11165,0.12982,0.10741,0.14620,0.10709,0.10005,0.10638,0.10456,0.10669,0.10586,0.10502
618,6.76941,0.10452,0.10533,7.66015,0.10659,0.10659,6.14562,0.10674,0.10556,6.92353,2.57601,7.45871,7.38031,0.10661,0.11067,7.70953,0.12308,0.13034,0.11241,0.26010,0.10749,0.29893,0.10701,0.09997,0.10615,0.10398,0.10667,0.10587,0.10503
619,7.09274,0.10444,0.10501,7.69158,0.10629,0.10653,1.92488,0.10669,0.10567,7.08806,0.68833,7.49004,7.44558,0.10605,0.10941,7.70313,0.11673,0.12116,0.11024,0.13607,0.10715,0.14214,0.10689,0.09996,0.10586,0.10311,0.10663,0.10586,0.10497
620,7.08478,0.10438,0.10486,7.69673,0.10601,0.10650,3.40952,0.10665,0.10564,7.14802,0.76411,7.52642,7.52214,0.10573,0.10932,7.69906,0.11588,0.11861,0.10944,0.14198,0.10701,0.15377,0.10678,0.09994,0.10561,0.10276,0.10657,0.10585,0.10488
621,7.18876,0.10432,0.10472,7.69718,0.10585,0.10646,5.16681,0.10664,0.10555,7.19206,1.05893,7.54684,7.64758,0.10542,0.10988,7.69558,0.11755,0.11963,0.10943,0.15870,0.10698,0.17343,0.10663,0.09995,0.10547,0.10258,0.10648,0.10585,0.10483
622,7.38025,0.10431,0.10475,7.69994,0.10588,0.10646,5.61394,0.10665,0.10530,7.24789,1.89916,7.54640,7.67218,0.10532,0.11034,7.69729,0.11968,0.12399,0.10972,0.24891,0.10706,0.30859,0.10655,0.10001,0.10550,0.10303,0.10640,0.10585,0.10486
623,7.39676,0.10431,0.10482,7.70384,0.10582,0.10643,0.42200,0.10664,0.10519,7.31831,0.39110,7.53509,7.27389,0.10496,0.10811,7.70114,0.11167,0.11217,0.10715,0.11829,0.10662,0.12145,0.10657,0.10003,0.10564,0.10328,0.10635,0.10582,0.10487
624,6.96404,0.10431,0.10484,7.70403,0.10557,0.10638,0.12629,0.10660,0.10545,7.32777,0.31540,7.48180,6.92255,0.10492,0.10676,7.69999,0.10797,0.10740,0.10557,0.10952,0.10637,0.10950,0.10659,0.09999,0.10540,0.10282,0.10624,0.10580,0.10483
625,6.66563,0.10415,0.10452,7.69862,0.10515,0.10621,2.94152,0.10641,0.10539,7.24391,1.03614,7.41728,7.34727,0.10458,0.10621,7.69278,0.10702,0.10637,0.10496,0.15653,0.10608,0.16677,0.10636,0.09980,0.10486,0.10213,0.10594,0.10569,0.10465
626,6.98174,0.10399,0.10408,7.69254,0.10493,0.10606,7.65712,0.10620,0.10501,7.13546,6.76304,7.45858,7.63202,0.10432,0.10675,7.68845,0.33555,0.39515,0.10618,3.99210,0.10564,4.30468,0.10596,0.09975,0.10434,0.10152,0.10575,0.10556,0.10454
627,7.33139,0.10391,0.10378,7.69513,0.10491,0.10596,7.67618,0.10605,0.10455,7.11693,7.04438,7.53629,7.68663,0.10444,0.16796,7.68588,1.76871,1.98004,0.18256,5.94778,0.10539,6.15029,0.10571,0.09975,0.10410,0.10109,0.10564,0.10543,0.10448
628,7.46541,0.10387,0.10355,7.69589,0.10502,0.10588,7.67743,0.10589,0.10412,7.20154,7.24672,7.52035,7.65858,0.11720,0.91122,7.68734,5.81897,6.21483,1.19178,7.63575,0.10857,7.62540,0.10544,0.09981,0.10394,0.10106,0.10545,0.10532,0.10445
629,7.49160,0.10385,0.10351,7.64663,0.10509,0.10579,7.65812,0.10581,0.10390,7.39677,7.25768,7.48372,7.52470,0.15111,0.99229,7.69205,4.55262,6.75833,2.18939,7.49595,0.11375,7.61269,0.10547,0.09995,0.10431,0.10171,0.10530,0.10521,0.10443
630,7.44737,0.10380,0.10345,7.55165,0.10503,0.10562,7.32200,0.10577,0.10395,7.44841,6.30625,7.46490,7.47697,0.14759,0.38809,7.66602,1.99892,4.48778,1.31305,4.33553,0.10805,5.88369,0.10555,0.09996,0.10437,0.10233,0.10522,0.10507,0.10434
631,7.45539,0.10384,0.10344,7.48404,0.10495,0.10549,7.46132,0.10567,0.10406,7.43938,7.01723,7.45954,7.47517,0.81737,1.91960,7.62017,5.02210,5.65429,2.97569,6.69987,0.29204,6.81514,0.10860,0.10001,0.13380,0.12688,0.10508,0.10504,0.10430
632,7.46265,0.10383,0.10350,7.45874,0.10485,0.10538,7.46381,0.10889,0.10615,7.45606,7.23298,7.47915,7.46755,1.95057,5.22964,7.46135,7.36868,7.38577,5.43140,7.46955,1.30919,7.46669,0.19191,0.10000,0.23393,0.25091,0.10497,0.10495,0.10419
633,7.47897,0.10371,0.10332,7.49314,0.10471,0.10586,7.41875,0.12288,0.10675,7.46967,7.14458,7.51033,7.49841,1.20905,3.12882,7.45864,5.92259,6.44262,3.67840,7.00440,0.82085,7.16371,0.19892,0.10001,0.17669,0.24245,0.10507,0.10480,0.10408
634,7.46842,0.10364,0.10320,7.50377,0.10471,0.10666,6.04982,0.12705,0.10792,7.48995,5.40674,7.52128,7.47212,0.57807,1.13197,7.46955,2.72175,3.70855,1.77688,4.21373,0.32471,4.82100,0.14794,0.10003,0.15194,0.21659,0.10518,0.10470,0.10403
635,7.38287,0.10364,0.10309,7.49289,0.10483,0.10819,4.79604,0.12842,0.11110,7.47447,4.15699,7.51143,7.43660,0.46287,0.70995,7.47634,1.67436,2.66713,1.35569,2.87459,0.23201,3.48593,0.13248,0.10003,0.15906,0.19975,0.10572,0.10469,0.10402
636,7.03981,0.10363,0.10294,7.47686,0.10497,0.10678,2.43510,0.12877,0.11345,7.40012,2.32334,7.48398,7.26005,0.30713,0.34278,7.48873,0.79423,1.58554,0.76376,1.33385,0.16282,1.90808,0.12135,0.10001,0.15912,0.16660,0.10653,0.10463,0.10400
637,6.68405,0.10361,0.10280,7.48088,0.10502,0.10875,1.38411,0.12495,0.11326,7.19450,1.51042,7.45243,7.20275,0.23529,0.21921,7.50714,0.42323,0.96613,0.47508,0.72985,0.14182,1.17330,0.11840,0.10002,0.14575,0.14725,0.10670,0.10469,0.10399
638,6.49354,0.10360,0.10279,7.48886,0.10526,0.11053,0.80465,0.12019,0.11315,6.89996,1.02116,7.43275,7.14540,0.19133,0.16985,7.50538,0.25935,0.58755,0.30868,0.41176,0.12854,0.69446,0.11686,0.10002,0.13437,0.13968,0.10663,0.10522,0.10402
639,6.39595,0.10356,0.10284,7.49466,0.10550,0.11067,0.50414,0.11695,0.11306,6.70890,0.76336,7.40527,7.13375,0.16342,0.14830,7.50710,0.19473,0.38286,0.23067,0.27462,0.12167,0.44685,0.11568,0.10002,0.12773,0.13546,0.10654,0.10622,0.10409
640,6.44037,0.10352,0.10301,7.49876,0.10571,0.11014,0.34648,0.11417,0.11335,6.70441,0.61716,7.37768,7.08952,0.14501,0.13560,7.50984,0.16476,0.27402,0.18876,0.20882,0.11821,0.30905,0.11437,0.10003,0.12286,0.13243,0.10650,0.10738,0.10437
641,6.28301,0.10347,0.10315,7.50280,0.10588,0.10974,0.24759,0.11287,0.11319,6.76240,0.51598,7.37156,7.06093,0.13070,0.12554,7.51211,0.14407,0.20409,0.15823,0.16898,0.11562,0.22197,0.11338,0.10002,0.12101,0.12761,0.10640,0.10766,0.10466
642,6.08741,0.10347,0.10322,7.50930,0.10598,0.10949,0.18793,0.11338,0.11245,6.78316,0.44527,7.35037,6.96603,0.12172,0.11902,7.52437,0.12896,0.16084,0.13776,0.14258,0.11458,0.16925,0.11348,0.10002,0.12141,0.12157,0.10637,0.10708,0.10460
643,5.81453,0.10353,0.10327,7.52963,0.10537,0.10871,0.15296,0.11391,0.11195,6.83446,0.38197,7.31844,6.94940,0.11938,0.11597,7.56096,0.11947,0.13338,0.12246,0.12537,0.11522,0.13723,0.11546,0.10004,0.12084,0.11430,0.10672,0.10634,0.10449
644,6.01456,0.10364,0.10322,7.57064,0.10474,0.10842,3.35282,0.11388,0.11298,6.84479,1.51428,7.35644,7.29893,0.11913,0.11604,7.61695,0.11943,0.12546,0.11927,0.26574,0.11626,0.29805,0.11697,0.10002,0.11877,0.10935,0.10712,0.10615,0.10456
645,6.83158,0.10367,0.10313,7.61370,0.10481,0.10887,7.53437,0.11402,0.11451,6.69837,6.74834,7.43108,7.54809,0.11853,0.11844,7.66112,0.46695,0.38340,0.12189,4.32706,0.11638,4.44712,0.11733,0.09999,0.11687,0.10742,0.10850,0.10596,0.10455
646,7.36370,0.10368,0.10307,7.65376,0.10569,0.10871,7.48754,0.11240,0.11483,6.87504,6.69919,7.47710,7.59629,0.11840,0.12099,7.68190,0.90445,0.62252,0.12534,4.95600,0.11698,4.76822,0.11650,0.09998,0.11513,0.10688,0.11103,0.10561,0.10443
647,7.50723,0.10368,0.10306,7.67826,0.10625,0.10843,3.69698,0.11065,0.11451,7.19008,2.07431,7.46610,7.55682,0.11746,0.11727,7.68665,0.15599,0.16685,0.12001,0.61735,0.11681,0.57238,0.11415,0.10000,0.11332,0.10599,0.11205,0.10549,0.10437
648,7.22183,0.10370,0.10310,7.68560,0.10625,0.10871,2.63575,0.10986,0.11395,7.34751,0.87310,7.45967,7.49145,0.11652,0.11723,7.67900,0.12208,0.12735,0.11888,0.17590,0.11589,0.19275,0.11242,0.10000,0.11187,0.10538,0.11233,0.10559,0.10435
649,7.21035,0.10374,0.10309,7.68152,0.10594,0.10942,7.64834,0.11037,0.11340,7.32888,6.52542,7.52779,7.64222,0.11696,0.12752,7.66597,0.59864,0.60639,0.12729,4.00180,0.11673,4.16183,0.11328,0.09999,0.11167,0.10487,0.11195,0.10589,0.10438
650,7.43979,0.10376,0.10302,7.67788,0.10554,0.10971,7.60999,0.11119,0.11304,7.34872,6.87167,7.55857,7.67557,0.11530,0.14314,7.66427,1.06840,1.20729,0.14087,5.23578,0.11692,5.51650,0.11428,0.09999,0.11159,0.10483,0.11090,0.10605,0.10440
651,7.54817,0.10371,0.10304,7.67848,0.10519,0.10969,4.70688,0.11152,0.11244,7.37209,2.64411,7.55558,7.63866,0.11201,0.12209,7.67006,0.19992,0.24001,0.12273,0.74974,0.11582,0.94830,0.11388,0.10000,0.11165,0.10505,0.10953,0.10604,0.10435
652,7.57682,0.10366,0.10302,7.67426,0.10502,0.10989,5.35796,0.11175,0.11192,7.38837,2.68502,7.55256,7.61559,0.11110,0.12522,7.66827,0.21988,0.24874,0.12348,0.83096,0.11559,0.98680,0.11394,0.09997,0.11125,0.10482,0.10876,0.10620,0.10432
653,7.44107,0.10364,0.10292,7.67170,0.10498,0.10974,1.05228,0.11147,0.11166,7.41788,0.78500,7.55080,7.33318,0.10974,0.11811,7.66357,0.13868,0.14219,0.11688,0.21604,0.11444,0.23835,0.11345,0.09998,0.11098,0.10425,0.10853,0.10609,0.10429
654,6.84360,0.10366,0.10295,7.66900,0.10503,0.10975,3.94067,0.11124,0.11143,7.41874,1.21457,7.53420,7.43260,0.10965,0.11685,7.66254,0.12869,0.12970,0.11538,0.18941,0.11405,0.20500,0.11300,0.10001,0.11024,0.10391,0.10879,0.10607,0.10427
655,6.98297,0.10368,0.10295,7.66282,0.10481,0.10978,3.03987,0.11102,0.11113,7.20235,1.09339,7.50413,7.45630,0.10885,0.11617,7.65917,0.12654,0.12661,0.11429,0.17757,0.11350,0.18836,0.11258,0.09998,0.10972,0.10401,0.10853,0.10615,0.10428
656,6.76316,0.10377,0.10295,7.65921,0.10459,0.10977,4.55585,0.11067,0.11032,7.11905,3.34872,7.40891,7.33713,0.10904,0.12409,7.64236,0.63963,0.62636,0.12189,2.29627,0.11282,2.32369,0.11158,0.09997,0.10886,0.10415,0.10851,0.10648,0.10435
657,7.00810,0.10381,0.10284,7.65167,0.10562,0.10921,7.30651,0.11067,0.10979,7.02751,6.49025,7.49285,7.57974,0.11112,0.24252,7.64752,2.67626,2.74304,0.25065,5.73464,0.11291,5.78651,0.11172,0.10002,0.10888,0.10392,0.10961,0.10628,0.10438
658,7.39218,0.10381,0.10281,7.63756,0.10569,0.10889,4.12527,0.10984,0.10974,7.19304,2.45510,7.43250,7.53816,0.10992,0.12127,7.64292,0.25834,0.38176,0.12928,0.88773,0.11195,1.13652,0.11106,0.09999,0.10815,0.10370,0.10977,0.10621,0.10436
659,7.37135,0.10357,0.10251,7.62992,0.10479,0.10890,2.94782,0.10983,0.10926,7.27817,1.38868,7.42660,7.43967,0.10820,0.11867,7.62690,0.18756,0.23741,0.12108,0.45819,0.11124,0.57510,0.11070,0.09981,0.10783,0.10350,0.10860,0.10618,0.10414
660,7.16521,0.10344,0.10233,7.62279,0.10395,0.10870,1.47088,0.10990,0.10835,7.30644,0.79861,7.39002,7.22139,0.10672,0.11564,7.61462,0.15001,0.16343,0.11446,0.26364,0.11018,0.30140,0.11037,0.09988,0.10812,0.10380,0.10677,0.10639,0.10402
661,6.24614,0.10355,0.10242,7.61237,0.10360,0.10807,0.14536,0.10949,0.10759,6.97001,0.34572,7.22260,6.90424,0.10664,0.10966,7.57264,0.11123,0.10987,0.10721,0.11429,0.10970,0.11422,0.11011,0.09997,0.10789,0.10359,0.10545,0.10667,0.10413
662,6.08151,0.10369,0.10239,7.57009,0.10346,0.10755,2.47763,0.10914,0.10720,6.40255,0.35983,7.11679,7.21893,0.10675,0.10927,7.50757,0.10910,0.10740,0.10697,0.11093,0.10961,0.11147,0.10961,0.09997,0.10703,0.10309,0.10524,0.10672,0.10430
663,6.44467,0.10361,0.10224,7.51503,0.10373,0.10754,5.47188,0.10858,0.10685,6.09172,1.23821,7.07825,7.48432,0.10719,0.10931,7.44769,0.10946,0.10840,0.10776,0.16171,0.10927,0.16573,0.10907,0.09998,0.10661,0.10319,0.10668,0.10623,0.10435
664,6.94907,0.10352,0.10211,7.45784,0.10353,0.10743,2.91471,0.10800,0.10653,6.26985,0.73478,7.15159,7.46976,0.10707,0.10904,7.37121,0.10906,0.10810,0.10766,0.12894,0.10889,0.12935,0.10851,0.09988,0.10606,0.10266,0.10669,0.10599,0.10436
665,6.86837,0.10329,0.10182,7.38036,0.10312,0.10716,0.31179,0.10731,0.10602,6.18429,0.28467,7.11217,7.23953,0.10667,0.10843,7.28193,0.10837,0.10729,0.10710,0.10870,0.10821,0.10800,0.10762,0.09979,0.10515,0.10212,0.10627,0.10576,0.10419
666,6.56652,0.10316,0.10169,7.28952,0.10275,0.10689,1.64355,0.10670,0.10550,6.13333,0.26551,7.04682,7.13782,0.10609,0.10785,7.19906,0.10785,0.10684,0.10670,0.10862,0.10739,0.10891,0.10674,0.09986,0.10456,0.10229,0.10586,0.10557,0.10412
667,6.16495,0.10321,0.10181,7.20709,0.10278,0.10660,0.89335,0.10620,0.10498,5.94855,0.22328,6.92764,6.92732,0.10576,0.10713,7.13056,0.10753,0.10682,0.10657,0.10757,0.10641,0.10734,0.10597,0.09997,0.10432,0.10286,0.10562,0.10545,0.10424
668,6.30559,0.10324,0.10195,7.15778,0.10311,0.10635,2.94054,0.10583,0.10453,5.97680,0.94974,6.92942,7.12627,0.10578,0.10656,7.08164,0.10739,0.10701,0.10636,0.17979,0.10592,0.18936,0.10555,0.09995,0.10438,0.10298,0.10547,0.10538,0.10433
669,6.79704,0.10327,0.10204,7.11289,0.10348,0.10607,7.16695,0.10556,0.10434,6.29614,6.45349,6.96867,7.16216,0.10596,0.12965,7.03221,1.56559,1.31814,0.12678,5.65926,0.10592,5.51807,0.10543,0.09997,0.10465,0.10287,0.10514,0.10540,0.10438
670,7.02989,0.10338,0.10224,7.07884,0.10308,0.10590,5.25792,0.10558,0.10443,6.34098,3.31585,6.95273,7.11135,0.10553,0.11061,7.00083,0.33452,0.32184,0.11240,1.57893,0.10566,1.45253,0.10535,0.10001,0.10417,0.10252,0.10500,0.10540,0.10445
671,7.04585,0.10344,0.10228,7.05109,0.10265,0.10560,3.56470,0.10543,0.10424,6.78655,1.68360,6.98958,7.05195,0.10513,0.10882,6.97460,0.18984,0.17036,0.10913,0.58499,0.10544,0.53454,0.10518,0.09994,0.10374,0.10215,0.10458,0.10537,0.10444
672,6.98624,0.10345,0.10219,7.01992,0.10238,0.10521,6.87277,0.10510,0.10386,6.98658,5.31805,7.02837,7.05462,0.10539,0.15560,6.93849,0.69674,0.59480,0.13158,3.01683,0.10567,3.09896,0.10491,0.09990,0.10337,0.10175,0.10390,0.10522,0.10437
673,7.01539,0.10348,0.10215,6.98364,0.10225,0.10500,6.24370,0.10499,0.10365,6.85127,5.31893,6.95199,7.02896,0.10800,0.25969,6.88841,1.84425,1.61789,0.21329,4.47853,0.10670,4.33742,0.10477,0.09994,0.10318,0.10170,0.10374,0.10494,0.10439
674,6.90419,0.10364,0.10236,6.92500,0.10221,0.10474,1.62066,0.10490,0.10347,6.82601,1.01916,6.89283,6.80339,0.10439,0.11405,6.77326,0.19596,0.19048,0.11802,0.39723,0.10481,0.39343,0.10467,0.09996,0.10294,0.10187,0.10333,0.10476,0.10448
675,6.66562,0.10363,0.10235,6.82216,0.10216,0.10463,4.50141,0.10474,0.10319,6.64397,2.47706,6.83959,6.82581,0.10558,0.12050,6.60250,0.22029,0.20625,0.12137,0.74765,0.10492,0.80059,0.10449,0.09996,0.10285,0.10141,0.10337,0.10456,0.10449
676,6.66491,0.10367,0.10241,6.69593,0.10211,0.10456,6.81785,0.10463,0.10301,6.90509,5.74382,6.87732,6.86839,0.10684,0.15133,6.49051,0.47855,0.40688,0.13714,2.99760,0.10581,2.96363,0.10440,0.09998,0.10271,0.10111,0.10326,0.10444,0.10451
677,6.78906,0.10369,0.10245,6.58092,0.10207,0.10448,5.86572,0.10457,0.10290,6.93848,4.06355,6.82805,6.78520,0.10668,0.14023,6.38322,0.37970,0.30061,0.13192,1.62787,0.10556,1.53106,0.10430,0.09999,0.10242,0.10094,0.10315,0.10430,0.10450
678,6.68672,0.10361,0.10238,6.49289,0.10198,0.10432,1.99832,0.10448,0.10279,6.89760,0.85330,6.79069,6.49704,0.10383,0.11269,6.36732,0.15899,0.15251,0.11487,0.26948,0.10441,0.26079,0.10416,0.09996,0.10216,0.10077,0.10293,0.10417,0.10441
679,6.34737,0.10353,0.10233,6.46321,0.10194,0.10414,1.05448,0.10434,0.10257,6.73710,0.51361,6.68575,6.26666,0.10320,0.10775,6.30618,0.12724,0.12625,0.10947,0.16580,0.10404,0.16480,0.10406,0.09999,0.10194,0.10070,0.10277,0.10406,0.10432
680,5.80970,0.10358,0.10241,6.40425,0.10204,0.10401,4.92462,0.10422,0.10239,6.69257,2.81799,6.63506,6.37407,0.10306,0.10787,6.26386,0.14619,0.14968,0.10835,0.95936,0.10405,1.04655,0.10395,0.10000,0.10176,0.10072,0.10260,0.10402,0.10432
681,6.01975,0.10367,0.10252,6.37048,0.10213,0.10392,4.47553,0.10414,0.10230,6.76925,3.42372,6.61382,6.38403,0.10286,0.10942,6.21623,0.23129,0.24902,0.10923,1.77212,0.10401,1.87085,0.10380,0.10000,0.10172,0.10076,0.10249,0.10397,0.10433
682,5.89387,0.10367,0.10257,6.33179,0.10212,0.10387,2.28052,0.10415,0.10229,6.54655,1.20629,6.59737,6.09766,0.10213,0.10461,6.18024,0.11029,0.11123,0.10462,0.25220,0.10361,0.27338,0.10388,0.09999,0.10178,0.10081,0.10256,0.10384,0.10430
683,5.89052,0.10359,0.10250,6.30947,0.10207,0.10391,5.57241,0.10411,0.10220,6.52974,4.65479,6.64130,6.23465,0.10262,0.10615,6.19598,0.18794,0.19580,0.10622,2.02978,0.10353,2.18365,0.10376,0.09999,0.10172,0.10067,0.10279,0.10363,0.10424
684,5.95738,0.10358,0.10255,6.32137,0.10203,0.10389,1.90065,0.10413,0.10229,6.32165,0.92038,6.62223,6.22755,0.10210,0.10421,6.28820,0.11037,0.11254,0.10424,0.18934,0.10347,0.20331,0.10373,0.10000,0.10162,0.10067,0.10286,0.10354,0.10421
685,5.91142,0.10341,0.10245,6.38686,0.10219,0.10384,3.38399,0.10399,0.10217,6.29135,1.77810,6.60511,6.10292,0.10230,0.10378,6.29132,0.11019,0.10990,0.10370,0.37769,0.10344,0.39995,0.10374,0.09997,0.10181,0.10080,0.10297,0.10340,0.10413
686,6.12582,0.10311,0.10221,6.40218,0.10255,0.10373,5.82723,0.10384,0.10203,6.30761,4.82917,6.62524,6.30902,0.10295,0.10477,6.31683,0.26758,0.22072,0.10544,2.48837,0.10337,2.48005,0.10359,0.09999,0.10202,0.10087,0.10296,0.10326,0.10398
687,6.26497,0.10304,0.10217,6.43562,0.10259,0.10365,2.08840,0.10381,0.10222,6.40832,1.16030,6.62775,6.21093,0.10250,0.10359,6.45284,0.11260,0.11832,0.10389,0.28260,0.10342,0.28359,0.10360,0.10001,0.10189,0.10073,0.10299,0.10321,0.10394
688,6.01778,0.10307,0.10223,6.56377,0.10242,0.10355,0.12358,0.10370,0.10239,6.52458,0.29470,6.65013,5.68864,0.10174,0.10328,6.68103,0.10338,0.10348,0.10272,0.10388,0.10330,0.10427,0.10360,0.10000,0.10176,0.10080,0.10293,0.10327,0.10390
689,6.07515,0.10301,0.10216,6.71409,0.10229,0.10343,2.52654,0.10354,0.10225,6.64108,0.67164,6.67152,5.88324,0.10162,0.10315,6.74727,0.10325,0.10315,0.10247,0.11902,0.10321,0.12440,0.10339,0.09997,0.10159,0.10069,0.10280,0.10328,0.10381
690,6.33472,0.10300,0.10211,6.76802,0.10219,0.10328,5.12155,0.10336,0.10202,6.64254,4.99273,6.68206,6.18270,0.10171,0.10571,6.77931,0.51558,0.52084,0.10518,3.57969,0.10298,3.65201,0.10313,0.09998,0.10141,0.10055,0.10263,0.10326,0.10375
691,6.45984,0.10298,0.10203,6.77498,0.10214,0.10320,5.34706,0.10328,0.10192,6.66000,5.06850,6.70777,6.36233,0.10150,0.10721,6.72401,0.46765,0.52440,0.10749,3.17272,0.10281,3.30695,0.10299,0.09999,0.10128,0.10043,0.10255,0.10325,0.10372
692,6.49769,0.10297,0.10198,6.76307,0.10205,0.10315,4.97298,0.10320,0.10187,6.59727,3.76459,6.76528,6.44957,0.10116,0.10611,6.80091,0.28791,0.33655,0.10639,1.68579,0.10248,1.81935,0.10276,0.09999,0.10119,0.10034,0.10252,0.10323,0.10371
693,6.55026,0.10291,0.10187,6.76378,0.10200,0.10313,2.54155,0.10312,0.10182,6.59918,1.27995,6.76313,6.38846,0.10092,0.10347,6.80066,0.12777,0.14192,0.10350,0.33414,0.10209,0.38647,0.10259,0.09998,0.10115,0.10024,0.10251,0.10320,0.10366
694,6.62776,0.10283,0.10175,6.75532,0.10213,0.10317,5.92967,0.10290,0.10164,6.63187,5.08982,6.84014,6.58506,0.10151,0.12416,6.80034,0.61401,0.68968,0.12563,3.31674,0.10226,3.49446,0.10218,0.10001,0.10114,0.10022,0.10258,0.10317,0.10362
695,6.75409,0.10278,0.10172,6.77965,0.10226,0.10316,6.45109,0.10270,0.10160,6.70858,5.71675,6.89504,6.79580,0.10334,0.24305,6.78507,2.10450,2.43594,0.27054,4.99890,0.10412,5.13523,0.10206,0.10001,0.10129,0.10030,0.10266,0.10317,0.10362
696,6.74425,0.10267,0.10164,6.86289,0.10232,0.10318,2.31121,0.10287,0.10173,6.77197,1.72345,6.93218,6.63030,0.10168,0.11629,6.86962,0.24812,0.34429,0.12166,0.71267,0.10211,0.90610,0.10231,0.09996,0.10137,0.10027,0.10274,0.10309,0.10358
697,6.34556,0.10249,0.10160,6.98335,0.10241,0.10315,3.84412,0.10299,0.10148,6.82082,2.73722,6.96198,6.56538,0.10274,0.11529,7.27752,0.36091,0.37023,0.11924,1.55846,0.10222,1.59937,0.10241,0.09997,0.10122,0.10040,0.10254,0.10294,0.10342
698,6.48842,0.10233,0.10167,6.98748,0.10244,0.10313,6.85652,0.10276,0.10153,6.58497,6.45145,6.95232,6.89237,0.11183,0.57302,7.18482,4.14191,4.15028,0.53139,6.47308,0.10861,6.48616,0.10221,0.09999,0.10144,0.10057,0.10257,0.10286,0.10330
699,6.80765,0.10224,0.10162,6.94880,0.10238,0.10307,3.96269,0.10282,0.10174,6.70584,3.08849,6.93007,6.82774,0.10390,0.15737,7.01541,0.60740,0.75345,0.16842,1.68206,0.10324,1.94635,0.10225,0.09999,0.10135,0.10039,0.10268,0.10278,0.10325
700,6.55047,0.10216,0.10153,6.95651,0.10235,0.10298,2.37187,0.10287,0.10168,6.77070,1.52693,6.94075,6.64463,0.10306,0.11478,7.09727,0.20248,0.22680,0.12239,0.53263,0.10242,0.58539,0.10233,0.09996,0.10129,0.10031,0.10262,0.10271,0.10315
701,6.63089,0.10207,0.10157,6.96240,0.10243,0.10290,6.70050,0.10261,0.10149,6.71838,6.16853,6.97895,6.89418,0.12080,0.53530,7.05418,3.27209,3.20341,0.48924,5.75203,0.11660,5.76194,0.10256,0.10000,0.10196,0.10064,0.10254,0.10268,0.10302
702,6.78754,0.10205,0.10157,6.97173,0.10246,0.10283,3.33343,0.10270,0.10172,6.78931,2.70024,6.97167,6.78730,0.10695,0.16785,6.99474,0.59520,0.69040,0.18204,1.52725,0.10520,1.66135,0.10242,0.09999,0.10151,0.10046,0.10266,0.10264,0.10298
703,6.16187,0.10198,0.10147,7.00167,0.10232,0.10269,0.61274,0.10265,0.10161,6.85091,0.64659,6.94722,6.54342,0.10285,0.10752,7.19212,0.13757,0.16318,0.11626,0.20888,0.10239,0.23757,0.10237,0.09992,0.10116,0.10032,0.10247,0.10255,0.10280
704,6.01133,0.10183,0.10130,7.12905,0.10217,0.10252,4.39957,0.10245,0.10136,6.64891,1.97683,6.94781,6.85780,0.10329,0.10664,7.23567,0.13549,0.14809,0.11447,0.33215,0.10220,0.35008,0.10222,0.09993,0.10101,0.10028,0.10221,0.10241,0.10257
705,5.98583,0.10174,0.10117,7.12448,0.10186,0.10231,2.77658,0.10221,0.10124,6.53408,1.98772,6.96552,6.75594,0.10180,0.10399,7.04625,0.21825,0.22274,0.10602,1.02715,0.10199,1.05605,0.10206,0.09992,0.10092,0.10041,0.10195,0.10225,0.10232
706,6.16954,0.10164,0.10096,7.11969,0.10154,0.10204,6.84023,0.10177,0.10098,6.50581,6.55238,7.03110,6.96318,0.49365,3.25311,7.14604,6.18649,6.07187,2.95022,6.92383,0.51516,6.90635,0.10809,0.09995,0.10981,0.10138,0.10161,0.10201,0.10206
707,6.61232,0.10136,0.10079,7.11731,0.10140,0.10186,6.68628,0.10508,0.10217,6.52688,6.42008,6.98395,6.94684,1.76997,5.72098,7.16963,6.71349,6.70893,5.64619,6.65981,2.09612,6.65148,0.24160,0.09995,0.17632,0.12042,0.10155,0.10176,0.10186
708,6.79394,0.10123,0.10067,7.06601,0.10127,0.10181,6.55065,0.10620,0.10228,6.72139,6.20678,6.95232,6.89993,0.47825,2.49627,7.14761,4.81236,5.02387,2.52994,5.90767,0.63209,6.02416,0.16622,0.09999,0.12565,0.10507,0.10152,0.10164,0.10174
709,6.71891,0.10120,0.10060,7.01247,0.10120,0.10181,4.14535,0.10594,0.10168,6.79535,3.74019,6.95117,6.72766,0.17733,0.73166,7.13151,1.78804,2.07319,0.75700,2.79980,0.22293,3.07105,0.13400,0.09999,0.10972,0.10261,0.10152,0.10159,0.10172
710,6.10306,0.10110,0.10054,7.03146,0.10115,0.10173,1.44333,0.10300,0.10200,6.70587,1.45095,6.93435,6.45004,0.12144,0.23047,7.13941,0.48297,0.57063,0.24068,0.80425,0.14288,0.91067,0.11396,0.09998,0.10649,0.10100,0.10152,0.10153,0.10166
711,5.61787,0.10097,0.10051,7.05814,0.10121,0.10167,0.64464,0.10217,0.10232,6.42180,0.81996,6.94802,6.29616,0.11335,0.15623,7.19595,0.23917,0.28014,0.15800,0.36204,0.12376,0.40959,0.10623,0.09999,0.10442,0.10044,0.10167,0.10146,0.10159
712,5.34930,0.10088,0.10053,7.08756,0.10134,0.10161,0.66636,0.10186,0.10233,6.30454,0.55532,6.93688,6.08976,0.10994,0.12953,7.29449,0.15920,0.17449,0.13102,0.20271,0.11022,0.22111,0.10326,0.09999,0.10293,0.10038,0.10191,0.10142,0.10151
713,5.51457,0.10085,0.10051,7.09033,0.10138,0.10158,2.76729,0.10184,0.10220,5.89659,0.75409,6.92539,6.55004,0.10939,0.12731,7.35355,0.15635,0.16685,0.12948,0.20290,0.10922,0.21363,0.10317,0.09999,0.10256,0.10025,0.10197,0.10139,0.10146
714,5.98876,0.10082,0.10044,7.15399,0.10124,0.10157,0.18561,0.10176,0.10212,5.94576,0.39680,6.93006,6.15087,0.10460,0.11367,7.38815,0.12838,0.13250,0.11547,0.14241,0.10498,0.14766,0.10251,0.09999,0.10182,0.10018,0.10188,0.10136,0.10142
715,5.59731,0.10075,0.10038,7.27060,0.10122,0.10156,0.14228,0.10165,0.10195,6.19946,0.34407,6.95499,5.90192,0.10249,0.10642,7.39572,0.11361,0.11628,0.10821,0.12079,0.10287,0.12303,0.10197,0.09999,0.10130,0.10018,0.10188,0.10132,0.10137
716,5.53877,0.10070,0.10038,7.33181,0.10127,0.10154,0.44123,0.10155,0.10174,6.36304,0.30609,6.91691,5.74689,0.10149,0.10320,7.35835,0.10596,0.10782,0.10400,0.10923,0.10195,0.11084,0.10165,0.09999,0.10101,0.10025,0.10190,0.10129,0.10131
717,5.61142,0.10069,0.10040,7.34914,0.10138,0.10152,3.56667,0.10149,0.10149,6.48677,1.06037,6.90331,6.23776,0.10151,0.10320,7.26135,0.10613,0.10728,0.10381,0.12838,0.10186,0.13490,0.10155,0.10000,0.10087,0.10026,0.10188,0.10130,0.10127
718,5.64511,0.10071,0.10038,7.31848,0.10123,0.10155,0.17080,0.10148,0.10149,6.30293,0.27408,6.83356,6.35839,0.10094,0.10220,7.18737,0.10356,0.10424,0.10231,0.10518,0.10156,0.10586,0.10148,0.10000,0.10086,0.10032,0.10180,0.10130,0.10127
719,5.61110,0.10071,0.10031,7.23711,0.10097,0.10158,0.12355,0.10144,0.10142,6.14981,0.24665,6.71380,6.42141,0.10063,0.10159,7.08897,0.10217,0.10227,0.10137,0.10281,0.10135,0.10305,0.10136,0.09998,0.10082,0.10038,0.10160,0.10130,0.10123
720,5.85915,0.10064,0.10020,7.14980,0.10094,0.10150,3.85329,0.10135,0.10120,6.01839,0.91713,6.71067,6.74631,0.10062,0.10143,7.01372,0.10204,0.10204,0.10124,0.11779,0.10120,0.11931,0.10124,0.09998,0.10066,0.10027,0.10149,0.10126,0.10114
721,5.89161,0.10060,0.10016,7.08263,0.10095,0.10143,0.12559,0.10130,0.10106,4.98346,0.22811,6.58035,6.47880,0.10055,0.10111,6.97446,0.10131,0.10120,0.10082,0.10158,0.10111,0.10154,0.10118,0.09999,0.10059,0.10034,0.10138,0.10123,0.10109
722,5.46680,0.10055,0.10012,7.05537,0.10092,0.10134,0.81582,0.10122,0.10091,4.85329,0.21403,6.56296,6.52037,0.10047,0.10095,6.95087,0.10096,0.10076,0.10060,0.10115,0.10101,0.10117,0.10110,0.09997,0.10054,0.10029,0.10123,0.10119,0.10101
723,5.37642,0.10053,0.10011,7.04088,0.10086,0.10127,0.13934,0.10116,0.10080,5.07186,0.19790,6.59430,6.47488,0.10044,0.10090,6.94867,0.10086,0.10061,0.10054,0.10085,0.10098,0.10073,0.10104,0.09999,0.10050,0.10031,0.10112,0.10116,0.10096
724,5.32093,0.10062,0.10017,7.03214,0.10059,0.10120,0.10883,0.10113,0.10082,5.25620,0.18549,6.57331,6.36091,0.10037,0.10091,6.94591,0.10084,0.10052,0.10050,0.10078,0.10095,0.10061,0.10103,0.10000,0.10059,0.10044,0.10099,0.10118,0.10098
725,5.48777,0.10071,0.10022,7.02595,0.10050,0.10112,4.56853,0.10107,0.10077,5.29396,2.08733,6.56760,6.75679,0.10036,0.10085,6.92573,0.10352,0.10373,0.10048,0.46118,0.10089,0.52637,0.10097,0.09999,0.10057,0.10041,0.10082,0.10117,0.10100
726,5.82380,0.10078,0.10027,6.98529,0.10048,0.10103,6.99442,0.10100,0.10068,5.35472,6.19055,6.60191,6.94934,0.10035,0.10339,6.80443,0.47251,0.32657,0.10118,4.06002,0.10081,3.84583,0.10089,0.10000,0.10052,0.10034,0.10070,0.10115,0.10100
727,6.04736,0.10082,0.10030,6.84927,0.10047,0.10095,2.66151,0.10096,0.10061,5.14802,1.57413,6.48698,6.80173,0.10033,0.10121,6.61192,0.13989,0.12790,0.10068,0.53606,0.10078,0.46320,0.10091,0.09999,0.10052,0.10028,0.10062,0.10111,0.10100
728,5.91012,0.10083,0.10031,6.66390,0.10043,0.10084,3.47610,0.10087,0.10050,5.11109,1.37637,6.48149,6.70386,0.10023,0.10080,6.40906,0.10614,0.10557,0.10042,0.25526,0.10070,0.27759,0.10083,0.09997,0.10040,0.10014,0.10052,0.10103,0.10096
729,6.12498,0.10080,0.10028,6.48280,0.10033,0.10076,5.56522,0.10078,0.10039,5.27833,2.85592,6.38786,6.67100,0.10015,0.10091,6.23293,0.11717,0.11205,0.10055,0.54707,0.10058,0.53586,0.10072,0.09997,0.10025,0.10001,0.10047,0.10094,0.10091
730,6.31033,0.10076,0.10027,6.32685,0.10029,0.10076,1.29140,0.10078,0.10035,5.49231,0.53113,6.35929,6.31927,0.10019,0.10058,6.11331,0.10360,0.10276,0.10033,0.13243,0.10063,0.12397,0.10070,0.10000,0.10020,0.10002,0.10047,0.10090,0.10091
731,5.57862,0.10078,0.10034,6.24188,0.10034,0.10073,0.12449,0.10079,0.10037,5.81538,0.25204,6.36001,6.00021,0.10019,0.10058,6.06850,0.10053,0.10034,0.10025,0.10075,0.10065,0.10073,0.10072,0.10000,0.10023,0.10009,0.10043,0.10089,0.10093
732,5.58974,0.10080,0.10039,6.21955,0.10040,0.10068,0.32840,0.10076,0.10034,6.05491,0.24031,6.37230,6.12870,0.10018,0.10060,6.03918,0.10048,0.10026,0.10027,0.10053,0.10062,0.10046,0.10070,0.10000,0.10022,0.10010,0.10040,0.10086,0.10092
733,5.60103,0.10081,0.10042,6.19418,0.10046,0.10063,0.11308,0.10073,0.10032,6.00385,0.22320,6.35341,6.03693,0.10016,0.10061,6.02692,0.10050,0.10026,0.10027,0.10042,0.10058,0.10029,0.10069,0.10000,0.10023,0.10009,0.10040,0.10084,0.10092
734,5.55749,0.10079,0.10041,6.17976,0.10046,0.10057,0.66999,0.10067,0.10027,5.95157,0.21170,6.31652,5.98726,0.10010,0.10052,5.97372,0.10045,0.10019,0.10020,0.10044,0.10051,0.10046,0.10064,0.09998,0.10018,0.10002,0.10039,0.10079,0.10089
735,5.45178,0.10070,0.10030,6.16946,0.10036,0.10047,1.64872,0.10055,0.10015,5.83284,0.55599,6.32139,5.99279,0.09998,0.10033,5.98822,0.10031,0.10005,0.10002,0.11774,0.10039,0.12086,0.10052,0.09996,0.10006,0.09989,0.10030,0.10068,0.10078
736,5.59485,0.10055,0.10012,6.16208,0.10021,0.10035,5.81890,0.10040,0.09998,6.04083,4.56537,6.31721,6.13846,0.09984,0.10045,6.00770,0.22875,0.22618,0.10026,2.27521,0.10019,2.35862,0.10034,0.09995,0.09989,0.09973,0.10016,0.10054,0.10064
737,5.82135,0.10040,0.09995,6.14733,0.10004,0.10023,0.96701,0.10027,0.09985,6.01806,0.52381,6.27342,5.96741,0.09969,0.09998,5.99952,0.10206,0.10337,0.09970,0.14097,0.10010,0.14876,0.10022,0.09994,0.09976,0.09962,0.10003,0.10042,0.10050
738,5.82686,0.10024,0.09979,6.13999,0.09988,0.10013,0.37195,0.10016,0.09972,6.01223,0.24198,6.24190,5.72650,0.09960,0.09985,5.99211,0.09976,0.09957,0.09951,0.10035,0.10002,0.10052,0.10009,0.09995,0.09964,0.09955,0.09990,0.10029,0.10036
739,5.92264,0.10006,0.09959,6.12588,0.09969,0.10003,3.56186,0.10005,0.09956,6.07741,1.03760,6.22682,5.92618,0.09943,0.09964,6.01206,0.09965,0.09942,0.09930,0.12773,0.09984,0.12970,0.09995,0.09992,0.09952,0.09944,0.09977,0.10014,0.10022
740,6.13551,0.09986,0.09940,6.15942,0.09946,0.09987,4.70140,0.09988,0.09935,6.07683,3.40023,6.26518,5.98198,0.09932,0.14073,6.07287,0.95029,0.88990,0.13601,2.46390,0.09958,2.46176,0.09977,0.09992,0.09933,0.09927,0.09957,0.09993,0.10003
741,6.18487,0.09965,0.09926,6.19968,0.09932,0.09977,5.94916,0.09976,0.09919,6.06802,5.46949,6.32260,6.11891,0.11074,0.84408,6.10786,4.31544,4.19693,0.80329,5.58809,0.10153,5.56578,0.09959,0.09994,0.09918,0.09923,0.09945,0.09973,0.09986
742,6.19661,0.09948,0.09915,6.22609,0.09917,0.09964,5.94565,0.09961,0.09906,6.28519,5.45662,6.37117,6.15234,0.14072,0.76378,6.17499,3.20245,3.22063,0.80600,5.09764,0.11638,5.10739,0.09951,0.09995,0.09961,0.09931,0.09933,0.09957,0.09970
743,6.21471,0.09940,0.09912,6.28249,0.09908,0.09955,6.10504,0.09959,0.09919,6.31724,5.78200,6.45149,6.23276,0.30011,2.23410,6.21819,4.95430,4.85453,1.90917,5.85792,0.31922,5.86153,0.10609,0.09999,0.10483,0.09979,0.09931,0.09945,0.09961
744,6.21664,0.09940,0.09918,6.34520,0.09906,0.09952,3.92233,0.09961,0.09923,6.29013,3.40154,6.51584,6.24545,0.13478,0.50684,6.27161,1.54034,1.54212,0.50305,2.56308,0.13643,2.62827,0.10243,0.10000,0.10074,0.09974,0.09934,0.09942,0.09960
745,5.95172,0.09944,0.09924,6.39305,0.09912,0.09951,1.09369,0.09960,0.09931,6.30331,1.09004,6.55982,5.94223,0.10444,0.15401,6.41288,0.32168,0.38283,0.16768,0.56285,0.10597,0.62907,0.10082,0.10001,0.09986,0.09983,0.09930,0.09946,0.09963
746,5.47770,0.09947,0.09929,6.47162,0.09916,0.09952,0.33768,0.09966,0.09941,6.17428,0.52569,6.60248,5.71166,0.10074,0.11099,6.39511,0.14356,0.16031,0.11234,0.19500,0.10137,0.22125,0.10033,0.10001,0.09963,0.09990,0.09928,0.09951,0.09965
747,4.80272,0.09950,0.09933,6.54524,0.09920,0.09951,0.14505,0.09964,0.09948,5.88333,0.34890,6.60233,5.62803,0.09993,0.10202,6.44698,0.10643,0.10809,0.10155,0.11349,0.10018,0.11711,0.10012,0.10000,0.09960,0.09994,0.09927,0.09953,0.09965
748,4.95711,0.09954,0.09937,6.53396,0.09928,0.09950,0.11375,0.09963,0.09952,5.78067,0.29898,6.57199,5.37662,0.09982,0.10075,6.53803,0.10126,0.10122,0.10017,0.10247,0.09997,0.10304,0.09999,0.10001,0.09965,0.09998,0.09927,0.09955,0.09964
749,5.04660,0.09963,0.09947,6.45209,0.09940,0.09954,0.10790,0.09968,0.09958,5.92523,0.27612,6.55840,5.17912,0.09987,0.10033,6.57890,0.10043,0.10022,0.09999,0.10062,0.09999,0.10055,0.09987,0.10002,0.09975,0.10007,0.09933,0.09961,0.09968
750,5.05015,0.09974,0.09960,6.39810,0.09956,0.09961,0.10628,0.09975,0.09967,5.90635,0.25493,6.57351,5.11941,0.09998,0.10022,6.56601,0.10021,0.10014,0.10004,0.10027,0.09999,0.10022,0.09984,0.10003,0.09986,0.10017,0.09944,0.09969,0.09975
751,5.43652,0.09985,0.09973,6.42364,0.09971,0.09970,0.10643,0.09983,0.09977,6.10972,0.24202,6.59568,5.20010,0.10009,0.10023,6.59188,0.10026,0.10025,0.10015,0.10029,0.09999,0.10028,0.09988,0.10003,0.09997,0.10026,0.09956,0.09977,0.09983
752,5.43943,0.09992,0.09983,6.44791,0.09980,0.09976,0.20587,0.09989,0.09986,6.31719,0.23697,6.67923,5.69027,0.10019,0.10029,6.58427,0.10035,0.10037,0.10025,0.10037,0.10005,0.10038,0.09993,0.10003,0.10008,0.10030,0.09964,0.09982,0.09989
753,5.61311,0.09998,0.09991,6.56171,0.09988,0.09982,0.11547,0.09995,0.09993,6.34805,0.22858,6.75753,5.87216,0.10028,0.10033,6.50440,0.10043,0.10047,0.10034,0.10046,0.10011,0.10048,0.09998,0.10003,0.10016,0.10033,0.09972,0.09987,0.09995
754,5.73288,0.10005,0.10000,6.68970,0.09997,0.09988,0.10775,0.10001,0.09999,6.36711,0.21857,6.78384,5.95151,0.10034,0.10029,6.58577,0.10045,0.10051,0.10040,0.10052,0.10015,0.10055,0.10003,0.10004,0.10020,0.10037,0.09980,0.09993,0.10002
755,5.60364,0.10013,0.10009,6.81263,0.10005,0.09995,0.10853,0.10007,0.10007,6.42424,0.20990,6.83059,6.23596,0.10038,0.10032,6.69055,0.10043,0.10057,0.10047,0.10051,0.10019,0.10058,0.10010,0.10004,0.10024,0.10042,0.09989,0.09999,0.10010
756,5.46409,0.10022,0.10019,6.94256,0.10015,0.10003,0.10900,0.10015,0.10017,6.38776,0.20283,6.87179,6.42654,0.10043,0.10038,6.82546,0.10048,0.10066,0.10055,0.10055,0.10025,0.10066,0.10018,0.10006,0.10030,0.10048,0.09999,0.10006,0.10019
757,5.55729,0.10030,0.10029,7.01448,0.10025,0.10011,0.10872,0.10023,0.10028,6.37186,0.19724,6.89945,6.52197,0.10049,0.10045,7.09619,0.10056,0.10076,0.10062,0.10064,0.10033,0.10076,0.10026,0.10006,0.10037,0.10056,0.10010,0.10014,0.10027
758,5.73584,0.10039,0.10039,7.10506,0.10034,0.10019,0.10949,0.10031,0.10039,6.42065,0.19278,6.93565,6.62960,0.10057,0.10053,7.31293,0.10065,0.10086,0.10071,0.10073,0.10042,0.10087,0.10034,0.10006,0.10046,0.10062,0.10020,0.10021,0.10034
759,5.76430,0.10050,0.10051,7.18074,0.10045,0.10028,0.11168,0.10041,0.10052,6.31425,0.18787,6.98993,6.74306,0.10067,0.10065,7.32864,0.10076,0.10099,0.10082,0.10084,0.10053,0.10099,0.10042,0.10007,0.10056,0.10070,0.10032,0.10029,0.10044
760,5.88844,0.10061,0.10064,7.24487,0.10057,0.10038,0.11204,0.10052,0.10067,6.35329,0.18309,7.02514,6.79512,0.10079,0.10079,7.35564,0.10091,0.10117,0.10098,0.10100,0.10065,0.10117,0.10053,0.10007,0.10069,0.10078,0.10046,0.10039,0.10055
761,5.97993,0.10069,0.10072,7.33491,0.10064,0.10044,0.14522,0.10058,0.10076,6.51711,0.17688,7.07786,6.92695,0.10081,0.10081,7.36894,0.10093,0.10116,0.10099,0.10103,0.10069,0.10118,0.10058,0.10003,0.10075,0.10077,0.10054,0.10044,0.10061
762,6.42442,0.10067,0.10069,7.37093,0.10061,0.10042,0.42952,0.10054,0.10074,6.60850,0.17077,7.10729,7.12217,0.10069,0.10068,7.38770,0.10077,0.10091,0.10081,0.10090,0.10062,0.10096,0.10054,0.09997,0.10069,0.10060,0.10053,0.10042,0.10056
763,6.58359,0.10063,0.10063,7.39047,0.10055,0.10039,0.22085,0.10051,0.10070,6.42169,0.16341,7.12275,7.17136,0.10058,0.10058,7.40372,0.10064,0.10073,0.10068,0.10071,0.10057,0.10076,0.10052,0.09997,0.10063,0.10045,0.10050,0.10039,0.10051
764,6.72247,0.10060,0.10058,7.41020,0.10052,0.10038,4.79920,0.10049,0.10068,6.38271,0.41245,7.14004,7.33196,0.10053,0.10056,7.42448,0.10064,0.10070,0.10065,0.10300,0.10055,0.10434,0.10051,0.09998,0.10058,0.10035,0.10048,0.10037,0.10049
765,7.07857,0.10061,0.10059,7.42837,0.10052,0.10040,2.20126,0.10051,0.10068,6.47288,0.20523,7.18431,7.36658,0.10048,0.10057,7.43646,0.10063,0.10069,0.10065,0.10171,0.10056,0.10221,0.10053,0.10001,0.10057,0.10034,0.10049,0.10038,0.10049
766,7.15925,0.10065,0.10063,7.43825,0.10056,0.10044,0.94035,0.10054,0.10072,6.64854,0.17383,7.22768,7.32760,0.10048,0.10063,7.44599,0.10068,0.10077,0.10071,0.10123,0.10060,0.10141,0.10057,0.10002,0.10060,0.10037,0.10054,0.10041,0.10053
767,7.06598,0.10068,0.10065,7.44658,0.10058,0.10046,3.10531,0.10057,0.10074,6.55875,0.23513,7.20182,7.37457,0.10050,0.10067,7.45385,0.10073,0.10083,0.10075,0.10275,0.10061,0.10390,0.10060,0.10001,0.10059,0.10036,0.10056,0.10043,0.10056
768,7.10968,0.10066,0.10062,7.45150,0.10054,0.10044,1.04713,0.10054,0.10069,6.50808,0.16738,7.19897,7.27567,0.10040,0.10060,7.45887,0.10066,0.10074,0.10064,0.10135,0.10056,0.10167,0.10057,0.09997,0.10054,0.10027,0.10053,0.10042,0.10054
769,6.77540,0.10063,0.10057,7.45688,0.10049,0.10041,0.62898,0.10050,0.10062,6.46342,0.13978,7.21351,7.14532,0.10031,0.10050,7.46806,0.10055,0.10060,0.10049,0.10063,0.10050,0.10070,0.10053,0.09998,0.10047,0.10016,0.10050,0.10039,0.10052
770,6.37653,0.10062,0.10054,7.46339,0.10048,0.10040,0.11028,0.10049,0.10059,6.37991,0.13465,7.17694,7.12628,0.10028,0.10045,7.47840,0.10047,0.10049,0.10038,0.10051,0.10049,0.10053,0.10051,0.09999,0.10044,0.10013,0.10048,0.10039,0.10052
771,6.44390,0.10060,0.10048,7.46827,0.10044,0.10038,0.24111,0.10047,0.10055,6.37838,0.13291,7.19198,7.24557,0.10022,0.10041,7.48583,0.10040,0.10038,0.10030,0.10044,0.10046,0.10044,0.10049,0.09998,0.10038,0.10007,0.10045,0.10037,0.10050
772,6.78510,0.10055,0.10041,7.46626,0.10038,0.10034,1.02338,0.10042,0.10047,6.50271,0.15193,7.24692,7.28826,0.10012,0.10032,7.48329,0.10029,0.10022,0.10017,0.10043,0.10039,0.10050,0.10044,0.09997,0.10028,0.09998,0.10040,0.10034,0.10045
773,6.91503,0.10052,0.10037,7.46612,0.10033,0.10032,6.81398,0.10039,0.10040,6.63707,3.35643,7.26629,7.39586,0.10004,0.10021,7.48715,0.10196,0.10258,0.10008,0.47269,0.10029,0.56633,0.10038,0.09998,0.10017,0.09993,0.10037,0.10031,0.10041
774,7.12252,0.10052,0.10037,7.47053,0.10032,0.10032,1.72196,0.10038,0.10038,6.67654,0.44453,7.24149,7.34304,0.10000,0.10019,7.49252,0.10024,0.10026,0.10004,0.10848,0.10027,0.11173,0.10037,0.10000,0.10015,0.09996,0.10036,0.10031,0.10041
775,6.81913,0.10052,0.10037,7.47116,0.10031,0.10032,1.96223,0.10038,0.10037,6.88740,0.28678,7.24988,7.21683,0.10000,0.10020,7.49553,0.10015,0.10006,0.10004,0.10194,0.10027,0.10304,0.10037,0.10000,0.10014,0.09998,0.10036,0.10031,0.10042
776,6.80906,0.10047,0.10030,7.47578,0.10024,0.10028,2.52053,0.10033,0.10028,6.87937,0.47436,7.27742,7.31424,0.09993,0.10010,7.50302,0.10009,0.10000,0.09993,0.10512,0.10018,0.10728,0.10031,0.09997,0.10006,0.09992,0.10031,0.10027,0.10037
777,6.65330,0.10037,0.10016,7.48479,0.10012,0.10020,0.11237,0.10024,0.10016,6.68123,0.15209,7.22441,7.07233,0.09982,0.09998,7.51314,0.09991,0.09973,0.09978,0.09988,0.10010,0.09978,0.10023,0.09996,0.09997,0.09980,0.10021,0.10020,0.10028
778,6.39856,0.10032,0.10008,7.50250,0.10005,0.10016,1.32948,0.10019,0.10008,6.08923,0.15601,7.10430,7.25133,0.09975,0.09991,7.53478,0.09981,0.09962,0.09968,0.10008,0.10004,0.10016,0.10017,0.09998,0.09988,0.09976,0.10015,0.10016,0.10024
779,6.66172,0.10032,0.10009,7.52833,0.10005,0.10016,5.27088,0.10019,0.10004,5.91122,0.61851,7.08175,7.45487,0.09973,0.09985,7.55704,0.09977,0.09963,0.09964,0.10413,0.09999,0.10713,0.10014,0.10000,0.09984,0.09982,0.10014,0.10016,0.10024
780,6.99727,0.10031,0.10008,7.53344,0.10003,0.10015,1.10044,0.10017,0.10003,6.05329,0.16130,7.12128,7.39405,0.09972,0.09984,7.55747,0.09973,0.09955,0.09963,0.10007,0.09996,0.10033,0.10011,0.09999,0.09983,0.09986,0.10013,0.10015,0.10023
781,7.14958,0.10027,0.10003,7.52425,0.09997,0.10012,5.03800,0.10012,0.09995,6.53717,0.36954,7.22192,7.49561,0.09967,0.09972,7.55234,0.09963,0.09947,0.09953,0.10445,0.09987,0.10764,0.10001,0.09998,0.09977,0.09983,0.10008,0.10012,0.10019
782,7.20850,0.10023,0.09999,7.52120,0.09992,0.10008,0.33527,0.10007,0.09991,6.85480,0.14174,7.28345,7.23128,0.09967,0.09969,7.55026,0.09957,0.09938,0.09952,0.09968,0.09981,0.09966,0.09997,0.09999,0.09975,0.09982,0.10003,0.10008,0.10015
783,6.46613,0.10021,0.09997,7.51913,0.09990,0.10006,0.10784,0.10006,0.09990,6.85173,0.13077,7.25524,7.02509,0.09971,0.09971,7.54842,0.09962,0.09945,0.09959,0.09954,0.09982,0.09942,0.09998,0.09999,0.09977,0.09985,0.10001,0.10007,0.10014
784,5.97722,0.10020,0.09996,7.51774,0.09989,0.10006,0.10724,0.10005,0.09991,6.61684,0.12799,7.23104,6.98960,0.09976,0.09975,7.54537,0.09967,0.09955,0.09967,0.09961,0.09986,0.09952,0.09999,0.10000,0.09980,0.09989,0.10001,0.10006,0.10014
785,5.77291,0.10020,0.09997,7.51407,0.09990,0.10006,0.10681,0.10005,0.09993,6.33451,0.12590,7.19425,6.94287,0.09982,0.09980,7.54009,0.09973,0.09966,0.09975,0.09968,0.09992,0.09963,0.10001,0.10000,0.09984,0.09994,0.10001,0.10007,0.10015
786,5.72024,0.10021,0.09999,7.51322,0.09991,0.10007,0.10751,0.10006,0.09996,6.08753,0.12375,7.16322,7.03814,0.09990,0.09986,7.53560,0.09981,0.09977,0.09984,0.09977,0.09995,0.09973,0.10004,0.10001,0.09989,0.09997,0.10002,0.10008,0.10016
787,6.04936,0.10024,0.10003,7.51715,0.09995,0.10009,0.30699,0.10009,0.10000,6.04194,0.12245,7.15366,7.26628,0.09996,0.09992,7.52987,0.09988,0.09987,0.09992,0.09984,0.09997,0.09982,0.10007,0.10001,0.09995,0.10003,0.10005,0.10011,0.10020
788,6.73452,0.10027,0.10006,7.51785,0.09998,0.10011,3.12350,0.10010,0.10002,6.12094,0.12674,7.16327,7.48017,0.09999,0.09995,7.51955,0.09989,0.09990,0.09995,0.10008,0.09997,0.10019,0.10007,0.10000,0.09998,0.10004,0.10007,0.10012,0.10022
789,7.18928,0.10028,0.10009,7.51151,0.10000,0.10012,0.50098,0.10011,0.10004,6.38307,0.12092,7.21199,7.38389,0.10001,0.09997,7.51241,0.09992,0.09994,0.09997,0.09991,0.09998,0.09992,0.10007,0.10000,0.10000,0.10005,0.10007,0.10013,0.10023
790,6.98805,0.10027,0.10009,7.50355,0.10000,0.10011,0.22189,0.10011,0.10003,6.72041,0.11874,7.26993,7.32464,0.09999,0.09997,7.50846,0.09992,0.09992,0.09997,0.09989,0.09997,0.09990,0.10005,0.09999,0.09999,0.10002,0.10006,0.10012,0.10021
791,6.92116,0.10025,0.10007,7.49999,0.09999,0.10010,0.11862,0.10009,0.10002,6.80884,0.11755,7.28045,7.24388,0.09997,0.09995,7.50467,0.09990,0.09989,0.09995,0.09987,0.09996,0.09987,0.10003,0.10000,0.09998,0.09998,0.10005,0.10010,0.10017
792,6.45892,0.10026,0.10009,7.49691,0.10000,0.10010,0.10746,0.10010,0.10003,6.85011,0.11613,7.27136,7.05555,0.09998,0.09996,7.50170,0.09994,0.09995,0.09997,0.09992,0.09997,0.09992,0.10003,0.10000,0.09999,0.10000,0.10006,0.10011,0.10019
793,6.15775,0.10028,0.10011,7.49461,0.10002,0.10011,0.10913,0.10011,0.10006,6.64604,0.11514,7.25453,7.13735,0.10000,0.09998,7.50097,0.09998,0.09999,0.10000,0.09997,0.09998,0.09998,0.10004,0.10001,0.10001,0.10002,0.10008,0.10012,0.10021
794,6.41695,0.10029,0.10012,7.49111,0.10003,0.10012,0.37321,0.10011,0.10007,6.49911,0.11458,7.27283,7.30466,0.10001,0.10000,7.49914,0.10000,0.10001,0.10001,0.09999,0.09999,0.10000,0.10003,0.10000,0.10002,0.10002,0.10009,0.10013,0.10022
795,6.84682,0.10029,0.10012,7.48647,0.10003,0.10012,0.41471,0.10009,0.10007,6.57651,0.11392,7.30191,7.29975,0.10000,0.09999,7.49727,0.09999,0.10000,0.10000,0.09999,0.09999,0.10001,0.10003,0.10000,0.10002,0.10001,0.10008,0.10012,0.10021
796,6.59324,0.10030,0.10012,7.47954,0.10004,0.10012,0.10616,0.10010,0.10007,6.77982,0.11248,7.31423,6.88595,0.10001,0.09999,7.49407,0.10000,0.10001,0.10000,0.10000,0.10000,0.10000,0.10004,0.10000,0.10003,0.10001,0.10008,0.10013,0.10022
797,5.77368,0.10031,0.10014,7.47440,0.10006,0.10013,0.10631,0.10012,0.10008,6.66494,0.11130,7.19932,6.77361,0.10003,0.10002,7.49360,0.10001,0.10002,0.10002,0.10001,0.10004,0.10002,0.10008,0.10000,0.10004,0.10003,0.10010,0.10014,0.10025
798,5.69375,0.10033,0.10017,7.48031,0.10007,0.10014,0.10814,0.10012,0.10009,6.29742,0.11057,7.16214,7.02891,0.10005,0.10004,7.50482,0.10003,0.10004,0.10004,0.10003,0.10007,0.10004,0.10011,0.10000,0.10006,0.10005,0.10011,0.10015,0.10027
799,5.78262,0.10035,0.10020,7.48801,0.10010,0.10015,0.32788,0.10013,0.10011,6.01585,0.10981,7.07790,7.03445,0.10008,0.10009,7.50811,0.10007,0.10008,0.10008,0.10006,0.10012,0.10007,0.10013,0.10001,0.10009,0.10007,0.10013,0.10017,0.10029
800,6.23363,0.10036,0.10024,7.49413,0.10012,0.10016,6.66804,0.10014,0.10012,6.07679,4.13902,7.16615,7.38250,0.10011,0.10180,7.50703,0.34856,0.33822,0.10177,2.28864,0.10013,2.36845,0.10014,0.10001,0.10010,0.10008,0.10013,0.10018,0.10030
801,7.08544,0.10036,0.10029,7.48631,0.10015,0.10016,7.41094,0.10015,0.10013,6.45383,6.53428,7.28230,7.46638,0.10015,0.12759,7.50420,1.57182,1.49699,0.12707,5.69350,0.10014,5.60208,0.10014,0.10001,0.10011,0.10008,0.10014,0.10019,0.10031
802,7.38025,0.10037,0.10034,7.47844,0.10019,0.10017,6.13873,0.10017,0.10015,7.04119,3.80595,7.31409,7.45751,0.10022,0.10371,7.50203,0.26383,0.32843,0.10749,1.55669,0.10016,1.53479,0.10016,0.10001,0.10013,0.10009,0.10015,0.10021,0.10033
803,7.41948,0.10039,0.10038,7.48626,0.10021,0.10019,4.70165,0.10019,0.10016,7.26635,2.37535,7.34289,7.43371,0.10036,0.10255,7.50678,0.18504,0.22157,0.10802,0.82685,0.10018,0.82511,0.10018,0.10000,0.10015,0.10010,0.10017,0.10022,0.10034
804,7.30106,0.10031,0.10030,7.49332,0.10011,0.10014,3.79190,0.10013,0.10006,6.86678,2.60331,7.29322,7.27137,0.10088,0.11494,7.50069,0.45834,0.45918,0.11807,1.67838,0.10023,1.70570,0.10011,0.09995,0.10006,0.09996,0.10009,0.10016,0.10025
805,7.19702,0.10023,0.10019,7.49424,0.10002,0.10010,7.38309,0.10008,0.09998,6.69596,6.78965,7.33719,7.42583,0.19853,1.84806,7.49615,5.77862,5.61208,1.80673,7.03538,0.14384,7.02117,0.10013,0.09999,0.10122,0.10062,0.10002,0.10011,0.10017
806,7.31415,0.10018,0.10012,7.48835,0.09998,0.10008,7.41462,0.10007,0.10015,7.10149,6.99214,7.35121,7.45254,0.39322,2.67690,7.49620,6.34087,6.35374,2.77899,7.25223,0.21597,7.24684,0.10057,0.09999,0.10616,0.10297,0.10001,0.10008,0.10012
807,7.37723,0.10010,0.10005,7.49138,0.09990,0.10002,7.13713,0.10004,0.10040,7.16973,6.56590,7.37310,7.46133,0.39342,1.73948,7.48530,4.62176,4.98851,2.14637,6.16549,0.18849,6.32559,0.10071,0.09997,0.10857,0.10541,0.09996,0.10001,0.10006
808,7.34026,0.10001,0.09995,7.48399,0.09980,0.09994,4.89686,0.09998,0.10051,7.17532,4.09672,7.32275,7.39207,0.18202,0.37242,7.47670,1.46952,2.09637,0.75698,2.85100,0.11216,3.27660,0.10039,0.09995,0.10438,0.10241,0.09989,0.09994,0.09999
809,7.22484,0.09994,0.09988,7.47509,0.09974,0.09990,4.70305,0.10004,0.10101,6.94408,3.36585,7.27482,7.34673,0.19514,0.31256,7.47239,1.11020,1.49767,0.60722,2.23553,0.11545,2.42153,0.10060,0.09998,0.10526,0.10233,0.09997,0.09987,0.09993
810,6.81045,0.09993,0.09989,7.46924,0.09974,0.09990,1.04705,0.10003,0.10099,6.50846,1.07413,7.16996,6.91036,0.12150,0.13683,7.46850,0.26493,0.49717,0.23968,0.48266,0.10354,0.68516,0.10046,0.10000,0.10257,0.10063,0.10000,0.09986,0.09992
811,6.16563,0.09991,0.09990,7.46489,0.09976,0.09991,1.19049,0.10005,0.10095,6.48474,0.63493,7.11508,7.06240,0.10966,0.11529,7.46437,0.15978,0.26781,0.15912,0.24798,0.10199,0.33210,0.10049,0.09999,0.10161,0.10021,0.10001,0.09984,0.09988
812,6.13313,0.09986,0.09988,7.46219,0.09975,0.09988,1.08408,0.10004,0.10084,6.53040,0.52852,7.12857,7.16651,0.10671,0.11059,7.46208,0.14190,0.21461,0.13875,0.19946,0.10172,0.25956,0.10050,0.09998,0.10114,0.10005,0.09996,0.09980,0.09980
813,6.43238,0.09970,0.09968,7.46148,0.09959,0.09977,2.83208,0.09996,0.10062,6.47882,1.00282,7.18077,7.29406,0.10727,0.11096,7.46141,0.14345,0.19949,0.13829,0.23290,0.10174,0.27447,0.10047,0.09994,0.10093,0.09989,0.09992,0.09969,0.09966
814,6.89620,0.09934,0.09923,7.45768,0.09924,0.09949,7.32223,0.09986,0.10012,6.67023,6.32046,7.21617,7.37500,0.11268,0.13354,7.45726,0.53283,0.61357,0.16206,3.74913,0.10471,3.94734,0.10059,0.09989,0.10105,0.09973,0.09962,0.09942,0.09936
815,6.96579,0.09906,0.09891,7.45257,0.09894,0.09929,6.68231,0.09974,0.09976,6.87672,4.92292,7.22140,7.31116,0.10844,0.13035,7.45467,0.35034,0.41730,0.14951,2.00083,0.10436,2.22736,0.10058,0.09995,0.10044,0.09947,0.09926,0.09920,0.09910
816,6.91736,0.09897,0.09885,7.45581,0.09886,0.09923,1.49959,0.09966,0.09963,6.92717,0.98319,7.26662,7.15136,0.10331,0.11247,7.45982,0.14763,0.17778,0.12343,0.27371,0.10202,0.32648,0.10040,0.09999,0.10009,0.09956,0.09916,0.09914,0.09903
817,6.42845,0.09896,0.09889,7.46063,0.09886,0.09922,0.22271,0.09963,0.09957,6.95620,0.44303,7.29164,6.91758,0.10109,0.10471,7.46437,0.11597,0.13058,0.10973,0.13280,0.10096,0.14779,0.10022,0.10000,0.09995,0.09970,0.09915,0.09913,0.09902
818,5.83623,0.09899,0.09896,7.46432,0.09890,0.09925,0.14583,0.09960,0.09954,6.80735,0.37002,7.27286,6.78947,0.10033,0.10188,7.46795,0.10609,0.11294,0.10364,0.11273,0.10050,0.12007,0.10007,0.10001,0.09987,0.09981,0.09915,0.09915,0.09903
819,5.32383,0.09899,0.09902,7.46656,0.09893,0.09925,0.12298,0.09954,0.09954,6.41358,0.32844,7.23553,6.73880,0.10005,0.10071,7.46994,0.10196,0.10419,0.10110,0.10417,0.10021,0.10683,0.09992,0.10000,0.09981,0.09988,0.09915,0.09916,0.09904
820,5.36675,0.09901,0.09908,7.46779,0.09899,0.09927,0.13386,0.09952,0.09960,6.06849,0.30721,7.20658,6.75025,0.10000,0.10040,7.47148,0.10097,0.10198,0.10056,0.10195,0.10009,0.10316,0.09980,0.10001,0.09980,0.09995,0.09919,0.09917,0.09906
821,5.92571,0.09904,0.09916,7.46794,0.09907,0.09931,0.11540,0.09950,0.09966,6.03863,0.28755,7.16843,6.68666,0.09999,0.10026,7.47286,0.10060,0.10119,0.10035,0.10110,0.10000,0.10176,0.09971,0.10001,0.09979,0.10000,0.09925,0.09920,0.09910
822,5.89190,0.09908,0.09925,7.46512,0.09916,0.09934,0.11002,0.09951,0.09971,6.24598,0.27152,7.15684,6.59262,0.09996,0.10014,7.47242,0.10036,0.10064,0.10021,0.10062,0.09988,0.10093,0.09963,0.10001,0.09980,0.10005,0.09931,0.09921,0.09913
823,5.93560,0.09911,0.09932,7.46003,0.09920,0.09936,0.40971,0.09952,0.09975,6.30571,0.26104,7.14047,6.29956,0.09994,0.10000,7.47208,0.10019,0.10031,0.10009,0.10052,0.09978,0.10087,0.09961,0.10001,0.09984,0.10008,0.09934,0.09924,0.09916
824,6.34894,0.09916,0.09940,7.44169,0.09928,0.09940,2.66790,0.09953,0.09981,6.38687,1.05024,7.15949,6.64553,0.10000,0.10008,7.47080,0.10049,0.10084,0.10017,0.14853,0.09985,0.16322,0.09965,0.10001,0.09989,0.10010,0.09940,0.09928,0.09921
825,6.34019,0.09922,0.09948,7.36855,0.09934,0.09942,0.13740,0.09954,0.09983,6.56545,0.24123,7.13898,6.23138,0.10001,0.09999,7.46721,0.10015,0.10028,0.10011,0.10033,0.09980,0.10049,0.09964,0.10002,0.09990,0.10014,0.09942,0.09932,0.09927
826,6.15968,0.09927,0.09954,7.30979,0.09936,0.09943,0.10679,0.09957,0.09983,6.55031,0.21837,7.08073,5.83206,0.10002,0.09990,7.46683,0.10003,0.10016,0.10007,0.10012,0.09976,0.10020,0.09966,0.10001,0.09998,0.10016,0.09945,0.09935,0.09932
827,6.33644,0.09922,0.09948,7.34708,0.09931,0.09939,0.10741,0.09953,0.09977,6.54763,0.20952,7.05901,5.97889,0.09992,0.09973,7.46353,0.09984,0.09994,0.09990,0.09995,0.09968,0.10002,0.09961,0.09996,0.09994,0.10002,0.09941,0.09930,0.09928
828,6.31036,0.09901,0.09924,7.35235,0.09911,0.09922,0.89365,0.09935,0.09958,6.58837,0.24182,7.06195,6.26971,0.09962,0.09940,7.45929,0.09944,0.09945,0.09949,0.09992,0.09945,0.10011,0.09945,0.09989,0.09971,0.09969,0.09926,0.09912,0.09907
829,6.03299,0.09885,0.09906,7.37982,0.09898,0.09911,4.20124,0.09923,0.09946,6.59924,0.92700,7.08518,6.71830,0.09942,0.09922,7.46151,0.09932,0.09929,0.09924,0.11470,0.09931,0.11578,0.09934,0.09995,0.09953,0.09953,0.09919,0.09899,0.09893
830,6.24365,0.09886,0.09906,7.40386,0.09902,0.09913,3.92553,0.09924,0.09949,6.49876,0.80770,7.11235,6.97952,0.09944,0.09925,7.46628,0.09940,0.09939,0.09927,0.12482,0.09934,0.13852,0.09936,0.10001,0.09953,0.09964,0.09920,0.09900,0.09893
831,6.51647,0.09888,0.09910,7.42850,0.09906,0.09914,0.23171,0.09926,0.09946,6.45902,0.20451,7.12550,6.70082,0.09956,0.09934,7.46885,0.09930,0.09932,0.09940,0.09951,0.09941,0.09959,0.09937,0.10001,0.09956,0.09974,0.09915,0.09902,0.09894
832,5.89712,0.09889,0.09909,7.44767,0.09912,0.09915,0.10787,0.09925,0.09941,6.60261,0.18054,7.11930,6.56061,0.09961,0.09940,7.46843,0.09935,0.09938,0.09948,0.09932,0.09943,0.09933,0.09935,0.09999,0.09957,0.09978,0.09912,0.09903,0.09894
833,5.50552,0.09885,0.09902,7.45515,0.09911,0.09913,0.10875,0.09921,0.09933,6.49371,0.17227,7.10861,6.56345,0.09960,0.09939,7.46673,0.09935,0.09938,0.09948,0.09932,0.09938,0.09933,0.09930,0.09997,0.09953,0.09970,0.09908,0.09900,0.09891
834,5.26560,0.09878,0.09891,7.45720,0.09906,0.09909,1.31428,0.09916,0.09931,6.39341,0.22874,7.05150,6.90335,0.09954,0.09935,7.46573,0.09934,0.09937,0.09943,0.09988,0.09933,0.10017,0.09925,0.09998,0.09950,0.09961,0.09910,0.09896,0.09886
835,5.73733,0.09876,0.09890,7.45972,0.09904,0.09909,7.21560,0.09916,0.09935,6.10169,5.75535,7.05138,7.19524,0.10013,0.22684,7.46669,1.68548,1.61277,0.20527,4.21605,0.09957,4.28144,0.09927,0.10000,0.09950,0.09969,0.09916,0.09895,0.09884
836,6.68643,0.09882,0.09903,7.43578,0.09911,0.09912,7.33358,0.09928,0.09947,6.28119,6.79989,7.10909,7.22189,0.19471,2.76186,7.46890,6.87974,6.79276,2.51074,7.25230,0.17098,7.24467,0.09952,0.10003,0.09984,0.09990,0.09923,0.09899,0.09890
837,6.96169,0.09888,0.09916,7.27304,0.09920,0.09913,6.72024,0.09929,0.09952,6.78730,5.92883,7.07683,7.06632,0.14132,0.90476,7.44981,3.39121,3.81609,1.02915,5.24353,0.11711,5.53784,0.09947,0.10002,0.09978,0.10004,0.09926,0.09902,0.09895
838,6.83304,0.09893,0.09922,7.22360,0.09926,0.09917,2.39413,0.09929,0.09953,6.90833,1.78901,7.07420,6.80518,0.10292,0.14150,7.44366,0.40554,0.57028,0.18420,0.91192,0.10018,1.12618,0.09944,0.10002,0.09976,0.10002,0.09930,0.09906,0.09900
839,6.61109,0.09895,0.09924,7.27806,0.09927,0.09921,5.56498,0.09934,0.09957,6.88307,2.86237,7.09392,6.94326,0.10424,0.15935,7.46316,0.43615,0.52326,0.18636,1.05835,0.10170,1.14749,0.09952,0.10001,0.09984,0.10001,0.09931,0.09908,0.09902
840,6.81769,0.09898,0.09929,7.30051,0.09926,0.09923,3.03293,0.09938,0.09961,6.79837,1.49273,7.12319,6.96052,0.10275,0.14304,7.46697,0.31323,0.39051,0.15708,0.64991,0.10161,0.73809,0.09960,0.10001,0.09980,0.10001,0.09931,0.09909,0.09904
841,6.91986,0.09901,0.09934,7.27720,0.09923,0.09924,1.47500,0.09941,0.09965,6.86227,1.00533,7.12622,6.87597,0.10165,0.13156,7.46677,0.23849,0.30426,0.13518,0.43761,0.10157,0.53678,0.09965,0.10001,0.09976,0.10001,0.09930,0.09911,0.09906
842,6.95650,0.09901,0.09935,7.27816,0.09921,0.09924,0.73346,0.09943,0.09965,6.92015,0.68550,7.13134,6.65821,0.10088,0.12028,7.46831,0.18540,0.21018,0.11818,0.29217,0.10122,0.36363,0.09967,0.10000,0.09976,0.10001,0.09927,0.09911,0.09906
843,6.95628,0.09905,0.09941,7.33572,0.09924,0.09926,1.88565,0.09947,0.09969,6.94810,0.66781,7.14979,6.70291,0.10095,0.12043,7.46980,0.17646,0.21290,0.11799,0.28773,0.10156,0.34051,0.09978,0.10002,0.09980,0.10005,0.09929,0.09914,0.09908
844,6.95005,0.09916,0.09954,7.34458,0.09930,0.09933,1.37250,0.09955,0.09981,6.96487,0.57012,7.14024,6.61225,0.10091,0.11787,7.47030,0.16127,0.18651,0.11411,0.24174,0.10223,0.28347,0.09995,0.10007,0.09984,0.10012,0.09937,0.09922,0.09918
845,6.88148,0.09929,0.09964,7.29485,0.09933,0.09939,0.20152,0.09957,0.09991,6.94459,0.32809,7.09703,6.06529,0.10034,0.10491,7.46708,0.11693,0.11676,0.10331,0.13451,0.10079,0.14039,0.09990,0.10005,0.09987,0.10018,0.09943,0.09930,0.09929
846,6.70720,0.09938,0.09969,7.29934,0.09936,0.09943,0.13451,0.09957,0.09997,6.91285,0.27056,7.07253,5.71020,0.10017,0.10183,7.46908,0.10522,0.10486,0.10129,0.11033,0.10015,0.11062,0.09989,0.10004,0.09995,0.10021,0.09946,0.09935,0.09937
847,6.14993,0.09944,0.09972,7.36269,0.09937,0.09945,0.12014,0.09957,0.09999,6.89803,0.24906,7.05194,5.85062,0.10012,0.10089,7.47164,0.10241,0.10228,0.10071,0.10432,0.09997,0.10439,0.09987,0.10002,0.10002,0.10022,0.09947,0.09939,0.09943
848,5.27010,0.09951,0.09975,7.40962,0.09941,0.09948,0.15993,0.09959,0.10002,6.50984,0.23881,7.05477,6.37451,0.10015,0.10052,7.47273,0.10157,0.10157,0.10056,0.10269,0.09994,0.10272,0.09989,0.10002,0.10009,0.10025,0.09950,0.09942,0.09949
849,5.81553,0.09960,0.09981,7.38414,0.09950,0.09953,0.12503,0.09964,0.10007,5.99038,0.22809,7.04318,6.46596,0.10022,0.10035,7.47302,0.10112,0.10136,0.10055,0.10197,0.09998,0.10211,0.09987,0.10004,0.10014,0.10029,0.09958,0.09945,0.09956
850,6.48430,0.09968,0.09990,7.29847,0.09961,0.09958,0.48330,0.09971,0.10015,6.22691,0.21830,7.04230,6.27784,0.10028,0.10028,7.47265,0.10083,0.10113,0.10054,0.10151,0.10003,0.10184,0.09988,0.10005,0.10020,0.10036,0.09966,0.09949,0.09964
851,6.72194,0.09977,0.10005,7.29621,0.09975,0.09966,2.09624,0.09983,0.10025,6.53802,1.05114,7.07125,6.33749,0.10042,0.10047,7.47236,0.10595,0.10713,0.10074,0.33333,0.10016,0.35916,0.09997,0.10007,0.10032,0.10045,0.09977,0.09955,0.09972
852,6.77676,0.09996,0.10024,7.06749,0.09996,0.09980,5.94331,0.09998,0.10041,6.71094,4.79971,7.04336,6.63460,0.10071,0.10281,7.35252,0.39296,0.51382,0.10490,2.92459,0.10045,3.16474,0.10015,0.10010,0.10043,0.10060,0.09994,0.09970,0.09988
853,6.78154,0.10013,0.10035,6.94711,0.10009,0.09988,3.40968,0.10006,0.10048,6.81229,2.07832,7.03420,6.80533,0.10073,0.10155,7.07385,0.13459,0.22566,0.10363,0.65245,0.10046,0.91164,0.10017,0.10008,0.10047,0.10067,0.10002,0.09981,0.10003
854,6.52023,0.10022,0.10041,6.97427,0.10016,0.09992,2.38540,0.10013,0.10052,6.82267,1.08965,7.05454,6.71662,0.10069,0.10095,7.00081,0.10681,0.11318,0.10166,0.21913,0.10040,0.24973,0.10020,0.10005,0.10051,0.10065,0.10007,0.09988,0.10013
855,6.59175,0.10032,0.10050,7.00599,0.10023,0.10000,6.47652,0.10022,0.10059,6.72583,5.26713,7.08683,6.98406,0.10100,0.10293,6.99820,0.20055,0.26278,0.10653,2.28356,0.10059,2.58921,0.10030,0.10007,0.10057,0.10068,0.10019,0.09997,0.10023
856,6.89624,0.10044,0.10057,7.06570,0.10032,0.10006,3.97007,0.10027,0.10064,6.76438,2.47586,7.12865,7.01236,0.10103,0.10193,7.02370,0.12854,0.19363,0.10613,0.70528,0.10055,0.93249,0.10034,0.10006,0.10061,0.10072,0.10025,0.10006,0.10033
857,6.56958,0.10043,0.10052,7.10488,0.10028,0.10004,0.31376,0.10023,0.10057,6.90741,0.35773,7.13512,6.68522,0.10068,0.10076,7.05305,0.10230,0.10690,0.10156,0.10832,0.10041,0.11752,0.10031,0.09998,0.10059,0.10059,0.10023,0.10006,0.10029
858,6.29527,0.10028,0.10038,7.10219,0.10014,0.09997,0.26515,0.10014,0.10044,6.93697,0.30095,7.10188,6.59346,0.10052,0.10051,7.09060,0.10131,0.10269,0.10093,0.10375,0.10032,0.10588,0.10024,0.09994,0.10051,0.10033,0.10015,0.09997,0.10012
859,5.71511,0.10012,0.10020,7.10966,0.09999,0.09989,0.23320,0.10003,0.10029,6.67346,0.26362,7.06057,6.65705,0.10033,0.10024,7.08014,0.10046,0.10090,0.10045,0.10095,0.10020,0.10149,0.10015,0.09991,0.10036,0.10012,0.10003,0.09987,0.09997
860,5.80745,0.09997,0.10006,7.10127,0.09988,0.09985,2.56869,0.09997,0.10020,6.41205,0.29272,7.02832,6.96956,0.10018,0.10012,7.07457,0.10032,0.10056,0.10025,0.10271,0.10012,0.10465,0.10009,0.09995,0.10022,0.09998,0.09994,0.09979,0.09983
861,6.34969,0.09986,0.09997,7.09157,0.09984,0.09982,0.57907,0.09991,0.10012,6.28756,0.23547,7.02470,6.89486,0.10009,0.10007,7.07686,0.10017,0.10031,0.10015,0.10069,0.10008,0.10097,0.10003,0.09995,0.10012,0.09994,0.09988,0.09974,0.09971
862,6.38366,0.09979,0.09991,7.07327,0.09981,0.09981,1.39861,0.09986,0.10005,6.41119,0.23505,7.00876,6.95046,0.10000,0.10003,7.07779,0.10009,0.10017,0.10006,0.10079,0.10003,0.10150,0.09996,0.09998,0.10003,0.09990,0.09984,0.09970,0.09963
863,6.71294,0.09970,0.09980,7.05981,0.09975,0.09981,6.79347,0.09987,0.10005,6.52224,3.01362,7.01547,7.07482,0.10004,0.10008,7.07135,0.10192,0.10156,0.10012,0.39879,0.10006,0.43174,0.09997,0.10000,0.10002,0.09995,0.09984,0.09968,0.09960
864,6.96426,0.09964,0.09971,7.06122,0.09972,0.09983,6.24296,0.09987,0.10008,6.69021,2.96280,7.04084,7.07073,0.10010,0.10018,7.18189,0.10676,0.10584,0.10022,0.49274,0.10009,0.52894,0.09998,0.10002,0.10004,0.10002,0.09990,0.09968,0.09960
865,7.05800,0.09967,0.09976,7.08935,0.09979,0.09986,7.05681,0.09993,0.10011,6.90145,6.17551,7.06053,7.06626,0.10026,0.12655,7.15841,1.09746,1.21973,0.13218,4.60994,0.10021,4.77184,0.10004,0.10004,0.10010,0.10010,0.09999,0.09972,0.09965
866,7.02713,0.09976,0.09987,7.12013,0.09993,0.09991,7.01632,0.10003,0.10019,7.02881,6.40850,7.06242,7.07243,0.10080,0.19530,7.12002,1.89369,2.94954,0.28067,5.55222,0.10068,6.06686,0.10016,0.10007,0.10020,0.10023,0.10005,0.09978,0.09974
867,6.96840,0.09981,0.09991,7.14307,0.09999,0.09992,5.83209,0.10005,0.10020,6.93629,4.05960,7.06231,7.06256,0.10062,0.12475,7.13657,0.38160,1.01173,0.15251,1.60159,0.10055,2.66137,0.10017,0.10003,0.10023,0.10026,0.10002,0.09981,0.09978
868,6.97278,0.09979,0.09988,7.13682,0.09995,0.09987,2.46166,0.10000,0.10015,6.91998,1.57478,7.06932,6.89104,0.10044,0.10742,7.14508,0.18089,0.38704,0.11361,0.47699,0.10043,0.93871,0.10012,0.10000,0.10018,0.10020,0.09996,0.09979,0.09974
869,6.96569,0.09973,0.09982,7.10535,0.09986,0.09980,0.65083,0.09992,0.10005,6.93516,0.64751,7.06066,6.47704,0.10023,0.10169,7.14906,0.11831,0.14739,0.10260,0.18798,0.10021,0.28257,0.10004,0.09997,0.10011,0.10007,0.09988,0.09974,0.09967
870,6.90069,0.09973,0.09982,7.09311,0.09982,0.09978,0.22314,0.09988,0.09999,6.94715,0.38298,7.03989,6.10490,0.10009,0.10048,7.16633,0.10334,0.10622,0.10066,0.11464,0.10008,0.12440,0.10000,0.09996,0.10006,0.09999,0.09985,0.09974,0.09967
871,6.65583,0.09973,0.09981,7.09861,0.09980,0.09977,0.14861,0.09987,0.09996,6.93366,0.32282,7.02614,6.00349,0.10005,0.10024,7.19327,0.10113,0.10207,0.10034,0.10428,0.10004,0.10654,0.09998,0.09999,0.10003,0.09996,0.09983,0.09974,0.09968
872,6.21192,0.09975,0.09985,7.10015,0.09983,0.09979,0.11735,0.09990,0.09999,6.84614,0.28880,6.99872,5.88915,0.10008,0.10016,7.20975,0.10044,0.10072,0.10022,0.10109,0.10006,0.10157,0.10000,0.10003,0.10006,0.10004,0.09984,0.09976,0.09972
873,5.80222,0.09983,0.09994,7.11830,0.09989,0.09984,0.11280,0.09995,0.10007,6.70923,0.26449,6.94241,5.89208,0.10018,0.10021,7.25391,0.10033,0.10047,0.10027,0.10048,0.10014,0.10062,0.10006,0.10006,0.10013,0.10019,0.09990,0.09981,0.09982
874,5.62562,0.09994,0.10005,7.17394,0.09996,0.09992,0.38734,0.10004,0.10018,6.63229,0.24783,6.88368,6.27724,0.10035,0.10035,7.33753,0.10046,0.10058,0.10043,0.10057,0.10026,0.10074,0.10017,0.10006,0.10023,0.10034,0.09999,0.09989,0.09996
875,5.75618,0.10002,0.10013,7.24507,0.10002,0.10001,5.26522,0.10014,0.10028,6.58697,2.49326,6.92514,6.85165,0.10051,0.10057,7.40516,0.10868,0.11005,0.10066,0.65934,0.10041,0.73061,0.10030,0.10005,0.10037,0.10041,0.10008,0.09996,0.10007
876,6.16138,0.10012,0.10025,7.27172,0.10014,0.10008,7.09624,0.10024,0.10041,6.47698,6.28146,6.99998,7.08697,0.10069,0.10353,7.41568,0.47972,0.48181,0.10438,4.07923,0.10056,4.20103,0.10041,0.10006,0.10051,0.10047,0.10018,0.10002,0.10017
877,6.67285,0.10027,0.10043,7.24463,0.10031,0.10021,7.13286,0.10040,0.10058,6.47961,6.66836,7.01786,7.12916,0.11291,0.89597,7.35587,4.96236,4.98077,0.92596,7.00651,0.11158,6.98649,0.10062,0.10009,0.10071,0.10064,0.10033,0.10014,0.10033
878,6.89415,0.10051,0.10066,7.19715,0.10054,0.10040,7.05930,0.10067,0.10078,6.76733,6.69208,7.08699,7.09628,0.22897,2.90305,7.25932,6.78927,6.98100,3.44550,7.11282,0.33932,7.09759,0.10468,0.10014,0.10186,0.10096,0.10050,0.10034,0.10057
879,7.01941,0.10073,0.10085,7.15684,0.10073,0.10062,7.05271,0.10220,0.10095,6.93096,6.70011,7.14395,7.11401,0.34121,2.70336,7.20167,5.77396,6.96255,4.01253,7.07839,0.51562,7.09395,0.12691,0.10011,0.10770,0.10391,0.10064,0.10055,0.10077
880,7.11526,0.10087,0.10096,7.17782,0.10084,0.10089,6.68771,0.10489,0.10105,7.04393,6.14735,7.20602,7.16007,0.26883,1.34873,7.17354,3.71422,5.46094,2.12580,5.34360,0.33630,6.22786,0.12495,0.10007,0.10746,0.11051,0.10072,0.10067,0.10090
881,7.14505,0.10097,0.10104,7.19579,0.10092,0.10086,4.21794,0.10394,0.10119,7.11939,3.58389,7.21886,7.03233,0.15451,0.39611,7.18440,1.04557,1.97567,0.54247,2.14817,0.15980,3.10072,0.11042,0.10006,0.10575,0.10852,0.10079,0.10074,0.10098
882,7.14691,0.10110,0.10115,7.17806,0.10101,0.10102,3.91621,0.10393,0.10154,7.15453,2.46292,7.22692,6.88944,0.14982,0.25721,7.19153,0.57764,1.05496,0.41015,1.26082,0.13063,1.67766,0.10722,0.10007,0.10634,0.10926,0.10094,0.10085,0.10109
883,7.17826,0.10118,0.10119,7.13145,0.10105,0.10185,6.81932,0.10402,0.10218,7.17838,5.24725,7.25152,7.06520,0.18700,0.34292,7.18916,0.99173,1.42330,0.59760,2.62379,0.14922,2.87185,0.10868,0.10004,0.10854,0.11155,0.10104,0.10103,0.10118
884,7.20533,0.10098,0.10090,7.12560,0.10085,0.10193,3.37458,0.10371,0.10225,7.20168,2.22678,7.25521,7.10421,0.15662,0.24281,7.17263,0.51555,0.92299,0.38791,1.03774,0.13073,1.35947,0.10651,0.09990,0.10588,0.10927,0.10087,0.10111,0.10100
885,7.02141,0.10069,0.10055,7.17299,0.10056,0.10163,0.79871,0.10313,0.10176,7.20680,0.92447,7.25360,6.63626,0.12308,0.15159,7.18874,0.25164,0.42146,0.20330,0.40023,0.11268,0.57610,0.10507,0.09989,0.10477,0.10653,0.10061,0.10102,0.10073
886,6.52712,0.10057,0.10039,7.19149,0.10044,0.10140,0.41803,0.10286,0.10152,7.15611,0.61858,7.25111,6.36141,0.11129,0.12341,7.26403,0.16190,0.23342,0.14965,0.22539,0.10689,0.30305,0.10459,0.09997,0.10450,0.10450,0.10051,0.10095,0.10063
887,6.27347,0.10054,0.10036,7.19425,0.10039,0.10128,0.33510,0.10284,0.10146,7.00609,0.50317,7.24377,6.27170,0.10828,0.11474,7.34668,0.13718,0.18064,0.13154,0.17298,0.10580,0.21292,0.10430,0.09999,0.10433,0.10290,0.10049,0.10089,0.10059
888,6.28495,0.10053,0.10034,7.18530,0.10040,0.10122,0.20255,0.10285,0.10149,6.83771,0.40864,7.21339,6.02101,0.10652,0.10880,7.37849,0.12023,0.14651,0.11858,0.13791,0.10539,0.16151,0.10370,0.10002,0.10378,0.10199,0.10054,0.10076,0.10057
889,6.30019,0.10060,0.10045,7.19004,0.10046,0.10120,0.52945,0.10281,0.10167,6.83392,0.36026,7.18287,5.86790,0.10529,0.10672,7.40535,0.11225,0.12633,0.11107,0.12366,0.10501,0.13575,0.10376,0.10005,0.10327,0.10136,0.10063,0.10075,0.10065
890,6.27006,0.10065,0.10051,7.22178,0.10051,0.10119,0.55207,0.10274,0.10189,6.87320,0.33357,7.15894,6.00323,0.10509,0.10633,7.41802,0.11008,0.11995,0.10992,0.11919,0.10477,0.12785,0.10372,0.10004,0.10303,0.10109,0.10076,0.10073,0.10070
891,6.19081,0.10070,0.10058,7.24735,0.10059,0.10128,4.24445,0.10283,0.10210,6.76023,2.11965,7.15575,6.41501,0.10608,0.10784,7.42555,0.13613,0.14669,0.11249,0.68073,0.10508,0.74378,0.10383,0.10005,0.10313,0.10115,0.10101,0.10074,0.10075
892,6.44697,0.10080,0.10068,7.21175,0.10077,0.10144,5.39364,0.10293,0.10211,6.56080,4.27256,7.12766,6.78211,0.10728,0.11270,7.41950,0.43744,0.52995,0.11898,2.72977,0.10561,2.88452,0.10386,0.10008,0.10339,0.10160,0.10126,0.10080,0.10085
893,6.78992,0.10088,0.10077,7.09245,0.10097,0.10141,3.95724,0.10287,0.10209,6.66044,2.24968,7.12929,6.91729,0.10660,0.10873,7.36467,0.14816,0.19681,0.11434,0.64722,0.10499,0.79403,0.10343,0.10007,0.10320,0.10182,0.10136,0.10084,0.10094
894,6.95053,0.10088,0.10074,7.08778,0.10110,0.10130,5.70950,0.10274,0.10230,6.83799,3.70636,7.14818,7.01565,0.10803,0.11783,7.36197,0.40299,0.43431,0.12882,1.79940,0.10508,1.87233,0.10331,0.10000,0.10337,0.10198,0.10163,0.10083,0.10097
895,7.03955,0.10084,0.10069,7.10940,0.10128,0.10137,6.99628,0.10285,0.10236,6.98266,6.55073,7.17086,7.07722,0.19960,1.58928,7.25540,4.86112,4.76798,1.49567,6.59424,0.17274,6.59183,0.10442,0.09999,0.10566,0.10355,0.10174,0.10084,0.10098
896,7.11526,0.10091,0.10085,7.21116,0.10151,0.10162,7.02826,0.10322,0.10232,7.07802,6.67447,7.25203,7.19960,0.38829,3.08191,7.14341,6.17271,6.31882,3.00380,6.86850,0.39024,6.89324,0.11022,0.10004,0.10857,0.10693,0.10159,0.10098,0.10108
897,7.18620,0.10099,0.10103,7.29861,0.10161,0.10153,6.00916,0.10336,0.10227,7.16022,5.26725,7.31470,7.25979,0.19321,0.75977,7.19429,2.48725,3.05506,0.93496,4.15380,0.15414,4.58994,0.10558,0.10004,0.10554,0.10840,0.10154,0.10105,0.10116
898,7.18029,0.10109,0.10123,7.30307,0.10169,0.10150,4.30412,0.10329,0.10252,7.21429,3.36535,7.32992,7.22148,0.16523,0.29096,7.21663,0.94143,1.52674,0.53085,2.05483,0.11738,2.50987,0.10412,0.10007,0.10575,0.10921,0.10163,0.10114,0.10126
899,7.06460,0.10126,0.10148,7.28083,0.10181,0.10147,2.69348,0.10307,0.10316,7.22708,2.18370,7.31597,7.13576,0.16056,0.18629,7.24937,0.48693,0.94865,0.41626,1.11434,0.10889,1.48667,0.10367,0.10009,0.10688,0.11051,0.10184,0.10128,0.10139
900,6.71675,0.10138,0.10156,7.26611,0.10191,0.10147,1.12934,0.10243,0.10382,7.18900,1.10557,7.27269,6.97345,0.13765,0.12909,7.30522,0.23462,0.52640,0.27625,0.44851,0.10545,0.69042,0.10384,0.10006,0.10763,0.10751,0.10203,0.10140,0.10147
901,6.50343,0.10149,0.10155,7.26923,0.10198,0.10158,3.95579,0.10229,0.10474,7.12518,2.68631,7.21167,7.08608,0.14652,0.13462,7.29177,0.26689,0.41625,0.25089,0.98103,0.10822,1.12748,0.10398,0.10002,0.10801,0.10568,0.10237,0.10152,0.10153
902,6.86713,0.10152,0.10154,7.23359,0.10207,0.10160,6.47991,0.10237,0.10482,6.91255,4.49143,7.18898,7.24436,0.15763,0.15193,7.20706,0.35971,0.45765,0.26363,1.67228,0.11065,1.80257,0.10415,0.10001,0.10862,0.10634,0.10255,0.10159,0.10154
903,7.16789,0.10155,0.10150,7.18756,0.10205,0.10166,6.20550,0.10248,0.10508,6.95622,4.23416,7.18353,7.21635,0.15855,0.16092,7.19195,0.44877,0.51699,0.25664,1.88759,0.11262,1.98477,0.10439,0.10002,0.10914,0.10564,0.10264,0.10164,0.10156
904,7.20639,0.10153,0.10140,7.16547,0.10214,0.10167,7.21700,0.10242,0.10555,7.11295,6.48302,7.16710,7.18825,0.18260,0.18610,7.15608,0.94804,0.89474,0.28528,4.13922,0.11713,4.11197,0.10469,0.10000,0.11163,0.10915,0.10290,0.10166,0.10156
905,7.19367,0.10149,0.10133,7.12767,0.10241,0.10168,7.18240,0.10253,0.10640,7.18745,6.84759,7.14755,7.16201,0.21356,0.43857,7.09920,3.24187,3.11206,0.57023,6.48675,0.12646,6.44541,0.10540,0.10001,0.11968,0.11828,0.10322,0.10168,0.10157
906,7.16529,0.10148,0.10136,7.09642,0.10277,0.10171,7.15201,0.10280,0.10624,7.18838,6.83898,7.13589,7.13186,0.21741,0.55986,7.06007,3.39614,3.99569,0.77579,6.36126,0.13193,6.53835,0.10617,0.10000,0.12189,0.12638,0.10305,0.10171,0.10160
907,7.13439,0.10152,0.10147,7.08966,0.10297,0.10191,7.08218,0.10311,0.10579,7.15592,6.54448,7.12762,7.11291,0.20418,0.39833,7.05104,1.69798,3.16404,0.72062,4.82882,0.12983,5.55611,0.10673,0.10005,0.12042,0.12948,0.10278,0.10176,0.10166
908,7.10365,0.10162,0.10183,7.10386,0.10315,0.10207,5.14658,0.10317,0.10635,7.12640,3.88964,7.12223,7.08365,0.17920,0.22201,7.06450,0.68114,1.65358,0.48665,1.76241,0.11824,2.83437,0.10522,0.10008,0.11843,0.13522,0.10275,0.10185,0.10176
909,6.73736,0.10169,0.10207,7.09780,0.10317,0.10212,1.51873,0.10307,0.10661,7.06152,1.45942,7.10640,6.83800,0.14575,0.14068,7.07365,0.26394,0.64698,0.24763,0.54219,0.10967,0.96388,0.10417,0.10005,0.11636,0.13104,0.10279,0.10191,0.10184
910,6.07566,0.10167,0.10191,7.08485,0.10287,0.10213,0.59989,0.10300,0.10552,6.73774,0.79150,7.06579,6.74580,0.12893,0.11970,7.12453,0.15790,0.26468,0.16443,0.24212,0.10800,0.38282,0.10441,0.09995,0.11596,0.11819,0.10280,0.10188,0.10182
911,6.21122,0.10162,0.10168,7.10096,0.10260,0.10220,5.87391,0.10329,0.10635,6.54982,3.16293,7.01568,7.01355,0.13071,0.12855,7.15285,0.20533,0.26956,0.16919,0.70979,0.11026,0.81021,0.10589,0.09993,0.11754,0.11129,0.10287,0.10185,0.10177
912,6.78662,0.10163,0.10163,7.11744,0.10269,0.10222,7.07154,0.10345,0.10728,6.62684,5.99204,7.02602,7.08856,0.13525,0.13928,7.16175,0.31812,0.38132,0.18523,2.35281,0.11192,2.58895,0.10657,0.10001,0.11790,0.11043,0.10301,0.10188,0.10178
913,7.00752,0.10163,0.10158,7.13443,0.10279,0.10219,5.12090,0.10326,0.10788,6.82870,3.39460,7.05921,7.08724,0.13198,0.13057,7.18331,0.24283,0.31237,0.17316,1.19595,0.11129,1.30726,0.10625,0.10003,0.11588,0.10947,0.10321,0.10193,0.10181
914,6.88315,0.10167,0.10156,7.16047,0.10292,0.10222,0.88287,0.10293,0.10871,6.95064,0.75603,7.08180,6.95274,0.12560,0.11769,7.21284,0.14455,0.19106,0.15136,0.20882,0.10905,0.24725,0.10546,0.10005,0.11303,0.10785,0.10371,0.10202,0.10186
915,6.41274,0.10176,0.10163,7.18434,0.10309,0.10230,0.24629,0.10281,0.10887,6.90143,0.50887,7.06854,6.82419,0.11991,0.11341,7.22785,0.12385,0.15814,0.13940,0.14330,0.10733,0.16726,0.10474,0.10005,0.11098,0.10653,0.10426,0.10213,0.10192
916,6.30001,0.10183,0.10167,7.18366,0.10290,0.10249,1.23130,0.10304,0.10876,6.67997,0.46888,7.04775,7.00924,0.11704,0.11280,7.22121,0.12224,0.15216,0.13404,0.13630,0.10728,0.15575,0.10480,0.10004,0.11013,0.10513,0.10435,0.10217,0.10197
917,6.62947,0.10188,0.10176,7.17265,0.10263,0.10287,4.70940,0.10351,0.10842,6.56779,0.65762,7.02406,7.14706,0.11460,0.11633,7.20678,0.13132,0.15308,0.13170,0.15338,0.10891,0.16757,0.10581,0.10004,0.10975,0.10488,0.10412,0.10220,0.10202
918,6.93058,0.10190,0.10180,7.15682,0.10244,0.10318,4.34388,0.10386,0.10793,6.68493,0.75833,7.00880,7.15137,0.11190,0.11915,7.19170,0.13640,0.15071,0.12819,0.15790,0.11027,0.16886,0.10700,0.10003,0.10935,0.10472,0.10380,0.10223,0.10203
919,7.02210,0.10193,0.10188,7.13982,0.10238,0.10332,1.58352,0.10427,0.10726,6.76995,0.49760,7.01106,7.07367,0.10945,0.11906,7.17490,0.13498,0.14378,0.12353,0.14785,0.11051,0.15649,0.10800,0.10006,0.10901,0.10485,0.10347,0.10228,0.10208
920,6.87176,0.10202,0.10207,7.12360,0.10243,0.10338,1.73136,0.10496,0.10657,6.76272,0.40239,7.00982,7.05507,0.10807,0.11933,7.15522,0.13368,0.13866,0.11983,0.14488,0.11100,0.15296,0.10879,0.10011,0.10865,0.10551,0.10324,0.10239,0.10220
921,6.97545,0.10215,0.10225,7.11361,0.10257,0.10351,6.32987,0.10587,0.10626,6.76805,2.89530,7.02117,7.10702,0.10891,0.12462,7.13578,0.14500,0.15310,0.12272,0.58075,0.11325,0.71215,0.10932,0.10014,0.10835,0.10622,0.10334,0.10255,0.10235
922,7.07315,0.10233,0.10244,7.11836,0.10275,0.10385,6.99109,0.10633,0.10602,6.89108,5.58306,7.05660,7.11468,0.10988,0.12843,7.12245,0.17491,0.28326,0.12575,1.73302,0.11565,2.59272,0.10966,0.10015,0.10800,0.10682,0.10357,0.10286,0.10256
923,7.10315,0.10230,0.10233,7.13870,0.10269,0.10395,5.51237,0.10591,0.10554,7.02906,2.70294,7.09777,7.12605,0.10898,0.12355,7.12209,0.14955,0.22269,0.12060,0.44116,0.11489,0.80242,0.10894,0.09995,0.10719,0.10655,0.10343,0.10315,0.10261
924,7.08495,0.10193,0.10184,7.14856,0.10215,0.10357,0.99443,0.10511,0.10472,7.07854,0.63801,7.10699,6.83964,0.10742,0.11654,7.12825,0.12781,0.13589,0.11290,0.16430,0.11167,0.21971,0.10775,0.09976,0.10623,0.10541,0.10290,0.10310,0.10237
925,6.61615,0.10176,0.10163,7.14819,0.10184,0.10322,0.15644,0.10471,0.10426,7.02995,0.35558,7.04169,6.44042,0.10639,0.11198,7.14073,0.11519,0.11312,0.10897,0.11935,0.10848,0.11913,0.10711,0.09989,0.10584,0.10418,0.10249,0.10299,0.10223
926,5.83986,0.10180,0.10164,7.15156,0.10183,0.10313,0.14059,0.10465,0.10420,6.90207,0.32447,7.00344,6.73842,0.10608,0.11027,7.14975,0.11260,0.11038,0.10802,0.11421,0.10773,0.11305,0.10678,0.10001,0.10565,0.10337,0.10242,0.10303,0.10226
927,5.90194,0.10185,0.10165,7.15533,0.10195,0.10321,0.14395,0.10452,0.10436,6.51511,0.30321,7.00544,6.86789,0.10615,0.10894,7.14947,0.11132,0.10968,0.10771,0.11254,0.10746,0.11136,0.10620,0.10005,0.10552,0.10278,0.10265,0.10292,0.10226
928,6.30581,0.10190,0.10168,7.15869,0.10212,0.10333,3.94379,0.10453,0.10451,6.29569,0.75675,7.01861,7.07978,0.10646,0.10898,7.14852,0.11147,0.11028,0.10813,0.12361,0.10744,0.12781,0.10597,0.10006,0.10551,0.10254,0.10302,0.10282,0.10228
929,6.83253,0.10199,0.10177,7.16254,0.10244,0.10347,6.45311,0.10462,0.10453,6.41233,2.10175,7.03684,7.15273,0.10685,0.10929,7.15024,0.11209,0.11175,0.10877,0.17052,0.10752,0.19049,0.10585,0.10009,0.10565,0.10262,0.10337,0.10277,0.10234
930,7.07268,0.10207,0.10189,7.16428,0.10282,0.10354,5.34007,0.10463,0.10441,6.74379,1.37450,7.04978,7.14343,0.10711,0.10892,7.15418,0.11153,0.11220,0.10904,0.14606,0.10733,0.15743,0.10551,0.10009,0.10570,0.10289,0.10355,0.10273,0.10238
931,7.10070,0.10214,0.10202,7.14463,0.10310,0.10360,3.22635,0.10460,0.10426,7.00214,0.71491,7.05116,7.07452,0.10718,0.10866,7.15891,0.11084,0.11209,0.10908,0.12391,0.10719,0.13014,0.10535,0.10009,0.10566,0.10310,0.10357,0.10277,0.10247
932,7.03710,0.10224,0.10217,7.10232,0.10329,0.10367,4.97834,0.10457,0.10410,7.07239,1.13696,7.05348,7.03548,0.10730,0.10890,7.15625,0.11137,0.11350,0.10946,0.17405,0.10735,0.20954,0.10545,0.10009,0.10561,0.10345,0.10354,0.10290,0.10261
933,7.02489,0.10234,0.10237,7.06697,0.10344,0.10369,3.78728,0.10456,0.10398,7.04321,0.85915,7.05556,7.02802,0.10715,0.10895,7.13503,0.11111,0.11406,0.10951,0.14640,0.10742,0.17439,0.10550,0.10009,0.10543,0.10376,0.10349,0.10305,0.10276
934,7.03434,0.10249,0.10271,7.04721,0.10357,0.10378,3.33814,0.10459,0.10397,7.03400,0.90182,7.05569,6.99736,0.10701,0.10910,7.09525,0.11138,0.11624,0.10973,0.16755,0.10746,0.20440,0.10552,0.10013,0.10525,0.10420,0.10346,0.10324,0.10299
935,6.87738,0.10263,0.10303,7.04127,0.10361,0.10385,0.23688,0.10453,0.10396,7.03005,0.26574,7.06408,6.68825,0.10621,0.10829,7.06091,0.10992,0.11144,0.10855,0.11210,0.10679,0.11509,0.10519,0.10010,0.10494,0.10420,0.10346,0.10337,0.10317
936,6.57201,0.10276,0.10325,7.03001,0.10363,0.10393,0.12677,0.10449,0.10396,6.91089,0.23559,7.07559,6.59067,0.10568,0.10769,7.04835,0.10906,0.10996,0.10780,0.11024,0.10621,0.11125,0.10497,0.10008,0.10477,0.10404,0.10347,0.10344,0.10329
937,6.64837,0.10286,0.10336,6.99558,0.10363,0.10399,0.11963,0.10444,0.10391,6.78587,0.22288,7.08202,6.45407,0.10516,0.10718,7.04360,0.10835,0.10895,0.10712,0.10929,0.10575,0.10993,0.10486,0.10008,0.10468,0.10395,0.10353,0.10353,0.10341
938,6.72937,0.10299,0.10347,6.94481,0.10358,0.10401,0.11697,0.10440,0.10389,6.80378,0.21324,7.08307,6.30862,0.10480,0.10671,7.02746,0.10776,0.10812,0.10649,0.10853,0.10540,0.10896,0.10489,0.10011,0.10465,0.10377,0.10365,0.10367,0.10356
939,6.76232,0.10310,0.10356,6.88184,0.10346,0.10398,0.33988,0.10446,0.10400,6.85091,0.20676,7.07637,6.22537,0.10468,0.10637,7.00088,0.10733,0.10747,0.10594,0.10803,0.10521,0.10834,0.10494,0.10010,0.10464,0.10335,0.10379,0.10381,0.10366
940,6.78331,0.10316,0.10359,6.83537,0.10340,0.10396,0.58083,0.10458,0.10413,6.88166,0.20488,7.07627,6.43333,0.10465,0.10650,6.96707,0.10739,0.10738,0.10583,0.10814,0.10530,0.10841,0.10494,0.10008,0.10458,0.10297,0.10383,0.10391,0.10371
941,6.82735,0.10329,0.10368,6.82141,0.10342,0.10402,0.20522,0.10471,0.10432,6.88658,0.19868,7.07692,6.54293,0.10448,0.10659,6.92591,0.10739,0.10705,0.10568,0.10805,0.10534,0.10813,0.10501,0.10012,0.10452,0.10292,0.10385,0.10403,0.10383
942,6.88233,0.10343,0.10373,6.81816,0.10350,0.10412,1.92349,0.10479,0.10443,6.88744,0.63732,7.05889,6.52628,0.10436,0.10656,6.93303,0.10737,0.10686,0.10560,0.13516,0.10531,0.14061,0.10507,0.10006,0.10437,0.10294,0.10387,0.10414,0.10395
943,6.85620,0.10351,0.10371,6.88165,0.10360,0.10426,4.91577,0.10487,0.10450,6.90263,2.40944,7.05276,6.71704,0.10472,0.10682,6.95365,0.10878,0.10892,0.10607,0.34237,0.10547,0.38543,0.10512,0.10002,0.10429,0.10265,0.10407,0.10415,0.10403
944,6.84185,0.10352,0.10364,6.95100,0.10364,0.10431,4.43963,0.10490,0.10446,6.88989,1.86414,7.06192,6.89208,0.10475,0.10678,6.93741,0.10859,0.10941,0.10615,0.25189,0.10548,0.29346,0.10515,0.10003,0.10432,0.10245,0.10417,0.10417,0.10406
945,6.96775,0.10359,0.10369,6.97359,0.10365,0.10435,1.51851,0.10493,0.10446,6.90538,0.49425,7.06705,6.83628,0.10430,0.10653,6.95264,0.10756,0.10733,0.10581,0.11948,0.10540,0.12498,0.10519,0.10007,0.10439,0.10259,0.10411,0.10427,0.10414
946,7.02472,0.10376,0.10387,6.99511,0.10375,0.10443,0.80015,0.10505,0.10458,6.95752,0.23897,7.06860,6.62270,0.10406,0.10640,6.98277,0.10729,0.10673,0.10560,0.10871,0.10537,0.10956,0.10525,0.10014,0.10450,0.10276,0.10412,0.10443,0.10429
947,7.04304,0.10388,0.10396,7.02086,0.10382,0.10451,4.74091,0.10516,0.10463,6.99789,1.29754,7.07794,6.70587,0.10416,0.10680,7.00557,0.10860,0.10833,0.10585,0.19971,0.10555,0.22875,0.10522,0.10010,0.10446,0.10278,0.10416,0.10451,0.10440
948,7.02884,0.10390,0.10385,7.02960,0.10376,0.10454,5.95979,0.10517,0.10456,7.02558,4.50037,7.09426,6.81999,0.10426,0.10710,7.02250,0.13548,0.13462,0.10608,1.36507,0.10563,1.51820,0.10516,0.09994,0.10428,0.10248,0.10414,0.10451,0.10446
949,7.00488,0.10392,0.10372,7.02653,0.10373,0.10457,5.31577,0.10517,0.10452,7.03314,2.94604,7.10246,6.88554,0.10423,0.10679,7.03375,0.12070,0.12071,0.10594,0.59756,0.10543,0.62421,0.10515,0.09993,0.10415,0.10210,0.10418,0.10451,0.10453
950,7.01046,0.10390,0.10358,7.03224,0.10377,0.10462,4.96259,0.10516,0.10436,7.02820,2.31345,7.10351,6.97464,0.10438,0.10659,7.04602,0.11751,0.12795,0.10619,0.45748,0.10534,0.52732,0.10516,0.09997,0.10421,0.10192,0.10427,0.10451,0.10456
951,7.05226,0.10389,0.10348,7.02928,0.10386,0.10470,5.76433,0.10513,0.10414,7.04629,3.51810,7.07994,7.03692,0.10460,0.10723,7.04151,0.17518,0.20934,0.10761,1.26012,0.10538,1.42368,0.10516,0.10000,0.10431,0.10198,0.10432,0.10451,0.10459
952,7.04222,0.10393,0.10348,7.03783,0.10392,0.10473,2.16246,0.10515,0.10411,7.05580,0.95939,7.08614,6.93650,0.10453,0.10627,7.02718,0.11419,0.12342,0.10614,0.21734,0.10525,0.25884,0.10517,0.10004,0.10431,0.10188,0.10438,0.10453,0.10464
953,7.00801,0.10384,0.10332,7.04631,0.10379,0.10469,0.46087,0.10512,0.10410,7.05694,0.34436,7.09005,6.64793,0.10427,0.10559,7.02507,0.10738,0.10871,0.10531,0.11579,0.10511,0.12120,0.10513,0.09993,0.10406,0.10160,0.10433,0.10448,0.10458
954,6.82725,0.10380,0.10321,7.04505,0.10376,0.10471,0.19982,0.10514,0.10418,7.06131,0.28040,7.07690,6.55479,0.10430,0.10540,7.03043,0.10644,0.10684,0.10517,0.10958,0.10511,0.11074,0.10515,0.09999,0.10373,0.10154,0.10440,0.10445,0.10456
955,6.23895,0.10398,0.10344,7.04122,0.10381,0.10486,0.12823,0.10520,0.10438,6.97584,0.24364,7.02481,6.53616,0.10437,0.10539,7.01779,0.10586,0.10593,0.10513,0.10668,0.10527,0.10689,0.10525,0.10013,0.10354,0.10200,0.10461,0.10453,0.10470
956,5.89256,0.10410,0.10364,7.00056,0.10367,0.10490,3.60945,0.10516,0.10441,6.60282,1.94559,6.94306,6.85061,0.10405,0.10534,6.92063,0.12139,0.12171,0.10499,0.68640,0.10517,0.73498,0.10514,0.10006,0.10347,0.10239,0.10456,0.10459,0.10473
957,6.54454,0.10410,0.10358,6.92381,0.10361,0.10484,7.01416,0.10500,0.10409,6.43847,6.33940,6.90225,6.98653,0.10431,0.11097,6.78674,0.97366,0.66008,0.10915,5.35790,0.10498,5.04404,0.10491,0.09994,0.10339,0.10237,0.10453,0.10448,0.10464
958,6.93063,0.10403,0.10346,6.85996,0.10352,0.10475,6.98660,0.10481,0.10380,6.64023,6.46947,6.90044,6.94074,0.10475,0.32537,6.75549,3.35378,1.93769,0.18931,6.61776,0.10491,6.22735,0.10474,0.09993,0.10335,0.10225,0.10444,0.10438,0.10456
959,6.94906,0.10410,0.10353,6.81226,0.10364,0.10475,6.93046,0.10474,0.10365,6.87257,6.49293,6.89600,6.88620,0.11254,1.07880,6.75524,5.04737,3.48675,0.50684,6.70018,0.10620,6.37584,0.10464,0.10001,0.10344,0.10255,0.10440,0.10437,0.10459
960,6.89109,0.10423,0.10378,6.80370,0.10358,0.10473,4.68864,0.10470,0.10374,6.92348,3.57951,6.90643,6.78641,0.10698,0.20924,6.78372,1.14576,0.72090,0.17926,2.56239,0.10501,1.99463,0.10455,0.10001,0.10331,0.10267,0.10436,0.10441,0.10463
961,6.70781,0.10439,0.10404,6.82996,0.10364,0.10469,1.52441,0.10467,0.10378,6.76581,1.14950,6.78441,6.61968,0.10510,0.11341,6.81132,0.24409,0.20679,0.12020,0.55954,0.10468,0.43920,0.10448,0.10004,0.10336,0.10277,0.10417,0.10452,0.10470
962,6.44408,0.10456,0.10426,6.86349,0.10387,0.10471,1.26995,0.10474,0.10381,6.31866,0.64008,6.61337,6.66046,0.10501,0.10914,6.84176,0.15718,0.14034,0.11119,0.25972,0.10478,0.22034,0.10456,0.10011,0.10356,0.10301,0.10409,0.10463,0.10481
963,6.37104,0.10469,0.10443,6.88601,0.10404,0.10478,6.49666,0.10482,0.10389,5.65727,4.18484,6.54099,6.81847,0.10736,0.13933,6.87029,0.46051,0.40574,0.12661,2.13609,0.10561,2.18205,0.10473,0.10012,0.10422,0.10329,0.10412,0.10469,0.10492
964,6.46358,0.10474,0.10450,6.90411,0.10410,0.10484,6.86887,0.10492,0.10413,5.95142,6.45863,6.59029,6.87359,0.12238,0.73511,6.88798,4.53820,4.00939,0.52745,6.74083,0.11403,6.69367,0.10494,0.10006,0.10533,0.10351,0.10418,0.10472,0.10499
965,6.65041,0.10476,0.10451,6.91808,0.10409,0.10482,6.86871,0.10499,0.10436,6.22670,6.50137,6.68177,6.90235,0.14422,1.35967,6.89566,5.26376,4.35553,0.84986,6.74165,0.12656,6.65904,0.10524,0.10001,0.10621,0.10316,0.10420,0.10474,0.10501
966,6.77083,0.10473,0.10442,6.93177,0.10407,0.10479,6.90105,0.10509,0.10479,6.38902,6.59244,6.74215,6.92404,0.32123,3.36304,6.90353,6.44931,6.09237,2.35868,6.84376,0.32327,6.83333,0.10711,0.09999,0.11295,0.10320,0.10420,0.10473,0.10499
967,6.87424,0.10476,0.10437,6.94940,0.10411,0.10485,6.92700,0.10558,0.10817,6.60699,6.66840,6.82118,6.95317,1.39369,5.56855,6.91172,6.85259,6.82831,5.09246,6.90220,1.39938,6.89756,0.12669,0.10002,0.18042,0.12773,0.10445,0.10470,0.10502
968,6.92932,0.10478,0.10435,6.93765,0.10423,0.10490,6.91369,0.10673,0.12039,6.75693,6.68271,6.82462,6.95532,1.88818,4.20522,6.90926,6.64326,6.68484,5.21130,6.88270,0.85186,6.87839,0.12093,0.10004,0.24389,0.21453,0.10558,0.10464,0.10504
969,6.94541,0.10475,0.10432,6.93650,0.10453,0.10521,6.94429,0.11318,0.16091,6.82682,6.73824,6.84445,6.95205,3.32329,5.47454,6.91623,6.82674,6.82178,5.92878,6.91458,1.88395,6.91118,0.21412,0.10006,0.63110,0.38644,0.10971,0.10460,0.10497
970,6.95976,0.10469,0.10423,6.95253,0.10623,0.10519,6.94859,0.12185,0.20379,6.89365,6.76735,6.92155,6.96126,4.40533,6.35763,6.92909,6.90836,6.91451,6.51466,6.93905,3.25887,6.93715,0.39719,0.10015,1.01748,0.80097,0.11434,0.10457,0.10491
971,6.96703,0.10470,0.10422,6.96540,0.10855,0.10511,6.93043,0.11964,0.20762,6.94007,6.76352,6.93761,6.97066,3.34065,4.96417,6.93723,6.58813,6.75126,5.87564,6.86246,1.80956,6.89030,0.24483,0.10014,0.82287,0.95986,0.11744,0.10462,0.10491
972,6.96840,0.10466,0.10418,6.96809,0.11049,0.10506,6.80881,0.11568,0.19877,6.95175,6.56956,6.94237,6.97189,2.20154,3.13793,6.94311,5.42473,6.16449,4.71487,6.32434,0.80859,6.54044,0.17903,0.10007,0.65905,0.92603,0.11961,0.10464,0.10490
973,6.96141,0.10460,0.10411,6.96995,0.11003,0.10528,6.42464,0.11523,0.19496,6.93449,6.07892,6.94233,6.96335,1.63312,2.11807,6.94671,4.20795,5.49965,3.71765,5.39802,0.50976,5.94118,0.16224,0.10011,0.52401,0.87791,0.11993,0.10462,0.10489
974,6.92713,0.10464,0.10422,6.97639,0.10860,0.10612,5.79354,0.11615,0.21775,6.91525,5.40471,6.94425,6.94778,1.26324,1.51211,6.95500,3.20553,4.82801,2.89137,4.40843,0.41111,5.24175,0.15664,0.10028,0.41567,0.79522,0.11979,0.10485,0.10496
975,6.89625,0.10468,0.10448,6.99598,0.10955,0.10664,5.19936,0.11735,0.26183,6.92283,4.80793,6.95956,6.93582,1.07389,1.20094,6.97408,2.52894,4.27083,2.36463,3.67582,0.37552,4.66840,0.15161,0.10026,0.35040,0.68210,0.12155,0.10532,0.10506
976,6.84261,0.10472,0.10481,7.00969,0.11172,0.10701,4.18264,0.11645,0.29713,6.91898,3.92475,6.97290,6.86117,0.84333,0.80437,6.98886,1.77966,3.30529,1.67517,2.70359,0.28141,3.79053,0.14322,0.10023,0.30816,0.57133,0.12634,0.10573,0.10519
977,6.71782,0.10476,0.10511,7.02137,0.11328,0.10739,3.25846,0.11509,0.31723,6.88732,3.10800,6.98438,6.78730,0.64664,0.55890,7.00290,1.20553,2.39425,1.22656,1.94864,0.21530,2.89027,0.13970,0.10019,0.29027,0.48402,0.13078,0.10610,0.10534
978,6.56484,0.10482,0.10521,7.02811,0.11073,0.10764,2.38022,0.11525,0.30742,6.81845,2.34816,6.98246,6.69604,0.46716,0.39924,7.01257,0.81435,1.62954,0.92881,1.32461,0.18063,2.03328,0.14072,0.10012,0.30438,0.43256,0.12804,0.10646,0.10553
979,6.38693,0.10488,0.10523,7.03328,0.10804,0.10885,2.75226,0.11928,0.28479,6.72289,2.07742,6.96655,6.80562,0.40446,0.36798,7.01289,0.75258,1.39481,0.82806,1.19931,0.18214,1.69511,0.14740,0.10009,0.33015,0.39447,0.12482,0.10674,0.10571
980,6.54885,0.10493,0.10525,7.04008,0.10686,0.11058,3.90705,0.12437,0.26593,6.62122,2.12955,6.95701,6.99839,0.39238,0.42930,7.01613,0.87713,1.40176,0.81427,1.35786,0.20753,1.64877,0.16329,0.10008,0.34010,0.36126,0.12188,0.10696,0.10594
981,6.77449,0.10499,0.10527,7.04885,0.10603,0.11189,2.27434,0.12844,0.23861,6.65868,1.85334,6.94298,6.96539,0.36143,0.40494,7.01849,0.78722,1.19565,0.68842,1.16392,0.22488,1.45706,0.17852,0.10005,0.33726,0.32734,0.11733,0.10717,0.10618
982,6.78892,0.10504,0.10520,7.04959,0.10577,0.11372,3.13654,0.13223,0.23077,6.68006,1.80308,6.94610,7.02409,0.36339,0.41230,7.01666,0.79547,1.13075,0.66073,1.19330,0.23906,1.37394,0.19400,0.10002,0.33869,0.28802,0.11653,0.10732,0.10630
983,6.84248,0.10505,0.10515,7.06013,0.10586,0.11469,2.50558,0.13143,0.23048,6.73054,1.60999,6.96754,6.97274,0.35436,0.36051,7.02053,0.67275,0.95944,0.57743,1.03958,0.24277,1.20324,0.18331,0.10006,0.32750,0.25525,0.12009,0.10732,0.10616
984,6.80913,0.10505,0.10510,7.05543,0.10573,0.11797,6.90806,0.13754,0.23894,6.73124,4.39824,6.96952,7.06064,0.36135,0.47023,7.01233,0.91022,1.06121,0.64519,1.55943,0.26555,1.68059,0.20192,0.10003,0.31838,0.23611,0.12536,0.10758,0.10611
985,6.97630,0.10500,0.10498,7.06785,0.10569,0.11770,5.20826,0.14120,0.22731,6.75688,2.74466,7.00737,7.07878,0.33221,0.45079,7.02077,0.80148,0.97234,0.58380,1.22334,0.27787,1.31887,0.21617,0.09997,0.30277,0.23274,0.12224,0.10774,0.10607
986,7.03706,0.10498,0.10491,7.10154,0.10563,0.11784,5.36753,0.15249,0.21473,6.84529,2.56892,7.03370,7.10008,0.31426,0.47176,7.04074,0.79481,0.95811,0.56313,1.20732,0.29512,1.31795,0.23346,0.10000,0.28544,0.23589,0.11797,0.10826,0.10619
987,7.03302,0.10506,0.10491,7.12729,0.10564,0.11913,2.19705,0.16065,0.19692,6.90445,1.51719,7.04830,7.01300,0.28852,0.42725,7.06956,0.65124,0.81444,0.46221,0.89749,0.30015,1.01942,0.23516,0.10007,0.25891,0.23839,0.11391,0.10962,0.10647
988,6.86916,0.10520,0.10497,7.16044,0.10585,0.12115,1.01669,0.15851,0.18385,6.97582,1.09141,7.07695,6.76527,0.26582,0.36235,7.11089,0.50877,0.60798,0.36513,0.66175,0.28853,0.77972,0.22216,0.10013,0.23150,0.23544,0.11156,0.11243,0.10694
989,6.54097,0.10537,0.10505,7.17707,0.10611,0.12135,0.71921,0.15096,0.17363,6.96570,0.86193,7.08695,6.54568,0.24632,0.31593,7.14635,0.40259,0.43752,0.30736,0.50083,0.26442,0.56252,0.21079,0.10012,0.21545,0.22300,0.10921,0.11574,0.10777
990,6.31166,0.10552,0.10515,7.16357,0.10636,0.11995,0.53474,0.14444,0.16285,6.90892,0.70252,7.07750,6.32658,0.23079,0.29067,7.16972,0.33500,0.34529,0.27740,0.39261,0.23875,0.41614,0.20528,0.10009,0.20728,0.21022,0.10839,0.11814,0.10882
991,6.20906,0.10566,0.10526,7.13733,0.10662,0.11826,0.41866,0.14080,0.15341,6.83941,0.60378,7.05542,6.12589,0.21906,0.27128,7.18235,0.30170,0.30095,0.25834,0.33179,0.21960,0.34058,0.19985,0.10008,0.20067,0.19834,0.10836,0.11943,0.10990
992,6.11727,0.10594,0.10544,7.14129,0.10685,0.11636,0.34639,0.14012,0.14427,6.72547,0.53903,7.00521,6.03618,0.21061,0.25051,7.18730,0.27969,0.27105,0.23963,0.29668,0.20716,0.29674,0.19132,0.10009,0.19153,0.18064,0.10874,0.12007,0.11132
993,6.11956,0.10650,0.10554,7.16975,0.10711,0.11607,2.75163,0.14592,0.14280,6.64291,0.69343,6.94381,6.52596,0.20914,0.25132,7.18104,0.27544,0.26621,0.23548,0.29697,0.21004,0.29904,0.18875,0.10006,0.18585,0.16155,0.10994,0.11978,0.11293
994,6.32653,0.10710,0.10556,7.18838,0.10729,0.11686,2.42917,0.15012,0.14085,6.60378,0.62634,6.96824,6.94061,0.20292,0.24985,7.18313,0.27257,0.26121,0.23213,0.29284,0.21190,0.29327,0.18953,0.10002,0.17730,0.14860,0.11047,0.11925,0.11397
995,6.59555,0.10769,0.10551,7.19262,0.10720,0.12052,6.30206,0.15263,0.14350,6.59317,3.57400,6.98932,7.10425,0.20642,0.25818,7.17007,0.38589,0.37745,0.24014,1.54386,0.21743,1.61593,0.18928,0.09997,0.17475,0.13677,0.11334,0.11858,0.11454
996,6.91004,0.10846,0.10542,7.18673,0.10765,0.12924,7.14329,0.16876,0.15120,6.65785,6.71122,7.03335,7.17640,0.49088,2.88342,7.13838,5.78482,5.67113,2.64069,6.99558,0.49716,6.97547,0.20965,0.10005,0.19491,0.14409,0.12159,0.11728,0.11601
997,7.09718,0.10847,0.10539,7.15556,0.11023,0.13061,7.11191,0.17274,0.14666,6.94241,6.73338,7.01965,7.10906,0.60778,3.49932,7.17725,6.09557,6.11251,3.35333,6.81803,0.65225,6.84263,0.21077,0.10011,0.18934,0.15357,0.12387,0.11674,0.11611
998,7.03506,0.10847,0.10551,7.12744,0.10879,0.12710,4.79614,0.15555,0.14725,7.01379,4.11503,6.99418,6.99483,0.23424,0.62658,7.13007,1.82355,2.03738,0.75032,3.05995,0.23247,3.23694,0.18506,0.10006,0.16829,0.13514,0.12381,0.11653,0.11560
999,6.85391,0.10868,0.10560,7.11623,0.10785,0.12938,3.47699,0.14768,0.14965,6.93537,2.75482,6.98945,7.00533,0.21431,0.38375,7.07794,0.98172,1.19298,0.48803,1.77803,0.20866,1.92385,0.17534,0.09998,0.16072,0.12745,0.12540,0.11662,0.11555
1000,6.71258,0.10867,0.10561,7.09708,0.11024,0.12955,5.14422,0.14110,0.14992,6.83221,3.72114,6.96483,6.97329,0.22753,0.36252,7.06616,0.90233,1.01707,0.46227,2.07902,0.20163,2.18402,0.16608,0.10003,0.15909,0.12908,0.13237,0.11629,0.11515
1001,6.79073,0.10855,0.10565,7.08295,0.11858,0.12777,6.98059,0.13481,0.15020,6.80491,6.13411,6.98462,7.08366,0.28347,0.42629,7.06222,1.30291,1.34738,0.59278,3.76529,0.20341,3.75354,0.15837,0.10004,0.16320,0.13958,0.14171,0.11584,0.11458
1002,6.97755,0.10859,0.10605,7.07441,0.12628,0.12629,5.33167,0.12951,0.14901,6.82328,3.23041,6.97552,7.06838,0.28333,0.28865,7.06236,0.69315,0.90414,0.50124,1.63118,0.18001,1.58887,0.14457,0.10002,0.16168,0.14472,0.14361,0.11652,0.11405
1003,7.01439,0.10887,0.10640,7.07716,0.13047,0.12575,6.86260,0.12933,0.14884,6.89014,5.38976,6.97474,7.06085,0.33316,0.40282,7.06638,1.30682,1.38286,0.58774,3.37413,0.19603,3.48550,0.14423,0.10001,0.17202,0.14501,0.14383,0.11798,0.11378
1004,6.91798,0.10920,0.10642,7.09350,0.12832,0.12615,6.76799,0.13233,0.14675,6.94847,5.88281,6.94662,7.04357,0.33059,0.51788,7.07683,1.74100,1.86409,0.65229,4.24773,0.21877,4.43942,0.15039,0.10006,0.17333,0.14436,0.14305,0.11815,0.11401
1005,6.66837,0.10931,0.10650,7.10248,0.12330,0.12740,2.71637,0.13256,0.14557,6.82143,2.07365,6.90311,6.89918,0.23341,0.29970,7.07968,0.58011,0.74729,0.42542,1.04083,0.18350,1.18522,0.14540,0.10006,0.15984,0.13726,0.14109,0.11758,0.11423
1006,6.43263,0.10949,0.10662,7.09759,0.11969,0.12937,1.31246,0.13273,0.14615,6.58013,1.17410,6.88053,6.87550,0.19878,0.24095,7.07546,0.39186,0.53469,0.33810,0.57819,0.17014,0.68289,0.14259,0.10003,0.15462,0.12867,0.13849,0.11778,0.11434
1007,6.42065,0.10965,0.10670,7.10000,0.11778,0.13088,0.91121,0.13296,0.14621,6.47752,1.00591,6.89177,6.92480,0.18638,0.22335,7.07814,0.34903,0.47257,0.30667,0.49420,0.16674,0.58505,0.14176,0.10002,0.15168,0.12401,0.13646,0.11828,0.11439
1008,6.40149,0.10967,0.10685,7.11003,0.11731,0.13158,0.71880,0.13340,0.14511,6.45869,0.86968,6.91348,6.93963,0.17506,0.20744,7.08635,0.30372,0.41803,0.27910,0.41774,0.16250,0.50310,0.14080,0.10002,0.14929,0.12224,0.13500,0.11845,0.11435
1009,6.42250,0.10974,0.10729,7.12724,0.11617,0.13131,0.55614,0.13554,0.14117,6.44355,0.74651,6.91440,6.84231,0.15663,0.20172,7.10055,0.26961,0.36360,0.23606,0.34840,0.16109,0.42276,0.14405,0.10002,0.14731,0.12660,0.13023,0.11931,0.11446
1010,6.07047,0.11021,0.10792,7.14048,0.11396,0.12923,0.33460,0.13632,0.13482,6.42428,0.55787,6.86052,6.59258,0.14315,0.17258,7.10859,0.20482,0.22367,0.16674,0.24030,0.15363,0.27253,0.14395,0.10003,0.14300,0.12760,0.12230,0.12132,0.11499
1011,5.78352,0.11138,0.10817,7.12588,0.11255,0.12677,0.21683,0.13544,0.13074,6.11565,0.42701,6.75590,6.55949,0.13963,0.15432,7.09054,0.16414,0.15581,0.14512,0.17490,0.14745,0.17302,0.14013,0.10002,0.13703,0.12125,0.11856,0.12321,0.11583
1012,5.82798,0.11256,0.10812,7.11372,0.11177,0.12605,3.23278,0.13505,0.12935,5.95856,1.10440,6.78680,6.94817,0.13771,0.15196,7.08634,0.15833,0.15040,0.14411,0.20001,0.14516,0.20759,0.13823,0.09994,0.13317,0.11716,0.11791,0.12352,0.11672
1013,6.51764,0.11352,0.10810,7.11395,0.11135,0.12672,7.11061,0.13482,0.12892,6.06379,5.87267,6.87770,7.10856,0.13958,0.15750,7.08203,0.44707,0.42404,0.14892,2.93544,0.14635,3.10236,0.13773,0.09994,0.13194,0.11469,0.11890,0.12325,0.11743
1014,6.92540,0.11377,0.10801,7.12175,0.11116,0.12732,7.07902,0.13420,0.12908,6.27010,6.43490,6.95679,7.12366,0.13992,0.16565,7.08442,0.84098,0.83163,0.15730,4.58049,0.14612,4.67778,0.13720,0.09994,0.13041,0.11264,0.12022,0.12286,0.11766
1015,7.09687,0.11408,0.10811,7.14531,0.11125,0.12745,7.11517,0.13428,0.12809,6.67689,6.68560,7.02656,7.14172,0.14058,0.38089,7.09784,2.83468,2.47165,0.26407,6.40221,0.14798,6.35260,0.13773,0.09994,0.12995,0.11228,0.11973,0.12316,0.11764
1016,7.12656,0.11401,0.10800,7.13596,0.11144,0.12772,7.03642,0.13333,0.12831,6.80499,6.49137,7.04230,7.14735,0.14364,0.47040,7.08538,2.91072,2.64037,0.35700,5.77467,0.14681,5.65714,0.13656,0.09994,0.12791,0.11123,0.12184,0.12252,0.11776
1017,7.13212,0.11392,0.10795,7.12955,0.11097,0.12733,6.85243,0.13253,0.12748,6.94053,5.86891,7.05474,7.14348,0.14132,0.37997,7.07778,1.74176,1.61428,0.30598,4.21289,0.14568,4.26566,0.13526,0.09970,0.12568,0.11027,0.12077,0.12226,0.11744
1018,7.13655,0.11431,0.10778,7.12273,0.11054,0.12762,7.13783,0.13270,0.12614,6.99598,6.85467,7.07031,7.14640,0.20213,1.60812,7.07062,5.24576,5.05871,1.27453,6.95218,0.22557,6.94647,0.13714,0.09973,0.12668,0.10914,0.11959,0.12249,0.11749
1019,7.14716,0.11483,0.10771,7.13612,0.10999,0.12717,7.08222,0.13270,0.12516,7.08372,6.70717,7.10232,7.14992,0.18555,1.19703,7.08448,3.98937,3.92348,0.98491,6.18424,0.20578,6.23232,0.13706,0.09995,0.12604,0.10857,0.11853,0.12249,0.11767
1020,7.14695,0.11521,0.10781,7.15248,0.10987,0.12652,5.99907,0.13229,0.12326,7.12414,4.96738,7.12664,7.14506,0.14967,0.54956,7.09970,1.79810,1.83154,0.48840,3.40299,0.16466,3.63129,0.13587,0.10002,0.12529,0.10930,0.11704,0.12291,0.11777
1021,7.10256,0.11496,0.10770,7.16949,0.11079,0.12615,3.50564,0.13131,0.12079,7.12861,2.79583,7.14090,7.03603,0.13391,0.29164,7.12664,0.81098,0.86948,0.28468,1.57538,0.14773,1.74439,0.13459,0.10003,0.12528,0.11078,0.11626,0.12349,0.11769
1022,6.59291,0.11458,0.10772,7.16735,0.11115,0.12518,0.82224,0.12985,0.12022,7.07055,0.95934,7.08280,6.67902,0.12449,0.15732,7.12032,0.24358,0.25748,0.15447,0.38325,0.13477,0.41065,0.13294,0.09987,0.12297,0.10894,0.11567,0.12319,0.11730
1023,6.20961,0.11440,0.10749,7.12481,0.11109,0.12465,5.65101,0.12869,0.12024,6.89555,3.78479,6.97056,6.93764,0.12746,0.15621,7.07862,0.37601,0.36162,0.15523,1.80534,0.13310,1.84688,0.13103,0.09978,0.12091,0.10827,0.11795,0.12154,0.11734
1024,6.56514,0.11379,0.10712,7.09242,0.11264,0.12457,7.13661,0.12773,0.11993,6.73902,6.76378,6.96576,7.09705,0.13863,0.32041,7.06400,3.08777,2.88349,0.28761,6.69267,0.13710,6.65252,0.13035,0.09990,0.12127,0.10912,0.12190,0.11953,0.11755
1025,6.90933,0.11426,0.10766,7.09651,0.11118,0.12419,6.06031,0.12759,0.11988,6.69154,4.71884,7.00097,7.09672,0.12721,0.19590,7.06627,0.79073,0.80741,0.18953,2.61536,0.13357,2.82043,0.12965,0.09999,0.11984,0.10823,0.12007,0.11970,0.11771
1026,6.93984,0.11465,0.10846,7.12800,0.11176,0.12342,2.57607,0.12664,0.11807,6.78598,1.73389,7.01523,6.99751,0.11997,0.15355,7.09017,0.26462,0.26450,0.14557,0.57567,0.13146,0.69141,0.12838,0.10006,0.12059,0.11099,0.11646,0.12133,0.11784
1027,6.28612,0.11513,0.10946,7.13331,0.11285,0.12188,0.30237,0.12478,0.11712,6.74916,0.58094,6.99086,6.63358,0.11851,0.13174,7.08478,0.14516,0.13901,0.12322,0.16825,0.12714,0.16654,0.12788,0.10008,0.11942,0.11018,0.11493,0.12229,0.11813
1028,5.60232,0.11601,0.11040,7.09720,0.11352,0.12021,0.15002,0.12320,0.11714,6.61080,0.43066,6.88436,6.57181,0.11723,0.12589,7.05962,0.12691,0.12095,0.11945,0.12792,0.12600,0.12455,0.12622,0.10007,0.11757,0.10837,0.11496,0.12243,0.11839
1029,5.71614,0.11694,0.11114,7.07092,0.11395,0.11948,1.24603,0.12238,0.11656,6.45229,0.39249,6.87358,6.85714,0.11673,0.12544,7.05596,0.12440,0.11968,0.11955,0.12474,0.12521,0.12306,0.12385,0.10002,0.11574,0.10741,0.11537,0.12181,0.11874
1030,6.34390,0.11732,0.11143,7.06676,0.11412,0.11951,0.96092,0.12164,0.11558,6.47575,0.37695,6.89730,6.98709,0.11769,0.12525,7.06275,0.12384,0.12015,0.12080,0.12342,0.12394,0.12193,0.12222,0.09998,0.11477,0.10683,0.11576,0.12099,0.11905
1031,6.61816,0.11739,0.11163,7.07371,0.11418,0.11961,4.67841,0.12097,0.11473,6.44082,0.98938,6.89551,7.03898,0.11879,0.12464,7.07443,0.12304,0.12082,0.12207,0.14149,0.12307,0.14822,0.12126,0.09999,0.11491,0.10685,0.11591,0.12033,0.11929
1032,6.76913,0.11783,0.11217,7.08887,0.11426,0.11927,2.31854,0.12056,0.11459,6.28370,0.47894,6.89006,6.98319,0.11802,0.12399,7.08919,0.12334,0.12174,0.12152,0.12767,0.12232,0.12869,0.12078,0.10002,0.11419,0.10735,0.11554,0.11991,0.11943
1033,6.76408,0.11842,0.11281,7.10502,0.11431,0.11898,7.02078,0.12015,0.11419,6.43412,5.74300,6.92869,7.06837,0.12122,0.36983,7.10374,2.29490,2.13354,0.29925,4.58805,0.12346,4.62540,0.12080,0.10001,0.11459,0.10725,0.11514,0.11954,0.11951
1034,6.96012,0.11875,0.11323,7.11849,0.11417,0.11887,7.09244,0.11999,0.11410,6.70604,6.69263,7.03281,7.10277,0.33533,3.59830,7.11725,6.86200,6.73472,3.05858,7.06916,0.33328,7.06042,0.12211,0.09999,0.11760,0.10666,0.11492,0.11935,0.11953
1035,7.07773,0.11894,0.11345,7.12884,0.11405,0.11867,7.09340,0.12001,0.11432,6.92202,6.73218,7.06766,7.11677,0.75107,5.38454,7.12391,7.02259,6.95923,4.65470,7.07521,0.96652,7.06882,0.13083,0.09998,0.13047,0.10619,0.11493,0.11927,0.11950
1036,7.10475,0.11904,0.11366,7.13327,0.11413,0.11822,6.86026,0.11967,0.11444,7.02582,6.38694,7.05984,7.11679,0.33213,2.39380,7.12587,5.14832,4.68622,2.04132,6.21715,0.33754,6.08245,0.12409,0.09997,0.12080,0.10635,0.11505,0.11921,0.11943
1037,7.05444,0.11925,0.11433,7.13805,0.11432,0.11765,4.81846,0.11925,0.11464,6.97271,4.02819,7.01122,7.06461,0.16681,0.53966,7.12955,1.80277,1.64443,0.60562,3.02864,0.14674,2.88424,0.12093,0.09998,0.11549,0.10672,0.11502,0.11899,0.11933
1038,6.84672,0.11939,0.11479,7.14441,0.11457,0.11738,2.58290,0.11891,0.11458,6.66629,2.16412,6.96931,6.96835,0.13914,0.24064,7.13841,0.72499,0.74051,0.31535,1.33706,0.12817,1.29813,0.11987,0.10000,0.11380,0.10689,0.11501,0.11873,0.11928
1039,6.71100,0.11947,0.11531,7.15347,0.11496,0.11727,5.95651,0.11870,0.11419,6.56385,4.38682,6.98388,7.08326,0.16309,0.42190,7.14442,1.34036,1.27315,0.40161,3.04883,0.14808,3.08678,0.12000,0.10000,0.11568,0.10684,0.11491,0.11842,0.11922
1040,6.86919,0.11944,0.11573,7.15865,0.11518,0.11730,7.14513,0.11926,0.11554,6.72735,6.84974,7.04117,7.14541,0.41780,2.80151,7.14683,6.34821,6.09152,2.24107,7.11175,0.45435,7.09851,0.13587,0.09999,0.14087,0.10686,0.11483,0.11811,0.11917
1041,7.03355,0.11926,0.11558,7.16253,0.11501,0.11722,7.14254,0.12056,0.12000,6.75578,6.87440,7.05463,7.15699,0.79570,4.32406,7.14669,6.98918,6.92120,4.07662,7.12482,0.77298,7.11906,0.15454,0.09990,0.17485,0.10692,0.11481,0.11786,0.11901
1042,7.13220,0.11911,0.11538,7.17003,0.11456,0.11718,7.12204,0.12099,0.12302,6.98000,6.87531,7.11182,7.16522,0.77800,3.48112,7.14805,6.53129,6.52530,3.69902,7.04519,0.64862,7.04061,0.15269,0.09993,0.17133,0.10646,0.11493,0.11770,0.11885
1043,7.15387,0.11906,0.11523,7.17557,0.11447,0.11713,6.72676,0.12026,0.12203,7.09897,6.20519,7.14115,7.16370,0.39540,1.41336,7.14933,3.77289,4.18819,1.75956,5.42842,0.31487,5.64114,0.13765,0.09999,0.14552,0.10576,0.11506,0.11769,0.11883
1044,7.07658,0.11890,0.11525,7.17919,0.11460,0.11694,4.28961,0.11982,0.11998,7.13891,3.67639,7.14058,7.07085,0.20460,0.54377,7.15013,1.42948,1.76321,0.69665,2.43841,0.18766,2.79562,0.13029,0.09998,0.13208,0.10578,0.11509,0.11771,0.11880
1045,6.81214,0.11879,0.11540,7.16981,0.11473,0.11688,3.17629,0.12025,0.11933,7.10374,2.35228,7.09526,7.04495,0.16674,0.33832,7.14638,0.81662,0.97727,0.42536,1.38282,0.15903,1.56395,0.12705,0.09998,0.12539,0.10520,0.11532,0.11759,0.11870
1046,6.89300,0.11873,0.11552,7.16989,0.11484,0.11702,3.71917,0.12101,0.11866,6.97698,2.37524,7.11800,7.16046,0.16313,0.36392,7.14969,0.85787,0.95646,0.41124,1.41675,0.16182,1.56972,0.12886,0.09999,0.12354,0.10527,0.11546,0.11748,0.11865
1047,7.07057,0.11862,0.11614,7.17902,0.11525,0.11727,2.99884,0.12196,0.11733,6.97279,2.14278,7.12933,7.14188,0.14359,0.40046,7.15580,0.79676,0.74612,0.32160,1.26463,0.17563,1.37034,0.13279,0.10001,0.12208,0.10669,0.11545,0.11745,0.11862
1048,7.07170,0.11849,0.11651,7.17911,0.11579,0.11761,3.04767,0.12364,0.11643,7.04492,1.99654,7.11776,7.11533,0.13691,0.44066,7.15434,0.76177,0.60548,0.27693,1.18400,0.20318,1.24051,0.13748,0.10000,0.12104,0.10748,0.11556,0.11752,0.11851
1049,6.71524,0.11835,0.11679,7.18334,0.11617,0.11761,1.04676,0.12362,0.11577,6.99115,1.09672,7.10864,6.87476,0.12348,0.28016,7.15698,0.46911,0.30971,0.18550,0.60832,0.16763,0.51984,0.13490,0.10000,0.11871,0.10748,0.11582,0.11774,0.11843
1050,6.10403,0.11822,0.11714,7.18939,0.11660,0.11750,0.43645,0.12300,0.11590,6.79017,0.67444,7.07805,6.75330,0.11747,0.18976,7.15987,0.25447,0.18036,0.13877,0.31000,0.13951,0.25492,0.13128,0.10000,0.11757,0.10755,0.11619,0.11799,0.11841
1051,5.93314,0.11809,0.11728,7.18878,0.11695,0.11752,0.29087,0.12320,0.11637,6.53000,0.54419,7.03554,6.89894,0.11540,0.16268,7.15660,0.18588,0.14043,0.12602,0.21444,0.13258,0.18173,0.12755,0.09999,0.11669,0.10748,0.11657,0.11800,0.11836
1052,6.21200,0.11801,0.11738,7.18736,0.11715,0.11779,0.24324,0.12344,0.11645,6.38312,0.48357,7.02238,6.97652,0.11465,0.15057,7.15354,0.16654,0.12812,0.12204,0.17111,0.13226,0.15204,0.12470,0.10002,0.11664,0.10794,0.11693,0.11798,0.11833
1053,6.54014,0.11806,0.11753,7.20719,0.11729,0.11825,3.75224,0.12329,0.11599,6.36717,0.98383,7.05887,7.14600,0.11508,0.14842,7.16565,0.15155,0.13038,0.12285,0.18147,0.13111,0.18507,0.12430,0.10004,0.11720,0.10909,0.11721,0.11818,0.11839
1054,6.92365,0.11805,0.11744,7.22630,0.11728,0.11869,7.20931,0.12315,0.11550,6.49283,5.96261,7.10509,7.23051,0.11677,0.14986,7.18002,0.25908,0.27143,0.12637,2.55602,0.13413,2.90671,0.12572,0.09998,0.11677,0.10935,0.11734,0.11839,0.11840
1055,7.15171,0.11801,0.11725,7.24913,0.11719,0.11880,7.13190,0.12308,0.11557,6.74081,5.97429,7.15505,7.25871,0.11655,0.14850,7.19905,0.29497,0.29349,0.12609,2.70920,0.13431,2.85799,0.12538,0.09997,0.11604,0.10820,0.11739,0.11852,0.11838
1056,7.22940,0.11797,0.11695,7.25540,0.11711,0.11876,5.48736,0.12284,0.11604,6.94291,2.71156,7.17106,7.26713,0.11553,0.14336,7.20077,0.17358,0.15565,0.12386,0.56329,0.13002,0.59881,0.12470,0.09997,0.11500,0.10640,0.11748,0.11849,0.11833
1057,7.17878,0.11794,0.11670,7.25831,0.11693,0.11871,1.74806,0.12254,0.11622,7.02854,0.88747,7.18973,7.14153,0.11426,0.13723,7.19997,0.14811,0.13266,0.12183,0.20293,0.12615,0.20201,0.12412,0.09998,0.11430,0.10527,0.11751,0.11845,0.11831
1058,6.34642,0.11793,0.11697,7.26933,0.11640,0.11836,0.16775,0.12120,0.11677,6.99870,0.41490,7.14285,6.72784,0.11269,0.12495,7.19949,0.12954,0.12013,0.11622,0.13233,0.12266,0.12603,0.12319,0.09997,0.11498,0.10581,0.11744,0.11844,0.11827
1059,5.87141,0.11795,0.11703,7.20473,0.11660,0.11833,1.00346,0.12033,0.11703,6.78596,0.34550,6.99939,6.94774,0.11169,0.12153,7.07243,0.12110,0.11509,0.11383,0.12223,0.12172,0.11957,0.12122,0.09994,0.11405,0.10725,0.11704,0.11829,0.11823
1060,6.58135,0.11792,0.11683,7.10092,0.11669,0.11851,7.00224,0.11991,0.11619,6.64523,4.71066,6.96966,7.18872,0.11182,0.12092,6.95922,0.21992,0.20613,0.11465,1.95888,0.12089,2.10269,0.12012,0.09992,0.11288,0.10772,0.11689,0.11816,0.11819
1061,7.05644,0.11790,0.11676,7.03766,0.11666,0.11843,7.07438,0.11948,0.11572,6.69800,5.72727,6.99579,7.13279,0.11064,0.12411,6.91927,0.35438,0.27314,0.11455,2.89848,0.11962,2.68779,0.11907,0.09995,0.11307,0.10854,0.11685,0.11813,0.11814
1062,7.12251,0.11792,0.11684,7.01644,0.11681,0.11821,4.57160,0.11923,0.11572,6.86676,2.13835,7.02472,7.07799,0.10996,0.12102,6.90989,0.16026,0.12855,0.11278,0.48061,0.11823,0.45168,0.11787,0.10001,0.11385,0.10913,0.11684,0.11827,0.11815
1063,7.01361,0.11793,0.11700,7.05610,0.11703,0.11806,1.69981,0.11898,0.11553,6.97131,0.78586,7.08263,7.04668,0.11040,0.11887,6.93153,0.13373,0.11603,0.11179,0.17461,0.11738,0.16601,0.11693,0.10003,0.11448,0.10951,0.11689,0.11845,0.11821
1064,6.99939,0.11792,0.11702,7.12748,0.11714,0.11800,1.17254,0.11879,0.11529,6.94826,0.63630,7.12173,7.10376,0.11075,0.11869,6.96175,0.12774,0.11506,0.11170,0.15279,0.11685,0.14682,0.11649,0.10004,0.11456,0.10912,0.11702,0.11852,0.11826
1065,6.82187,0.11791,0.11708,7.15787,0.11716,0.11797,0.27683,0.11864,0.11532,6.94171,0.39865,7.12900,7.00898,0.11113,0.11612,6.98272,0.12265,0.11329,0.11118,0.12564,0.11636,0.11934,0.11663,0.10003,0.11455,0.10832,0.11717,0.11856,0.11830
1066,6.55640,0.11792,0.11704,7.14492,0.11719,0.11798,0.15159,0.11854,0.11550,6.85401,0.34759,7.11914,6.98996,0.11130,0.11562,6.99028,0.11683,0.11211,0.11119,0.12009,0.11585,0.11547,0.11701,0.10004,0.11443,0.10741,0.11731,0.11859,0.11835
1067,6.45949,0.11792,0.11678,7.10459,0.11728,0.11801,1.32945,0.11846,0.11557,6.69345,0.33683,7.09509,7.02811,0.11154,0.11552,6.99114,0.11495,0.11173,0.11150,0.11633,0.11559,0.11531,0.11747,0.10003,0.11415,0.10642,0.11739,0.11862,0.11839
1068,6.79445,0.11793,0.11647,7.08974,0.11726,0.11803,3.64274,0.11841,0.11539,6.61316,0.48143,7.08152,7.14216,0.11129,0.11524,6.98624,0.11476,0.11224,0.11168,0.11910,0.11543,0.12097,0.11730,0.10001,0.11350,0.10553,0.11739,0.11861,0.11841
1069,7.04978,0.11793,0.11619,7.09826,0.11715,0.11803,1.81861,0.11836,0.11527,6.72378,0.33572,7.09253,7.12585,0.11085,0.11512,6.98591,0.11458,0.11216,0.11176,0.11645,0.11524,0.11614,0.11725,0.10000,0.11287,0.10483,0.11738,0.11860,0.11842
1070,7.03609,0.11792,0.11595,7.06965,0.11700,0.11802,0.87551,0.11828,0.11519,6.73855,0.29762,7.06172,7.06966,0.11016,0.11492,6.97773,0.11443,0.11205,0.11175,0.11487,0.11498,0.11429,0.11723,0.09999,0.11228,0.10427,0.11734,0.11857,0.11841
1071,7.01449,0.11792,0.11573,7.04894,0.11685,0.11799,5.63988,0.11812,0.11483,6.74582,1.28346,7.03190,7.08751,0.11014,0.11458,6.97405,0.11459,0.11326,0.11178,0.15339,0.11463,0.16822,0.11675,0.09998,0.11118,0.10369,0.11726,0.11853,0.11840
1072,6.89538,0.11790,0.11554,7.04429,0.11666,0.11797,1.37337,0.11803,0.11489,6.72325,0.30527,6.99288,6.93482,0.10924,0.11405,6.97060,0.11389,0.11193,0.11141,0.11562,0.11425,0.11613,0.11689,0.09996,0.11122,0.10347,0.11725,0.11851,0.11837
1073,6.76441,0.11787,0.11530,7.02823,0.11656,0.11792,6.87281,0.11782,0.11429,6.81319,4.28382,6.97180,7.03544,0.10972,0.11371,6.96247,0.12814,0.12947,0.11163,1.02399,0.11378,1.21596,0.11633,0.09996,0.10997,0.10324,0.11713,0.11846,0.11833
1074,6.93016,0.11789,0.11532,7.02297,0.11620,0.11788,4.12261,0.11772,0.11429,6.61606,2.42860,6.95154,6.98086,0.10944,0.11352,6.96510,0.12376,0.12581,0.11152,0.58105,0.11376,0.66913,0.11618,0.09999,0.10904,0.10410,0.11706,0.11844,0.11831
1075,6.48451,0.11791,0.11558,7.01598,0.11558,0.11778,0.16002,0.11754,0.11399,6.51586,0.28798,6.91197,6.75985,0.10983,0.11375,6.97532,0.11322,0.11203,0.11108,0.11334,0.11459,0.11292,0.11608,0.09998,0.10873,0.10585,0.11697,0.11838,0.11828
1076,6.41098,0.11783,0.11565,7.02947,0.11514,0.11747,4.30835,0.11692,0.11274,6.52570,0.81099,6.88844,6.94104,0.11066,0.11397,7.03635,0.11290,0.11198,0.11145,0.12248,0.11460,0.12570,0.11503,0.09987,0.10913,0.10676,0.11646,0.11819,0.11814
1077,6.52413,0.11770,0.11561,7.12583,0.11483,0.11689,6.94786,0.11624,0.11131,5.93496,5.67743,6.89893,7.02693,0.11170,0.11858,7.21408,0.93794,0.67816,0.12562,4.09627,0.11414,3.92208,0.11411,0.09990,0.10992,0.10845,0.11497,0.11782,0.11796
1078,6.55545,0.11754,0.11526,7.26413,0.11449,0.11657,7.06132,0.11630,0.11095,5.82372,6.47781,6.92933,7.12104,0.12826,0.37583,7.32486,4.18688,3.06232,0.46092,6.77559,0.11463,6.44686,0.11403,0.09995,0.11053,0.10867,0.11359,0.11748,0.11791
1079,6.88958,0.11744,0.11515,7.32285,0.11419,0.11633,6.76326,0.11642,0.11111,6.25655,5.87062,7.04268,7.22363,0.14420,0.24921,7.34090,2.35893,2.35565,0.61429,5.02070,0.11571,4.79169,0.11451,0.09996,0.11131,0.10794,0.11327,0.11729,0.11787
1080,7.05125,0.11732,0.11497,7.33356,0.11400,0.11605,5.35335,0.11644,0.11147,6.61282,3.57039,7.10769,7.27215,0.18804,0.14267,7.34006,0.32871,0.63369,0.46633,1.65277,0.11854,1.87660,0.11521,0.09997,0.11383,0.10757,0.11316,0.11708,0.11781
1081,7.11813,0.11717,0.11482,7.32171,0.11364,0.11589,7.16423,0.11685,0.11583,6.81653,5.87138,7.12532,7.31219,0.31130,0.22767,7.32818,1.66225,1.55711,0.38138,4.31736,0.14141,4.36330,0.12126,0.09994,0.14183,0.11076,0.11312,0.11672,0.11774
1082,7.18912,0.11682,0.11461,7.30350,0.11295,0.11615,7.32431,0.12041,0.13271,7.00889,6.91567,7.15719,7.31063,0.36833,0.53396,7.30853,4.46521,3.83553,0.96731,7.00002,0.17438,6.80708,0.14509,0.09989,0.18358,0.11539,0.11509,0.11613,0.11752
1083,7.18981,0.11626,0.11409,7.28535,0.11258,0.11703,7.30612,0.12383,0.15054,6.86437,6.95248,7.14180,7.29415,0.62070,0.61106,7.29146,4.72768,4.35598,1.37980,7.00330,0.21816,6.81054,0.15471,0.09980,0.19651,0.12041,0.12100,0.11561,0.11708
1084,7.18917,0.11547,0.11307,7.27382,0.11549,0.11805,7.28805,0.12451,0.16779,6.82465,6.99046,7.12790,7.27854,0.98253,0.80676,7.27558,5.16282,4.89895,1.58754,7.03576,0.34101,6.83396,0.15264,0.09985,0.22657,0.15506,0.13393,0.11533,0.11660
1085,7.19786,0.11506,0.11294,7.26609,0.12177,0.11966,7.27571,0.13056,0.19982,7.03424,7.04560,7.17750,7.26857,1.27995,3.03552,7.26191,6.59047,6.27459,3.10363,7.20282,0.65326,7.16309,0.21456,0.09995,0.38013,0.17694,0.14617,0.11607,0.11616
1086,7.22444,0.11473,0.11279,7.26030,0.12887,0.12057,7.26696,0.13716,0.25249,7.11785,7.06543,7.17643,7.26343,1.87118,3.85882,7.25307,7.07008,6.94883,4.37791,7.25070,0.90925,7.24329,0.25173,0.09992,0.41504,0.19527,0.15513,0.11728,0.11570
1087,7.21738,0.11462,0.11288,7.25695,0.13877,0.12327,7.26037,0.14512,0.30907,7.11848,7.07953,7.15144,7.25761,2.45798,4.31101,7.24887,7.12785,7.07059,5.02358,7.23675,1.44876,7.23176,0.27085,0.10000,0.47575,0.22153,0.18010,0.11952,0.11537
1088,7.21698,0.11464,0.11309,7.26187,0.14885,0.12610,7.23829,0.14379,0.32963,7.12713,7.06485,7.16121,7.25563,2.04276,3.56278,7.25390,6.40600,6.60205,4.51319,7.12215,1.50573,7.12721,0.27625,0.09999,0.45599,0.22559,0.19966,0.12229,0.11548
1089,7.22259,0.11504,0.11331,7.27479,0.14309,0.13081,7.24562,0.16626,0.33328,7.15857,7.08649,7.20864,7.26312,1.88964,4.04086,7.27065,6.51507,6.53875,4.47778,7.13448,1.75064,7.13860,0.44996,0.10002,0.48749,0.22084,0.20838,0.12472,0.11628
1090,7.24633,0.11521,0.11305,7.29785,0.14432,0.13078,6.77262,0.16246,0.29739,7.18593,6.39510,7.25659,7.26685,0.91111,2.64885,7.29267,4.54381,4.88146,2.93760,5.75278,1.15365,5.91018,0.41299,0.10003,0.40729,0.21376,0.20041,0.12425,0.11644
1091,7.14343,0.11534,0.11286,7.30725,0.14176,0.13179,4.62764,0.14911,0.28468,7.20314,4.29930,7.25863,7.16200,0.53908,1.28573,7.29354,2.38084,2.83706,1.52276,3.31825,0.60344,3.65568,0.27589,0.10004,0.33317,0.18306,0.19517,0.12428,0.11652
1092,6.90868,0.11572,0.11288,7.30787,0.13343,0.13535,4.47424,0.15255,0.28436,7.16612,3.46999,7.23706,7.19463,0.51484,0.90806,7.28773,1.71410,2.08680,1.14490,2.52124,0.44583,2.78335,0.23902,0.10001,0.28407,0.16038,0.19720,0.12571,0.11679
1093,6.95507,0.11592,0.11268,7.31376,0.13054,0.13742,3.65755,0.15846,0.27641,7.10226,3.01940,7.25501,7.19297,0.43237,0.80417,7.30356,1.46468,1.79288,1.02164,2.14233,0.41296,2.35321,0.24575,0.10002,0.26680,0.15132,0.19543,0.12614,0.11682
1094,6.66305,0.11577,0.11244,7.33277,0.13455,0.13574,1.79443,0.15071,0.25787,7.01452,1.86725,7.24591,6.96848,0.28436,0.50643,7.32116,0.82899,1.11235,0.63782,1.15809,0.31892,1.37860,0.22550,0.10002,0.25559,0.14474,0.18917,0.12489,0.11660
1095,6.39811,0.11647,0.11285,7.33425,0.12814,0.13693,1.22623,0.14897,0.24952,6.96191,1.40787,7.18400,7.00870,0.24845,0.38826,7.31253,0.58691,0.80239,0.45451,0.80376,0.27039,0.98430,0.20657,0.10003,0.22968,0.13652,0.18721,0.12686,0.11737
1096,6.53576,0.11776,0.11370,7.32905,0.12316,0.13860,4.67822,0.15055,0.24006,7.05234,1.85716,7.17843,7.19496,0.24971,0.38666,7.31490,0.59706,0.76477,0.44829,0.85560,0.26286,0.94296,0.20007,0.10002,0.20862,0.13000,0.19059,0.12953,0.11921
1097,6.82531,0.11911,0.11480,7.32290,0.13009,0.13851,3.49383,0.14298,0.21792,6.90226,1.70908,7.17236,7.19154,0.24484,0.35739,7.29409,0.54850,0.67094,0.40589,0.78692,0.23821,0.85979,0.17917,0.10010,0.19034,0.12888,0.19632,0.13261,0.12150
1098,6.88952,0.12351,0.11780,7.29389,0.12751,0.14231,7.24104,0.14921,0.19336,6.82031,6.41367,7.15191,7.24012,0.31031,0.50707,7.26955,1.71902,1.49624,0.53673,4.91438,0.25857,4.78238,0.17072,0.10061,0.18767,0.14152,0.19404,0.13499,0.12681
1099,7.05503,0.12725,0.12103,7.29193,0.12146,0.15003,7.28860,0.17065,0.18925,6.86569,6.94995,7.21025,7.28348,0.39004,1.48456,7.28393,4.57369,3.79660,1.12634,6.84546,0.35691,6.59990,0.19623,0.10001,0.19379,0.14128,0.16613,0.13448,0.12989
1100,7.25305,0.13095,0.12473,7.31281,0.12162,0.15938,7.28475,0.19842,0.16962,7.13647,7.04037,7.27114,7.29736,0.50021,3.83992,7.30805,6.81963,5.39001,2.43924,7.21322,0.75258,6.99256,0.27503,0.10003,0.20040,0.14436,0.13550,0.14366,0.13166
1101,7.26046,0.13225,0.12612,7.28669,0.12410,0.16078,5.84176,0.20391,0.15200,7.27149,5.26723,7.27174,7.21872,0.24768,1.49582,7.31480,3.54688,2.44537,0.97952,4.81461,0.39751,3.96798,0.25334,0.10003,0.17193,0.14046,0.12838,0.15350,0.13311
1102,6.70314,0.13120,0.12506,7.27527,0.12556,0.15561,1.68091,0.17999,0.15431,7.23207,1.66214,7.20821,6.78668,0.18703,0.34358,7.29778,0.65854,0.59053,0.29447,1.03030,0.24876,0.95989,0.22304,0.10004,0.17176,0.13350,0.13350,0.14833,0.13187
1103,6.16529,0.13026,0.12380,7.28484,0.12984,0.14864,0.41483,0.16410,0.15552,7.11102,0.65491,7.10636,6.71580,0.19457,0.23884,7.27670,0.25220,0.24796,0.21439,0.28818,0.21281,0.29691,0.17945,0.09998,0.17032,0.13641,0.14529,0.14040,0.13092
1104,6.27643,0.12987,0.12324,7.28654,0.13407,0.14648,5.24471,0.15602,0.15561,7.01509,3.90838,7.09702,6.98930,0.19734,0.22845,7.28195,0.33759,0.33032,0.21761,1.74186,0.19263,1.83055,0.16729,0.09990,0.17103,0.13700,0.15194,0.13741,0.13130
1105,6.64898,0.12973,0.12351,7.29458,0.13313,0.14704,7.23812,0.15441,0.15699,7.01280,6.77234,7.14297,7.21529,0.20398,0.29580,7.29097,2.01374,1.96284,0.28007,6.01667,0.19952,6.03460,0.16645,0.09990,0.17263,0.13227,0.15315,0.13731,0.13174
1106,6.89571,0.12940,0.12387,7.30864,0.14056,0.14667,7.23644,0.14999,0.16432,6.88358,6.99860,7.16128,7.22257,0.57338,2.49908,7.29583,6.38665,4.94148,2.24368,7.22056,0.22506,7.09752,0.15759,0.10167,0.19587,0.16085,0.15532,0.13831,0.13231
1107,6.96362,0.12950,0.12493,7.31320,0.14706,0.14544,7.25365,0.15485,0.17737,6.86553,6.97208,7.20261,7.27673,1.25593,4.71966,7.29304,6.74857,5.38355,4.01483,7.07440,0.78447,6.76631,0.18227,0.10004,0.26232,0.17414,0.15551,0.14071,0.13265
1108,6.95905,0.12937,0.12574,7.31217,0.15033,0.14555,5.87548,0.14885,0.19448,6.88126,5.43007,7.19025,7.22256,1.03331,0.98766,7.28726,3.26404,3.60879,2.07580,4.83111,0.22042,4.64322,0.16199,0.10004,0.25952,0.23112,0.16278,0.14098,0.13222
1109,6.86372,0.12939,0.12588,7.31402,0.15489,0.14664,3.19334,0.14871,0.20523,6.87286,2.80341,7.18534,7.09632,0.81179,0.31003,7.29791,0.72544,1.60064,1.18733,1.55025,0.17035,2.14923,0.15907,0.10002,0.26919,0.21964,0.17296,0.14151,0.13203
1110,6.65865,0.12971,0.12567,7.32469,0.16166,0.14804,1.48596,0.14981,0.21343,6.88133,1.53101,7.18576,6.95088,0.70926,0.25184,7.30783,0.37380,0.89058,0.83429,0.69352,0.17221,1.09394,0.16181,0.10002,0.27678,0.18282,0.18106,0.14262,0.13208
1111,6.33971,0.13001,0.12449,7.33371,0.16442,0.15420,0.53822,0.15403,0.20055,6.91782,0.81250,7.14768,6.72287,0.49920,0.21696,7.31150,0.28176,0.58376,0.62098,0.35796,0.16344,0.55163,0.15811,0.10001,0.24680,0.16755,0.18820,0.14318,0.13262
1112,6.10176,0.13043,0.12314,7.33473,0.16421,0.15891,1.97948,0.15690,0.19367,6.98313,0.78075,7.14582,6.92301,0.39990,0.20530,7.31277,0.25945,0.49462,0.51450,0.31777,0.16394,0.43770,0.16134,0.09999,0.21835,0.13707,0.19116,0.14394,0.13327
1113,6.42364,0.13083,0.12190,7.33579,0.16803,0.16092,1.79576,0.15485,0.18833,6.98351,0.74853,7.18968,7.15234,0.39884,0.20432,7.31305,0.24779,0.41223,0.42429,0.32333,0.18040,0.40675,0.17016,0.10000,0.19044,0.12119,0.19271,0.14547,0.13380
1114,6.57740,0.13126,0.12116,7.34061,0.16856,0.16238,0.62603,0.15399,0.17880,6.87010,0.60040,7.22058,7.20373,0.38122,0.20395,7.31335,0.22395,0.34816,0.37875,0.28591,0.19074,0.37313,0.16806,0.10001,0.16791,0.11552,0.19207,0.14768,0.13427
1115,6.71883,0.13167,0.12147,7.34425,0.16185,0.16621,0.36234,0.16152,0.16057,6.88024,0.53702,7.23900,7.04770,0.30363,0.22814,7.31278,0.23282,0.33357,0.36909,0.25975,0.19233,0.32393,0.16387,0.10000,0.16481,0.12193,0.18877,0.14836,0.13427
1116,6.39347,0.13187,0.12234,7.34158,0.15312,0.16860,0.29255,0.16704,0.14973,6.84901,0.48329,7.18455,7.01455,0.21465,0.23057,7.30758,0.26538,0.35292,0.33355,0.26480,0.18038,0.31222,0.16513,0.09999,0.16222,0.13386,0.17898,0.14895,0.13425
1117,6.49898,0.13213,0.12182,7.32829,0.14859,0.16834,0.29643,0.16605,0.14906,6.83813,0.48671,7.13435,7.06670,0.19150,0.21221,7.29410,0.26794,0.34507,0.28790,0.28648,0.17580,0.32954,0.16514,0.10000,0.15823,0.12713,0.17359,0.15050,0.13461
1118,6.33894,0.13206,0.12075,7.32604,0.14752,0.16763,0.31989,0.16589,0.14801,6.72970,0.48570,7.11641,7.00570,0.16635,0.18894,7.28493,0.23786,0.31323,0.24794,0.27601,0.16923,0.32090,0.16445,0.10001,0.15317,0.11868,0.17151,0.15064,0.13465
1119,6.18136,0.13174,0.11971,7.32660,0.14732,0.16663,0.29639,0.16645,0.14689,6.64016,0.44505,7.13191,6.88207,0.14719,0.17444,7.27863,0.20168,0.26920,0.20779,0.23647,0.16423,0.28141,0.16314,0.10000,0.14878,0.11353,0.17018,0.14998,0.13454
1120,5.77699,0.13123,0.11905,7.32044,0.14784,0.16510,0.24688,0.16729,0.14328,6.45934,0.38330,7.08471,6.89024,0.14060,0.16316,7.26283,0.17483,0.21340,0.16538,0.19432,0.16263,0.22719,0.16171,0.10000,0.14729,0.11234,0.16774,0.14915,0.13435
1121,5.97873,0.13096,0.11821,7.30000,0.14766,0.16437,0.22346,0.16723,0.14281,6.39916,0.35514,7.08526,6.98227,0.13828,0.16076,7.22748,0.16667,0.18993,0.15311,0.18080,0.16153,0.20483,0.16072,0.10000,0.14105,0.10864,0.16715,0.14860,0.13437
1122,5.81202,0.13121,0.11801,7.25422,0.14524,0.16229,0.61419,0.16710,0.14280,6.31891,0.31075,6.99918,6.87731,0.13513,0.15481,7.16309,0.15658,0.15490,0.14217,0.16172,0.15702,0.16720,0.16285,0.10001,0.14178,0.11107,0.16462,0.14788,0.13453
1123,6.21083,0.13215,0.11859,7.19520,0.14091,0.16160,5.19698,0.16529,0.14037,6.39870,1.56967,6.99405,7.18676,0.13471,0.15196,7.09415,0.15556,0.15433,0.14230,0.19926,0.15245,0.21138,0.16265,0.10000,0.14210,0.11165,0.16153,0.14932,0.13527
1124,6.29297,0.13286,0.11883,7.13192,0.13719,0.15877,0.17780,0.16435,0.14307,6.32803,0.27757,6.96539,6.75404,0.13712,0.14687,7.04345,0.14654,0.14186,0.13699,0.14910,0.15336,0.14751,0.16327,0.10000,0.14211,0.11387,0.15667,0.14882,0.13596
1125,5.81877,0.13396,0.11962,7.08977,0.13478,0.15500,0.30495,0.16108,0.14098,6.16398,0.25230,6.84981,6.71794,0.13876,0.14646,7.02527,0.14339,0.13836,0.13729,0.14239,0.15327,0.14022,0.16213,0.09999,0.14808,0.11887,0.15074,0.14882,0.13690
1126,6.14442,0.13559,0.12095,7.07235,0.13407,0.15141,6.39780,0.15573,0.14031,5.99681,4.19532,6.84251,7.05187,0.13707,0.14477,7.01916,0.46269,0.47105,0.13991,2.59765,0.14572,2.67085,0.15753,0.09993,0.15122,0.12714,0.14423,0.15028,0.13727
1127,6.69700,0.13688,0.12150,7.04639,0.13250,0.14960,7.06665,0.15559,0.14502,6.08497,6.50602,6.83491,7.07130,0.13837,0.23477,6.99296,1.78864,2.26937,0.18026,5.78943,0.14519,6.28625,0.15206,0.10000,0.14307,0.12326,0.14229,0.14845,0.13872
1128,6.81987,0.13744,0.12249,7.01966,0.13104,0.14885,6.77696,0.15337,0.14764,6.08090,5.29647,6.86108,7.04180,0.14287,0.24850,6.97621,0.81500,1.51130,0.22264,2.58581,0.15693,3.65380,0.14945,0.10004,0.13955,0.12375,0.14389,0.14536,0.14051
1129,6.90209,0.13798,0.12364,7.01373,0.13019,0.14865,6.89278,0.15156,0.14547,6.04656,5.59726,6.88000,7.02767,0.16415,0.27930,6.97580,0.94890,1.88427,0.37017,2.59372,0.16807,3.54528,0.15272,0.10003,0.13994,0.12198,0.14419,0.14428,0.14144
1130,6.99036,0.13853,0.12422,7.01387,0.12956,0.14841,6.99204,0.15104,0.14275,6.55781,6.22960,6.93826,7.02800,0.18570,0.32079,6.97568,1.30978,2.20724,0.53892,3.73713,0.17340,4.57850,0.15626,0.10001,0.14177,0.11836,0.14277,0.14435,0.14177
1131,7.02187,0.13876,0.12400,7.01676,0.12884,0.14812,5.79455,0.15082,0.14177,6.85427,4.13932,6.99405,7.02418,0.16621,0.25311,6.97573,0.76797,1.44306,0.42203,2.06484,0.16754,2.73070,0.15496,0.10001,0.14024,0.11479,0.14139,0.14453,0.14179
1132,6.87043,0.13868,0.12336,7.02287,0.12836,0.14783,2.15501,0.15067,0.14123,6.98176,1.68730,7.02886,6.86905,0.14447,0.19262,6.97591,0.32968,0.69524,0.27247,0.73940,0.16236,1.14170,0.15191,0.10000,0.13718,0.11164,0.14043,0.14444,0.14180
1133,6.48809,0.13855,0.12391,7.01242,0.12716,0.14766,3.57854,0.15009,0.13879,6.88628,1.78166,7.02167,6.91159,0.14206,0.18160,6.97059,0.29313,0.49525,0.23020,0.60388,0.15834,0.77984,0.15037,0.09998,0.13322,0.11016,0.14049,0.14356,0.14206
1134,6.80290,0.13892,0.12875,7.01219,0.12522,0.14792,7.01749,0.14735,0.13541,6.78237,6.37291,7.03863,7.02538,0.18812,0.87531,6.98128,3.00459,2.46702,0.47584,5.25638,0.20294,5.25045,0.14905,0.09999,0.13384,0.11099,0.13882,0.14364,0.14240
1135,7.04751,0.13942,0.13261,7.06736,0.12758,0.14716,6.71654,0.14461,0.13336,6.97987,6.09355,7.08575,7.07166,0.26088,1.76178,7.02778,4.48819,2.57750,0.72869,5.83427,0.25817,5.14590,0.15214,0.09999,0.13544,0.11276,0.13592,0.14466,0.14243
1136,6.92816,0.13903,0.13230,7.09130,0.12863,0.14709,3.12711,0.14467,0.13231,7.05564,2.60008,7.08982,6.92351,0.16380,0.40457,7.03970,1.22717,0.71352,0.36102,2.03137,0.16738,1.41394,0.14654,0.09999,0.13085,0.11174,0.13735,0.14433,0.14220
1137,6.32855,0.13851,0.13100,7.06826,0.12891,0.14679,0.99265,0.14505,0.13197,6.99059,1.04015,7.02048,6.69345,0.13699,0.19452,7.00410,0.35518,0.35795,0.21706,0.57592,0.14882,0.52358,0.14573,0.10000,0.12956,0.11059,0.13871,0.14351,0.14205
1138,5.79493,0.13798,0.12913,7.03434,0.13001,0.14611,0.37452,0.14552,0.13154,6.75474,0.58264,6.92125,6.62567,0.13315,0.15118,6.98284,0.18597,0.21695,0.16087,0.24057,0.14522,0.26440,0.14565,0.10000,0.12952,0.11007,0.13898,0.14240,0.14183
1139,5.80920,0.13721,0.12707,7.01712,0.13187,0.14546,0.24212,0.14555,0.13056,6.30995,0.46050,6.89136,6.75917,0.13541,0.14316,6.97603,0.15215,0.17046,0.14821,0.17237,0.14536,0.19019,0.14548,0.10000,0.12933,0.10878,0.13870,0.14153,0.14151
1140,6.05759,0.13635,0.12552,7.01077,0.13321,0.14494,0.30718,0.14543,0.12979,6.14963,0.41147,6.88851,6.78856,0.13576,0.14124,6.97224,0.14458,0.15389,0.14535,0.15382,0.14527,0.16458,0.14538,0.10000,0.12914,0.10695,0.13892,0.14104,0.14126
1141,6.45017,0.13568,0.12478,7.01992,0.13412,0.14462,1.65551,0.14518,0.12913,6.25069,0.40079,6.91283,6.96136,0.13110,0.14035,6.97625,0.14491,0.15357,0.14374,0.15375,0.14328,0.16117,0.14527,0.10001,0.12867,0.10686,0.13921,0.14085,0.14116
1142,6.31358,0.13389,0.12571,7.04838,0.13685,0.14382,0.16505,0.14468,0.13177,6.50267,0.34814,6.91529,6.55732,0.12652,0.13336,6.99329,0.13812,0.14393,0.13213,0.14307,0.14099,0.14727,0.14516,0.10003,0.13039,0.10907,0.14065,0.14053,0.14020
1143,5.67722,0.13395,0.12788,7.02486,0.13879,0.14355,0.14762,0.14419,0.13599,6.38805,0.30972,6.80576,6.52287,0.12368,0.13104,6.97583,0.12953,0.13098,0.12538,0.13159,0.13850,0.13354,0.14242,0.10004,0.12972,0.11267,0.14114,0.14098,0.13766
1144,5.80267,0.13496,0.12840,6.98943,0.13603,0.14350,3.28233,0.14363,0.13620,6.33936,1.40850,6.78227,6.80262,0.12287,0.13082,6.95651,0.12944,0.12940,0.12467,0.27550,0.13588,0.30618,0.14095,0.10001,0.12787,0.11327,0.14073,0.14116,0.13762
1145,6.28975,0.13699,0.12969,6.95383,0.13191,0.14275,6.99131,0.14173,0.13425,6.34311,6.31959,6.79110,6.96735,0.12490,0.13093,6.89776,0.66610,0.61936,0.12956,4.69156,0.13110,4.54700,0.13703,0.09999,0.12451,0.11198,0.13824,0.14111,0.13879
1146,6.66961,0.13803,0.13029,6.91242,0.13127,0.14170,4.12976,0.14084,0.13539,6.38631,2.52981,6.79611,6.90435,0.12554,0.12794,6.84702,0.17738,0.22414,0.12633,0.91438,0.13139,0.88709,0.13531,0.10000,0.12251,0.11217,0.13620,0.14056,0.13924
1147,6.46527,0.13838,0.12980,6.89672,0.13125,0.14050,0.46711,0.14139,0.13588,6.49367,0.44070,6.81260,6.64480,0.12185,0.12844,6.82637,0.12810,0.12962,0.12557,0.14026,0.12999,0.14982,0.13594,0.10001,0.12375,0.11349,0.13671,0.13989,0.13939
1148,6.36731,0.13855,0.12943,6.86413,0.13191,0.13959,3.93050,0.14119,0.13432,6.38040,1.25255,6.77344,6.78698,0.12116,0.12755,6.79895,0.12942,0.13024,0.12580,0.17916,0.12698,0.19086,0.13412,0.10002,0.12344,0.11521,0.13846,0.13884,0.13950
1149,6.32012,0.13851,0.12901,6.86973,0.13235,0.13906,0.21653,0.14125,0.13460,6.34532,0.32652,6.76248,6.63008,0.11886,0.12627,6.79106,0.12720,0.12668,0.12432,0.12862,0.12647,0.12917,0.13470,0.10000,0.12487,0.11484,0.13882,0.13821,0.13944
1150,6.04525,0.13832,0.12779,6.85643,0.13390,0.13831,1.24778,0.14120,0.13359,6.43289,0.30045,6.76258,6.66946,0.11788,0.12546,6.77480,0.12622,0.12556,0.12320,0.12739,0.12469,0.12779,0.13562,0.09997,0.12611,0.11415,0.13871,0.13782,0.13936
1151,6.26725,0.13822,0.12717,6.82889,0.13431,0.13805,1.18393,0.14092,0.13300,6.34476,0.28952,6.76268,6.78304,0.11710,0.12478,6.76003,0.12574,0.12515,0.12263,0.12710,0.12392,0.12748,0.13479,0.09999,0.12530,0.11274,0.13868,0.13745,0.13931
1152,6.49508,0.13815,0.12654,6.82486,0.13434,0.13799,2.84871,0.14073,0.13209,6.40199,0.29889,6.79054,6.83555,0.11660,0.12443,6.75594,0.12553,0.12501,0.12240,0.12796,0.12347,0.12948,0.13404,0.10000,0.12432,0.11111,0.13858,0.13728,0.13930
1153,6.54579,0.13793,0.12572,6.83712,0.13401,0.13786,0.18864,0.14050,0.13108,6.56199,0.25095,6.82749,6.64263,0.11608,0.12340,6.75303,0.12465,0.12392,0.12082,0.12548,0.12385,0.12528,0.13550,0.10000,0.12560,0.10972,0.13830,0.13741,0.13927
1154,6.12195,0.13760,0.12463,6.84563,0.13419,0.13767,0.33430,0.14021,0.12978,6.60488,0.24025,6.83912,6.69915,0.11649,0.12275,6.74506,0.12376,0.12288,0.11963,0.12468,0.12528,0.12434,0.13698,0.10000,0.12534,0.10789,0.13796,0.13755,0.13923
1155,6.09595,0.13734,0.12371,6.83349,0.13401,0.13743,0.14063,0.13989,0.13113,6.42674,0.22916,6.78497,6.54503,0.11524,0.12204,6.72894,0.12257,0.12119,0.11797,0.12336,0.12579,0.12288,0.13686,0.10000,0.12480,0.10797,0.13783,0.13755,0.13919
1156,5.62454,0.13676,0.12298,6.79991,0.13365,0.13707,1.08949,0.13888,0.13315,6.29688,0.29640,6.65904,6.46321,0.11489,0.12069,6.69754,0.12079,0.11828,0.11530,0.12186,0.12539,0.12119,0.13629,0.09993,0.12726,0.11051,0.13755,0.13738,0.13898
1157,5.87918,0.13681,0.12338,6.73245,0.13191,0.13726,6.77894,0.13816,0.13223,6.27264,5.50186,6.61774,6.76097,0.11486,0.12431,6.65844,0.48255,0.22841,0.11848,3.05044,0.12186,2.89831,0.13342,0.09994,0.12319,0.10974,0.13697,0.13684,0.13864
1158,6.45135,0.13648,0.12416,6.69544,0.13038,0.13729,6.46745,0.13758,0.12948,6.18934,4.83965,6.57716,6.74102,0.11606,0.13151,6.64449,0.61619,0.34815,0.12391,2.60489,0.12093,2.18097,0.13283,0.09995,0.11994,0.10894,0.13584,0.13648,0.13823
1159,6.69562,0.13649,0.12498,6.69957,0.12840,0.13715,6.12087,0.13720,0.12789,6.45041,4.24028,6.67366,6.72617,0.11576,0.13318,6.65284,0.48549,0.36383,0.12718,1.91016,0.12140,1.80398,0.13248,0.09998,0.11801,0.10682,0.13527,0.13618,0.13792
1160,6.63177,0.13655,0.12572,6.70240,0.12649,0.13701,2.09025,0.13712,0.12782,6.63152,1.25200,6.70738,6.53931,0.11421,0.12238,6.65229,0.18152,0.17446,0.11931,0.46985,0.12427,0.43167,0.13334,0.09999,0.11743,0.10591,0.13504,0.13587,0.13776
1161,5.92860,0.13646,0.12688,6.69913,0.12426,0.13681,0.20983,0.13695,0.12781,6.58890,0.35927,6.64946,6.31492,0.11295,0.12189,6.65154,0.12128,0.12016,0.11625,0.12976,0.12789,0.13060,0.13418,0.10000,0.11663,0.10645,0.13446,0.13559,0.13757
1162,5.44947,0.13630,0.12730,6.69428,0.12283,0.13660,0.13392,0.13671,0.12774,6.09788,0.29385,6.49030,6.08881,0.11345,0.12558,6.68519,0.12160,0.11668,0.11540,0.12012,0.13093,0.11821,0.13479,0.10000,0.11728,0.10735,0.13372,0.13525,0.13740
1163,5.14057,0.13596,0.12689,6.72448,0.12269,0.13639,2.38109,0.13633,0.12599,5.77568,0.65584,6.47885,6.25186,0.11512,0.12729,6.75554,0.12288,0.11682,0.11612,0.13050,0.13193,0.13140,0.13458,0.10000,0.11684,0.10670,0.13286,0.13489,0.13724
1164,5.29715,0.13567,0.12666,6.79272,0.12235,0.13620,3.10537,0.13607,0.12445,6.03024,1.09371,6.56923,6.48438,0.11412,0.12674,6.80246,0.12245,0.11747,0.11664,0.15163,0.13051,0.15924,0.13406,0.10000,0.11549,0.10602,0.13209,0.13472,0.13710
1165,5.62291,0.13544,0.12622,6.83451,0.12204,0.13600,2.53601,0.13591,0.12365,5.80430,1.06664,6.57902,6.47092,0.11373,0.12724,6.81832,0.12408,0.11842,0.11707,0.21752,0.12991,0.23322,0.13346,0.10000,0.11471,0.10518,0.13144,0.13448,0.13697
1166,6.03707,0.13528,0.12510,6.84898,0.12312,0.13588,6.56716,0.13464,0.12027,6.01132,5.99589,6.72309,6.69547,0.11542,0.13583,6.83615,1.07160,1.20897,0.13164,5.03672,0.12703,5.15213,0.13062,0.10001,0.11371,0.10355,0.13047,0.13425,0.13686
1167,6.43111,0.13480,0.12235,6.87222,0.12512,0.13570,5.75848,0.13414,0.11900,6.24693,4.26954,6.78227,6.72044,0.11330,0.12814,6.86919,0.35413,0.54323,0.12514,1.98754,0.12451,2.52604,0.12895,0.10001,0.11594,0.10411,0.13028,0.13451,0.13702
1168,6.53365,0.13383,0.12005,6.90472,0.12702,0.13547,1.62120,0.13382,0.11793,6.48615,0.96846,6.82963,6.56858,0.11256,0.12253,6.89644,0.13866,0.15513,0.11733,0.26123,0.12375,0.36478,0.12906,0.10001,0.11786,0.10545,0.13024,0.13501,0.13716
1169,6.33552,0.13261,0.11902,6.91210,0.12853,0.13536,0.23259,0.13362,0.11731,6.54707,0.36669,6.84386,6.15214,0.11315,0.12126,6.91299,0.12227,0.11960,0.11463,0.12986,0.12454,0.13297,0.12926,0.10001,0.11783,0.10577,0.13060,0.13536,0.13719
1170,5.68912,0.13162,0.11883,6.89851,0.12930,0.13532,0.13548,0.13348,0.11825,6.53575,0.30011,6.83590,5.92799,0.11355,0.12180,6.92952,0.11982,0.11518,0.11395,0.12003,0.12529,0.11794,0.12898,0.10001,0.11638,0.10506,0.13115,0.13553,0.13711
1171,4.97220,0.13103,0.11955,6.89288,0.12915,0.13520,0.12732,0.13322,0.12084,6.39764,0.27381,6.79545,5.90070,0.11264,0.12257,6.99785,0.12016,0.11395,0.11416,0.11886,0.12452,0.11565,0.12867,0.10002,0.11543,0.10416,0.13156,0.13566,0.13696
1172,4.74892,0.13069,0.12012,6.92449,0.12911,0.13507,0.12800,0.13287,0.12206,6.17139,0.25822,6.75066,6.13133,0.11147,0.12251,7.08483,0.12081,0.11406,0.11415,0.11932,0.12279,0.11552,0.12848,0.10001,0.11585,0.10370,0.13176,0.13570,0.13677
1173,5.18675,0.13025,0.11983,6.95146,0.12953,0.13505,0.12883,0.13270,0.12220,5.87096,0.24782,6.79180,6.35760,0.11061,0.12197,7.12113,0.12098,0.11430,0.11396,0.11972,0.12165,0.11576,0.12833,0.10001,0.11561,0.10308,0.13204,0.13568,0.13661
1174,5.50579,0.13002,0.11899,6.97916,0.12951,0.13510,0.13075,0.13289,0.12230,5.89275,0.23768,6.81609,6.34474,0.11088,0.12104,7.14871,0.12094,0.11474,0.11355,0.11992,0.12214,0.11606,0.12906,0.10001,0.11452,0.10229,0.13226,0.13560,0.13661
1175,5.66183,0.13020,0.11837,7.03067,0.12854,0.13482,3.06906,0.13240,0.11961,5.94590,1.56312,6.83491,6.63965,0.11188,0.12068,7.14956,0.13353,0.13258,0.11443,0.53744,0.12196,0.58195,0.12809,0.09997,0.11224,0.10189,0.13146,0.13535,0.13656
1176,6.23759,0.12972,0.11799,7.00461,0.12909,0.13460,6.34476,0.13087,0.11693,6.05076,5.58610,6.83245,6.77095,0.11321,0.13807,7.10096,1.31730,1.45509,0.14169,4.73194,0.11951,4.83337,0.12454,0.10001,0.11454,0.10345,0.13051,0.13496,0.13640
1177,6.42679,0.12853,0.11773,6.98783,0.12943,0.13500,1.40519,0.13248,0.11891,6.27319,0.92664,6.81827,6.39583,0.11509,0.11995,7.07946,0.13939,0.16055,0.11633,0.29567,0.12260,0.36596,0.12777,0.10003,0.11491,0.10314,0.13112,0.13471,0.13625
1178,5.83763,0.12889,0.11788,7.06442,0.12754,0.13493,0.17767,0.13347,0.12008,6.47577,0.28434,6.76966,6.28185,0.11529,0.12188,7.13976,0.11923,0.11581,0.11595,0.11891,0.12582,0.11772,0.12957,0.10002,0.11303,0.10386,0.13066,0.13455,0.13616
1179,5.63242,0.12880,0.11764,7.11463,0.12736,0.13477,5.66302,0.13304,0.11829,6.51662,2.90644,6.81769,6.80758,0.11583,0.12125,7.11968,0.12053,0.11925,0.11648,0.48130,0.12504,0.57279,0.12882,0.10001,0.11257,0.10329,0.12964,0.13451,0.13604
1180,6.09007,0.12844,0.11766,7.12266,0.12719,0.13457,2.95569,0.13227,0.11867,6.23934,1.22106,6.86062,6.92254,0.11265,0.12084,7.12113,0.11952,0.11745,0.11633,0.19064,0.12291,0.21453,0.12741,0.09999,0.11327,0.10361,0.12996,0.13451,0.13591
1181,6.18014,0.12878,0.11814,7.12225,0.12554,0.13394,0.16178,0.13144,0.12049,6.21494,0.28378,6.82792,6.59637,0.10977,0.12068,7.09850,0.11953,0.11592,0.11510,0.11864,0.12079,0.11683,0.12676,0.09994,0.11361,0.10368,0.13019,0.13436,0.13574
1182,5.92400,0.12856,0.11694,7.12264,0.12579,0.13383,0.13719,0.13165,0.11993,6.28412,0.26297,6.85213,6.72728,0.11021,0.12010,7.06675,0.11968,0.11636,0.11452,0.11882,0.12019,0.11679,0.12700,0.09996,0.11282,0.10275,0.13013,0.13386,0.13559
1183,5.75790,0.12806,0.11627,7.11922,0.12561,0.13389,0.12863,0.13239,0.12043,6.30190,0.24451,6.85073,6.56216,0.11088,0.11914,7.05881,0.11886,0.11505,0.11295,0.11875,0.12261,0.11671,0.12856,0.09997,0.11312,0.10269,0.12999,0.13339,0.13541
1184,5.41021,0.12892,0.11830,7.07525,0.12171,0.13277,0.39094,0.13224,0.12341,6.21910,0.22292,6.72878,6.62651,0.10866,0.12020,6.99486,0.11688,0.11185,0.11169,0.11592,0.12339,0.11358,0.12956,0.09988,0.11453,0.10740,0.12818,0.13330,0.13506
1185,6.03489,0.12999,0.12051,6.97406,0.11947,0.13142,3.21906,0.13096,0.12030,5.87309,0.62263,6.64031,6.81920,0.11084,0.11926,6.89793,0.11500,0.11193,0.11321,0.12217,0.12239,0.12215,0.12829,0.09992,0.11420,0.11008,0.12529,0.13189,0.13450
1186,6.30483,0.13037,0.12151,6.95824,0.11933,0.13039,6.55379,0.12881,0.11868,5.89950,5.00814,6.70775,6.93376,0.11271,0.28548,6.90105,2.23914,2.11274,0.25468,4.31326,0.11959,4.32961,0.12424,0.09995,0.11314,0.10820,0.12394,0.13108,0.13419
1187,6.62268,0.13031,0.12067,6.96123,0.12032,0.13060,6.97846,0.12788,0.11696,6.09777,6.49961,6.80444,6.98442,0.16832,2.12223,6.91072,6.47874,6.26504,1.76005,6.94954,0.13389,6.93651,0.12121,0.09997,0.11223,0.10628,0.12446,0.12934,0.13369
1188,6.80862,0.13003,0.12002,6.95824,0.12154,0.13058,6.97400,0.12741,0.11585,6.25390,6.55356,6.85387,6.98288,0.42648,3.56913,6.92373,6.74120,6.78299,3.55918,6.95079,0.26172,6.94153,0.12032,0.10000,0.11453,0.10658,0.12455,0.12797,0.13319
1189,6.93566,0.12938,0.11904,6.99308,0.12249,0.13009,6.94444,0.12736,0.11559,6.58395,6.57537,6.89741,6.98747,0.49479,2.25555,6.95470,5.77430,6.38811,3.17476,6.88220,0.19577,6.90515,0.12084,0.10000,0.12099,0.11241,0.12526,0.12731,0.13297
1190,6.94874,0.12898,0.11851,7.00445,0.12278,0.12903,6.92410,0.12671,0.11594,6.88484,6.56917,6.91887,6.96984,0.53084,1.90844,6.98512,5.00393,6.01791,2.94489,6.55286,0.21363,6.73631,0.12267,0.10000,0.12805,0.11608,0.12562,0.12692,0.13280
1191,6.91338,0.12891,0.11795,6.98961,0.12254,0.12790,5.96383,0.12707,0.11670,6.91644,5.23754,6.93318,6.91457,0.33314,0.65694,6.99936,2.34058,3.82169,1.34655,4.00503,0.14761,4.91826,0.12417,0.10000,0.12254,0.11099,0.12562,0.12666,0.13273
1192,6.73280,0.12850,0.11731,6.98415,0.12265,0.12745,2.86884,0.12725,0.11748,6.89387,2.47158,6.93669,6.67693,0.19548,0.20412,7.00052,0.58157,1.35273,0.47747,1.30040,0.12655,2.04554,0.12550,0.10001,0.11859,0.10711,0.12563,0.12656,0.13268
1193,6.14492,0.12834,0.11734,6.99234,0.12264,0.12761,1.95475,0.12731,0.11775,6.79073,1.13699,6.91523,6.54913,0.14995,0.14414,6.96758,0.23395,0.54044,0.29002,0.46275,0.12444,0.73264,0.12552,0.10001,0.11589,0.10429,0.12565,0.12610,0.13217
1194,6.00696,0.12814,0.11707,6.98830,0.12285,0.12743,1.25375,0.12742,0.11712,6.49583,0.80870,6.89454,6.67418,0.14116,0.13799,6.96807,0.19227,0.38750,0.24370,0.33165,0.12431,0.47222,0.12548,0.10002,0.11507,0.10346,0.12549,0.12577,0.13189
1195,5.65066,0.12731,0.11694,6.97347,0.12328,0.12718,0.28831,0.12806,0.11702,6.29627,0.48541,6.85122,6.41946,0.12325,0.12684,6.96183,0.14306,0.24026,0.16903,0.17951,0.12446,0.26069,0.12576,0.10001,0.11300,0.10297,0.12539,0.12557,0.13164
1196,5.29779,0.12650,0.11662,6.95366,0.12336,0.12699,0.20775,0.12812,0.11679,6.16725,0.39704,6.79272,6.47146,0.11731,0.12471,6.94571,0.13048,0.17783,0.13878,0.14659,0.12439,0.18937,0.12629,0.10000,0.11186,0.10228,0.12508,0.12558,0.13150
1197,5.51946,0.12654,0.11707,6.94342,0.12262,0.12689,1.54358,0.12776,0.11617,6.01735,0.37114,6.77060,6.67086,0.11612,0.12424,6.94241,0.12878,0.15215,0.12930,0.14540,0.12419,0.16375,0.12622,0.10000,0.11115,0.10311,0.12468,0.12556,0.13097
1198,5.65164,0.12681,0.11860,6.94941,0.12137,0.12671,3.39701,0.12679,0.11507,6.21785,2.16670,6.78067,6.60522,0.11686,0.12404,6.95465,0.14521,0.15392,0.12527,0.76413,0.12431,0.81817,0.12525,0.09999,0.11116,0.10521,0.12365,0.12535,0.12987
1199,5.95978,0.12715,0.11978,6.96753,0.12104,0.12651,6.90196,0.12612,0.11371,6.29360,6.35847,6.82319,6.87413,0.12062,0.16370,6.98290,2.05473,1.96453,0.17622,6.13481,0.12316,6.06144,0.12383,0.09997,0.11203,0.10578,0.12206,0.12466,0.12869
1200,6.44474,0.12704,0.12027,6.99444,0.12085,0.12613,6.73496,0.12596,0.11380,6.23620,5.97905,6.87036,6.93395,0.12156,0.17247,7.01604,1.59202,1.75120,0.22308,4.89230,0.12293,4.77951,0.12310,0.09996,0.11231,0.10616,0.12129,0.12386,0.12782
1201,6.68715,0.12680,0.12080,7.03350,0.12046,0.12567,6.46256,0.12557,0.11385,6.40059,5.29644,6.92038,6.95244,0.12474,0.17724,7.07582,1.01930,1.20261,0.24636,3.47236,0.12300,3.48362,0.12312,0.10000,0.11284,0.10660,0.12105,0.12335,0.12702
1202,6.81366,0.12668,0.12132,7.08858,0.11993,0.12536,5.89192,0.12512,0.11366,6.58838,4.55816,6.95403,6.95258,0.13351,0.21981,7.13986,1.03419,1.19457,0.29874,2.93434,0.12463,3.02217,0.12263,0.10001,0.11313,0.10631,0.12076,0.12310,0.12627
1203,6.83623,0.12637,0.12058,7.00826,0.11970,0.12511,6.85845,0.12412,0.11329,6.75902,6.55953,6.89260,6.85608,0.18751,0.82041,7.14667,4.01283,4.34386,0.98085,6.61728,0.14841,6.64854,0.12172,0.10001,0.11612,0.10740,0.12112,0.12295,0.12613
1204,6.78322,0.12594,0.11928,6.80977,0.11992,0.12450,6.50144,0.12417,0.11393,6.80231,5.62638,6.81793,6.76429,0.17446,0.38387,6.97853,1.55873,2.64185,0.67745,3.82107,0.13224,4.61420,0.12173,0.10002,0.11704,0.11097,0.12142,0.12284,0.12640
1205,6.77797,0.12542,0.11841,6.80466,0.12006,0.12403,6.68194,0.12367,0.11417,6.77898,6.14686,6.85074,6.79855,0.27116,0.61202,6.83002,2.63628,3.40776,1.18975,5.25223,0.15575,5.45229,0.12239,0.10003,0.12380,0.12079,0.12091,0.12287,0.12643
1206,6.81968,0.12523,0.11768,6.88606,0.11982,0.12357,5.32442,0.12360,0.11524,6.80778,4.50230,6.91365,6.84373,0.22362,0.41959,6.83814,1.39197,2.28219,0.81237,2.98091,0.14295,3.58479,0.12269,0.10002,0.12276,0.12216,0.12128,0.12287,0.12647
1207,6.54448,0.12517,0.11708,6.92704,0.11951,0.12329,1.70300,0.12368,0.11584,6.82257,1.62808,6.93094,6.56202,0.15306,0.18142,6.88607,0.40002,0.81030,0.31895,0.76182,0.12548,1.17045,0.12281,0.10002,0.12063,0.11690,0.12153,0.12292,0.12651
1208,5.87945,0.12461,0.11676,6.93588,0.11976,0.12328,0.56583,0.12369,0.11722,6.66882,0.77997,6.91148,6.22949,0.13033,0.13115,6.96296,0.17286,0.29677,0.18045,0.27173,0.12273,0.40757,0.12318,0.10003,0.11966,0.11164,0.12177,0.12296,0.12653
1209,5.36485,0.12425,0.11730,6.98655,0.11984,0.12341,0.33597,0.12382,0.11817,6.48174,0.57807,6.87898,6.39218,0.12886,0.12572,7.06310,0.13989,0.19711,0.16010,0.18071,0.12307,0.23953,0.12303,0.10003,0.11755,0.10860,0.12197,0.12259,0.12612
1210,5.32807,0.12427,0.11760,7.02629,0.11944,0.12338,0.20340,0.12388,0.11817,6.01503,0.46099,6.82546,6.57525,0.12394,0.12461,7.05202,0.12974,0.16819,0.14513,0.14177,0.12287,0.16942,0.12305,0.10001,0.11593,0.10656,0.12202,0.12234,0.12581
1211,5.67333,0.12435,0.11802,7.02358,0.11863,0.12336,0.17592,0.12386,0.11819,5.74935,0.42116,6.81177,6.67253,0.12024,0.12399,7.03904,0.12782,0.15607,0.13574,0.13630,0.12246,0.15885,0.12305,0.10001,0.11450,0.10529,0.12185,0.12232,0.12562
1212,5.91598,0.12428,0.11809,7.02546,0.11819,0.12333,0.25262,0.12380,0.11807,5.88590,0.39880,6.81597,6.70959,0.11759,0.12336,7.01130,0.12674,0.14586,0.13063,0.13330,0.12208,0.15059,0.12294,0.10001,0.11334,0.10478,0.12174,0.12234,0.12553
1213,6.17836,0.12430,0.11896,7.01312,0.11707,0.12319,6.24221,0.12319,0.11733,6.22646,4.07938,6.84382,6.92870,0.11937,0.12683,6.98488,0.29845,0.33039,0.13497,1.96061,0.12194,2.06784,0.12153,0.09996,0.11207,0.10457,0.12130,0.12241,0.12530
1214,6.63226,0.12430,0.11910,7.00165,0.11756,0.12303,6.94257,0.12253,0.11643,6.49498,6.41783,6.84448,6.97326,0.12408,0.20453,6.98350,2.44054,2.61573,0.24021,5.98882,0.12232,5.96834,0.12000,0.09999,0.11256,0.10492,0.12114,0.12203,0.12502
1215,6.70398,0.12424,0.11852,6.99865,0.11850,0.12281,2.79980,0.12308,0.11660,6.64084,1.97384,6.83905,6.76506,0.11737,0.12708,6.98639,0.21953,0.34837,0.14031,0.72244,0.11982,0.94723,0.12101,0.10002,0.11213,0.10499,0.12125,0.12160,0.12492
1216,6.19441,0.12413,0.11884,6.99243,0.11744,0.12266,0.43788,0.12305,0.11751,6.66352,0.50725,6.82358,6.42856,0.11148,0.12020,7.00233,0.12728,0.13860,0.12133,0.14660,0.11861,0.16655,0.12151,0.09999,0.11190,0.10522,0.12107,0.12179,0.12492
1217,5.81094,0.12400,0.11923,7.00219,0.11705,0.12254,1.16503,0.12277,0.11710,6.52785,0.43981,6.83128,6.68834,0.11125,0.11934,7.03802,0.12443,0.12818,0.11883,0.13719,0.11817,0.14201,0.12126,0.10002,0.11138,0.10627,0.12079,0.12176,0.12473
1218,6.04271,0.12386,0.11931,7.02828,0.11779,0.12254,5.18199,0.12248,0.11542,6.40750,1.27569,6.85336,6.91615,0.11308,0.11989,7.09307,0.12749,0.12907,0.11996,0.16704,0.11797,0.17644,0.12071,0.10002,0.11128,0.10649,0.12036,0.12140,0.12439
1219,6.28534,0.12385,0.11937,7.03050,0.11734,0.12239,0.26966,0.12252,0.11600,6.31493,0.35272,6.85198,6.68324,0.11085,0.11806,7.10174,0.12064,0.12174,0.11638,0.12510,0.11845,0.12656,0.12077,0.10002,0.11164,0.10624,0.12031,0.12145,0.12442
1220,5.98375,0.12372,0.11976,7.03183,0.11653,0.12203,0.13932,0.12221,0.11655,6.38104,0.31694,6.84025,6.65416,0.10889,0.11732,7.12398,0.11833,0.11785,0.11388,0.12001,0.11766,0.12058,0.12057,0.09999,0.11167,0.10647,0.11999,0.12162,0.12436
1221,5.87702,0.12360,0.12018,7.04466,0.11623,0.12159,0.87524,0.12181,0.11672,6.34783,0.30033,6.80996,6.75521,0.10841,0.11665,7.13992,0.11701,0.11548,0.11230,0.11828,0.11672,0.11837,0.12046,0.09996,0.11185,0.10676,0.11921,0.12167,0.12419
1222,6.13615,0.12354,0.11984,7.05737,0.11628,0.12140,1.67513,0.12167,0.11634,6.32476,0.29624,6.77880,6.88162,0.10891,0.11630,7.13392,0.11657,0.11489,0.11209,0.11816,0.11665,0.11878,0.12040,0.09999,0.11154,0.10583,0.11903,0.12160,0.12407
1223,6.47709,0.12353,0.11928,7.06362,0.11661,0.12148,0.62087,0.12173,0.11590,6.26913,0.27351,6.76546,6.89790,0.10982,0.11625,7.11424,0.11644,0.11482,0.11240,0.11725,0.11738,0.11695,0.12039,0.10005,0.11131,0.10552,0.11918,0.12144,0.12399
1224,6.45741,0.12351,0.11864,7.07219,0.11700,0.12153,0.13942,0.12182,0.11546,6.32979,0.25457,6.78383,6.79601,0.11088,0.11625,7.08944,0.11631,0.11450,0.11242,0.11652,0.11869,0.11572,0.12043,0.10004,0.11121,0.10501,0.11921,0.12123,0.12393
1225,6.32030,0.12345,0.11871,7.07249,0.11667,0.12142,2.57175,0.12166,0.11525,6.42032,0.66808,6.81642,6.83931,0.11077,0.11638,7.06054,0.11597,0.11409,0.11218,0.12624,0.11871,0.12789,0.12028,0.10001,0.11072,0.10499,0.11906,0.12125,0.12389
1226,6.45567,0.12339,0.11864,7.06572,0.11686,0.12138,6.90238,0.12147,0.11432,6.39875,4.90429,6.81975,7.01050,0.11113,0.11613,7.02793,0.14752,0.15324,0.11328,1.59281,0.11759,1.74284,0.11966,0.10002,0.11007,0.10483,0.11878,0.12107,0.12371
1227,6.66561,0.12345,0.11896,7.05160,0.11665,0.12129,1.51768,0.12170,0.11520,6.47688,0.75185,6.82526,6.78813,0.10987,0.11631,7.00728,0.11683,0.11616,0.11243,0.16983,0.11770,0.18284,0.11990,0.10004,0.11068,0.10551,0.11890,0.12097,0.12368
1228,6.15823,0.12333,0.12007,7.02018,0.11632,0.12102,3.95703,0.12147,0.11497,6.30490,0.83258,6.72762,6.82141,0.11020,0.11641,6.97822,0.11544,0.11357,0.11267,0.12782,0.11750,0.12707,0.11993,0.10001,0.11099,0.10753,0.11854,0.12077,0.12339
1229,6.44175,0.12298,0.11989,6.99883,0.11652,0.12088,4.42610,0.12117,0.11368,6.04265,2.35898,6.70301,6.97164,0.11179,0.11647,6.96588,0.13951,0.13961,0.11373,0.80515,0.11778,0.86866,0.11964,0.09997,0.11137,0.10808,0.11790,0.12019,0.12291
1230,6.74545,0.12265,0.11941,6.99300,0.11673,0.12086,7.01351,0.12085,0.11295,6.32375,6.45612,6.79669,7.00812,0.11416,0.31867,6.96610,2.74636,2.62958,0.30092,6.26365,0.11687,6.24949,0.11911,0.10000,0.11143,0.10697,0.11724,0.11984,0.12257
1231,6.91810,0.12255,0.11871,6.99510,0.11693,0.12081,6.99127,0.12092,0.11290,6.53541,6.55134,6.86385,7.01126,0.12371,0.75282,6.96819,4.85187,4.95946,0.82821,6.81851,0.11769,6.80328,0.11857,0.10004,0.11173,0.10608,0.11736,0.11960,0.12246
1232,6.98297,0.12249,0.11842,6.98683,0.11687,0.12058,6.92135,0.12103,0.11314,6.70155,6.30156,6.84351,7.00426,0.12621,0.27412,6.95854,2.14962,2.54217,0.44208,5.29999,0.11839,5.30552,0.11906,0.10003,0.11165,0.10624,0.11764,0.11943,0.12237
1233,6.98632,0.12211,0.11823,6.97331,0.11666,0.12020,6.39628,0.12049,0.11268,6.28592,5.24228,6.78204,6.98875,0.14795,0.19511,6.95433,1.26192,1.54644,0.43239,3.77160,0.12091,3.43403,0.11919,0.09998,0.11221,0.10824,0.11738,0.11914,0.12198
1234,6.90557,0.12182,0.11795,6.97496,0.11627,0.11987,3.52407,0.12010,0.11280,6.36912,2.33893,6.77797,6.88067,0.13770,0.14352,6.95184,0.31319,0.74768,0.31129,1.03565,0.12025,1.25802,0.11913,0.09997,0.11227,0.10722,0.11703,0.11899,0.12172
1235,6.71526,0.12154,0.11744,6.97184,0.11600,0.11955,2.56583,0.11976,0.11264,6.56786,1.41008,6.79310,6.83357,0.13077,0.14048,6.93370,0.24684,0.56934,0.25919,0.55488,0.11959,0.77425,0.11884,0.09990,0.11177,0.10544,0.11660,0.11887,0.12135
1236,6.64660,0.12121,0.11654,6.99277,0.11577,0.11932,6.29714,0.11929,0.11198,6.68748,4.46683,6.84251,6.89689,0.14796,0.17583,6.95227,0.45207,0.64975,0.32875,1.73965,0.12237,1.92004,0.11778,0.09995,0.11304,0.10569,0.11656,0.11871,0.12112
1237,6.67805,0.12108,0.11580,7.01038,0.11576,0.11915,1.40537,0.11938,0.11199,6.70313,0.99761,6.86502,6.64774,0.13024,0.14057,6.98282,0.21695,0.39773,0.22153,0.37475,0.11843,0.51126,0.11805,0.10001,0.11300,0.10550,0.11688,0.11869,0.12122
1238,6.18668,0.12101,0.11551,7.01253,0.11572,0.11905,0.42085,0.11945,0.11258,6.68414,0.53162,6.81561,6.23256,0.11838,0.12285,6.98163,0.14771,0.23331,0.15223,0.19658,0.11750,0.27716,0.11846,0.10003,0.11206,0.10412,0.11708,0.11874,0.12129
1239,5.53966,0.12086,0.11534,7.01150,0.11573,0.11909,4.27820,0.11937,0.11238,6.43388,0.64920,6.80027,6.75171,0.11961,0.12325,6.96522,0.15358,0.21432,0.15032,0.22318,0.11757,0.25380,0.11842,0.10003,0.11147,0.10359,0.11704,0.11874,0.12128
1240,6.10090,0.12073,0.11503,7.00165,0.11576,0.11910,0.86591,0.11937,0.11257,6.11227,0.45541,6.80481,6.83347,0.11725,0.12100,6.94508,0.13935,0.18403,0.14073,0.18216,0.11763,0.21541,0.11846,0.10003,0.11086,0.10311,0.11711,0.11879,0.12134
1241,6.42645,0.12072,0.11505,6.99024,0.11571,0.11910,5.17745,0.11919,0.11235,6.24712,2.91354,6.83384,6.94006,0.11869,0.12602,6.92017,0.18735,0.21763,0.14485,1.08646,0.11779,1.17070,0.11809,0.10001,0.11013,0.10294,0.11690,0.11884,0.12132
1242,6.72464,0.12050,0.11476,6.97041,0.11605,0.11918,7.00539,0.11917,0.11167,6.46146,6.47807,6.85772,6.99823,0.12832,0.16154,6.88941,1.64726,1.67479,0.19559,6.07709,0.11914,6.06544,0.11763,0.10006,0.11108,0.10436,0.11683,0.11874,0.12135
1243,6.93350,0.12034,0.11484,6.94289,0.11611,0.11920,6.56126,0.11936,0.11198,6.75031,5.46969,6.86933,6.98801,0.12703,0.14749,6.85717,0.88479,1.10359,0.18629,3.70180,0.11858,3.79663,0.11751,0.10007,0.11133,0.10548,0.11689,0.11855,0.12133
1244,6.85663,0.12035,0.11506,6.89919,0.11586,0.11916,1.97907,0.11944,0.11261,6.87808,1.26319,6.83599,6.81472,0.11906,0.12341,6.77916,0.16656,0.23543,0.14295,0.37963,0.11741,0.50826,0.11794,0.10003,0.11063,0.10441,0.11696,0.11848,0.12126
1245,6.27615,0.12025,0.11503,6.84052,0.11560,0.11904,2.17088,0.11929,0.11288,6.79720,0.75634,6.80000,6.65092,0.11486,0.11999,6.69180,0.13373,0.15840,0.13079,0.17718,0.11682,0.20576,0.11814,0.09999,0.11022,0.10383,0.11685,0.11855,0.12121
1246,6.21371,0.12012,0.11535,6.75819,0.11530,0.11896,1.42683,0.11909,0.11277,6.55422,0.53747,6.70919,6.68394,0.11431,0.11915,6.59994,0.12977,0.14414,0.12662,0.15695,0.11683,0.16726,0.11807,0.10001,0.10968,0.10414,0.11672,0.11858,0.12110
1247,5.95687,0.12024,0.11644,6.67555,0.11440,0.11880,1.43043,0.11893,0.11317,6.40553,0.39549,6.66914,6.46802,0.11161,0.11735,6.51670,0.12116,0.12936,0.11955,0.12904,0.11686,0.13612,0.11793,0.10003,0.10931,0.10500,0.11663,0.11864,0.12098
1248,6.03575,0.12015,0.11629,6.60132,0.11441,0.11869,6.53868,0.11872,0.11266,6.30717,3.97234,6.62830,6.66187,0.11264,0.11845,6.43405,0.13159,0.13676,0.12113,0.79421,0.11651,0.92577,0.11744,0.10000,0.10898,0.10463,0.11643,0.11864,0.12085
1249,6.45523,0.12012,0.11666,6.54186,0.11409,0.11862,2.98039,0.11874,0.11283,6.22185,1.28955,6.59043,6.59404,0.11127,0.11758,6.38605,0.12416,0.12783,0.11851,0.24364,0.11630,0.25623,0.11744,0.10004,0.10915,0.10534,0.11626,0.11861,0.12075
1250,6.48994,0.11988,0.11640,6.46245,0.11493,0.11873,6.23415,0.11884,0.11185,6.32294,4.40355,6.52323,6.55778,0.11486,0.12198,6.30901,0.40610,0.37339,0.12365,2.55069,0.11654,2.57392,0.11740,0.10012,0.11068,0.10673,0.11572,0.11826,0.12066
1251,6.55065,0.11966,0.11616,6.43275,0.11530,0.11876,6.55709,0.11900,0.11173,6.45451,6.05562,6.52884,6.51040,0.11696,0.13082,6.27834,1.16444,0.72664,0.13170,5.09817,0.11695,4.56264,0.11749,0.10008,0.11163,0.10722,0.11533,0.11797,0.12058
1252,6.53429,0.11964,0.11610,6.44763,0.11521,0.11868,4.86737,0.11908,0.11217,6.51857,3.29141,6.52661,6.49347,0.11541,0.12089,6.27604,0.31746,0.28281,0.12388,1.58487,0.11718,1.26971,0.11783,0.10006,0.11124,0.10632,0.11538,0.11798,0.12062
1253,6.47545,0.11968,0.11627,6.42996,0.11510,0.11854,4.66445,0.11903,0.11218,6.47388,2.20933,6.46947,6.49395,0.11554,0.11994,6.26063,0.20130,0.20802,0.12411,0.79051,0.11726,0.78061,0.11796,0.10007,0.11101,0.10585,0.11530,0.11802,0.12059
1254,6.48230,0.11948,0.11598,6.41956,0.11519,0.11858,3.53764,0.11908,0.11217,6.46408,1.70161,6.50177,6.47499,0.11698,0.11919,6.23617,0.17498,0.19117,0.12628,0.57282,0.11772,0.54902,0.11811,0.10010,0.11161,0.10636,0.11548,0.11787,0.12065
1255,6.48350,0.11938,0.11571,6.46535,0.11512,0.11863,5.08277,0.11903,0.11181,6.49798,2.33582,6.60127,6.49905,0.11854,0.12101,6.26240,0.20857,0.25379,0.13387,0.83961,0.11791,0.90761,0.11788,0.10009,0.11269,0.10670,0.11573,0.11781,0.12072
1256,6.51450,0.11947,0.11539,6.64897,0.11507,0.11864,3.56026,0.11888,0.11188,6.51467,2.07372,6.73653,6.56185,0.11812,0.12249,6.41043,0.20342,0.26396,0.13475,0.72969,0.11771,0.82352,0.11759,0.10010,0.11293,0.10685,0.11622,0.11790,0.12088
1257,6.15892,0.11933,0.11506,6.71919,0.11525,0.11856,0.44358,0.11913,0.11232,6.52506,0.46650,6.77275,6.47767,0.11682,0.11868,6.50239,0.12581,0.14324,0.12338,0.15373,0.11753,0.17886,0.11799,0.10011,0.11281,0.10655,0.11662,0.11797,0.12105
1258,5.93940,0.11913,0.11493,6.64996,0.11542,0.11852,0.20641,0.11917,0.11266,6.35690,0.36186,6.71594,6.47900,0.11661,0.11809,6.46385,0.12099,0.13010,0.12142,0.13071,0.11771,0.14043,0.11823,0.10006,0.11250,0.10579,0.11668,0.11791,0.12103
1259,5.95438,0.11912,0.11480,6.63609,0.11528,0.11844,0.68168,0.11902,0.11275,6.16916,0.32691,6.69010,6.58248,0.11566,0.11781,6.45601,0.11952,0.12597,0.11993,0.12377,0.11759,0.12934,0.11821,0.10000,0.11200,0.10476,0.11655,0.11789,0.12093
1260,6.31976,0.11901,0.11458,6.62129,0.11524,0.11840,1.69148,0.11890,0.11275,6.16887,0.33352,6.67282,6.60200,0.11518,0.11777,6.44798,0.11942,0.12407,0.11938,0.12484,0.11742,0.12939,0.11822,0.10002,0.11159,0.10433,0.11650,0.11789,0.12088
1261,6.49451,0.11889,0.11472,6.56458,0.11551,0.11854,6.20525,0.11887,0.11228,6.32523,3.60096,6.64104,6.65239,0.11701,0.11873,6.39093,0.16951,0.17543,0.12080,1.38035,0.11761,1.45772,0.11817,0.10012,0.11191,0.10558,0.11644,0.11786,0.12080
1262,6.64016,0.11885,0.11481,6.53935,0.11575,0.11860,6.53357,0.11897,0.11214,6.49608,5.41733,6.65066,6.61947,0.11790,0.11960,6.37378,0.24955,0.28023,0.12222,2.53286,0.11784,2.70479,0.11798,0.10011,0.11264,0.10627,0.11640,0.11778,0.12074
1263,6.64247,0.11888,0.11487,6.54527,0.11574,0.11860,5.53962,0.11906,0.11222,6.61481,3.43633,6.66730,6.60230,0.11791,0.11911,6.38001,0.16897,0.19641,0.12194,1.02823,0.11805,1.12757,0.11788,0.10008,0.11272,0.10603,0.11645,0.11773,0.12071
1264,6.41480,0.11893,0.11498,6.51764,0.11548,0.11852,1.14281,0.11900,0.11264,6.62864,0.64690,6.64254,6.40507,0.11652,0.11822,6.35915,0.12162,0.12808,0.11982,0.16458,0.11792,0.17972,0.11817,0.10002,0.11189,0.10533,0.11651,0.11769,0.12063
1265,6.12831,0.11886,0.11536,6.46877,0.11507,0.11847,5.67392,0.11872,0.11223,6.50945,2.28728,6.59790,6.50747,0.11694,0.11843,6.31733,0.12603,0.12801,0.11975,0.34173,0.11787,0.38306,0.11817,0.09999,0.11163,0.10557,0.11612,0.11775,0.12035
1266,6.43844,0.11888,0.11582,6.44192,0.11461,0.11841,6.14674,0.11859,0.11214,6.38177,3.67024,6.57230,6.51109,0.11710,0.11897,6.28133,0.13970,0.13837,0.12004,0.71827,0.11804,0.79410,0.11814,0.10003,0.11152,0.10565,0.11583,0.11782,0.12013
1267,6.52024,0.11895,0.11603,6.43723,0.11444,0.11836,6.46266,0.11850,0.11202,6.46567,5.86575,6.58255,6.50767,0.11778,0.12650,6.26255,0.63549,0.65566,0.12695,4.10137,0.11813,4.26764,0.11806,0.10005,0.11168,0.10538,0.11557,0.11788,0.11994
1268,6.52957,0.11889,0.11583,6.47981,0.11452,0.11839,5.88073,0.11858,0.11222,6.51494,4.61811,6.61994,6.53881,0.11697,0.12583,6.29594,0.48952,0.56047,0.12864,2.62259,0.11802,2.77774,0.11798,0.10004,0.11145,0.10498,0.11563,0.11782,0.11989
1269,6.40351,0.11887,0.11631,6.48334,0.11392,0.11810,1.47703,0.11840,0.11283,6.54563,0.93270,6.62485,6.41262,0.11295,0.11873,6.32899,0.13488,0.14613,0.11941,0.25006,0.11727,0.29033,0.11780,0.09996,0.11060,0.10536,0.11562,0.11779,0.11975
1270,6.14000,0.11891,0.11707,6.40859,0.11381,0.11761,1.57668,0.11799,0.11297,6.57184,0.50132,6.57615,6.38962,0.11142,0.11800,6.30594,0.12467,0.12466,0.11754,0.15054,0.11655,0.15385,0.11729,0.09997,0.11007,0.10676,0.11516,0.11772,0.11943
1271,6.18790,0.11884,0.11727,6.38013,0.11396,0.11761,1.64540,0.11797,0.11254,6.48900,0.41679,6.55931,6.34552,0.11284,0.11766,6.33959,0.12294,0.12232,0.11740,0.13969,0.11679,0.13948,0.11710,0.10007,0.11052,0.10765,0.11507,0.11749,0.11928
1272,6.20243,0.11868,0.11715,6.38894,0.11417,0.11772,5.91373,0.11797,0.11213,6.42374,3.60306,6.53582,6.41073,0.11460,0.11901,6.38063,0.14849,0.14788,0.11887,1.08574,0.11695,1.16924,0.11714,0.10009,0.11161,0.10822,0.11493,0.11728,0.11922
1273,6.37973,0.11858,0.11689,6.41311,0.11436,0.11778,6.05087,0.11809,0.11224,6.39828,4.24612,6.56591,6.42073,0.11541,0.11931,6.43847,0.16779,0.16765,0.11960,1.38302,0.11713,1.42517,0.11715,0.10007,0.11209,0.10811,0.11496,0.11711,0.11920
1274,6.44976,0.11847,0.11644,6.44867,0.11444,0.11777,6.10172,0.11812,0.11228,6.45733,4.23206,6.58877,6.43039,0.11604,0.11908,6.49763,0.17290,0.17979,0.12047,1.23721,0.11724,1.32944,0.11715,0.10005,0.11254,0.10754,0.11500,0.11704,0.11923
1275,6.47010,0.11844,0.11598,6.48899,0.11446,0.11777,4.73489,0.11817,0.11238,6.48229,2.72913,6.63341,6.45092,0.11602,0.11863,6.53721,0.15039,0.16853,0.12025,0.70388,0.11725,0.80672,0.11708,0.10005,0.11267,0.10683,0.11531,0.11702,0.11931
1276,6.36451,0.11839,0.11566,6.52370,0.11448,0.11769,2.10014,0.11826,0.11250,6.50272,0.71547,6.64536,6.37357,0.11584,0.11773,6.56666,0.12290,0.12910,0.11879,0.17056,0.11722,0.18925,0.11726,0.10006,0.11254,0.10643,0.11564,0.11696,0.11937
1277,6.25482,0.11836,0.11558,6.56209,0.11455,0.11776,6.34191,0.11817,0.11228,6.46533,4.58414,6.66518,6.50854,0.11683,0.12089,6.55613,0.25447,0.29108,0.12343,1.91409,0.11731,2.08246,0.11721,0.10008,0.11300,0.10653,0.11567,0.11691,0.11931
1278,6.48259,0.11840,0.11516,6.64874,0.11472,0.11772,5.64691,0.11809,0.11215,6.42585,4.16061,6.72228,6.60665,0.11691,0.12226,6.58216,0.28700,0.39548,0.12646,1.94851,0.11723,2.24859,0.11704,0.10009,0.11339,0.10718,0.11590,0.11694,0.11943
1279,6.50706,0.11830,0.11460,6.72787,0.11490,0.11759,1.13671,0.11813,0.11215,6.55983,0.75004,6.77107,6.49237,0.11592,0.11815,6.62549,0.12694,0.14198,0.11957,0.18764,0.11688,0.23682,0.11715,0.10006,0.11332,0.10724,0.11609,0.11709,0.11959
1280,6.07069,0.11822,0.11434,6.74455,0.11495,0.11752,0.24020,0.11814,0.11236,6.56050,0.39006,6.78187,6.29666,0.11495,0.11713,6.65220,0.11894,0.12164,0.11751,0.12378,0.11672,0.12853,0.11730,0.10004,0.11290,0.10645,0.11623,0.11719,0.11967
1281,5.95500,0.11816,0.11417,6.74112,0.11499,0.11754,1.32229,0.11809,0.11234,6.39395,0.38557,6.77155,6.56421,0.11494,0.11712,6.67598,0.11882,0.12104,0.11750,0.12483,0.11668,0.12920,0.11725,0.10003,0.11253,0.10566,0.11617,0.11722,0.11970
1282,6.33410,0.11793,0.11383,6.73470,0.11483,0.11738,4.99425,0.11783,0.11227,6.29685,1.69959,6.75611,6.73307,0.11461,0.11720,6.68651,0.12306,0.12417,0.11762,0.33071,0.11637,0.34362,0.11695,0.09987,0.11203,0.10512,0.11590,0.11707,0.11948
1283,6.59038,0.11751,0.11378,6.70550,0.11501,0.11733,3.50346,0.11774,0.11239,6.39949,1.97861,6.71703,6.67380,0.11544,0.11710,6.63095,0.12713,0.12657,0.11790,0.44914,0.11661,0.43706,0.11707,0.10002,0.11157,0.10631,0.11578,0.11686,0.11929
1284,6.15565,0.11736,0.11393,6.66912,0.11504,0.11729,2.58808,0.11765,0.11259,6.55267,0.56460,6.67737,6.52993,0.11492,0.11668,6.58650,0.11765,0.11877,0.11701,0.12456,0.11683,0.12714,0.11723,0.10005,0.11140,0.10663,0.11576,0.11682,0.11920
1285,6.34147,0.11718,0.11408,6.62692,0.11494,0.11725,2.13672,0.11753,0.11242,6.49095,0.38516,6.64696,6.60610,0.11523,0.11676,6.56212,0.11740,0.11799,0.11687,0.12192,0.11697,0.12267,0.11711,0.10014,0.11150,0.10746,0.11565,0.11678,0.11906
1286,6.47693,0.11697,0.11438,6.58707,0.11452,0.11705,5.43675,0.11708,0.11181,6.50530,3.34434,6.67546,6.61603,0.11573,0.11951,6.55287,0.35856,0.34760,0.11936,1.84628,0.11674,1.87327,0.11670,0.10011,0.11210,0.10892,0.11503,0.11659,0.11861
1287,6.60339,0.11668,0.11422,6.59883,0.11413,0.11684,6.60866,0.11664,0.11170,6.55302,6.18257,6.66214,6.61682,0.16074,1.54715,6.57243,5.40167,5.23432,1.42051,6.56120,0.13805,6.54033,0.11620,0.09984,0.11308,0.10948,0.11444,0.11613,0.11806
1288,6.63224,0.11635,0.11396,6.63570,0.11404,0.11675,6.59007,0.11668,0.11229,6.61152,6.22249,6.67518,6.64245,0.23761,1.87108,6.59040,5.36766,5.72291,2.19795,6.43765,0.15473,6.47827,0.11593,0.10000,0.11368,0.11049,0.11489,0.11585,0.11799
1289,6.64814,0.11618,0.11383,6.64458,0.11407,0.11662,6.33934,0.11689,0.11262,6.63603,5.67606,6.67896,6.65987,0.18131,0.53740,6.59019,2.52383,3.53143,1.03511,4.70397,0.12189,5.18024,0.11599,0.10005,0.11367,0.11045,0.11516,0.11576,0.11799
1290,6.64557,0.11611,0.11368,6.62993,0.11394,0.11652,5.52152,0.11693,0.11274,6.65101,4.50887,6.69575,6.65066,0.16719,0.27249,6.58023,1.27266,2.28817,0.68704,3.02617,0.11802,3.69832,0.11616,0.10003,0.11392,0.10964,0.11524,0.11567,0.11786
1291,6.63488,0.11619,0.11365,6.62375,0.11380,0.11646,5.49269,0.11690,0.11298,6.65300,4.32427,6.71628,6.64767,0.18441,0.26382,6.60925,1.18145,2.04184,0.68649,2.93594,0.11867,3.39221,0.11610,0.09999,0.11408,0.10893,0.11531,0.11557,0.11767
1292,6.63106,0.11629,0.11375,6.65352,0.11401,0.11643,4.51564,0.11684,0.11339,6.65314,3.53965,6.73270,6.61221,0.19348,0.21762,6.62822,0.84270,1.52359,0.60198,2.23108,0.11953,2.59223,0.11623,0.10004,0.11410,0.10955,0.11552,0.11552,0.11758
1293,6.51880,0.11628,0.11386,6.67946,0.11444,0.11644,4.36298,0.11674,0.11351,6.65039,2.87597,6.73530,6.57418,0.21681,0.17844,6.63765,0.57543,1.04338,0.51980,1.56274,0.12174,1.80118,0.11653,0.10012,0.11595,0.11195,0.11572,0.11555,0.11757
1294,6.44381,0.11622,0.11383,6.68973,0.11475,0.11641,3.03377,0.11669,0.11359,6.60246,2.05736,6.74490,6.57544,0.20343,0.17211,6.65544,0.43419,0.83105,0.45455,1.05446,0.12228,1.27066,0.11660,0.10009,0.11710,0.11257,0.11576,0.11560,0.11761
1295,6.33297,0.11597,0.11357,6.68177,0.11473,0.11627,1.41858,0.11651,0.11376,6.58796,1.10661,6.73032,6.40493,0.18158,0.14762,6.66930,0.24975,0.55790,0.36272,0.49769,0.12067,0.71102,0.11655,0.09996,0.11660,0.11140,0.11563,0.11556,0.11747
1296,6.12154,0.11565,0.11324,6.69462,0.11486,0.11609,6.06727,0.11635,0.11384,6.55354,4.19378,6.74005,6.52394,0.21455,0.18492,6.68425,0.52684,0.66587,0.37553,2.23598,0.12822,2.32450,0.11657,0.09994,0.12020,0.11460,0.11547,0.11551,0.11734
1297,6.21905,0.11554,0.11331,6.70567,0.11494,0.11602,5.52073,0.11628,0.11475,6.53484,4.20183,6.72382,6.58751,0.22244,0.19090,6.68456,0.56325,0.69044,0.36391,2.28505,0.13054,2.34016,0.11670,0.10002,0.12297,0.11951,0.11541,0.11553,0.11722
1298,6.27476,0.11557,0.11341,6.70871,0.11488,0.11602,2.29423,0.11623,0.11554,6.51780,1.36588,6.71782,6.57416,0.20080,0.15731,6.66454,0.25403,0.40547,0.31050,0.51882,0.12432,0.60920,0.11680,0.10006,0.12231,0.11849,0.11554,0.11558,0.11714
1299,6.19400,0.11552,0.11338,6.69867,0.11476,0.11598,2.79439,0.11621,0.11619,6.49879,1.37401,6.71191,6.47049,0.19018,0.15148,6.65221,0.21685,0.33865,0.28410,0.38558,0.12312,0.45058,0.11685,0.10000,0.12286,0.11701,0.11566,0.11556,0.11702
1300,6.17697,0.11534,0.11339,6.69131,0.11494,0.11600,6.02304,0.11630,0.11748,6.53794,3.62192,6.70148,6.57821,0.21848,0.16044,6.63211,0.27913,0.33815,0.27285,0.82919,0.12931,0.81930,0.11712,0.10003,0.12677,0.12186,0.11612,0.11558,0.11692
1301,6.19407,0.11495,0.11305,6.68470,0.11487,0.11585,1.40355,0.11616,0.11701,6.45015,0.73525,6.71340,6.49770,0.18357,0.14868,6.63110,0.19206,0.28574,0.25090,0.27353,0.12335,0.31668,0.11699,0.09993,0.12491,0.12089,0.11607,0.11543,0.11676
1302,6.21245,0.11481,0.11295,6.69650,0.11420,0.11578,2.53029,0.11621,0.11734,6.51566,0.59040,6.73531,6.50057,0.16416,0.15017,6.72055,0.19798,0.27266,0.23122,0.25671,0.12513,0.28383,0.11721,0.10003,0.12336,0.11511,0.11575,0.11532,0.11653
1303,6.19672,0.11491,0.11319,6.75446,0.11400,0.11595,0.32080,0.11633,0.11822,6.63455,0.43362,6.72462,6.33249,0.14945,0.13869,6.70244,0.16841,0.23633,0.20373,0.20474,0.12216,0.24303,0.11731,0.10017,0.12097,0.11390,0.11623,0.11544,0.11649
1304,6.00852,0.11484,0.11321,6.75220,0.11361,0.11604,5.46575,0.11644,0.11829,6.59948,2.96599,6.71473,6.60767,0.14999,0.14900,6.68467,0.20748,0.25014,0.20219,0.98513,0.12595,1.07737,0.11750,0.09994,0.12080,0.11208,0.11620,0.11546,0.11638
1305,6.28934,0.11484,0.11320,6.73159,0.11325,0.11612,6.63306,0.11643,0.11842,6.62586,5.67581,6.71525,6.68992,0.15741,0.16010,6.63413,0.47781,0.34942,0.20213,3.39780,0.13093,2.91873,0.11776,0.09986,0.12059,0.11241,0.11631,0.11546,0.11621
1306,6.45966,0.11497,0.11342,6.69257,0.11286,0.11615,3.09863,0.11624,0.11791,6.62201,1.54164,6.73161,6.63349,0.14337,0.14217,6.60253,0.19649,0.21699,0.17960,0.52142,0.12374,0.41177,0.11706,0.09998,0.11776,0.11298,0.11623,0.11546,0.11609
1307,6.54314,0.11511,0.11359,6.69041,0.11266,0.11615,5.98515,0.11613,0.11699,6.62239,3.37950,6.74174,6.59427,0.14604,0.15445,6.63048,0.32486,0.31249,0.17795,1.46967,0.12682,1.50646,0.11674,0.10005,0.11855,0.11437,0.11592,0.11540,0.11584
1308,6.59768,0.11508,0.11351,6.74432,0.11301,0.11612,6.57805,0.11610,0.11702,6.63607,5.81628,6.78098,6.65580,0.15239,0.17400,6.69448,0.77551,0.64284,0.19143,3.89244,0.12919,3.60046,0.11704,0.09997,0.12116,0.11683,0.11631,0.11524,0.11572
1309,6.60802,0.11512,0.11351,6.79438,0.11324,0.11619,3.86636,0.11616,0.11714,6.64203,2.34785,6.81341,6.66289,0.14429,0.14501,6.74452,0.25349,0.29186,0.17446,0.89958,0.12355,0.82942,0.11688,0.10005,0.12032,0.11561,0.11648,0.11520,0.11574
1310,6.52486,0.11517,0.11364,6.83325,0.11312,0.11628,3.68152,0.11630,0.11731,6.64368,1.77613,6.82490,6.63453,0.13993,0.14222,6.79984,0.20613,0.23327,0.16787,0.49135,0.12286,0.54086,0.11700,0.10007,0.11984,0.11321,0.11621,0.11536,0.11580
1311,6.49826,0.11519,0.11359,6.87018,0.11318,0.11631,6.33919,0.11650,0.11735,6.64526,4.40955,6.84008,6.75778,0.14137,0.15717,6.83763,0.29584,0.32319,0.17604,1.29332,0.12799,1.47787,0.11817,0.10005,0.12014,0.11213,0.11596,0.11548,0.11584
1312,6.54985,0.11521,0.11358,6.90334,0.11326,0.11632,3.83621,0.11663,0.11696,6.62713,1.53409,6.85713,6.80489,0.13301,0.14952,6.88792,0.21322,0.23412,0.16503,0.44085,0.12689,0.49614,0.11853,0.10005,0.11905,0.11176,0.11556,0.11555,0.11591
1313,6.59720,0.11520,0.11338,6.91743,0.11355,0.11633,5.42651,0.11680,0.11688,6.61529,2.50782,6.86613,6.85898,0.13448,0.15572,6.89686,0.24472,0.27259,0.16980,0.71358,0.12877,0.81376,0.11941,0.10005,0.11888,0.11083,0.11573,0.11556,0.11596
1314,6.63047,0.11512,0.11309,6.93566,0.11391,0.11625,1.14896,0.11671,0.11652,6.60677,0.74033,6.89249,6.72461,0.12950,0.14184,6.89642,0.17744,0.20207,0.15620,0.25925,0.12477,0.28895,0.11856,0.10005,0.11812,0.11003,0.11605,0.11548,0.11599
1315,6.28453,0.11506,0.11308,6.94043,0.11395,0.11623,0.98355,0.11666,0.11648,6.61682,0.45560,6.88701,6.51758,0.12367,0.13352,6.88205,0.15393,0.17045,0.14425,0.17935,0.12221,0.19400,0.11809,0.10006,0.11726,0.10929,0.11598,0.11551,0.11605
1316,6.07726,0.11506,0.11297,6.93688,0.11427,0.11626,6.45665,0.11694,0.11616,6.56936,4.85016,6.89618,6.76628,0.12943,0.14534,6.86696,0.30775,0.33143,0.15520,2.44036,0.12561,2.58618,0.11887,0.10007,0.11760,0.10945,0.11605,0.11556,0.11608
1317,6.35821,0.11506,0.11282,6.96754,0.11481,0.11623,6.29279,0.11706,0.11560,6.41628,4.90382,6.93790,6.94639,0.13018,0.14473,6.89522,0.29825,0.37167,0.15608,2.21542,0.12530,2.50140,0.11870,0.10010,0.11782,0.11010,0.11616,0.11552,0.11615
1318,6.73865,0.11502,0.11276,7.01044,0.11518,0.11621,3.41924,0.11706,0.11500,6.48840,1.66267,6.97508,6.95374,0.12706,0.13602,6.92263,0.16598,0.19867,0.14664,0.38093,0.12266,0.49607,0.11814,0.10010,0.11745,0.11048,0.11609,0.11553,0.11623
1319,6.88399,0.11497,0.11275,7.03708,0.11542,0.11624,3.40071,0.11707,0.11456,6.70028,1.38484,7.00639,6.98462,0.12695,0.13566,6.94729,0.16416,0.19652,0.14660,0.34958,0.12256,0.42294,0.11803,0.10009,0.11751,0.11096,0.11594,0.11559,0.11630
1320,6.97645,0.11502,0.11298,7.06656,0.11569,0.11638,6.75531,0.11718,0.11445,6.87293,4.92598,7.04450,7.05157,0.13094,0.14645,6.99356,0.34596,0.45177,0.16525,2.07157,0.12529,2.28943,0.11848,0.10017,0.11851,0.11310,0.11565,0.11570,0.11643
1321,7.04730,0.11509,0.11336,7.10540,0.11580,0.11651,4.45084,0.11723,0.11434,6.99613,3.00748,7.08214,7.04315,0.12848,0.14347,7.06491,0.26446,0.38891,0.15952,1.15971,0.12431,1.42655,0.11842,0.10024,0.11788,0.11464,0.11562,0.11594,0.11665
1322,6.93851,0.11509,0.11369,7.11881,0.11591,0.11657,0.60570,0.11714,0.11420,7.04509,0.57521,7.07410,6.66725,0.12243,0.13041,7.10118,0.14970,0.17261,0.13748,0.18760,0.12084,0.22631,0.11802,0.10024,0.11690,0.11459,0.11576,0.11623,0.11686
1323,6.85896,0.11511,0.11408,7.04426,0.11604,0.11667,0.59286,0.11718,0.11418,7.00800,0.48431,7.05404,6.62562,0.12070,0.12932,7.11470,0.14540,0.16232,0.13433,0.16828,0.12110,0.18959,0.11782,0.10023,0.11653,0.11474,0.11585,0.11655,0.11707
1324,6.89941,0.11514,0.11460,6.89193,0.11624,0.11686,0.34663,0.11725,0.11439,6.94499,0.41674,7.03306,6.62199,0.11921,0.12818,7.06100,0.14126,0.15422,0.13063,0.15679,0.12143,0.17172,0.11782,0.10028,0.11623,0.11490,0.11602,0.11688,0.11728
1325,6.91942,0.11528,0.11511,6.84910,0.11651,0.11712,0.35025,0.11722,0.11472,6.92806,0.35654,7.00069,6.42972,0.11787,0.12466,6.91293,0.13337,0.14010,0.12492,0.14375,0.12072,0.15285,0.11776,0.10030,0.11602,0.11472,0.11636,0.11721,0.11743
1326,6.89435,0.11547,0.11539,6.78217,0.11676,0.11731,0.35149,0.11727,0.11495,6.92641,0.33931,6.98780,6.57159,0.11749,0.12340,6.86261,0.13127,0.13636,0.12339,0.13938,0.12059,0.14590,0.11768,0.10025,0.11602,0.11433,0.11662,0.11742,0.11750
1327,6.91452,0.11567,0.11556,6.76399,0.11690,0.11746,0.16015,0.11734,0.11511,6.91720,0.30971,6.98396,6.44506,0.11680,0.12160,6.81382,0.12676,0.12911,0.12079,0.13267,0.11983,0.13648,0.11760,0.10020,0.11593,0.11382,0.11697,0.11757,0.11757
1328,6.92022,0.11581,0.11562,6.76765,0.11706,0.11758,0.46541,0.11738,0.11515,6.92774,0.29581,6.99468,6.43155,0.11651,0.12083,6.79560,0.12422,0.12566,0.11978,0.12890,0.11917,0.13119,0.11754,0.10015,0.11587,0.11322,0.11717,0.11766,0.11759
1329,6.94783,0.11592,0.11564,6.74365,0.11724,0.11768,1.94653,0.11745,0.11510,6.94062,0.29527,7.01704,6.72566,0.11662,0.12079,6.80643,0.12437,0.12602,0.12006,0.13003,0.11925,0.13249,0.11745,0.10011,0.11587,0.11286,0.11719,0.11770,0.11760
1330,6.99970,0.11603,0.11567,6.80745,0.11735,0.11778,1.84404,0.11753,0.11507,6.96946,0.30150,7.04119,6.93002,0.11634,0.12060,6.78761,0.12413,0.12591,0.11998,0.13005,0.11912,0.13275,0.11749,0.10012,0.11587,0.11300,0.11724,0.11775,0.11765
1331,7.01343,0.11616,0.11572,6.95291,0.11737,0.11788,0.15754,0.11761,0.11514,7.00428,0.25688,7.04924,6.65439,0.11551,0.11956,6.82206,0.12187,0.12248,0.11846,0.12450,0.11854,0.12585,0.11749,0.10013,0.11590,0.11302,0.11744,0.11783,0.11771
1332,6.85433,0.11622,0.11584,6.99466,0.11693,0.11785,0.60173,0.11760,0.11552,7.01263,0.24405,7.04152,6.31459,0.11504,0.11866,6.91882,0.11986,0.11939,0.11692,0.12159,0.11773,0.12210,0.11744,0.10004,0.11570,0.11204,0.11755,0.11783,0.11767
1333,6.75671,0.11624,0.11568,6.95054,0.11674,0.11779,0.71029,0.11759,0.11577,6.97203,0.23780,7.03399,6.33363,0.11524,0.11835,6.99101,0.11929,0.11872,0.11678,0.12093,0.11730,0.12108,0.11736,0.10001,0.11533,0.11068,0.11746,0.11778,0.11765
1334,6.40903,0.11636,0.11583,6.95265,0.11641,0.11785,0.12786,0.11771,0.11621,6.88410,0.21660,7.02538,6.09321,0.11512,0.11762,7.02981,0.11833,0.11740,0.11606,0.11883,0.11719,0.11850,0.11744,0.10009,0.11498,0.11021,0.11749,0.11784,0.11774
1335,5.83478,0.11652,0.11593,6.97499,0.11609,0.11777,2.22131,0.11767,0.11637,6.77222,0.83510,7.00088,6.20160,0.11441,0.11729,7.04802,0.11794,0.11697,0.11584,0.17221,0.11695,0.17885,0.11736,0.10012,0.11460,0.11091,0.11727,0.11785,0.11778
1336,5.81617,0.11658,0.11564,7.02040,0.11634,0.11781,5.89422,0.11772,0.11569,6.67923,4.98801,6.97251,6.62208,0.11555,0.12607,7.05742,0.85598,0.76569,0.12737,3.80357,0.11693,3.80948,0.11730,0.10019,0.11439,0.11120,0.11713,0.11778,0.11779
1337,6.23962,0.11665,0.11546,7.05308,0.11663,0.11790,6.03842,0.11786,0.11539,6.38871,5.18172,6.98725,6.86911,0.11618,0.13978,7.06259,1.27549,1.17493,0.15077,4.41505,0.11710,4.26721,0.11737,0.10015,0.11453,0.11126,0.11700,0.11774,0.11783
1338,6.66565,0.11669,0.11538,7.06265,0.11683,0.11797,6.69655,0.11790,0.11527,6.41346,5.58471,6.99975,6.99839,0.11715,0.26628,7.06749,2.41441,2.25481,0.25876,5.19604,0.11749,5.19755,0.11741,0.10011,0.11485,0.11065,0.11695,0.11779,0.11787
1339,6.92684,0.11676,0.11548,7.06335,0.11683,0.11799,6.64714,0.11782,0.11534,6.69234,5.68650,7.01210,7.04324,0.11939,0.42983,7.06958,2.43582,2.25414,0.31836,4.97710,0.12122,5.06892,0.11731,0.10012,0.11488,0.11055,0.11710,0.11787,0.11796
1340,6.99063,0.11678,0.11533,7.06048,0.11690,0.11795,7.03411,0.11770,0.11517,6.81988,6.60840,7.01690,7.05647,0.21986,1.95182,7.07069,5.45353,5.31131,1.65958,6.76056,0.18973,6.75363,0.11733,0.10004,0.11634,0.11068,0.11703,0.11786,0.11797
1341,7.03284,0.11676,0.11518,7.06205,0.11700,0.11801,6.90672,0.11793,0.11532,6.94397,6.35641,7.02308,7.05925,0.24753,1.18531,7.06562,3.92992,4.40405,1.47279,5.87908,0.15775,6.01534,0.11732,0.10005,0.11724,0.11315,0.11697,0.11777,0.11795
1342,7.03664,0.11666,0.11499,7.05801,0.11686,0.11792,5.67814,0.11794,0.11535,7.02143,4.66142,7.02781,7.02914,0.17309,0.41622,7.05687,1.68191,2.29872,0.69140,3.27699,0.12679,3.74879,0.11737,0.09993,0.11638,0.11184,0.11690,0.11765,0.11783
1343,6.97221,0.11670,0.11512,7.05288,0.11632,0.11778,3.52121,0.11783,0.11555,7.02791,2.79203,7.01524,6.90898,0.14111,0.21982,7.03226,0.74826,1.08654,0.36528,1.62516,0.12061,1.96768,0.11739,0.09994,0.11514,0.11014,0.11687,0.11759,0.11776
1344,6.79966,0.11693,0.11560,7.01967,0.11577,0.11771,2.67685,0.11780,0.11564,6.99812,1.75271,6.96406,6.82601,0.13296,0.16766,6.87551,0.43457,0.54192,0.23615,0.91899,0.12047,1.00767,0.11748,0.10033,0.11447,0.11089,0.11684,0.11765,0.11782
1345,6.63728,0.11708,0.11579,6.93375,0.11568,0.11762,7.01517,0.11767,0.11575,6.94198,6.24262,6.93830,6.98651,0.23180,1.08039,6.82416,3.39751,3.28814,0.98116,5.38585,0.20162,5.41878,0.12049,0.10015,0.12394,0.11271,0.11660,0.11768,0.11783
1346,6.89441,0.11714,0.11554,6.95782,0.11603,0.11778,7.01061,0.11984,0.11816,6.86537,6.73909,6.95862,6.99436,1.27447,5.42432,6.87810,6.99828,6.97608,5.04712,7.01972,1.43761,7.01484,0.18979,0.10016,0.19989,0.13354,0.11676,0.11764,0.11786
1347,6.98958,0.11719,0.11539,7.00202,0.11623,0.11808,6.99447,0.12873,0.11998,6.93913,6.75339,6.99120,7.00618,1.89164,6.06063,6.95308,6.99094,6.99162,5.79185,7.01482,2.45639,7.01187,0.30684,0.10012,0.25399,0.15580,0.11696,0.11762,0.11789
1348,7.00674,0.11720,0.11526,7.02201,0.11631,0.11854,6.99894,0.13122,0.11879,6.98460,6.74635,7.01368,7.02367,1.00885,3.97613,6.99373,6.18131,6.25814,3.83372,6.80652,1.17256,6.84172,0.22423,0.10008,0.17992,0.15426,0.11707,0.11768,0.11795
1349,7.02102,0.11717,0.11514,7.03524,0.11649,0.11914,6.57427,0.12706,0.11863,7.00718,6.08292,7.02741,7.03105,0.52269,2.09827,7.01418,4.18265,4.45307,2.18055,5.46412,0.51223,5.65702,0.19020,0.10009,0.15062,0.15222,0.11713,0.11794,0.11804
1350,6.99001,0.11715,0.11527,7.04723,0.11663,0.11955,4.98584,0.12410,0.11919,7.01979,4.42025,7.03533,6.97144,0.27720,1.04871,7.02767,2.34106,2.61576,1.10357,3.41671,0.28643,3.70135,0.17841,0.10013,0.13691,0.14520,0.11717,0.11868,0.11818
1351,6.82802,0.11719,0.11561,7.05246,0.11659,0.11918,3.12535,0.12443,0.12096,7.00561,2.80859,7.02951,6.82720,0.18216,0.55491,7.03187,1.23473,1.33986,0.52140,1.89622,0.20231,2.08298,0.16688,0.10013,0.13072,0.13519,0.11726,0.11949,0.11837
1352,6.34077,0.11727,0.11604,7.04259,0.11666,0.11873,1.43640,0.12498,0.12301,6.91532,1.46281,6.99349,6.65306,0.14811,0.28396,7.01911,0.54103,0.52241,0.24856,0.81349,0.15484,0.85313,0.15338,0.10012,0.12853,0.12537,0.11733,0.11980,0.11855
1353,6.03323,0.11733,0.11624,7.01031,0.11690,0.11886,2.89056,0.12655,0.12420,6.77182,1.11262,6.93346,6.83783,0.13935,0.22622,6.99765,0.35091,0.30064,0.18646,0.50228,0.14768,0.50240,0.14358,0.09996,0.12667,0.11875,0.11762,0.11966,0.11873
1354,6.55055,0.11730,0.11595,6.97411,0.11675,0.11952,5.79536,0.12849,0.12417,6.69321,2.66054,6.92602,6.99463,0.14353,0.25795,6.98207,0.40113,0.35969,0.20393,0.77246,0.15704,0.83261,0.13986,0.09978,0.12600,0.11588,0.11785,0.11931,0.11868
1355,6.92018,0.11735,0.11586,6.97758,0.11664,0.12003,6.55439,0.12967,0.12365,6.66152,3.74544,6.95714,7.00784,0.14251,0.27943,6.96324,0.43026,0.36295,0.20806,0.97995,0.16458,1.03622,0.13833,0.09985,0.12566,0.11446,0.11787,0.11912,0.11871
1356,6.99740,0.11751,0.11583,6.98206,0.11659,0.12064,4.99638,0.12803,0.12389,6.79050,2.54362,6.97288,7.00134,0.14459,0.25361,6.95880,0.39981,0.32107,0.20725,0.80109,0.15400,0.77717,0.13450,0.10005,0.12521,0.11369,0.11893,0.11908,0.11874
1357,6.75058,0.11757,0.11581,6.97451,0.11648,0.12109,1.41234,0.12507,0.12395,6.87541,0.75299,6.97823,6.82465,0.14202,0.17961,6.94793,0.27391,0.24705,0.18282,0.35087,0.13898,0.32588,0.12886,0.10016,0.12389,0.11421,0.12109,0.11899,0.11876
1358,6.61607,0.11760,0.11585,6.98214,0.11630,0.12183,6.59275,0.12462,0.12333,6.83219,4.22735,6.98239,6.98612,0.15119,0.21999,6.94150,0.50623,0.48443,0.20824,2.17582,0.14631,2.26822,0.12860,0.09998,0.12570,0.11374,0.12193,0.11902,0.11875
1359,6.86622,0.11764,0.11581,6.97354,0.11603,0.12237,7.00932,0.12479,0.12350,6.75645,6.62749,6.98063,7.01572,0.17868,0.78388,6.92979,4.40824,4.05999,0.62029,6.83019,0.17899,6.79094,0.13268,0.09979,0.12933,0.11409,0.12180,0.11910,0.11870
1360,6.99239,0.11772,0.11594,6.96579,0.11583,0.12254,6.92090,0.12390,0.12427,6.83796,6.44374,6.98252,7.00709,0.18607,0.95184,6.92098,4.15284,3.79783,0.78295,6.07292,0.17810,6.00509,0.13179,0.09985,0.12842,0.11504,0.12198,0.11918,0.11871
1361,6.99568,0.11788,0.11627,6.97313,0.11596,0.12285,5.40162,0.12383,0.12425,6.95359,4.01495,6.99459,6.98260,0.14829,0.30053,6.92360,1.07040,0.98239,0.30310,2.41395,0.15032,2.42568,0.12870,0.10002,0.12478,0.11492,0.12031,0.11960,0.11878
1362,6.97246,0.11798,0.11634,6.98491,0.11640,0.12309,6.72754,0.12419,0.12410,6.97209,5.08864,7.00631,7.01420,0.15512,0.46004,6.92948,1.50515,1.34191,0.36549,3.27328,0.16444,3.38026,0.13064,0.10004,0.12459,0.11456,0.11960,0.12000,0.11881
1363,7.01889,0.11794,0.11611,7.01356,0.11667,0.12308,6.45656,0.12410,0.12409,6.98713,4.82605,7.03100,7.03796,0.15802,0.44694,6.95168,1.39376,1.29101,0.37878,2.99665,0.16419,3.06781,0.13079,0.10003,0.12486,0.11346,0.12004,0.12001,0.11880
1364,7.05255,0.11789,0.11580,7.04674,0.11725,0.12285,7.05441,0.12466,0.12364,7.02334,6.60226,7.05423,7.07039,0.22591,0.98535,6.98576,3.35809,3.31668,0.90307,5.89129,0.22363,5.94541,0.13425,0.10006,0.13050,0.11460,0.12156,0.11988,0.11884
1365,7.08260,0.11788,0.11556,7.07425,0.11842,0.12254,7.08729,0.12612,0.12304,7.05850,6.83474,7.07561,7.09239,0.40119,2.27575,7.02545,5.91147,5.86030,2.19513,7.01808,0.41038,7.00711,0.14441,0.10009,0.14295,0.12248,0.12231,0.11973,0.11892
1366,7.09615,0.11789,0.11549,7.09770,0.11969,0.12281,7.10084,0.13005,0.12369,7.08499,6.89129,7.08970,7.10390,1.03910,4.62973,7.06604,6.97966,6.96071,4.55446,7.08494,1.09667,7.08066,0.20060,0.10011,0.18688,0.14893,0.12227,0.11968,0.11899
1367,7.10153,0.11788,0.11558,7.11280,0.12031,0.12351,7.09101,0.13775,0.12373,7.09742,6.90693,7.10149,7.10998,1.06928,4.21212,7.09612,6.59376,6.73638,4.27926,7.02926,1.14684,7.04837,0.22629,0.10010,0.18427,0.16845,0.12196,0.11978,0.11907
1368,7.10130,0.11779,0.11572,7.11867,0.12057,0.12339,6.62556,0.13742,0.12345,7.10143,6.16075,7.10576,7.10007,0.51898,1.75928,7.11153,3.89627,4.44613,2.02206,5.35915,0.44482,5.69791,0.17691,0.10008,0.15161,0.16346,0.12175,0.11976,0.11913
1369,7.08237,0.11773,0.11593,7.11875,0.12100,0.12185,5.08337,0.13069,0.12751,7.09926,4.45359,7.09536,7.03484,0.36671,0.72374,7.10572,1.91745,2.39643,1.12269,3.24061,0.23038,3.55952,0.15237,0.10022,0.15326,0.15002,0.12233,0.11950,0.11909
1370,7.03143,0.11781,0.11631,7.09376,0.12172,0.12117,4.02183,0.12494,0.13637,7.09308,3.48451,7.06814,6.99598,0.44751,0.41600,7.03523,1.19026,1.55715,0.91803,2.39025,0.19156,2.42760,0.13666,0.10104,0.15940,0.15144,0.12497,0.11971,0.11901
1371,6.85420,0.11798,0.11639,7.03610,0.12268,0.12114,4.08932,0.12356,0.14153,7.04846,2.90035,7.04406,7.02243,0.49459,0.34056,7.00253,0.86486,1.19191,0.80590,1.85609,0.18671,1.87493,0.13237,0.10042,0.16770,0.15790,0.12803,0.12011,0.11896
1372,6.91467,0.11813,0.11624,7.02294,0.12194,0.12166,3.75133,0.12386,0.14250,6.95905,2.59068,7.03232,7.00951,0.43219,0.34932,6.99912,0.79964,1.11159,0.76752,1.56596,0.19126,1.63110,0.13257,0.10005,0.16798,0.14197,0.12811,0.12028,0.11901
1373,6.93235,0.11828,0.11620,7.02476,0.12086,0.12282,6.84765,0.12681,0.14476,6.94554,5.39280,7.02787,7.03031,0.50678,0.58791,6.99791,1.57982,1.67539,0.87695,3.59182,0.25708,3.69884,0.14579,0.10001,0.18594,0.13294,0.12751,0.12041,0.11906
1374,6.99777,0.11842,0.11614,7.03511,0.12046,0.12366,7.02962,0.13387,0.14312,6.96466,6.74040,7.03931,7.04564,0.56789,1.07591,7.00787,3.39381,3.62556,1.16820,6.36006,0.40343,6.52770,0.18635,0.10008,0.20530,0.14528,0.12674,0.12054,0.11916
1375,7.03050,0.11838,0.11645,7.06413,0.12040,0.12414,4.75811,0.13449,0.13696,7.00572,3.77170,7.06312,7.01032,0.33513,0.63538,7.04333,1.22966,1.44161,0.72816,2.19387,0.31127,2.53622,0.18101,0.10016,0.16707,0.15653,0.12467,0.12089,0.11937
1376,6.85299,0.11836,0.11690,7.07727,0.12017,0.12410,1.71213,0.13206,0.13543,7.02221,1.66649,7.07214,6.80054,0.23090,0.41907,7.06511,0.67498,0.82647,0.47443,0.94419,0.22840,1.07839,0.17178,0.10013,0.15390,0.15280,0.12305,0.12171,0.11964
1377,6.75386,0.11836,0.11710,7.06738,0.12025,0.12394,1.41111,0.13179,0.13565,6.93347,1.40784,7.07580,6.81959,0.21068,0.36362,7.07597,0.57073,0.72189,0.41456,0.78030,0.21342,0.89521,0.16712,0.10009,0.15057,0.14884,0.12257,0.12228,0.11996
1378,6.91391,0.11835,0.11708,7.03630,0.12038,0.12389,1.51237,0.13241,0.13581,6.89280,1.33898,7.08294,6.89453,0.20591,0.34618,7.07902,0.54238,0.68972,0.39694,0.74789,0.21048,0.84405,0.16342,0.10005,0.14955,0.14481,0.12267,0.12242,0.12018
1379,7.02905,0.11838,0.11697,6.99907,0.12036,0.12392,1.30445,0.13418,0.13496,6.97171,1.20602,7.09140,6.87848,0.19754,0.32212,7.07110,0.49338,0.63810,0.36753,0.67046,0.20665,0.76598,0.15975,0.10005,0.14791,0.14180,0.12262,0.12258,0.12047
1380,6.93220,0.11840,0.11703,6.99569,0.12028,0.12413,0.75949,0.13310,0.13315,7.02642,0.93644,7.09671,6.64350,0.17395,0.26077,7.03951,0.37929,0.48294,0.27958,0.49694,0.18634,0.59127,0.15501,0.10007,0.14395,0.14110,0.12218,0.12296,0.12095
1381,6.44106,0.11845,0.11724,7.02712,0.12008,0.12424,0.54484,0.13033,0.13181,6.92785,0.75829,7.09705,6.61206,0.15672,0.21674,7.02046,0.28789,0.34527,0.21899,0.36668,0.16868,0.43135,0.15160,0.10007,0.14096,0.13899,0.12166,0.12355,0.12142
1382,6.45608,0.11864,0.11749,7.03514,0.11964,0.12378,0.44522,0.12994,0.13058,6.72129,0.66843,7.09482,6.65800,0.14828,0.19629,7.02910,0.24929,0.27852,0.19098,0.30446,0.16469,0.34912,0.14827,0.10006,0.13903,0.13613,0.12128,0.12417,0.12202
1383,6.74746,0.11885,0.11773,7.01108,0.11944,0.12342,0.36049,0.12983,0.12907,6.71301,0.57977,7.09540,6.53115,0.14306,0.17795,7.04061,0.21637,0.22700,0.16984,0.25429,0.16069,0.27826,0.14505,0.10006,0.13703,0.13399,0.12106,0.12446,0.12257
1384,6.47321,0.11911,0.11804,6.97634,0.11946,0.12323,0.31280,0.12906,0.12691,6.79533,0.48643,7.08011,6.51800,0.13861,0.16349,7.04544,0.18137,0.17950,0.15157,0.20436,0.15360,0.21097,0.14218,0.10002,0.13429,0.13111,0.12067,0.12446,0.12294
1385,6.53996,0.11960,0.11796,6.94854,0.11952,0.12307,4.60537,0.13117,0.12635,6.69750,1.90242,7.06460,6.87251,0.13964,0.16626,7.06031,0.19260,0.19177,0.15478,0.40275,0.15503,0.45167,0.14104,0.09998,0.13396,0.12754,0.12054,0.12425,0.12320
1386,6.92371,0.11998,0.11765,6.94880,0.11939,0.12335,6.87027,0.13323,0.12629,6.76077,5.77928,7.06414,7.04025,0.14296,0.18981,7.02761,0.85350,0.82851,0.17751,3.93566,0.15696,4.07104,0.14348,0.09998,0.13452,0.12500,0.12054,0.12405,0.12330
1387,7.06831,0.12025,0.11737,7.01756,0.11920,0.12397,7.04636,0.13467,0.12589,6.96107,6.47889,7.06905,7.08158,0.14461,0.31652,6.97403,2.66461,2.40137,0.25600,6.09765,0.15960,6.15891,0.14556,0.09998,0.13419,0.12308,0.12047,0.12396,0.12330
1388,7.09043,0.12039,0.11726,7.06934,0.11916,0.12451,6.40134,0.13374,0.12423,7.05924,5.11008,7.08014,7.07851,0.13873,0.21797,7.00006,1.00565,0.87856,0.19710,3.14257,0.15442,3.23263,0.14398,0.09998,0.13189,0.12236,0.12040,0.12418,0.12330
1389,7.06997,0.12030,0.11701,7.08199,0.11938,0.12451,3.54479,0.13187,0.12305,7.08440,2.16126,7.08747,7.01004,0.13522,0.17174,7.05047,0.31056,0.31720,0.16234,0.83668,0.14828,0.86712,0.14215,0.09998,0.13045,0.12094,0.12040,0.12443,0.12321
1390,6.83811,0.12012,0.11680,7.08219,0.11949,0.12428,0.80265,0.13013,0.12245,7.05928,0.73570,7.08253,6.71410,0.13220,0.15378,7.07396,0.18199,0.18167,0.14590,0.25348,0.14327,0.26500,0.13968,0.09999,0.12930,0.11853,0.12054,0.12444,0.12310
1391,6.31214,0.12003,0.11669,7.08164,0.11928,0.12411,3.51122,0.12896,0.12373,6.88298,2.21566,7.05575,6.71180,0.13302,0.14911,7.08031,0.21424,0.21138,0.14330,0.93757,0.14156,0.98407,0.13632,0.09996,0.12879,0.11555,0.12122,0.12399,0.12300
1392,6.58425,0.11991,0.11620,7.08185,0.11946,0.12449,6.68554,0.13010,0.12509,6.65049,6.03348,7.04666,7.00347,0.13909,0.33846,7.08283,2.82777,2.66074,0.28538,5.75674,0.14451,5.73930,0.13768,0.09995,0.12890,0.11470,0.12272,0.12346,0.12300
1393,6.90246,0.11984,0.11609,7.08068,0.11919,0.12447,6.13881,0.12919,0.12556,6.72516,5.04733,7.04479,7.05423,0.13667,0.22671,7.08019,1.21164,1.27811,0.22355,3.43429,0.14180,3.55883,0.13616,0.09997,0.12712,0.11282,0.12313,0.12326,0.12292
1394,7.01030,0.11963,0.11590,7.08176,0.12037,0.12464,7.06085,0.12929,0.12550,6.89956,6.57743,7.06141,7.07694,0.18915,1.05372,7.07966,4.17417,4.09784,1.04727,6.28300,0.16685,6.29443,0.13631,0.09999,0.12869,0.11478,0.12473,0.12297,0.12275
1395,7.06658,0.11951,0.11579,7.08812,0.12128,0.12447,7.04548,0.12924,0.12502,7.02410,6.68769,7.07648,7.08611,0.21716,1.02775,7.08238,4.00196,4.48018,1.29388,6.34564,0.16758,6.42623,0.13504,0.10001,0.12880,0.11578,0.12512,0.12268,0.12266
1396,7.08380,0.11958,0.11572,7.09351,0.12107,0.12444,6.78845,0.12883,0.12449,7.06887,6.11029,7.08775,7.08854,0.20778,0.61221,7.08771,2.39931,3.39260,1.00993,4.82414,0.15379,5.27703,0.13368,0.10002,0.12835,0.11479,0.12510,0.12261,0.12266
1397,7.01195,0.11975,0.11618,7.09731,0.11956,0.12454,3.50498,0.12826,0.12415,7.08065,2.79582,7.09155,6.98434,0.14504,0.24596,7.09352,0.70767,1.11747,0.34531,1.45927,0.13958,1.98275,0.13275,0.10006,0.12596,0.11374,0.12410,0.12287,0.12279
1398,6.84564,0.11991,0.11648,7.09845,0.11913,0.12469,4.78776,0.12859,0.12433,7.03707,2.54595,7.08876,7.03077,0.13959,0.25920,7.09229,0.68643,0.91276,0.30267,1.40708,0.14142,1.64575,0.13233,0.10004,0.12502,0.11254,0.12329,0.12318,0.12285
1399,6.87017,0.12001,0.11665,7.09884,0.11897,0.12462,2.33178,0.12848,0.12435,6.96003,1.71629,7.08529,6.93925,0.13119,0.21366,7.09437,0.46986,0.56322,0.22869,0.87435,0.13798,1.01800,0.13188,0.10003,0.12443,0.11179,0.12254,0.12338,0.12287
1400,6.37834,0.12017,0.11689,7.09821,0.11858,0.12448,0.78235,0.12752,0.12442,6.91845,0.78700,7.06602,6.71555,0.12487,0.15005,7.08583,0.21418,0.23827,0.15311,0.31308,0.13208,0.34903,0.13036,0.10002,0.12313,0.11116,0.12206,0.12342,0.12286
1401,6.12991,0.12006,0.11655,7.09226,0.11888,0.12468,6.07847,0.12679,0.12403,6.74516,3.44300,7.05541,6.96236,0.12970,0.16320,7.06892,0.27179,0.27662,0.16795,0.92392,0.13235,1.01600,0.12924,0.09999,0.12200,0.11123,0.12337,0.12325,0.12275
1402,6.51273,0.11981,0.11606,7.08354,0.11960,0.12464,6.77643,0.12610,0.12362,6.57459,4.78349,7.04243,7.07592,0.13333,0.16831,7.06610,0.31254,0.30306,0.17654,1.35194,0.13234,1.46040,0.12840,0.09999,0.12121,0.11132,0.12468,0.12303,0.12259
1403,6.91858,0.11974,0.11595,7.08326,0.11959,0.12460,5.28894,0.12568,0.12336,6.66684,2.35635,7.03976,7.08061,0.13201,0.15615,7.07241,0.24776,0.25552,0.16592,0.58518,0.13114,0.62316,0.12755,0.09999,0.12039,0.11051,0.12489,0.12296,0.12253
1404,7.05110,0.11982,0.11594,7.08539,0.11922,0.12467,6.93274,0.12566,0.12297,6.90518,4.95680,7.06094,7.08580,0.13452,0.17652,7.07759,0.37949,0.37756,0.18026,1.87422,0.13287,2.07169,0.12756,0.09998,0.12013,0.10973,0.12476,0.12300,0.12254
1405,7.05348,0.11990,0.11612,7.08604,0.11856,0.12473,3.01442,0.12548,0.12325,7.03216,1.60090,7.07432,7.00921,0.12701,0.15279,7.08014,0.22671,0.23027,0.15731,0.46314,0.13034,0.48952,0.12687,0.10000,0.11933,0.10997,0.12405,0.12303,0.12253
1406,6.60093,0.12008,0.11669,7.08536,0.11787,0.12477,0.37554,0.12525,0.12328,7.04021,0.54909,7.06772,6.73463,0.11927,0.13546,7.07534,0.15825,0.16273,0.13682,0.18886,0.12728,0.19396,0.12567,0.10001,0.11910,0.11205,0.12262,0.12316,0.12253
1407,6.14709,0.12008,0.11655,7.07659,0.11791,0.12435,4.56403,0.12453,0.12178,6.91778,3.50169,7.03802,6.88037,0.12156,0.19473,7.06693,1.19030,1.13075,0.18782,2.63733,0.12678,2.64684,0.12439,0.09983,0.11918,0.11340,0.12199,0.12296,0.12233
1408,6.67761,0.11955,0.11556,7.07334,0.11917,0.12382,7.01703,0.12380,0.12040,6.76779,6.62836,7.04683,7.06253,0.13173,0.56477,7.07202,4.23124,4.06808,0.55254,6.65195,0.12916,6.59396,0.12360,0.09978,0.11926,0.11237,0.12296,0.12219,0.12201
1409,6.93914,0.11913,0.11528,7.07625,0.12019,0.12341,7.06214,0.12318,0.11959,6.82759,6.71539,7.05927,7.07302,0.22149,1.21360,7.07779,5.21795,4.89367,1.40233,6.83621,0.14547,6.77655,0.12318,0.09990,0.12127,0.11479,0.12251,0.12185,0.12165
1410,7.03860,0.11872,0.11534,7.07988,0.12106,0.12302,7.07056,0.12284,0.11997,6.93433,6.81292,7.06407,7.07571,0.83154,3.69244,7.07777,6.82284,6.76691,3.97240,7.05148,0.35844,7.04511,0.12430,0.09991,0.14062,0.12958,0.12183,0.12155,0.12126
1411,7.06693,0.11841,0.11537,7.07892,0.12081,0.12259,7.06325,0.12257,0.12222,7.02741,6.83022,7.07267,7.07727,1.12965,3.35684,7.07539,6.55327,6.64435,4.09265,7.02122,0.40327,7.01613,0.12560,0.09985,0.16636,0.15231,0.12159,0.12116,0.12089
1412,7.07002,0.11814,0.11557,7.07604,0.12041,0.12218,7.00598,0.12248,0.12879,7.04716,6.74694,7.07530,7.07503,1.41632,3.05720,7.07629,5.83338,6.19185,4.09837,6.65627,0.48872,6.74370,0.12930,0.09984,0.22059,0.21130,0.12176,0.12080,0.12053
1413,7.06031,0.11814,0.11545,7.07386,0.11974,0.12196,6.64360,0.12281,0.13438,7.06432,5.99612,7.07203,7.06675,0.75319,1.11636,7.07512,3.45966,4.23471,2.29284,5.14926,0.23751,5.40887,0.12864,0.10011,0.19028,0.16860,0.12257,0.12065,0.12025
1414,7.05757,0.11793,0.11551,7.06852,0.12044,0.12182,6.56334,0.12348,0.14936,7.06584,5.95644,7.06907,7.06388,0.93864,1.15534,7.07016,3.47473,3.93597,2.21761,5.13695,0.28132,5.18312,0.13250,0.09987,0.21829,0.20039,0.12752,0.12049,0.11989
1415,7.04263,0.11794,0.11553,7.06605,0.12033,0.12197,6.30930,0.12432,0.15668,7.06454,5.37450,7.06803,7.05418,0.82057,0.90418,7.06760,2.63038,3.27266,1.90791,4.32248,0.25638,4.45941,0.13495,0.09989,0.22246,0.17932,0.13038,0.12050,0.11971
1416,6.93490,0.11802,0.11566,7.06623,0.11849,0.12307,3.81878,0.12549,0.15793,7.05483,3.31515,7.06308,6.96192,0.49080,0.49054,7.06586,1.24838,2.11492,1.26920,2.17012,0.19334,2.63566,0.13598,0.09989,0.19171,0.14378,0.12996,0.12060,0.11954
1417,6.81092,0.11790,0.11539,7.06527,0.11794,0.12427,4.81078,0.12744,0.15911,7.02381,3.74126,7.05901,7.00801,0.48199,0.51240,7.06368,1.29400,1.81597,1.08274,2.37806,0.21244,2.63352,0.13800,0.09980,0.18846,0.14266,0.13305,0.12073,0.11929
1418,6.91197,0.11759,0.11489,7.06632,0.12032,0.12464,6.89011,0.12759,0.16195,6.99968,5.77973,7.06221,7.05414,0.55630,0.65953,7.06378,1.83763,1.86709,1.08394,3.47232,0.24393,3.35025,0.13985,0.09983,0.19752,0.16140,0.13898,0.12079,0.11898
1419,7.00398,0.11747,0.11472,7.07368,0.12637,0.12549,7.05009,0.12977,0.17265,6.99959,6.71723,7.07780,7.06459,0.73248,1.34321,7.07075,3.62014,3.23443,1.36634,6.00709,0.35821,5.94178,0.15439,0.09990,0.25507,0.19042,0.14713,0.12204,0.11889
1420,7.04985,0.11768,0.11471,7.08944,0.12788,0.12541,7.05016,0.13248,0.17543,7.01973,6.85296,7.09196,7.07670,0.79417,1.79769,7.08495,4.76803,4.60842,1.68585,6.77284,0.47744,6.77221,0.18546,0.09997,0.27822,0.17886,0.14800,0.12273,0.11906
1421,7.07499,0.11778,0.11463,7.10832,0.12445,0.12630,7.02232,0.13659,0.16828,7.04622,6.71546,7.09958,7.09420,0.68085,1.38175,7.09943,3.40162,3.61231,1.46169,5.81771,0.45248,5.98253,0.19516,0.09998,0.24599,0.17055,0.14624,0.12261,0.11903
1422,7.08959,0.11794,0.11471,7.11164,0.12029,0.12868,7.02057,0.14918,0.16277,7.07167,6.69505,7.09997,7.10181,0.62073,1.59103,7.10407,3.77528,3.98776,1.57642,5.97546,0.55543,6.11612,0.23236,0.09998,0.23659,0.17033,0.14090,0.12249,0.11900
1423,7.04850,0.11821,0.11512,7.11189,0.11738,0.12909,4.48759,0.14524,0.15958,7.08474,3.88591,7.09940,6.99446,0.36578,0.78893,7.09877,1.63991,1.78362,0.89592,2.63336,0.34923,2.81898,0.19962,0.10002,0.19994,0.14686,0.13538,0.12241,0.11915
1424,6.32927,0.11851,0.11573,7.10747,0.11577,0.13097,1.12777,0.13638,0.15741,7.04907,1.31215,7.05814,6.63978,0.20881,0.31697,7.08530,0.51429,0.63824,0.37363,0.72146,0.20562,0.81850,0.15452,0.10004,0.17109,0.13367,0.13174,0.12304,0.11947
1425,5.79495,0.11900,0.11623,7.10310,0.11646,0.13310,1.57488,0.13683,0.15222,6.81189,0.81769,7.01473,6.80205,0.17011,0.22251,7.08733,0.30266,0.33243,0.23255,0.38419,0.16692,0.42790,0.14216,0.10003,0.15652,0.12968,0.12713,0.12443,0.11983
1426,6.27076,0.11938,0.11647,7.10501,0.11692,0.13447,1.93505,0.13725,0.14917,6.73266,0.76261,7.01382,6.92129,0.16476,0.20546,7.08661,0.28474,0.28623,0.21433,0.35710,0.15723,0.36484,0.13982,0.10002,0.14759,0.12523,0.12813,0.12532,0.12017
1427,6.00633,0.11968,0.11685,7.10191,0.11724,0.13472,0.28947,0.13634,0.14423,6.69127,0.52389,6.99459,6.63961,0.14594,0.15991,7.08271,0.19231,0.20152,0.17145,0.22251,0.14057,0.22746,0.13647,0.10003,0.13990,0.12398,0.12777,0.12589,0.12062
1428,5.97612,0.12016,0.11721,7.09104,0.11760,0.13505,5.65018,0.13522,0.13980,6.71406,2.91562,6.98103,6.96605,0.14345,0.15678,7.07551,0.19046,0.18904,0.16386,0.48633,0.13909,0.49715,0.13455,0.10000,0.13498,0.12174,0.12839,0.12692,0.12132
1429,6.63481,0.12028,0.11709,7.07268,0.11888,0.13431,5.99251,0.13300,0.13505,6.98606,4.22073,7.00008,7.03618,0.14678,0.21773,7.06397,1.10471,1.01156,0.20758,2.86538,0.13942,2.87724,0.13261,0.09993,0.13291,0.12190,0.13221,0.12715,0.12185
1430,6.88254,0.11999,0.11633,7.05583,0.12597,0.13240,7.07381,0.13058,0.13304,6.98744,6.75037,7.01996,7.05810,0.65901,3.54022,7.05279,6.60917,6.45658,3.28320,7.05607,0.58398,7.04471,0.13987,0.09993,0.15608,0.12732,0.13486,0.12768,0.12214
1431,7.02023,0.11989,0.11664,7.04582,0.13061,0.13079,7.06360,0.13261,0.13975,6.95235,6.80462,7.03529,7.05484,2.81027,6.56217,7.04323,7.06222,7.05888,6.49462,7.06145,2.67536,7.05749,0.26519,0.09999,0.32068,0.15818,0.13321,0.12811,0.12210
1432,7.05303,0.11971,0.11696,7.03932,0.13156,0.13038,7.04921,0.13149,0.14285,7.02413,6.81964,7.04277,7.04839,2.23026,5.00490,7.03707,6.86088,6.90687,5.76116,7.03710,1.49543,7.03606,0.20974,0.09996,0.27118,0.14759,0.13258,0.12791,0.12189
1433,7.04992,0.11956,0.11748,7.03297,0.13161,0.13013,6.88207,0.12993,0.14576,7.04346,6.54183,7.03954,7.03796,1.09817,2.27082,7.03951,4.96423,5.70959,3.73457,6.23860,0.47595,6.43052,0.15139,0.09997,0.20189,0.13711,0.13270,0.12745,0.12161
1434,7.01992,0.11997,0.11812,7.03213,0.13184,0.12977,5.61034,0.13015,0.14922,7.04530,5.02711,7.03332,6.99139,0.72393,0.69367,7.03457,2.12481,3.35029,2.08219,3.84758,0.21678,4.34915,0.13842,0.10002,0.17690,0.16328,0.13638,0.12773,0.12148
1435,6.92979,0.12082,0.11869,7.02602,0.13307,0.12983,2.93426,0.12985,0.15107,7.05419,2.63380,7.01885,6.82421,0.49034,0.31913,7.02587,0.68553,1.69735,1.21391,1.46503,0.16601,2.10408,0.13523,0.10007,0.16968,0.16163,0.14011,0.12824,0.12146
1436,6.79117,0.12207,0.12011,7.02246,0.13790,0.12991,5.89960,0.13062,0.15888,7.04939,4.59829,7.00667,6.92670,0.65858,0.42723,7.02415,1.36528,1.66790,0.94918,3.23584,0.22068,3.35775,0.13752,0.10008,0.22368,0.20025,0.14357,0.12932,0.12172
1437,6.87490,0.12274,0.12085,7.02234,0.14046,0.13010,7.02051,0.13294,0.17917,6.91283,6.79291,7.00791,7.01830,0.83289,1.71508,7.02460,5.55158,5.24672,1.69617,6.94845,0.35878,6.92450,0.16343,0.10002,0.33481,0.22038,0.14627,0.13022,0.12229
1438,6.98185,0.12293,0.12000,7.02182,0.13582,0.13228,6.39019,0.13475,0.18159,6.90995,5.61583,7.01149,7.01465,0.58600,0.81860,7.02473,2.57013,2.48668,1.14194,4.45326,0.30115,4.34663,0.16118,0.10002,0.26608,0.16140,0.14619,0.13028,0.12277
1439,6.99085,0.12344,0.11959,7.02218,0.13522,0.13433,6.47013,0.13816,0.19329,6.95703,5.45480,7.01693,7.01307,0.58115,0.74508,7.02537,2.30748,2.21818,1.07866,4.07966,0.28263,3.98864,0.16287,0.10002,0.24463,0.15914,0.15230,0.13077,0.12321
1440,6.82115,0.12389,0.11973,7.02277,0.13293,0.13678,3.19595,0.13818,0.19049,6.99485,2.41337,7.01630,6.87067,0.38895,0.36579,7.02603,0.81892,1.11049,0.71537,1.47021,0.19766,1.56148,0.15311,0.09997,0.19747,0.15655,0.15742,0.13176,0.12371
1441,6.74014,0.12496,0.11978,7.02544,0.13689,0.13916,6.96511,0.13983,0.18615,7.01774,6.15723,7.01387,6.99020,0.49894,0.77202,7.02979,2.60402,2.54003,0.91794,5.00970,0.26147,5.02711,0.15278,0.09997,0.22718,0.17674,0.16839,0.13441,0.12443
1442,6.91432,0.12551,0.11947,7.03048,0.14361,0.13905,7.01487,0.14034,0.19296,6.95998,6.80910,7.02255,7.02155,0.63907,1.68022,7.03366,5.45946,5.30234,1.69800,6.92769,0.38091,6.89831,0.16573,0.09996,0.26610,0.17793,0.17211,0.13675,0.12512
1443,6.99923,0.12588,0.11956,7.03587,0.14831,0.13819,7.02167,0.14957,0.19945,6.94853,6.86491,7.03016,7.02918,1.01584,3.92144,7.03789,6.73491,6.69332,3.73219,7.00437,0.83975,7.00123,0.23425,0.09999,0.32388,0.17390,0.16943,0.13768,0.12568
1444,7.02529,0.12588,0.11962,7.03597,0.15023,0.13784,6.83256,0.14700,0.19154,7.00349,6.51214,7.03077,7.02794,0.67125,1.98397,7.03930,4.55857,4.80734,2.20279,5.99498,0.52118,6.12876,0.21509,0.10001,0.26180,0.15184,0.16336,0.13783,0.12589
1445,6.98091,0.12597,0.11955,7.03549,0.14932,0.13827,4.98947,0.14156,0.18750,7.02200,4.43687,7.02999,6.95691,0.39710,0.80104,7.04030,1.98487,2.38780,1.10079,3.23230,0.31099,3.53605,0.18361,0.10002,0.22160,0.14188,0.16092,0.13813,0.12580
1446,6.63657,0.12608,0.11988,7.03742,0.14557,0.13918,2.49686,0.13924,0.18637,6.97416,2.35591,7.02235,6.83075,0.26913,0.41547,7.03886,0.86172,1.17722,0.60770,1.40586,0.22366,1.65834,0.16210,0.09997,0.19386,0.14168,0.16145,0.13839,0.12586
1447,6.54380,0.12624,0.11987,7.03851,0.14665,0.13999,3.71923,0.13980,0.18501,6.86862,2.13905,7.01344,6.97851,0.27039,0.38239,7.03930,0.81937,1.01436,0.53772,1.31248,0.20958,1.44359,0.15636,0.09996,0.17881,0.14055,0.16368,0.13882,0.12603
1448,6.71267,0.12670,0.12165,7.04228,0.15659,0.13981,1.80639,0.13803,0.17613,6.83105,1.69219,7.01558,6.87914,0.26182,0.29065,7.04436,0.60521,0.74284,0.45103,1.01661,0.17957,1.06920,0.14806,0.10000,0.16690,0.14719,0.16270,0.13935,0.12559
1449,6.43816,0.12760,0.12679,7.04891,0.16204,0.13972,1.02010,0.13718,0.16715,6.79792,1.16019,7.01225,6.72493,0.23750,0.21543,7.05116,0.35401,0.49902,0.37321,0.58521,0.15648,0.65203,0.14179,0.10000,0.16153,0.14915,0.15961,0.13971,0.12536
1450,6.00577,0.12829,0.13121,7.05584,0.16288,0.13966,0.63151,0.13642,0.16159,6.81389,0.76148,6.98752,6.66059,0.19690,0.17792,7.05655,0.23621,0.37825,0.29500,0.31661,0.14523,0.40508,0.13912,0.09998,0.15566,0.14431,0.15625,0.13964,0.12528
1451,6.08239,0.13060,0.13758,7.06194,0.16009,0.13837,4.82128,0.13580,0.15562,6.80367,3.59142,6.98351,6.90901,0.20619,0.18898,7.06306,0.31600,0.37464,0.27414,1.40549,0.15164,1.48508,0.14015,0.09999,0.15382,0.14685,0.14982,0.13973,0.12531
1452,6.48975,0.13523,0.14421,7.07020,0.15291,0.13735,6.86422,0.13506,0.15102,6.94424,5.60629,6.99460,7.02244,0.21721,0.20386,7.07103,0.52098,0.46853,0.26990,2.55540,0.15848,2.49371,0.14309,0.10000,0.15515,0.14716,0.14314,0.13967,0.12524
1453,6.80593,0.14115,0.14693,7.08006,0.14526,0.13647,6.65612,0.13674,0.14826,7.02674,5.81480,7.02930,7.04994,0.22437,0.27497,7.07880,1.45418,1.29138,0.31269,4.31646,0.16851,4.25458,0.14822,0.10004,0.15850,0.14478,0.13909,0.13856,0.12614
1454,6.88489,0.14345,0.14530,7.08596,0.14253,0.13635,2.29654,0.13585,0.14447,6.97739,1.64528,7.05555,6.93410,0.18791,0.18569,7.08233,0.30160,0.36158,0.24649,0.64600,0.15923,0.68291,0.14839,0.10001,0.15025,0.13343,0.13776,0.13819,0.12733
1455,6.55592,0.14501,0.14217,7.08649,0.13908,0.13540,2.74931,0.13808,0.14109,7.01884,1.50830,7.04347,6.80324,0.17866,0.17295,7.08448,0.21668,0.26484,0.22533,0.39205,0.15551,0.42928,0.14796,0.09997,0.14241,0.12635,0.13603,0.13753,0.13055
1456,6.55533,0.14444,0.14046,7.08745,0.13808,0.13499,7.01144,0.14044,0.14018,6.73693,6.10579,7.03814,7.06238,0.18557,0.19182,7.08479,0.39111,0.41846,0.23046,2.89112,0.16217,3.08642,0.14745,0.09996,0.14086,0.11927,0.13571,0.13708,0.13122
1457,6.97310,0.14350,0.13999,7.08847,0.13802,0.13552,7.00897,0.14096,0.13907,6.74423,6.33971,7.05354,7.08874,0.18103,0.22287,7.08549,0.94149,0.97481,0.24710,4.30141,0.16674,4.48010,0.14794,0.09999,0.13936,0.11605,0.13613,0.13679,0.13082
1458,6.99096,0.14163,0.14101,7.09336,0.13839,0.13652,2.80599,0.13880,0.13642,6.92178,1.91865,7.07119,6.94878,0.15591,0.18424,7.08926,0.27738,0.32259,0.20863,0.66528,0.15557,0.76683,0.14355,0.10002,0.13951,0.11550,0.13693,0.13723,0.13016
1459,6.19906,0.13952,0.14029,7.09859,0.13914,0.13726,0.32385,0.13734,0.13359,6.91096,0.60684,7.05662,6.56746,0.14161,0.15961,7.09320,0.18184,0.20603,0.16963,0.20812,0.14574,0.22830,0.13975,0.10002,0.13837,0.11601,0.13717,0.13807,0.13019
1460,5.33385,0.13809,0.13803,7.09852,0.13979,0.13796,0.20124,0.13669,0.13208,6.52579,0.48308,6.99068,6.49646,0.13710,0.14661,7.09200,0.15564,0.16394,0.14582,0.16566,0.14067,0.17519,0.13790,0.10003,0.13644,0.11582,0.13704,0.13868,0.13052
1461,5.34753,0.13677,0.13662,7.09604,0.13837,0.13874,0.17886,0.13616,0.13106,6.13801,0.43209,6.92858,6.69524,0.13625,0.14210,7.09038,0.14653,0.14696,0.13968,0.15130,0.13868,0.15424,0.13678,0.10003,0.13521,0.11572,0.13678,0.13914,0.13127
1462,5.85708,0.13605,0.13557,7.09546,0.13640,0.13897,0.17761,0.13539,0.13020,6.00559,0.40726,6.92506,6.85942,0.13628,0.14076,7.09112,0.14406,0.14300,0.13870,0.14725,0.13777,0.14809,0.13632,0.10004,0.13473,0.11633,0.13524,0.13950,0.13257
1463,6.26094,0.13601,0.13447,7.09754,0.13592,0.13844,3.43661,0.13490,0.12959,6.07509,0.59748,6.96855,6.99059,0.13623,0.14047,7.09349,0.14355,0.14238,0.13866,0.14946,0.13752,0.15186,0.13605,0.10003,0.13416,0.11607,0.13413,0.13963,0.13352
1464,6.74260,0.13625,0.13386,7.09868,0.13584,0.13792,3.24632,0.13491,0.12922,6.33841,0.60982,7.00150,7.06008,0.13460,0.14046,7.09370,0.14343,0.14219,0.13860,0.14962,0.13757,0.15157,0.13604,0.10003,0.13291,0.11379,0.13441,0.13967,0.13376
1465,6.86549,0.13643,0.13332,7.09831,0.13584,0.13778,1.44265,0.13497,0.12898,6.65602,0.37851,7.02070,7.03024,0.13269,0.13991,7.09307,0.14256,0.14118,0.13830,0.14540,0.13724,0.14559,0.13601,0.10003,0.13112,0.11181,0.13482,0.13967,0.13381
1466,6.88372,0.13655,0.13284,7.09810,0.13583,0.13773,0.31543,0.13504,0.12893,6.82792,0.34969,7.04238,6.96814,0.12978,0.13937,7.09276,0.14188,0.14043,0.13792,0.14382,0.13676,0.14345,0.13601,0.10003,0.12986,0.11037,0.13518,0.13968,0.13387
1467,6.50052,0.13657,0.13236,7.09945,0.13587,0.13796,0.16004,0.13513,0.12876,6.87565,0.32493,7.05892,6.76585,0.12641,0.13783,7.09450,0.14032,0.13898,0.13632,0.14161,0.13596,0.14096,0.13589,0.10004,0.12915,0.10935,0.13561,0.13970,0.13388
1468,5.94673,0.13648,0.13193,7.10330,0.13592,0.13839,0.15523,0.13536,0.12864,6.64023,0.30835,7.04409,6.66033,0.12398,0.13578,7.09811,0.13795,0.13707,0.13255,0.13930,0.13542,0.13874,0.13568,0.10005,0.12881,0.10875,0.13602,0.13970,0.13385
1469,5.95145,0.13640,0.13156,7.10349,0.13594,0.13843,4.56288,0.13543,0.12820,6.38448,0.78555,7.02466,6.94831,0.12388,0.13550,7.09469,0.13773,0.13709,0.13237,0.14477,0.13497,0.14744,0.13559,0.10003,0.12747,0.10810,0.13587,0.13971,0.13390
1470,6.43313,0.13632,0.13107,7.10019,0.13579,0.13850,1.07441,0.13552,0.12841,6.32588,0.33872,7.02347,6.90459,0.12220,0.13441,7.09134,0.13629,0.13533,0.13002,0.13844,0.13435,0.13854,0.13547,0.10002,0.12683,0.10747,0.13597,0.13970,0.13391
1471,6.18221,0.13602,0.13037,7.09465,0.13560,0.13865,0.14843,0.13568,0.12848,6.52861,0.26889,7.00837,6.76258,0.12131,0.13278,7.08758,0.13342,0.13103,0.12601,0.13469,0.13407,0.13402,0.13516,0.09992,0.12646,0.10681,0.13608,0.13950,0.13365
1472,6.19862,0.13576,0.12966,7.08972,0.13546,0.13855,3.87897,0.13557,0.12755,6.51397,1.27334,6.99862,6.98091,0.12151,0.13220,7.08580,0.13300,0.13092,0.12587,0.22013,0.13353,0.23921,0.13488,0.09993,0.12515,0.10588,0.13586,0.13935,0.13349
1473,6.79094,0.13587,0.12931,7.09273,0.13511,0.13814,7.09332,0.13526,0.12637,6.51016,6.32238,7.03006,7.08937,0.12296,0.17548,7.08796,1.38636,1.33372,0.16133,4.89039,0.13213,4.98415,0.13425,0.10000,0.12293,0.10533,0.13551,0.13936,0.13367
1474,7.05932,0.13613,0.12923,7.09777,0.13450,0.13759,7.08499,0.13488,0.12502,6.85939,6.63293,7.05963,7.09291,0.13974,1.37548,7.09340,5.76684,5.46168,1.03337,7.00041,0.13922,6.98563,0.13289,0.10021,0.12126,0.10556,0.13523,0.13934,0.13392
1475,7.07743,0.13618,0.12886,7.09737,0.13395,0.13772,6.29955,0.13510,0.12578,7.05136,5.30978,7.07170,7.07254,0.12808,0.40754,7.09671,2.03673,2.05543,0.39262,4.11276,0.13233,4.23295,0.13312,0.10002,0.12105,0.10518,0.13558,0.13929,0.13390
1476,6.99762,0.13603,0.12823,7.09453,0.13394,0.13801,3.11950,0.13545,0.12593,7.06807,2.22791,7.07391,6.95200,0.12188,0.16437,7.09877,0.45248,0.54894,0.18204,1.11392,0.13078,1.26189,0.13362,0.10002,0.12159,0.10460,0.13585,0.13923,0.13379
1477,6.76628,0.13580,0.12757,7.08571,0.13397,0.13819,1.32358,0.13568,0.12556,7.00667,1.07089,7.06439,6.80218,0.12068,0.13888,7.09893,0.22202,0.27697,0.14585,0.43866,0.13106,0.52268,0.13382,0.10001,0.12129,0.10403,0.13592,0.13915,0.13371
1478,6.64092,0.13562,0.12700,7.06864,0.13391,0.13830,0.69992,0.13584,0.12520,6.87481,0.70273,7.05049,6.69558,0.12022,0.13329,7.09785,0.16819,0.20002,0.13477,0.26361,0.13132,0.31186,0.13386,0.10001,0.12042,0.10356,0.13588,0.13911,0.13369
1479,6.36311,0.13545,0.12649,7.08058,0.13393,0.13841,0.73527,0.13603,0.12506,6.80758,0.48147,7.03413,6.63289,0.11967,0.13054,7.09506,0.14112,0.15305,0.12753,0.17288,0.13146,0.19252,0.13402,0.10000,0.11961,0.10316,0.13588,0.13907,0.13368
1480,6.36065,0.13542,0.12611,7.09222,0.13392,0.13837,2.27078,0.13586,0.12444,6.78493,0.63640,7.01919,6.97482,0.11959,0.13056,7.08966,0.14179,0.14954,0.12754,0.17988,0.13106,0.19166,0.13389,0.10001,0.11829,0.10288,0.13576,0.13905,0.13375
1481,6.70997,0.13552,0.12583,7.09094,0.13367,0.13820,6.03365,0.13551,0.12391,6.90987,2.32012,7.03287,7.07057,0.11939,0.13202,7.08823,0.15458,0.15935,0.13028,0.29761,0.12993,0.32961,0.13324,0.10002,0.11716,0.10276,0.13564,0.13905,0.13387
1482,6.90781,0.13555,0.12544,7.09143,0.13322,0.13824,1.21631,0.13565,0.12463,6.88425,0.48772,7.05398,6.96458,0.11685,0.12984,7.08831,0.13821,0.14174,0.12639,0.16219,0.12918,0.16785,0.13319,0.10001,0.11682,0.10266,0.13579,0.13901,0.13386
1483,6.38888,0.13541,0.12491,7.09232,0.13303,0.13839,0.17229,0.13604,0.12530,6.86607,0.32099,7.04993,6.67470,0.11503,0.12791,7.08838,0.12984,0.12890,0.12216,0.13415,0.12922,0.13581,0.13357,0.10001,0.11773,0.10262,0.13601,0.13894,0.13379
1484,5.86979,0.13516,0.12439,7.09026,0.13315,0.13851,1.32879,0.13634,0.12528,6.68093,0.31044,7.02380,6.79426,0.11489,0.12700,7.08641,0.12739,0.12449,0.11996,0.12940,0.12972,0.12940,0.13391,0.10001,0.11821,0.10253,0.13613,0.13886,0.13374
1485,6.20511,0.13503,0.12394,7.08667,0.13306,0.13836,4.95643,0.13601,0.12416,6.54539,0.77362,7.00795,7.03794,0.11495,0.12649,7.08266,0.12730,0.12521,0.12041,0.13544,0.12853,0.13865,0.13344,0.09996,0.11688,0.10226,0.13591,0.13877,0.13376
1486,6.63714,0.13481,0.12331,7.08326,0.13255,0.13822,0.71024,0.13595,0.12445,6.43350,0.28068,7.00809,6.95266,0.11368,0.12577,7.07938,0.12589,0.12283,0.11910,0.12725,0.12801,0.12665,0.13331,0.09990,0.11634,0.10206,0.13575,0.13859,0.13365
1487,6.54890,0.13453,0.12264,7.07910,0.13221,0.13799,2.54250,0.13570,0.12379,6.60776,0.32410,7.01241,6.88979,0.11363,0.12470,7.07661,0.12445,0.12150,0.11926,0.12701,0.12676,0.12765,0.13305,0.09988,0.11591,0.10191,0.13545,0.13834,0.13351
1488,6.62819,0.13434,0.12204,7.07721,0.13183,0.13772,3.10681,0.13528,0.12284,6.93848,1.42996,7.00796,6.95999,0.11469,0.12295,7.07619,0.12598,0.12432,0.12041,0.35287,0.12462,0.37382,0.13248,0.09993,0.11474,0.10183,0.13511,0.13812,0.13344
1489,6.80049,0.13438,0.12163,7.07813,0.13117,0.13736,6.40937,0.13455,0.12134,7.02474,4.02828,7.03080,7.04197,0.11680,0.12181,7.07826,0.13744,0.14502,0.12122,0.95130,0.12151,1.12852,0.13102,0.09997,0.11286,0.10193,0.13466,0.13795,0.13349
1490,6.88092,0.13413,0.12089,7.07804,0.13012,0.13710,1.68294,0.13437,0.12149,7.04126,0.70348,7.04254,6.85455,0.11423,0.12001,7.07883,0.12268,0.12357,0.11989,0.15797,0.12233,0.18516,0.13090,0.09992,0.11222,0.10147,0.13446,0.13765,0.13332
1491,6.63780,0.13345,0.11960,7.07908,0.12972,0.13648,4.02168,0.13359,0.11843,7.05437,2.02116,7.02496,6.84309,0.11452,0.12013,7.08254,0.12081,0.12168,0.11864,0.38709,0.12464,0.41037,0.12996,0.09993,0.11096,0.10082,0.13362,0.13697,0.13346
1492,6.81879,0.13322,0.11883,7.08391,0.12861,0.13522,5.78160,0.13156,0.11339,7.05469,3.02286,7.04435,7.03695,0.11752,0.12163,7.08690,0.12168,0.12385,0.11977,0.48568,0.12569,0.50006,0.12691,0.09997,0.10919,0.10049,0.13185,0.13617,0.13431
1493,6.93629,0.13250,0.11828,7.08974,0.12799,0.13373,3.49055,0.13029,0.10973,7.04269,1.04499,7.06251,7.00798,0.12015,0.12459,7.09063,0.12165,0.12229,0.12151,0.19756,0.12671,0.21347,0.12771,0.09998,0.11213,0.10110,0.12609,0.13552,0.13485
1494,6.91537,0.13068,0.11906,7.09775,0.12359,0.13166,2.53523,0.12993,0.11218,7.06140,0.43493,7.06741,6.94949,0.12366,0.12747,7.09643,0.12448,0.12276,0.12439,0.13265,0.12897,0.13336,0.12966,0.09998,0.12020,0.10426,0.11664,0.13385,0.13488
1495,6.74421,0.12993,0.12139,7.10768,0.11785,0.12975,0.22905,0.13006,0.11447,7.05617,0.24584,7.07630,6.84917,0.12437,0.12833,7.10538,0.12654,0.12451,0.12602,0.12450,0.12974,0.12372,0.13033,0.09999,0.12141,0.10364,0.11462,0.13123,0.13445
1496,6.32931,0.12980,0.12376,7.11808,0.11685,0.12881,0.13610,0.12962,0.11349,6.97821,0.22725,7.06939,6.77056,0.12175,0.12816,7.11412,0.12797,0.12601,0.12614,0.12637,0.12844,0.12513,0.12985,0.10000,0.11939,0.10232,0.11463,0.12911,0.13399
1497,5.83824,0.12954,0.12404,7.12694,0.11575,0.12740,0.13540,0.12946,0.11285,6.63654,0.21790,7.03597,6.56344,0.12191,0.12712,7.11964,0.12752,0.12633,0.12475,0.12770,0.12947,0.12679,0.13009,0.10000,0.11822,0.10186,0.11488,0.12726,0.13345
1498,5.32452,0.12937,0.11998,7.13176,0.11412,0.12505,0.13442,0.12872,0.11340,6.45555,0.20200,6.95979,6.47519,0.12394,0.12924,7.12214,0.12732,0.12508,0.12463,0.12661,0.13065,0.12570,0.13020,0.10000,0.11904,0.10195,0.11584,0.12637,0.13316
1499,5.29689,0.12826,0.11598,7.13344,0.11384,0.12369,0.13354,0.12698,0.11488,6.63382,0.19372,6.92279,6.51416,0.12497,0.13033,7.12698,0.12880,0.12568,0.12608,0.12769,0.13070,0.12596,0.12892,0.09999,0.11968,0.10197,0.11661,0.12563,0.13296
1500,5.58351,0.12601,0.11355,7.13571,0.11412,0.12322,0.13465,0.12588,0.11638,6.83676,0.18793,6.91807,6.54310,0.12579,0.13014,7.13053,0.12937,0.12698,0.12703,0.12843,0.12909,0.12694,0.12725,0.09997,0.11892,0.10176,0.11837,0.12446,0.13260
1501,5.78492,0.12394,0.11233,7.13951,0.11504,0.12287,3.16487,0.12534,0.11677,6.85249,1.02885,6.95141,6.76843,0.12431,0.12912,7.13342,0.12896,0.12728,0.12708,0.16128,0.12782,0.16795,0.12667,0.09996,0.11726,0.10152,0.11986,0.12339,0.13214
1502,6.38865,0.12355,0.11216,7.14539,0.11482,0.12303,5.45608,0.12513,0.11502,6.79216,2.25038,7.01892,7.09439,0.12356,0.12861,7.13849,0.13875,0.14006,0.12695,0.57468,0.12742,0.64036,0.12582,0.09996,0.11513,0.10121,0.12009,0.12274,0.13163
1503,6.91896,0.12411,0.11362,7.15207,0.11307,0.12355,6.67670,0.12396,0.11395,6.61939,4.94507,7.06749,7.14401,0.12337,0.12858,7.14482,0.24569,0.26724,0.12732,2.21239,0.12709,2.34423,0.12267,0.09998,0.11199,0.10112,0.11990,0.12230,0.13082
1504,6.95455,0.12419,0.11455,7.15399,0.11191,0.12334,1.38234,0.12410,0.11469,6.77954,0.66057,7.08774,6.96031,0.11596,0.12717,7.13992,0.13086,0.13260,0.12546,0.18736,0.12345,0.20167,0.12136,0.09999,0.10903,0.10185,0.11962,0.12175,0.13007
1505,6.35718,0.12412,0.11404,7.15539,0.11176,0.12246,0.16919,0.12388,0.11482,6.86681,0.26541,7.08280,6.80688,0.10853,0.12400,7.13817,0.12698,0.12585,0.12199,0.12830,0.11546,0.12818,0.12264,0.09999,0.11012,0.10209,0.11806,0.12193,0.13011
1506,6.11398,0.12391,0.11309,7.15491,0.11204,0.12139,0.17094,0.12298,0.11428,6.65514,0.24131,7.07657,6.86185,0.10589,0.11900,7.13614,0.12525,0.12404,0.11754,0.12649,0.11097,0.12588,0.12209,0.09998,0.11143,0.10186,0.11668,0.12209,0.13018
1507,6.40263,0.12385,0.11219,7.15736,0.11248,0.12076,3.73530,0.12102,0.11104,6.43346,0.55926,7.08234,7.07362,0.10847,0.11676,7.14309,0.12423,0.12405,0.11792,0.12984,0.10969,0.13203,0.11994,0.09999,0.11234,0.10163,0.11606,0.12205,0.13007
1508,6.31445,0.12366,0.11131,7.15927,0.11257,0.12079,0.13894,0.11996,0.10979,6.54455,0.20798,7.07133,6.59836,0.10954,0.11158,7.15354,0.11558,0.11750,0.11203,0.11934,0.11517,0.12044,0.11887,0.10000,0.11104,0.10138,0.11670,0.12209,0.13002
1509,5.24068,0.12335,0.11177,7.15812,0.11219,0.11980,0.12127,0.12035,0.11360,6.45515,0.17756,7.00868,6.46442,0.10612,0.11305,7.15154,0.11156,0.11047,0.10888,0.11144,0.11312,0.11170,0.11761,0.09999,0.11067,0.10190,0.11567,0.12260,0.13000
1510,5.21360,0.12369,0.11196,7.15362,0.11209,0.11899,0.11918,0.11982,0.11418,6.45988,0.16777,6.94931,6.64312,0.10533,0.11151,7.13773,0.11195,0.10870,0.10686,0.11159,0.11222,0.11009,0.11681,0.09996,0.11028,0.10155,0.11492,0.12247,0.12969
1511,5.60166,0.12387,0.11164,7.15129,0.11162,0.11872,0.11842,0.11947,0.11336,5.91439,0.16218,6.95628,6.72441,0.10520,0.11081,7.13567,0.11054,0.10705,0.10604,0.11068,0.11317,0.10873,0.11711,0.09997,0.10954,0.10108,0.11467,0.12223,0.12939
1512,5.44253,0.12453,0.11307,7.14427,0.11080,0.11842,0.38405,0.11910,0.11411,5.95297,0.15298,6.94781,6.64194,0.10431,0.11102,7.12658,0.10952,0.10572,0.10553,0.10871,0.11209,0.10675,0.11621,0.09995,0.10869,0.10187,0.11401,0.12168,0.12888
1513,5.69894,0.12448,0.11335,7.13133,0.11018,0.11860,3.37750,0.11881,0.11334,6.19740,1.10449,6.94738,6.90634,0.10423,0.11057,7.11273,0.10899,0.10591,0.10567,0.15576,0.11104,0.15727,0.11466,0.09996,0.10654,0.10184,0.11445,0.12080,0.12808
1514,6.24887,0.12365,0.11310,7.11878,0.11030,0.11906,2.03790,0.11936,0.11116,6.19585,0.50203,6.97793,7.00874,0.10508,0.11032,7.09901,0.10906,0.10649,0.10623,0.11686,0.11179,0.11592,0.11505,0.09997,0.10552,0.10210,0.11554,0.11958,0.12721
1515,6.28613,0.12298,0.11360,7.10647,0.11025,0.11921,0.12965,0.11989,0.10987,6.41659,0.16104,7.00184,6.81087,0.10535,0.11058,7.08870,0.10973,0.10670,0.10614,0.10873,0.11318,0.10715,0.11597,0.09999,0.10524,0.10229,0.11539,0.11856,0.12633
1516,6.03912,0.12287,0.11502,7.10060,0.10953,0.11911,0.11664,0.12008,0.10954,6.48628,0.15297,6.99815,6.69925,0.10471,0.11144,7.08640,0.10989,0.10656,0.10618,0.10913,0.11396,0.10730,0.11645,0.09999,0.10523,0.10236,0.11484,0.11784,0.12539
1517,5.76646,0.12242,0.11616,7.09934,0.10922,0.11891,0.11620,0.11987,0.10926,6.52666,0.14795,6.98294,6.62997,0.10453,0.11259,7.08855,0.11070,0.10667,0.10645,0.10942,0.11497,0.10728,0.11688,0.10000,0.10539,0.10240,0.11412,0.11737,0.12450
1518,5.67480,0.12189,0.11661,7.10456,0.10927,0.11871,0.11634,0.11962,0.10897,6.47311,0.14477,6.96741,6.69162,0.10466,0.11348,7.09420,0.11177,0.10723,0.10663,0.11036,0.11555,0.10785,0.11676,0.10000,0.10533,0.10211,0.11354,0.11703,0.12379
1519,5.64095,0.12157,0.11645,7.11292,0.10924,0.11848,0.11832,0.11952,0.10895,6.14283,0.14251,6.95644,6.69734,0.10408,0.11364,7.09965,0.11240,0.10725,0.10640,0.11139,0.11484,0.10856,0.11663,0.10000,0.10508,0.10172,0.11317,0.11697,0.12345
1520,5.93862,0.12136,0.11553,7.12327,0.10939,0.11838,0.11858,0.11932,0.10853,5.94935,0.14065,6.97787,6.83427,0.10333,0.11334,7.10635,0.11239,0.10716,0.10636,0.11166,0.11308,0.10868,0.11583,0.10000,0.10459,0.10124,0.11299,0.11707,0.12343
1521,6.01014,0.12078,0.11412,7.13762,0.10995,0.11825,0.11901,0.11874,0.10811,6.08550,0.13839,7.01926,6.77167,0.10282,0.11162,7.12166,0.11206,0.10672,0.10561,0.11153,0.11095,0.10849,0.11508,0.10001,0.10547,0.10113,0.11300,0.11758,0.12386
1522,5.93874,0.12030,0.11279,7.14636,0.11056,0.11809,0.11630,0.11822,0.10793,6.19590,0.13558,7.03184,6.63924,0.10334,0.10983,7.13257,0.11034,0.10595,0.10453,0.11055,0.11014,0.10768,0.11522,0.10000,0.10626,0.10104,0.11311,0.11820,0.12417
1523,5.49392,0.12041,0.11286,7.14436,0.11051,0.11751,0.11497,0.11786,0.10848,6.18640,0.13164,7.00653,6.57074,0.10376,0.10907,7.12056,0.10855,0.10471,0.10402,0.10847,0.11118,0.10621,0.11578,0.10000,0.10558,0.10082,0.11277,0.11842,0.12416
1524,5.49510,0.12065,0.11349,7.13568,0.11064,0.11675,0.11462,0.11718,0.10898,5.98750,0.12877,6.96524,6.73950,0.10315,0.10923,7.10675,0.10798,0.10412,0.10422,0.10752,0.11078,0.10531,0.11538,0.10000,0.10520,0.10093,0.11233,0.11859,0.12410
1525,5.77447,0.12065,0.11383,7.12808,0.11119,0.11621,0.11394,0.11662,0.10914,5.87023,0.12680,6.96696,6.76723,0.10262,0.10926,7.10368,0.10810,0.10421,0.10420,0.10730,0.10921,0.10504,0.11480,0.10000,0.10556,0.10108,0.11223,0.11873,0.12410
1526,5.93673,0.12047,0.11403,7.12838,0.11215,0.11590,0.11404,0.11604,0.10891,5.96657,0.12555,6.98192,6.81550,0.10244,0.10854,7.10438,0.10811,0.10416,0.10370,0.10740,0.10791,0.10512,0.11383,0.09999,0.10625,0.10123,0.11231,0.11879,0.12402
1527,6.08774,0.12064,0.11444,7.12219,0.11278,0.11550,0.12139,0.11556,0.10878,6.11150,0.12445,6.99412,6.82772,0.10252,0.10802,7.10101,0.10774,0.10397,0.10345,0.10708,0.10727,0.10488,0.11347,0.10000,0.10578,0.10111,0.11252,0.11855,0.12378
1528,6.11338,0.12065,0.11415,7.11999,0.11298,0.11533,2.10495,0.11531,0.10842,6.22659,0.15470,7.01094,6.95273,0.10268,0.10730,7.10296,0.10754,0.10420,0.10339,0.10687,0.10743,0.10543,0.11353,0.10000,0.10525,0.10092,0.11268,0.11840,0.12370
1529,6.58309,0.12033,0.11310,7.12785,0.11291,0.11556,0.68011,0.11526,0.10815,6.33390,0.12809,7.04359,6.91727,0.10287,0.10671,7.10982,0.10706,0.10420,0.10340,0.10681,0.10768,0.10535,0.11336,0.10000,0.10530,0.10073,0.11289,0.11851,0.12376
1530,6.23901,0.11982,0.11231,7.13741,0.11308,0.11587,0.12512,0.11504,0.10766,6.59341,0.12045,7.06658,6.84687,0.10310,0.10630,7.11713,0.10625,0.10367,0.10332,0.10641,0.10858,0.10486,0.11373,0.10000,0.10600,0.10079,0.11299,0.11871,0.12376
1531,6.43020,0.11930,0.11133,7.14595,0.11351,0.11616,0.65981,0.11469,0.10702,6.50038,0.11994,7.07957,7.04375,0.10312,0.10587,7.12721,0.10600,0.10382,0.10334,0.10617,0.10792,0.10518,0.11267,0.10000,0.10643,0.10100,0.11303,0.11876,0.12354
1532,6.65856,0.11920,0.11049,7.15203,0.11334,0.11648,0.11552,0.11442,0.10683,6.62067,0.11817,7.08997,6.85084,0.10359,0.10577,7.13781,0.10547,0.10361,0.10346,0.10572,0.10806,0.10467,0.11220,0.10000,0.10672,0.10107,0.11340,0.11867,0.12321
1533,6.14634,0.11904,0.10976,7.15554,0.11301,0.11676,0.11207,0.11451,0.10682,6.68982,0.11643,7.09037,6.67560,0.10451,0.10655,7.14654,0.10528,0.10352,0.10384,0.10501,0.10946,0.10402,0.11249,0.10000,0.10673,0.10103,0.11379,0.11867,0.12296
1534,5.85631,0.11844,0.10882,7.15439,0.11270,0.11689,0.56821,0.11457,0.10688,6.40434,0.11610,7.07815,6.73114,0.10533,0.10769,7.15133,0.10583,0.10391,0.10448,0.10506,0.11049,0.10411,0.11276,0.09998,0.10626,0.10072,0.11396,0.11864,0.12282
1535,6.31092,0.11797,0.10804,7.14744,0.11240,0.11685,0.99642,0.11453,0.10673,6.33195,0.11917,7.07554,6.87291,0.10537,0.10784,7.15295,0.10617,0.10425,0.10491,0.10530,0.11020,0.10452,0.11256,0.10000,0.10620,0.10068,0.11394,0.11833,0.12256
1536,6.06494,0.11714,0.10750,7.14301,0.11239,0.11713,0.11144,0.11489,0.10689,6.44643,0.11429,7.06567,6.56888,0.10570,0.10903,7.15266,0.10745,0.10507,0.10580,0.10648,0.11092,0.10515,0.11312,0.10000,0.10631,0.10064,0.11444,0.11846,0.12245
1537,5.65219,0.11668,0.10702,7.14301,0.11226,0.11756,0.11270,0.11506,0.10718,6.33410,0.11447,7.05240,6.56818,0.10630,0.10992,7.14640,0.10853,0.10599,0.10637,0.10763,0.11168,0.10616,0.11342,0.10000,0.10558,0.10042,0.11432,0.11817,0.12238
1538,5.63550,0.11685,0.10694,7.14663,0.11200,0.11765,3.65612,0.11496,0.10674,6.14261,2.12326,7.04043,6.80594,0.10649,0.11006,7.12993,0.18466,0.19044,0.10717,1.10701,0.11132,1.15486,0.11283,0.10001,0.10507,0.10054,0.11385,0.11749,0.12206
1539,6.55330,0.11606,0.10688,7.14997,0.11244,0.11729,6.10320,0.11474,0.10682,6.25121,4.61370,7.05714,7.10803,0.10671,0.11409,7.14310,0.62542,0.76086,0.11558,3.15041,0.11020,3.36392,0.11218,0.10000,0.10600,0.10100,0.11432,0.11702,0.12185
1540,6.81269,0.11603,0.10690,7.15069,0.11194,0.11739,0.87417,0.11509,0.10769,6.77508,0.49817,7.08293,6.79641,0.10606,0.10962,7.14030,0.11436,0.12251,0.10764,0.16204,0.11052,0.19885,0.11268,0.09998,0.10546,0.10055,0.11469,0.11650,0.12147
1541,6.00699,0.11650,0.10719,7.14417,0.11090,0.11742,0.13229,0.11557,0.10828,6.88305,0.20577,7.06332,6.55291,0.10503,0.10960,7.12204,0.10914,0.10766,0.10695,0.10969,0.11074,0.10952,0.11305,0.09999,0.10493,0.10031,0.11476,0.11604,0.12107
1542,5.61895,0.11658,0.10732,7.13579,0.11073,0.11735,0.14161,0.11591,0.10788,6.59242,0.18905,7.03186,6.82489,0.10489,0.10953,7.11755,0.10913,0.10744,0.10672,0.10890,0.11078,0.10809,0.11301,0.10001,0.10460,0.10029,0.11456,0.11564,0.12069
1543,5.86725,0.11678,0.10709,7.14051,0.11032,0.11699,0.11886,0.11607,0.10829,6.17549,0.17363,7.02006,6.69865,0.10423,0.10939,7.12565,0.10888,0.10697,0.10616,0.10876,0.11061,0.10777,0.11342,0.10001,0.10532,0.10040,0.11455,0.11560,0.12076
1544,5.70480,0.11701,0.10749,7.14294,0.10941,0.11668,0.11756,0.11605,0.10925,6.09440,0.16427,6.99394,6.74730,0.10343,0.10942,7.12504,0.10872,0.10633,0.10540,0.10842,0.11041,0.10721,0.11339,0.10001,0.10490,0.10055,0.11397,0.11592,0.12090
1545,5.74375,0.11719,0.10795,7.13794,0.10873,0.11637,0.11658,0.11599,0.10997,6.02192,0.15757,6.98671,6.69124,0.10282,0.10922,7.11970,0.10861,0.10573,0.10476,0.10825,0.10970,0.10677,0.11322,0.10000,0.10477,0.10080,0.11330,0.11613,0.12095
1546,5.77601,0.11742,0.10864,7.13417,0.10806,0.11600,0.85965,0.11575,0.11003,6.05398,0.15371,6.98206,6.90659,0.10250,0.10883,7.11712,0.10833,0.10524,0.10432,0.10796,0.10916,0.10658,0.11271,0.09999,0.10454,0.10102,0.11259,0.11614,0.12083
1547,6.21657,0.11742,0.10896,7.13203,0.10781,0.11572,0.15663,0.11560,0.11004,6.07977,0.14788,6.99969,6.78235,0.10228,0.10813,7.11598,0.10794,0.10471,0.10380,0.10762,0.10841,0.10595,0.11256,0.10000,0.10504,0.10127,0.11195,0.11621,0.12077
1548,5.72535,0.11741,0.10971,7.13044,0.10819,0.11516,0.11424,0.11554,0.11021,6.26463,0.14165,6.99033,6.66392,0.10260,0.10742,7.11513,0.10700,0.10375,0.10314,0.10684,0.10923,0.10496,0.11361,0.10001,0.10623,0.10206,0.11075,0.11648,0.12084
1549,5.66935,0.11749,0.11057,7.12463,0.10921,0.11419,0.40963,0.11504,0.10968,6.24373,0.13785,6.96629,6.77021,0.10265,0.10756,7.11105,0.10633,0.10312,0.10301,0.10598,0.10931,0.10424,0.11365,0.09997,0.10677,0.10265,0.10977,0.11643,0.12069
1550,6.14063,0.11757,0.11125,7.11921,0.10932,0.11358,5.77405,0.11455,0.10898,6.15201,1.31219,6.97541,7.07104,0.10261,0.10697,7.10830,0.10556,0.10349,0.10314,0.13256,0.10820,0.13639,0.11212,0.09995,0.10561,0.10220,0.10954,0.11590,0.12022
1551,6.75613,0.11755,0.11196,7.11730,0.10881,0.11366,5.30246,0.11432,0.10829,6.20982,1.24597,7.01627,7.11772,0.10299,0.10712,7.10762,0.10557,0.10374,0.10378,0.17888,0.10823,0.16948,0.11220,0.09998,0.10511,0.10211,0.10962,0.11533,0.11966
1552,7.00658,0.11744,0.11212,7.11708,0.10847,0.11399,6.04407,0.11434,0.10738,6.50045,3.12761,7.04094,7.11818,0.10377,0.10833,7.10815,0.25799,0.25624,0.10606,1.41796,0.10860,1.45664,0.11191,0.10000,0.10484,0.10192,0.11006,0.11453,0.11907
1553,7.08326,0.11738,0.11149,7.12184,0.10879,0.11422,6.11032,0.11451,0.10705,6.74472,4.51962,7.08233,7.11266,0.10445,0.11140,7.11298,0.50297,0.55242,0.11137,2.68827,0.10851,2.80209,0.11139,0.10001,0.10492,0.10148,0.11086,0.11384,0.11864
1554,6.86936,0.11736,0.11137,7.12793,0.10871,0.11409,0.81286,0.11508,0.10752,6.99239,0.49279,7.09947,6.83865,0.10458,0.10777,7.11536,0.11133,0.11662,0.10529,0.15305,0.11001,0.17796,0.11197,0.10001,0.10483,0.10132,0.11114,0.11368,0.11853
1555,6.25552,0.11736,0.11214,7.12798,0.10841,0.11393,0.16436,0.11501,0.10768,6.94410,0.24971,7.08687,6.83153,0.10393,0.10846,7.11234,0.10728,0.10595,0.10522,0.10915,0.10985,0.11021,0.11218,0.10001,0.10443,0.10140,0.11079,0.11366,0.11840
1556,6.17112,0.11734,0.11289,7.12620,0.10841,0.11356,0.12898,0.11454,0.10804,6.65543,0.21904,7.07125,6.81830,0.10302,0.10868,7.11037,0.10747,0.10527,0.10513,0.10718,0.10865,0.10638,0.11181,0.10001,0.10460,0.10160,0.11033,0.11379,0.11844
1557,6.04422,0.11725,0.11358,7.12220,0.10878,0.11301,1.60253,0.11404,0.10828,6.48131,0.21176,7.04398,6.87770,0.10285,0.10828,7.10606,0.10763,0.10532,0.10475,0.10733,0.10742,0.10691,0.11179,0.09999,0.10495,0.10188,0.10985,0.11384,0.11842
1558,6.08341,0.11710,0.11369,7.12054,0.10872,0.11290,0.12268,0.11391,0.10834,6.48906,0.18452,7.03136,6.78057,0.10336,0.10730,7.10599,0.10757,0.10517,0.10417,0.10724,0.10850,0.10595,0.11280,0.09999,0.10510,0.10194,0.10979,0.11371,0.11821
1559,6.08510,0.11695,0.11345,7.12486,0.10879,0.11293,0.13239,0.11383,0.10823,6.32487,0.17660,7.02423,6.87723,0.10355,0.10712,7.10742,0.10707,0.10486,0.10400,0.10717,0.10957,0.10583,0.11291,0.10001,0.10525,0.10173,0.10974,0.11371,0.11812
1560,6.41867,0.11683,0.11267,7.12539,0.10876,0.11306,2.60967,0.11373,0.10769,6.29840,0.53851,7.03598,7.04260,0.10374,0.10727,7.10755,0.10694,0.10514,0.10429,0.11687,0.10972,0.11871,0.11268,0.10001,0.10492,0.10136,0.10992,0.11368,0.11807
1561,6.86231,0.11656,0.11122,7.13011,0.10908,0.11327,7.12148,0.11324,0.10663,6.51698,5.95922,7.06216,7.12735,0.10417,0.11024,7.11372,0.53734,0.66182,0.11017,3.84735,0.10811,4.06006,0.11135,0.10003,0.10487,0.10115,0.11017,0.11376,0.11818
1562,7.08969,0.11621,0.10981,7.13918,0.10954,0.11335,7.11104,0.11265,0.10619,6.87926,6.48316,7.09714,7.13928,0.10442,0.14592,7.12673,1.68262,2.65174,0.18173,6.01473,0.10709,6.40471,0.11001,0.10003,0.10571,0.10172,0.11022,0.11418,0.11837
1563,7.12973,0.11585,0.10892,7.14311,0.10985,0.11344,5.53679,0.11249,0.10625,7.05394,3.85427,7.12110,7.12329,0.10467,0.11715,7.13337,0.31159,0.71089,0.12456,1.56700,0.10740,2.45164,0.11020,0.10002,0.10650,0.10220,0.11043,0.11459,0.11844
1564,6.98407,0.11529,0.10828,7.14237,0.11002,0.11350,1.74352,0.11240,0.10609,7.10711,0.98589,7.12845,6.99647,0.10501,0.10816,7.13049,0.13330,0.17843,0.10797,0.26962,0.10812,0.43194,0.11048,0.09997,0.10658,0.10223,0.11059,0.11479,0.11837
1565,6.81327,0.11498,0.10785,7.14115,0.10994,0.11346,6.49452,0.11196,0.10584,7.04128,4.25949,7.12640,7.09966,0.10562,0.12059,7.12844,0.35703,0.43189,0.13095,2.02211,0.10767,2.19522,0.11007,0.10000,0.10648,0.10225,0.11042,0.11464,0.11818
1566,7.00381,0.11509,0.10757,7.14360,0.10972,0.11348,4.41639,0.11200,0.10627,6.95866,3.15588,7.12516,7.07076,0.10631,0.12053,7.13567,0.30168,0.40788,0.13071,1.46825,0.10797,1.70252,0.11006,0.10003,0.10674,0.10231,0.11089,0.11443,0.11806
1567,6.42056,0.11521,0.10760,7.14428,0.10955,0.11344,0.24778,0.11229,0.10710,7.00996,0.38904,7.10389,6.62313,0.10579,0.10823,7.13489,0.11314,0.11865,0.10748,0.12834,0.10895,0.14124,0.11054,0.10000,0.10630,0.10184,0.11096,0.11451,0.11797
1568,5.61683,0.11549,0.10804,7.13878,0.10913,0.11312,0.13393,0.11222,0.10774,6.82692,0.29787,7.05241,6.60842,0.10500,0.10819,7.12161,0.10781,0.10719,0.10615,0.10886,0.10900,0.10938,0.11058,0.09998,0.10544,0.10131,0.11067,0.11444,0.11782
1569,5.57849,0.11543,0.10816,7.12884,0.10910,0.11326,0.12540,0.11258,0.10761,6.49585,0.26958,7.01176,6.75091,0.10548,0.10858,7.11447,0.10798,0.10683,0.10637,0.10768,0.10952,0.10722,0.11084,0.10003,0.10499,0.10168,0.11075,0.11415,0.11778
1570,5.72054,0.11528,0.10867,7.12040,0.10903,0.11346,0.73905,0.11320,0.10710,6.33076,0.25644,6.98871,6.78862,0.10638,0.10910,7.11041,0.10843,0.10710,0.10669,0.10808,0.11032,0.10768,0.11137,0.09999,0.10515,0.10291,0.11062,0.11348,0.11747
1571,6.04343,0.11495,0.10920,7.11697,0.10930,0.11356,6.99202,0.11298,0.10635,6.39096,5.49828,6.99110,7.05740,0.10779,0.26567,7.10791,2.10992,2.03619,0.26018,4.37242,0.10954,4.40623,0.11099,0.10001,0.10609,0.10342,0.10999,0.11271,0.11683
1572,6.62548,0.11451,0.10906,7.12060,0.10960,0.11355,7.08374,0.11317,0.10650,6.47127,6.60742,7.03965,7.11098,0.11714,0.73473,7.11259,4.63329,4.72661,0.81821,6.74836,0.11045,6.72632,0.11072,0.10003,0.10669,0.10327,0.11033,0.11229,0.11665
1573,6.97932,0.11415,0.10940,7.11948,0.10957,0.11339,7.09203,0.11352,0.10678,6.63847,6.63659,7.07343,7.12088,0.18119,1.01191,7.10738,4.41947,4.52142,1.23629,6.54755,0.12621,6.52846,0.11088,0.10000,0.10743,0.10367,0.11044,0.11197,0.11619
1574,7.08960,0.11377,0.10938,7.11777,0.10946,0.11307,6.74287,0.11364,0.10729,6.89338,5.97588,7.09129,7.11758,0.17313,0.61402,7.10696,2.75334,3.32869,0.94584,4.96324,0.11956,5.22824,0.11113,0.09999,0.10751,0.10350,0.11083,0.11171,0.11587
1575,7.09011,0.11368,0.10924,7.11685,0.10909,0.11288,6.35794,0.11336,0.10719,7.03724,5.14188,7.10594,7.10513,0.16315,0.40312,7.10446,1.67423,2.28115,0.70225,3.59715,0.11860,3.92434,0.11102,0.09993,0.10717,0.10238,0.11070,0.11158,0.11549
1576,7.07902,0.11361,0.10900,7.12088,0.10890,0.11267,5.17104,0.11313,0.10706,7.06431,4.04286,7.11563,7.08098,0.15799,0.31969,7.10750,1.16289,1.76910,0.58596,2.55908,0.11632,2.93242,0.11095,0.09997,0.10708,0.10209,0.11086,0.11135,0.11525
1577,6.83370,0.11361,0.10871,7.12462,0.10881,0.11255,1.96860,0.11319,0.10711,7.06932,1.67981,7.11472,6.89185,0.12399,0.15976,7.10959,0.39141,0.74574,0.27556,0.79451,0.11122,1.15349,0.11140,0.10001,0.10649,0.10144,0.11095,0.11135,0.11531
1578,6.31825,0.11349,0.10845,7.12453,0.10865,0.11240,0.78083,0.11303,0.10722,6.90646,0.87796,7.09463,6.77363,0.11096,0.12197,7.11089,0.19007,0.33765,0.16380,0.33028,0.11026,0.49957,0.11170,0.09996,0.10611,0.10121,0.11064,0.11153,0.11543
1579,6.08045,0.11327,0.10834,7.11825,0.10821,0.11217,0.51509,0.11276,0.10721,6.60643,0.62372,7.06517,6.86964,0.10715,0.11379,7.10622,0.14070,0.21152,0.13348,0.20854,0.10986,0.28866,0.11153,0.09989,0.10499,0.10066,0.11020,0.11156,0.11536
1580,6.06300,0.11328,0.10874,7.11303,0.10756,0.11196,0.23992,0.11250,0.10741,6.40822,0.45381,7.02835,6.71606,0.10457,0.11040,7.10348,0.11889,0.14774,0.11604,0.14050,0.10958,0.17305,0.11137,0.09997,0.10431,0.10077,0.10989,0.11162,0.11522
1581,5.95044,0.11311,0.10854,7.11580,0.10766,0.11188,0.23051,0.11239,0.10736,6.27753,0.38743,7.00617,6.86548,0.10348,0.10937,7.10654,0.11251,0.12503,0.10970,0.12135,0.10928,0.13696,0.11132,0.10001,0.10433,0.10089,0.10980,0.11178,0.11533
1582,6.50693,0.11270,0.10798,7.12176,0.10816,0.11191,2.25800,0.11228,0.10701,6.24483,0.38216,7.01604,7.08023,0.10329,0.10933,7.11039,0.11310,0.12340,0.10934,0.12511,0.10862,0.13649,0.11062,0.10001,0.10421,0.10086,0.10988,0.11198,0.11546
1583,6.94311,0.11243,0.10743,7.12569,0.10851,0.11199,0.84700,0.11216,0.10678,6.61307,0.35535,7.05681,7.03595,0.10316,0.10882,7.11447,0.11202,0.12015,0.10844,0.12033,0.10787,0.12877,0.11011,0.10001,0.10461,0.10082,0.11003,0.11208,0.11551
1584,6.63211,0.11230,0.10701,7.12973,0.10863,0.11205,0.14655,0.11201,0.10673,6.90276,0.31073,7.08405,6.83666,0.10315,0.10764,7.11928,0.10959,0.11307,0.10614,0.11297,0.10738,0.11800,0.11016,0.10000,0.10539,0.10088,0.11016,0.11217,0.11552
1585,6.28177,0.11215,0.10665,7.13112,0.10874,0.11208,1.15826,0.11184,0.10650,6.76068,0.30434,7.08649,6.91816,0.10331,0.10706,7.12053,0.10849,0.10982,0.10516,0.11141,0.10737,0.11432,0.11015,0.10001,0.10552,0.10086,0.11021,0.11227,0.11551
1586,6.60972,0.11200,0.10633,7.13074,0.10897,0.11213,2.85345,0.11164,0.10626,6.58478,0.34957,7.08238,7.08787,0.10371,0.10686,7.12166,0.10862,0.11015,0.10564,0.11339,0.10719,0.11621,0.10989,0.10003,0.10555,0.10088,0.11010,0.11223,0.11548
1587,6.88775,0.11187,0.10613,7.13201,0.10910,0.11210,0.65772,0.11159,0.10610,6.76133,0.27243,7.08439,6.96220,0.10448,0.10645,7.12603,0.10762,0.10890,0.10546,0.11003,0.10756,0.11163,0.11009,0.10003,0.10618,0.10114,0.11005,0.11220,0.11548
1588,6.37549,0.11161,0.10600,7.13258,0.10911,0.11208,0.12175,0.11168,0.10608,6.88072,0.24085,7.08690,6.73555,0.10523,0.10667,7.12924,0.10639,0.10657,0.10499,0.10729,0.10848,0.10797,0.11048,0.10002,0.10644,0.10132,0.11015,0.11229,0.11548
1589,6.00338,0.11120,0.10593,7.13209,0.10915,0.11213,0.11847,0.11176,0.10606,6.60280,0.23011,7.07145,6.71278,0.10540,0.10729,7.13026,0.10627,0.10550,0.10524,0.10633,0.10905,0.10637,0.11066,0.10002,0.10633,0.10138,0.11025,0.11246,0.11547
1590,5.95589,0.11069,0.10601,7.13135,0.10927,0.11224,0.11787,0.11182,0.10599,6.35269,0.22169,7.04675,6.77097,0.10538,0.10787,7.13096,0.10671,0.10534,0.10565,0.10628,0.10934,0.10579,0.11074,0.10002,0.10630,0.10158,0.11034,0.11265,0.11544
1591,6.08789,0.11039,0.10601,7.12978,0.10935,0.11234,0.11835,0.11183,0.10602,6.29762,0.21433,7.03406,6.78620,0.10527,0.10826,7.13142,0.10721,0.10559,0.10593,0.10663,0.10942,0.10584,0.11070,0.10001,0.10604,0.10154,0.11044,0.11275,0.11539
1592,6.14126,0.11009,0.10601,7.12837,0.10942,0.11243,2.53261,0.11180,0.10589,6.35047,0.49686,7.03467,6.90774,0.10550,0.10838,7.13148,0.10747,0.10603,0.10614,0.11145,0.10942,0.11278,0.11063,0.10003,0.10583,0.10137,0.11040,0.11278,0.11534
1593,6.65340,0.10989,0.10619,7.12594,0.10953,0.11252,5.31894,0.11167,0.10571,6.50096,1.97097,7.05563,7.09252,0.10567,0.10807,7.13146,0.10750,0.10692,0.10637,0.18394,0.10898,0.22548,0.11033,0.10005,0.10607,0.10178,0.11030,0.11282,0.11525
1594,6.79043,0.10947,0.10629,7.12089,0.10963,0.11258,0.28684,0.11170,0.10583,6.74619,0.23485,7.06754,6.84970,0.10525,0.10805,7.12862,0.10766,0.10638,0.10620,0.10749,0.10886,0.10703,0.11028,0.09998,0.10598,0.10178,0.11048,0.11292,0.11498
1595,6.46040,0.10887,0.10588,7.11352,0.10942,0.11238,1.13131,0.11137,0.10565,6.81856,0.22204,7.07467,6.88501,0.10467,0.10759,7.12127,0.10721,0.10582,0.10561,0.10752,0.10833,0.10742,0.10983,0.09981,0.10538,0.10115,0.11025,0.11274,0.11445
1596,6.59149,0.10874,0.10529,7.10925,0.10916,0.11229,3.21454,0.11119,0.10574,6.72286,0.48399,7.07620,6.99702,0.10482,0.10734,7.11805,0.10689,0.10579,0.10552,0.11108,0.10803,0.11209,0.10955,0.09993,0.10456,0.10059,0.11021,0.11231,0.11423
1597,6.36069,0.10961,0.10531,7.11505,0.10815,0.11214,0.12149,0.11146,0.10630,6.77749,0.18096,7.05262,6.64913,0.10464,0.10757,7.12190,0.10686,0.10537,0.10526,0.10650,0.10870,0.10572,0.10984,0.09993,0.10381,0.10115,0.11000,0.11192,0.11406
1598,6.04199,0.11056,0.10594,7.11883,0.10664,0.11134,0.63198,0.11099,0.10563,6.89833,0.17353,7.01408,6.83531,0.10411,0.10761,7.11886,0.10644,0.10476,0.10509,0.10601,0.10852,0.10524,0.10937,0.09992,0.10362,0.10210,0.10882,0.11150,0.11351
1599,6.49233,0.11090,0.10627,7.12101,0.10610,0.11082,1.00331,0.11060,0.10527,6.71134,0.17067,7.03620,7.01121,0.10357,0.10745,7.11840,0.10627,0.10473,0.10506,0.10579,0.10792,0.10529,0.10896,0.09999,0.10346,0.10191,0.10809,0.11125,0.11323
1600,6.48884,0.11099,0.10645,7.12393,0.10606,0.11062,0.12276,0.11062,0.10542,6.61102,0.16308,7.05232,6.87510,0.10289,0.10751,7.11978,0.10689,0.10512,0.10491,0.10614,0.10759,0.10523,0.10882,0.10002,0.10356,0.10179,0.10783,0.11126,0.11321
1601,6.49189,0.11108,0.10659,7.12523,0.10610,0.11045,1.78541,0.11039,0.10538,6.57620,0.17054,7.05435,7.05117,0.10272,0.10749,7.12034,0.10701,0.10532,0.10496,0.10641,0.10708,0.10601,0.10828,0.10002,0.10336,0.10155,0.10766,0.11129,0.11322
1602,6.88651,0.11113,0.10639,7.12597,0.10621,0.11059,1.69146,0.11050,0.10525,6.63705,0.16695,7.06759,7.08015,0.10296,0.10739,7.12104,0.10715,0.10576,0.10519,0.10653,0.10666,0.10625,0.10794,0.10003,0.10321,0.10126,0.10784,0.11114,0.11320
1603,6.70022,0.11111,0.10611,7.12617,0.10639,0.11073,0.11807,0.11093,0.10526,6.83922,0.15313,7.07806,6.81594,0.10312,0.10679,7.12116,0.10727,0.10584,0.10486,0.10709,0.10689,0.10633,0.10838,0.10002,0.10337,0.10103,0.10799,0.11085,0.11313
1604,6.07748,0.11098,0.10602,7.12710,0.10655,0.11071,0.11668,0.11096,0.10545,6.74641,0.14977,7.06726,6.78990,0.10290,0.10631,7.12146,0.10669,0.10531,0.10426,0.10696,0.10703,0.10618,0.10896,0.10004,0.10371,0.10111,0.10803,0.11096,0.11327
1605,6.19905,0.11077,0.10614,7.12693,0.10701,0.11053,2.23321,0.11056,0.10562,6.42985,0.35333,7.05135,7.00298,0.10269,0.10612,7.12092,0.10640,0.10526,0.10416,0.10981,0.10651,0.11028,0.10824,0.10005,0.10394,0.10138,0.10798,0.11130,0.11346
1606,6.77544,0.11052,0.10599,7.12606,0.10754,0.11052,7.11747,0.10981,0.10523,6.48035,5.86434,7.05046,7.12012,0.10344,0.12780,7.12083,0.95082,0.94453,0.12563,3.96292,0.10595,4.08072,0.10692,0.10005,0.10373,0.10147,0.10807,0.11146,0.11355
1607,7.08354,0.11065,0.10590,7.12758,0.10772,0.11064,7.11735,0.10887,0.10508,6.88740,6.57555,7.09376,7.12849,0.11058,0.78956,7.12381,5.13563,5.16083,0.79341,6.99227,0.10794,6.98197,0.10640,0.10009,0.10401,0.10163,0.10830,0.11136,0.11364
1608,7.12111,0.11053,0.10578,7.12795,0.10777,0.11084,6.32764,0.10918,0.10531,7.07461,5.10261,7.11142,7.11764,0.10693,0.22590,7.12579,1.32713,1.86336,0.28918,3.50019,0.10614,4.01309,0.10708,0.10005,0.10459,0.10158,0.10867,0.11127,0.11367
1609,7.05817,0.11028,0.10573,7.12688,0.10790,0.11085,3.18553,0.10936,0.10548,7.11171,2.11104,7.11760,7.01930,0.10472,0.12610,7.12513,0.33110,0.50481,0.14427,0.90659,0.10597,1.25782,0.10735,0.10003,0.10470,0.10153,0.10876,0.11138,0.11367
1610,6.77449,0.10993,0.10583,7.12647,0.10833,0.11081,1.32112,0.10937,0.10564,7.06574,0.97895,7.11415,6.92059,0.10395,0.11237,7.12520,0.17905,0.23143,0.11794,0.36369,0.10591,0.49575,0.10739,0.10004,0.10497,0.10180,0.10880,0.11159,0.11368
1611,6.56752,0.10948,0.10614,7.12614,0.10896,0.11086,0.70307,0.10936,0.10551,6.87538,0.62191,7.10064,6.97139,0.10380,0.10899,7.12556,0.13945,0.16184,0.11058,0.21864,0.10582,0.28057,0.10746,0.10005,0.10545,0.10235,0.10887,0.11172,0.11359
1612,6.71756,0.10910,0.10662,7.12549,0.10956,0.11092,1.79413,0.10926,0.10537,6.75235,0.57206,7.08962,7.06349,0.10392,0.10980,7.12556,0.13735,0.15575,0.10943,0.20504,0.10568,0.25221,0.10746,0.10007,0.10588,0.10309,0.10892,0.11176,0.11336
1613,6.90604,0.10880,0.10728,7.12467,0.11014,0.11102,0.61225,0.10940,0.10553,6.82903,0.44417,7.08941,6.96336,0.10446,0.10896,7.12553,0.12708,0.13468,0.10746,0.16564,0.10591,0.19553,0.10764,0.10011,0.10629,0.10384,0.10913,0.11181,0.11301
1614,6.56992,0.10868,0.10772,7.12342,0.11061,0.11111,0.20859,0.10959,0.10569,6.91302,0.31560,7.08942,6.77281,0.10510,0.10676,7.12518,0.11248,0.11223,0.10533,0.12557,0.10644,0.13100,0.10790,0.10007,0.10631,0.10376,0.10950,0.11182,0.11269
1615,6.36697,0.10866,0.10799,7.12021,0.11077,0.11120,0.18065,0.10974,0.10582,6.74343,0.27978,7.08302,6.84262,0.10538,0.10626,7.12464,0.10907,0.10856,0.10507,0.11477,0.10686,0.11575,0.10811,0.10006,0.10623,0.10354,0.10976,0.11182,0.11249
1616,6.59567,0.10879,0.10813,7.11326,0.11063,0.11125,5.19421,0.10970,0.10590,6.64889,2.58686,7.07699,7.01291,0.10552,0.10708,7.12355,0.13092,0.13622,0.10648,0.79154,0.10680,0.87354,0.10818,0.10013,0.10630,0.10354,0.10979,0.11180,0.11254
1617,6.96694,0.10903,0.10856,7.10370,0.11028,0.11130,7.09162,0.10977,0.10631,6.82183,6.46552,7.08644,7.09316,0.10639,0.14115,7.11655,1.53864,2.05848,0.19064,5.99271,0.10694,6.11194,0.10820,0.10019,0.10675,0.10406,0.11002,0.11186,0.11262
1618,7.09579,0.10924,0.10888,7.10138,0.11019,0.11146,7.04531,0.11005,0.10697,7.03683,6.46033,7.09821,7.10423,0.10889,0.24372,7.10358,2.41657,3.76188,0.46723,5.78770,0.10802,6.25704,0.10869,0.10019,0.10738,0.10458,0.11056,0.11187,0.11264
1619,7.08193,0.10932,0.10890,7.10497,0.11027,0.11165,3.89078,0.11044,0.10760,7.09644,2.74605,7.10675,7.00651,0.10826,0.12607,7.10175,0.31019,0.82995,0.16487,1.05879,0.10837,1.85073,0.10965,0.10014,0.10791,0.10461,0.11108,0.11183,0.11268
1620,6.70907,0.10946,0.10883,7.10330,0.11032,0.11190,0.84784,0.11059,0.10808,7.06690,0.61806,7.09769,6.58119,0.10837,0.10943,7.10356,0.12211,0.15710,0.11183,0.18080,0.10928,0.25759,0.11007,0.10011,0.10786,0.10402,0.11130,0.11188,0.11274
1621,6.62289,0.10984,0.10877,7.06347,0.11051,0.11193,5.17987,0.11069,0.10792,6.91868,2.70470,7.08803,6.84268,0.10906,0.11249,7.10468,0.16473,0.19287,0.11967,0.67154,0.10935,0.72845,0.11009,0.10013,0.10807,0.10434,0.11117,0.11196,0.11285
1622,6.82371,0.11004,0.10866,7.02042,0.11066,0.11204,3.62092,0.11084,0.10804,6.82792,1.64690,7.08485,6.91291,0.10933,0.11227,7.09894,0.14393,0.16972,0.11838,0.40041,0.10962,0.45074,0.11022,0.10005,0.10804,0.10407,0.11113,0.11197,0.11286
1623,6.94245,0.11039,0.10854,7.01217,0.11067,0.11193,6.85238,0.11063,0.10780,6.92914,6.15686,7.09018,7.02174,0.12263,0.51383,7.08169,3.24938,3.20215,0.54879,5.62458,0.11418,5.64311,0.10991,0.10003,0.10834,0.10489,0.11074,0.11190,0.11276
1624,7.04488,0.11038,0.10860,7.05428,0.11063,0.11199,6.77941,0.11075,0.10780,6.99779,6.13947,7.09782,7.07619,0.13340,0.51846,7.03529,2.93495,3.82360,0.77532,5.37968,0.11500,5.75099,0.11006,0.10006,0.10890,0.10656,0.11072,0.11173,0.11272
1625,7.03440,0.11028,0.10870,7.08250,0.11058,0.11207,3.55907,0.11110,0.10795,7.05715,2.65216,7.10407,6.96673,0.11752,0.15065,7.04102,0.45750,0.95677,0.23045,1.21966,0.11053,1.84262,0.11042,0.10006,0.10900,0.10677,0.11089,0.11165,0.11278
1626,6.62853,0.11016,0.10891,7.09598,0.11069,0.11204,0.89769,0.11144,0.10805,7.02593,0.88567,7.10090,6.72314,0.11180,0.11611,7.05773,0.15997,0.26790,0.13605,0.28597,0.11026,0.45943,0.11071,0.10008,0.10907,0.10669,0.11098,0.11167,0.11290
1627,6.36580,0.10994,0.10887,7.09714,0.11070,0.11188,1.04247,0.11139,0.10785,6.82498,0.63321,7.08943,6.77358,0.11000,0.11335,7.06693,0.13578,0.18582,0.12319,0.20039,0.11004,0.26900,0.11060,0.09988,0.10884,0.10629,0.11072,0.11159,0.11284
1628,6.58794,0.10975,0.10858,7.08739,0.11047,0.11171,0.62599,0.11122,0.10781,6.68169,0.53345,7.07919,6.75105,0.10919,0.11224,7.06975,0.12851,0.15962,0.11844,0.17498,0.10980,0.21470,0.11039,0.09984,0.10845,0.10512,0.11057,0.11146,0.11268
1629,6.42000,0.10976,0.10834,7.08090,0.10998,0.11152,0.20337,0.11107,0.10813,6.68604,0.38564,7.06707,6.50191,0.10804,0.11002,7.07372,0.11463,0.12459,0.11178,0.12630,0.10962,0.14021,0.11024,0.09985,0.10783,0.10398,0.11049,0.11133,0.11250
1630,6.44843,0.11018,0.10825,7.08763,0.10925,0.11128,0.15860,0.11092,0.10848,6.90345,0.32740,7.02174,6.41952,0.10745,0.10928,7.10198,0.11067,0.11183,0.10888,0.11524,0.10938,0.11699,0.11017,0.09993,0.10719,0.10433,0.11026,0.11116,0.11229
1631,6.15207,0.11034,0.10825,7.10191,0.10903,0.11120,2.35464,0.11090,0.10805,6.88206,0.53929,6.98236,6.83221,0.10770,0.10918,7.10851,0.10991,0.11040,0.10880,0.11725,0.10952,0.11981,0.11008,0.09998,0.10687,0.10426,0.10998,0.11107,0.11216
1632,6.53628,0.11026,0.10804,7.10785,0.10910,0.11120,7.05375,0.11077,0.10769,6.51383,5.69265,7.02318,7.07135,0.10814,0.11358,7.10829,0.53392,0.54498,0.11443,3.28333,0.10928,3.42698,0.10991,0.10002,0.10711,0.10389,0.10982,0.11103,0.11207
1633,6.96066,0.10998,0.10760,7.10897,0.10926,0.11122,7.03313,0.11070,0.10745,6.62677,6.40395,7.05944,7.10554,0.10848,0.13536,7.10727,1.48764,1.84334,0.15410,5.50605,0.10920,5.66803,0.10969,0.09995,0.10729,0.10378,0.10984,0.11086,0.11195
1634,7.08357,0.10999,0.10747,7.11066,0.10906,0.11119,5.72449,0.11083,0.10754,6.92689,3.72418,7.08136,7.10398,0.10824,0.11390,7.10774,0.24528,0.41479,0.11957,1.33296,0.10928,1.69749,0.10973,0.09997,0.10685,0.10339,0.10989,0.11071,0.11185
1635,7.08196,0.11009,0.10756,7.11185,0.10889,0.11118,2.71590,0.11098,0.10771,7.05760,1.43206,7.10111,7.03530,0.10799,0.11056,7.11016,0.13900,0.19064,0.11262,0.35073,0.10940,0.49220,0.10984,0.10004,0.10653,0.10314,0.10989,0.11069,0.11184
1636,6.88985,0.11020,0.10786,7.11388,0.10853,0.11110,0.78632,0.11101,0.10803,7.07639,0.63233,7.10816,6.86193,0.10689,0.10971,7.11115,0.11778,0.12754,0.10989,0.16216,0.10934,0.19393,0.11000,0.10007,0.10628,0.10351,0.10985,0.11079,0.11190
1637,6.63848,0.11028,0.10816,7.11505,0.10832,0.11089,3.09797,0.11087,0.10819,6.98682,0.65640,7.10467,6.97812,0.10617,0.11050,7.11205,0.12157,0.12198,0.10962,0.17585,0.10914,0.19500,0.10979,0.10005,0.10613,0.10415,0.10965,0.11090,0.11194
1638,6.78582,0.11018,0.10811,7.11351,0.10817,0.11054,6.47889,0.11044,0.10799,6.85453,3.72836,7.09933,7.08368,0.10608,0.11819,7.10918,0.29710,0.28927,0.11398,1.72757,0.10890,1.82106,0.10886,0.09989,0.10598,0.10436,0.10917,0.11083,0.11186
1639,6.99845,0.11004,0.10768,7.11126,0.10821,0.11050,7.06135,0.11036,0.10748,6.87017,6.54968,7.09754,7.10670,0.10841,0.15268,7.10596,1.77491,1.66325,0.17323,6.15817,0.10917,6.04001,0.10845,0.09992,0.10591,0.10372,0.10914,0.11062,0.11178
1640,7.08887,0.11002,0.10749,7.11384,0.10846,0.11062,6.60149,0.11060,0.10740,7.00686,5.17813,7.10410,7.11137,0.10855,0.12665,7.10595,0.52806,0.80646,0.15213,2.79640,0.10870,2.96165,0.10893,0.10004,0.10615,0.10339,0.10928,0.11049,0.11179
1641,7.09811,0.11017,0.10763,7.11713,0.10837,0.11065,4.48249,0.11062,0.10750,7.07870,2.56930,7.11405,7.09195,0.10787,0.11558,7.10720,0.20193,0.34719,0.12647,0.77207,0.10854,1.03501,0.10916,0.10007,0.10614,0.10317,0.10933,0.11047,0.11182
1642,7.05490,0.11033,0.10791,7.11780,0.10816,0.11062,2.98592,0.11054,0.10765,7.09710,1.58628,7.11889,7.07698,0.10744,0.11411,7.10839,0.17248,0.23233,0.11924,0.45536,0.10846,0.57711,0.10913,0.10007,0.10590,0.10324,0.10931,0.11052,0.11186
1643,7.02330,0.11045,0.10813,7.11923,0.10804,0.11061,2.58971,0.11044,0.10782,7.07749,1.29376,7.12043,7.07063,0.10700,0.11370,7.10965,0.16266,0.20445,0.11778,0.38460,0.10833,0.45682,0.10898,0.10008,0.10585,0.10330,0.10931,0.11059,0.11193
1644,6.80826,0.11060,0.10851,7.12016,0.10796,0.11052,0.72531,0.11042,0.10820,7.05061,0.57230,7.11515,6.82190,0.10561,0.11013,7.11102,0.12365,0.13391,0.11120,0.16844,0.10793,0.19159,0.10911,0.10011,0.10611,0.10398,0.10918,0.11070,0.11203
1645,6.48744,0.11063,0.10858,7.11818,0.10801,0.11038,6.33601,0.11029,0.10797,6.89682,4.09666,7.10225,7.02730,0.10670,0.11580,7.11080,0.25562,0.26621,0.11706,1.77791,0.10808,1.89434,0.10863,0.10003,0.10587,0.10400,0.10906,0.11065,0.11197
1646,6.86001,0.11050,0.10822,7.11776,0.10814,0.11047,7.10178,0.11037,0.10751,6.75610,6.53871,7.09552,7.11809,0.10935,0.14848,7.10926,1.83737,1.50287,0.16432,6.05637,0.10847,5.95724,0.10846,0.10000,0.10584,0.10386,0.10917,0.11037,0.11181
1647,7.07360,0.11044,0.10814,7.11532,0.10842,0.11054,6.93877,0.11066,0.10718,6.88496,6.13147,7.09780,7.12142,0.11195,0.14916,7.11257,1.62099,1.54672,0.20297,5.00458,0.10876,4.66424,0.10902,0.10007,0.10606,0.10462,0.10920,0.11009,0.11170
1648,7.09795,0.11041,0.10830,7.11387,0.10818,0.11045,6.13262,0.11064,0.10714,7.03771,4.24053,7.10314,7.10624,0.11085,0.12954,7.11364,0.47152,0.60797,0.15856,2.01685,0.10889,2.15780,0.10965,0.09998,0.10621,0.10466,0.10908,0.10996,0.11153
1649,7.09656,0.11030,0.10835,7.11432,0.10807,0.11037,7.11149,0.11026,0.10679,7.07450,6.73829,7.10860,7.11340,0.17773,1.19186,7.11350,4.62148,4.44922,1.12810,6.57186,0.13135,6.57620,0.10921,0.09995,0.10791,0.10545,0.10875,0.10980,0.11125
1650,7.11001,0.11013,0.10818,7.11575,0.10829,0.11028,7.09087,0.11042,0.10720,7.09532,6.78872,7.11260,7.11505,0.29665,1.57969,7.11448,5.31398,5.45277,1.81146,6.81353,0.14866,6.80829,0.10930,0.09999,0.11071,0.11008,0.10876,0.10946,0.11104
1651,7.11148,0.11004,0.10819,7.11624,0.10811,0.11013,6.89208,0.11040,0.10759,7.10879,6.18082,7.11548,7.11479,0.22209,0.53230,7.11445,2.49590,3.07910,0.96011,4.84390,0.12379,5.09836,0.10978,0.09997,0.11100,0.10913,0.10872,0.10932,0.11084
1652,7.11324,0.11008,0.10837,7.11646,0.10800,0.11006,6.81677,0.11034,0.10809,7.11106,6.07459,7.11649,7.11534,0.26771,0.55890,7.11489,2.54302,2.93766,1.00038,4.87056,0.13095,4.91185,0.11003,0.10001,0.11307,0.11059,0.10875,0.10924,0.11062
1653,7.06811,0.11005,0.10855,7.11671,0.10782,0.10996,4.86277,0.11023,0.10848,7.10987,3.70635,7.11573,7.07500,0.20113,0.25667,7.11505,0.93956,1.57540,0.60537,2.17806,0.12001,2.52216,0.11028,0.10000,0.11260,0.10877,0.10875,0.10918,0.11042
1654,7.00053,0.11004,0.10876,7.11768,0.10773,0.10995,3.70051,0.11023,0.10889,7.09426,2.80040,7.11203,7.05102,0.19000,0.21213,7.11627,0.67518,1.14431,0.49223,1.56128,0.11994,1.82548,0.11049,0.10005,0.11246,0.10768,0.10880,0.10925,0.11034
1655,6.87254,0.11002,0.10881,7.11899,0.10773,0.10996,4.52603,0.11025,0.10915,7.03950,2.64921,7.10831,7.06141,0.19775,0.19619,7.11681,0.57354,0.92678,0.45128,1.32698,0.12053,1.51664,0.11061,0.10004,0.11370,0.10817,0.10893,0.10928,0.11029
1656,6.96068,0.10951,0.10808,7.11447,0.10743,0.10962,7.10428,0.10994,0.10885,6.97709,6.10187,7.10243,7.11122,0.25166,0.36266,7.11043,1.30172,1.46740,0.59783,3.42735,0.13945,3.64510,0.11085,0.09970,0.11959,0.10915,0.10867,0.10900,0.10987
1657,7.07410,0.10902,0.10742,7.11081,0.10718,0.10926,7.10962,0.10983,0.10923,7.01333,6.83803,7.10245,7.11272,0.34179,1.31877,7.10739,4.76926,4.53855,1.21151,6.94987,0.23510,6.92634,0.11664,0.09969,0.12950,0.11326,0.10829,0.10874,0.10954
1658,7.09578,0.10905,0.10745,7.11190,0.10733,0.10925,7.02602,0.11010,0.11297,7.05202,6.65619,7.10692,7.11026,0.37640,1.22270,7.11598,4.24117,4.12089,1.27978,6.23721,0.22247,6.16467,0.11687,0.09997,0.13307,0.12112,0.10882,0.10860,0.10948
1659,7.07561,0.10907,0.10749,7.11780,0.10748,0.10925,5.07514,0.10998,0.11384,7.08135,4.02597,7.11085,7.07691,0.23965,0.38326,7.11824,1.24892,1.53227,0.65458,2.54687,0.14193,2.72286,0.11354,0.10005,0.12574,0.11710,0.10937,0.10857,0.10951
1660,7.02255,0.10908,0.10752,7.11979,0.10787,0.10933,6.88565,0.11043,0.11535,7.08839,5.72558,7.11247,7.10649,0.31723,0.60599,7.11862,1.99939,2.12471,0.84588,4.10157,0.16969,4.20181,0.11461,0.10007,0.13276,0.12025,0.11031,0.10863,0.10954
1661,7.07082,0.10912,0.10756,7.12069,0.10869,0.10935,7.11765,0.11095,0.11635,7.06821,6.86852,7.11356,7.11950,0.43713,1.09815,7.11927,3.69334,3.76792,1.31435,6.49714,0.23605,6.52504,0.11808,0.10008,0.14687,0.13545,0.11098,0.10863,0.10955
1662,7.10785,0.10913,0.10764,7.12194,0.10975,0.10936,7.11495,0.11148,0.11631,7.07432,6.91627,7.11512,7.12199,0.52697,1.41149,7.12084,4.51972,5.03299,1.80445,6.84918,0.29536,6.89270,0.12254,0.10011,0.15835,0.16599,0.11094,0.10866,0.10963
1663,7.12136,0.10914,0.10801,7.12326,0.11056,0.10955,7.12324,0.11259,0.11898,7.10511,6.95482,7.11808,7.12333,0.69466,1.91741,7.12284,5.46328,6.13258,2.76367,7.05658,0.40771,7.05947,0.13411,0.10016,0.17785,0.22000,0.11087,0.10879,0.10976
1664,7.12328,0.10916,0.10841,7.12308,0.11082,0.10983,7.08819,0.11442,0.12164,7.12128,6.84248,7.12004,7.12285,0.62655,1.56265,7.12317,3.97228,5.48656,2.43253,6.14893,0.36418,6.62542,0.13757,0.10009,0.17174,0.25174,0.11115,0.10892,0.10983
1665,7.11589,0.10920,0.10855,7.12243,0.11103,0.11013,5.95863,0.11525,0.12442,7.12234,5.19016,7.12004,7.10345,0.43571,0.77677,7.12233,2.10382,3.46951,1.35905,3.52353,0.23046,4.60782,0.12499,0.10004,0.15911,0.24860,0.11141,0.10903,0.10985
1666,6.98141,0.10922,0.10866,7.12183,0.11130,0.11037,3.70258,0.11508,0.12803,7.10999,3.32818,7.11643,7.00240,0.31881,0.41284,7.12156,1.06503,1.98353,0.78828,1.94805,0.16481,2.76784,0.11923,0.10004,0.15352,0.23507,0.11171,0.10915,0.10989
1667,6.68632,0.10919,0.10877,7.12151,0.11157,0.11053,2.26479,0.11455,0.13125,7.00166,2.17422,7.10385,6.94813,0.25182,0.26632,7.12112,0.58742,1.16882,0.52507,1.08135,0.13675,1.63429,0.11703,0.10005,0.15011,0.21788,0.11200,0.10925,0.10993
1668,6.56387,0.10915,0.10887,7.12144,0.11177,0.11064,1.68464,0.11407,0.13380,6.81132,1.60561,7.08809,6.96834,0.21983,0.20699,7.12092,0.40515,0.81437,0.41027,0.72067,0.12702,1.09546,0.11625,0.10005,0.14885,0.20336,0.11215,0.10935,0.10996
1669,6.70318,0.10914,0.10909,7.12148,0.11223,0.11073,1.51640,0.11411,0.13677,6.72466,1.39296,7.07987,7.01853,0.21585,0.18522,7.12088,0.34107,0.67548,0.38000,0.61739,0.12414,0.89119,0.11577,0.10007,0.15068,0.19020,0.11314,0.10938,0.11001
1670,6.73931,0.10906,0.10911,7.12028,0.11260,0.11089,1.92718,0.11377,0.13944,6.78762,1.20465,7.07957,7.03182,0.20715,0.16980,7.11929,0.29253,0.56846,0.34816,0.51362,0.12251,0.72546,0.11533,0.09998,0.14898,0.17870,0.11430,0.10944,0.10996
1671,6.83414,0.10900,0.10898,7.11858,0.11309,0.11078,1.27147,0.11383,0.14066,6.83391,1.03106,7.08546,6.97852,0.19596,0.15960,7.11686,0.25985,0.49468,0.31814,0.43232,0.12160,0.59345,0.11527,0.09994,0.14939,0.16623,0.11493,0.10937,0.10985
1672,6.57544,0.10899,0.10873,7.11815,0.11297,0.11045,0.61775,0.11429,0.14036,6.86761,0.79840,7.08250,6.91209,0.17646,0.14277,7.11627,0.20978,0.40626,0.26812,0.30977,0.12004,0.45259,0.11585,0.09999,0.15119,0.15269,0.11509,0.10930,0.10981
1673,6.46543,0.10904,0.10849,7.11813,0.11260,0.11038,1.29175,0.11475,0.14152,6.75847,0.71109,7.07115,6.95804,0.17130,0.13595,7.11717,0.18953,0.34195,0.24177,0.28653,0.12082,0.39077,0.11771,0.10002,0.15147,0.13956,0.11621,0.10931,0.10979
1674,6.74943,0.10900,0.10829,7.11733,0.11336,0.11053,5.87493,0.11548,0.14232,6.66421,3.37426,7.06901,7.10364,0.18635,0.15070,7.11514,0.25505,0.35789,0.25517,0.93227,0.12441,1.03880,0.11907,0.09994,0.14824,0.13416,0.11842,0.10931,0.10970
1675,7.02288,0.10883,0.10794,7.11364,0.11439,0.11023,3.71541,0.11485,0.14114,6.82201,2.07622,7.07905,7.06111,0.17630,0.14646,7.11058,0.22181,0.31164,0.23947,0.52609,0.12435,0.58006,0.11986,0.09987,0.14367,0.13008,0.11920,0.10926,0.10946
1676,6.80854,0.10871,0.10759,7.11156,0.11425,0.11006,0.51398,0.11366,0.14005,6.98971,0.61888,7.08406,6.90515,0.15891,0.13614,7.11203,0.16764,0.25915,0.21556,0.22285,0.12228,0.28027,0.11978,0.09987,0.13979,0.12513,0.12001,0.10925,0.10923
1677,6.29591,0.10854,0.10733,7.11201,0.11165,0.11080,0.26535,0.11313,0.13741,6.87777,0.48748,7.06912,6.77681,0.14177,0.12959,7.11374,0.14906,0.22606,0.18412,0.17736,0.12214,0.23014,0.11886,0.09980,0.13666,0.12466,0.11897,0.10917,0.10900
1678,6.26318,0.10805,0.10670,7.10797,0.11001,0.11155,3.46536,0.11344,0.13605,6.58664,1.46690,7.04717,7.00436,0.14033,0.13020,7.10872,0.15646,0.21237,0.17540,0.32938,0.12258,0.38231,0.11859,0.09965,0.13299,0.12235,0.11887,0.10892,0.10846
1679,6.81630,0.10769,0.10610,7.10816,0.11123,0.11095,7.01509,0.11393,0.13447,6.52736,6.03982,7.05245,7.10163,0.14756,0.14260,7.10495,0.36925,0.39817,0.18362,3.30667,0.12513,3.37525,0.12022,0.09984,0.13121,0.11866,0.11976,0.10874,0.10811
1680,7.06377,0.10764,0.10591,7.10804,0.11317,0.11056,6.85726,0.11246,0.13191,6.88250,5.29713,7.07120,7.10854,0.14656,0.14154,7.11028,0.40429,0.35047,0.17669,2.36698,0.12514,2.30097,0.11923,0.09992,0.12718,0.11918,0.12065,0.10902,0.10807
1681,7.05990,0.10768,0.10602,7.11333,0.11553,0.11065,3.62863,0.11106,0.12827,7.02634,2.47323,7.09498,7.02766,0.14018,0.13496,7.11687,0.25662,0.25819,0.16558,0.97980,0.12222,0.91159,0.11590,0.09999,0.12417,0.11998,0.12140,0.10955,0.10811
1682,6.65300,0.10783,0.10619,7.12057,0.11656,0.11101,0.46031,0.11066,0.12600,7.03690,0.57414,7.09467,6.83818,0.13198,0.12671,7.12012,0.14010,0.16816,0.15306,0.17438,0.11762,0.19425,0.11323,0.10006,0.12196,0.11859,0.12122,0.11012,0.10821
1683,6.23828,0.10807,0.10672,7.12526,0.11897,0.11115,1.64143,0.11062,0.12410,6.82734,0.51816,7.08066,6.89176,0.12952,0.12277,7.12184,0.13266,0.15289,0.14576,0.14934,0.11493,0.16341,0.11218,0.10004,0.11973,0.11694,0.12014,0.11071,0.10832
1684,6.57685,0.10851,0.10706,7.12657,0.11944,0.11129,7.03453,0.11081,0.12262,6.60489,4.94743,7.07126,7.10456,0.13390,0.12768,7.12103,0.28891,0.28260,0.14520,2.11387,0.11677,2.19016,0.11197,0.10001,0.11902,0.11607,0.11970,0.11134,0.10849
1685,6.99377,0.10902,0.10722,7.12543,0.11982,0.11136,7.10031,0.11069,0.12076,6.73146,6.53351,7.07586,7.12732,0.13563,0.14009,7.12078,1.20405,0.81990,0.15062,5.40026,0.11806,4.87899,0.11195,0.10002,0.11899,0.11649,0.11874,0.11221,0.10873
1686,7.07473,0.10926,0.10732,7.12453,0.11790,0.11161,3.95824,0.11056,0.11935,6.92123,2.52009,7.10172,7.06495,0.12815,0.12360,7.12035,0.22698,0.21546,0.14016,1.01019,0.11477,0.81655,0.11156,0.09998,0.11768,0.11573,0.11854,0.11260,0.10887
1687,6.92438,0.10968,0.10735,7.12558,0.11764,0.11163,5.96224,0.11066,0.11831,7.00839,3.95998,7.10970,7.07933,0.12869,0.13545,7.12312,0.42429,0.40481,0.14538,2.00883,0.11503,2.05887,0.11136,0.09998,0.11689,0.11536,0.11721,0.11309,0.10908
1688,6.98793,0.10996,0.10748,7.13018,0.11796,0.11153,7.12262,0.11084,0.11756,7.01677,6.75131,7.11793,7.12308,0.14064,0.62145,7.12769,4.03306,3.85435,0.55408,6.90318,0.12378,6.86317,0.11215,0.10000,0.11884,0.11439,0.11580,0.11356,0.10954
1689,7.09451,0.11006,0.10828,7.13667,0.11726,0.11137,7.12772,0.11133,0.11716,7.03479,6.84034,7.12421,7.13263,0.60464,4.14725,7.13130,6.96889,6.91281,3.90955,7.11142,0.55671,7.10530,0.12078,0.09994,0.13083,0.11734,0.11442,0.11366,0.10980
1690,7.12789,0.10976,0.10933,7.13578,0.11558,0.11148,7.12381,0.11254,0.11593,7.10822,6.86518,7.12683,7.13281,1.23048,5.34023,7.13171,7.02433,7.03465,5.32934,7.09807,1.21266,7.09364,0.16289,0.09979,0.15193,0.13959,0.11290,0.11346,0.10961
1691,7.12170,0.10940,0.10869,7.12826,0.11445,0.11158,6.86494,0.11210,0.11477,7.12278,6.51451,7.12652,7.11947,0.49285,2.37675,7.12468,5.09516,5.31834,2.65058,6.23515,0.45894,6.33623,0.13353,0.09978,0.13555,0.12363,0.11223,0.11315,0.10960
1692,7.02462,0.10942,0.10802,7.12730,0.11343,0.11150,4.55927,0.11153,0.11465,7.11859,4.04328,7.12317,7.01927,0.19425,0.60288,7.12643,1.73438,2.19256,0.80646,2.93291,0.17691,3.25896,0.11767,0.09993,0.12284,0.11192,0.11263,0.11286,0.10980
1693,6.65492,0.10949,0.10793,7.13463,0.11294,0.11159,2.20019,0.11153,0.11455,7.05093,2.05216,7.11226,6.87629,0.14394,0.26192,7.13275,0.63584,0.92950,0.34902,1.14597,0.13305,1.43642,0.11459,0.10000,0.11854,0.10977,0.11296,0.11271,0.10981
1694,6.24143,0.10949,0.10793,7.14036,0.11225,0.11167,1.16088,0.11160,0.11432,6.82263,1.15285,7.08795,6.82151,0.12424,0.16832,7.13458,0.31085,0.42282,0.19951,0.51757,0.12199,0.66005,0.11353,0.09995,0.11631,0.10873,0.11313,0.11253,0.10966
1695,6.30263,0.10951,0.10774,7.14213,0.11189,0.11173,2.46878,0.11175,0.11425,6.58579,1.06118,7.07419,7.05029,0.12320,0.16265,7.13437,0.28818,0.37597,0.19022,0.48861,0.12117,0.56929,0.11382,0.09996,0.11500,0.10702,0.11313,0.11236,0.10963
1696,6.53039,0.10943,0.10747,7.14617,0.11192,0.11175,0.58537,0.11163,0.11389,6.52485,0.74401,7.07121,6.85593,0.11869,0.13712,7.13655,0.19889,0.25431,0.15683,0.29525,0.11769,0.35448,0.11311,0.09997,0.11366,0.10567,0.11300,0.11228,0.10966
1697,6.34909,0.10949,0.10736,7.14660,0.11140,0.11173,2.67161,0.11172,0.11372,6.65105,0.68949,7.08231,7.02197,0.11687,0.13626,7.13696,0.18876,0.22930,0.14964,0.27411,0.11749,0.30690,0.11336,0.09999,0.11235,0.10539,0.11294,0.11220,0.10983
1698,6.50562,0.10948,0.10718,7.15187,0.11141,0.11179,0.35338,0.11171,0.11326,6.59304,0.52357,7.08738,6.83475,0.11361,0.12592,7.14177,0.15373,0.17988,0.13397,0.19498,0.11568,0.22161,0.11316,0.10002,0.11228,0.10482,0.11286,0.11217,0.10983
1699,5.93201,0.10952,0.10727,7.15590,0.11090,0.11190,0.18871,0.11170,0.11324,6.58169,0.41028,7.06932,6.62657,0.11040,0.11753,7.14372,0.12723,0.13613,0.11910,0.14099,0.11393,0.15179,0.11259,0.10004,0.11167,0.10502,0.11284,0.11215,0.10984
1700,5.53291,0.10977,0.10768,7.15288,0.10988,0.11205,1.44607,0.11183,0.11324,6.43764,0.38880,7.03514,6.73647,0.10912,0.11493,7.14030,0.11921,0.12165,0.11388,0.12612,0.11299,0.13000,0.11220,0.10005,0.11056,0.10598,0.11272,0.11212,0.11006
1701,6.07209,0.10990,0.10768,7.15211,0.10993,0.11209,5.95952,0.11192,0.11290,6.23925,1.45060,7.02390,7.10649,0.10935,0.11558,7.14260,0.12148,0.12345,0.11485,0.18713,0.11298,0.21019,0.11216,0.10004,0.10981,0.10537,0.11277,0.11211,0.11019
1702,6.79973,0.11007,0.10796,7.15589,0.10967,0.11219,7.11859,0.11202,0.11268,6.22103,5.44580,7.04365,7.15503,0.10919,0.11753,7.14475,0.22249,0.18385,0.11592,2.07001,0.11301,2.12286,0.11207,0.10005,0.10964,0.10584,0.11248,0.11212,0.11026
1703,7.02818,0.11017,0.10781,7.15383,0.11056,0.11220,7.15639,0.11193,0.11148,6.45949,6.64180,7.07374,7.15851,0.11358,0.29611,7.14455,2.75759,2.26565,0.25193,6.08703,0.11339,5.86179,0.11183,0.10009,0.10928,0.10634,0.11262,0.11207,0.11066
1704,7.13421,0.11010,0.10773,7.15502,0.11144,0.11224,6.92791,0.11190,0.11098,6.87012,6.13790,7.10570,7.15701,0.11483,0.25105,7.14762,2.00599,2.07076,0.26321,4.94227,0.11296,4.95573,0.11175,0.10005,0.10933,0.10617,0.11241,0.11193,0.11088
1705,7.06452,0.11009,0.10774,7.15728,0.11137,0.11230,2.88428,0.11191,0.11096,7.07265,2.01877,7.12953,7.02115,0.11162,0.12336,7.14880,0.27131,0.37298,0.13698,0.81143,0.11195,0.97619,0.11175,0.10004,0.10909,0.10575,0.11235,0.11188,0.11096
1706,6.75309,0.11013,0.10780,7.15745,0.11129,0.11233,3.70910,0.11193,0.11064,7.06142,1.29497,7.13414,7.05866,0.11198,0.11800,7.14843,0.18987,0.23810,0.13005,0.46206,0.11183,0.52489,0.11168,0.10004,0.10889,0.10548,0.11224,0.11193,0.11106
1707,6.83708,0.11010,0.10782,7.15450,0.11154,0.11234,1.99651,0.11197,0.11027,6.93441,0.92440,7.13365,7.05219,0.11227,0.11573,7.14681,0.15902,0.19549,0.12682,0.32802,0.11178,0.35586,0.11159,0.10002,0.10869,0.10555,0.11200,0.11190,0.11110
1708,6.83292,0.10999,0.10777,7.15152,0.11159,0.11226,2.23861,0.11191,0.10976,6.91404,0.76410,7.12585,7.10079,0.11306,0.11487,7.14519,0.15109,0.17228,0.12567,0.27691,0.11176,0.28585,0.11146,0.09998,0.10860,0.10564,0.11164,0.11186,0.11102
1709,6.98485,0.10993,0.10780,7.15390,0.11171,0.11223,6.51942,0.11185,0.10939,6.93782,4.35255,7.12757,7.14165,0.11597,0.13328,7.14811,0.42549,0.44458,0.14394,2.27476,0.11241,2.38082,0.11142,0.10001,0.10924,0.10518,0.11138,0.11185,0.11098
1710,7.10971,0.10992,0.10796,7.15563,0.11176,0.11227,6.87054,0.11183,0.10926,7.02022,5.89800,7.13266,7.15018,0.11775,0.16797,7.15363,1.09627,1.17518,0.17455,4.37006,0.11366,4.49044,0.11140,0.10004,0.10961,0.10499,0.11149,0.11181,0.11103
1711,7.04385,0.10986,0.10811,7.15490,0.11173,0.11227,1.82269,0.11201,0.10944,7.09658,1.20580,7.13130,6.91516,0.11310,0.11973,7.15618,0.17082,0.20369,0.12909,0.37445,0.11186,0.44024,0.11149,0.10005,0.10910,0.10464,0.11164,0.11171,0.11102
1712,6.47557,0.10984,0.10831,7.15561,0.11166,0.11221,1.17857,0.11205,0.10930,7.04440,0.52876,7.12255,6.82527,0.11257,0.11400,7.15349,0.12732,0.14297,0.12161,0.16343,0.11161,0.17960,0.11162,0.10003,0.10878,0.10480,0.11151,0.11170,0.11099
1713,6.48784,0.10984,0.10837,7.15430,0.11159,0.11216,2.22357,0.11203,0.10911,6.77386,0.52881,7.10801,7.09099,0.11291,0.11421,7.15190,0.12869,0.14257,0.12175,0.16929,0.11166,0.18259,0.11164,0.10001,0.10886,0.10429,0.11136,0.11170,0.11097
1714,6.89164,0.10985,0.10836,7.15090,0.11160,0.11216,0.53539,0.11203,0.10907,6.72845,0.46006,7.09949,7.08587,0.11199,0.11372,7.15269,0.12404,0.13651,0.12012,0.14984,0.11163,0.16005,0.11166,0.10002,0.10863,0.10379,0.11132,0.11168,0.11099
1715,6.88045,0.10982,0.10837,7.14945,0.11162,0.11214,0.23370,0.11205,0.10911,6.90023,0.38676,7.10394,6.88871,0.11099,0.11296,7.15219,0.11895,0.12908,0.11790,0.13274,0.11150,0.14157,0.11168,0.10002,0.10843,0.10333,0.11134,0.11163,0.11097
1716,6.40195,0.10977,0.10845,7.14511,0.11158,0.11210,1.27186,0.11206,0.10896,6.87658,0.35066,7.10138,6.89824,0.11046,0.11232,7.15168,0.11574,0.12326,0.11584,0.12324,0.11142,0.12959,0.11173,0.10002,0.10842,0.10296,0.11135,0.11158,0.11095
1717,6.60847,0.10978,0.10860,7.14187,0.11154,0.11210,4.46128,0.11207,0.10861,6.66919,0.50196,7.09602,7.09845,0.11098,0.11271,7.14988,0.11689,0.12371,0.11655,0.13002,0.11145,0.13626,0.11172,0.10005,0.10859,0.10291,0.11132,0.11159,0.11098
1718,6.99060,0.10976,0.10879,7.13977,0.11151,0.11212,5.05562,0.11209,0.10827,6.79237,1.06337,7.09815,7.12741,0.11124,0.11302,7.14624,0.11742,0.12407,0.11698,0.14668,0.11147,0.16020,0.11167,0.10006,0.10886,0.10323,0.11129,0.11159,0.11104
1719,7.01671,0.10973,0.10893,7.13975,0.11150,0.11212,0.41703,0.11214,0.10815,7.00128,0.31258,7.11129,6.88596,0.11043,0.11230,7.14395,0.11473,0.12014,0.11469,0.11896,0.11143,0.12331,0.11171,0.10006,0.10885,0.10338,0.11138,0.11156,0.11109
1720,6.73951,0.10974,0.10906,7.13797,0.11145,0.11211,2.08356,0.11215,0.10788,7.01156,0.31753,7.11672,6.91255,0.11058,0.11216,7.14276,0.11447,0.11877,0.11425,0.11943,0.11146,0.12354,0.11174,0.10004,0.10889,0.10327,0.11132,0.11155,0.11110
1721,6.84196,0.10979,0.10922,7.12539,0.11158,0.11218,0.99186,0.11216,0.10765,6.89875,0.28553,7.11801,6.94850,0.10993,0.11221,7.14313,0.11437,0.11829,0.11380,0.11791,0.11145,0.12089,0.11170,0.10008,0.10882,0.10398,0.11131,0.11161,0.11123
1722,6.73562,0.10983,0.10968,7.11606,0.11182,0.11225,0.13387,0.11224,0.10745,6.90620,0.25188,7.11537,6.72699,0.10912,0.11177,7.13748,0.11330,0.11633,0.11238,0.11512,0.11139,0.11758,0.11175,0.10010,0.10894,0.10512,0.11132,0.11171,0.11137
1723,6.51885,0.10990,0.11006,7.10618,0.11187,0.11226,0.24128,0.11228,0.10734,6.82558,0.24257,7.10875,6.71484,0.10901,0.11151,7.12589,0.11260,0.11463,0.11143,0.11411,0.11141,0.11604,0.11184,0.10007,0.10906,0.10539,0.11125,0.11176,0.11139
1724,6.75061,0.10998,0.11016,7.06426,0.11181,0.11228,3.89672,0.11223,0.10729,6.75659,0.70624,7.10456,6.96172,0.10937,0.11170,7.11817,0.11325,0.11512,0.11199,0.12561,0.11142,0.13211,0.11180,0.10005,0.10914,0.10525,0.11105,0.11181,0.11143
1725,7.01703,0.11004,0.11024,7.04607,0.11170,0.11230,5.73647,0.11218,0.10743,6.88573,1.84195,7.11288,7.08722,0.10959,0.11188,7.08686,0.11411,0.11668,0.11251,0.23141,0.11136,0.27442,0.11162,0.10007,0.10916,0.10569,0.11087,0.11189,0.11155
1726,7.11662,0.11007,0.11032,7.09699,0.11140,0.11229,5.27871,0.11213,0.10772,7.05264,2.03982,7.13006,7.12758,0.10982,0.11189,7.05361,0.11432,0.11847,0.11264,0.27708,0.11126,0.35015,0.11143,0.10006,0.10920,0.10582,0.11086,0.11194,0.11163
1727,7.13047,0.11009,0.11020,7.13261,0.11111,0.11224,1.28306,0.11212,0.10801,7.11985,0.44954,7.14043,6.99184,0.10981,0.11143,7.07999,0.11277,0.11499,0.11176,0.12208,0.11115,0.13054,0.11134,0.10001,0.10910,0.10542,0.11099,0.11194,0.11167
1728,7.10910,0.11017,0.10987,7.11951,0.11077,0.11221,1.75898,0.11209,0.10830,7.12986,0.28404,7.13878,6.84762,0.10987,0.11119,7.10372,0.11231,0.11379,0.11139,0.11641,0.11100,0.11948,0.11126,0.09996,0.10885,0.10469,0.11100,0.11190,0.11162
1729,7.00448,0.11023,0.10954,7.07530,0.11055,0.11215,0.17888,0.11210,0.10867,7.11886,0.22818,7.12968,6.55919,0.10948,0.11085,7.12099,0.11148,0.11239,0.11066,0.11260,0.11086,0.11353,0.11126,0.09997,0.10857,0.10394,0.11109,0.11184,0.11158
1730,6.12586,0.11026,0.10955,7.06457,0.11059,0.11216,0.12020,0.11222,0.10893,6.99301,0.20868,7.10330,6.32379,0.10866,0.11073,7.13153,0.11085,0.11095,0.11009,0.11123,0.11090,0.11159,0.11151,0.10004,0.10845,0.10356,0.11109,0.11187,0.11164
1731,5.63684,0.11031,0.10968,7.08088,0.11075,0.11217,0.12192,0.11229,0.10916,6.50451,0.20193,7.07602,6.52065,0.10796,0.11078,7.13615,0.11075,0.11054,0.10987,0.11092,0.11093,0.11099,0.11167,0.10005,0.10820,0.10336,0.11106,0.11191,0.11168
1732,5.70689,0.11032,0.10973,7.10645,0.11062,0.11207,0.23944,0.11223,0.10949,6.23011,0.19215,7.03854,6.42693,0.10720,0.11061,7.13870,0.11051,0.10987,0.10899,0.11052,0.11096,0.11032,0.11179,0.09995,0.10785,0.10365,0.11105,0.11186,0.11162
1733,5.65719,0.11038,0.10944,7.13350,0.11039,0.11194,5.92531,0.11198,0.10891,6.29648,2.81325,6.99852,6.88528,0.10771,0.11033,7.13960,0.11143,0.11089,0.10913,0.43404,0.11065,0.46330,0.11152,0.09990,0.10733,0.10399,0.11086,0.11176,0.11149
1734,6.17352,0.11046,0.10919,7.13845,0.11035,0.11188,1.09318,0.11183,0.10858,6.40542,0.34892,7.00387,6.97191,0.10832,0.11044,7.14122,0.11018,0.10965,0.10912,0.11422,0.11108,0.11366,0.11134,0.10000,0.10728,0.10497,0.11074,0.11166,0.11141
1735,6.49059,0.11047,0.10894,7.14093,0.11040,0.11177,5.86906,0.11160,0.10799,6.50277,1.60954,7.03278,7.08337,0.10889,0.11053,7.14108,0.11163,0.11087,0.10961,0.21222,0.11103,0.22622,0.11120,0.10000,0.10807,0.10559,0.11023,0.11156,0.11128
1736,6.92785,0.11034,0.10880,7.13976,0.11007,0.11147,7.13173,0.11120,0.10774,6.63174,6.20987,7.05604,7.13444,0.10902,0.18170,7.13747,1.58645,1.48380,0.15995,4.71131,0.11052,4.81539,0.11094,0.09981,0.10810,0.10482,0.10975,0.11141,0.11108
1737,7.08436,0.11028,0.10872,7.13801,0.10979,0.11114,7.13528,0.11082,0.10753,6.87742,6.64136,7.10088,7.13709,0.17484,2.18706,7.13642,6.31554,6.02842,1.66912,7.10052,0.19004,7.08390,0.11066,0.09985,0.10834,0.10411,0.10944,0.11132,0.11098
1738,7.13205,0.11030,0.10866,7.14510,0.11000,0.11119,7.14042,0.11425,0.10821,7.04653,6.73318,7.12737,7.14125,1.53777,5.93977,7.14411,7.11050,7.09819,5.56569,7.12803,2.12336,7.12104,0.25160,0.10006,0.19699,0.11602,0.10949,0.11135,0.11106
1739,7.13853,0.11013,0.10874,7.14898,0.10983,0.13923,7.13932,0.39072,0.13497,7.13220,6.80146,7.14470,7.14032,4.55400,7.03867,7.15110,7.14274,7.14061,6.99218,7.13816,5.53533,7.13379,1.66832,0.10089,0.83414,0.35707,0.11035,0.11541,0.11114
1740,7.14137,0.10977,0.10861,7.15723,0.11000,0.28715,7.13484,0.76248,0.17670,7.13943,6.83904,7.15872,7.14896,3.11378,6.23844,7.15715,7.05784,7.08729,6.07868,7.14046,4.45067,7.14249,1.63842,0.10123,0.50442,0.47026,0.11437,0.18843,0.11794
1741,7.14849,0.10959,0.10826,7.16379,0.11001,0.34921,7.03849,0.61807,0.20359,7.14375,6.66317,7.16709,7.15665,1.39329,4.09557,7.16086,5.73507,6.00183,3.82852,6.54762,2.34188,6.69102,0.89500,0.10022,0.28543,0.35814,0.11802,0.29693,0.15245
1742,7.15356,0.11037,0.10781,7.17218,0.11018,0.34877,6.39698,0.45871,0.21543,7.15109,5.85754,7.17786,7.14532,0.84998,2.58466,7.16501,4.19555,4.70452,2.45331,5.24883,1.59127,5.60043,0.57198,0.10004,0.24021,0.27949,0.12712,0.36360,0.21769
1743,7.10012,0.11330,0.10754,7.17680,0.11064,0.31220,4.55386,0.34499,0.21387,7.15260,4.12216,7.18310,7.00367,0.47814,1.51178,7.17244,2.38202,2.72519,1.27509,3.26646,0.97433,3.65196,0.44119,0.09990,0.21733,0.24212,0.12537,0.38744,0.28405
1744,6.93924,0.11830,0.10741,7.16370,0.11311,0.28667,2.85829,0.28846,0.20699,7.10964,2.62993,7.18192,6.81207,0.31337,1.03683,7.17746,1.41956,1.51310,0.77907,1.89324,0.59486,2.09094,0.36451,0.09995,0.21221,0.22217,0.12651,0.39301,0.32621
1745,6.81567,0.12423,0.10780,7.11146,0.12232,0.28719,1.60700,0.24914,0.19786,7.02354,1.64378,7.17241,6.54036,0.24029,0.67515,7.17042,0.92388,0.89828,0.47147,1.14941,0.39069,1.19721,0.30251,0.10007,0.20623,0.21131,0.13775,0.38936,0.34701
1746,6.47877,0.12816,0.11046,7.06161,0.14915,0.30272,1.02874,0.22419,0.19217,6.91584,1.16500,7.15638,6.47218,0.21085,0.44993,7.12942,0.61582,0.55388,0.31722,0.76116,0.29770,0.75814,0.26813,0.10008,0.20039,0.20121,0.15771,0.38397,0.33921
1747,6.35047,0.13100,0.11594,7.05088,0.18026,0.31643,0.74677,0.21951,0.18869,6.68465,0.91173,7.14346,6.58511,0.19947,0.34250,7.08236,0.45154,0.39534,0.25877,0.55326,0.26139,0.53537,0.24641,0.10006,0.19688,0.19161,0.18159,0.37231,0.32380
1748,6.53645,0.13256,0.12178,7.05817,0.20200,0.32831,0.54301,0.22562,0.18556,6.64946,0.73204,7.13668,6.53544,0.19151,0.28658,7.06882,0.34362,0.30227,0.22808,0.40894,0.23570,0.39010,0.23336,0.10005,0.19511,0.18428,0.20280,0.35781,0.31134
1749,6.13778,0.14042,0.12931,7.06296,0.22197,0.33129,0.34351,0.22750,0.17688,6.68471,0.55890,7.12864,6.36411,0.18587,0.24170,7.08838,0.26529,0.23084,0.20269,0.28494,0.21402,0.26697,0.22871,0.10007,0.19407,0.18018,0.22220,0.34708,0.29898
1750,5.47165,0.16156,0.13792,7.09189,0.23618,0.32523,0.25555,0.22554,0.17394,6.44372,0.47207,7.10540,6.37168,0.18760,0.21397,7.13679,0.22517,0.19972,0.18989,0.23273,0.20407,0.21702,0.22264,0.10006,0.18854,0.16988,0.24638,0.33970,0.28274
1751,5.39161,0.17963,0.14314,7.12313,0.24407,0.31639,0.22778,0.22679,0.18002,6.09592,0.42872,7.08295,6.41692,0.18435,0.20539,7.19059,0.20849,0.19015,0.18912,0.21064,0.20186,0.19878,0.22197,0.10004,0.18353,0.15658,0.25467,0.33743,0.26935
1752,5.38594,0.20076,0.14332,7.16201,0.24283,0.30452,0.21545,0.22731,0.18662,5.90304,0.40152,7.05999,6.63500,0.17621,0.20151,7.23565,0.20217,0.18867,0.18705,0.20178,0.20224,0.19270,0.22269,0.10001,0.17979,0.14840,0.25749,0.33516,0.26143
1753,5.82468,0.22431,0.14112,7.18859,0.23397,0.29051,0.42009,0.22585,0.18941,5.87758,0.39212,7.06147,6.93578,0.17005,0.20061,7.28544,0.19752,0.18726,0.18392,0.19854,0.20119,0.19179,0.21857,0.09997,0.17735,0.14350,0.25464,0.33014,0.25891
1754,6.41986,0.24502,0.14481,7.20583,0.22940,0.28058,3.70573,0.22332,0.18976,6.03265,0.56559,7.09288,7.07957,0.16474,0.19727,7.31193,0.19405,0.18649,0.18068,0.20189,0.19799,0.20308,0.20809,0.09997,0.17645,0.14181,0.24957,0.32034,0.25691
1755,6.84166,0.25648,0.15666,7.21490,0.23689,0.27928,1.38539,0.22113,0.18935,6.37310,0.41344,7.13828,7.09812,0.15961,0.19165,7.30913,0.19076,0.18056,0.17264,0.19462,0.19154,0.19260,0.19838,0.09989,0.17902,0.14377,0.24757,0.30516,0.25205
1756,6.91877,0.25912,0.17251,7.22075,0.25136,0.28118,0.45206,0.21812,0.18659,6.71168,0.35037,7.17034,7.00162,0.15978,0.18448,7.30898,0.18362,0.17084,0.16401,0.18715,0.18510,0.18449,0.19214,0.09976,0.18095,0.14721,0.24975,0.29003,0.24451
1757,6.92231,0.26015,0.18253,7.23383,0.25492,0.27759,2.29350,0.21346,0.18512,6.84768,0.37627,7.19131,7.08774,0.16085,0.18070,7.32451,0.17766,0.16737,0.16179,0.18975,0.17918,0.19081,0.18987,0.09984,0.17855,0.14361,0.25361,0.28382,0.24034
1758,6.70061,0.25928,0.19197,7.24774,0.25333,0.27777,0.26199,0.21388,0.18749,6.90694,0.30228,7.19820,6.85179,0.16119,0.17595,7.32241,0.17631,0.16043,0.16002,0.17461,0.17908,0.16769,0.19122,0.09996,0.17819,0.14049,0.25789,0.28029,0.23794
1759,6.47546,0.25766,0.20116,7.25063,0.25396,0.27301,4.54106,0.20980,0.18841,6.85206,2.23670,7.17267,7.07963,0.15914,0.17308,7.31742,0.18252,0.17528,0.16036,0.68308,0.17510,0.75027,0.18635,0.09996,0.17595,0.14041,0.25817,0.27694,0.23668
1760,6.89232,0.25843,0.19900,7.24731,0.25298,0.26271,6.99205,0.20185,0.18697,6.77719,6.27026,7.19822,7.21997,0.15961,0.26064,7.28412,2.40972,2.37348,0.24158,6.05706,0.17139,6.05238,0.18049,0.09997,0.16939,0.13381,0.25624,0.27657,0.23752
1761,7.14710,0.25825,0.19505,7.25276,0.24842,0.26361,5.19383,0.20777,0.19279,6.95135,3.90290,7.20716,7.19786,0.16021,0.19461,7.26061,0.70491,0.85798,0.19191,2.37164,0.17198,2.59737,0.18395,0.09999,0.16911,0.12854,0.25788,0.27667,0.23810
1762,6.88742,0.25773,0.19678,7.25948,0.23908,0.26183,1.48612,0.22649,0.19431,7.03408,0.64872,7.16077,6.88470,0.16065,0.17146,7.29024,0.17978,0.18145,0.16293,0.23119,0.17918,0.25002,0.19776,0.09991,0.16458,0.13438,0.24799,0.27715,0.23991
1763,6.51082,0.25508,0.19425,7.26898,0.23646,0.25719,7.12383,0.22712,0.18033,6.98330,6.17706,7.17846,7.12518,0.17175,0.66053,7.33822,3.13610,3.00563,0.60219,5.34768,0.17669,5.36788,0.19259,0.09996,0.15915,0.13691,0.22379,0.27251,0.24613
1764,6.92779,0.24955,0.19507,7.26330,0.22930,0.25714,7.21900,0.21046,0.17434,6.87745,6.82817,7.21536,7.24037,1.05650,5.09487,7.28868,7.10322,7.07173,4.87835,7.17741,1.06432,7.17107,0.19444,0.10000,0.18088,0.13762,0.22350,0.26585,0.24970
1765,7.22347,0.24688,0.19508,7.26663,0.22340,0.25160,7.21465,0.20965,0.17961,7.13842,6.87181,7.24239,7.26126,1.32143,5.16083,7.26552,6.94162,6.98969,5.11973,7.15712,1.47272,7.16159,0.23847,0.09998,0.19417,0.13773,0.23429,0.26049,0.25031
1766,7.24450,0.24534,0.19318,7.26582,0.21937,0.25106,6.64301,0.21870,0.18958,7.23583,6.10417,7.24249,7.24621,0.49501,1.98009,7.25643,4.24143,4.67898,2.22056,5.55860,0.47002,5.81144,0.21767,0.09990,0.17653,0.12924,0.23832,0.25773,0.24956
1767,7.14600,0.24490,0.19723,7.23649,0.21278,0.25135,4.90214,0.22429,0.19320,7.19834,4.05931,7.22051,7.18661,0.25196,0.68595,7.24968,1.78307,2.14373,0.88780,2.96441,0.24306,3.23976,0.20520,0.09991,0.16652,0.12918,0.23218,0.25631,0.25027
1768,7.07641,0.24521,0.20482,7.23941,0.20658,0.24448,7.20197,0.21481,0.18454,7.12948,6.56658,7.22593,7.22013,0.54818,1.75240,7.30363,4.18939,4.17186,1.77741,6.04494,0.48592,6.07129,0.21343,0.09998,0.18446,0.12926,0.22673,0.25228,0.25282
1769,7.18455,0.24550,0.20533,7.23342,0.20522,0.24145,6.78377,0.21377,0.18825,7.12929,6.13872,7.22133,7.22549,0.47952,1.49202,7.26485,3.45616,3.66703,1.57578,5.25333,0.45660,5.42889,0.21897,0.10000,0.18063,0.12321,0.22917,0.24835,0.25361
1770,7.05908,0.24638,0.21112,7.22687,0.19937,0.23894,2.92642,0.21706,0.19487,7.18809,2.58832,7.21156,6.99111,0.21606,0.52645,7.25203,1.09344,1.29517,0.60388,1.67993,0.25148,1.88269,0.20882,0.09997,0.17101,0.12076,0.22542,0.24754,0.25359
1771,6.45703,0.24799,0.21942,7.21965,0.20398,0.23227,3.26980,0.21631,0.19761,7.09300,1.74725,7.17731,6.94002,0.15919,0.33721,7.29291,0.58266,0.67231,0.30889,0.87654,0.21472,0.97638,0.20303,0.09994,0.17332,0.12455,0.21334,0.24592,0.25281
1772,6.56688,0.24946,0.22067,7.21955,0.20817,0.22752,7.18918,0.21104,0.19094,6.99155,6.24292,7.14961,7.14878,0.18222,0.48497,7.33988,1.14169,1.20678,0.45419,3.85204,0.24766,4.03139,0.19731,0.09998,0.16628,0.12146,0.21017,0.24242,0.25168
1773,6.81600,0.25017,0.21820,7.21441,0.20722,0.22631,6.52672,0.20886,0.18923,6.85967,5.44426,7.15013,7.18351,0.17796,0.46793,7.35528,1.14839,1.25011,0.43142,3.53825,0.24136,3.73609,0.19797,0.09999,0.16600,0.11746,0.21204,0.24101,0.25117
1774,6.88468,0.24963,0.21570,7.21143,0.20357,0.22767,1.27403,0.21197,0.19151,6.86248,1.18484,7.13495,6.81567,0.15229,0.25829,7.35889,0.39951,0.40455,0.22943,0.56458,0.19903,0.60629,0.19846,0.09999,0.16609,0.11507,0.21292,0.24148,0.25131
1775,6.34960,0.24897,0.21565,7.21624,0.20597,0.22745,0.42090,0.21351,0.18609,6.89316,0.66898,7.10309,6.52366,0.14570,0.19925,7.39579,0.23692,0.22529,0.16938,0.28695,0.18939,0.28890,0.20054,0.10000,0.17190,0.11657,0.21164,0.24115,0.25058
1776,6.07872,0.24788,0.21090,7.21287,0.20885,0.22797,0.28098,0.21408,0.17956,6.81278,0.53569,7.09488,6.30596,0.14719,0.18595,7.41889,0.19617,0.17951,0.15638,0.21486,0.18907,0.21039,0.20238,0.10000,0.17137,0.11407,0.21303,0.24081,0.24981
1777,6.14151,0.24669,0.20461,7.18985,0.20933,0.22887,0.21883,0.21493,0.17550,6.60983,0.47040,7.07462,6.19342,0.14907,0.18237,7.42161,0.18180,0.16174,0.15312,0.18730,0.19175,0.17807,0.20396,0.09999,0.16673,0.11077,0.21553,0.24094,0.24933
1778,5.94112,0.24699,0.20330,7.12224,0.20498,0.22867,0.19288,0.21466,0.17670,6.52412,0.43386,7.04878,6.11014,0.14448,0.18150,7.41166,0.17694,0.15546,0.15221,0.17665,0.18995,0.16528,0.20294,0.10000,0.15794,0.10771,0.21772,0.24032,0.24892
1779,6.36406,0.24618,0.20180,6.88372,0.20268,0.22867,1.58551,0.21459,0.17680,6.40551,0.42753,6.99842,6.12046,0.14228,0.18038,7.31522,0.17543,0.15613,0.15390,0.17340,0.18366,0.16636,0.20225,0.09999,0.15323,0.10685,0.21827,0.23975,0.24894
1780,6.54313,0.24211,0.19781,6.84732,0.20290,0.23118,0.28686,0.21964,0.17755,6.57449,0.37622,6.96394,6.05131,0.14757,0.17990,7.38947,0.17566,0.15794,0.15511,0.17222,0.19031,0.16290,0.20489,0.09994,0.14682,0.11112,0.21520,0.23953,0.24931
1781,5.67724,0.24190,0.20654,7.29818,0.19320,0.22864,0.40858,0.22295,0.17707,6.74812,0.34112,6.95561,6.18111,0.14683,0.18519,7.43937,0.17450,0.15493,0.15439,0.17074,0.19689,0.16084,0.20737,0.09996,0.14581,0.12393,0.21110,0.23785,0.24847
1782,6.14692,0.24209,0.20914,7.38266,0.18976,0.22520,0.17736,0.22351,0.17655,6.81476,0.31916,6.95905,6.27735,0.14390,0.18923,7.41693,0.17887,0.15582,0.15518,0.17153,0.19896,0.15977,0.20927,0.09990,0.14949,0.13055,0.20642,0.23606,0.24749
1783,6.54184,0.24238,0.21232,7.38378,0.18974,0.22116,0.17751,0.22272,0.17859,6.78152,0.30625,6.97839,6.57234,0.14262,0.19093,7.40066,0.18319,0.15598,0.15358,0.17672,0.20017,0.16195,0.21399,0.09994,0.15652,0.13605,0.19995,0.23411,0.24631
1784,6.48461,0.24271,0.21610,7.37417,0.19425,0.21553,0.20442,0.21991,0.17752,6.37162,0.29336,6.89719,6.88655,0.14402,0.19396,7.38782,0.18453,0.15487,0.15305,0.17787,0.20386,0.16125,0.21485,0.09995,0.15954,0.13483,0.19254,0.23104,0.24473
1785,6.45011,0.24217,0.21582,7.35799,0.19485,0.21274,4.39339,0.21712,0.17358,6.19289,1.05476,6.92314,7.23270,0.14477,0.19195,7.37325,0.18026,0.15864,0.15604,0.18916,0.20026,0.18690,0.21184,0.09998,0.15502,0.12501,0.18951,0.22875,0.24359
1786,6.40068,0.24183,0.21949,7.34640,0.19937,0.20818,0.19950,0.21374,0.17306,5.91085,0.28210,6.92165,6.96521,0.13797,0.19166,7.37057,0.18443,0.15565,0.15273,0.17791,0.19763,0.16308,0.21081,0.10000,0.15469,0.12327,0.19011,0.22630,0.24279
1787,5.94074,0.24109,0.22284,7.34912,0.20737,0.20471,0.18072,0.20885,0.17332,5.58874,0.26653,6.88554,6.94489,0.13158,0.18915,7.37728,0.18269,0.15057,0.14596,0.17794,0.19026,0.16009,0.20765,0.10000,0.15497,0.12219,0.19456,0.22257,0.24219
1788,5.97111,0.23991,0.22337,7.35647,0.21180,0.20308,1.46236,0.20528,0.17278,5.49164,0.28678,6.87651,7.10719,0.12813,0.18714,7.38230,0.17770,0.14625,0.14232,0.17272,0.18079,0.15813,0.19919,0.10000,0.15087,0.11915,0.19896,0.21864,0.24157
1789,6.54629,0.23851,0.22006,7.35308,0.21081,0.20189,7.20414,0.20163,0.16621,5.46997,4.93482,6.90239,7.32356,0.13287,0.18215,7.38034,0.52390,0.50760,0.15101,2.88033,0.17901,2.96036,0.18427,0.10000,0.13880,0.11301,0.19776,0.21645,0.24031
1790,7.12360,0.23753,0.21674,7.33763,0.20637,0.20198,7.35246,0.19728,0.15825,5.99530,6.77468,7.04255,7.33822,0.13784,0.42221,7.36013,4.14961,3.90834,0.35467,7.19044,0.17609,7.13441,0.17240,0.10000,0.13106,0.10889,0.19355,0.21627,0.23846
1791,7.12767,0.23655,0.21432,7.33340,0.19875,0.20373,7.23008,0.19969,0.15399,6.08756,6.40652,7.03603,7.33045,0.13967,0.23337,7.36839,1.75026,1.74316,0.26696,5.19124,0.16998,4.85579,0.17930,0.09998,0.13019,0.11264,0.18728,0.21710,0.23657
1792,7.04630,0.23345,0.20643,7.35444,0.19010,0.20617,7.32234,0.19549,0.14341,6.03595,6.81464,7.06165,7.33035,0.27132,1.57690,7.40009,4.73438,4.43386,1.49040,6.65474,0.23973,6.59630,0.17527,0.09999,0.13630,0.11429,0.17770,0.21424,0.23411
1793,7.31259,0.23067,0.20066,7.34069,0.18293,0.20267,7.33702,0.18298,0.14348,7.11487,7.01777,7.24921,7.33394,2.07332,6.36053,7.36334,7.31303,7.30337,6.09039,7.32776,2.50066,7.32314,0.33868,0.10001,0.26662,0.13189,0.18276,0.21182,0.23316
1794,7.29908,0.22661,0.19037,7.31982,0.18150,0.20232,7.32202,0.23151,0.15709,7.28984,7.04633,7.22043,7.29855,2.54098,6.00537,7.33344,7.10705,7.13592,5.99302,7.28258,3.05574,7.28703,0.70265,0.10000,0.39024,0.20004,0.18692,0.21169,0.23346
1795,7.23630,0.22396,0.18739,7.31174,0.18050,0.20699,6.57204,0.21597,0.16655,7.21854,6.11752,7.14084,7.24498,0.70466,2.40782,7.33672,4.36932,4.80304,2.69241,5.54671,0.89034,5.76377,0.35898,0.09996,0.22839,0.13540,0.19052,0.21125,0.23294
1796,7.09647,0.21946,0.18390,7.32394,0.18111,0.21002,4.30492,0.21544,0.17351,7.15351,3.91559,7.16735,7.11225,0.35996,1.00123,7.35447,1.99712,2.60682,1.20585,2.93797,0.48155,3.37497,0.25635,0.09999,0.18902,0.11912,0.19190,0.20915,0.23222
1797,6.71056,0.21626,0.18001,7.32933,0.18215,0.21110,4.73874,0.21720,0.17270,7.03822,3.77283,7.15998,7.08575,0.29908,0.71354,7.34560,1.36118,1.71013,0.81434,2.34122,0.37051,2.60612,0.24030,0.10000,0.17547,0.11356,0.19373,0.20833,0.23185
1798,6.89537,0.21439,0.17736,7.26707,0.18344,0.21295,7.17642,0.22244,0.16980,6.86844,6.65816,7.07275,7.18822,0.43291,1.09916,7.32608,2.72506,2.93170,1.24646,5.66005,0.47112,5.77175,0.26294,0.09999,0.18487,0.11476,0.19547,0.20716,0.23110
1799,7.00323,0.21424,0.17566,7.09160,0.18239,0.21317,3.71917,0.22519,0.17138,7.00791,3.04419,6.99897,6.91230,0.26378,0.59813,7.22986,1.13164,1.38640,0.67283,1.83696,0.31818,2.09338,0.24055,0.10000,0.17316,0.11265,0.19783,0.20647,0.23092
1800,6.39691,0.21010,0.17557,7.07111,0.18551,0.21148,1.30837,0.22153,0.17405,7.00733,1.26592,6.96331,6.53647,0.20137,0.31737,7.21609,0.49204,0.58521,0.35264,0.70609,0.24328,0.79508,0.22703,0.09998,0.16318,0.11542,0.20008,0.20447,0.22967
1801,6.12531,0.20374,0.17498,7.08646,0.19177,0.21189,4.85407,0.21904,0.17040,6.69187,1.85723,6.98382,6.90237,0.22571,0.31652,7.30498,0.50566,0.57755,0.37130,0.76968,0.23583,0.81239,0.21938,0.10000,0.16089,0.11665,0.20024,0.20304,0.22765
1802,6.42025,0.20202,0.17279,7.00373,0.19191,0.21041,0.91056,0.21814,0.17618,6.45811,0.86642,6.92463,6.54963,0.18343,0.25447,7.22542,0.33923,0.40733,0.27814,0.44716,0.21757,0.50099,0.21626,0.09999,0.16002,0.11413,0.20172,0.20281,0.22777
1803,5.91788,0.19814,0.17399,7.09379,0.19311,0.20947,2.48517,0.21457,0.17370,6.56902,1.26692,6.88636,6.41054,0.17541,0.21895,7.32000,0.25463,0.27553,0.21798,0.35855,0.21059,0.37978,0.21180,0.09996,0.15737,0.12325,0.20126,0.20235,0.22505
1804,6.07672,0.19375,0.17580,7.27486,0.19621,0.20821,4.63700,0.21177,0.16681,6.63553,2.02367,6.94125,6.74494,0.18920,0.22047,7.36534,0.26623,0.27653,0.22800,0.44323,0.20640,0.44730,0.20583,0.09998,0.15950,0.12960,0.19616,0.20150,0.22058
1805,6.18345,0.19128,0.17593,7.32297,0.19428,0.20658,2.07474,0.21009,0.16821,6.49029,0.91178,6.96710,6.89663,0.18574,0.21350,7.35560,0.24361,0.25658,0.22137,0.31460,0.20324,0.31865,0.20188,0.09994,0.15582,0.12435,0.19460,0.20073,0.21768
1806,6.42414,0.19361,0.17405,7.32834,0.18996,0.20590,0.69892,0.20864,0.17059,6.47562,0.48134,6.94324,6.64099,0.16316,0.20380,7.34784,0.21993,0.23203,0.20512,0.23852,0.19476,0.24787,0.19744,0.09996,0.14960,0.11867,0.19404,0.20015,0.21547
1807,6.48639,0.19454,0.17111,7.31635,0.18747,0.20594,5.06093,0.20441,0.16564,6.56654,2.11853,6.90991,6.66426,0.16209,0.20357,7.33925,0.22294,0.23437,0.20656,0.32140,0.18735,0.36385,0.18761,0.10000,0.15049,0.11611,0.19300,0.20023,0.21493
1808,6.44240,0.19318,0.16737,7.19371,0.18712,0.20500,0.41999,0.20492,0.16615,6.52454,0.43180,6.87172,6.14617,0.15295,0.18637,7.33093,0.20234,0.21007,0.18240,0.21538,0.17983,0.22271,0.19293,0.09998,0.15215,0.11275,0.19419,0.19901,0.21477
1809,6.10370,0.19326,0.16625,7.16348,0.18416,0.20414,2.46438,0.20358,0.16391,6.53852,0.64489,6.85778,6.03531,0.15110,0.17894,7.33639,0.19094,0.19430,0.17261,0.20880,0.17894,0.21426,0.19106,0.09998,0.14011,0.11015,0.19294,0.19835,0.21230
1810,5.82546,0.19422,0.16459,7.10944,0.17969,0.20368,1.08594,0.20144,0.16553,6.25858,0.44730,6.88643,6.23720,0.13801,0.17266,7.32677,0.18284,0.18487,0.16460,0.19482,0.16823,0.19848,0.18487,0.10000,0.14135,0.10867,0.19351,0.19749,0.21150
1811,5.78106,0.19298,0.16085,6.87651,0.17934,0.20281,0.18615,0.20273,0.16541,6.13330,0.30187,6.85380,5.81467,0.13319,0.16335,7.29271,0.16673,0.16213,0.14715,0.17170,0.17135,0.17113,0.19102,0.10000,0.14334,0.10689,0.19455,0.19631,0.21160
1812,5.71989,0.19026,0.15715,6.76679,0.18229,0.20182,0.16991,0.20320,0.16576,6.19698,0.27687,6.84703,5.59378,0.13289,0.16439,7.28815,0.15952,0.14908,0.14079,0.16076,0.17796,0.15674,0.19438,0.10000,0.14063,0.10576,0.19455,0.19504,0.21109
1813,4.96936,0.19030,0.15703,6.84749,0.17911,0.20129,0.16164,0.20285,0.16695,6.08911,0.25957,6.84042,5.64837,0.12913,0.16887,7.30183,0.16020,0.14252,0.13987,0.15671,0.17979,0.14861,0.19504,0.10000,0.13674,0.10586,0.19443,0.19419,0.20979
1814,4.62907,0.19022,0.15667,6.96442,0.17711,0.20090,0.15996,0.20214,0.16588,5.68712,0.25065,6.83566,5.89930,0.12646,0.17074,7.31527,0.16346,0.14292,0.14031,0.15778,0.17772,0.14672,0.19392,0.09999,0.13344,0.10578,0.19389,0.19349,0.20863
1815,4.85712,0.18699,0.15388,7.07066,0.18267,0.20006,0.16100,0.20128,0.16516,5.43336,0.24558,6.81724,6.15207,0.12580,0.16893,7.32052,0.16540,0.14404,0.13953,0.16115,0.17671,0.14929,0.19185,0.10000,0.13192,0.10629,0.19361,0.19215,0.20763
1816,4.89704,0.18591,0.15192,7.08419,0.18101,0.19937,0.16234,0.20066,0.16778,5.33504,0.23824,6.78291,6.29844,0.12569,0.16799,7.30788,0.16239,0.13997,0.13470,0.16014,0.17910,0.14728,0.19483,0.10000,0.13703,0.10692,0.19358,0.19153,0.20730
1817,4.96237,0.18523,0.15272,7.13719,0.17525,0.19899,0.15896,0.19894,0.16809,5.31896,0.22723,6.78306,6.43749,0.12940,0.17235,7.31653,0.16327,0.13702,0.13480,0.15781,0.18385,0.14352,0.19349,0.10000,0.13682,0.11046,0.19261,0.19223,0.20642
1818,5.28826,0.18309,0.15201,7.20732,0.17434,0.19827,0.16074,0.19688,0.16337,5.35853,0.22157,6.82747,6.73664,0.13297,0.17704,7.32657,0.16645,0.14044,0.14020,0.15770,0.18403,0.14272,0.18963,0.09998,0.13560,0.11281,0.19026,0.19270,0.20523
1819,5.67718,0.18012,0.15133,7.26773,0.17434,0.19697,0.16124,0.19530,0.16004,5.53260,0.21789,6.87417,6.66959,0.13808,0.17859,7.28387,0.17267,0.14639,0.14366,0.16438,0.18395,0.14956,0.18731,0.09998,0.13650,0.11762,0.18671,0.19246,0.20369
1820,5.64334,0.17802,0.15142,7.24951,0.17303,0.19509,4.17000,0.19243,0.15383,5.94309,1.12873,6.81881,6.99361,0.14435,0.17895,7.11166,0.17100,0.15192,0.15005,0.18717,0.18220,0.18282,0.18448,0.09998,0.13855,0.11835,0.17950,0.19253,0.20149
1821,6.02518,0.17474,0.14928,7.13354,0.17529,0.19359,6.91324,0.19127,0.14907,5.88327,3.72962,6.67975,7.16984,0.14841,0.17800,6.98208,0.17154,0.15787,0.15734,0.70957,0.18037,0.67760,0.18271,0.09997,0.13972,0.11783,0.17277,0.19142,0.19947
1822,6.37604,0.17203,0.15128,7.05106,0.17273,0.19181,7.19898,0.18604,0.14498,5.36934,6.41633,6.62512,7.11398,0.18307,0.96370,6.99828,3.26950,3.02458,0.81455,5.44498,0.19759,5.29842,0.17936,0.09998,0.14606,0.12135,0.16817,0.18865,0.19609
1823,6.92363,0.17041,0.15274,7.08679,0.16902,0.18972,7.09104,0.17713,0.14499,6.52789,6.73238,6.93380,7.04178,1.14819,5.73486,7.08830,7.11757,7.10595,5.37680,7.11328,1.52356,7.10642,0.22834,0.10000,0.17325,0.11954,0.17474,0.18603,0.19370
1824,6.99590,0.16914,0.15049,6.96179,0.16901,0.18778,6.90615,0.18203,0.14988,6.95057,6.46744,6.92991,6.98246,0.52251,2.92724,7.02304,5.35327,5.43204,2.79218,6.34616,0.70840,6.40791,0.22251,0.10000,0.15565,0.11354,0.18015,0.18387,0.19293
1825,6.88875,0.16690,0.14846,6.90506,0.17057,0.18813,4.11499,0.18353,0.15138,6.97561,3.58799,6.92156,6.79668,0.19369,0.61369,6.94954,1.60680,1.89102,0.70887,2.64451,0.23739,2.87075,0.18464,0.10000,0.14192,0.10802,0.18055,0.18222,0.19147
1826,6.32100,0.16473,0.14664,6.90808,0.17284,0.18699,1.28065,0.18640,0.15103,6.94557,1.28584,6.89469,6.49506,0.15245,0.23580,7.00582,0.40734,0.54303,0.25512,0.67965,0.18398,0.82268,0.17920,0.09999,0.13429,0.10709,0.17877,0.18073,0.18927
1827,6.23865,0.16296,0.14560,6.92974,0.17402,0.18504,0.53601,0.18483,0.14626,6.80643,0.67208,6.72074,6.42173,0.14921,0.18450,6.59259,0.22270,0.25210,0.18096,0.29209,0.17689,0.33282,0.17947,0.09997,0.13184,0.10927,0.17513,0.17984,0.18644
1828,6.56458,0.16371,0.14487,6.47117,0.17212,0.18345,5.89454,0.18104,0.13800,6.59864,3.91870,6.58013,6.73671,0.15822,0.19701,6.07086,0.48092,0.49923,0.19925,2.22610,0.17548,2.29062,0.17502,0.09998,0.13321,0.10889,0.16839,0.18020,0.18356
1829,6.54096,0.16432,0.14311,6.24295,0.16909,0.18283,6.48803,0.17896,0.13902,6.52794,5.67411,6.50236,6.58736,0.15626,0.22778,6.05604,1.32926,1.40894,0.23017,4.53272,0.17170,4.62554,0.16873,0.09997,0.12916,0.10671,0.16828,0.17961,0.18186
1830,6.49590,0.16545,0.14260,6.14181,0.16460,0.18159,3.63321,0.17762,0.13899,6.49176,2.12974,6.42131,6.27995,0.14022,0.18606,5.98578,0.28960,0.32205,0.18645,0.74457,0.16232,0.83935,0.16609,0.09996,0.12375,0.10644,0.16750,0.17889,0.18062
1831,6.46466,0.16694,0.14239,6.33681,0.16052,0.18078,6.12067,0.17122,0.13541,6.47317,5.56865,6.57651,6.28655,0.14922,0.25093,6.21290,1.08467,1.21726,0.25636,4.00657,0.16442,4.18074,0.15507,0.10001,0.12437,0.10513,0.16604,0.17860,0.18022
1832,6.24335,0.16591,0.14074,6.74774,0.15945,0.18040,1.82456,0.17218,0.13913,6.45708,1.42014,6.81376,6.41152,0.12908,0.17452,6.58433,0.27088,0.31594,0.17267,0.55948,0.14951,0.67173,0.15726,0.10001,0.12912,0.10496,0.16912,0.17741,0.18054
1833,5.42061,0.16437,0.13896,6.86536,0.15943,0.18026,0.22212,0.17495,0.14327,6.34286,0.44689,6.76435,6.30102,0.12493,0.14624,6.63936,0.15444,0.15422,0.13389,0.16887,0.15070,0.17290,0.16373,0.10001,0.13235,0.10425,0.17102,0.17630,0.18075
1834,5.36237,0.16268,0.13758,6.58332,0.16026,0.18009,0.15929,0.17671,0.14569,6.35799,0.35490,6.56557,6.26965,0.12688,0.14667,6.27847,0.14194,0.13170,0.12849,0.14223,0.15611,0.13853,0.16824,0.10001,0.13421,0.10363,0.17203,0.17541,0.18090
1835,5.68551,0.16112,0.13662,6.50521,0.16099,0.17975,0.14744,0.17779,0.14724,6.48014,0.32781,6.56401,6.16051,0.12821,0.15052,6.30861,0.14387,0.12921,0.13011,0.14040,0.15996,0.13259,0.17106,0.10001,0.13526,0.10319,0.17266,0.17464,0.18098
1836,5.60583,0.15972,0.13594,6.44098,0.16173,0.17936,0.14733,0.17857,0.14872,6.44189,0.31397,6.52953,6.13802,0.12924,0.15381,6.15976,0.14716,0.13080,0.13189,0.14309,0.16301,0.13375,0.17310,0.10001,0.13627,0.10301,0.17294,0.17396,0.18105
1837,5.40886,0.15824,0.13533,6.26849,0.16242,0.17888,0.15021,0.17925,0.15151,6.30050,0.30002,6.43272,6.03527,0.13067,0.15695,6.13268,0.15051,0.13287,0.13348,0.14651,0.16593,0.13629,0.17503,0.10004,0.13872,0.10322,0.17321,0.17330,0.18114
1838,5.36794,0.15666,0.13492,6.29029,0.16308,0.17832,1.99121,0.17940,0.15281,6.18909,0.83509,6.36616,6.03567,0.13295,0.15824,6.20203,0.15156,0.13516,0.13493,0.18937,0.16734,0.19081,0.17604,0.09997,0.14033,0.10361,0.17319,0.17270,0.18099
1839,5.98464,0.15651,0.13426,6.32680,0.16292,0.17820,6.13225,0.17821,0.14818,6.34300,4.80945,6.43351,6.27589,0.13297,0.15338,6.20798,0.18202,0.18393,0.13642,1.64706,0.16176,1.83436,0.17347,0.09994,0.13542,0.10326,0.17249,0.17270,0.18053
1840,6.27666,0.15752,0.13320,6.48904,0.16140,0.17804,6.31496,0.17643,0.14407,6.33373,5.86617,6.57126,6.41240,0.13381,0.30263,6.27857,2.60017,2.42740,0.24577,5.68767,0.15617,5.68325,0.16798,0.09998,0.13038,0.10288,0.17125,0.17293,0.18028
1841,6.40805,0.15908,0.13266,6.52905,0.15841,0.17761,6.39980,0.17396,0.14182,6.32351,5.99497,6.60704,6.57490,0.14470,1.32557,6.23665,5.29448,4.98845,0.93625,6.28337,0.16241,6.27114,0.16107,0.09998,0.12578,0.10263,0.17018,0.17330,0.18019
1842,6.49532,0.16018,0.13230,6.35750,0.15509,0.17713,6.33276,0.17257,0.14282,6.41802,5.97591,6.54775,6.53451,0.14061,1.08587,6.21807,4.38823,4.06871,0.81098,6.00402,0.15945,5.97354,0.15792,0.09999,0.12264,0.10263,0.16958,0.17350,0.18016
1843,6.46410,0.16021,0.13132,6.44279,0.15313,0.17691,5.49516,0.17300,0.14455,6.36009,4.66462,6.58092,6.42707,0.12517,0.36748,6.36306,1.67501,1.64268,0.34382,3.48994,0.14716,3.52609,0.15918,0.10000,0.12262,0.10265,0.16954,0.17343,0.18017
1844,6.26296,0.15926,0.13000,6.50751,0.15250,0.17682,2.06741,0.17407,0.14639,6.27073,1.63391,6.57240,6.35273,0.11795,0.16711,6.36187,0.36679,0.41105,0.16728,0.80068,0.14636,0.87404,0.16281,0.09999,0.12541,0.10270,0.16977,0.17314,0.18012
1845,6.03067,0.15792,0.12873,6.43939,0.15273,0.17674,0.59475,0.17464,0.14661,6.22280,0.68535,6.49972,6.21962,0.11780,0.14456,6.34636,0.17706,0.19179,0.13299,0.26188,0.15030,0.28992,0.16510,0.09998,0.12582,0.10255,0.16997,0.17280,0.17996
1846,6.08877,0.15683,0.12749,6.47786,0.15305,0.17662,0.31368,0.17460,0.14522,6.27714,0.49516,6.53266,6.23792,0.11796,0.14288,6.37170,0.14909,0.15049,0.12610,0.17687,0.15266,0.18774,0.16524,0.09999,0.12382,0.10225,0.17006,0.17245,0.17975
1847,6.17494,0.15652,0.12641,6.50699,0.15240,0.17653,0.23602,0.17427,0.14404,6.35431,0.42952,6.57757,6.30851,0.11634,0.14379,6.36375,0.14278,0.13837,0.12468,0.15573,0.15210,0.15978,0.16410,0.10000,0.12124,0.10209,0.16993,0.17220,0.17965
1848,6.11317,0.15634,0.12543,6.47172,0.15088,0.17637,0.17429,0.17451,0.14465,6.38963,0.37165,6.55080,6.19521,0.11433,0.14460,6.32987,0.14024,0.12888,0.12316,0.14165,0.15094,0.13870,0.16401,0.09999,0.12087,0.10203,0.16962,0.17190,0.17960
1849,6.03818,0.15559,0.12445,6.43777,0.14992,0.17618,0.15018,0.17503,0.14538,6.38236,0.33709,6.51001,6.10405,0.11394,0.14420,6.34228,0.14041,0.12469,0.12129,0.13812,0.15134,0.13015,0.16542,0.09999,0.12231,0.10194,0.16949,0.17151,0.17949
1850,6.13929,0.15492,0.12353,6.49945,0.14975,0.17609,0.86128,0.17464,0.14293,6.34835,0.32476,6.55103,6.30987,0.11414,0.14401,6.39589,0.13998,0.12421,0.12096,0.13729,0.15124,0.12991,0.16479,0.10000,0.12033,0.10170,0.16954,0.17127,0.17931
1851,6.18640,0.15507,0.12289,6.58441,0.14779,0.17594,0.20471,0.17427,0.14276,6.34809,0.30669,6.64290,6.29674,0.11244,0.14327,6.45985,0.13941,0.12336,0.12051,0.13700,0.14819,0.12874,0.16337,0.10000,0.11884,0.10166,0.16915,0.17112,0.17928
1852,5.74545,0.15438,0.12210,6.65029,0.14611,0.17566,0.14296,0.17498,0.14475,6.36146,0.28380,6.65005,6.30942,0.11537,0.13881,6.44755,0.13848,0.12173,0.11851,0.13659,0.14939,0.12676,0.16528,0.10000,0.12179,0.10171,0.16876,0.17076,0.17922
1853,5.89179,0.15344,0.12122,6.52193,0.14596,0.17552,0.14271,0.17492,0.14247,6.35531,0.27240,6.55966,6.28982,0.12203,0.13950,6.39213,0.13387,0.11946,0.12248,0.13505,0.14912,0.12570,0.16432,0.10000,0.11901,0.10145,0.16888,0.17043,0.17902
1854,6.02520,0.15266,0.12043,6.54797,0.14512,0.17530,0.13887,0.17526,0.14362,6.36694,0.25912,6.58046,6.20543,0.11733,0.14247,6.45906,0.13462,0.12087,0.12754,0.13064,0.14829,0.12271,0.16538,0.10000,0.12037,0.10143,0.16883,0.17008,0.17892
1855,5.77901,0.15159,0.11967,6.59922,0.14456,0.17506,0.13670,0.17573,0.14624,6.36400,0.25006,6.61716,6.29653,0.11703,0.13508,6.45219,0.13876,0.12650,0.12340,0.13502,0.14185,0.12671,0.16774,0.10000,0.12864,0.10201,0.16874,0.16970,0.17880
1856,5.68095,0.15025,0.11890,6.53437,0.14466,0.17477,0.14093,0.17605,0.14820,6.33513,0.24435,6.54300,6.23220,0.12487,0.12970,6.41763,0.13170,0.12251,0.11888,0.13389,0.14213,0.12806,0.16819,0.09999,0.13404,0.10257,0.16868,0.16927,0.17860
1857,5.83641,0.14928,0.11821,6.55982,0.14531,0.17463,1.55058,0.17597,0.14972,6.30830,0.24842,6.57847,6.43821,0.12333,0.13054,6.42957,0.12655,0.11945,0.12142,0.12959,0.13700,0.12622,0.16211,0.10000,0.13722,0.10408,0.16883,0.16891,0.17841
1858,6.32097,0.14971,0.11793,6.65402,0.14413,0.17468,2.18323,0.17512,0.15003,6.28023,0.26798,6.71392,6.61597,0.12205,0.12811,6.46805,0.12536,0.11989,0.12294,0.12862,0.12858,0.12681,0.15240,0.10001,0.13723,0.10566,0.16836,0.16883,0.17847
1859,6.23167,0.14991,0.11760,6.69782,0.14195,0.17444,0.13989,0.17523,0.15102,6.31791,0.21635,6.77787,6.49294,0.12243,0.12720,6.48309,0.12555,0.12074,0.12417,0.12423,0.13151,0.12129,0.15235,0.10000,0.13875,0.10593,0.16747,0.16858,0.17852
1860,5.84374,0.14933,0.11704,6.71499,0.14083,0.17409,0.13193,0.17564,0.15125,6.27217,0.20855,6.78242,6.47724,0.12418,0.12851,6.50581,0.12686,0.12388,0.12266,0.12591,0.13582,0.12325,0.15779,0.10000,0.13959,0.10554,0.16705,0.16820,0.17839
1861,5.75354,0.14843,0.11642,6.75319,0.14032,0.17376,0.13408,0.17589,0.15108,6.12020,0.20455,6.78679,6.51215,0.12516,0.13236,6.55521,0.12683,0.12333,0.12305,0.12609,0.13876,0.12461,0.16338,0.10000,0.13940,0.10480,0.16700,0.16783,0.17821
1862,5.89204,0.14772,0.11593,6.78861,0.14003,0.17362,0.13532,0.17594,0.15034,6.02259,0.20079,6.80667,6.63376,0.12364,0.13494,6.59247,0.12893,0.12294,0.12435,0.12645,0.14039,0.12431,0.16579,0.10001,0.13815,0.10414,0.16699,0.16758,0.17811
1863,6.22333,0.14777,0.11571,6.88633,0.13926,0.17363,0.31655,0.17562,0.14949,6.13107,0.19888,6.86865,6.80211,0.12093,0.13573,6.72229,0.12986,0.12324,0.12517,0.12689,0.13913,0.12457,0.16372,0.10001,0.13401,0.10384,0.16680,0.16745,0.17819
1864,6.31341,0.14800,0.11566,7.01194,0.13728,0.17330,0.13457,0.17559,0.15301,6.34953,0.19393,6.94631,6.59779,0.12020,0.13637,6.92439,0.13292,0.12444,0.12620,0.12971,0.13041,0.12562,0.15926,0.10002,0.13688,0.10747,0.16578,0.16726,0.17840
1865,5.81712,0.14742,0.11545,7.08570,0.13618,0.17273,0.13771,0.17564,0.15669,6.37518,0.19167,6.99621,6.63620,0.12234,0.13166,7.05178,0.13455,0.12613,0.12538,0.13311,0.13039,0.12801,0.15573,0.10004,0.14425,0.11338,0.16502,0.16698,0.17852
1866,6.03882,0.14648,0.11511,7.12321,0.13617,0.17226,0.14134,0.17556,0.15752,6.18338,0.18873,7.01000,6.79850,0.12568,0.12982,7.10474,0.13147,0.12574,0.12462,0.13259,0.13567,0.12839,0.15502,0.10003,0.14798,0.11584,0.16494,0.16668,0.17854
1867,6.24534,0.14562,0.11472,7.13945,0.13618,0.17182,0.13770,0.17565,0.15756,6.35104,0.18405,7.03327,6.73231,0.12884,0.13235,7.12858,0.12925,0.12492,0.12563,0.12948,0.14085,0.12686,0.15690,0.10003,0.14972,0.11617,0.16488,0.16638,0.17860
1868,6.09855,0.14467,0.11425,7.14802,0.13612,0.17119,0.13464,0.17579,0.15810,6.41097,0.17934,7.05602,6.63441,0.13107,0.13718,7.14744,0.13147,0.12571,0.12846,0.12923,0.14421,0.12643,0.16055,0.10002,0.15144,0.11715,0.16469,0.16602,0.17866
1869,6.00068,0.14371,0.11380,7.16346,0.13620,0.17060,0.13766,0.17582,0.15819,6.31280,0.17735,7.07646,6.76632,0.13301,0.14094,7.16248,0.13560,0.12814,0.13144,0.13228,0.14589,0.12839,0.16339,0.10002,0.15280,0.11694,0.16452,0.16562,0.17866
1870,6.22020,0.14287,0.11335,7.17475,0.13622,0.17010,0.13972,0.17579,0.15661,6.27737,0.17737,7.08875,6.78402,0.13620,0.14282,7.17344,0.13896,0.13077,0.13316,0.13585,0.14870,0.13124,0.16758,0.10001,0.15308,0.11387,0.16443,0.16521,0.17862
1871,6.45672,0.14254,0.11306,7.17231,0.13643,0.17009,1.44054,0.17518,0.15139,6.39781,0.18104,7.10042,7.00699,0.13922,0.14295,7.17257,0.13937,0.13203,0.13360,0.13615,0.14929,0.13325,0.16959,0.10000,0.15175,0.11199,0.16473,0.16483,0.17850
1872,6.83571,0.14323,0.11317,7.15432,0.13478,0.17014,1.91223,0.17431,0.14922,6.58197,0.19523,7.11076,7.09899,0.13947,0.14234,7.15997,0.13886,0.13238,0.13358,0.13592,0.14934,0.13409,0.16843,0.10000,0.14758,0.10962,0.16408,0.16464,0.17857
1873,6.79611,0.14339,0.11313,7.17051,0.13285,0.16979,0.32258,0.17415,0.14898,6.81749,0.17348,7.10530,6.91134,0.14272,0.14368,7.12394,0.14035,0.13328,0.13463,0.13807,0.15542,0.13432,0.16827,0.10000,0.14241,0.10705,0.16277,0.16452,0.17854
1874,6.64155,0.14355,0.11305,7.13843,0.13181,0.16980,1.45981,0.17284,0.14400,6.85074,0.17292,7.06104,7.07013,0.14561,0.14381,7.10348,0.13998,0.13372,0.13525,0.13760,0.15478,0.13518,0.16535,0.09998,0.14143,0.10722,0.16220,0.16448,0.17835
1875,6.80335,0.14417,0.11317,7.10344,0.13035,0.16976,5.48199,0.17017,0.13943,6.81707,1.06623,7.01378,7.10176,0.14529,0.14268,7.10815,0.13864,0.13440,0.13526,0.15399,0.15221,0.16091,0.16161,0.09999,0.14187,0.10725,0.16136,0.16453,0.17825
1876,6.90186,0.14480,0.11331,7.10172,0.12838,0.16929,3.46319,0.16786,0.13500,6.78624,0.52242,7.00152,7.08586,0.14821,0.14311,7.09848,0.13877,0.13437,0.13583,0.14094,0.15200,0.14196,0.15641,0.09996,0.14188,0.11058,0.15964,0.16452,0.17819
1877,6.83189,0.14354,0.11216,7.08593,0.13236,0.16728,4.05532,0.16682,0.13094,6.74331,1.63295,6.97857,7.04532,0.14664,0.14468,7.05630,0.14113,0.13776,0.13812,0.34851,0.15334,0.38666,0.15836,0.09989,0.14598,0.12012,0.15431,0.16206,0.17737
1878,6.79653,0.14442,0.11375,7.03132,0.13372,0.16395,7.08147,0.16445,0.13682,6.72014,6.33424,6.96535,7.05650,0.14508,0.45515,6.98009,2.78461,2.42458,0.34158,5.69825,0.15097,5.70686,0.16211,0.09993,0.15171,0.12470,0.14291,0.15871,0.17497
1879,6.79058,0.14789,0.11807,7.00713,0.12687,0.16127,7.01313,0.16211,0.13692,6.74591,6.36759,6.97372,7.02045,0.15690,0.89451,6.95735,4.16542,3.53858,0.64750,6.24365,0.15526,6.09810,0.16035,0.09995,0.14768,0.11762,0.14132,0.15794,0.17277
1880,6.82936,0.14737,0.11794,6.97258,0.12858,0.15802,6.61123,0.16285,0.13954,6.75606,5.34650,6.95063,7.00005,0.21174,0.25676,6.90320,1.63694,1.46852,0.38079,3.95346,0.16253,3.61460,0.16439,0.09997,0.15338,0.11812,0.14077,0.15217,0.16932
1881,6.82114,0.15007,0.12185,6.94480,0.12478,0.15701,6.71545,0.16150,0.13775,6.79812,5.80031,6.96461,6.96382,0.22334,0.76176,6.90018,2.80962,2.43846,0.62971,4.97751,0.19791,4.88511,0.16341,0.09997,0.14707,0.11031,0.13915,0.15145,0.16655
1882,6.88415,0.15281,0.13067,7.01237,0.12266,0.15619,6.95388,0.15885,0.13499,6.83097,6.57592,7.00561,6.98261,0.30976,1.69000,6.95492,5.23373,4.01140,1.37274,6.77484,0.25155,6.47846,0.16081,0.09999,0.13378,0.10549,0.13511,0.15290,0.16492
1883,6.92955,0.15288,0.13229,7.00542,0.12382,0.15302,5.09745,0.15865,0.13070,6.86779,4.26838,6.98878,6.96517,0.26469,0.46266,6.91285,1.72558,1.87676,0.72865,3.31330,0.16932,3.12358,0.15844,0.09997,0.13706,0.10726,0.13633,0.14945,0.16303
1884,6.78454,0.15117,0.13146,6.91797,0.12410,0.15045,2.00828,0.15708,0.12787,6.86128,1.69239,6.92912,6.73458,0.23105,0.19348,6.84495,0.36971,0.69907,0.46894,0.82964,0.15975,1.07035,0.15843,0.09998,0.14665,0.11235,0.13669,0.14516,0.16116
1885,6.25988,0.15064,0.12700,6.91149,0.12704,0.14610,0.50028,0.15352,0.13033,6.80306,0.68394,6.88563,6.53026,0.17923,0.16848,6.82472,0.20755,0.42590,0.27917,0.28514,0.15953,0.44598,0.15724,0.09999,0.14522,0.11062,0.13504,0.14286,0.16044
1886,5.93067,0.14993,0.12402,6.88325,0.12793,0.14348,0.33685,0.15036,0.13040,6.70883,0.53306,6.81912,6.58932,0.15646,0.16320,6.66067,0.17791,0.28228,0.21935,0.21661,0.15811,0.31494,0.15440,0.09999,0.14291,0.10805,0.13514,0.14127,0.15972
1887,5.78606,0.14890,0.12303,6.70027,0.12708,0.14226,0.57399,0.14787,0.12803,6.68406,0.43686,6.75338,6.47278,0.14879,0.16020,6.48619,0.16914,0.22600,0.18438,0.18670,0.15543,0.23079,0.15146,0.09999,0.13921,0.10539,0.13441,0.13992,0.15858
1888,6.02832,0.14851,0.12476,6.60724,0.12488,0.14209,4.08917,0.14700,0.12452,6.69437,1.08837,6.73858,6.66836,0.14850,0.16007,6.46113,0.17498,0.21116,0.17728,0.21077,0.15363,0.22590,0.14887,0.09999,0.13155,0.10547,0.13340,0.13892,0.15696
1889,6.06703,0.14800,0.12619,6.55591,0.12228,0.14130,0.21199,0.14536,0.11982,6.71161,0.36155,6.72690,6.30033,0.14468,0.15410,6.42708,0.16153,0.18320,0.15955,0.17255,0.14882,0.19015,0.14543,0.10000,0.12853,0.10604,0.13273,0.13782,0.15518
1890,5.83557,0.14799,0.12515,6.55976,0.12180,0.14031,0.27864,0.14349,0.11766,6.66845,0.33587,6.73092,6.41043,0.13278,0.15103,6.39617,0.15651,0.16727,0.15218,0.16363,0.14476,0.17595,0.14413,0.09999,0.12501,0.10363,0.13110,0.13780,0.15479
1891,5.92385,0.14780,0.12465,6.55029,0.12138,0.13934,0.28275,0.14103,0.11712,6.43778,0.31343,6.72927,6.39373,0.11992,0.14718,6.46233,0.15369,0.15851,0.14415,0.15904,0.13651,0.16591,0.13991,0.09997,0.11950,0.10256,0.12985,0.13827,0.15470
1892,5.87036,0.14786,0.12493,6.70565,0.12128,0.13833,0.21466,0.13842,0.11907,6.22326,0.28748,6.77767,6.37246,0.11290,0.13817,6.63861,0.14759,0.14719,0.13050,0.15270,0.12715,0.15511,0.13392,0.09999,0.11535,0.10203,0.12865,0.13918,0.15452
1893,5.22787,0.14837,0.12690,6.77288,0.11921,0.13733,0.14927,0.13896,0.12163,6.12403,0.24703,6.72777,6.15191,0.10990,0.12439,6.71616,0.12940,0.12465,0.11540,0.13421,0.12604,0.13222,0.13548,0.10000,0.11276,0.10125,0.12783,0.13882,0.15409
1894,4.92755,0.14811,0.12769,6.79248,0.11846,0.13641,0.12984,0.13894,0.12265,6.17872,0.20909,6.66211,6.22223,0.10830,0.12323,6.75269,0.12077,0.11343,0.11172,0.12041,0.12846,0.11685,0.13707,0.10000,0.11276,0.10162,0.12637,0.13893,0.15388
1895,5.04991,0.14755,0.12582,6.82023,0.11883,0.13588,0.12477,0.13858,0.12212,6.28034,0.19581,6.68829,6.32381,0.10780,0.12432,6.76109,0.12112,0.11199,0.11106,0.11939,0.12912,0.11436,0.13681,0.10000,0.11284,0.10147,0.12550,0.13946,0.15398
1896,5.22079,0.14716,0.12398,6.83704,0.11821,0.13585,0.12524,0.13845,0.12082,5.98981,0.18957,6.69852,6.41949,0.10765,0.12486,6.73612,0.12177,0.11175,0.11085,0.11990,0.12937,0.11425,0.13597,0.10000,0.11152,0.10108,0.12561,0.13941,0.15374
1897,5.33883,0.14715,0.12297,6.85247,0.11739,0.13597,0.12471,0.13764,0.11910,5.77465,0.18475,6.73546,6.38447,0.10693,0.12440,6.72059,0.12196,0.11156,0.11070,0.12031,0.12712,0.11432,0.13437,0.10000,0.11154,0.10086,0.12565,0.13923,0.15364
1898,5.19745,0.14612,0.12065,6.92106,0.11752,0.13627,0.12413,0.13693,0.11736,5.58074,0.17877,6.75567,6.38379,0.10784,0.12319,6.77026,0.12131,0.11124,0.11008,0.12001,0.12682,0.11402,0.13415,0.10000,0.11272,0.10072,0.12592,0.13963,0.15397
1899,5.08459,0.14496,0.11845,6.96368,0.11730,0.13652,0.12265,0.13707,0.11698,5.49277,0.17295,6.76002,6.35613,0.10891,0.12344,6.80168,0.12042,0.11067,0.11039,0.11892,0.12839,0.11323,0.13417,0.10000,0.11199,0.10056,0.12636,0.13995,0.15423
1900,4.99317,0.14481,0.11785,6.89405,0.11689,0.13687,0.17336,0.13806,0.11705,5.50272,0.16728,6.70425,6.43761,0.11046,0.12568,6.65599,0.12180,0.11247,0.11237,0.11884,0.12994,0.11336,0.13388,0.10000,0.11040,0.10085,0.12700,0.13858,0.15364
1901,5.29656,0.14417,0.11902,6.61059,0.11935,0.13766,4.79947,0.13859,0.11395,5.85984,1.13327,6.61016,6.72413,0.11222,0.12548,6.33007,0.12062,0.11506,0.11515,0.14305,0.12780,0.14575,0.13127,0.10000,0.10993,0.10142,0.12739,0.13437,0.15129
1902,5.73140,0.14410,0.12122,6.42880,0.11839,0.13705,0.24534,0.13953,0.11584,6.40477,0.18118,6.55320,6.24650,0.10998,0.12501,6.22730,0.12311,0.11558,0.11461,0.12090,0.12728,0.11699,0.13184,0.09998,0.10881,0.10155,0.12782,0.13270,0.14980
1903,5.77245,0.14323,0.12422,6.23458,0.11668,0.13651,0.33007,0.13871,0.11506,6.59679,0.16374,6.43148,6.09607,0.10965,0.12501,5.98134,0.12324,0.11572,0.11422,0.12177,0.12779,0.11741,0.13297,0.09996,0.10830,0.10189,0.12673,0.13172,0.14757
1904,6.28787,0.14263,0.12715,6.12458,0.11491,0.13554,6.04433,0.13480,0.11263,6.63075,4.50198,6.45043,6.16923,0.11066,0.12379,5.90542,0.38533,0.38689,0.11647,2.86318,0.12412,2.92265,0.12778,0.09997,0.10720,0.10142,0.12486,0.13199,0.14573
1905,6.41766,0.14266,0.12913,6.11559,0.11447,0.13434,3.09878,0.13314,0.11334,6.60370,1.81640,6.47012,6.11526,0.10724,0.12144,5.86432,0.15311,0.15928,0.11435,0.61202,0.12042,0.66065,0.12527,0.09999,0.10647,0.10124,0.12375,0.13201,0.14519
1906,6.06096,0.14207,0.13072,5.98170,0.11470,0.13267,0.18968,0.13312,0.11440,6.56901,0.24979,6.31204,5.81813,0.10509,0.11880,5.76324,0.11989,0.11472,0.11095,0.12212,0.11941,0.12010,0.12656,0.09998,0.10660,0.10159,0.12173,0.13201,0.14464
1907,6.06105,0.14139,0.12894,5.92623,0.11487,0.13241,0.12902,0.13423,0.11410,6.51303,0.20946,6.24005,5.61305,0.10613,0.11792,5.78639,0.11761,0.11227,0.10904,0.11787,0.12309,0.11483,0.12900,0.10000,0.10731,0.10157,0.12195,0.13090,0.14377
1908,5.86571,0.14050,0.12713,5.97357,0.11541,0.13237,0.12596,0.13471,0.11344,6.42318,0.19504,6.21206,5.70123,0.10782,0.11999,5.65645,0.11675,0.11088,0.10891,0.11624,0.12607,0.11314,0.13055,0.10000,0.10775,0.10145,0.12226,0.12976,0.14306
1909,5.95156,0.13978,0.12502,5.79556,0.11598,0.13242,1.61709,0.13430,0.11201,6.35776,0.19657,6.13037,5.93665,0.10771,0.12058,5.45512,0.11700,0.11134,0.10960,0.11601,0.12553,0.11427,0.12942,0.10001,0.10686,0.10107,0.12219,0.12930,0.14280
1910,5.99258,0.13907,0.12318,5.65811,0.11723,0.13229,1.29829,0.13445,0.11146,6.32409,0.24600,6.07877,5.75545,0.10792,0.12123,5.37807,0.11763,0.11201,0.11068,0.11643,0.12442,0.11460,0.12818,0.10000,0.10689,0.10100,0.12283,0.12829,0.14224
1911,5.82639,0.13888,0.12175,5.66674,0.11835,0.13153,1.34122,0.13413,0.11208,6.27925,0.26868,6.16226,5.66868,0.10827,0.12019,5.38172,0.11807,0.11260,0.11132,0.11717,0.12281,0.11543,0.12689,0.10001,0.10775,0.10076,0.12396,0.12722,0.14157
1912,5.17912,0.13811,0.12059,5.76581,0.11916,0.13037,0.12276,0.13449,0.11339,6.03438,0.16419,6.16733,5.56439,0.10883,0.12042,5.48112,0.11875,0.11229,0.11127,0.11764,0.12353,0.11397,0.12832,0.10000,0.10824,0.10079,0.12481,0.12656,0.14123
1913,4.98756,0.13744,0.12026,5.71978,0.11939,0.12975,0.12289,0.13403,0.11427,5.94893,0.15958,6.06266,5.60929,0.10884,0.12081,5.40987,0.11891,0.11232,0.11146,0.11783,0.12389,0.11402,0.12925,0.10000,0.10813,0.10074,0.12504,0.12602,0.14053
1914,5.01963,0.13742,0.11913,5.65032,0.11888,0.12915,0.12271,0.13325,0.11439,5.88317,0.15573,6.01107,5.57371,0.10754,0.12064,5.61354,0.11891,0.11199,0.11133,0.11792,0.12309,0.11399,0.12956,0.10000,0.10886,0.10060,0.12481,0.12618,0.14043
1915,4.89107,0.13808,0.12019,5.80507,0.11721,0.12864,0.12064,0.13215,0.11456,5.50408,0.15171,5.89262,5.34306,0.10595,0.11964,5.44481,0.11836,0.11138,0.11016,0.11740,0.12085,0.11331,0.12877,0.09998,0.10898,0.10047,0.12377,0.12648,0.13987
1916,4.72250,0.13787,0.12158,5.58097,0.11581,0.12804,0.11937,0.13136,0.11522,5.45921,0.14686,5.69621,5.14882,0.10625,0.11835,5.17422,0.11726,0.11035,0.10845,0.11652,0.12197,0.11246,0.12895,0.09997,0.10845,0.10046,0.12313,0.12631,0.13929
1917,5.09189,0.13775,0.12252,5.46761,0.11493,0.12759,0.11869,0.13076,0.11583,5.47761,0.14303,5.62286,5.07481,0.10616,0.11865,5.26542,0.11629,0.10892,0.10809,0.11539,0.12327,0.11129,0.12883,0.09999,0.10791,0.10062,0.12276,0.12593,0.13862
1918,5.26099,0.13768,0.12305,5.67266,0.11439,0.12721,0.52685,0.13028,0.11563,5.37968,0.14094,5.69740,5.30472,0.10569,0.11948,5.37166,0.11648,0.10873,0.10857,0.11481,0.12260,0.11083,0.12841,0.10000,0.10777,0.10067,0.12210,0.12596,0.13838
1919,5.28969,0.13712,0.12146,5.75011,0.11512,0.12726,1.31361,0.12997,0.11470,5.37292,0.15102,5.80420,5.62417,0.10551,0.11862,5.42763,0.11647,0.10962,0.10886,0.11438,0.12040,0.11175,0.12633,0.10000,0.10722,0.10057,0.12246,0.12581,0.13838
1920,5.24570,0.13691,0.11981,5.79080,0.11562,0.12699,0.11911,0.12979,0.11450,5.42831,0.13617,5.84071,5.39123,0.10517,0.11775,5.49850,0.11668,0.10945,0.10847,0.11556,0.11970,0.11144,0.12636,0.10001,0.10828,0.10057,0.12279,0.12575,0.13843
1921,4.96654,0.13673,0.11835,5.88230,0.11567,0.12655,0.11848,0.12957,0.11493,5.43908,0.13378,5.83154,5.33271,0.10623,0.11722,5.55267,0.11569,0.10895,0.10769,0.11502,0.12121,0.11095,0.12722,0.10000,0.10934,0.10056,0.12298,0.12594,0.13859
1922,4.98565,0.13597,0.11857,5.84005,0.11642,0.12669,3.43425,0.12890,0.11326,5.46115,2.00708,5.79976,5.60090,0.10783,0.11695,5.48985,0.12741,0.12492,0.10875,0.76621,0.12110,0.82657,0.12631,0.10000,0.10838,0.10068,0.12320,0.12527,0.13787
1923,5.34965,0.13583,0.11894,5.85776,0.11755,0.12663,3.93024,0.12861,0.11253,5.56111,2.00567,5.85659,5.77935,0.10794,0.11627,5.49267,0.12296,0.12335,0.10957,0.54098,0.11973,0.59368,0.12470,0.10001,0.10779,0.10066,0.12321,0.12438,0.13707
1924,5.52586,0.13522,0.11802,6.00203,0.11873,0.12651,4.82005,0.12808,0.11109,5.67105,2.41219,5.93524,5.86859,0.10876,0.11604,5.53583,0.13691,0.14535,0.11069,0.65592,0.11916,0.74700,0.12379,0.10002,0.10799,0.10068,0.12258,0.12402,0.13669
1925,5.52005,0.13452,0.11709,5.95761,0.11939,0.12594,0.51631,0.12819,0.11171,5.71280,0.31668,5.88649,5.71268,0.10924,0.11714,5.48691,0.11581,0.11319,0.11057,0.12812,0.12082,0.13276,0.12451,0.10001,0.10822,0.10073,0.12284,0.12403,0.13677
1926,5.33380,0.13410,0.11868,5.65310,0.11851,0.12587,0.12610,0.12777,0.11264,5.66203,0.19155,5.73839,5.47503,0.10900,0.11910,5.29238,0.11651,0.11127,0.11109,0.11508,0.12214,0.11244,0.12543,0.10001,0.10754,0.10115,0.12285,0.12386,0.13604
1927,5.38929,0.13355,0.12114,5.38211,0.11820,0.12593,2.13955,0.12703,0.11190,5.46938,0.91759,5.56489,5.40715,0.11028,0.11997,5.08870,0.11709,0.11298,0.11271,0.19266,0.12211,0.20125,0.12476,0.10001,0.10824,0.10232,0.12182,0.12356,0.13447
1928,5.45717,0.13296,0.12336,5.42112,0.11835,0.12564,3.39416,0.12642,0.11116,5.38719,2.15629,5.68292,5.38069,0.11133,0.11947,5.32061,0.12240,0.11982,0.11376,0.64013,0.12130,0.67847,0.12379,0.09996,0.10884,0.10309,0.12037,0.12297,0.13238
1929,5.40837,0.13200,0.12532,5.50881,0.11759,0.12525,4.22259,0.12525,0.11026,5.36555,2.86526,5.68656,5.47584,0.11252,0.12111,5.30187,0.30982,0.31688,0.11699,1.67281,0.12073,1.72552,0.12286,0.09999,0.10912,0.10323,0.11881,0.12301,0.13071
1930,5.44748,0.13156,0.12509,5.51395,0.11761,0.12517,5.36736,0.12467,0.11005,5.46874,4.77263,5.72913,5.53257,0.11240,0.12511,5.29371,0.60631,0.65302,0.12291,3.37951,0.11930,3.44955,0.12147,0.10000,0.10863,0.10231,0.11850,0.12275,0.12996
1931,5.50655,0.13118,0.12592,5.44432,0.11716,0.12489,4.41709,0.12397,0.10993,5.53798,3.04652,5.65339,5.55543,0.11050,0.12026,5.19563,0.22866,0.28311,0.11810,1.23369,0.11784,1.37017,0.12000,0.09997,0.10720,0.10158,0.11845,0.12253,0.12912
1932,5.52794,0.13058,0.12442,5.51490,0.11717,0.12441,4.99433,0.12238,0.10920,5.57828,3.71050,5.77222,5.51801,0.11098,0.12965,5.33321,0.45286,0.56975,0.14180,2.13004,0.11657,2.27604,0.11734,0.10000,0.10746,0.10151,0.11795,0.12274,0.12903
1933,5.55717,0.13038,0.12136,5.91348,0.11713,0.12397,2.98282,0.12219,0.11018,5.60110,2.16054,6.06231,5.68701,0.11030,0.12417,5.77507,0.25695,0.38196,0.13356,0.97957,0.11501,1.17090,0.11747,0.10001,0.10877,0.10155,0.11894,0.12285,0.12940
1934,5.21948,0.13030,0.11956,6.15509,0.11703,0.12352,0.24926,0.12280,0.11105,5.64095,0.36027,6.19629,5.54954,0.10866,0.11463,6.00400,0.12037,0.12770,0.11288,0.13769,0.11512,0.15547,0.11916,0.10002,0.10971,0.10152,0.11946,0.12320,0.12970
1935,4.92825,0.12989,0.11750,6.25322,0.11717,0.12321,0.13369,0.12310,0.11115,5.56217,0.27346,6.23953,5.45066,0.10877,0.11390,6.18059,0.11397,0.11344,0.11041,0.11597,0.11623,0.11712,0.12044,0.10002,0.11100,0.10206,0.11930,0.12391,0.13004
1936,4.82257,0.12946,0.11578,6.27017,0.11727,0.12323,0.12046,0.12324,0.11163,5.50480,0.24368,6.24230,5.39332,0.10994,0.11499,6.28398,0.11329,0.11059,0.10997,0.11296,0.11817,0.11186,0.12143,0.10001,0.11138,0.10200,0.11954,0.12452,0.13023
1937,4.84761,0.12880,0.11489,6.28754,0.11721,0.12359,0.11788,0.12336,0.11300,5.54934,0.22017,6.18485,5.11549,0.11162,0.11747,6.41628,0.11499,0.11083,0.11127,0.11346,0.11999,0.11125,0.12176,0.10000,0.11000,0.10167,0.12025,0.12449,0.13035
1938,5.58299,0.12753,0.11531,6.42884,0.11819,0.12398,2.99074,0.12345,0.11134,5.81748,1.88715,6.06496,5.67587,0.11274,0.11760,6.38596,0.12322,0.12122,0.11307,0.64675,0.11944,0.67587,0.12069,0.10000,0.11020,0.10360,0.11966,0.12314,0.12974
1939,5.88054,0.12709,0.11612,6.22994,0.11815,0.12397,4.61742,0.12350,0.11051,5.92665,3.23176,6.05951,6.21595,0.11316,0.11729,6.04754,0.18807,0.21300,0.11412,1.77623,0.11875,1.87683,0.11968,0.10001,0.11071,0.10340,0.11882,0.12223,0.12896
1940,5.91985,0.12699,0.11667,6.05407,0.11746,0.12373,2.01237,0.12397,0.11115,5.93993,1.05960,6.03939,6.06829,0.11291,0.11779,5.90930,0.12010,0.12555,0.11426,0.26971,0.11902,0.31496,0.11979,0.09999,0.10948,0.10259,0.11895,0.12177,0.12847
1941,5.60035,0.12681,0.11819,5.89039,0.11585,0.12326,1.35061,0.12359,0.11166,5.94370,0.26805,5.96415,5.71461,0.11073,0.11783,5.72187,0.11702,0.11429,0.11383,0.11745,0.11823,0.11739,0.12057,0.09994,0.10780,0.10245,0.11859,0.12168,0.12763
1942,5.72097,0.12609,0.11824,5.82923,0.11564,0.12295,1.97947,0.12307,0.11086,5.89663,0.36218,5.96141,5.78624,0.11131,0.11772,5.72583,0.11689,0.11475,0.11431,0.11843,0.11838,0.11802,0.12041,0.09999,0.10759,0.10238,0.11789,0.12147,0.12711
1943,5.83770,0.12566,0.11824,5.88912,0.11553,0.12278,0.14887,0.12294,0.11037,5.88457,0.20701,6.00731,5.65512,0.11149,0.11769,5.75418,0.11736,0.11516,0.11437,0.11653,0.11924,0.11536,0.12015,0.10001,0.10725,0.10212,0.11739,0.12122,0.12677
1944,5.73205,0.12540,0.11790,5.93654,0.11514,0.12259,0.59936,0.12276,0.11003,5.91668,0.20151,6.04861,5.67681,0.11028,0.11760,5.81088,0.11746,0.11515,0.11401,0.11697,0.11887,0.11594,0.11969,0.09999,0.10654,0.10176,0.11696,0.12122,0.12660
1945,5.63475,0.12477,0.11634,6.00130,0.11566,0.12243,5.76839,0.12164,0.10922,5.95527,4.31681,6.12381,5.94853,0.11094,0.11719,5.93172,0.21313,0.20159,0.11475,2.19779,0.11713,2.30714,0.11733,0.09998,0.10670,0.10142,0.11672,0.12138,0.12670
1946,5.76924,0.12489,0.11621,6.04869,0.11531,0.12227,3.67168,0.12127,0.10985,5.91934,2.54876,6.16379,6.06112,0.10930,0.11629,6.00549,0.17021,0.16380,0.11423,1.07487,0.11521,1.11916,0.11631,0.10000,0.10662,0.10119,0.11735,0.12082,0.12637
1947,5.43251,0.12445,0.11494,6.14245,0.11548,0.12197,0.16077,0.12195,0.11063,5.89995,0.25440,6.16646,5.72866,0.10734,0.11408,6.03779,0.11515,0.11393,0.11120,0.11666,0.11459,0.11664,0.11784,0.10001,0.10834,0.10112,0.11793,0.12076,0.12663
1948,4.77935,0.12358,0.11369,6.22086,0.11571,0.12175,0.12387,0.12204,0.11076,5.51308,0.22106,6.14886,5.80201,0.10733,0.11327,6.10883,0.11306,0.11126,0.10902,0.11360,0.11514,0.11284,0.11904,0.10001,0.10964,0.10133,0.11807,0.12133,0.12695
1949,4.98848,0.12276,0.11269,6.22081,0.11591,0.12170,0.12240,0.12181,0.11058,5.22558,0.20736,6.12595,5.93926,0.10776,0.11337,6.18153,0.11234,0.10959,0.10851,0.11232,0.11584,0.11112,0.11953,0.10002,0.11027,0.10166,0.11795,0.12194,0.12709
1950,5.40972,0.12197,0.11200,6.27930,0.11615,0.12175,0.12333,0.12136,0.11011,5.41805,0.19904,6.18347,5.99199,0.10787,0.11310,6.22948,0.11223,0.10903,0.10860,0.11203,0.11559,0.11057,0.11929,0.10003,0.11103,0.10269,0.11751,0.12249,0.12705
1951,5.40839,0.12073,0.11175,6.30057,0.11697,0.12192,0.11890,0.12101,0.10979,5.70523,0.18934,6.20627,5.85972,0.10873,0.11305,6.26856,0.11194,0.10866,0.10875,0.11163,0.11588,0.10979,0.11924,0.10002,0.11181,0.10398,0.11728,0.12314,0.12687
1952,5.08664,0.11975,0.11143,6.32436,0.11746,0.12219,0.11919,0.12100,0.10971,5.58230,0.18091,6.24295,5.89625,0.11018,0.11428,6.29248,0.11229,0.10899,0.10928,0.11148,0.11727,0.10962,0.11932,0.10001,0.11102,0.10314,0.11766,0.12336,0.12670
1953,5.46666,0.11927,0.11101,6.35599,0.11719,0.12239,0.34661,0.12093,0.10971,5.51168,0.17655,6.29574,6.13781,0.11031,0.11497,6.33634,0.11300,0.10954,0.11003,0.11195,0.11729,0.11019,0.11898,0.10002,0.11011,0.10239,0.11791,0.12323,0.12660
1954,6.05358,0.11954,0.11074,6.40681,0.11669,0.12235,4.29070,0.12036,0.10948,5.87488,2.02647,6.37899,6.38732,0.11049,0.11410,6.37750,0.14060,0.14364,0.11045,0.83127,0.11608,0.89051,0.11788,0.10004,0.11017,0.10261,0.11783,0.12275,0.12642
1955,6.40753,0.11944,0.11068,6.48846,0.11649,0.12203,6.43000,0.11950,0.10997,6.27239,5.81006,6.48354,6.49494,0.11094,0.13898,6.44300,1.46110,1.89448,0.16302,5.32719,0.11437,5.51495,0.11658,0.10003,0.11076,0.10324,0.11836,0.12206,0.12609
1956,6.43470,0.11860,0.11037,6.54108,0.11663,0.12197,2.74908,0.11983,0.11114,6.45710,1.84844,6.52808,6.37408,0.11142,0.11611,6.51158,0.17799,0.36522,0.12258,0.66897,0.11510,1.04580,0.11773,0.10002,0.11122,0.10299,0.11913,0.12155,0.12585
1957,5.81874,0.11763,0.11017,6.54923,0.11668,0.12203,0.20821,0.12034,0.11146,6.36464,0.31691,6.51477,5.93828,0.11108,0.11454,6.53410,0.11481,0.11839,0.11220,0.12277,0.11628,0.13724,0.11870,0.10002,0.11131,0.10240,0.11945,0.12159,0.12579
1958,5.26792,0.11673,0.11029,6.51662,0.11684,0.12200,0.12465,0.12092,0.11143,6.01902,0.25203,6.45976,5.73505,0.11033,0.11533,6.53843,0.11428,0.11236,0.11196,0.11400,0.11711,0.11333,0.11928,0.10003,0.11134,0.10232,0.11943,0.12183,0.12570
1959,4.86340,0.11602,0.11062,6.48293,0.11732,0.12203,0.12363,0.12128,0.11116,5.58426,0.23386,6.40586,5.93371,0.10944,0.11571,6.50741,0.11472,0.11212,0.11147,0.11422,0.11724,0.11290,0.11946,0.10002,0.11118,0.10257,0.11896,0.12219,0.12548
1960,5.16633,0.11565,0.11058,6.47595,0.11759,0.12214,0.12347,0.12139,0.11131,5.43217,0.22072,6.37926,6.09900,0.10909,0.11583,6.45389,0.11487,0.11165,0.11080,0.11437,0.11738,0.11273,0.11944,0.10001,0.11026,0.10215,0.11888,0.12231,0.12525
1961,5.42852,0.11587,0.11032,6.50388,0.11714,0.12209,0.64506,0.12126,0.11185,5.60002,0.21256,6.40869,6.22247,0.10860,0.11600,6.44215,0.11490,0.11131,0.11051,0.11432,0.11726,0.11272,0.11918,0.10001,0.10854,0.10142,0.11892,0.12225,0.12521
1962,6.00027,0.11622,0.10970,6.52430,0.11702,0.12204,4.67502,0.12095,0.11085,5.87628,1.19603,6.44971,6.49148,0.10892,0.11553,6.44732,0.11454,0.11232,0.11115,0.14024,0.11640,0.14895,0.11835,0.10002,0.10777,0.10115,0.11887,0.12195,0.12522
1963,6.06725,0.11627,0.10941,6.52412,0.11654,0.12208,0.19859,0.12116,0.11193,6.25107,0.21113,6.47758,6.20245,0.10737,0.11498,6.45824,0.11462,0.11137,0.11034,0.11428,0.11556,0.11273,0.11852,0.10003,0.10803,0.10113,0.11924,0.12180,0.12523
1964,5.43571,0.11701,0.10959,6.52603,0.11477,0.12185,0.12217,0.12111,0.11327,6.03733,0.19219,6.46617,6.16866,0.10586,0.11422,6.46563,0.11399,0.11045,0.10908,0.11380,0.11500,0.11182,0.11850,0.10001,0.10739,0.10119,0.11909,0.12184,0.12527
1965,5.31418,0.11763,0.11001,6.46023,0.11322,0.12150,0.12145,0.12102,0.11419,5.81308,0.18336,6.40707,6.13948,0.10471,0.11357,6.42892,0.11322,0.10938,0.10779,0.11306,0.11435,0.11100,0.11856,0.10002,0.10752,0.10175,0.11859,0.12197,0.12527
1966,5.55476,0.11808,0.11057,6.40655,0.11286,0.12101,2.83738,0.12063,0.11414,5.67426,1.21103,6.37877,6.36575,0.10431,0.11317,6.38408,0.11353,0.11054,0.10758,0.27354,0.11298,0.29987,0.11703,0.10002,0.10734,0.10242,0.11766,0.12216,0.12518
1967,6.23420,0.11823,0.11015,6.39617,0.11367,0.12098,6.46596,0.11988,0.11230,5.94603,5.83391,6.38540,6.44767,0.10644,0.17035,6.32345,1.68903,1.56844,0.16334,5.11196,0.11239,5.13890,0.11396,0.10005,0.10605,0.10207,0.11790,0.12186,0.12522
1968,6.44262,0.11787,0.10956,6.38946,0.11525,0.12136,6.38188,0.11993,0.11139,6.33876,5.76216,6.40119,6.44749,0.10784,0.20946,6.29923,2.03673,2.31277,0.24260,5.06461,0.11187,5.15242,0.11408,0.10006,0.10649,0.10191,0.11823,0.12115,0.12519
1969,6.44455,0.11739,0.10941,6.34023,0.11616,0.12158,4.46124,0.12084,0.11118,6.45248,2.90492,6.37618,6.40858,0.10805,0.12076,6.22204,0.29346,0.52578,0.13634,1.19856,0.11244,1.54243,0.11622,0.10006,0.10731,0.10195,0.11836,0.12068,0.12508
1970,6.39556,0.11732,0.10940,6.22079,0.11644,0.12169,4.78167,0.12094,0.11005,6.45964,2.91112,6.33908,6.32776,0.10963,0.12403,6.21255,0.33377,0.49049,0.15115,1.26794,0.11285,1.46033,0.11663,0.10004,0.10731,0.10185,0.11799,0.12040,0.12491
1971,6.35545,0.11683,0.10968,6.22717,0.11684,0.12177,6.09410,0.12090,0.10938,6.44063,4.58215,6.29495,6.25096,0.11303,0.14283,6.12025,0.62745,0.78679,0.19830,2.37057,0.11298,2.47636,0.11655,0.10006,0.10787,0.10198,0.11767,0.12026,0.12479
1972,6.29239,0.11648,0.11005,6.10728,0.11682,0.12171,5.11100,0.12132,0.10908,6.38230,3.22652,6.17107,6.23159,0.11622,0.13213,5.66919,0.39246,0.57295,0.19372,1.48720,0.11406,1.58549,0.11720,0.10003,0.10823,0.10208,0.11718,0.11997,0.12444
1973,6.24836,0.11641,0.11017,5.80144,0.11646,0.12163,5.60966,0.12091,0.10895,6.26632,4.36963,6.07425,6.12405,0.12178,0.16718,5.39638,0.72923,0.88810,0.24432,2.45622,0.11454,2.62586,0.11683,0.10005,0.10895,0.10226,0.11714,0.11983,0.12434
1974,6.04582,0.11631,0.11019,5.61586,0.11611,0.12143,1.59630,0.12153,0.10968,6.15183,1.15491,5.93308,5.74377,0.11484,0.12407,5.40198,0.19672,0.31320,0.15725,0.42512,0.11531,0.55293,0.11799,0.10005,0.10873,0.10201,0.11766,0.11962,0.12421
1975,5.55899,0.11691,0.11046,5.46585,0.11558,0.12133,2.27519,0.12168,0.11013,5.87292,1.12705,5.63265,5.48127,0.11344,0.11819,4.99625,0.14548,0.18800,0.13281,0.26655,0.11624,0.31470,0.11888,0.10005,0.10822,0.10229,0.11735,0.11956,0.12368
1976,5.57558,0.11750,0.11068,5.15782,0.11520,0.12136,5.32470,0.12136,0.10962,5.37785,4.24593,5.51767,5.51078,0.11741,0.12928,4.69087,0.25557,0.28857,0.14809,1.78859,0.11610,1.95567,0.11836,0.10005,0.10883,0.10257,0.11701,0.11939,0.12315
1977,5.51117,0.11812,0.11115,5.00640,0.11485,0.12120,3.76814,0.12149,0.11025,5.18661,1.82437,5.48989,5.37308,0.11615,0.12246,4.80911,0.17870,0.19261,0.13601,0.50412,0.11659,0.51988,0.11871,0.10006,0.10885,0.10326,0.11727,0.11903,0.12277
1978,5.32720,0.11871,0.11235,5.00573,0.11522,0.12097,5.37801,0.12090,0.10992,5.06186,4.92418,5.41103,5.20502,0.12769,0.24688,4.91258,1.77886,1.67629,0.24905,4.19713,0.11859,4.19286,0.11826,0.10004,0.11066,0.10578,0.11645,0.11832,0.12166
1979,5.16325,0.11888,0.11303,5.13393,0.11502,0.12079,5.24885,0.12053,0.11030,5.13867,5.08008,5.39452,5.19213,0.15587,0.70287,4.86038,3.67309,3.60107,0.79585,5.24959,0.12840,5.21545,0.11772,0.10006,0.11287,0.10751,0.11640,0.11792,0.12111
1980,5.26423,0.11874,0.11307,5.02463,0.11506,0.12049,5.14679,0.12018,0.11073,5.38104,4.95884,5.41669,5.18238,0.18481,1.06200,4.92200,3.70573,3.97202,1.24975,4.87161,0.14458,4.95097,0.11776,0.10008,0.11458,0.10972,0.11717,0.11771,0.12125
1981,5.28921,0.11821,0.11257,5.14113,0.11498,0.11988,3.64280,0.12025,0.11124,5.52565,3.00785,5.46707,5.07636,0.13122,0.24018,5.10291,0.85452,1.22258,0.33636,1.83627,0.12002,2.23559,0.11811,0.09991,0.11283,0.10780,0.11739,0.11756,0.12133
1982,5.17667,0.11802,0.11243,5.36257,0.11496,0.11954,2.72158,0.12002,0.11199,5.40976,1.85465,5.53100,5.16233,0.12459,0.16887,5.31656,0.44190,0.61321,0.22369,0.98778,0.11813,1.15401,0.11801,0.09995,0.11201,0.10605,0.11710,0.11752,0.12111
1983,5.14425,0.11795,0.11239,5.38582,0.11506,0.11925,0.90905,0.12005,0.11269,5.26562,0.89148,5.50657,5.21006,0.11940,0.13084,5.17442,0.20859,0.31255,0.16562,0.37222,0.11751,0.47607,0.11854,0.10004,0.11171,0.10492,0.11738,0.11734,0.12099
1984,5.02769,0.11786,0.11250,5.40255,0.11463,0.11901,1.15011,0.11977,0.11329,5.23075,0.53395,5.64799,5.49131,0.11333,0.12180,5.37305,0.14709,0.18611,0.13122,0.19952,0.11662,0.24366,0.11845,0.10000,0.11174,0.10480,0.11675,0.11767,0.12107
1985,5.37679,0.11806,0.11273,5.51804,0.11396,0.11882,0.35792,0.11948,0.11350,5.29218,0.44321,5.69885,5.46860,0.11238,0.11962,5.51745,0.13512,0.15363,0.12405,0.16757,0.11614,0.18899,0.11826,0.09999,0.11094,0.10407,0.11639,0.11775,0.12090
1986,5.35423,0.11829,0.11300,5.60950,0.11349,0.11876,0.36416,0.11936,0.11352,5.36217,0.38661,5.74591,5.53150,0.11176,0.11785,5.57633,0.12648,0.13774,0.12014,0.14425,0.11621,0.15711,0.11825,0.10003,0.11005,0.10361,0.11633,0.11776,0.12081
1987,5.59508,0.11842,0.11327,5.75931,0.11318,0.11868,2.89246,0.11917,0.11344,5.24589,1.05653,5.87727,5.68367,0.11117,0.11867,5.78662,0.12996,0.13743,0.11999,0.19221,0.11586,0.20766,0.11769,0.10004,0.10950,0.10382,0.11616,0.11791,0.12084
1988,5.75474,0.11835,0.11301,5.88178,0.11373,0.11870,3.64650,0.11919,0.11329,5.14451,1.49706,5.90763,5.85856,0.11189,0.11913,5.78460,0.13261,0.13832,0.12114,0.22583,0.11567,0.24013,0.11738,0.10006,0.10910,0.10385,0.11646,0.11781,0.12083
1989,5.47303,0.11832,0.11316,5.91707,0.11358,0.11857,1.40035,0.11904,0.11357,5.09765,0.39192,5.85027,5.70996,0.11052,0.11615,5.59523,0.12049,0.12402,0.11623,0.12935,0.11590,0.13318,0.11794,0.10001,0.10935,0.10446,0.11659,0.11758,0.12061
1990,5.17523,0.11807,0.11342,5.69962,0.11444,0.11843,5.73904,0.11855,0.11185,4.80875,4.00807,5.67653,5.87745,0.11350,0.12260,5.49975,0.44624,0.37887,0.12209,2.19464,0.11598,2.12007,0.11741,0.10000,0.11028,0.10673,0.11613,0.11704,0.12003
1991,5.00898,0.11768,0.11385,5.70373,0.11507,0.11829,5.72417,0.11811,0.11131,4.95972,5.42781,5.65949,5.62348,0.15630,1.50053,5.63218,4.98153,4.78035,1.30158,5.78449,0.13218,5.76520,0.11676,0.10003,0.11212,0.10801,0.11529,0.11672,0.11952
1992,5.17927,0.11758,0.11408,5.77406,0.11493,0.11813,5.69241,0.11823,0.11201,5.10965,5.44880,5.74701,5.78075,0.19377,1.56904,5.75105,4.81475,4.83620,1.56969,5.70511,0.13553,5.69700,0.11654,0.10006,0.11268,0.10815,0.11569,0.11652,0.11940
1993,5.34590,0.11751,0.11395,5.82766,0.11470,0.11792,5.57092,0.11829,0.11243,5.31029,4.98854,5.74716,5.80333,0.15005,0.47041,5.81224,2.25976,2.66436,0.69180,4.14149,0.12016,4.34192,0.11680,0.10001,0.11241,0.10692,0.11582,0.11640,0.11923
1994,5.41455,0.11745,0.11379,5.86051,0.11455,0.11785,5.67343,0.11819,0.11227,5.17160,5.07506,5.73264,5.83471,0.16665,0.52680,5.78355,2.32711,2.67801,0.75591,4.25163,0.12298,4.39711,0.11680,0.10002,0.11256,0.10574,0.11574,0.11644,0.11905
1995,5.37047,0.11725,0.11362,5.86940,0.11460,0.11772,5.32645,0.11818,0.11239,5.17264,4.66647,5.78158,5.86197,0.17594,0.47632,5.79203,1.94110,2.40076,0.74470,3.67723,0.12392,3.88304,0.11697,0.10006,0.11288,0.10589,0.11602,0.11645,0.11914
1996,5.40231,0.11714,0.11368,5.85439,0.11469,0.11757,3.66949,0.11803,0.11276,5.24876,2.92518,5.78848,5.84737,0.15106,0.21606,5.77331,0.76555,1.22407,0.41790,1.75219,0.11903,2.08965,0.11737,0.10007,0.11206,0.10607,0.11626,0.11646,0.11909
1997,5.34766,0.11716,0.11384,5.84074,0.11480,0.11752,3.28936,0.11775,0.11282,5.22856,2.18221,5.73772,5.73003,0.15012,0.16532,5.75051,0.45834,0.78334,0.33145,1.10282,0.11913,1.30234,0.11751,0.10008,0.11209,0.10681,0.11637,0.11649,0.11895
1998,5.23703,0.11734,0.11420,5.82752,0.11500,0.11753,5.77633,0.11761,0.11243,5.07634,5.11404,5.69699,5.77311,0.20253,0.32951,5.75324,1.41099,1.47961,0.50399,3.66677,0.12834,3.72632,0.11752,0.10010,0.11597,0.10967,0.11622,0.11657,0.11871
1999,5.28161,0.11748,0.11444,5.92513,0.11525,0.11757,5.43890,0.11760,0.11303,5.20082,4.57243,5.82540,5.84191,0.20843,0.30312,5.92567,1.23754,1.35361,0.49003,3.17509,0.12953,3.14621,0.11750,0.10010,0.11753,0.11261,0.11614,0.11654,0.11860
2000,5.37880,0.11742,0.11435,6.09257,0.11540,0.11757,4.11954,0.11760,0.11333,5.32289,2.71627,5.92871,5.92636,0.19126,0.20375,6.05066,0.57786,0.81028,0.39319,1.41491,0.12469,1.51598,0.11753,0.10007,0.11813,0.11191,0.11609,0.11654,0.11864
2001,5.41927,0.11724,0.11402,6.17466,0.11531,0.11745,2.98768,0.11755,0.11356,5.46363,2.04913,5.99832,5.97551,0.17475,0.18882,6.05661,0.46610,0.66363,0.34499,1.03994,0.12345,1.14449,0.11751,0.10001,0.11768,0.11017,0.11612,0.11648,0.11861
2002,5.48413,0.11716,0.11404,6.13612,0.11512,0.11727,0.88140,0.11734,0.11415,5.47973,0.90570,5.99918,5.89357,0.15340,0.14234,6.06029,0.22581,0.37870,0.25506,0.39781,0.12024,0.50507,0.11740,0.10001,0.11562,0.11012,0.11617,0.11636,0.11833
2003,5.49835,0.11716,0.11430,6.11683,0.11516,0.11722,1.24041,0.11721,0.11433,5.44056,0.72636,5.98436,6.03299,0.15667,0.13376,6.01328,0.19859,0.27177,0.21794,0.32935,0.12152,0.37220,0.11721,0.10015,0.11573,0.11156,0.11624,0.11639,0.11816
2004,5.57178,0.11703,0.11453,6.07149,0.11559,0.11724,5.51454,0.11725,0.11503,5.57954,3.87333,6.01453,6.04773,0.18209,0.16992,6.00750,0.45296,0.43814,0.21432,2.05520,0.12792,2.09934,0.11745,0.10018,0.12437,0.11900,0.11618,0.11650,0.11806
2005,5.70218,0.11698,0.11442,6.16776,0.11570,0.11725,6.08333,0.11737,0.11620,5.70417,5.74421,6.14405,6.11199,0.18961,0.24508,6.10405,1.34074,1.39990,0.25098,5.30755,0.13273,5.36309,0.11821,0.10007,0.13121,0.12119,0.11611,0.11658,0.11801
2006,5.88056,0.11643,0.11366,6.24497,0.11526,0.11694,6.09492,0.11719,0.11505,5.77659,5.73411,6.22822,6.24018,0.17373,0.28076,6.12576,1.18542,1.54335,0.25230,4.50030,0.14468,5.17289,0.12044,0.09984,0.12663,0.12046,0.11573,0.11637,0.11765
2007,6.01735,0.11579,0.11313,6.27894,0.11370,0.11634,5.15115,0.11690,0.11435,5.82340,4.07126,6.26146,6.31723,0.14763,0.24768,6.17071,0.73574,0.67135,0.21545,2.16157,0.14567,2.58926,0.12188,0.09975,0.12112,0.11495,0.11519,0.11600,0.11699
2008,5.97111,0.11562,0.11338,6.20864,0.11209,0.11569,1.59806,0.11655,0.11486,5.83437,1.18663,6.19037,6.12965,0.12997,0.18360,6.09898,0.31493,0.24027,0.17060,0.52380,0.13263,0.43053,0.11969,0.09976,0.11663,0.10933,0.11421,0.11546,0.11631
2009,5.79896,0.11536,0.11325,6.19827,0.11169,0.11543,5.13931,0.11631,0.11479,5.74958,3.35376,6.17328,6.09608,0.13416,0.19308,6.08425,0.31565,0.28380,0.17806,1.13330,0.13377,1.18970,0.11911,0.09988,0.11550,0.10866,0.11408,0.11488,0.11586
2010,5.80093,0.11531,0.11281,6.17080,0.11255,0.11533,3.50239,0.11598,0.11481,5.77042,1.76592,6.14092,6.11542,0.13418,0.16790,6.06913,0.25384,0.25049,0.17330,0.48714,0.12714,0.48630,0.11768,0.10003,0.11480,0.10993,0.11506,0.11448,0.11580
2011,5.78171,0.11504,0.11238,6.19593,0.11358,0.11511,2.48551,0.11558,0.11420,5.74232,1.18423,6.13414,5.96527,0.13078,0.14046,6.15012,0.18703,0.19597,0.15797,0.28548,0.12046,0.29567,0.11610,0.09994,0.11444,0.11028,0.11538,0.11423,0.11568
2012,5.77320,0.11479,0.11217,6.29436,0.11401,0.11496,5.14065,0.11538,0.11380,5.77832,2.67891,6.19596,6.14191,0.13444,0.14465,6.25134,0.19990,0.20651,0.16053,0.48889,0.12124,0.52960,0.11582,0.09994,0.11500,0.10969,0.11518,0.11414,0.11548
2013,5.81033,0.11478,0.11214,6.37791,0.11395,0.11491,1.43475,0.11531,0.11378,5.83406,0.68130,6.25075,6.18067,0.13071,0.13365,6.30849,0.16700,0.18258,0.15285,0.21759,0.11909,0.22466,0.11565,0.10000,0.11424,0.10826,0.11506,0.11411,0.11536
2014,5.81192,0.11476,0.11194,6.42362,0.11408,0.11486,0.25220,0.11522,0.11359,5.87168,0.42051,6.27063,6.02358,0.12447,0.12491,6.35023,0.14110,0.16124,0.14296,0.16144,0.11689,0.17334,0.11550,0.10002,0.11352,0.10672,0.11497,0.11407,0.11535
2015,5.69228,0.11469,0.11164,6.48705,0.11377,0.11479,0.16964,0.11509,0.11346,5.86041,0.35406,6.31097,6.10943,0.11731,0.11980,6.39500,0.12818,0.14585,0.13188,0.13741,0.11574,0.14974,0.11538,0.09998,0.11261,0.10526,0.11493,0.11406,0.11532
2016,5.73572,0.11464,0.11151,6.51189,0.11340,0.11475,1.33029,0.11500,0.11338,5.82500,0.33924,6.33012,6.32923,0.11563,0.11846,6.39976,0.12567,0.13996,0.12784,0.13518,0.11541,0.14458,0.11519,0.10000,0.11142,0.10447,0.11485,0.11403,0.11523
2017,5.79868,0.11460,0.11125,6.48572,0.11375,0.11474,0.26107,0.11493,0.11318,5.84136,0.30656,6.32893,6.19410,0.11432,0.11716,6.40836,0.12252,0.13380,0.12412,0.12928,0.11513,0.13684,0.11506,0.10002,0.11069,0.10394,0.11483,0.11404,0.11525
2018,5.66743,0.11462,0.11131,6.49606,0.11320,0.11475,1.10690,0.11488,0.11325,5.84384,0.28572,6.34719,6.26389,0.11101,0.11585,6.46008,0.11941,0.12744,0.11883,0.12447,0.11449,0.13028,0.11491,0.09998,0.11024,0.10410,0.11483,0.11413,0.11532
2019,5.81107,0.11455,0.11114,6.50446,0.11339,0.11475,0.70026,0.11480,0.11288,5.85553,0.26929,6.32012,6.25250,0.11106,0.11528,6.49293,0.11819,0.12367,0.11750,0.12289,0.11420,0.12682,0.11464,0.10000,0.10925,0.10397,0.11478,0.11417,0.11532
2020,5.85144,0.11434,0.11087,6.53671,0.11338,0.11459,4.63838,0.11453,0.11172,5.90208,3.38518,6.37066,6.28773,0.11217,0.11851,6.55352,0.52237,0.53017,0.12148,2.38891,0.11386,2.41436,0.11406,0.09986,0.10893,0.10347,0.11440,0.11407,0.11518
2021,5.96880,0.11406,0.11059,6.56832,0.11374,0.11443,5.95473,0.11441,0.11084,6.01057,4.77547,6.42675,6.33353,0.11284,0.12002,6.57725,0.57442,0.66122,0.12533,2.99204,0.11348,3.06735,0.11373,0.09994,0.10905,0.10342,0.11396,0.11389,0.11513
2022,6.07927,0.11403,0.11046,6.60196,0.11378,0.11445,2.19953,0.11448,0.11068,6.12194,1.19950,6.42015,6.32905,0.11183,0.11460,6.55945,0.13411,0.16331,0.11696,0.32567,0.11342,0.40699,0.11388,0.10003,0.10884,0.10299,0.11386,0.11389,0.11517
2023,6.06223,0.11408,0.11023,6.62642,0.11366,0.11447,0.42600,0.11451,0.11041,6.11952,0.43749,6.42195,6.25538,0.11109,0.11371,6.57691,0.11732,0.12443,0.11484,0.13741,0.11339,0.15459,0.11402,0.10003,0.10859,0.10234,0.11381,0.11389,0.11518
2024,5.93613,0.11418,0.11021,6.63032,0.11335,0.11449,1.95935,0.11449,0.11029,6.01219,0.39361,6.40163,6.27776,0.11035,0.11338,6.58489,0.11451,0.11654,0.11350,0.11956,0.11332,0.12286,0.11403,0.10004,0.10793,0.10242,0.11379,0.11391,0.11518
2025,5.99250,0.11404,0.11042,6.63839,0.11338,0.11450,2.11156,0.11439,0.10927,5.93348,0.35688,6.45613,6.52515,0.11142,0.11345,6.64714,0.11451,0.11558,0.11380,0.11995,0.11341,0.12088,0.11373,0.10003,0.10768,0.10350,0.11332,0.11395,0.11516
2026,6.08525,0.11395,0.11050,6.71555,0.11321,0.11448,1.31091,0.11429,0.10865,5.97880,0.31063,6.55709,6.58942,0.11185,0.11349,6.75464,0.11436,0.11509,0.11385,0.11862,0.11351,0.11909,0.11344,0.10001,0.10779,0.10336,0.11283,0.11399,0.11511
2027,6.10826,0.11386,0.11029,6.79245,0.11309,0.11448,0.28948,0.11431,0.10849,6.04167,0.25931,6.61883,6.53191,0.11143,0.11344,6.80574,0.11395,0.11469,0.11370,0.11546,0.11346,0.11595,0.11336,0.10003,0.10765,0.10262,0.11264,0.11404,0.11518
2028,5.85078,0.11359,0.11016,6.84849,0.11320,0.11451,0.12966,0.11436,0.10832,6.13575,0.23554,6.65330,6.48635,0.10981,0.11331,6.84104,0.11368,0.11432,0.11309,0.11408,0.11308,0.11456,0.11353,0.10005,0.10785,0.10261,0.11272,0.11412,0.11535
2029,5.88875,0.11331,0.11012,6.89943,0.11327,0.11451,0.14294,0.11433,0.10789,6.16360,0.22701,6.68258,6.62497,0.10909,0.11309,6.86867,0.11355,0.11409,0.11260,0.11393,0.11273,0.11434,0.11349,0.10004,0.10808,0.10282,0.11269,0.11422,0.11543
2030,5.84317,0.11299,0.10994,6.88710,0.11317,0.11451,0.12486,0.11437,0.10783,6.11201,0.21633,6.66601,6.53474,0.10828,0.11257,6.87895,0.11320,0.11346,0.11140,0.11366,0.11239,0.11399,0.11342,0.10003,0.10820,0.10299,0.11276,0.11428,0.11539
2031,5.87915,0.11264,0.10956,6.84903,0.11299,0.11437,0.19858,0.11415,0.10742,6.01068,0.20952,6.65979,6.61692,0.10756,0.11197,6.85245,0.11279,0.11279,0.11041,0.11335,0.11205,0.11358,0.11309,0.09994,0.10802,0.10306,0.11254,0.11423,0.11518
2032,6.09876,0.11255,0.10921,6.84208,0.11285,0.11423,0.12769,0.11386,0.10709,6.05710,0.20184,6.68730,6.48078,0.10693,0.11129,6.82711,0.11214,0.11185,0.10942,0.11285,0.11155,0.11297,0.11263,0.09999,0.10779,0.10326,0.11237,0.11419,0.11505
2033,6.22401,0.11197,0.10916,6.82334,0.11269,0.11406,3.39297,0.11350,0.10674,6.29317,0.45939,6.70863,6.64115,0.10676,0.11065,6.81105,0.11187,0.11168,0.10917,0.11518,0.11088,0.11691,0.11212,0.09993,0.10796,0.10390,0.11183,0.11411,0.11471
2034,6.36026,0.11179,0.10877,6.79903,0.11216,0.11379,0.20404,0.11326,0.10739,6.46740,0.18947,6.72132,6.30285,0.10647,0.10983,6.80719,0.11028,0.10944,0.10767,0.11108,0.11052,0.11089,0.11192,0.09995,0.10731,0.10288,0.11200,0.11392,0.11438
2035,5.95697,0.11186,0.10850,6.78170,0.11125,0.11355,0.11614,0.11321,0.10814,6.45642,0.17546,6.61354,5.99405,0.10658,0.10985,6.78396,0.10934,0.10775,0.10700,0.10928,0.11074,0.10858,0.11196,0.09995,0.10626,0.10188,0.11198,0.11375,0.11422
2036,5.79198,0.11173,0.10798,6.71689,0.11111,0.11352,0.11843,0.11327,0.10797,6.33753,0.17068,6.52300,6.43603,0.10682,0.11000,6.72961,0.10945,0.10767,0.10713,0.10910,0.11103,0.10819,0.11203,0.10000,0.10588,0.10151,0.11169,0.11358,0.11411
2037,5.74641,0.11175,0.10777,6.68930,0.11099,0.11358,0.11765,0.11341,0.10803,6.18573,0.16617,6.54926,6.39646,0.10687,0.11035,6.70645,0.10963,0.10762,0.10739,0.10929,0.11131,0.10825,0.11227,0.10002,0.10568,0.10139,0.11166,0.11348,0.11412
2038,5.83439,0.11189,0.10796,6.68155,0.11041,0.11349,1.83569,0.11331,0.10796,6.13577,0.17447,6.55839,6.55617,0.10647,0.11047,6.69660,0.10956,0.10761,0.10760,0.10932,0.11110,0.10883,0.11215,0.10002,0.10517,0.10146,0.11163,0.11346,0.11412
2039,6.16859,0.11180,0.10776,6.67444,0.11026,0.11339,0.92575,0.11324,0.10777,6.24651,0.16550,6.57202,6.56303,0.10591,0.11039,6.70173,0.10950,0.10761,0.10761,0.10908,0.11070,0.10839,0.11201,0.09995,0.10483,0.10132,0.11149,0.11341,0.11403
2040,6.33309,0.11172,0.10774,6.67848,0.10995,0.11320,2.52128,0.11306,0.10772,6.32729,0.25756,6.60013,6.64284,0.10534,0.11017,6.70001,0.10914,0.10746,0.10758,0.10969,0.11013,0.10963,0.11159,0.09996,0.10451,0.10141,0.11139,0.11337,0.11392
2041,6.48426,0.11157,0.10740,6.68128,0.11005,0.11316,0.74428,0.11307,0.10750,6.42123,0.16684,6.62833,6.51619,0.10533,0.10995,6.68992,0.10929,0.10757,0.10751,0.10890,0.11005,0.10828,0.11169,0.09995,0.10450,0.10143,0.11116,0.11321,0.11384
2042,6.14803,0.11158,0.10762,6.67942,0.10957,0.11304,1.15292,0.11298,0.10742,6.44276,0.14804,6.60236,6.53008,0.10517,0.10973,6.69959,0.10929,0.10766,0.10739,0.10862,0.11001,0.10805,0.11169,0.09999,0.10459,0.10202,0.11096,0.11310,0.11378
2043,6.12053,0.11163,0.10785,6.68673,0.10958,0.11309,0.42377,0.11306,0.10704,6.23460,0.14256,6.54719,6.54652,0.10638,0.11004,6.77771,0.10962,0.10855,0.10804,0.10866,0.11088,0.10817,0.11177,0.10007,0.10532,0.10311,0.11058,0.11283,0.11379
2044,6.24045,0.11143,0.10783,6.75110,0.11005,0.11309,5.49620,0.11300,0.10660,5.98371,3.30163,6.53203,6.67103,0.10790,0.11052,6.85557,0.22614,0.20982,0.10942,1.68162,0.11116,1.71440,0.11199,0.10007,0.10677,0.10379,0.10978,0.11259,0.11373
2045,6.18172,0.11121,0.10806,6.82329,0.10992,0.11310,6.70866,0.11311,0.10695,5.89210,6.10915,6.54974,6.72574,0.10984,0.26633,6.88830,3.23915,2.79081,0.24832,6.42291,0.11126,6.34026,0.11229,0.10008,0.10783,0.10422,0.10932,0.11242,0.11366
2046,6.21165,0.11117,0.10814,6.86413,0.10971,0.11308,6.47105,0.11326,0.10735,5.99732,5.56748,6.59284,6.78605,0.11022,0.19515,6.86601,1.75736,1.74546,0.21853,4.55955,0.11174,4.51645,0.11247,0.10006,0.10778,0.10361,0.10941,0.11233,0.11366
2047,6.37483,0.11123,0.10834,6.86541,0.10996,0.11287,3.28097,0.11315,0.10767,6.07810,1.96552,6.64664,6.76844,0.10815,0.11932,6.82821,0.26151,0.32862,0.12594,0.82779,0.11177,0.96066,0.11267,0.10007,0.10734,0.10337,0.10962,0.11252,0.11383
2048,6.43025,0.11118,0.10824,6.85185,0.10980,0.11242,1.86874,0.11285,0.10775,6.12690,1.02230,6.68131,6.77110,0.10715,0.11628,6.81078,0.17847,0.19891,0.11789,0.39530,0.11115,0.45078,0.11224,0.09994,0.10674,0.10288,0.10987,0.11258,0.11377
2049,6.44803,0.11093,0.10779,6.86214,0.10982,0.11233,1.03176,0.11265,0.10751,6.20472,0.63284,6.70534,6.71855,0.10666,0.11358,6.82038,0.14024,0.16030,0.11470,0.24168,0.11051,0.27765,0.11198,0.09996,0.10661,0.10236,0.10997,0.11250,0.11361
2050,6.26821,0.11068,0.10754,6.86442,0.10971,0.11223,0.29015,0.11230,0.10735,6.35716,0.34292,6.72132,6.50288,0.10582,0.11109,6.84171,0.11804,0.12367,0.11002,0.13886,0.10991,0.15143,0.11196,0.09991,0.10665,0.10210,0.11005,0.11240,0.11339
2051,6.00458,0.11072,0.10762,6.85682,0.10928,0.11211,0.95744,0.11225,0.10758,6.37497,0.31767,6.71894,6.37013,0.10597,0.11013,6.83043,0.11269,0.11336,0.10843,0.12043,0.11023,0.12321,0.11192,0.10000,0.10613,0.10209,0.10999,0.11224,0.11332
2052,6.06155,0.11082,0.10770,6.82935,0.10934,0.11224,5.73001,0.11236,0.10711,6.38184,4.05822,6.68116,6.58944,0.10728,0.11198,6.77016,0.23020,0.23965,0.11130,1.94841,0.11017,2.05995,0.11179,0.10006,0.10628,0.10254,0.10979,0.11206,0.11330
2053,6.28330,0.11092,0.10770,6.80822,0.10927,0.11232,4.80081,0.11250,0.10723,6.33273,3.19632,6.63910,6.74673,0.10731,0.11177,6.74592,0.19907,0.22565,0.11142,1.32588,0.11023,1.44985,0.11170,0.10004,0.10623,0.10226,0.10985,0.11192,0.11330
2054,6.28180,0.11090,0.10772,6.80041,0.10923,0.11229,0.70786,0.11256,0.10757,6.32936,0.45355,6.65619,6.58184,0.10641,0.11015,6.73565,0.11316,0.11505,0.10888,0.13587,0.11069,0.14697,0.11179,0.10005,0.10628,0.10219,0.11002,0.11201,0.11337
2055,6.15035,0.11094,0.10779,6.76754,0.10898,0.11208,1.39946,0.11242,0.10771,6.35776,0.32971,6.66214,6.68726,0.10589,0.11001,6.71796,0.11171,0.11184,0.10847,0.11981,0.11034,0.12265,0.11154,0.09999,0.10569,0.10218,0.11005,0.11201,0.11331
2056,6.11180,0.11093,0.10780,6.76767,0.10861,0.11195,0.14288,0.11237,0.10804,6.37223,0.25554,6.63608,6.46757,0.10501,0.10971,6.71077,0.11001,0.10929,0.10755,0.11135,0.10995,0.11145,0.11155,0.10000,0.10568,0.10231,0.11009,0.11195,0.11324
2057,5.90564,0.11096,0.10802,6.79879,0.10811,0.11175,1.29149,0.11221,0.10828,6.29825,0.23955,6.65007,6.54715,0.10454,0.10947,6.72376,0.10946,0.10825,0.10685,0.11010,0.10960,0.11020,0.11156,0.09999,0.10572,0.10268,0.11000,0.11198,0.11318
2058,6.09091,0.11093,0.10802,6.79551,0.10789,0.11169,0.27157,0.11215,0.10820,6.21752,0.22153,6.65162,6.51232,0.10481,0.10932,6.71680,0.10924,0.10786,0.10662,0.10936,0.10981,0.10886,0.11152,0.10000,0.10563,0.10269,0.10990,0.11192,0.11311
2059,6.13041,0.11090,0.10807,6.78374,0.10755,0.11159,2.81421,0.11197,0.10788,6.22450,0.57629,6.65071,6.68933,0.10485,0.10924,6.69860,0.10908,0.10782,0.10664,0.12000,0.10971,0.12274,0.11126,0.09996,0.10530,0.10270,0.10967,0.11181,0.11300
2060,6.42253,0.11093,0.10815,6.76058,0.10725,0.11144,6.79429,0.11154,0.10718,6.27357,5.85538,6.66671,6.78771,0.10559,0.14047,6.68559,1.16228,1.12231,0.13413,4.25711,0.10906,4.33851,0.11047,0.09997,0.10484,0.10257,0.10930,0.11163,0.11286
2061,6.62941,0.11096,0.10789,6.75421,0.10741,0.11144,6.79772,0.11084,0.10660,6.39659,6.34530,6.68462,6.78988,0.18501,2.06125,6.68645,6.04118,5.88285,1.85589,6.77303,0.16160,6.75904,0.10907,0.10002,0.10540,0.10231,0.10927,0.11142,0.11280
2062,6.70587,0.11072,0.10729,6.76399,0.10836,0.11158,6.79019,0.11033,0.10650,6.51541,6.40328,6.66427,6.78072,0.61193,4.06803,6.72751,6.58441,6.65520,4.20955,6.77748,0.52570,6.77666,0.11284,0.10007,0.11174,0.10900,0.10966,0.11106,0.11276
2063,6.72233,0.11048,0.10714,6.74941,0.10890,0.11156,6.39034,0.11115,0.10722,6.64677,5.79118,6.64830,6.74781,0.26317,1.10603,6.72128,3.45292,4.19233,1.61162,5.15406,0.16508,5.51136,0.10984,0.10004,0.10996,0.11169,0.11010,0.11078,0.11273
2064,6.65646,0.11025,0.10724,6.71919,0.10918,0.11147,4.41821,0.11175,0.10780,6.54854,3.65483,6.64786,6.67188,0.18801,0.31065,6.68239,1.14636,1.94840,0.75988,2.39659,0.11665,2.95196,0.11025,0.10000,0.11071,0.10847,0.11017,0.11050,0.11257
2065,6.42509,0.11003,0.10693,6.72872,0.10888,0.11120,3.12264,0.11170,0.10797,6.35444,2.09816,6.64095,6.58643,0.14377,0.18169,6.67082,0.50951,1.12564,0.44683,1.11676,0.11187,1.55527,0.11054,0.09988,0.11013,0.10565,0.11001,0.11023,0.11223
2066,6.39835,0.10976,0.10651,6.72999,0.10872,0.11104,5.62839,0.11141,0.10767,6.32154,2.83513,6.65517,6.73400,0.15772,0.23129,6.66248,0.65741,1.14033,0.49948,1.42058,0.11594,1.60708,0.11032,0.09994,0.11016,0.10461,0.10983,0.11011,0.11200
2067,6.39962,0.10978,0.10634,6.71682,0.10865,0.11093,1.26904,0.11139,0.10769,6.35151,1.14790,6.65020,6.44488,0.12808,0.15294,6.67613,0.30301,0.64033,0.27266,0.55413,0.11174,0.83282,0.11054,0.10002,0.10913,0.10395,0.10996,0.11006,0.11206
2068,5.72785,0.10990,0.10643,6.73255,0.10828,0.11086,0.39724,0.11149,0.10829,6.34290,0.55078,6.61004,6.27967,0.11086,0.11579,6.69175,0.14484,0.22963,0.13888,0.20722,0.11046,0.30517,0.11093,0.10004,0.10799,0.10300,0.10996,0.11013,0.11214
2069,5.50926,0.11019,0.10693,6.73967,0.10752,0.11078,0.70638,0.11139,0.10875,6.12973,0.38838,6.60329,6.44698,0.10745,0.11142,6.68300,0.11870,0.13937,0.11497,0.13695,0.11038,0.16269,0.11108,0.10003,0.10719,0.10298,0.10958,0.11030,0.11216
2070,5.95088,0.11026,0.10700,6.73435,0.10730,0.11070,6.62790,0.11115,0.10820,6.15813,5.23177,6.61170,6.72212,0.10959,0.13734,6.67294,0.92928,0.93300,0.14169,3.63582,0.11065,3.69853,0.11054,0.09999,0.10656,0.10272,0.10941,0.11029,0.11198
2071,6.39552,0.10966,0.10605,6.77523,0.10735,0.11042,6.76075,0.11046,0.10700,6.16109,6.36896,6.66191,6.78103,0.13416,1.58562,6.70731,5.81179,5.64766,1.31760,6.70555,0.13847,6.69221,0.10975,0.09985,0.10696,0.10231,0.10918,0.10988,0.11146
2072,6.73520,0.10926,0.10549,6.80641,0.10673,0.10995,6.73352,0.10983,0.10647,6.49901,6.37498,6.71597,6.81060,0.13491,1.87138,6.75760,5.57752,5.22424,1.25448,6.56459,0.17908,6.55965,0.10984,0.09989,0.10665,0.10189,0.10869,0.10954,0.11100
2073,6.77105,0.10926,0.10557,6.79558,0.10588,0.10956,6.33548,0.10947,0.10659,6.71923,5.59195,6.72229,6.78784,0.11421,0.67029,6.73600,2.60522,2.11613,0.43056,4.58689,0.13210,4.49868,0.10926,0.09984,0.10574,0.10115,0.10813,0.10939,0.11078
2074,6.71180,0.10919,0.10554,6.75903,0.10537,0.10918,4.24586,0.10917,0.10630,6.67711,3.29160,6.70541,6.72145,0.10731,0.30629,6.71257,1.06385,0.81718,0.21775,2.09957,0.12001,2.00605,0.10870,0.09991,0.10547,0.10095,0.10749,0.10926,0.11059
2075,6.43082,0.10907,0.10525,6.75325,0.10576,0.10915,1.39543,0.10915,0.10571,6.62852,1.23592,6.70567,6.45160,0.10521,0.14995,6.72452,0.31936,0.28347,0.13216,0.60381,0.11167,0.57872,0.10871,0.10002,0.10619,0.10172,0.10730,0.10941,0.11060
2076,5.83170,0.10885,0.10499,6.76507,0.10626,0.10924,0.41489,0.10913,0.10528,6.55318,0.59016,6.67993,6.34184,0.10518,0.11773,6.73280,0.14870,0.14438,0.11130,0.20603,0.10869,0.20628,0.10888,0.10003,0.10629,0.10203,0.10735,0.10959,0.11064
2077,5.60139,0.10870,0.10479,6.76781,0.10643,0.10931,0.23123,0.10913,0.10529,6.39094,0.44883,6.63979,6.26165,0.10529,0.11126,6.74235,0.12275,0.12042,0.10761,0.14318,0.10838,0.14333,0.10887,0.10000,0.10582,0.10163,0.10744,0.10965,0.11063
2078,5.57388,0.10882,0.10509,6.77225,0.10595,0.10911,0.13356,0.10914,0.10584,6.36698,0.35855,6.55240,6.23015,0.10496,0.10819,6.74192,0.10949,0.10724,0.10568,0.11191,0.10843,0.11066,0.10878,0.09999,0.10474,0.10122,0.10723,0.10961,0.11062
2079,5.86666,0.10895,0.10541,6.78045,0.10567,0.10873,1.69928,0.10893,0.10570,6.31284,0.33923,6.58811,6.65086,0.10423,0.10782,6.73642,0.10791,0.10595,0.10542,0.10929,0.10804,0.10933,0.10838,0.09996,0.10401,0.10123,0.10688,0.10948,0.11052
2080,6.09570,0.10881,0.10527,6.77925,0.10546,0.10845,0.16329,0.10873,0.10553,6.25533,0.30741,6.61970,6.51934,0.10310,0.10737,6.73075,0.10723,0.10521,0.10492,0.10731,0.10721,0.10622,0.10810,0.09993,0.10371,0.10104,0.10661,0.10933,0.11034
2081,5.96225,0.10866,0.10521,6.77167,0.10526,0.10816,0.13729,0.10849,0.10524,6.21499,0.29029,6.62115,6.62208,0.10232,0.10693,6.72093,0.10676,0.10470,0.10439,0.10648,0.10656,0.10527,0.10778,0.09993,0.10328,0.10090,0.10628,0.10915,0.11015
2082,6.08021,0.10865,0.10535,6.75334,0.10493,0.10802,0.12368,0.10834,0.10503,6.18004,0.27327,6.59283,6.51741,0.10191,0.10632,6.70521,0.10634,0.10431,0.10378,0.10597,0.10622,0.10475,0.10752,0.09995,0.10302,0.10094,0.10608,0.10897,0.11005
2083,5.85961,0.10882,0.10616,6.72208,0.10478,0.10801,0.12268,0.10839,0.10490,5.94273,0.24809,6.50071,6.36804,0.10271,0.10610,6.69255,0.10586,0.10398,0.10329,0.10549,0.10693,0.10437,0.10776,0.10001,0.10355,0.10197,0.10588,0.10865,0.11002
2084,5.91878,0.10864,0.10661,6.70810,0.10469,0.10802,4.71824,0.10833,0.10435,6.02356,3.17171,6.54252,6.62141,0.10352,0.10773,6.67971,0.36137,0.32784,0.10590,1.94405,0.10676,1.96039,0.10778,0.09995,0.10395,0.10222,0.10565,0.10804,0.10981
2085,6.20772,0.10834,0.10667,6.70789,0.10462,0.10791,6.70056,0.10823,0.10407,6.24553,6.17270,6.61063,6.65656,0.10395,0.16144,6.67060,2.34788,1.60201,0.13920,6.13110,0.10640,5.71803,0.10775,0.09997,0.10387,0.10175,0.10534,0.10759,0.10953
2086,6.42217,0.10822,0.10663,6.71691,0.10456,0.10764,6.70346,0.10793,0.10386,6.33084,6.29648,6.65376,6.71239,0.11355,1.28528,6.66843,5.11727,4.31077,0.66709,6.59983,0.12229,6.54557,0.10729,0.09996,0.10348,0.10132,0.10507,0.10754,0.10935
2087,6.45452,0.10751,0.10560,6.73293,0.10399,0.10691,6.71458,0.10737,0.10319,6.41748,6.38723,6.71227,6.72518,0.83798,4.79994,6.69196,6.55597,6.47785,4.09393,6.68176,1.27949,6.67479,0.16533,0.09970,0.13285,0.10490,0.10449,0.10702,0.10861
2088,6.59742,0.10662,0.10433,6.77166,0.10352,0.10656,6.58915,0.10817,0.10356,6.49835,6.26891,6.74394,6.76189,0.71437,3.34539,6.73787,5.58439,5.70145,3.43298,6.28107,0.86873,6.31648,0.15615,0.09988,0.13301,0.11346,0.10463,0.10619,0.10790
2089,6.67352,0.10639,0.10408,6.76440,0.10351,0.10649,5.15276,0.10701,0.10415,6.60205,4.60396,6.70973,6.70305,0.24529,0.95821,6.68485,2.43637,2.93674,1.21208,3.70764,0.22781,4.03001,0.11506,0.09999,0.11589,0.10410,0.10481,0.10599,0.10781
2090,6.48350,0.10626,0.10375,6.74851,0.10349,0.10640,2.88980,0.10690,0.10386,6.55104,2.55960,6.68322,6.60002,0.15142,0.36380,6.67866,0.93648,1.35831,0.49362,1.62023,0.13965,1.99803,0.11064,0.09998,0.10956,0.10191,0.10473,0.10597,0.10778
2091,6.24459,0.10612,0.10328,6.79800,0.10347,0.10626,1.68705,0.10697,0.10329,6.48478,1.59822,6.71733,6.51718,0.12676,0.21602,6.73769,0.48676,0.76590,0.27918,0.85993,0.12335,1.15118,0.10929,0.09999,0.10673,0.10170,0.10464,0.10601,0.10775
2092,5.75249,0.10609,0.10305,6.81577,0.10341,0.10616,0.65414,0.10683,0.10301,6.36696,0.80512,6.72102,6.26632,0.11103,0.13668,6.77050,0.21157,0.29131,0.15393,0.33197,0.11220,0.43692,0.10809,0.10000,0.10482,0.10116,0.10454,0.10607,0.10773
2093,5.17041,0.10606,0.10293,6.79110,0.10346,0.10611,0.25869,0.10653,0.10278,6.05092,0.49008,6.66455,6.18609,0.10524,0.11501,6.78728,0.13296,0.15268,0.11823,0.16168,0.10806,0.18694,0.10753,0.10001,0.10373,0.10090,0.10438,0.10627,0.10774
2094,5.09735,0.10600,0.10284,6.71391,0.10377,0.10609,0.15420,0.10623,0.10259,5.64485,0.39047,6.57381,6.18487,0.10337,0.10860,6.76257,0.11366,0.11793,0.10757,0.12101,0.10632,0.12750,0.10695,0.10001,0.10314,0.10089,0.10431,0.10657,0.10774
2095,5.19510,0.10600,0.10289,6.60037,0.10410,0.10606,0.12658,0.10596,0.10258,5.53212,0.34554,6.47919,6.21456,0.10261,0.10612,6.61357,0.10759,0.10703,0.10421,0.10952,0.10529,0.11024,0.10648,0.10001,0.10271,0.10079,0.10444,0.10677,0.10771
2096,5.24042,0.10600,0.10301,6.54839,0.10439,0.10609,0.11788,0.10569,0.10267,5.52751,0.31748,6.43367,6.19931,0.10223,0.10494,6.46646,0.10539,0.10404,0.10312,0.10586,0.10481,0.10523,0.10625,0.10001,0.10247,0.10067,0.10467,0.10686,0.10768
2097,5.21489,0.10597,0.10316,6.56922,0.10471,0.10616,0.11472,0.10552,0.10281,5.51593,0.29707,6.46604,6.19141,0.10200,0.10439,6.45323,0.10442,0.10310,0.10265,0.10451,0.10464,0.10376,0.10606,0.10001,0.10239,0.10056,0.10492,0.10691,0.10764
2098,5.23590,0.10595,0.10331,6.64165,0.10497,0.10625,0.11296,0.10548,0.10299,5.54404,0.27998,6.53657,6.19367,0.10188,0.10420,6.53157,0.10400,0.10271,0.10243,0.10393,0.10470,0.10320,0.10583,0.10002,0.10233,0.10047,0.10518,0.10695,0.10761
2099,5.20114,0.10596,0.10359,6.71533,0.10525,0.10635,0.11184,0.10550,0.10322,5.53046,0.26545,6.60277,6.20176,0.10176,0.10423,6.61378,0.10391,0.10256,0.10233,0.10375,0.10473,0.10300,0.10563,0.10002,0.10234,0.10045,0.10541,0.10700,0.10759
2100,5.20989,0.10605,0.10398,6.77838,0.10547,0.10647,0.11165,0.10554,0.10357,5.58182,0.25041,6.65515,6.23478,0.10168,0.10421,6.69997,0.10389,0.10243,0.10220,0.10369,0.10456,0.10288,0.10556,0.10002,0.10254,0.10053,0.10566,0.10702,0.10754
2101,5.18606,0.10625,0.10434,6.81030,0.10552,0.10650,0.11152,0.10558,0.10399,5.55739,0.23461,6.64859,6.27389,0.10167,0.10407,6.73393,0.10372,0.10214,0.10200,0.10349,0.10456,0.10260,0.10550,0.10000,0.10281,0.10080,0.10576,0.10700,0.10741
2102,5.15565,0.10635,0.10430,6.77131,0.10525,0.10617,0.65287,0.10545,0.10392,5.48870,0.21598,6.59428,6.39871,0.10143,0.10381,6.65393,0.10317,0.10151,0.10164,0.10293,0.10436,0.10216,0.10514,0.09990,0.10264,0.10087,0.10544,0.10682,0.10711
2103,5.45123,0.10601,0.10378,6.71563,0.10453,0.10575,1.24782,0.10530,0.10319,5.79349,0.20785,6.54391,6.58372,0.10127,0.10320,6.79429,0.10216,0.10075,0.10126,0.10181,0.10397,0.10130,0.10465,0.09982,0.10188,0.10047,0.10467,0.10651,0.10675
2104,5.92753,0.10542,0.10326,6.77947,0.10357,0.10530,4.92702,0.10496,0.10207,6.16728,2.02765,6.54794,6.61387,0.10085,0.10203,6.81638,0.10919,0.10882,0.10063,0.51026,0.10307,0.55432,0.10413,0.09985,0.10135,0.10033,0.10367,0.10577,0.10626
2105,6.29445,0.10500,0.10294,6.81241,0.10286,0.10482,6.75817,0.10408,0.10111,6.30083,6.23097,6.66120,6.72991,0.13663,1.29643,6.83011,4.57421,4.37734,1.11334,6.38243,0.12105,6.36811,0.10280,0.09992,0.10063,0.09971,0.10288,0.10506,0.10582
2106,6.37454,0.10470,0.10269,6.82689,0.10250,0.10463,6.69544,0.10355,0.10062,6.42511,6.32089,6.70148,6.72713,0.41125,3.63725,6.82916,6.47470,6.40653,3.48980,6.70861,0.30082,6.69644,0.10238,0.09994,0.10207,0.09958,0.10261,0.10456,0.10553
2107,6.52028,0.10442,0.10278,6.83664,0.10208,0.10419,6.69985,0.10374,0.10053,6.52117,6.21045,6.70178,6.79831,0.31626,1.51726,6.82546,4.50325,4.53107,1.79640,6.02137,0.17979,6.02272,0.10293,0.09995,0.10528,0.10013,0.10214,0.10419,0.10523
2108,6.53038,0.10402,0.10271,6.83059,0.10158,0.10379,6.82551,0.10490,0.10447,6.40560,6.52289,6.71096,6.81969,0.97648,3.78822,6.80955,6.19932,5.94116,3.42891,6.73909,0.77652,6.71060,0.13590,0.09992,0.16680,0.10496,0.10164,0.10364,0.10473
2109,6.52911,0.10366,0.10258,6.82615,0.10114,0.10358,6.82396,0.11361,0.11364,6.48215,6.56326,6.74176,6.82089,1.60972,5.08957,6.81313,6.62969,6.58448,4.63514,6.79816,1.72169,6.79263,0.27280,0.09994,0.24819,0.10956,0.10181,0.10303,0.10421
2110,6.57495,0.10334,0.10226,6.82337,0.10094,0.10338,6.59094,0.11092,0.11732,6.59370,6.21406,6.74936,6.81129,0.85444,2.62560,6.77068,4.92212,5.07018,2.96468,5.95222,0.70476,6.01672,0.18914,0.09995,0.17666,0.10581,0.10288,0.10254,0.10385
2111,6.57591,0.10299,0.10185,6.77851,0.10090,0.10299,4.58081,0.10691,0.11679,6.55139,4.11428,6.73430,6.71301,0.30761,0.85880,6.69239,2.10212,2.60597,1.25762,3.21617,0.27037,3.50902,0.14069,0.09994,0.13463,0.10134,0.10415,0.10212,0.10351
2112,6.52031,0.10244,0.10145,6.73500,0.10366,0.10306,5.91252,0.10803,0.11646,6.52548,5.18205,6.71582,6.69318,0.47320,0.93703,6.67326,2.38105,2.55246,1.25583,4.23261,0.27464,4.31409,0.13331,0.09997,0.14479,0.11131,0.10888,0.10198,0.10318
2113,6.53321,0.10208,0.10136,6.74608,0.10627,0.10257,4.19022,0.10785,0.11367,6.56068,3.60883,6.71830,6.62962,0.33223,0.60643,6.71767,1.45202,1.79132,0.90589,2.47065,0.21992,2.69770,0.13153,0.09996,0.13019,0.10622,0.10731,0.10195,0.10296
2114,6.38703,0.10183,0.10190,6.77221,0.10719,0.10227,1.36800,0.10455,0.11173,6.50731,1.43783,6.67854,6.34732,0.18132,0.24596,6.74530,0.48852,0.81091,0.44552,0.79090,0.14460,1.02149,0.11653,0.09999,0.11624,0.10265,0.10682,0.10210,0.10276
2115,5.99246,0.10187,0.10226,6.77662,0.10748,0.10223,0.52918,0.10322,0.10966,6.45572,0.74209,6.63747,6.23259,0.12238,0.14778,6.70882,0.21388,0.37042,0.20697,0.31009,0.12004,0.44811,0.10950,0.10000,0.10976,0.10151,0.10641,0.10232,0.10270
2116,5.54770,0.10198,0.10245,6.78443,0.10759,0.10227,0.26123,0.10272,0.10832,6.39524,0.48567,6.62642,6.28534,0.10902,0.12083,6.69711,0.14033,0.18498,0.13143,0.17156,0.11140,0.22006,0.10572,0.10000,0.10638,0.10117,0.10620,0.10252,0.10266
2117,5.36131,0.10220,0.10282,6.78961,0.10764,0.10234,0.16634,0.10251,0.10674,6.32005,0.38645,6.62339,6.28808,0.10591,0.11137,6.69774,0.11840,0.12778,0.11333,0.12822,0.10649,0.14019,0.10378,0.10000,0.10423,0.10096,0.10581,0.10276,0.10262
2118,5.36091,0.10239,0.10292,6.80258,0.10762,0.10243,0.14242,0.10250,0.10552,6.17687,0.34791,6.65132,6.45069,0.10458,0.10810,6.70837,0.11239,0.11667,0.10925,0.11706,0.10473,0.12180,0.10351,0.10001,0.10325,0.10070,0.10551,0.10296,0.10260
2119,5.31844,0.10236,0.10273,6.86212,0.10709,0.10263,0.12504,0.10270,0.10515,5.91277,0.31491,6.69223,6.33114,0.10276,0.10539,6.75042,0.10785,0.10911,0.10562,0.11005,0.10408,0.11174,0.10353,0.10001,0.10336,0.10059,0.10590,0.10286,0.10265
2120,5.24422,0.10227,0.10243,6.90465,0.10567,0.10298,0.11817,0.10325,0.10532,5.61331,0.29062,6.70217,6.39986,0.10190,0.10399,6.79927,0.10506,0.10518,0.10329,0.10615,0.10389,0.10654,0.10388,0.10000,0.10357,0.10062,0.10623,0.10266,0.10264
2121,5.15221,0.10214,0.10219,6.89305,0.10408,0.10329,0.11401,0.10383,0.10535,5.65596,0.26831,6.70038,6.29539,0.10218,0.10350,6.83755,0.10353,0.10281,0.10212,0.10386,0.10416,0.10367,0.10405,0.09999,0.10411,0.10080,0.10574,0.10249,0.10257
2122,5.26048,0.10199,0.10193,6.81830,0.10307,0.10362,0.11364,0.10420,0.10513,5.61979,0.24775,6.64938,6.50162,0.10227,0.10363,6.75539,0.10311,0.10191,0.10207,0.10296,0.10428,0.10237,0.10405,0.09999,0.10404,0.10078,0.10465,0.10247,0.10243
2123,5.63639,0.10193,0.10184,6.78504,0.10263,0.10358,0.11163,0.10449,0.10433,5.81737,0.23593,6.66073,6.41893,0.10253,0.10378,6.65261,0.10328,0.10200,0.10231,0.10296,0.10441,0.10221,0.10433,0.10000,0.10432,0.10109,0.10371,0.10263,0.10240
2124,5.15371,0.10173,0.10150,6.75645,0.10205,0.10323,0.14382,0.10428,0.10377,5.84942,0.21259,6.62835,6.30184,0.10279,0.10396,6.66302,0.10342,0.10210,0.10249,0.10304,0.10426,0.10227,0.10412,0.09992,0.10348,0.10065,0.10291,0.10257,0.10219
2125,5.31606,0.10137,0.10088,6.68259,0.10168,0.10296,5.65569,0.10356,0.10277,5.87066,3.45447,6.53233,6.53372,0.10234,0.10338,6.73559,0.13324,0.13072,0.10223,1.29150,0.10357,1.37309,0.10363,0.09993,0.10212,0.10014,0.10304,0.10220,0.10181
2126,5.85624,0.10114,0.10057,6.72144,0.10178,0.10269,6.46793,0.10312,0.10215,6.21097,5.58826,6.54123,6.57168,0.10198,0.10569,6.75557,0.42943,0.45884,0.10518,3.20469,0.10316,3.39511,0.10325,0.09996,0.10143,0.09989,0.10314,0.10197,0.10159
2127,6.23742,0.10090,0.10023,6.77173,0.10151,0.10238,6.03142,0.10278,0.10180,6.28518,4.47563,6.59317,6.65956,0.10130,0.10758,6.76930,0.44810,0.49212,0.10756,2.43000,0.10255,2.53098,0.10280,0.09994,0.10094,0.09969,0.10278,0.10174,0.10134
2128,6.31272,0.10056,0.09981,6.79620,0.10135,0.10202,5.80516,0.10224,0.10111,6.32745,4.36103,6.63933,6.68247,0.10523,0.27814,6.81346,1.35638,1.33930,0.26101,2.95521,0.10438,3.01523,0.10210,0.09997,0.10037,0.09958,0.10231,0.10146,0.10100
2129,6.38058,0.10031,0.09967,6.83855,0.10134,0.10183,6.73316,0.10726,0.10176,6.37113,6.41049,6.68712,6.73551,1.46223,4.96476,6.84326,6.55292,6.51234,4.70373,6.68707,1.75948,6.68233,0.24564,0.09999,0.17953,0.11134,0.10169,0.10118,0.10076
2130,6.59626,0.10004,0.09984,6.77447,0.10126,0.10511,6.73984,0.22091,0.10435,6.50899,6.48131,6.65268,6.67504,1.79095,5.12960,6.83586,6.41224,6.46042,5.04103,6.67041,2.54346,6.68371,0.70628,0.09999,0.21018,0.11856,0.10161,0.10093,0.10057
2131,6.63264,0.09980,0.09988,6.70366,0.10113,0.10349,5.26130,0.23911,0.11109,6.61644,4.85659,6.62266,6.55400,0.34596,1.65444,6.66652,3.10019,3.44603,1.62490,4.17297,0.73274,4.41437,0.40565,0.09997,0.13281,0.10429,0.10252,0.10067,0.10035
2132,6.38216,0.09950,0.09961,6.64582,0.10100,0.10187,1.97623,0.14942,0.12216,6.65177,1.93385,6.62867,6.28115,0.14829,0.53871,6.68468,0.88305,0.96649,0.38135,1.27397,0.37066,1.43139,0.34140,0.09996,0.13513,0.10127,0.10413,0.10041,0.10000
2133,5.59091,0.09936,0.09944,6.77743,0.10112,0.10122,0.67760,0.13145,0.12155,6.57422,0.85834,6.64599,5.99395,0.12939,0.31751,6.82233,0.38444,0.30261,0.18522,0.47479,0.29352,0.45481,0.25305,0.09999,0.13004,0.10057,0.10465,0.10030,0.09980
2134,4.90501,0.09936,0.09946,6.83082,0.10134,0.10095,0.29544,0.11572,0.11678,6.20217,0.52085,6.55231,5.74406,0.12443,0.24888,6.76442,0.25960,0.17640,0.15107,0.26650,0.23027,0.21668,0.19049,0.10000,0.12487,0.10060,0.10443,0.10029,0.09977
2135,4.34398,0.09939,0.09947,6.74110,0.10101,0.10148,0.21395,0.10664,0.11468,5.85310,0.39403,6.40979,5.91766,0.12006,0.20263,6.56803,0.20974,0.14921,0.13879,0.20926,0.18190,0.17009,0.13731,0.10000,0.11685,0.10075,0.10455,0.10031,0.09976
2136,4.63677,0.09941,0.09946,6.66395,0.10063,0.10247,0.18637,0.10630,0.11244,5.66200,0.34255,6.34282,6.09455,0.11277,0.17015,6.58615,0.18217,0.13953,0.13046,0.18280,0.14198,0.15426,0.11781,0.10000,0.11072,0.10080,0.10398,0.10035,0.09978
2137,5.00145,0.09942,0.09946,6.73405,0.10049,0.10284,0.17225,0.10610,0.11090,5.35410,0.31648,6.36447,6.02886,0.10776,0.14482,6.64992,0.16149,0.13254,0.12228,0.16615,0.12357,0.14546,0.11423,0.10000,0.10791,0.10063,0.10357,0.10039,0.09978
2138,5.71189,0.09942,0.09947,6.82250,0.10035,0.10277,0.15392,0.10640,0.10883,5.57510,0.28228,6.37062,5.95901,0.10522,0.12312,6.69061,0.13488,0.12084,0.11248,0.14140,0.11492,0.13060,0.11116,0.10000,0.10715,0.10052,0.10273,0.10040,0.09977
2139,5.21711,0.09943,0.09946,6.82034,0.10023,0.10285,0.13120,0.10649,0.10719,5.93108,0.24878,6.40810,5.99309,0.10435,0.11348,6.68074,0.11725,0.11076,0.10721,0.12031,0.11069,0.11573,0.10785,0.10000,0.10555,0.10042,0.10221,0.10046,0.09976
2140,4.49353,0.09938,0.09938,6.74893,0.10013,0.10298,0.11961,0.10500,0.10598,5.73431,0.22298,6.35808,6.00063,0.10370,0.10873,6.67254,0.11042,0.10635,0.10522,0.11098,0.10632,0.10829,0.10547,0.09997,0.10361,0.10031,0.10308,0.10040,0.09968
2141,4.79662,0.09933,0.09925,6.73644,0.10018,0.10305,0.11613,0.10305,0.10448,5.55848,0.20595,6.30258,6.16916,0.10277,0.10533,6.75728,0.10706,0.10463,0.10390,0.10758,0.10401,0.10564,0.10338,0.09996,0.10233,0.10051,0.10392,0.10050,0.09959
2142,5.48477,0.09941,0.09920,6.84164,0.10096,0.10266,3.00196,0.10156,0.10268,5.43925,0.44723,6.39188,6.52071,0.10238,0.10375,6.90116,0.10512,0.10378,0.10313,0.10763,0.10253,0.10719,0.10170,0.09996,0.10151,0.10069,0.10392,0.10112,0.09957
2143,5.84940,0.09949,0.09919,6.93214,0.10111,0.10222,4.53263,0.10104,0.10190,5.70241,1.55489,6.58077,6.81165,0.10201,0.10339,6.95790,0.10612,0.10537,0.10276,0.29356,0.10200,0.32857,0.10110,0.09998,0.10112,0.10049,0.10306,0.10158,0.09959
2144,6.17359,0.09953,0.09919,6.95317,0.10074,0.10194,5.78703,0.10088,0.10161,5.81598,4.15699,6.66649,6.90063,0.10147,0.10342,6.95519,0.15466,0.16458,0.10268,1.57069,0.10194,1.72890,0.10106,0.09998,0.10090,0.10031,0.10266,0.10169,0.09961
2145,6.13235,0.09954,0.09914,6.94154,0.10074,0.10175,0.29308,0.10075,0.10136,5.86081,0.29725,6.62677,6.61927,0.10072,0.10193,6.88371,0.10317,0.10289,0.10175,0.10801,0.10110,0.10910,0.10071,0.09999,0.10062,0.10027,0.10219,0.10166,0.09967
2146,5.72641,0.09952,0.09916,6.87869,0.10116,0.10169,0.11836,0.10075,0.10110,5.72211,0.22518,6.55409,6.40501,0.10043,0.10118,6.77580,0.10186,0.10181,0.10118,0.10245,0.10066,0.10235,0.10058,0.10000,0.10045,0.10020,0.10174,0.10158,0.09966
2147,5.37091,0.09951,0.09919,6.81470,0.10117,0.10166,0.11225,0.10085,0.10098,5.62986,0.19804,6.48914,6.36069,0.10021,0.10057,6.69473,0.10087,0.10090,0.10050,0.10115,0.10047,0.10118,0.10051,0.09999,0.10041,0.10020,0.10157,0.10149,0.09966
2148,5.27073,0.09952,0.09920,6.69590,0.10113,0.10156,0.10868,0.10092,0.10084,5.73192,0.18172,6.46301,6.28232,0.10010,0.10030,6.50121,0.10033,0.10026,0.10014,0.10043,0.10036,0.10041,0.10056,0.09999,0.10034,0.10019,0.10137,0.10138,0.09963
2149,5.44449,0.09961,0.09920,6.50836,0.10072,0.10129,0.80644,0.10085,0.10070,6.07100,0.17046,6.41909,6.38463,0.09996,0.10007,6.38649,0.09995,0.09978,0.09986,0.10000,0.10029,0.09996,0.10054,0.09998,0.10025,0.10022,0.10118,0.10133,0.09972
2150,6.04099,0.09969,0.09921,6.50196,0.10031,0.10100,5.83014,0.10061,0.10051,5.84811,4.07688,6.44558,6.50041,0.09976,0.10111,6.40061,0.36755,0.38189,0.10101,2.57718,0.10002,2.64656,0.10032,0.09999,0.10008,0.10013,0.10093,0.10121,0.09984
2151,6.16399,0.09970,0.09918,6.56095,0.09992,0.10086,5.09024,0.10043,0.10044,5.79906,3.64894,6.50426,6.52216,0.09972,0.10121,6.43726,0.28290,0.32884,0.10144,1.86337,0.09987,2.00352,0.10013,0.09999,0.10006,0.10005,0.10079,0.10107,0.09987
2152,5.96783,0.09972,0.09915,6.54939,0.09970,0.10079,0.43669,0.10040,0.10044,5.98979,0.36052,6.50584,6.20116,0.09985,0.09983,6.39264,0.10160,0.10351,0.09973,0.12058,0.09994,0.13011,0.10014,0.10000,0.10011,0.10003,0.10058,0.10097,0.09988
2153,5.17345,0.09977,0.09914,6.49770,0.09969,0.10069,0.11142,0.10042,0.10034,6.01590,0.19635,6.39399,5.98088,0.09996,0.09991,6.42350,0.09979,0.09968,0.09981,0.09975,0.10006,0.09969,0.10022,0.09999,0.10016,0.10005,0.10017,0.10089,0.09987
2154,5.00113,0.09982,0.09908,6.54651,0.09962,0.10052,0.10800,0.10038,0.10016,5.78966,0.17234,6.36123,6.06321,0.09993,0.09994,6.46111,0.09981,0.09970,0.09982,0.09974,0.10009,0.09966,0.10024,0.09999,0.10009,0.09997,0.09994,0.10077,0.09985
2155,5.26829,0.09976,0.09894,6.61399,0.09945,0.10031,1.31341,0.10024,0.09995,5.50611,0.16810,6.35713,6.42312,0.09974,0.09974,6.47805,0.09957,0.09941,0.09958,0.09963,0.09993,0.09972,0.10011,0.09996,0.09990,0.09979,0.09976,0.10059,0.09974
2156,5.82295,0.09971,0.09883,6.61709,0.09931,0.10015,3.06812,0.10010,0.09978,5.36710,0.59702,6.40078,6.53077,0.09957,0.09953,6.47062,0.09933,0.09917,0.09936,0.10547,0.09977,0.10640,0.09997,0.09999,0.09974,0.09972,0.09962,0.10042,0.09965
2157,5.69640,0.09967,0.09884,6.54494,0.09930,0.10013,0.11164,0.10011,0.09978,5.41174,0.15273,6.34937,6.16021,0.09968,0.09969,6.48058,0.09950,0.09932,0.09949,0.09936,0.09988,0.09926,0.10003,0.10000,0.09976,0.09980,0.09967,0.10034,0.09971
2158,5.19032,0.09964,0.09885,6.55020,0.09932,0.10000,0.10638,0.10005,0.09966,5.42213,0.14204,6.30184,6.07528,0.09972,0.09976,6.49902,0.09959,0.09939,0.09957,0.09947,0.09991,0.09935,0.10000,0.09997,0.09971,0.09971,0.09954,0.10023,0.09971
2159,5.38903,0.09970,0.09890,6.56928,0.09928,0.09982,0.66084,0.09993,0.09950,5.43979,0.13762,6.30457,6.39542,0.09963,0.09968,6.48643,0.09947,0.09930,0.09949,0.09940,0.09982,0.09933,0.09988,0.09998,0.09960,0.09961,0.09941,0.10007,0.09968
2160,5.96333,0.09969,0.09888,6.61270,0.09923,0.09970,5.74014,0.09981,0.09939,5.39740,1.34518,6.34153,6.58676,0.09954,0.09949,6.47719,0.09934,0.09926,0.09935,0.13860,0.09970,0.15645,0.09978,0.09997,0.09952,0.09959,0.09932,0.09991,0.09961
2161,6.43541,0.09956,0.09877,6.75496,0.09913,0.09954,6.62380,0.09962,0.09925,5.65460,5.89490,6.52347,6.71731,0.09986,0.25401,6.58359,2.23900,2.17951,0.22420,5.17870,0.09962,5.24179,0.09955,0.09996,0.09940,0.09952,0.09914,0.09975,0.09942
2162,6.71654,0.09947,0.09869,6.87576,0.09898,0.09945,6.40904,0.09946,0.09915,6.23527,5.66706,6.75300,6.85878,0.10325,0.57217,6.75318,3.34009,3.53388,0.53004,5.27047,0.10121,5.44132,0.09938,0.09999,0.09931,0.09955,0.09906,0.09961,0.09930
2163,6.61326,0.09940,0.09871,6.82856,0.09895,0.09945,1.49862,0.09947,0.09916,6.56837,1.14131,6.69632,6.49806,0.09964,0.10899,6.60960,0.21556,0.27085,0.11541,0.51439,0.09939,0.63257,0.09942,0.10000,0.09935,0.09965,0.09911,0.09957,0.09929
2164,5.98976,0.09934,0.09871,6.55537,0.09897,0.09940,3.04796,0.09943,0.09915,6.23314,1.33896,6.46297,6.41161,0.09944,0.09980,6.42467,0.10484,0.10798,0.10048,0.26038,0.09935,0.28804,0.09940,0.09998,0.09942,0.09962,0.09909,0.09948,0.09930
2165,6.10005,0.09929,0.09874,6.51795,0.09890,0.09934,4.31819,0.09934,0.09912,6.06054,2.58510,6.41771,6.47363,0.09946,0.10010,6.44751,0.11062,0.11444,0.10066,0.61832,0.09929,0.70417,0.09931,0.09999,0.09937,0.09962,0.09904,0.09938,0.09926
2166,6.11149,0.09911,0.09870,6.55667,0.09881,0.09928,2.60609,0.09927,0.09912,6.16879,0.69958,6.45269,6.41806,0.09941,0.09967,6.43039,0.10338,0.10527,0.10009,0.15463,0.09925,0.16888,0.09925,0.09998,0.09936,0.09965,0.09907,0.09925,0.09916
2167,6.12115,0.09890,0.09859,6.47781,0.09869,0.09917,0.16185,0.09916,0.09904,6.19384,0.25054,6.38696,6.17694,0.09931,0.09918,6.37014,0.09991,0.10060,0.09936,0.10226,0.09914,0.10330,0.09914,0.09996,0.09929,0.09957,0.09901,0.09909,0.09901
2168,5.85930,0.09871,0.09854,6.44513,0.09864,0.09906,0.11022,0.09906,0.09895,5.99128,0.20420,6.31346,5.93704,0.09918,0.09892,6.37063,0.09887,0.09894,0.09898,0.09898,0.09899,0.09909,0.09902,0.09997,0.09919,0.09944,0.09894,0.09896,0.09890
2169,5.54357,0.09862,0.09856,6.49179,0.09868,0.09900,0.10618,0.09901,0.09893,5.85237,0.18604,6.34169,5.98286,0.09916,0.09884,6.39374,0.09874,0.09874,0.09892,0.09868,0.09893,0.09867,0.09898,0.09999,0.09916,0.09946,0.09890,0.09889,0.09884
2170,5.57747,0.09861,0.09859,6.48612,0.09879,0.09899,0.18703,0.09900,0.09896,5.71304,0.17826,6.32075,6.24445,0.09921,0.09884,6.34929,0.09872,0.09876,0.09893,0.09866,0.09895,0.09867,0.09900,0.10000,0.09925,0.09957,0.09888,0.09889,0.09883
2171,5.51627,0.09862,0.09860,6.47398,0.09885,0.09897,1.47002,0.09899,0.09897,5.44530,0.22010,6.32446,6.25167,0.09936,0.09886,6.36927,0.09874,0.09880,0.09900,0.09899,0.09899,0.09928,0.09901,0.10000,0.09928,0.09963,0.09885,0.09889,0.09882
2172,5.96695,0.09861,0.09855,6.48577,0.09878,0.09888,1.10810,0.09892,0.09890,5.48188,0.19899,6.36063,6.40211,0.09936,0.09876,6.38168,0.09860,0.09865,0.09891,0.09881,0.09897,0.09897,0.09895,0.09997,0.09921,0.09956,0.09880,0.09885,0.09876
2173,5.81130,0.09857,0.09852,6.42307,0.09874,0.09881,2.70315,0.09883,0.09890,5.70089,0.62260,6.31208,6.25121,0.09916,0.09868,6.36508,0.09847,0.09850,0.09876,0.10782,0.09889,0.10818,0.09886,0.09999,0.09921,0.09952,0.09878,0.09877,0.09870
2174,5.39352,0.09856,0.09851,6.42807,0.09874,0.09878,0.45669,0.09880,0.09889,5.88238,0.14687,6.30505,6.01894,0.09930,0.09884,6.37501,0.09872,0.09877,0.09901,0.09864,0.09887,0.09869,0.09882,0.09999,0.09916,0.09951,0.09876,0.09873,0.09868
2175,5.55629,0.09855,0.09851,6.43130,0.09870,0.09875,0.50970,0.09878,0.09889,5.76554,0.13852,6.27819,6.18843,0.09930,0.09880,6.32013,0.09874,0.09883,0.09902,0.09873,0.09884,0.09883,0.09880,0.10000,0.09920,0.09955,0.09877,0.09871,0.09865
2176,5.65380,0.09854,0.09855,6.37470,0.09871,0.09875,4.56220,0.09877,0.09897,5.67237,1.21557,6.21322,6.35204,0.09923,0.09873,6.25462,0.09871,0.09879,0.09892,0.14462,0.09881,0.15613,0.09881,0.10000,0.09929,0.09966,0.09880,0.09870,0.09864
2177,5.89409,0.09854,0.09857,6.36526,0.09875,0.09875,6.30764,0.09877,0.09905,5.22564,4.94698,6.21763,6.39360,0.09921,0.09867,6.23928,0.12347,0.12871,0.09882,1.66935,0.09880,1.90880,0.09882,0.10000,0.09937,0.09970,0.09882,0.09869,0.09864
2178,5.88271,0.09856,0.09859,6.31757,0.09878,0.09875,1.41798,0.09875,0.09903,5.14898,0.59808,6.22178,6.19480,0.09943,0.09874,6.19980,0.09943,0.10010,0.09894,0.13842,0.09892,0.14893,0.09884,0.09999,0.09936,0.09970,0.09880,0.09869,0.09864
2179,5.41270,0.09855,0.09860,6.26994,0.09880,0.09873,0.11404,0.09872,0.09899,5.38852,0.18722,6.17543,5.92148,0.09954,0.09889,6.20374,0.09872,0.09884,0.09914,0.09869,0.09898,0.09877,0.09883,0.09999,0.09933,0.09971,0.09877,0.09867,0.09863
2180,5.26769,0.09854,0.09861,6.33088,0.09881,0.09870,0.10796,0.09869,0.09897,5.72905,0.17215,6.23242,5.84029,0.09957,0.09901,6.27842,0.09889,0.09903,0.09931,0.09879,0.09902,0.09886,0.09883,0.10000,0.09929,0.09974,0.09874,0.09865,0.09861
2181,5.10411,0.09848,0.09856,6.41828,0.09878,0.09866,0.49347,0.09863,0.09889,5.81736,0.15845,6.24732,5.99860,0.09943,0.09900,6.29407,0.09900,0.09920,0.09935,0.09901,0.09890,0.09915,0.09872,0.09997,0.09924,0.09967,0.09868,0.09860,0.09856
2182,5.44017,0.09841,0.09849,6.38954,0.09872,0.09859,2.91745,0.09858,0.09885,5.78661,0.19339,6.26133,6.35362,0.09938,0.09892,6.25813,0.09892,0.09907,0.09922,0.09955,0.09890,0.10022,0.09873,0.09999,0.09926,0.09961,0.09862,0.09855,0.09850
2183,5.68536,0.09827,0.09843,6.34611,0.09856,0.09848,0.38542,0.09846,0.09872,5.89637,0.14787,6.26304,6.12507,0.09932,0.09882,6.23983,0.09881,0.09895,0.09909,0.09888,0.09891,0.09897,0.09868,0.09996,0.09913,0.09951,0.09851,0.09844,0.09838
2184,5.94621,0.09803,0.09825,6.29036,0.09828,0.09829,3.10341,0.09829,0.09863,5.90096,1.14470,6.15607,6.07872,0.09900,0.09861,6.20599,0.09878,0.09890,0.09875,0.18510,0.09874,0.19903,0.09851,0.09995,0.09902,0.09931,0.09836,0.09825,0.09816
2185,5.82637,0.09782,0.09804,6.29575,0.09808,0.09814,0.55221,0.09814,0.09847,5.68912,0.21834,6.18233,6.02693,0.09890,0.09850,6.21251,0.09840,0.09844,0.09859,0.09987,0.09858,0.10026,0.09838,0.09996,0.09889,0.09926,0.09819,0.09809,0.09798
2186,5.55078,0.09770,0.09798,6.30216,0.09798,0.09805,0.10590,0.09805,0.09840,5.70367,0.14433,6.15200,5.81377,0.09882,0.09845,6.20854,0.09840,0.09842,0.09860,0.09832,0.09833,0.09833,0.09815,0.09999,0.09881,0.09927,0.09812,0.09798,0.09786
2187,5.48507,0.09771,0.09804,6.35259,0.09805,0.09804,0.10485,0.09805,0.09844,5.75128,0.13758,6.21152,5.88657,0.09893,0.09838,6.33335,0.09845,0.09855,0.09867,0.09844,0.09824,0.09847,0.09813,0.10000,0.09887,0.09943,0.09814,0.09796,0.09785
2188,5.35068,0.09770,0.09804,6.47041,0.09817,0.09804,0.10493,0.09806,0.09842,5.64012,0.13318,6.25613,6.13490,0.09918,0.09831,6.36185,0.09839,0.09861,0.09873,0.09843,0.09829,0.09852,0.09814,0.09999,0.09887,0.09951,0.09808,0.09794,0.09782
2189,5.58343,0.09767,0.09804,6.47909,0.09821,0.09802,0.52362,0.09805,0.09839,5.26295,0.13094,6.21633,6.35682,0.09926,0.09821,6.31860,0.09826,0.09850,0.09869,0.09833,0.09839,0.09843,0.09819,0.09999,0.09895,0.09957,0.09803,0.09792,0.09779
2190,5.41626,0.09766,0.09814,6.39168,0.09826,0.09800,0.10434,0.09803,0.09839,5.01130,0.12628,6.13567,6.01608,0.09933,0.09839,6.26194,0.09825,0.09857,0.09890,0.09824,0.09844,0.09840,0.09815,0.10000,0.09899,0.09964,0.09805,0.09790,0.09777
2191,4.96072,0.09763,0.09812,6.33378,0.09826,0.09798,0.10945,0.09801,0.09835,4.89756,0.12167,6.08667,6.02907,0.09937,0.09849,6.21495,0.09852,0.09891,0.09912,0.09847,0.09837,0.09867,0.09810,0.09999,0.09893,0.09961,0.09809,0.09787,0.09773
2192,5.04762,0.09752,0.09805,6.25780,0.09810,0.09789,0.10410,0.09791,0.09827,4.63700,0.11826,5.83000,5.81776,0.09920,0.09830,6.13316,0.09832,0.09874,0.09893,0.09838,0.09830,0.09860,0.09799,0.09997,0.09880,0.09952,0.09803,0.09778,0.09762
2193,4.54022,0.09747,0.09810,6.21118,0.09808,0.09783,0.10397,0.09784,0.09830,3.71389,0.11590,5.63065,5.71699,0.09901,0.09821,6.14639,0.09820,0.09861,0.09881,0.09820,0.09806,0.09843,0.09791,0.09999,0.09886,0.09958,0.09799,0.09771,0.09755
2194,4.44904,0.09743,0.09812,6.26036,0.09810,0.09779,0.10385,0.09780,0.09832,4.01022,0.11408,5.73000,5.74084,0.09914,0.09816,6.21304,0.09826,0.09870,0.09880,0.09830,0.09807,0.09854,0.09789,0.09999,0.09891,0.09965,0.09797,0.09767,0.09750
2195,4.45098,0.09736,0.09797,6.30908,0.09804,0.09775,0.11137,0.09776,0.09825,4.01139,0.11183,5.74502,5.90290,0.09921,0.09809,6.26829,0.09814,0.09861,0.09880,0.09822,0.09810,0.09847,0.09783,0.09998,0.09883,0.09956,0.09792,0.09761,0.09741
2196,4.51874,0.09724,0.09778,6.33790,0.09790,0.09766,0.10489,0.09767,0.09818,3.77849,0.11030,5.71624,5.92785,0.09905,0.09790,6.31992,0.09787,0.09832,0.09857,0.09797,0.09798,0.09820,0.09777,0.09996,0.09879,0.09940,0.09784,0.09751,0.09729
2197,4.75379,0.09710,0.09760,6.35845,0.09779,0.09755,0.28685,0.09755,0.09815,4.31233,0.10917,5.81409,6.07958,0.09889,0.09774,6.29830,0.09765,0.09803,0.09831,0.09775,0.09790,0.09794,0.09772,0.09998,0.09877,0.09937,0.09777,0.09739,0.09716
2198,5.17152,0.09704,0.09769,6.38216,0.09776,0.09749,2.17051,0.09752,0.09825,4.65575,0.17776,6.06171,6.19163,0.09892,0.09782,6.31275,0.09765,0.09796,0.09829,0.09787,0.09803,0.09804,0.09781,0.10000,0.09887,0.09957,0.09774,0.09734,0.09711
2199,5.37802,0.09709,0.09792,6.42832,0.09779,0.09747,0.10349,0.09748,0.09836,5.11499,0.10725,6.17985,5.92358,0.09908,0.09817,6.36381,0.09797,0.09825,0.09860,0.09785,0.09813,0.09802,0.09781,0.10000,0.09897,0.09974,0.09776,0.09736,0.09711
2200,4.99691,0.09714,0.09804,6.41646,0.09785,0.09745,0.10114,0.09744,0.09837,5.53921,0.10650,6.17849,5.58275,0.09925,0.09830,6.32847,0.09831,0.09861,0.09886,0.09824,0.09812,0.09839,0.09772,0.10000,0.09904,0.09980,0.09777,0.09737,0.09711
2201,4.15979,0.09716,0.09798,6.38300,0.09805,0.09750,0.10236,0.09750,0.09842,5.42328,0.10544,6.10384,5.47592,0.09938,0.09844,6.28777,0.09848,0.09893,0.09915,0.09852,0.09815,0.09875,0.09757,0.10000,0.09882,0.09980,0.09783,0.09740,0.09713
2202,3.87931,0.09718,0.09771,6.35262,0.09824,0.09761,0.10296,0.09771,0.09854,4.89428,0.10486,6.03670,5.64261,0.09926,0.09870,6.29607,0.09868,0.09917,0.09940,0.09868,0.09812,0.09896,0.09758,0.10000,0.09841,0.09968,0.09798,0.09743,0.09717
2203,4.32660,0.09724,0.09755,6.33390,0.09812,0.09773,0.10304,0.09791,0.09859,4.65348,0.10459,5.99387,5.65236,0.09907,0.09872,6.32031,0.09887,0.09934,0.09945,0.09889,0.09808,0.09917,0.09777,0.10000,0.09820,0.09947,0.09825,0.09749,0.09722
2204,4.51319,0.09731,0.09750,6.30364,0.09792,0.09785,0.10394,0.09810,0.09856,4.75226,0.10427,5.98995,5.67848,0.09895,0.09856,6.33179,0.09881,0.09934,0.09934,0.09895,0.09807,0.09925,0.09797,0.10001,0.09819,0.09932,0.09840,0.09753,0.09729
2205,4.62612,0.09738,0.09753,6.27779,0.09787,0.09793,0.10424,0.09825,0.09857,4.84042,0.10382,5.88965,5.78107,0.09895,0.09848,6.30979,0.09866,0.09921,0.09920,0.09881,0.09812,0.09914,0.09813,0.10001,0.09830,0.09935,0.09835,0.09757,0.09736
2206,4.74199,0.09746,0.09764,6.24152,0.09790,0.09794,0.10442,0.09833,0.09860,4.81881,0.10338,5.75105,5.81795,0.09905,0.09852,6.27024,0.09860,0.09908,0.09913,0.09871,0.09826,0.09901,0.09826,0.10001,0.09846,0.09946,0.09825,0.09760,0.09746
2207,4.74322,0.09753,0.09767,6.25060,0.09794,0.09789,0.10428,0.09832,0.09859,4.26057,0.10281,5.61162,5.80714,0.09906,0.09869,6.27340,0.09866,0.09896,0.09912,0.09868,0.09844,0.09888,0.09830,0.10000,0.09851,0.09937,0.09819,0.09761,0.09753
2208,4.76364,0.09752,0.09760,6.26322,0.09788,0.09788,1.49045,0.09828,0.09856,3.73586,0.17007,5.51084,6.02356,0.09902,0.09878,6.21568,0.09874,0.09890,0.09906,0.09904,0.09857,0.09916,0.09828,0.09999,0.09849,0.09926,0.09817,0.09759,0.09751
2209,5.19275,0.09747,0.09759,6.20883,0.09779,0.09794,6.17063,0.09824,0.09852,3.50667,3.92697,5.53604,6.21959,0.09904,0.09868,6.16487,0.10495,0.10719,0.09885,0.86396,0.09870,1.00658,0.09828,0.09998,0.09860,0.09936,0.09812,0.09757,0.09747
2210,5.83349,0.09745,0.09760,6.20837,0.09776,0.09796,6.02688,0.09820,0.09853,4.20601,4.42094,5.72967,6.22311,0.09902,0.10000,6.17070,0.27896,0.28503,0.10001,2.18484,0.09871,2.33519,0.09829,0.09999,0.09871,0.09944,0.09806,0.09757,0.09743
2211,6.15816,0.09743,0.09760,6.25683,0.09777,0.09796,5.37486,0.09820,0.09855,5.21303,3.67238,6.00033,6.26037,0.09908,0.10015,6.21523,0.24020,0.25550,0.10033,1.62760,0.09874,1.73857,0.09832,0.10000,0.09878,0.09955,0.09799,0.09758,0.09742
2212,6.15913,0.09744,0.09768,6.29052,0.09779,0.09795,1.34593,0.09821,0.09858,5.93527,0.62588,6.17578,6.20161,0.09917,0.09891,6.23614,0.10411,0.10866,0.09914,0.16474,0.09870,0.18710,0.09829,0.10001,0.09882,0.09967,0.09795,0.09759,0.09743
2213,5.83570,0.09747,0.09778,6.29480,0.09782,0.09795,0.22348,0.09823,0.09862,6.09523,0.26328,6.20130,6.09744,0.09923,0.09884,6.23996,0.09937,0.10015,0.09906,0.10368,0.09862,0.10635,0.09828,0.10001,0.09889,0.09977,0.09794,0.09761,0.09745
2214,5.53413,0.09750,0.09790,6.27964,0.09787,0.09795,0.11652,0.09824,0.09865,5.91444,0.21516,6.09486,6.06022,0.09928,0.09881,6.22325,0.09894,0.09913,0.09914,0.09920,0.09854,0.09947,0.09829,0.10001,0.09896,0.09984,0.09795,0.09762,0.09748
2215,5.36421,0.09748,0.09795,6.24050,0.09785,0.09789,0.10918,0.09819,0.09859,5.51493,0.19667,5.97432,5.95166,0.09922,0.09864,6.19447,0.09879,0.09901,0.09910,0.09885,0.09841,0.09895,0.09825,0.09997,0.09895,0.09980,0.09790,0.09759,0.09745
2216,5.17190,0.09742,0.09794,6.19643,0.09777,0.09777,0.10749,0.09808,0.09849,4.91710,0.18331,5.85954,5.88099,0.09909,0.09842,6.15324,0.09855,0.09885,0.09894,0.09862,0.09827,0.09875,0.09817,0.09997,0.09890,0.09970,0.09781,0.09751,0.09737
2217,5.11378,0.09729,0.09787,6.19443,0.09764,0.09765,2.06962,0.09796,0.09841,4.77476,0.38003,5.87567,6.01103,0.09895,0.09825,6.15325,0.09837,0.09865,0.09873,0.10144,0.09817,0.10266,0.09808,0.09995,0.09889,0.09960,0.09770,0.09740,0.09724
2218,5.69905,0.09714,0.09776,6.23802,0.09755,0.09757,6.15602,0.09788,0.09838,5.21631,4.18737,6.02197,6.21969,0.09877,0.09814,6.17144,0.10897,0.11099,0.09845,0.99181,0.09810,1.17354,0.09802,0.09996,0.09891,0.09952,0.09760,0.09730,0.09710
2219,6.12738,0.09702,0.09769,6.24900,0.09744,0.09745,5.06617,0.09767,0.09836,5.63886,2.35682,6.11361,6.26317,0.09850,0.09792,6.18049,0.10475,0.10573,0.09818,0.43569,0.09796,0.48826,0.09787,0.09994,0.09879,0.09941,0.09763,0.09719,0.09697
2220,6.18239,0.09677,0.09729,6.23250,0.09730,0.09725,6.11580,0.09729,0.09826,5.92046,4.60279,6.18545,6.24662,0.09787,0.10013,6.26895,0.32142,0.28789,0.10108,2.14282,0.09759,2.23237,0.09757,0.09992,0.09837,0.09902,0.09771,0.09703,0.09671
2221,6.18787,0.09664,0.09681,6.33895,0.09726,0.09712,6.22119,0.09716,0.09805,6.08196,5.79754,6.27598,6.25101,0.09926,0.51159,6.38572,3.22634,2.51992,0.28169,5.83132,0.10225,5.76251,0.09750,0.09998,0.09821,0.09892,0.09760,0.09699,0.09659
2222,6.21877,0.09664,0.09676,6.38687,0.09717,0.09706,4.68591,0.09722,0.09792,6.16429,3.83664,6.31672,6.24519,0.09905,0.31901,6.41905,1.44680,0.93696,0.19333,2.95438,0.10451,2.62877,0.09764,0.09998,0.09832,0.09926,0.09735,0.09695,0.09657
2223,5.83476,0.09658,0.09707,6.42515,0.09716,0.09700,0.58331,0.09698,0.09803,6.10731,0.58885,6.21393,5.87435,0.09840,0.10244,6.42627,0.13744,0.15483,0.10512,0.23299,0.09753,0.24456,0.09714,0.09998,0.09830,0.09947,0.09739,0.09686,0.09647
2224,5.03695,0.09658,0.09734,6.44908,0.09719,0.09694,0.15178,0.09689,0.09809,5.76761,0.31381,6.15980,5.81636,0.09852,0.09785,6.43478,0.10051,0.10458,0.09885,0.10751,0.09728,0.11374,0.09703,0.10000,0.09849,0.09965,0.09736,0.09682,0.09642
2225,4.62732,0.09669,0.09761,6.46911,0.09726,0.09691,0.11490,0.09687,0.09825,5.46670,0.27188,6.16167,5.94138,0.09887,0.09755,6.43849,0.09795,0.09897,0.09831,0.09898,0.09733,0.10031,0.09704,0.10000,0.09872,0.09980,0.09729,0.09681,0.09640
2226,4.72609,0.09677,0.09778,6.49321,0.09733,0.09691,0.11030,0.09693,0.09833,5.23469,0.25299,6.17554,6.01641,0.09917,0.09764,6.46109,0.09779,0.09835,0.09851,0.09791,0.09752,0.09837,0.09735,0.10000,0.09894,0.09989,0.09725,0.09680,0.09641
2227,5.04647,0.09667,0.09778,6.54201,0.09753,0.09699,0.10810,0.09723,0.09811,5.27358,0.23628,6.32118,6.03008,0.09946,0.09808,6.52894,0.09806,0.09864,0.09897,0.09803,0.09816,0.09833,0.09785,0.10001,0.09895,0.09994,0.09728,0.09683,0.09650
2228,5.22569,0.09662,0.09776,6.52527,0.09769,0.09703,0.10509,0.09735,0.09795,5.51222,0.22262,6.33343,5.83654,0.09945,0.09851,6.55192,0.09832,0.09897,0.09928,0.09827,0.09845,0.09863,0.09788,0.09999,0.09877,0.09990,0.09725,0.09685,0.09655
2229,4.94493,0.09673,0.09795,6.51476,0.09772,0.09699,0.10490,0.09724,0.09819,5.60982,0.21113,6.31829,5.60950,0.09918,0.09855,6.52151,0.09863,0.09915,0.09923,0.09862,0.09823,0.09893,0.09759,0.10000,0.09865,0.09989,0.09730,0.09684,0.09652
2230,4.48205,0.09682,0.09814,6.51971,0.09777,0.09698,0.10645,0.09718,0.09831,5.65520,0.19735,6.23967,5.79940,0.09906,0.09837,6.50317,0.09866,0.09920,0.09910,0.09876,0.09791,0.09907,0.09745,0.10000,0.09877,0.09994,0.09732,0.09684,0.09654
2231,4.47756,0.09690,0.09831,6.52914,0.09780,0.09698,0.10577,0.09714,0.09836,5.23555,0.18875,6.23110,5.95903,0.09914,0.09816,6.51708,0.09846,0.09908,0.09897,0.09865,0.09781,0.09900,0.09743,0.10000,0.09892,0.09997,0.09733,0.09685,0.09655
2232,4.66246,0.09697,0.09846,6.54490,0.09787,0.09698,0.10492,0.09712,0.09839,4.95491,0.18156,6.22170,5.91764,0.09926,0.09810,6.52940,0.09832,0.09898,0.09898,0.09848,0.09782,0.09886,0.09742,0.10000,0.09902,0.10000,0.09734,0.09687,0.09657
2233,4.68468,0.09703,0.09858,6.54622,0.09795,0.09699,0.10371,0.09711,0.09842,5.08680,0.17578,6.21702,5.78441,0.09935,0.09812,6.51816,0.09830,0.09899,0.09906,0.09842,0.09786,0.09881,0.09741,0.10000,0.09910,0.10002,0.09736,0.09689,0.09658
2234,4.48366,0.09708,0.09867,6.52918,0.09801,0.09699,0.10503,0.09709,0.09842,5.09361,0.17028,6.11713,5.80775,0.09939,0.09815,6.47980,0.09831,0.09902,0.09911,0.09840,0.09786,0.09881,0.09738,0.10000,0.09914,0.10000,0.09738,0.09690,0.09659
2235,4.60367,0.09713,0.09874,6.49943,0.09804,0.09697,0.10546,0.09706,0.09840,4.99861,0.16534,5.89058,5.86276,0.09939,0.09814,6.44318,0.09831,0.09903,0.09912,0.09840,0.09784,0.09881,0.09735,0.10000,0.09917,0.09998,0.09737,0.09690,0.09659
2236,4.82959,0.09717,0.09881,6.49716,0.09807,0.09697,0.10822,0.09705,0.09844,5.40541,0.16120,5.90982,6.01111,0.09942,0.09814,6.44600,0.09832,0.09905,0.09913,0.09842,0.09786,0.09883,0.09738,0.10000,0.09924,0.09998,0.09737,0.09691,0.09659
2237,5.00476,0.09719,0.09886,6.52543,0.09815,0.09698,0.10656,0.09706,0.09847,5.51207,0.15770,6.11545,6.09209,0.09950,0.09816,6.46934,0.09834,0.09908,0.09915,0.09845,0.09797,0.09887,0.09744,0.10000,0.09933,0.10000,0.09739,0.09692,0.09660
2238,5.00509,0.09721,0.09889,6.53482,0.09821,0.09697,0.13906,0.09704,0.09841,5.33794,0.15352,6.09478,6.06172,0.09952,0.09823,6.46110,0.09834,0.09907,0.09920,0.09844,0.09800,0.09887,0.09741,0.09999,0.09929,0.09997,0.09741,0.09692,0.09658
2239,5.17846,0.09715,0.09883,6.49521,0.09818,0.09692,4.55418,0.09704,0.09850,5.41641,0.52409,6.08366,6.33149,0.09939,0.09819,6.42108,0.09834,0.09885,0.09901,0.10074,0.09806,0.10230,0.09748,0.09997,0.09933,0.09987,0.09737,0.09688,0.09652
2240,5.60581,0.09710,0.09880,6.48957,0.09825,0.09691,0.88400,0.09702,0.09843,5.61563,0.17451,6.28106,6.32339,0.09943,0.09821,6.43995,0.09827,0.09881,0.09900,0.09856,0.09821,0.09887,0.09758,0.09999,0.09935,0.09985,0.09736,0.09686,0.09649
2241,5.72097,0.09708,0.09878,6.52700,0.09829,0.09688,0.10848,0.09698,0.09836,5.80734,0.14505,6.35249,6.18655,0.09945,0.09827,6.47408,0.09825,0.09881,0.09903,0.09830,0.09827,0.09860,0.09754,0.09998,0.09931,0.09982,0.09734,0.09684,0.09646
2242,5.72853,0.09706,0.09877,6.51925,0.09830,0.09685,0.10385,0.09693,0.09830,5.93985,0.14218,6.34899,6.03454,0.09943,0.09831,6.44253,0.09828,0.09880,0.09904,0.09828,0.09824,0.09858,0.09748,0.09999,0.09926,0.09980,0.09732,0.09682,0.09643
2243,5.51738,0.09710,0.09883,6.49155,0.09837,0.09687,0.10544,0.09692,0.09828,5.98359,0.13975,6.33500,6.00697,0.09947,0.09843,6.42162,0.09841,0.09892,0.09915,0.09839,0.09820,0.09869,0.09744,0.10000,0.09923,0.09985,0.09734,0.09684,0.09644
2244,5.16229,0.09718,0.09893,6.50443,0.09846,0.09691,0.10516,0.09694,0.09831,5.80909,0.13765,6.32029,6.07523,0.09954,0.09854,6.45133,0.09863,0.09915,0.09931,0.09862,0.09817,0.09892,0.09742,0.10002,0.09923,0.09995,0.09740,0.09688,0.09648
2245,5.40523,0.09724,0.09900,6.52704,0.09851,0.09693,0.23028,0.09694,0.09832,5.57559,0.13554,6.29679,5.97335,0.09953,0.09852,6.48623,0.09871,0.09924,0.09935,0.09877,0.09810,0.09907,0.09737,0.10000,0.09920,0.09997,0.09743,0.09689,0.09650
2246,5.78195,0.09727,0.09904,6.51563,0.09852,0.09697,0.25212,0.09698,0.09842,5.75340,0.13329,6.29091,5.85893,0.09953,0.09855,6.51166,0.09877,0.09928,0.09936,0.09888,0.09817,0.09914,0.09745,0.10001,0.09925,0.10000,0.09750,0.09692,0.09652
2247,5.93345,0.09736,0.09911,6.36621,0.09851,0.09707,0.10298,0.09705,0.09846,5.89610,0.13015,6.26966,5.49849,0.09963,0.09859,6.51879,0.09884,0.09946,0.09947,0.09895,0.09822,0.09927,0.09750,0.10002,0.09931,0.10009,0.09768,0.09700,0.09659
2248,5.74186,0.09745,0.09920,6.18429,0.09850,0.09715,0.10414,0.09711,0.09855,5.95374,0.12842,6.25643,5.59251,0.09972,0.09863,6.40600,0.09889,0.09957,0.09955,0.09903,0.09827,0.09940,0.09756,0.10002,0.09941,0.10015,0.09781,0.09707,0.09665
2249,5.75594,0.09755,0.09933,6.10763,0.09858,0.09722,0.10267,0.09718,0.09861,5.87493,0.12683,6.24579,5.62908,0.09982,0.09870,6.26981,0.09895,0.09968,0.09965,0.09910,0.09835,0.09951,0.09762,0.10003,0.09948,0.10022,0.09792,0.09713,0.09672
2250,5.66593,0.09771,0.09950,6.15064,0.09875,0.09732,0.10366,0.09728,0.09870,5.93082,0.12512,6.24172,5.60204,0.09991,0.09882,6.14470,0.09906,0.09984,0.09981,0.09920,0.09840,0.09965,0.09766,0.10004,0.09951,0.10032,0.09804,0.09721,0.09683
2251,5.32491,0.09781,0.09961,6.22790,0.09888,0.09739,0.10593,0.09733,0.09876,5.76884,0.12357,6.26422,5.84571,0.09992,0.09883,6.19441,0.09911,0.09989,0.09984,0.09925,0.09839,0.09971,0.09767,0.10001,0.09953,0.10029,0.09811,0.09726,0.09690
2252,5.42843,0.09787,0.09967,6.29195,0.09897,0.09742,0.10732,0.09736,0.09880,5.62229,0.12211,6.27962,6.00962,0.09989,0.09879,6.24493,0.09908,0.09986,0.09981,0.09923,0.09835,0.09968,0.09768,0.10001,0.09955,0.10023,0.09816,0.09729,0.09694
2253,5.57506,0.09797,0.09977,6.33934,0.09911,0.09749,0.10658,0.09743,0.09887,5.66863,0.12087,6.29255,6.04125,0.09991,0.09880,6.28311,0.09910,0.09991,0.09984,0.09926,0.09838,0.09973,0.09772,0.10002,0.09960,0.10025,0.09825,0.09735,0.09701
2254,5.59961,0.09806,0.09986,6.37059,0.09923,0.09755,0.10542,0.09748,0.09893,5.76028,0.11968,6.31949,5.98136,0.09993,0.09882,6.33453,0.09912,0.09995,0.09986,0.09928,0.09840,0.09976,0.09776,0.10002,0.09963,0.10025,0.09833,0.09741,0.09708
2255,5.36989,0.09815,0.09993,6.39027,0.09934,0.09760,0.10631,0.09752,0.09897,5.75940,0.11855,6.32403,5.96599,0.09992,0.09882,6.37030,0.09910,0.09992,0.09984,0.09927,0.09840,0.09975,0.09778,0.10002,0.09962,0.10023,0.09840,0.09745,0.09714
2256,5.40295,0.09824,0.09999,6.39234,0.09943,0.09765,0.10640,0.09757,0.09905,5.63310,0.11746,6.29381,6.05321,0.09991,0.09882,6.38925,0.09911,0.09992,0.09984,0.09927,0.09841,0.09974,0.09781,0.10001,0.09965,0.10022,0.09847,0.09750,0.09720
2257,5.54581,0.09832,0.09994,6.38004,0.09933,0.09773,0.10677,0.09765,0.09911,5.69439,0.11649,6.28078,5.98564,0.09992,0.09890,6.39877,0.09912,0.09994,0.09985,0.09927,0.09855,0.09974,0.09793,0.10001,0.09958,0.10018,0.09864,0.09748,0.09726
2258,5.62030,0.09837,0.09985,6.35988,0.09907,0.09779,0.93042,0.09774,0.09913,5.77987,0.11593,6.26402,6.17111,0.09988,0.09896,6.39258,0.09914,0.09987,0.09980,0.09932,0.09873,0.09971,0.09816,0.09999,0.09958,0.10010,0.09875,0.09744,0.09730
2259,5.86346,0.09835,0.09981,6.35420,0.09896,0.09779,0.44376,0.09776,0.09908,5.84728,0.11466,6.25091,6.13674,0.09980,0.09891,6.40367,0.09906,0.09966,0.09966,0.09922,0.09884,0.09955,0.09825,0.09998,0.09962,0.09998,0.09871,0.09742,0.09727
2260,5.93720,0.09830,0.09978,6.36289,0.09894,0.09778,0.85411,0.09778,0.09909,5.96598,0.11392,6.22638,6.23527,0.09974,0.09886,6.44360,0.09900,0.09950,0.09954,0.09917,0.09891,0.09943,0.09835,0.09999,0.09965,0.09992,0.09866,0.09741,0.09723
2261,5.78729,0.09825,0.09974,6.37833,0.09895,0.09775,0.10676,0.09777,0.09906,5.97060,0.11217,6.28519,6.06438,0.09972,0.09893,6.47670,0.09893,0.09942,0.09952,0.09901,0.09900,0.09929,0.09832,0.09999,0.09963,0.09989,0.09861,0.09739,0.09720
2262,5.50806,0.09816,0.09965,6.38677,0.09893,0.09770,0.10653,0.09771,0.09901,5.87872,0.11115,6.22898,6.06985,0.09963,0.09899,6.48265,0.09889,0.09927,0.09944,0.09889,0.09892,0.09913,0.09825,0.09998,0.09955,0.09982,0.09853,0.09734,0.09712
2263,5.55079,0.09802,0.09949,6.42110,0.09883,0.09760,1.90198,0.09765,0.09893,5.68935,0.22532,6.11606,6.21768,0.09944,0.09885,6.49838,0.09872,0.09892,0.09914,0.09944,0.09876,0.09984,0.09819,0.09997,0.09944,0.09971,0.09841,0.09725,0.09701
2264,5.95619,0.09786,0.09937,6.46876,0.09880,0.09756,5.66675,0.09773,0.09898,5.70094,1.66560,6.20423,6.37826,0.09926,0.09865,6.51148,0.09857,0.09866,0.09880,0.13727,0.09883,0.16371,0.09837,0.09999,0.09943,0.09972,0.09835,0.09722,0.09692
2265,6.17648,0.09783,0.09942,6.45907,0.09892,0.09762,0.65899,0.09779,0.09903,5.98560,0.16662,6.31816,6.21772,0.09948,0.09881,6.50014,0.09867,0.09879,0.09902,0.09886,0.09898,0.09902,0.09853,0.10001,0.09952,0.09988,0.09838,0.09726,0.09693
2266,5.49493,0.09790,0.09954,6.40510,0.09910,0.09769,0.10581,0.09785,0.09911,6.04244,0.11757,6.29744,5.92481,0.09975,0.09914,6.44040,0.09905,0.09920,0.09944,0.09895,0.09915,0.09902,0.09861,0.10001,0.09962,0.10002,0.09846,0.09734,0.09701
2267,5.04455,0.09805,0.09972,6.39685,0.09931,0.09779,0.10464,0.09794,0.09915,5.66279,0.11511,6.29624,5.84240,0.09993,0.09940,6.40281,0.09946,0.09971,0.09981,0.09941,0.09942,0.09953,0.09882,0.10002,0.09961,0.10012,0.09858,0.09746,0.09715
2268,4.98271,0.09818,0.09986,6.40374,0.09947,0.09786,0.10497,0.09800,0.09919,5.38758,0.11345,6.27195,5.84980,0.09996,0.09958,6.41629,0.09963,0.09996,0.09995,0.09966,0.09953,0.09985,0.09878,0.10000,0.09956,0.10012,0.09868,0.09754,0.09725
2269,4.99346,0.09827,0.09993,6.37190,0.09956,0.09789,0.10484,0.09801,0.09926,5.31419,0.11208,6.22672,5.81036,0.09986,0.09963,6.41336,0.09972,0.09999,0.09996,0.09975,0.09929,0.09992,0.09859,0.10000,0.09959,0.10009,0.09874,0.09759,0.09730
2270,5.00513,0.09835,0.09998,6.34471,0.09962,0.09791,0.37360,0.09805,0.09939,5.35149,0.11102,6.20154,5.85096,0.09973,0.09949,6.40665,0.09969,0.09994,0.09987,0.09977,0.09907,0.09991,0.09849,0.10000,0.09958,0.10006,0.09879,0.09764,0.09734
2271,5.52602,0.09836,0.10003,6.31153,0.09969,0.09798,1.86715,0.09826,0.09938,5.43711,0.14391,6.21207,6.12598,0.09980,0.09964,6.36044,0.09978,0.09996,0.09986,0.09994,0.09936,0.10005,0.09882,0.10001,0.09961,0.10006,0.09887,0.09769,0.09740
2272,5.54816,0.09838,0.09999,6.28375,0.09971,0.09801,0.10601,0.09826,0.09948,5.74630,0.10888,6.20317,5.92751,0.09954,0.09946,6.30861,0.09961,0.09979,0.09974,0.09970,0.09907,0.09979,0.09876,0.09999,0.09955,0.09998,0.09894,0.09773,0.09740
2273,5.19730,0.09840,0.09991,6.27837,0.09966,0.09803,0.10596,0.09827,0.09951,5.74082,0.10786,6.19053,5.94538,0.09935,0.09920,6.23672,0.09944,0.09962,0.09956,0.09952,0.09888,0.09961,0.09874,0.10000,0.09959,0.09993,0.09898,0.09775,0.09738
2274,5.19648,0.09842,0.09992,6.25120,0.09966,0.09807,0.10584,0.09830,0.09950,5.58092,0.10722,6.15776,5.96551,0.09948,0.09906,6.19338,0.09930,0.09957,0.09942,0.09942,0.09894,0.09955,0.09880,0.10000,0.09969,0.09996,0.09904,0.09776,0.09740
2275,5.19137,0.09849,0.09997,6.24707,0.09968,0.09809,0.10578,0.09831,0.09957,5.44379,0.10648,6.14709,5.99152,0.09953,0.09903,6.19353,0.09913,0.09944,0.09935,0.09926,0.09895,0.09944,0.09871,0.10000,0.09969,0.09999,0.09908,0.09779,0.09744
2276,5.45846,0.09854,0.09998,6.24406,0.09969,0.09814,2.86563,0.09843,0.09967,5.42468,1.00002,6.15508,6.15439,0.09940,0.09900,6.18599,0.09950,0.09981,0.09928,0.20241,0.09885,0.22097,0.09865,0.10000,0.09957,0.09997,0.09911,0.09782,0.09747
2277,5.97594,0.09850,0.10001,6.26032,0.09969,0.09827,6.14662,0.09869,0.09952,5.64051,4.70823,6.21079,6.27008,0.09956,0.09921,6.20661,0.14635,0.17087,0.09944,1.85132,0.09915,2.02815,0.09898,0.10001,0.09965,0.09999,0.09919,0.09789,0.09750
2278,6.18452,0.09846,0.10004,6.31452,0.09969,0.09842,1.95408,0.09885,0.09938,6.05659,0.78100,6.27532,6.18583,0.09985,0.09937,6.27232,0.10100,0.10456,0.09957,0.16498,0.09947,0.19546,0.09927,0.10001,0.09966,0.10002,0.09930,0.09799,0.09759
2279,5.54611,0.09830,0.09985,6.34521,0.09934,0.09867,0.11794,0.09901,0.09952,6.12614,0.17314,6.28156,5.87713,0.09990,0.09961,6.32240,0.09954,0.09969,0.09983,0.09958,0.09957,0.09976,0.09923,0.10000,0.09955,0.09991,0.09946,0.09810,0.09774
2280,5.16297,0.09810,0.09957,6.35064,0.09892,0.09878,0.11124,0.09916,0.09964,5.67941,0.15792,6.25457,5.97375,0.09973,0.09964,6.34447,0.09967,0.09981,0.09986,0.09962,0.09949,0.09969,0.09919,0.09999,0.09945,0.09979,0.09924,0.09824,0.09784
2281,5.38543,0.09802,0.09949,6.35148,0.09892,0.09886,0.10823,0.09916,0.09965,5.55826,0.15120,6.24163,5.91044,0.09963,0.09958,6.36170,0.09965,0.09979,0.09978,0.09965,0.09939,0.09971,0.09919,0.09999,0.09950,0.09983,0.09911,0.09829,0.09783
2282,5.25442,0.09794,0.09910,6.35478,0.09851,0.09863,1.49827,0.09903,0.09941,5.69356,0.29207,6.21587,6.08517,0.09935,0.09921,6.36448,0.09925,0.09928,0.09929,0.10183,0.09914,0.10257,0.09907,0.09990,0.09934,0.09950,0.09880,0.09824,0.09765
2283,5.81464,0.09772,0.09873,6.35352,0.09817,0.09844,6.31534,0.09884,0.09909,5.62597,5.38142,6.22852,6.32076,0.09944,0.16199,6.35668,1.84787,1.97093,0.21021,4.56041,0.09885,4.59379,0.09891,0.09994,0.09906,0.09924,0.09853,0.09808,0.09746
2284,6.21616,0.09766,0.09873,6.33378,0.09825,0.09832,3.72699,0.09866,0.09897,5.98837,2.66065,6.23099,6.22017,0.09923,0.11080,6.35886,0.36769,0.66871,0.13600,1.39915,0.09881,1.77086,0.09884,0.09997,0.09900,0.09938,0.09854,0.09791,0.09740
2285,5.94399,0.09755,0.09871,6.33215,0.09830,0.09825,0.33530,0.09855,0.09892,6.14868,0.35642,6.21946,5.74619,0.09902,0.09916,6.37520,0.10481,0.11706,0.10038,0.12900,0.09879,0.15798,0.09872,0.09999,0.09903,0.09954,0.09844,0.09786,0.09737
2286,4.96901,0.09747,0.09867,6.34788,0.09841,0.09821,0.11830,0.09851,0.09891,6.00879,0.22897,6.18939,5.69784,0.09915,0.09878,6.38840,0.09901,0.09964,0.09895,0.09998,0.09875,0.10121,0.09864,0.09999,0.09911,0.09970,0.09832,0.09784,0.09734
2287,4.54345,0.09745,0.09866,6.37666,0.09851,0.09818,0.10957,0.09843,0.09895,5.67833,0.20518,6.17892,5.75603,0.09924,0.09879,6.40627,0.09880,0.09892,0.09899,0.09887,0.09872,0.09900,0.09860,0.10001,0.09928,0.09980,0.09835,0.09785,0.09734
2288,4.54791,0.09749,0.09867,6.40812,0.09862,0.09820,0.10748,0.09837,0.09911,5.39803,0.19153,6.13546,5.70261,0.09932,0.09884,6.42265,0.09887,0.09900,0.09911,0.09887,0.09873,0.09894,0.09865,0.10000,0.09947,0.09990,0.09853,0.09795,0.09743
2289,4.51435,0.09750,0.09850,6.41637,0.09885,0.09828,0.10651,0.09837,0.09910,5.31742,0.17961,5.98541,5.68173,0.09962,0.09890,6.42323,0.09894,0.09919,0.09928,0.09897,0.09889,0.09909,0.09862,0.10000,0.09955,0.09992,0.09854,0.09800,0.09748
2290,4.84402,0.09751,0.09836,6.40854,0.09889,0.09835,0.10716,0.09841,0.09907,5.16994,0.17084,5.89628,5.78328,0.09973,0.09899,6.42023,0.09898,0.09927,0.09943,0.09900,0.09895,0.09915,0.09861,0.10000,0.09956,0.09991,0.09859,0.09802,0.09748
2291,5.14874,0.09752,0.09838,6.40089,0.09888,0.09838,0.21943,0.09845,0.09914,5.37537,0.16620,5.99571,6.05968,0.09977,0.09906,6.41741,0.09904,0.09932,0.09950,0.09903,0.09905,0.09919,0.09873,0.10000,0.09962,0.09993,0.09862,0.09804,0.09748
2292,5.41788,0.09765,0.09868,6.39385,0.09881,0.09838,0.11642,0.09858,0.09930,5.56728,0.15982,6.13021,6.04361,0.09986,0.09935,6.40709,0.09927,0.09958,0.09971,0.09922,0.09931,0.09938,0.09898,0.10001,0.09952,0.09998,0.09867,0.09806,0.09752
2293,5.10579,0.09783,0.09890,6.39512,0.09865,0.09840,0.10617,0.09865,0.09941,5.58962,0.15290,6.17222,5.87194,0.09981,0.09955,6.39518,0.09959,0.09988,0.09990,0.09957,0.09937,0.09975,0.09900,0.10001,0.09947,0.10000,0.09871,0.09806,0.09757
2294,4.85805,0.09797,0.09898,6.39184,0.09847,0.09841,0.10560,0.09870,0.09945,5.38262,0.14787,6.18446,5.78834,0.09976,0.09955,6.39732,0.09971,0.10001,0.09989,0.09977,0.09931,0.09995,0.09901,0.10001,0.09953,0.10002,0.09870,0.09809,0.09765
2295,4.70612,0.09802,0.09892,6.37198,0.09836,0.09839,0.10571,0.09872,0.09939,5.18579,0.14306,6.18005,5.73573,0.09976,0.09948,6.39584,0.09966,0.09995,0.09981,0.09976,0.09929,0.09995,0.09903,0.10000,0.09961,0.10001,0.09854,0.09812,0.09769
2296,4.63880,0.09799,0.09890,6.35763,0.09841,0.09836,0.10572,0.09870,0.09930,5.08451,0.13874,6.15607,5.73079,0.09976,0.09940,6.39215,0.09953,0.09981,0.09973,0.09963,0.09925,0.09979,0.09903,0.10000,0.09968,0.09999,0.09842,0.09811,0.09767
2297,4.61002,0.09794,0.09883,6.35766,0.09849,0.09833,0.10650,0.09869,0.09919,5.03087,0.13465,6.10304,5.79816,0.09981,0.09936,6.39054,0.09945,0.09973,0.09970,0.09952,0.09930,0.09968,0.09904,0.09999,0.09970,0.09997,0.09835,0.09811,0.09765
2298,5.09556,0.09777,0.09868,6.35646,0.09835,0.09823,2.71534,0.09864,0.09911,5.00845,0.27985,6.12227,6.20198,0.09968,0.09923,6.38530,0.09930,0.09948,0.09950,0.10042,0.09927,0.10086,0.09907,0.09997,0.09962,0.09983,0.09823,0.09802,0.09749
2299,5.86767,0.09767,0.09868,6.32366,0.09827,0.09814,0.19123,0.09851,0.09911,5.50194,0.13176,6.15362,6.09107,0.09961,0.09924,6.36532,0.09922,0.09938,0.09946,0.09927,0.09924,0.09936,0.09895,0.10000,0.09956,0.09984,0.09826,0.09792,0.09741
2300,5.59914,0.09771,0.09878,6.27404,0.09838,0.09814,0.84615,0.09851,0.09928,5.87575,0.12733,6.16956,6.06478,0.09963,0.09937,6.35724,0.09931,0.09947,0.09956,0.09934,0.09924,0.09947,0.09894,0.10001,0.09962,0.09998,0.09843,0.09797,0.09749
2301,5.57056,0.09778,0.09891,6.23455,0.09848,0.09813,0.14653,0.09849,0.09935,5.81636,0.12392,6.15626,5.91510,0.09966,0.09941,6.32188,0.09946,0.09960,0.09964,0.09944,0.09919,0.09952,0.09888,0.10001,0.09964,0.10005,0.09851,0.09802,0.09754
2302,5.09226,0.09784,0.09894,6.22223,0.09861,0.09815,1.84637,0.09842,0.09944,5.73119,0.14983,6.09555,5.91849,0.09968,0.09939,6.28484,0.09956,0.09973,0.09968,0.09975,0.09915,0.09992,0.09884,0.10002,0.09970,0.10008,0.09861,0.09808,0.09762
2303,5.41810,0.09791,0.09896,6.21748,0.09880,0.09819,0.97106,0.09843,0.09958,5.50656,0.12327,6.08988,6.11668,0.09974,0.09944,6.27136,0.09964,0.09984,0.09976,0.09976,0.09919,0.09988,0.09894,0.10002,0.09981,0.10014,0.09874,0.09821,0.09775
2304,5.71175,0.09792,0.09893,6.20157,0.09891,0.09821,0.15333,0.09843,0.09956,5.55109,0.11787,6.08657,5.90838,0.09985,0.09944,6.29681,0.09963,0.09989,0.09980,0.09974,0.09923,0.09987,0.09899,0.10002,0.09988,0.10016,0.09876,0.09826,0.09779
2305,5.26316,0.09791,0.09880,6.20830,0.09902,0.09826,0.10577,0.09841,0.09949,5.65007,0.11554,6.07302,5.75159,0.09996,0.09942,6.33626,0.09957,0.09988,0.09983,0.09969,0.09929,0.09987,0.09896,0.10002,0.09993,0.10014,0.09877,0.09829,0.09783
2306,4.94271,0.09785,0.09855,6.29555,0.09899,0.09826,0.37301,0.09833,0.09946,5.57262,0.11467,6.08594,5.71067,0.09988,0.09936,6.40462,0.09948,0.09978,0.09979,0.09960,0.09914,0.09978,0.09878,0.09998,0.09985,0.10000,0.09876,0.09833,0.09785
2307,4.94176,0.09774,0.09824,6.38645,0.09884,0.09824,5.04042,0.09830,0.09947,5.45023,1.17303,6.12341,6.14258,0.09977,0.09935,6.42017,0.09955,0.09971,0.09969,0.12703,0.09913,0.12624,0.09875,0.10000,0.09973,0.09987,0.09877,0.09832,0.09783
2308,5.39788,0.09776,0.09816,6.41817,0.09881,0.09830,1.56214,0.09833,0.09954,5.38127,0.24118,6.14284,6.25608,0.09974,0.09934,6.42760,0.09956,0.09974,0.09970,0.10083,0.09901,0.10060,0.09873,0.10001,0.09970,0.09990,0.09888,0.09839,0.09792
2309,5.53343,0.09781,0.09813,6.42989,0.09886,0.09837,1.48285,0.09840,0.09958,5.45590,0.15560,6.13322,6.15189,0.09975,0.09932,6.43594,0.09953,0.09976,0.09973,0.10013,0.09896,0.10062,0.09876,0.10001,0.09974,0.09995,0.09895,0.09843,0.09799
2310,5.59018,0.09787,0.09812,6.43727,0.09889,0.09847,4.21772,0.09854,0.09959,5.49566,0.48669,6.13433,6.31133,0.09983,0.09942,6.44156,0.09967,0.09986,0.09978,0.10939,0.09916,0.11305,0.09896,0.10001,0.09980,0.09998,0.09893,0.09843,0.09801
2311,5.75635,0.09792,0.09825,6.44278,0.09889,0.09851,4.13557,0.09864,0.09960,5.57074,1.50491,6.16615,6.35586,0.09986,0.09949,6.44655,0.10008,0.10055,0.09978,0.19816,0.09932,0.23129,0.09913,0.10000,0.09982,0.09999,0.09895,0.09844,0.09804
2312,5.94040,0.09796,0.09826,6.44785,0.09891,0.09857,2.26691,0.09869,0.09959,5.71713,0.36959,6.20634,6.32191,0.09986,0.09951,6.45172,0.09986,0.10012,0.09979,0.11657,0.09941,0.12350,0.09911,0.10001,0.09982,0.10000,0.09896,0.09844,0.09807
2313,5.85599,0.09802,0.09837,6.45092,0.09898,0.09862,0.17710,0.09871,0.09964,5.81308,0.13853,6.21728,6.07124,0.09993,0.09957,6.45504,0.09968,0.09994,0.09988,0.09996,0.09944,0.10018,0.09907,0.10003,0.09986,0.10010,0.09902,0.09849,0.09814
2314,5.35594,0.09804,0.09851,6.45056,0.09900,0.09862,0.94268,0.09872,0.09966,5.85121,0.14243,6.20930,6.00829,0.09995,0.09962,6.45559,0.09970,0.09996,0.09993,0.09989,0.09941,0.10014,0.09906,0.10001,0.09985,0.10013,0.09904,0.09848,0.09812
2315,5.33831,0.09800,0.09862,6.44500,0.09894,0.09857,3.77365,0.09875,0.09967,5.68002,0.35406,6.19601,6.26661,0.09994,0.09969,6.45384,0.09978,0.09998,0.09995,0.10124,0.09948,0.10202,0.09915,0.10001,0.09984,0.10010,0.09903,0.09845,0.09806
2316,5.86644,0.09808,0.09884,6.42658,0.09902,0.09856,0.93030,0.09877,0.09973,5.67652,0.14927,6.17292,6.17085,0.09995,0.09976,6.44966,0.09987,0.10009,0.10005,0.10014,0.09949,0.10038,0.09915,0.10003,0.09984,0.10017,0.09905,0.09847,0.09808
2317,6.00151,0.09821,0.09905,6.36852,0.09915,0.09859,0.10958,0.09879,0.09977,5.89488,0.12137,6.15118,5.74581,0.09994,0.09975,6.43942,0.09994,0.10019,0.10009,0.10000,0.09944,0.10015,0.09913,0.10003,0.09985,0.10022,0.09906,0.09853,0.09814
2318,5.68439,0.09832,0.09920,6.27854,0.09923,0.09861,0.10365,0.09878,0.09979,5.97439,0.11885,6.13622,5.45139,0.09988,0.09966,6.42344,0.09990,0.10021,0.10005,0.10002,0.09937,0.10019,0.09908,0.10002,0.09985,0.10023,0.09906,0.09856,0.09817
2319,5.37839,0.09843,0.09934,6.20519,0.09928,0.09863,0.10508,0.09878,0.09980,5.82011,0.11751,6.12082,5.46604,0.09987,0.09962,6.40522,0.09985,0.10021,0.10002,0.09999,0.09934,0.10020,0.09906,0.10002,0.09985,0.10025,0.09906,0.09859,0.09821
2320,5.38666,0.09856,0.09948,6.11661,0.09933,0.09868,0.10459,0.09880,0.09982,5.61885,0.11651,6.10231,5.58758,0.09993,0.09966,6.35388,0.09989,0.10031,0.10005,0.10001,0.09939,0.10025,0.09909,0.10004,0.09984,0.10027,0.09909,0.09860,0.09827
2321,5.32427,0.09872,0.09958,6.06346,0.09931,0.09873,0.10503,0.09884,0.09984,5.61718,0.11512,6.06360,5.49082,0.10002,0.09970,6.24848,0.09992,0.10034,0.10006,0.10007,0.09946,0.10036,0.09914,0.10004,0.09988,0.10031,0.09915,0.09860,0.09835
2322,4.95875,0.09882,0.09961,6.01179,0.09925,0.09878,0.10812,0.09893,0.09979,5.51034,0.11379,6.01496,5.56786,0.10015,0.09977,6.13675,0.09997,0.10035,0.10018,0.10011,0.09958,0.10037,0.09926,0.10006,0.10003,0.10039,0.09923,0.09863,0.09843
2323,5.24052,0.09894,0.09965,5.99041,0.09924,0.09888,0.14963,0.09907,0.09981,5.36703,0.11326,5.99009,5.69634,0.10034,0.09995,6.07252,0.10018,0.10055,0.10035,0.10026,0.09979,0.10052,0.09951,0.10006,0.10017,0.10047,0.09927,0.09869,0.09856
2324,5.69484,0.09910,0.09969,5.99393,0.09922,0.09896,2.71779,0.09921,0.09990,5.58017,0.23552,5.99643,5.83700,0.10046,0.10014,6.02741,0.10041,0.10074,0.10053,0.10114,0.09999,0.10181,0.09975,0.10005,0.10023,0.10050,0.09932,0.09874,0.09869
2325,5.89741,0.09926,0.09973,6.00991,0.09922,0.09901,0.99722,0.09933,0.09999,5.82571,0.14710,6.03529,5.87175,0.10055,0.10029,6.01492,0.10052,0.10090,0.10065,0.10082,0.10015,0.10112,0.09987,0.10006,0.10023,0.10052,0.09934,0.09881,0.09883
2326,5.80948,0.09939,0.09976,6.03404,0.09924,0.09904,0.13440,0.09939,0.10003,5.93085,0.11333,6.07307,5.85169,0.10058,0.10037,6.02082,0.10051,0.10093,0.10069,0.10070,0.10023,0.10095,0.09989,0.10003,0.10020,0.10050,0.09935,0.09886,0.09896
2327,5.71565,0.09947,0.09976,6.06420,0.09925,0.09906,0.28356,0.09942,0.10008,5.90436,0.11132,6.09061,5.82550,0.10054,0.10040,6.03555,0.10051,0.10087,0.10069,0.10065,0.10023,0.10092,0.09987,0.10003,0.10016,0.10046,0.09937,0.09891,0.09907
2328,5.84431,0.09947,0.09964,6.09726,0.09924,0.09906,4.95847,0.09945,0.10004,5.87674,2.40110,6.11528,6.04068,0.10050,0.10041,6.06270,0.11417,0.11768,0.10063,0.74359,0.10026,0.84139,0.09985,0.09994,0.10011,0.10029,0.09934,0.09892,0.09910
2329,6.06610,0.09940,0.09949,6.13429,0.09920,0.09903,6.12910,0.09945,0.09989,5.99698,5.46337,6.16228,6.14718,0.10109,0.22327,6.10159,1.95130,1.94026,0.21764,5.05087,0.10053,5.09399,0.09987,0.09992,0.10003,0.10003,0.09924,0.09890,0.09904
2330,6.19109,0.09948,0.09967,6.23917,0.09938,0.09919,6.12791,0.09958,0.09990,6.14470,5.62740,6.28638,6.24174,0.10600,0.58311,6.16858,3.52628,4.18222,0.71488,5.60709,0.10426,5.76412,0.09997,0.10006,0.10011,0.10018,0.09926,0.09904,0.09915
2331,6.25029,0.09966,0.09986,6.34271,0.09953,0.09931,4.23695,0.09964,0.09994,6.23454,3.16332,6.34903,6.28303,0.10243,0.15844,6.28019,0.60098,1.16587,0.20700,1.69040,0.10100,2.38391,0.09983,0.10008,0.10009,0.10036,0.09932,0.09920,0.09932
2332,5.97578,0.09980,0.09998,6.37565,0.09962,0.09940,0.94210,0.09968,0.09999,6.24444,0.78131,6.35653,6.07150,0.10093,0.10520,6.34092,0.14595,0.22841,0.11214,0.27692,0.10018,0.43601,0.09975,0.10007,0.10007,0.10045,0.09939,0.09933,0.09947
2333,5.47886,0.09988,0.10001,6.37848,0.09964,0.09942,0.21411,0.09966,0.10000,6.02365,0.34186,6.33701,5.90879,0.10041,0.10080,6.36359,0.10493,0.11298,0.10222,0.11788,0.09995,0.13413,0.09972,0.10004,0.10007,0.10045,0.09941,0.09940,0.09954
2334,5.41619,0.09992,0.10002,6.36815,0.09962,0.09944,0.69661,0.09963,0.09999,5.76738,0.28468,6.31980,6.01108,0.10030,0.10032,6.37027,0.10152,0.10400,0.10117,0.10526,0.09988,0.10894,0.09971,0.10002,0.10009,0.10041,0.09944,0.09944,0.09958
2335,5.90397,0.10003,0.10011,6.35525,0.09968,0.09955,3.49830,0.09968,0.10010,5.81734,0.42585,6.32048,6.27622,0.10046,0.10057,6.37359,0.10217,0.10484,0.10167,0.11333,0.10000,0.11895,0.09975,0.10006,0.10012,0.10046,0.09956,0.09953,0.09971
2336,6.22532,0.10013,0.10019,6.35407,0.09977,0.09963,1.21151,0.09975,0.10019,6.15226,0.32728,6.34305,6.23435,0.10052,0.10065,6.36711,0.10166,0.10396,0.10157,0.10699,0.10009,0.11025,0.09980,0.10008,0.10017,0.10054,0.09965,0.09963,0.09982
2337,5.84456,0.10010,0.10011,6.36362,0.09975,0.09963,0.11596,0.09974,0.10020,6.22721,0.22118,6.36134,5.95811,0.10041,0.10040,6.35367,0.10095,0.10205,0.10089,0.10162,0.10003,0.10267,0.09981,0.10004,0.10019,0.10051,0.09966,0.09967,0.09978
2338,5.54631,0.10003,0.10003,6.37920,0.09970,0.09960,0.11212,0.09970,0.10017,5.98662,0.20983,6.35743,5.97135,0.10034,0.10024,6.36238,0.10060,0.10124,0.10063,0.10101,0.09996,0.10160,0.09979,0.10002,0.10020,0.10045,0.09965,0.09966,0.09969
2339,5.72371,0.10008,0.10006,6.37525,0.09975,0.09965,0.11092,0.09973,0.10019,5.85251,0.20254,6.35194,6.02299,0.10036,0.10024,6.37773,0.10051,0.10104,0.10059,0.10079,0.09998,0.10122,0.09982,0.10004,0.10024,0.10047,0.09969,0.09971,0.09974
2340,5.77026,0.10014,0.10010,6.35283,0.09981,0.09970,0.10793,0.09975,0.10022,5.96113,0.19325,6.35166,5.87036,0.10038,0.10022,6.38517,0.10044,0.10087,0.10054,0.10063,0.10000,0.10095,0.09985,0.10005,0.10028,0.10052,0.09974,0.09977,0.09982
2341,5.63656,0.10020,0.10015,6.33592,0.09985,0.09974,0.18902,0.09978,0.10026,5.93259,0.18651,6.35437,5.94763,0.10043,0.10025,6.37428,0.10045,0.10085,0.10059,0.10061,0.10004,0.10089,0.09989,0.10006,0.10035,0.10058,0.09981,0.09983,0.09992
2342,5.96620,0.10032,0.10027,6.33289,0.10000,0.09984,2.10857,0.09987,0.10041,5.93213,0.19322,6.37121,6.27609,0.10061,0.10050,6.35674,0.10073,0.10118,0.10088,0.10160,0.10021,0.10272,0.09999,0.10012,0.10044,0.10073,0.09994,0.09992,0.10007
2343,6.19850,0.10050,0.10044,6.34465,0.10017,0.09998,0.13290,0.10000,0.10059,6.14829,0.17445,6.38184,6.07455,0.10079,0.10070,6.35032,0.10094,0.10145,0.10105,0.10112,0.10038,0.10146,0.10014,0.10015,0.10060,0.10093,0.10013,0.10007,0.10031
2344,5.82768,0.10061,0.10056,6.38005,0.10026,0.10006,0.57034,0.10009,0.10068,6.17500,0.16938,6.38397,6.10078,0.10091,0.10077,6.34954,0.10106,0.10152,0.10115,0.10129,0.10048,0.10168,0.10025,0.10009,0.10077,0.10098,0.10025,0.10016,0.10045
2345,6.06170,0.10076,0.10075,6.39370,0.10044,0.10018,4.36300,0.10023,0.10084,6.03409,0.36006,6.39308,6.35840,0.10114,0.10106,6.36548,0.10141,0.10188,0.10152,0.10358,0.10068,0.10503,0.10040,0.10012,0.10093,0.10107,0.10037,0.10027,0.10057
2346,6.33634,0.10092,0.10098,6.39530,0.10064,0.10031,2.97394,0.10040,0.10102,6.20536,0.81754,6.40237,6.39059,0.10133,0.10125,6.38386,0.10261,0.10318,0.10176,0.17894,0.10082,0.19203,0.10052,0.10014,0.10106,0.10120,0.10051,0.10038,0.10071
2347,6.40153,0.10118,0.10130,6.40131,0.10091,0.10054,6.36278,0.10068,0.10132,6.35086,5.53772,6.41956,6.41745,0.10606,0.42082,6.37862,2.32338,2.26302,0.39548,4.65287,0.10282,4.72788,0.10089,0.10022,0.10139,0.10149,0.10080,0.10059,0.10093
2348,6.43614,0.10150,0.10159,6.45315,0.10120,0.10083,6.39617,0.10099,0.10157,6.41474,5.94600,6.47564,6.45615,0.17216,1.88106,6.42158,5.66634,5.70875,2.00315,6.33424,0.12960,6.33060,0.10130,0.10023,0.10194,0.10221,0.10107,0.10089,0.10127
2349,6.46666,0.10167,0.10171,6.49813,0.10135,0.10096,5.80288,0.10112,0.10168,6.45305,4.93379,6.49917,6.48525,0.12910,0.40733,6.46630,1.97366,2.67315,0.66325,3.84358,0.10480,4.27979,0.10128,0.10013,0.10201,0.10247,0.10117,0.10106,0.10146
2350,6.43665,0.10178,0.10179,6.49937,0.10146,0.10105,2.98640,0.10120,0.10175,6.47263,2.07070,6.50227,6.38209,0.10945,0.13633,6.49332,0.38539,0.76392,0.23558,0.98395,0.10196,1.38494,0.10134,0.10009,0.10213,0.10206,0.10127,0.10117,0.10159
2351,6.33604,0.10187,0.10186,6.50102,0.10155,0.10115,2.76939,0.10129,0.10185,6.45974,1.77035,6.50819,6.41597,0.11196,0.13359,6.50978,0.31778,0.65995,0.23346,0.82799,0.10212,1.10734,0.10143,0.10009,0.10221,0.10197,0.10137,0.10127,0.10173
2352,6.15096,0.10198,0.10192,6.51419,0.10163,0.10126,1.11001,0.10136,0.10190,6.38620,0.91124,6.50555,6.32539,0.10646,0.11469,6.51393,0.18259,0.35709,0.15751,0.34566,0.10192,0.54939,0.10151,0.10010,0.10215,0.10196,0.10147,0.10140,0.10190
2353,6.00569,0.10200,0.10188,6.52155,0.10157,0.10129,2.91778,0.10138,0.10188,6.23849,0.99050,6.49182,6.41920,0.10484,0.11376,6.51418,0.17806,0.26951,0.13722,0.32021,0.10204,0.40733,0.10156,0.10000,0.10214,0.10171,0.10151,0.10145,0.10193
2354,6.24582,0.10207,0.10196,6.51996,0.10164,0.10135,6.38852,0.10147,0.10198,6.19393,4.52273,6.48217,6.50056,0.11156,0.15031,6.50519,0.49309,0.49907,0.17756,2.14389,0.10352,2.14805,0.10166,0.10004,0.10233,0.10164,0.10157,0.10149,0.10196
2355,6.37952,0.10214,0.10206,6.51049,0.10177,0.10144,6.48760,0.10159,0.10208,6.28900,6.02486,6.48766,6.51236,0.13006,0.46786,6.47905,3.47083,3.08836,0.39036,6.21652,0.11409,6.16350,0.10195,0.10005,0.10324,0.10195,0.10165,0.10154,0.10197
2356,6.46789,0.10216,0.10208,6.50408,0.10182,0.10149,6.51165,0.10165,0.10209,6.36558,6.11947,6.49265,6.51603,0.15387,1.30414,6.47926,5.31568,4.76180,0.90657,6.39622,0.13617,6.37441,0.10244,0.10002,0.10420,0.10207,0.10168,0.10158,0.10198
2357,6.50659,0.10223,0.10211,6.50149,0.10188,0.10155,6.37949,0.10170,0.10206,6.42545,5.84855,6.49405,6.51222,0.14180,0.58829,6.47792,2.96295,2.76749,0.56694,5.23383,0.11834,5.15121,0.10219,0.10006,0.10374,0.10269,0.10172,0.10166,0.10206
2358,6.50846,0.10234,0.10217,6.49402,0.10196,0.10164,6.40299,0.10178,0.10214,6.47961,5.76962,6.49635,6.50886,0.15609,0.51251,6.46861,2.49279,2.60161,0.63857,4.87317,0.11710,4.90683,0.10214,0.10010,0.10455,0.10434,0.10179,0.10176,0.10218
2359,6.50945,0.10242,0.10220,6.48436,0.10201,0.10172,6.40497,0.10185,0.10228,6.49793,5.80353,6.49538,6.50259,0.16680,0.49719,6.45629,2.37550,2.65030,0.69755,4.80489,0.11658,4.84983,0.10214,0.10009,0.10528,0.10560,0.10184,0.10185,0.10228
2360,6.50594,0.10253,0.10228,6.47798,0.10210,0.10181,6.39744,0.10195,0.10252,6.50578,5.81053,6.49264,6.49311,0.18871,0.57811,6.44685,2.55711,2.77429,0.80223,4.87738,0.12167,4.92083,0.10230,0.10012,0.10666,0.10610,0.10194,0.10194,0.10240
2361,6.49641,0.10268,0.10244,6.47190,0.10224,0.10195,5.76632,0.10211,0.10300,6.50058,4.74480,6.47583,6.48220,0.18055,0.32982,6.43438,1.43194,1.84242,0.60296,3.25481,0.11334,3.38234,0.10240,0.10020,0.10714,0.10735,0.10209,0.10208,0.10256
2362,6.48141,0.10288,0.10273,6.42023,0.10245,0.10218,6.31297,0.10247,0.10510,6.47866,5.59173,6.43052,6.47072,0.29575,0.52895,6.33475,2.45582,2.36682,0.83738,4.51205,0.12755,4.47499,0.10307,0.10027,0.11817,0.11739,0.10264,0.10227,0.10276
2363,6.47319,0.10296,0.10283,6.33649,0.10254,0.10232,6.13031,0.10278,0.10706,6.44389,5.26389,6.38440,6.41432,0.29742,0.48208,6.28436,2.07315,2.09717,0.79648,3.96933,0.13261,3.89880,0.10408,0.10011,0.12461,0.11725,0.10302,0.10236,0.10284
2364,6.42709,0.10309,0.10304,6.28769,0.10273,0.10271,6.37358,0.10407,0.11299,6.28218,6.19704,6.31360,6.34114,0.47328,1.36555,6.24374,4.33121,3.85319,1.38746,6.04120,0.19339,5.93855,0.10806,0.10070,0.14568,0.13158,0.10415,0.10252,0.10295
2365,6.37045,0.10318,0.10320,6.20947,0.10301,0.10354,6.29644,0.10707,0.12724,6.24951,6.17990,6.22908,6.27194,0.91751,3.43371,6.15309,5.91312,5.55461,2.86279,6.33034,0.55352,6.31613,0.12280,0.10031,0.22863,0.15852,0.10761,0.10270,0.10298
2366,6.31897,0.10322,0.10322,6.16677,0.10360,0.10396,6.23680,0.11427,0.14944,6.20406,6.13521,6.20317,6.21545,2.23774,5.60345,6.11555,6.28943,6.27582,5.18741,6.26626,2.42410,6.26404,0.27794,0.10007,0.48476,0.23986,0.11078,0.10284,0.10301
2367,6.25525,0.10321,0.10313,6.17447,0.10517,0.10385,6.21066,0.13063,0.16202,6.23929,6.11777,6.21578,6.19367,3.04904,5.96719,6.11928,6.26166,6.26018,5.81540,6.23423,3.59610,6.23202,0.58478,0.10004,0.66372,0.37507,0.11094,0.10292,0.10302
2368,6.20806,0.10318,0.10304,6.17185,0.10567,0.10441,6.22039,0.14450,0.15241,6.24204,6.13925,6.20890,6.19801,2.35704,5.27641,6.11411,6.19091,6.18832,5.17370,6.24833,2.73457,6.24530,0.53767,0.10000,0.50017,0.33936,0.10986,0.10295,0.10299
2369,6.20426,0.10324,0.10309,6.13970,0.10646,0.10640,6.24210,0.15180,0.14581,6.22014,6.14224,6.18552,6.18218,1.72962,4.10347,6.09218,5.71831,5.81465,4.21580,6.13890,1.74935,6.15773,0.38205,0.10006,0.37018,0.33780,0.10932,0.10312,0.10308
2370,6.19121,0.10331,0.10327,6.16973,0.10733,0.11256,6.17747,0.17286,0.14459,6.20738,5.99232,6.21699,6.17281,1.29435,3.08556,6.11740,4.88083,5.27896,3.37533,5.70481,1.26713,5.84173,0.30101,0.10012,0.28492,0.33592,0.10874,0.10439,0.10319
2371,6.19665,0.10342,0.10377,6.25114,0.10843,0.12451,6.10441,0.18268,0.15784,6.19534,5.87844,6.28107,6.24130,1.37731,2.90527,6.18754,4.63248,5.02876,3.27214,5.51790,1.22749,5.66144,0.32361,0.10046,0.32744,0.36199,0.11154,0.10779,0.10346
2372,6.30341,0.10367,0.10553,6.36807,0.11324,0.14697,6.30863,0.24025,0.19669,6.26063,6.19929,6.39613,6.36241,2.75596,4.95814,6.30913,6.10661,6.10550,5.10540,6.24413,2.64167,6.24410,0.71304,0.10114,0.62194,0.60324,0.12509,0.12051,0.10608
2373,6.42810,0.10399,0.10879,6.48258,0.12388,0.18668,6.39840,0.36542,0.24136,6.38342,6.25621,6.50061,6.47939,3.09376,5.32557,6.43279,6.17809,6.24718,5.55271,6.28756,3.20012,6.29261,0.92546,0.10215,0.66829,0.87772,0.13967,0.13490,0.11294
2374,6.51307,0.10433,0.11533,6.54631,0.13765,0.25613,6.40365,0.46388,0.29843,6.48109,6.25551,6.55871,6.54381,2.72952,4.89804,6.50977,5.99099,6.20280,5.30213,6.24093,2.76278,6.27261,0.92138,0.10192,0.58721,1.06729,0.16013,0.15534,0.12031
2375,6.54020,0.10477,0.12150,6.58691,0.15047,0.29547,6.07431,0.51900,0.31916,6.53528,5.91662,6.59497,6.56288,1.56955,3.05002,6.55175,4.77735,5.36125,3.55819,5.54873,1.50168,5.80674,0.60627,0.10040,0.42243,1.00344,0.17780,0.15672,0.12345
2376,6.48957,0.10613,0.12940,6.60304,0.16550,0.24208,4.76976,0.56511,0.33946,6.54603,4.47274,6.60601,6.50990,0.82028,1.53648,6.57175,2.59551,3.38024,1.99484,3.51138,0.74384,4.03303,0.45356,0.10023,0.43627,0.87455,0.20955,0.13776,0.12035
2377,6.37185,0.10773,0.13373,6.59865,0.17966,0.19765,2.93546,0.52734,0.35412,6.53390,2.86342,6.60167,6.30853,0.54092,0.84877,6.58824,1.41610,2.03565,1.17162,1.96430,0.49235,2.42204,0.49474,0.10018,0.48054,0.72540,0.22006,0.12845,0.11871
2378,6.04946,0.10891,0.13411,6.60014,0.19204,0.17919,2.30665,0.47296,0.36400,6.51458,2.10772,6.56793,6.32462,0.49646,0.59895,6.57546,0.94110,1.40330,0.82061,1.33826,0.45272,1.67126,0.52763,0.10024,0.51702,0.59294,0.22212,0.12491,0.11799
2379,6.04714,0.11119,0.14070,6.59058,0.20852,0.17351,5.97732,0.43224,0.40930,6.43003,3.34864,6.54280,6.56503,0.54058,0.64223,6.54665,1.10455,1.40930,0.90056,1.76627,0.45840,1.86619,0.52343,0.10024,0.53347,0.50071,0.24951,0.12510,0.11702
2380,6.45413,0.11421,0.15720,6.57307,0.22742,0.17540,6.59854,0.43440,0.42893,6.32530,6.29453,6.54389,6.59468,0.65733,0.83182,6.52858,1.92147,2.17211,1.13457,5.15653,0.48903,5.27208,0.48837,0.10027,0.51493,0.47309,0.26425,0.12861,0.11663
2381,6.57921,0.11847,0.17696,6.56212,0.24520,0.16354,6.11353,0.40245,0.42060,6.45238,5.15236,6.54890,6.57944,0.64773,0.71214,6.51945,1.38059,1.93058,1.05670,3.31834,0.48271,3.70073,0.45536,0.10019,0.49659,0.45429,0.25614,0.13176,0.11648
2382,6.54525,0.12158,0.18701,6.52742,0.25538,0.15701,3.41541,0.36991,0.40667,6.53498,2.48720,6.53682,6.51775,0.58482,0.57486,6.46233,0.87352,1.28911,0.86517,1.28533,0.47407,1.65408,0.43345,0.10013,0.48268,0.41590,0.24676,0.13364,0.11648
2383,6.32903,0.12497,0.20111,6.48289,0.25943,0.16659,1.69392,0.33499,0.38532,6.53033,1.66586,6.52140,6.41333,0.54797,0.52165,6.42744,0.70237,1.06317,0.74843,0.93911,0.46427,1.20372,0.40907,0.10011,0.46282,0.39257,0.23195,0.13418,0.11677
2384,6.17586,0.12715,0.20822,6.46561,0.25161,0.17913,1.23521,0.30472,0.35906,6.42993,1.38012,6.50402,6.36432,0.50702,0.50181,6.41357,0.62435,0.94491,0.66563,0.78719,0.45391,1.00732,0.39024,0.10000,0.44041,0.38501,0.22385,0.13918,0.11709
2385,6.07690,0.12651,0.20576,6.44768,0.23726,0.18320,1.02020,0.29060,0.33635,6.28500,1.21358,6.48881,6.37566,0.47185,0.48859,6.40312,0.57698,0.84817,0.60604,0.69557,0.44497,0.89148,0.37787,0.09992,0.42774,0.36780,0.22395,0.14883,0.11771
2386,6.24594,0.12495,0.20420,6.43139,0.23759,0.19015,3.95122,0.28245,0.31897,6.23693,1.36338,6.47953,6.44282,0.47358,0.50136,6.40141,0.59524,0.82759,0.63459,0.76442,0.44673,0.85940,0.36798,0.09991,0.41357,0.35990,0.21605,0.16163,0.12094
2387,6.42438,0.12487,0.20504,6.44198,0.24342,0.20206,3.76892,0.27236,0.30291,6.34810,1.34693,6.49016,6.45312,0.47281,0.50686,6.42062,0.58380,0.77924,0.64778,0.74385,0.43959,0.82489,0.34393,0.10000,0.39413,0.34305,0.20260,0.16947,0.12576
2388,6.44031,0.12456,0.20472,6.46678,0.24291,0.20977,1.98027,0.26141,0.28942,6.44768,1.14894,6.50401,6.43422,0.46169,0.49704,6.44353,0.57115,0.73611,0.62911,0.65953,0.42417,0.75051,0.31675,0.10002,0.36874,0.32396,0.19745,0.17531,0.13236
2389,6.28212,0.12552,0.21276,6.47188,0.23733,0.20935,2.50338,0.25188,0.28241,6.42621,1.02401,6.50177,6.43210,0.44657,0.48751,6.44536,0.57129,0.71241,0.60351,0.62669,0.41072,0.69689,0.29541,0.10003,0.34228,0.31104,0.19591,0.17845,0.13875
2390,6.37786,0.13069,0.22391,6.47230,0.22859,0.20632,1.49330,0.24424,0.27424,6.37452,0.96369,6.49791,6.44337,0.42301,0.48502,6.44138,0.56577,0.70374,0.58228,0.60943,0.40127,0.66744,0.28427,0.10011,0.31591,0.30540,0.19536,0.17972,0.14440
2391,6.25526,0.13676,0.22921,6.47367,0.22222,0.20409,1.28774,0.23840,0.26663,6.39872,0.87176,6.49219,6.38444,0.39650,0.46269,6.43268,0.54689,0.68354,0.54448,0.59352,0.37769,0.65335,0.26837,0.10012,0.30005,0.28697,0.19382,0.17971,0.14949
2392,6.26934,0.13860,0.22924,6.46699,0.21920,0.20435,1.67156,0.23519,0.26094,6.32136,0.85211,6.48540,6.44158,0.38600,0.45035,6.42181,0.53664,0.65258,0.53595,0.59495,0.35925,0.63980,0.25614,0.10012,0.29487,0.26272,0.19445,0.18089,0.15500
2393,6.22828,0.14190,0.22619,6.44855,0.21602,0.20343,0.69932,0.24096,0.25712,6.33934,0.79841,6.46578,6.30542,0.36337,0.40983,6.40044,0.49750,0.60193,0.49552,0.55617,0.31944,0.61307,0.23966,0.10012,0.28672,0.23899,0.20088,0.18122,0.15355
2394,5.82878,0.14635,0.22264,6.41090,0.21528,0.19780,0.89556,0.24494,0.25472,6.28496,0.73962,6.42087,6.24729,0.33415,0.36558,6.37175,0.44425,0.54393,0.44365,0.50686,0.28032,0.56469,0.23705,0.10012,0.27588,0.21522,0.20796,0.18105,0.15084
2395,6.03010,0.15254,0.22069,6.38952,0.21567,0.19717,3.72265,0.24341,0.24831,6.06305,0.80176,6.38558,6.39892,0.34105,0.36338,6.36365,0.44328,0.52778,0.44869,0.52537,0.27628,0.55200,0.23649,0.10015,0.27003,0.21152,0.21206,0.18149,0.14971
2396,6.35806,0.16044,0.21979,6.38318,0.21624,0.19768,5.03541,0.23930,0.24127,6.16828,1.42412,6.37754,6.39800,0.34678,0.36497,6.35987,0.44558,0.51993,0.45482,0.55429,0.27523,0.57548,0.23628,0.10014,0.26704,0.21823,0.20894,0.18144,0.14926
2397,6.38791,0.16633,0.21899,6.37963,0.21584,0.19790,2.99264,0.23415,0.23354,6.36150,1.02680,6.39217,6.37072,0.33695,0.35182,6.35710,0.42286,0.50189,0.43950,0.51272,0.26803,0.54575,0.23640,0.10009,0.26368,0.21300,0.20333,0.18124,0.15008
2398,6.19013,0.16851,0.21824,6.37825,0.21539,0.19773,0.67877,0.22836,0.22386,6.37147,0.65099,6.39998,6.26205,0.31642,0.32213,6.35622,0.39681,0.47837,0.40208,0.43860,0.25805,0.48757,0.23527,0.10008,0.25662,0.20428,0.19832,0.18174,0.15213
2399,6.09715,0.17336,0.21714,6.38529,0.21299,0.19727,1.72262,0.22323,0.21627,6.21841,0.62564,6.39539,6.35921,0.30707,0.31747,6.36148,0.39017,0.46914,0.39283,0.43232,0.25841,0.46927,0.23460,0.10010,0.24987,0.20754,0.19502,0.18132,0.15467
2400,6.31740,0.17997,0.21486,6.40173,0.20964,0.19585,1.29470,0.21834,0.20991,6.24366,0.60540,6.40353,6.35189,0.29056,0.31753,6.37233,0.38372,0.46151,0.38038,0.42645,0.26063,0.45776,0.23373,0.10006,0.24346,0.21072,0.19274,0.18006,0.15759
2401,5.90158,0.18287,0.21222,6.41574,0.20576,0.19303,0.44575,0.21345,0.20232,6.28872,0.53256,6.40798,6.10230,0.25213,0.28603,6.37896,0.33872,0.40343,0.32256,0.37999,0.25012,0.42599,0.23087,0.09992,0.23617,0.19901,0.19428,0.17906,0.16001
2402,5.44465,0.18464,0.20971,6.41646,0.20213,0.19090,0.40421,0.21139,0.19926,6.01019,0.48257,6.38624,6.14003,0.23546,0.26395,6.38027,0.29968,0.34246,0.28604,0.33499,0.24139,0.37055,0.22902,0.09995,0.22953,0.17816,0.19496,0.17856,0.16101
2403,5.44985,0.18853,0.20666,6.41214,0.20049,0.18976,0.35773,0.20863,0.19469,5.80491,0.43387,6.36513,6.10843,0.22597,0.25137,6.38577,0.27411,0.30622,0.26071,0.29869,0.23611,0.32425,0.22611,0.10007,0.22264,0.17046,0.19323,0.17779,0.16180
2404,5.34053,0.19087,0.20489,6.42265,0.19451,0.18823,0.33041,0.20570,0.19259,5.75338,0.39354,6.34960,6.13621,0.21449,0.24231,6.39450,0.25659,0.27318,0.23929,0.27262,0.23187,0.29044,0.22384,0.10010,0.21503,0.16391,0.19378,0.17796,0.16376
2405,5.63944,0.19212,0.20232,6.43109,0.18925,0.18725,0.69860,0.20603,0.19242,5.73022,0.38455,6.35762,6.33272,0.20888,0.24070,6.39943,0.25390,0.26410,0.23430,0.26901,0.23041,0.28183,0.22341,0.10008,0.21000,0.15600,0.19373,0.17894,0.16588
2406,6.07891,0.19354,0.19893,6.43075,0.18919,0.18760,1.82833,0.20678,0.19238,5.93884,0.39093,6.37223,6.38854,0.20974,0.24019,6.40077,0.25437,0.26302,0.23553,0.27221,0.22907,0.28037,0.22250,0.10010,0.20507,0.14545,0.19294,0.17910,0.16642
2407,6.25396,0.19434,0.19645,6.42111,0.19228,0.18865,2.23284,0.20612,0.19237,6.17524,0.40123,6.38931,6.39196,0.21393,0.23830,6.39177,0.25326,0.26021,0.23700,0.27263,0.22718,0.27754,0.21975,0.10014,0.19913,0.13963,0.19293,0.17840,0.16593
2408,6.30602,0.19327,0.19571,6.39779,0.19477,0.18905,5.96355,0.20559,0.19113,6.29965,3.26456,6.38078,6.41537,0.22266,0.24334,6.36505,0.36211,0.35556,0.24592,1.58467,0.22723,1.62095,0.21743,0.10017,0.19629,0.14331,0.19467,0.17832,0.16644
2409,6.39015,0.18991,0.19657,6.36593,0.19627,0.18895,6.41412,0.20422,0.18987,6.34382,5.89088,6.36465,6.39398,0.23565,0.43234,6.34370,3.18372,2.67361,0.39816,6.09548,0.23132,6.00968,0.21694,0.10018,0.19587,0.15109,0.19679,0.18076,0.16851
2410,6.39620,0.18867,0.19600,6.34632,0.19660,0.18746,6.38625,0.19881,0.18872,6.38901,5.91729,6.35888,6.36686,0.24345,0.57385,6.33038,4.05403,3.34052,0.55797,6.12358,0.23048,5.91189,0.21429,0.10010,0.19449,0.15380,0.19711,0.18343,0.17025
2411,6.37443,0.18888,0.19483,6.33599,0.19627,0.18678,5.03328,0.19356,0.18872,6.37177,3.86448,6.33182,6.33001,0.22526,0.27401,6.32293,0.86929,1.06146,0.32370,2.49215,0.22087,2.51783,0.20946,0.10006,0.18906,0.14524,0.19675,0.18432,0.17075
2412,6.14329,0.18896,0.19601,6.32600,0.19315,0.18887,1.13775,0.19146,0.19195,6.18489,0.91153,6.24845,6.12520,0.19577,0.22771,6.31688,0.27164,0.32688,0.24101,0.39655,0.21237,0.48832,0.20271,0.10014,0.18221,0.14211,0.19720,0.18401,0.17085
2413,5.65252,0.18804,0.19779,6.31493,0.18929,0.19181,2.34305,0.19141,0.19408,5.98606,0.95335,6.16681,6.09407,0.17573,0.21780,6.31109,0.23710,0.24766,0.21340,0.28308,0.20462,0.30063,0.19592,0.10012,0.17918,0.15039,0.19620,0.18391,0.17097
2414,5.78190,0.18822,0.19605,6.31003,0.18947,0.19189,6.03133,0.19033,0.19122,5.81894,2.93202,6.14416,6.28112,0.18295,0.22036,6.30795,0.24978,0.25375,0.21925,0.46014,0.20271,0.47845,0.19341,0.10001,0.17514,0.14787,0.19641,0.18450,0.17147
2415,6.12738,0.18838,0.19598,6.30964,0.18946,0.19030,6.04669,0.18765,0.18671,5.85264,3.85910,6.16011,6.31024,0.18853,0.22179,6.30719,0.33764,0.29366,0.21899,1.38170,0.19711,1.31063,0.18872,0.10061,0.17435,0.15633,0.19521,0.18591,0.17305
2416,6.20330,0.18960,0.19331,6.30497,0.19179,0.18852,6.31054,0.18452,0.17963,5.84165,5.87858,6.15605,6.30786,0.20963,0.49164,6.30159,3.02483,2.61607,0.38762,5.81590,0.20172,5.75500,0.18642,0.10021,0.18055,0.15956,0.18979,0.18795,0.17498
2417,6.24647,0.18997,0.19190,6.30102,0.19116,0.18822,6.30245,0.18446,0.17870,5.95412,5.93277,6.18516,6.30311,0.21309,0.90218,6.29742,4.15490,3.53441,0.59432,6.12817,0.21084,6.07752,0.18661,0.09993,0.18157,0.15405,0.18876,0.18762,0.17493
2418,6.28938,0.18984,0.19069,6.29997,0.19044,0.18770,6.30202,0.18408,0.17875,6.14842,5.99690,6.22799,6.30278,0.29040,2.04623,6.29672,5.43253,4.95454,1.46014,6.24590,0.26384,6.21521,0.18725,0.09997,0.18334,0.15110,0.18737,0.18765,0.17528
2419,6.29924,0.18943,0.18921,6.29921,0.18994,0.18717,6.28572,0.18378,0.17869,6.23610,6.01711,6.26211,6.30166,0.38578,2.45072,6.29898,5.38554,5.22513,2.09191,6.15279,0.31722,6.13776,0.18747,0.10000,0.18526,0.14916,0.18520,0.18833,0.17637
2420,6.29558,0.18953,0.18839,6.30361,0.18908,0.18742,5.68941,0.18387,0.17862,6.25490,5.02097,6.25825,6.29458,0.25885,0.80246,6.30150,2.57709,2.62980,0.88264,4.11493,0.21747,4.21256,0.18550,0.10004,0.17889,0.14198,0.18542,0.18838,0.17655
2421,6.24700,0.18987,0.18792,6.30689,0.18804,0.18738,4.82619,0.18396,0.17872,6.26983,3.69080,6.26558,6.28042,0.22153,0.44420,6.30254,1.36577,1.47809,0.54745,2.53167,0.20024,2.65257,0.18470,0.10003,0.17503,0.13820,0.18600,0.18821,0.17655
2422,6.24446,0.19038,0.18608,6.30745,0.18805,0.18720,4.50823,0.18402,0.17812,6.25516,3.40086,6.24200,6.28657,0.23304,0.41237,6.30311,1.21872,1.35162,0.54388,2.29148,0.19898,2.34458,0.18402,0.10008,0.17118,0.13721,0.18528,0.18831,0.17709
2423,6.22048,0.19056,0.18568,6.30833,0.18669,0.18694,4.36887,0.18403,0.17606,6.22890,3.11798,6.23879,6.28565,0.23889,0.34900,6.30351,1.00509,1.09563,0.48226,1.94264,0.19520,1.96586,0.18297,0.10013,0.16863,0.14013,0.18454,0.18838,0.17794
2424,6.24964,0.19000,0.18468,6.30928,0.18583,0.18633,6.30993,0.18350,0.17244,6.19755,6.01396,6.25936,6.30934,0.44230,1.52527,6.30731,4.12959,3.99659,1.44888,5.76034,0.33445,5.76503,0.18691,0.10016,0.19353,0.15847,0.18224,0.18843,0.17987
2425,6.29490,0.18971,0.18358,6.31525,0.18498,0.18652,6.29654,0.18368,0.17250,6.23580,6.05798,6.28159,6.31467,0.53655,2.12633,6.31261,5.02462,4.92893,2.01596,6.04536,0.43942,6.04534,0.19107,0.10012,0.20414,0.16434,0.18195,0.18841,0.18074
2426,6.29204,0.19002,0.18354,6.32124,0.18444,0.18683,4.70575,0.18407,0.17418,6.27596,4.00515,6.27433,6.28507,0.30180,0.67578,6.31543,1.75465,1.89478,0.81130,2.90601,0.24126,3.05380,0.18510,0.10013,0.18371,0.14926,0.18287,0.18850,0.18090
2427,6.14519,0.19006,0.18469,6.31760,0.18290,0.18641,3.32178,0.18411,0.17581,6.26005,2.42537,6.24708,6.25188,0.23495,0.41389,6.31003,0.93112,1.05294,0.51275,1.52696,0.21013,1.64139,0.18436,0.10007,0.17664,0.14355,0.18381,0.18844,0.18098
2428,6.19474,0.18984,0.18427,6.31508,0.18246,0.18593,6.23846,0.18408,0.17595,6.18115,4.64916,6.24051,6.31341,0.27848,0.58359,6.30938,1.33831,1.36861,0.64672,2.39438,0.23432,2.46034,0.18559,0.10003,0.17730,0.14043,0.18348,0.18820,0.18132
2429,6.28922,0.18976,0.18433,6.31925,0.18128,0.18577,5.19298,0.18445,0.17627,6.18028,3.24327,6.26188,6.32163,0.26205,0.49107,6.31190,1.10639,1.11870,0.55690,1.86465,0.22140,1.87932,0.18486,0.10006,0.17376,0.13940,0.18323,0.18804,0.18176
2430,6.31372,0.18944,0.18563,6.31905,0.17945,0.18541,6.12192,0.18474,0.17592,6.20466,4.49251,6.27606,6.32753,0.29210,0.60440,6.31172,1.36783,1.26660,0.61949,2.50375,0.23571,2.52545,0.18536,0.10009,0.17430,0.14178,0.18274,0.18772,0.18263
2431,6.29559,0.18931,0.18711,6.31726,0.17786,0.18503,4.26860,0.18487,0.17676,6.23015,2.73846,6.26897,6.30327,0.25503,0.47728,6.31114,1.02913,0.93724,0.50136,1.62103,0.22379,1.57684,0.18527,0.10009,0.17047,0.14481,0.18251,0.18740,0.18306
2432,6.27763,0.18894,0.18703,6.31510,0.17778,0.18466,6.31480,0.18474,0.17612,6.18634,5.65602,6.27213,6.31982,0.30563,0.74983,6.31065,1.60999,1.52828,0.66665,3.67998,0.27557,3.82143,0.18921,0.10002,0.17679,0.14322,0.18202,0.18693,0.18343
2433,6.30889,0.18888,0.18649,6.31950,0.17781,0.18458,5.66699,0.18473,0.17662,6.19681,4.34539,6.28190,6.32144,0.27024,0.63553,6.31209,1.28768,1.22463,0.59065,2.46186,0.26236,2.53875,0.18967,0.10003,0.17420,0.14141,0.18185,0.18679,0.18356
2434,6.28142,0.18879,0.18706,6.32924,0.17817,0.18431,3.96189,0.18447,0.17706,6.23418,2.51095,6.30017,6.31495,0.22294,0.50187,6.31301,0.93698,0.85420,0.46434,1.44836,0.23607,1.45969,0.18833,0.10001,0.17188,0.14340,0.18066,0.18661,0.18327
2435,6.29582,0.18846,0.18728,6.32136,0.17839,0.18385,5.37582,0.18443,0.17633,6.23211,3.10916,6.27135,6.33606,0.24784,0.55980,6.31035,1.05501,0.90396,0.49845,1.73030,0.24402,1.68999,0.18766,0.10002,0.17190,0.14352,0.17943,0.18610,0.18339
2436,6.32244,0.18849,0.18575,6.32103,0.17813,0.18382,4.64069,0.18441,0.17566,6.21932,2.83073,6.26892,6.32198,0.25921,0.52291,6.31258,1.01252,0.87596,0.49950,1.59519,0.23686,1.55145,0.18656,0.10002,0.17225,0.14023,0.17928,0.18595,0.18370
2437,6.23403,0.18860,0.18332,6.34153,0.17827,0.18414,2.03888,0.18435,0.17425,6.26641,1.63885,6.31775,6.24728,0.23113,0.37913,6.32091,0.72338,0.69253,0.41724,1.02953,0.21549,0.99267,0.18568,0.10006,0.17111,0.13711,0.17993,0.18619,0.18374
2438,6.07744,0.18853,0.18088,6.36381,0.17900,0.18460,1.35968,0.18426,0.17101,6.23080,1.28219,6.33966,6.26276,0.21208,0.31397,6.33398,0.54459,0.60482,0.36402,0.78357,0.20528,0.80488,0.18507,0.10004,0.17179,0.13842,0.18052,0.18644,0.18370
2439,6.13879,0.18839,0.17866,6.38324,0.17951,0.18496,1.50400,0.18419,0.16830,6.16364,1.18145,6.35812,6.32824,0.20685,0.29875,6.34889,0.47266,0.58205,0.34712,0.69193,0.20323,0.74553,0.18484,0.10003,0.17252,0.13872,0.18070,0.18653,0.18371
2440,6.11328,0.18822,0.17687,6.40350,0.17980,0.18528,0.85847,0.18424,0.16628,6.19347,0.93302,6.37238,6.23106,0.19498,0.25730,6.37086,0.38028,0.48294,0.29227,0.50949,0.19596,0.59517,0.18406,0.10003,0.17194,0.13925,0.18088,0.18659,0.18373
2441,5.80940,0.18807,0.17568,6.42013,0.18013,0.18553,0.56106,0.18436,0.16524,6.13861,0.71861,6.38007,6.14948,0.17964,0.21864,6.39169,0.29409,0.35583,0.23605,0.37385,0.18892,0.43724,0.18345,0.10006,0.17085,0.14024,0.18126,0.18660,0.18379
2442,5.54535,0.18784,0.17570,6.42953,0.17998,0.18552,0.49895,0.18428,0.16672,5.96546,0.57993,6.35889,6.12627,0.16812,0.19778,6.40045,0.23216,0.26096,0.20312,0.27975,0.18396,0.31177,0.18327,0.10005,0.16841,0.13634,0.18159,0.18649,0.18372
2443,5.63945,0.18765,0.17360,6.43140,0.18044,0.18559,0.38381,0.18438,0.16615,5.81351,0.51026,6.34745,6.19225,0.16749,0.19012,6.40423,0.21015,0.23200,0.19341,0.24062,0.18181,0.26136,0.18307,0.10004,0.16736,0.13182,0.18174,0.18647,0.18370
2444,5.58564,0.18731,0.17145,6.43840,0.18087,0.18581,0.26025,0.18462,0.16387,5.79308,0.43932,6.34782,6.15616,0.16766,0.18329,6.41717,0.19301,0.20557,0.18119,0.20696,0.18126,0.21955,0.18327,0.10005,0.16816,0.13007,0.18170,0.18654,0.18389
2445,5.49002,0.18703,0.17061,6.44504,0.18050,0.18591,0.32543,0.18480,0.16533,5.75098,0.39975,6.33942,6.19932,0.16648,0.18040,6.42194,0.18359,0.18730,0.17321,0.19109,0.18160,0.19720,0.18340,0.10005,0.16534,0.12661,0.18201,0.18663,0.18407
2446,5.60079,0.18692,0.17078,6.42327,0.17876,0.18568,1.59940,0.18456,0.16643,5.71962,0.54382,6.28018,6.20671,0.16760,0.18035,6.35695,0.18081,0.17925,0.17297,0.18895,0.18155,0.19092,0.18244,0.10009,0.15936,0.12881,0.18104,0.18653,0.18440
2447,5.73958,0.18586,0.16889,6.36856,0.17949,0.18553,6.40183,0.18404,0.16101,5.81349,5.44910,6.24345,6.36992,0.17232,0.19360,6.31913,0.91298,0.84796,0.18938,3.79755,0.18080,3.83917,0.18185,0.10009,0.16357,0.13524,0.17721,0.18616,0.18501
2448,6.07836,0.18507,0.16818,6.36133,0.17891,0.18549,6.41723,0.18404,0.16047,5.82918,6.00446,6.25383,6.37946,0.17572,0.42242,6.32429,3.77216,3.21052,0.34901,6.27163,0.18100,6.17593,0.18200,0.10007,0.16529,0.13358,0.17494,0.18600,0.18539
2449,6.29458,0.18450,0.16759,6.37601,0.17820,0.18525,6.34949,0.18426,0.16169,5.99757,5.81683,6.28436,6.38576,0.17527,0.29780,6.33030,2.07141,1.75981,0.29025,5.00226,0.18121,4.72390,0.18218,0.10000,0.16192,0.12936,0.17443,0.18590,0.18548
2450,6.35696,0.18360,0.16726,6.36028,0.17643,0.18511,6.38496,0.18411,0.16114,6.20282,6.09329,6.30320,6.38970,0.24354,1.64864,6.32356,5.16810,4.86374,1.40167,6.28379,0.20938,6.27007,0.18184,0.10001,0.16254,0.13224,0.17350,0.18543,0.18573
2451,6.36704,0.18276,0.16710,6.34548,0.17474,0.18520,6.33240,0.18458,0.16210,6.26472,5.94600,6.30917,6.37136,0.25784,1.06388,6.32406,3.85955,3.87694,1.21237,5.58984,0.20110,5.56489,0.18179,0.10008,0.16045,0.13388,0.17418,0.18492,0.18593
2452,6.36589,0.18210,0.16719,6.33803,0.17341,0.18497,6.33134,0.18438,0.16056,6.27812,5.94573,6.29936,6.35395,0.30607,0.85517,6.32480,3.47428,3.46517,1.18917,5.42409,0.20313,5.40044,0.18166,0.10005,0.16364,0.13527,0.17389,0.18456,0.18601
2453,6.33794,0.18221,0.16857,6.33966,0.17163,0.18428,6.03518,0.18425,0.16141,6.30305,5.28638,6.29309,6.34226,0.27531,0.60117,6.32890,2.38769,2.47782,0.87871,4.21496,0.20029,4.17932,0.18185,0.10005,0.16130,0.13262,0.17316,0.18446,0.18604
2454,6.29570,0.18194,0.16879,6.34577,0.17070,0.18378,5.40310,0.18415,0.16188,6.28682,4.49512,6.29058,6.33912,0.26782,0.45580,6.33210,1.74445,1.92684,0.73209,3.29874,0.19911,3.27650,0.18174,0.10004,0.15966,0.13172,0.17266,0.18432,0.18603
2455,6.23071,0.18182,0.16947,6.35350,0.16970,0.18300,3.60540,0.18398,0.16364,6.23442,2.91359,6.29131,6.28317,0.21778,0.29343,6.33526,0.86008,1.16292,0.48923,1.79854,0.19085,1.93140,0.18184,0.10006,0.15681,0.13272,0.17276,0.18433,0.18602
2456,6.07711,0.18214,0.17143,6.34552,0.16826,0.18174,4.42070,0.18305,0.16385,6.13687,2.42686,6.25393,6.31230,0.20711,0.26602,6.33291,0.64195,0.74964,0.36531,1.27111,0.18947,1.27803,0.18089,0.10039,0.15760,0.14025,0.17257,0.18351,0.18597
2457,6.13374,0.18089,0.17085,6.33641,0.16816,0.18179,5.54501,0.18235,0.16183,6.05692,4.18520,6.22681,6.32802,0.24917,0.37686,6.33562,1.08413,0.97173,0.41489,2.60448,0.19610,2.59607,0.18041,0.10111,0.17067,0.15397,0.17131,0.18136,0.18570
2458,6.12455,0.17993,0.17049,6.34278,0.16742,0.18129,6.33396,0.18175,0.16720,6.00170,6.10299,6.24697,6.33095,0.68617,2.80741,6.34066,5.19086,5.02044,2.50241,6.23386,0.66558,6.21394,0.20479,0.10003,0.23075,0.17222,0.16906,0.17989,0.18488
2459,6.21444,0.17871,0.16825,6.35943,0.16782,0.18156,6.34330,0.20556,0.19108,6.05147,6.17822,6.27043,6.33894,3.32188,6.06880,6.35943,6.33072,6.32847,5.96516,6.33551,3.69300,6.33294,0.67655,0.10008,0.68938,0.33261,0.17196,0.17864,0.18433
2460,6.30523,0.17706,0.16700,6.33828,0.16910,0.18116,6.32420,0.20663,0.22089,6.23577,6.17919,6.27507,6.31139,2.82979,4.90472,6.35742,6.07765,6.14623,5.42515,6.27421,2.41609,6.27846,0.48025,0.11930,0.64049,0.50049,0.17719,0.17731,0.18387
2461,6.28572,0.17424,0.16688,6.35458,0.18029,0.18309,6.31736,0.20160,0.36273,6.22673,6.19145,6.28974,6.32313,3.26181,4.24434,6.36307,6.01746,6.04934,5.08467,6.25999,1.48824,6.25862,0.28970,0.11692,0.84555,0.75083,0.22075,0.17688,0.18248
2462,6.25483,0.17309,0.16942,6.38841,0.21430,0.18576,6.33195,0.21765,0.53672,6.21689,6.22360,6.30792,6.33564,3.80083,4.37871,6.39572,6.12393,6.13136,5.21200,6.29851,1.70090,6.29191,0.33168,0.12204,1.24535,1.17780,0.28611,0.17834,0.18126
2463,6.23336,0.17335,0.17482,6.41237,0.25349,0.18493,6.34450,0.23667,0.58117,6.21794,6.25452,6.32535,6.35149,4.09266,5.31243,6.41292,6.24721,6.25902,5.63164,6.32945,2.62345,6.32951,0.52463,0.10123,1.53272,1.55908,0.29924,0.18071,0.18059
2464,6.26875,0.17474,0.17834,6.42790,0.26908,0.18611,6.08508,0.21365,0.58899,6.22667,5.90049,6.33832,6.37156,2.39281,2.84120,6.41787,4.73141,5.35297,4.33054,5.55994,0.97649,5.75182,0.33929,0.11858,1.17953,1.17349,0.29489,0.18350,0.18052
2465,6.25797,0.17710,0.17816,6.42928,0.25371,0.19896,5.54846,0.23018,0.65542,6.24860,5.06860,6.35036,6.36966,1.65452,1.58454,6.41370,3.17393,4.34897,3.24057,4.25222,0.54071,4.70223,0.32914,0.10416,1.05370,0.75768,0.32885,0.18589,0.18028
2466,6.25410,0.17807,0.17697,6.43192,0.24135,0.21562,6.41326,0.25606,0.71181,6.24912,6.21753,6.36995,6.41581,1.96804,2.34211,6.41817,4.27448,4.53634,3.47415,5.60855,0.83363,5.57957,0.37308,0.10579,1.01447,0.64057,0.36073,0.18878,0.18012
2467,6.32275,0.18112,0.17629,6.42578,0.25280,0.23767,6.22924,0.28591,0.71091,6.22431,5.82935,6.37273,6.42679,1.99765,2.54115,6.40998,4.35072,4.52478,3.24484,5.33359,1.06364,5.32254,0.43374,0.12592,0.91000,0.67090,0.43947,0.20357,0.18049
2468,6.38968,0.18419,0.18284,6.42447,0.35133,0.22616,6.42812,0.37285,0.69388,6.28604,6.35971,6.40046,6.43048,3.05041,5.01275,6.41051,6.31595,6.30353,4.98950,6.42213,2.61664,6.42092,0.87508,0.10083,1.27176,0.97037,0.43552,0.21810,0.18147
2469,6.42751,0.18741,0.19487,6.42759,0.39626,0.22365,6.25328,0.29700,0.64586,6.38600,6.08691,6.41401,6.42795,2.17077,3.29505,6.41166,4.99348,5.25658,3.89645,5.78236,1.55778,5.86592,0.61704,0.10050,1.01491,0.86794,0.38890,0.22561,0.18162
2470,6.37847,0.19202,0.20155,6.41281,0.39525,0.23028,4.81980,0.24979,0.63547,6.38142,4.58059,6.39393,6.36001,1.37379,1.69617,6.39634,2.91509,3.66533,2.60651,3.77466,0.76086,4.16157,0.39677,0.10030,0.86192,0.66322,0.39364,0.23040,0.18224
2471,6.27318,0.19394,0.19792,6.40409,0.36449,0.24841,5.67969,0.27546,0.65775,6.35464,5.01313,6.38654,6.38519,1.38911,1.77086,6.39157,3.00497,3.50372,2.47776,4.13809,0.80872,4.32525,0.40923,0.10023,0.82876,0.54608,0.42278,0.23251,0.18446
2472,6.34609,0.19496,0.19490,6.41606,0.35927,0.25090,5.94215,0.30515,0.63710,6.31829,5.55820,6.40253,6.40584,1.42079,2.07489,6.40468,3.40582,3.64391,2.54475,4.77625,1.00493,4.85547,0.49922,0.10012,0.80702,0.50631,0.41495,0.23407,0.18555
2473,6.18157,0.19658,0.19466,6.43236,0.34147,0.25587,3.16135,0.27424,0.59636,6.32366,3.11170,6.40647,6.25415,0.91122,1.10894,6.41393,1.81206,2.30023,1.56897,2.36810,0.61954,2.66759,0.38859,0.10039,0.67424,0.45326,0.40955,0.23470,0.18568
2474,5.87686,0.20012,0.19649,6.42630,0.32249,0.26745,2.81628,0.26681,0.58160,6.28982,2.39109,6.38047,6.23891,0.76031,0.79697,6.40090,1.26363,1.70171,1.18600,1.69863,0.48150,1.96594,0.34349,0.10030,0.58816,0.43044,0.42216,0.23839,0.18712
2475,6.01175,0.20223,0.19859,6.42562,0.30877,0.27801,4.81369,0.27554,0.57457,6.12936,2.67701,6.38620,6.40660,0.73817,0.84909,6.40685,1.35219,1.67314,1.17371,1.81703,0.50675,1.93177,0.34548,0.10008,0.56437,0.41014,0.42807,0.24067,0.18830
2476,6.10289,0.20054,0.20013,6.44706,0.27777,0.29980,1.80703,0.29675,0.54334,6.10934,1.88150,6.40633,6.25330,0.57918,0.68941,6.42760,1.01182,1.30095,0.91487,1.30566,0.47396,1.50692,0.33196,0.10006,0.56004,0.40777,0.39124,0.23737,0.18788
2477,5.79781,0.19928,0.19949,6.46702,0.25892,0.31984,1.35174,0.31373,0.51480,6.07718,1.51099,6.40908,6.24091,0.50772,0.56758,6.43239,0.79971,1.01048,0.72766,0.99627,0.44477,1.16536,0.31997,0.10008,0.54247,0.38574,0.35721,0.23918,0.18787
2478,5.66142,0.19882,0.19865,6.46693,0.24644,0.32974,1.02177,0.32682,0.48274,5.95198,1.22016,6.39709,6.15452,0.46576,0.49281,6.42072,0.62922,0.77483,0.58137,0.76798,0.40439,0.88551,0.31518,0.10010,0.51808,0.36818,0.33076,0.24328,0.18804
2479,5.43175,0.19839,0.19803,6.45567,0.23634,0.33424,0.75297,0.34059,0.44430,5.81605,0.97549,6.36062,6.15232,0.43339,0.43848,6.40725,0.51576,0.58027,0.48187,0.58899,0.37409,0.65651,0.31846,0.10014,0.48694,0.34960,0.30372,0.25154,0.18898
2480,5.64626,0.19986,0.19674,6.43907,0.23090,0.33732,4.02261,0.34797,0.42421,5.68550,2.22487,6.29155,6.37771,0.41319,0.43982,6.39661,0.52679,0.54785,0.46348,0.80719,0.37472,0.86930,0.33524,0.10015,0.45062,0.32387,0.29168,0.26446,0.19176
2481,6.21212,0.20354,0.19582,6.42610,0.22819,0.34150,6.45543,0.35014,0.41402,5.85436,6.00257,6.29452,6.44994,0.40170,0.49841,6.39108,0.92482,0.88517,0.49135,4.29300,0.40161,4.31626,0.35513,0.10011,0.42146,0.30390,0.28819,0.27690,0.19521
2482,6.42397,0.20634,0.19503,6.43632,0.22599,0.34009,6.24212,0.35207,0.39898,6.18430,5.00882,6.35071,6.44743,0.38140,0.48338,6.39773,0.73951,0.71087,0.47205,2.39414,0.39989,2.40689,0.35847,0.10006,0.40903,0.28162,0.28023,0.28255,0.19689
2483,6.45338,0.20926,0.19343,6.45945,0.22576,0.33951,6.44159,0.35466,0.39310,6.38617,6.14810,6.42960,6.45997,0.40296,0.64107,6.42427,2.52674,2.48180,0.60252,5.68421,0.42281,5.71572,0.37919,0.10004,0.39354,0.25921,0.28206,0.28876,0.19852
2484,6.46253,0.21009,0.19083,6.47032,0.22382,0.33554,6.33391,0.35477,0.37958,6.44805,5.68979,6.45052,6.46678,0.39106,0.55949,6.45240,1.49302,1.61141,0.54781,3.98338,0.41450,4.13882,0.38517,0.10003,0.39236,0.24387,0.28215,0.28797,0.19874
2485,6.45887,0.21138,0.18946,6.47101,0.21898,0.33368,5.21535,0.35427,0.37390,6.46144,4.10182,6.44161,6.44440,0.37863,0.50370,6.45973,0.96398,1.08250,0.50091,2.32462,0.40677,2.50821,0.38537,0.10002,0.37881,0.22680,0.28188,0.28547,0.20130
2486,6.17682,0.21133,0.18916,6.46769,0.21592,0.32798,2.35462,0.35112,0.36251,6.43592,1.53069,6.36908,6.20022,0.35994,0.41939,6.44494,0.50386,0.51878,0.41655,0.67445,0.38844,0.71449,0.36517,0.10010,0.35158,0.22756,0.29009,0.27501,0.20451
2487,5.89666,0.21079,0.18777,6.42511,0.22768,0.31758,6.01355,0.33292,0.34994,6.30056,4.72689,6.34281,6.38417,0.37001,0.43981,6.37610,0.71655,0.69350,0.43883,2.30634,0.38125,2.32654,0.35495,0.10042,0.32539,0.24621,0.32469,0.26692,0.21126
2488,6.09820,0.21204,0.19193,6.38424,0.28200,0.30810,6.41861,0.34583,0.32676,6.20408,6.22003,6.32797,6.39942,1.49097,4.05249,6.35780,5.72948,5.67244,3.91788,6.34671,1.53318,6.34028,0.43908,0.10071,0.41642,0.29979,0.33294,0.26926,0.21809
2489,6.34328,0.21029,0.20643,6.39081,0.31144,0.29973,6.39534,0.36042,0.32235,6.26854,6.25189,6.35661,6.38192,2.10084,5.33201,6.38778,6.33884,6.34051,5.32937,6.39240,2.31315,6.39098,0.58853,0.10014,0.45737,0.35256,0.31530,0.26220,0.21576
2490,6.36702,0.21067,0.20826,6.37616,0.31218,0.29541,6.37663,0.37466,0.32471,6.35896,6.24937,6.35648,6.36312,1.79432,4.65989,6.38515,6.11009,6.14666,4.71841,6.33888,1.97001,6.34282,0.64460,0.09996,0.44590,0.31216,0.31095,0.26281,0.21622
2491,6.35736,0.21163,0.20585,6.36473,0.30794,0.28769,6.23373,0.33412,0.33026,6.35227,5.97618,6.34553,6.36067,0.99577,2.60203,6.36471,4.70975,4.81469,2.92809,5.65740,0.95412,5.70556,0.45823,0.10031,0.40056,0.27255,0.31261,0.26324,0.21609
2492,6.34530,0.21771,0.21062,6.36726,0.30979,0.28410,6.36194,0.33634,0.34648,6.33345,6.24406,6.35118,6.35817,1.82404,3.88711,6.37182,5.60880,5.58999,3.87306,6.20799,1.59387,6.21689,0.55321,0.10005,0.53587,0.30045,0.31957,0.27014,0.21817
2493,6.33722,0.21676,0.21696,6.38370,0.30715,0.28983,5.79204,0.35076,0.31935,6.33234,5.48132,6.35391,6.34793,1.07999,2.48037,6.39254,4.02425,4.27412,2.61816,4.91275,1.15545,5.08051,0.51330,0.10014,0.42301,0.31297,0.31392,0.26524,0.21762
2494,6.11189,0.21483,0.21518,6.37266,0.28170,0.29498,3.51234,0.33814,0.30635,6.29804,3.34194,6.33447,6.17889,0.50043,1.18292,6.38922,1.89827,2.10189,1.10930,2.54601,0.61798,2.77278,0.45216,0.10005,0.35085,0.30449,0.30508,0.26780,0.22191
2495,5.61717,0.21566,0.20889,6.37103,0.25545,0.29127,1.65430,0.32597,0.31136,6.15962,1.74805,6.29350,6.02143,0.37210,0.62976,6.35957,0.94083,0.91572,0.56017,1.18229,0.42412,1.22225,0.40598,0.10001,0.33663,0.26197,0.29329,0.27118,0.22910
2496,5.24221,0.21653,0.20718,6.36634,0.24731,0.28971,0.96732,0.31961,0.31120,5.95255,1.17715,6.26484,5.99042,0.34413,0.44773,6.34852,0.58813,0.57700,0.42407,0.72761,0.40678,0.72689,0.36750,0.10002,0.32878,0.23525,0.28660,0.27122,0.22884
2497,5.36128,0.21909,0.20663,6.36942,0.23777,0.28857,2.32930,0.31930,0.30778,5.61156,1.03294,6.24828,6.22267,0.32305,0.42422,6.36132,0.49652,0.47936,0.38972,0.59370,0.39341,0.59876,0.35424,0.10000,0.31795,0.22276,0.27560,0.27347,0.23182
2498,5.97829,0.22151,0.20423,6.38445,0.23472,0.28955,2.19339,0.31933,0.30778,5.64680,0.98952,6.24998,6.33364,0.32099,0.42068,6.37441,0.48700,0.46980,0.39011,0.57479,0.38416,0.57412,0.34790,0.10001,0.30717,0.20345,0.27364,0.27367,0.23352
2499,6.21598,0.22143,0.20250,6.39044,0.23598,0.29035,1.90869,0.31597,0.30654,6.04888,0.91780,6.30213,6.26565,0.32156,0.40982,6.38380,0.46558,0.45467,0.38724,0.53769,0.37109,0.53786,0.34022,0.10002,0.29850,0.18866,0.27951,0.27187,0.23223
2500,5.73723,0.22190,0.20427,6.38786,0.23195,0.28771,0.50607,0.31406,0.30002,6.16897,0.71621,6.30409,6.04514,0.28016,0.37965,6.38502,0.40850,0.39206,0.34827,0.43225,0.34885,0.42826,0.33365,0.10001,0.29479,0.19348,0.26846,0.27360,0.23136
2501,5.47847,0.22380,0.20484,6.38354,0.22824,0.28453,0.44405,0.31299,0.29238,5.87792,0.65453,6.27307,6.13671,0.25816,0.36057,6.37077,0.38403,0.36063,0.31994,0.39926,0.33582,0.38992,0.32763,0.10000,0.28904,0.19069,0.25825,0.27525,0.23320
2502,5.55504,0.22687,0.20524,6.37541,0.22567,0.28083,0.45156,0.31114,0.28507,5.71756,0.60850,6.19530,6.15957,0.24398,0.34359,6.33887,0.36324,0.33151,0.29124,0.37426,0.32578,0.36053,0.32029,0.10000,0.28000,0.18824,0.25099,0.27657,0.23530
2503,5.89615,0.23031,0.20641,6.35980,0.22689,0.28029,3.50916,0.31033,0.27876,5.73649,0.97053,6.18863,6.34990,0.23818,0.34325,6.31842,0.35601,0.32512,0.28597,0.38066,0.32096,0.37834,0.31401,0.10001,0.26566,0.18410,0.24799,0.27767,0.23670
2504,6.27136,0.23301,0.20720,6.35116,0.22850,0.28155,5.51329,0.30922,0.27299,5.96296,2.16856,6.21689,6.36448,0.23044,0.34235,6.31228,0.35664,0.32811,0.28464,0.44037,0.31487,0.46324,0.30794,0.10000,0.25637,0.17772,0.24672,0.27840,0.23738
2505,6.29345,0.23403,0.20706,6.35025,0.22917,0.28016,1.46681,0.30721,0.26677,6.21542,0.68906,6.26799,6.24367,0.21824,0.32715,6.31481,0.34326,0.30157,0.26629,0.35626,0.29832,0.34296,0.30457,0.09999,0.25548,0.17036,0.24545,0.27895,0.23718
2506,5.61455,0.23522,0.20971,6.34478,0.22999,0.27522,0.34202,0.30258,0.25982,6.19025,0.50170,6.23250,5.96429,0.21180,0.29537,6.29673,0.31092,0.26011,0.23481,0.31723,0.28501,0.29013,0.30436,0.10000,0.25394,0.17114,0.24320,0.27927,0.23723
2507,5.09295,0.23827,0.21283,6.31595,0.23514,0.26936,0.29139,0.29614,0.25594,5.70144,0.43857,6.07519,5.96954,0.20945,0.27636,6.24832,0.27618,0.22548,0.21675,0.27703,0.28220,0.24808,0.30132,0.10001,0.24670,0.17589,0.24132,0.27843,0.23786
2508,5.20019,0.24207,0.21398,6.27841,0.23612,0.26676,1.67743,0.29009,0.25146,5.21427,0.58123,5.98312,6.09479,0.20683,0.27199,6.26980,0.26079,0.21587,0.21578,0.26044,0.27898,0.23996,0.29338,0.09987,0.23424,0.17697,0.24278,0.27501,0.23970
2509,5.65650,0.24520,0.21292,6.29130,0.23336,0.26905,6.28074,0.28702,0.24555,5.35192,5.47501,6.09915,6.26542,0.21128,0.28835,6.33968,1.31039,1.24206,0.24686,4.20363,0.26822,4.25803,0.27972,0.09984,0.21814,0.16889,0.24400,0.27150,0.24258
2510,6.11218,0.24696,0.21202,6.32779,0.23017,0.27087,6.26307,0.28478,0.24316,5.68847,5.83663,6.24640,6.29712,0.20888,0.52418,6.36400,3.45155,3.13373,0.41669,5.83717,0.25897,5.80582,0.26889,0.09996,0.21348,0.16323,0.24485,0.27001,0.24405
2511,6.26864,0.24720,0.21190,6.34825,0.22874,0.26977,4.70108,0.28321,0.24089,6.05160,3.45640,6.27300,6.29159,0.19768,0.28093,6.37181,0.70592,0.71373,0.25274,1.94294,0.25326,2.01798,0.27267,0.10001,0.21985,0.15944,0.24493,0.27003,0.24327
2512,6.10011,0.24683,0.21369,6.36192,0.23036,0.26773,1.51856,0.28056,0.23996,6.21083,0.97870,6.26484,6.18323,0.19338,0.25099,6.37010,0.28691,0.27758,0.21763,0.41844,0.25405,0.43953,0.27637,0.10002,0.22002,0.15553,0.24393,0.27005,0.24186
2513,6.02201,0.24723,0.21214,6.36706,0.23031,0.26886,6.03175,0.27699,0.23257,6.16042,4.59199,6.30112,6.31218,0.20588,0.33533,6.36721,1.29848,1.28471,0.30524,3.34557,0.24876,3.40622,0.26501,0.10001,0.20832,0.14666,0.24526,0.26909,0.24335
2514,6.24047,0.24594,0.21019,6.34171,0.23514,0.26953,6.31663,0.26813,0.21986,6.17021,5.92364,6.31356,6.33685,0.21337,0.72395,6.36106,3.58846,3.60438,0.62202,5.73557,0.25710,5.87719,0.24874,0.10003,0.21610,0.16061,0.24477,0.27019,0.24418
2515,6.30784,0.24126,0.21071,6.35389,0.24609,0.26822,4.08985,0.26418,0.21260,6.28019,3.09408,6.34859,6.29631,0.20493,0.31995,6.35036,0.74462,0.80084,0.27993,1.70132,0.24499,1.93916,0.25138,0.10004,0.22556,0.17418,0.24474,0.26933,0.24419
2516,5.96674,0.23751,0.21459,6.38848,0.25377,0.26777,0.82930,0.26263,0.20820,6.26932,0.83025,6.37735,6.13410,0.20977,0.24599,6.36707,0.28794,0.27693,0.21635,0.38042,0.24448,0.39449,0.25379,0.10005,0.22506,0.17678,0.24635,0.26667,0.24367
2517,5.67315,0.23564,0.21699,6.41426,0.25725,0.26783,0.36363,0.26197,0.20602,6.06059,0.55149,6.38212,6.06226,0.21346,0.23904,6.38940,0.24195,0.22392,0.21188,0.25926,0.24723,0.25420,0.25491,0.10003,0.22285,0.17315,0.24815,0.26412,0.24279
2518,5.58603,0.23506,0.21602,6.42623,0.25702,0.26781,0.26161,0.26238,0.20811,5.88131,0.47373,6.37243,5.98145,0.21548,0.24059,6.40651,0.23420,0.21318,0.21414,0.23392,0.24913,0.22348,0.25601,0.10002,0.21753,0.16207,0.24968,0.26269,0.24214
2519,5.31619,0.23617,0.21482,6.43319,0.25088,0.26618,0.84186,0.26209,0.21434,5.76950,0.44398,6.34358,6.03925,0.21171,0.24291,6.38985,0.23492,0.21369,0.21673,0.22994,0.24926,0.21962,0.25628,0.10000,0.20859,0.14772,0.25127,0.26298,0.24205
2520,5.62896,0.23792,0.21349,6.42402,0.24543,0.26379,5.04722,0.26027,0.21301,5.64296,0.82316,6.31832,6.38776,0.20921,0.24018,6.33602,0.23074,0.21589,0.21714,0.23305,0.24671,0.23650,0.25327,0.09998,0.20094,0.13793,0.25123,0.26381,0.24248
2521,6.13948,0.23793,0.21057,6.40765,0.24751,0.26326,2.22325,0.25951,0.21167,5.76624,0.55894,6.34983,6.40067,0.19940,0.23917,6.32325,0.23214,0.21594,0.21643,0.22963,0.24248,0.22665,0.25104,0.09999,0.19768,0.13310,0.25208,0.26340,0.24184
2522,6.29791,0.23808,0.20964,6.42780,0.24582,0.26302,3.72242,0.25798,0.21030,6.11420,0.62432,6.38480,6.42484,0.19618,0.23768,6.36286,0.23109,0.21758,0.21683,0.23621,0.23865,0.24020,0.24644,0.09999,0.19098,0.12791,0.25208,0.26327,0.24211
2523,6.38398,0.23771,0.20766,6.46321,0.24588,0.26323,2.09390,0.25699,0.20958,6.31086,0.56009,6.42402,6.36353,0.18712,0.23460,6.41109,0.23142,0.21788,0.21459,0.23456,0.23264,0.23407,0.24364,0.10001,0.19224,0.12722,0.25248,0.26274,0.24213
2524,5.69009,0.23805,0.20875,6.46099,0.23960,0.26287,0.23641,0.25772,0.21776,6.33420,0.36429,6.37721,6.00898,0.17819,0.22561,6.37397,0.22655,0.20984,0.19687,0.22693,0.23198,0.21814,0.24860,0.10005,0.19748,0.13162,0.25353,0.26200,0.24157
2525,5.10044,0.24301,0.21844,6.34375,0.22633,0.25901,0.22227,0.25673,0.22747,5.91799,0.32312,6.19194,5.99819,0.17427,0.22446,6.25669,0.21570,0.18744,0.18289,0.21295,0.23805,0.19953,0.25071,0.10010,0.20295,0.14916,0.24227,0.26188,0.24313
2526,5.18398,0.24653,0.22341,6.28340,0.23019,0.25499,0.24409,0.25525,0.22417,5.69605,0.30179,6.08148,6.01173,0.17111,0.22705,6.25907,0.21655,0.18192,0.18120,0.21055,0.23839,0.19203,0.25049,0.10006,0.20805,0.15801,0.23448,0.26132,0.24357
2527,5.56580,0.24855,0.22594,6.27983,0.23136,0.25217,4.59031,0.25294,0.22038,5.43583,1.16119,6.00931,6.24871,0.17059,0.22258,6.26442,0.21018,0.18742,0.18286,0.23665,0.23288,0.23710,0.24579,0.10001,0.19994,0.15444,0.23323,0.26016,0.24431
2528,6.03193,0.24984,0.22768,6.28303,0.23165,0.24972,6.27053,0.24869,0.21646,5.33214,4.96986,6.00905,6.28334,0.16928,0.21514,6.27606,0.39636,0.37377,0.18497,2.42308,0.22434,2.50312,0.23587,0.09990,0.19287,0.15339,0.23207,0.25852,0.24470
2529,6.19458,0.25076,0.23039,6.29331,0.23044,0.24690,6.27717,0.24261,0.21286,5.41427,5.81634,6.04793,6.29093,0.17872,0.76628,6.29055,3.85641,3.51931,0.56234,6.07748,0.21801,6.03670,0.22403,0.09990,0.18511,0.14875,0.23037,0.25617,0.24549
2530,6.25955,0.25188,0.23470,6.31484,0.23052,0.24305,6.28650,0.23500,0.20699,5.84901,5.92481,6.20394,6.29879,0.67379,4.26866,6.35389,6.19029,6.12236,3.65210,6.26812,0.72632,6.26182,0.21581,0.10000,0.18874,0.14466,0.22740,0.25259,0.24721
2531,6.29699,0.25223,0.23764,6.36258,0.23142,0.24052,6.27410,0.23250,0.20623,6.17192,5.95430,6.31188,6.31216,1.06777,4.72403,6.40207,6.14121,6.10858,4.41257,6.26285,1.15371,6.25949,0.22451,0.10001,0.20950,0.14532,0.22566,0.25020,0.24782
2532,6.30310,0.25177,0.24076,6.41562,0.23477,0.23690,6.25221,0.23427,0.20856,6.20926,5.91904,6.27709,6.35331,0.61983,2.79316,6.42121,5.17652,5.11933,2.63609,5.96757,0.50408,5.96758,0.22447,0.09989,0.20694,0.14750,0.22322,0.24779,0.24728
2533,6.30891,0.25054,0.24109,6.43681,0.23651,0.23300,6.31038,0.23399,0.21100,6.03100,5.94757,6.25991,6.40559,0.68074,2.94681,6.43908,5.13021,4.98551,2.59576,5.96485,0.56011,5.94897,0.23948,0.09981,0.23188,0.15130,0.22236,0.24491,0.24640
2534,6.25030,0.24909,0.24220,6.46037,0.23800,0.23034,5.77660,0.23651,0.22015,5.64361,5.16990,6.27804,6.41933,0.50347,1.55571,6.46087,3.47106,3.45504,1.63471,4.59004,0.40913,4.58585,0.25336,0.09987,0.23523,0.16125,0.22417,0.24175,0.24540
2535,6.22347,0.24781,0.24176,6.47790,0.23870,0.22987,6.43110,0.24207,0.22833,5.81573,6.03603,6.35230,6.45844,0.84688,2.69532,6.46532,4.73767,4.64717,2.55948,5.80686,0.77017,5.81839,0.28937,0.09993,0.27866,0.15917,0.22628,0.23911,0.24466
2536,6.33861,0.24675,0.24161,6.48369,0.23693,0.23213,6.46854,0.25838,0.25520,6.01976,6.26817,6.41694,6.47856,1.75914,4.78694,6.47138,6.30268,6.23451,4.39401,6.44988,1.94847,6.44594,0.44237,0.09999,0.43378,0.15883,0.22829,0.23751,0.24398
2537,6.39056,0.24599,0.23973,6.49672,0.23681,0.23539,6.47974,0.29934,0.29183,6.14450,6.30585,6.44288,6.49076,3.12804,6.08269,6.48098,6.45737,6.45193,5.79529,6.47007,3.93575,6.46771,0.95339,0.10001,0.87495,0.19758,0.23057,0.23650,0.24382
2538,6.46740,0.24556,0.23602,6.52008,0.23697,0.23925,6.48012,0.32108,0.29927,6.28590,6.31970,6.48027,6.51251,3.34911,6.11155,6.50651,6.45929,6.44246,5.75119,6.47602,4.67158,6.47526,1.26601,0.10001,1.10844,0.38655,0.23014,0.23698,0.24395
2539,6.50846,0.24524,0.23199,6.53019,0.23693,0.24137,6.46751,0.28569,0.30024,6.43540,6.31657,6.50262,6.52325,2.48117,5.22949,6.52543,6.14583,6.00586,4.58875,6.39674,3.59593,6.38925,0.67110,0.10002,0.84498,0.50781,0.22935,0.23909,0.24390
2540,6.51434,0.24494,0.22798,6.52823,0.23714,0.24129,6.19829,0.26502,0.29894,6.49992,5.90053,6.50940,6.51495,1.59397,4.06551,6.53071,5.01232,4.77346,3.34363,5.62152,1.91506,5.57622,0.40908,0.10004,0.60511,0.49511,0.22924,0.24133,0.24375
2541,6.44156,0.24438,0.22651,6.52328,0.23596,0.24005,4.85607,0.25597,0.27206,6.50812,4.56784,6.50546,6.43962,0.83067,2.34154,6.52879,3.56110,3.23463,2.03281,4.12013,0.88835,3.99359,0.34512,0.10005,0.45791,0.45344,0.23144,0.24334,0.24347
2542,6.17917,0.24399,0.22834,6.52273,0.23177,0.23839,3.33487,0.25769,0.25245,6.45430,3.17767,6.48613,6.34886,0.52283,1.06860,6.51506,1.96836,1.89553,1.05773,2.57735,0.54040,2.50769,0.34358,0.10003,0.38382,0.34805,0.23484,0.24445,0.24331
2543,6.02525,0.24389,0.22644,6.52083,0.23028,0.23800,2.49448,0.26064,0.24959,6.29876,2.39687,6.47407,6.36922,0.45933,0.71504,6.50135,1.24618,1.30307,0.74458,1.73365,0.45980,1.76391,0.33089,0.10002,0.35148,0.26658,0.23589,0.24458,0.24333
2544,5.91923,0.24386,0.22572,6.51282,0.22734,0.23800,1.62487,0.26281,0.24906,6.18829,1.66034,6.44988,6.28871,0.39437,0.53926,6.49153,0.79257,0.85104,0.56240,1.06521,0.40384,1.12785,0.31895,0.10002,0.31419,0.21382,0.23614,0.24460,0.24336
2545,5.72802,0.24371,0.22678,6.50459,0.22426,0.23799,0.96602,0.26140,0.24979,6.12049,1.13913,6.42231,6.27587,0.32861,0.44096,6.48852,0.55370,0.58520,0.45062,0.66825,0.36019,0.70767,0.31047,0.09999,0.28095,0.18119,0.23539,0.24437,0.24329
2546,5.84973,0.24345,0.22551,6.49885,0.22356,0.23826,0.81344,0.26273,0.24856,5.98484,1.00334,6.41803,6.39305,0.29400,0.41209,6.48403,0.50074,0.52062,0.41392,0.58089,0.34292,0.60735,0.30506,0.09997,0.26335,0.16290,0.23468,0.24394,0.24314
2547,5.95396,0.24301,0.22260,6.49590,0.22281,0.23843,2.65726,0.26432,0.24554,5.98542,1.41841,6.42024,6.34305,0.27049,0.38786,6.48285,0.46639,0.47862,0.38654,0.57242,0.32621,0.59482,0.30109,0.09996,0.25027,0.15196,0.23445,0.24357,0.24291
2548,6.18884,0.24063,0.21511,6.50388,0.22905,0.24094,6.35688,0.27565,0.23548,6.05672,5.03585,6.42885,6.48884,0.28803,0.42201,6.49653,0.55588,0.56555,0.40695,1.91560,0.33741,2.10772,0.29331,0.09999,0.24160,0.14898,0.23666,0.24306,0.24296
2549,6.45281,0.23898,0.21103,6.48656,0.23199,0.24478,6.16530,0.27673,0.22839,6.33944,4.45954,6.43568,6.47268,0.28075,0.42065,6.50187,0.60111,0.61324,0.38630,1.83821,0.33449,1.97887,0.28376,0.10000,0.23283,0.14272,0.23801,0.24291,0.24294
2550,6.45698,0.23786,0.20867,6.47397,0.23339,0.24988,5.08309,0.27339,0.22417,6.44307,3.40825,6.44996,6.45423,0.27118,0.40779,6.49217,0.57602,0.57172,0.35626,1.45347,0.32591,1.55581,0.27773,0.09999,0.22405,0.13781,0.23874,0.24336,0.24280
2551,6.43531,0.23736,0.20734,6.47441,0.23292,0.25032,5.97163,0.27124,0.21682,6.44965,4.46253,6.45531,6.45734,0.28419,0.43753,6.49110,0.84847,0.81025,0.37107,2.47420,0.32659,2.57916,0.27149,0.09999,0.22978,0.13758,0.23899,0.24292,0.24268
2552,6.44376,0.23681,0.20580,6.48128,0.23303,0.25315,6.39498,0.26843,0.21442,6.44089,5.75183,6.45714,6.46527,0.28766,0.50098,6.49057,1.37916,1.26775,0.39857,3.97233,0.34291,4.03679,0.26481,0.09996,0.22890,0.13441,0.23965,0.24317,0.24247
2553,6.45566,0.23680,0.20468,6.48802,0.23135,0.25387,6.45100,0.26520,0.21547,6.43080,6.04563,6.46419,6.47577,0.29542,0.63127,6.48771,1.98614,1.75421,0.44254,4.82059,0.35221,4.95003,0.25856,0.09995,0.22640,0.13239,0.23967,0.24335,0.24210
2554,6.46547,0.23787,0.20438,6.49058,0.22657,0.25484,5.72412,0.26130,0.21898,6.44117,4.59713,6.46830,6.47819,0.27113,0.53383,6.48649,1.20125,0.95625,0.39116,2.76494,0.32989,2.77230,0.25501,0.09997,0.21116,0.12835,0.23956,0.24388,0.24197
2555,6.42578,0.23636,0.20033,6.48865,0.22813,0.25184,4.14816,0.26128,0.21482,6.44439,2.56708,6.47060,6.44377,0.26610,0.42300,6.48290,0.69757,0.58419,0.36132,1.27576,0.29177,1.24449,0.25402,0.09991,0.20448,0.12514,0.23959,0.24312,0.24160
2556,6.39157,0.23704,0.20235,6.48959,0.22225,0.25297,6.35785,0.25620,0.21077,6.42883,5.51057,6.47199,6.47840,0.27404,0.55222,6.48420,1.28010,1.19659,0.43323,3.38006,0.32639,3.51939,0.25464,0.09995,0.20766,0.12522,0.23854,0.24382,0.24148
2557,6.33063,0.23392,0.19782,6.49373,0.22648,0.24910,2.82427,0.25343,0.21011,6.40090,1.66671,6.45427,6.34620,0.24317,0.35326,6.48504,0.53499,0.49423,0.33250,0.81871,0.26717,0.80556,0.25112,0.09995,0.20136,0.13640,0.23835,0.24221,0.24095
2558,6.18392,0.23275,0.20354,6.49368,0.22254,0.24750,6.45098,0.24596,0.19873,6.33767,5.85283,6.45062,6.44176,0.56066,2.19786,6.48253,4.01000,3.93063,1.97237,5.17843,0.58833,5.20196,0.26954,0.09997,0.24203,0.15379,0.22991,0.24208,0.24058
2559,6.41465,0.23553,0.21634,6.50976,0.21111,0.24700,6.49938,0.27632,0.20101,6.35008,6.33241,6.47188,6.49835,2.73240,6.15900,6.50854,6.48856,6.45208,5.92537,6.49237,3.43047,6.48892,0.65427,0.10003,0.43782,0.20296,0.21800,0.24330,0.24140
2560,6.48185,0.23606,0.21704,6.49093,0.21224,0.24675,6.41400,0.30748,0.19706,6.45695,6.22911,6.45849,6.47789,1.31749,4.11397,6.50608,5.76541,5.74283,4.19201,6.23669,1.79916,6.17353,0.55237,0.09997,0.30026,0.18526,0.21332,0.24389,0.24256
2561,6.44788,0.23527,0.21234,6.46939,0.21192,0.24537,5.71752,0.29054,0.19272,6.46841,5.35127,6.44336,6.42797,0.53824,1.95317,6.49533,3.59191,4.05951,2.17560,4.70723,0.74868,4.92481,0.42004,0.09999,0.24539,0.15750,0.21492,0.24425,0.24224
2562,6.34522,0.23606,0.20878,6.45078,0.21322,0.24233,3.93328,0.28414,0.18950,6.44443,3.64109,6.43546,6.27684,0.31700,1.00425,6.47366,1.96211,2.19057,1.01341,2.77299,0.47569,3.01279,0.35414,0.10001,0.22021,0.14038,0.21532,0.24368,0.24427
2563,5.84120,0.23591,0.20519,6.44937,0.21307,0.24115,1.82601,0.26990,0.18849,6.32156,1.84166,6.41130,6.10696,0.22545,0.48610,6.45324,0.78989,0.86933,0.42942,1.14487,0.34539,1.25558,0.33533,0.10000,0.20321,0.12784,0.21680,0.24332,0.24453
2564,5.46398,0.23482,0.20565,6.43892,0.20789,0.24194,0.83713,0.26069,0.18892,6.21335,1.04539,6.35197,6.03682,0.19785,0.34579,6.43366,0.43438,0.43627,0.27859,0.54986,0.31979,0.58494,0.31320,0.09998,0.19292,0.11918,0.21842,0.24246,0.24347
2565,5.56099,0.23292,0.20322,6.44766,0.20713,0.24284,3.47383,0.25897,0.18955,6.24537,1.73874,6.33113,6.31881,0.19211,0.32236,6.46715,0.38719,0.37104,0.25964,0.56018,0.30637,0.58589,0.30072,0.09999,0.18115,0.11503,0.21917,0.24215,0.24265
2566,6.01330,0.23278,0.20131,6.47759,0.20664,0.24324,5.96914,0.26318,0.19004,6.10653,4.67606,6.38084,6.43667,0.19588,0.33708,6.48187,0.46633,0.46248,0.28774,1.80695,0.28670,1.97687,0.29206,0.10000,0.16792,0.11420,0.21873,0.24247,0.24264
2567,6.11452,0.23074,0.19748,6.50009,0.20697,0.24227,0.90442,0.25463,0.19082,6.08465,0.83843,6.37943,6.23572,0.18027,0.28283,6.48770,0.32446,0.30728,0.23950,0.37639,0.27130,0.37740,0.28045,0.09999,0.18069,0.11466,0.21711,0.24168,0.24193
2568,5.75297,0.22795,0.19336,6.49835,0.20772,0.24201,4.72928,0.25001,0.18551,6.13480,1.55992,6.41128,6.36789,0.19151,0.27328,6.48378,0.30773,0.29247,0.23643,0.37619,0.26670,0.38690,0.26970,0.09999,0.18926,0.11457,0.21653,0.24043,0.24093
2569,6.00457,0.22573,0.18989,6.49720,0.20699,0.24072,1.49644,0.24764,0.18207,6.07705,0.72999,6.40799,6.40646,0.19996,0.26140,6.49053,0.28854,0.27558,0.23189,0.32076,0.26680,0.31860,0.25942,0.09995,0.19235,0.11353,0.21484,0.23910,0.23980
2570,6.06566,0.22367,0.18774,6.50393,0.20585,0.23942,4.62868,0.24313,0.18302,6.10815,3.46678,6.38231,6.41958,0.21263,0.28051,6.49981,0.72957,0.61314,0.25188,2.31297,0.25589,2.31042,0.24898,0.09993,0.19817,0.11547,0.21112,0.23708,0.23837
2571,6.32602,0.22947,0.19097,6.51969,0.20237,0.23826,6.50020,0.23620,0.19852,6.18125,6.18146,6.44938,6.50587,0.24390,2.45968,6.51359,5.48028,4.13287,0.93853,6.44780,0.38411,6.40135,0.23417,0.09994,0.18320,0.11673,0.21862,0.23624,0.23925
2572,6.48453,0.23178,0.19259,6.50594,0.19908,0.23614,6.00107,0.23258,0.20450,6.41800,5.37973,6.45485,6.48366,0.21173,1.82508,6.51663,4.16893,2.22792,0.91678,5.19229,0.36216,4.20266,0.23277,0.09995,0.18594,0.11850,0.21783,0.23579,0.23926
2573,6.40191,0.23107,0.18934,6.49459,0.19815,0.23516,3.70760,0.23385,0.20006,6.44412,3.24010,6.43889,6.37393,0.19250,0.43773,6.50248,1.12627,1.36197,0.57011,2.48135,0.24124,2.21186,0.23147,0.09990,0.18634,0.11635,0.21719,0.23501,0.23862
2574,6.23893,0.22944,0.18577,6.50687,0.19866,0.23468,4.65778,0.23244,0.19031,6.37648,3.34522,6.44640,6.43207,0.22318,0.39448,6.51947,0.95574,1.03946,0.61601,2.11522,0.22556,2.04872,0.23216,0.09993,0.18490,0.11374,0.21694,0.23431,0.23789
2575,6.28861,0.22867,0.18314,6.53373,0.19824,0.23420,4.25762,0.23041,0.18810,6.32570,3.09301,6.46240,6.43871,0.23073,0.40637,6.54292,1.03428,1.06311,0.51841,1.94337,0.21701,1.76530,0.22942,0.09998,0.18342,0.11246,0.21587,0.23420,0.23754
2576,6.18974,0.22595,0.17938,6.55235,0.19914,0.23402,1.48412,0.22848,0.18142,6.29757,1.37733,6.45647,6.23750,0.22031,0.25557,6.54897,0.44200,0.62013,0.35938,0.77700,0.21033,0.85430,0.22914,0.09997,0.18775,0.11117,0.21395,0.23375,0.23677
2577,5.85427,0.22352,0.17632,6.56163,0.20012,0.23408,0.83336,0.22843,0.18014,6.27301,0.92264,6.44385,6.12914,0.19204,0.23276,6.55158,0.34576,0.43551,0.26671,0.47542,0.20776,0.56132,0.22732,0.09998,0.18328,0.11010,0.21362,0.23358,0.23623
2578,5.23222,0.21958,0.17339,6.56604,0.20182,0.23368,0.43445,0.23009,0.17800,6.04678,0.62879,6.42106,6.00688,0.17812,0.20825,6.55220,0.23779,0.28123,0.22375,0.29488,0.21649,0.33735,0.22979,0.10000,0.18342,0.10903,0.21055,0.23322,0.23530
2579,4.82197,0.21554,0.17089,6.56809,0.20313,0.23328,0.26985,0.22984,0.17334,5.71030,0.48266,6.37967,5.97226,0.18311,0.21205,6.54827,0.20868,0.23019,0.20156,0.21861,0.22732,0.23775,0.23024,0.10001,0.18526,0.10870,0.20690,0.23276,0.23425
2580,4.80511,0.21322,0.16839,6.58034,0.20355,0.23347,0.23225,0.22922,0.17059,5.38307,0.43800,6.34437,6.07412,0.18486,0.21859,6.55258,0.20913,0.21030,0.19015,0.21034,0.22974,0.21845,0.22628,0.10002,0.17618,0.10762,0.20803,0.23228,0.23400
2581,4.97062,0.21272,0.16560,6.60299,0.20288,0.23345,0.22492,0.22800,0.17044,5.29981,0.41405,6.35252,6.15040,0.17784,0.22181,6.56791,0.21257,0.19598,0.18906,0.20979,0.22635,0.20733,0.21980,0.10000,0.16472,0.10687,0.21023,0.23162,0.23432
2582,5.25801,0.21258,0.16287,6.59998,0.20148,0.23318,0.22238,0.22650,0.16797,5.47904,0.39919,6.37743,6.30314,0.17050,0.22196,6.56063,0.21546,0.19211,0.18975,0.21051,0.22145,0.20151,0.21604,0.09999,0.15712,0.10608,0.21134,0.23103,0.23440
2583,5.45987,0.21193,0.16045,6.57819,0.19951,0.23287,0.21717,0.22689,0.16852,5.72576,0.38338,6.35775,6.13510,0.15559,0.21741,6.54400,0.21627,0.18947,0.18634,0.21195,0.21331,0.19772,0.21424,0.09999,0.15079,0.10551,0.21194,0.23069,0.23416
2584,5.26315,0.21011,0.15786,6.56669,0.19822,0.23255,0.21420,0.22832,0.16971,5.79610,0.36758,6.28623,6.21807,0.14259,0.20703,6.53878,0.21115,0.18660,0.17389,0.21042,0.20476,0.19505,0.21378,0.09998,0.14862,0.10559,0.21283,0.23038,0.23371
2585,5.43470,0.20844,0.15519,6.55573,0.19763,0.23226,1.37472,0.22793,0.16782,5.17238,0.36701,6.12687,6.34841,0.13774,0.20064,6.52696,0.20476,0.18212,0.16643,0.20601,0.19999,0.19506,0.21209,0.09998,0.14345,0.10498,0.21350,0.23003,0.23331
2586,5.77051,0.20856,0.15350,6.53055,0.19507,0.23191,1.85495,0.22581,0.16602,4.91649,0.38836,6.06200,6.44098,0.13419,0.19682,6.49856,0.20100,0.18056,0.16416,0.20259,0.19264,0.19537,0.20733,0.10000,0.13622,0.10442,0.21310,0.22985,0.23328
2587,5.62005,0.20821,0.15151,6.51727,0.19166,0.23163,0.20583,0.22694,0.16868,4.88762,0.31963,6.07908,6.19771,0.12670,0.18635,6.49011,0.19121,0.16757,0.15224,0.19346,0.18530,0.18114,0.20821,0.10000,0.13726,0.10434,0.21319,0.22959,0.23326
2588,5.52569,0.20706,0.14923,6.54763,0.18958,0.23141,0.19568,0.22773,0.16796,5.17748,0.30127,6.18642,6.28310,0.12429,0.17850,6.50652,0.18157,0.15767,0.14312,0.18410,0.18480,0.17065,0.20971,0.09999,0.13820,0.10404,0.21357,0.22918,0.23312
2589,5.52890,0.20573,0.14705,6.55600,0.18713,0.23109,0.18519,0.22833,0.16840,5.32272,0.28254,6.29921,6.23364,0.12351,0.17380,6.50562,0.17221,0.14724,0.13640,0.17344,0.18638,0.15980,0.21088,0.09997,0.13860,0.10371,0.21384,0.22865,0.23285
2590,5.64957,0.20498,0.14523,6.53666,0.18507,0.23070,2.02867,0.22658,0.16436,5.42565,0.28923,6.23671,6.46438,0.12353,0.17164,6.50132,0.16794,0.14593,0.13593,0.16810,0.18303,0.16014,0.20743,0.09998,0.13406,0.10317,0.21344,0.22815,0.23259
2591,5.87262,0.20489,0.14381,6.52840,0.18086,0.23020,0.17833,0.22629,0.16508,5.38376,0.25588,6.28508,6.31075,0.12095,0.17043,6.50250,0.16494,0.14066,0.13436,0.16357,0.17896,0.15173,0.20565,0.09997,0.13182,0.10271,0.21274,0.22768,0.23246
2592,5.58014,0.20400,0.14229,6.53855,0.17685,0.22974,0.16413,0.22720,0.16836,5.61034,0.24068,6.27902,6.14874,0.12013,0.16806,6.50922,0.16300,0.13647,0.13106,0.15986,0.17918,0.14502,0.20748,0.09999,0.13319,0.10244,0.21223,0.22713,0.23228
2593,5.53194,0.20293,0.14060,6.51708,0.17513,0.22948,1.21593,0.22601,0.16627,5.79678,0.23335,6.27184,6.39010,0.12074,0.16603,6.49115,0.16054,0.13592,0.13024,0.15675,0.17795,0.14571,0.20499,0.09999,0.12986,0.10231,0.21199,0.22666,0.23207
2594,5.58432,0.20233,0.13923,6.50593,0.17083,0.22902,0.15895,0.22637,0.16949,5.85510,0.22054,6.26910,6.12906,0.11901,0.16482,6.49249,0.15841,0.13238,0.12890,0.15517,0.17577,0.14076,0.20564,0.10000,0.13097,0.10252,0.21129,0.22616,0.23196
2595,5.48582,0.20079,0.13741,6.51343,0.16840,0.22876,0.15517,0.22692,0.17042,5.79362,0.21251,6.26393,6.16748,0.11899,0.16445,6.49923,0.15746,0.13091,0.12792,0.15372,0.17805,0.13834,0.20706,0.10000,0.13140,0.10253,0.21111,0.22554,0.23177
2596,5.29993,0.19888,0.13557,6.51615,0.16582,0.22835,0.15326,0.22772,0.17309,5.70033,0.20559,6.24993,6.10630,0.11978,0.16524,6.50124,0.15675,0.12955,0.12716,0.15264,0.18145,0.13687,0.20943,0.09998,0.13296,0.10267,0.21083,0.22480,0.23149
2597,5.31989,0.19699,0.13372,6.51849,0.16394,0.22789,0.15196,0.22748,0.17273,5.39331,0.20039,6.18515,6.13178,0.11928,0.16716,6.51360,0.15714,0.12900,0.12790,0.15212,0.18185,0.13614,0.20876,0.09996,0.13094,0.10264,0.21051,0.22392,0.23101
2598,5.33622,0.19589,0.13218,6.52695,0.16240,0.22723,4.14780,0.22431,0.16636,5.44030,2.36689,6.20628,6.36362,0.12081,0.16380,6.52165,0.25665,0.22136,0.13093,1.20638,0.17501,1.23517,0.20201,0.09994,0.12713,0.10235,0.20936,0.22316,0.23034
2599,5.98214,0.19906,0.13324,6.53395,0.15929,0.22493,6.51976,0.21133,0.14791,5.79359,6.00483,6.38568,6.51851,0.13928,1.41325,6.52322,4.82054,3.82742,0.51923,6.41056,0.17202,6.35795,0.17758,0.09999,0.12015,0.10189,0.20506,0.22276,0.23046
2600,6.48073,0.20189,0.13445,6.54746,0.15294,0.22250,6.31875,0.20740,0.14854,6.20198,5.56616,6.47765,6.55066,0.13896,1.19566,6.53009,3.75670,2.20147,0.50349,5.32721,0.16252,4.61034,0.17007,0.09999,0.11712,0.10206,0.20055,0.22233,0.23063
2601,6.51530,0.20229,0.13330,6.53585,0.14950,0.22138,3.90186,0.20829,0.15057,6.44338,2.99190,6.49186,6.46009,0.11992,0.31843,6.52124,1.19795,0.73226,0.24753,2.31933,0.14800,1.77623,0.17142,0.10000,0.11580,0.10200,0.19792,0.22162,0.23035
2602,6.18728,0.20254,0.13232,6.52103,0.14693,0.22030,0.99591,0.21010,0.15171,6.41814,0.85190,6.42783,6.18607,0.11225,0.15336,6.50579,0.25165,0.24748,0.14686,0.45583,0.15018,0.41794,0.17973,0.10000,0.11703,0.10182,0.19608,0.21959,0.23010
2603,5.66544,0.20219,0.13237,6.50550,0.14551,0.21909,0.25644,0.21060,0.15185,6.28893,0.37778,6.32234,5.99921,0.11279,0.14531,6.48666,0.14749,0.14588,0.12306,0.16703,0.16282,0.17316,0.18616,0.10000,0.11867,0.10168,0.19498,0.21673,0.22965
2604,5.30011,0.20120,0.13488,6.48848,0.14621,0.21695,0.16328,0.20612,0.14781,6.10838,0.29887,6.25047,6.03162,0.11826,0.15560,6.46009,0.14295,0.12798,0.12264,0.14130,0.17603,0.13654,0.18757,0.10000,0.11970,0.10152,0.19410,0.21301,0.22884
2605,5.15438,0.20179,0.13639,6.46986,0.14526,0.21504,0.14831,0.20352,0.14831,5.94801,0.27526,6.24743,5.97170,0.11697,0.16339,6.43195,0.14942,0.12575,0.12591,0.14256,0.17459,0.13132,0.18322,0.10000,0.11720,0.10162,0.19194,0.21037,0.22829
2606,5.14296,0.19730,0.13642,6.45421,0.14503,0.21351,0.14962,0.20486,0.14946,5.91234,0.25972,6.18897,5.97200,0.11785,0.16763,6.40801,0.15951,0.13051,0.12991,0.15125,0.17369,0.13488,0.18196,0.10000,0.11994,0.10157,0.18844,0.21140,0.22698
2607,5.43384,0.19777,0.14766,6.41446,0.14705,0.20623,2.34033,0.19375,0.13329,5.91288,0.86371,6.20123,6.20999,0.13781,0.17092,6.34022,0.16191,0.14238,0.14359,0.18821,0.18020,0.18555,0.18335,0.10000,0.13066,0.10347,0.18274,0.20446,0.22460
2608,5.74783,0.20257,0.16436,6.37474,0.14464,0.19692,4.29135,0.17666,0.13953,5.84081,2.49790,6.26204,6.34714,0.13489,0.16455,6.30042,0.15760,0.14728,0.14546,0.55274,0.16947,0.62095,0.16958,0.10000,0.12728,0.10357,0.17200,0.20086,0.22381
2609,5.97316,0.20540,0.16071,6.41830,0.15046,0.19014,0.25897,0.17386,0.15034,5.91057,0.30107,6.32321,6.07422,0.12034,0.15476,6.37990,0.15937,0.14497,0.13627,0.15765,0.15537,0.14952,0.15262,0.10001,0.12461,0.10719,0.16671,0.20272,0.22465
2610,5.37566,0.20557,0.15426,6.45103,0.15405,0.18748,0.16034,0.17983,0.14930,5.96205,0.25974,6.31058,5.73841,0.12016,0.14653,6.44497,0.14756,0.13522,0.12717,0.15005,0.14600,0.14304,0.16034,0.10000,0.13363,0.10732,0.16778,0.20278,0.22475
2611,4.76375,0.20009,0.15351,6.44765,0.15260,0.19185,0.14863,0.18480,0.14149,5.60041,0.23565,6.25886,5.70051,0.13266,0.14353,6.38657,0.14353,0.12969,0.12719,0.14246,0.15629,0.13463,0.16493,0.10000,0.13684,0.10598,0.16969,0.20140,0.22325
2612,4.56714,0.19788,0.15956,6.41303,0.14910,0.19450,0.14736,0.18478,0.14111,5.35694,0.22523,6.22700,5.79416,0.13979,0.14719,6.33704,0.14049,0.12814,0.13001,0.14012,0.16207,0.13221,0.15921,0.10000,0.13131,0.10567,0.17103,0.19832,0.22166
2613,4.82748,0.19661,0.17224,6.39308,0.15001,0.19220,3.65102,0.16806,0.14620,5.21235,1.22409,6.23138,6.18389,0.13983,0.14547,6.34021,0.13882,0.12879,0.13185,0.18830,0.15768,0.19018,0.14959,0.10000,0.12794,0.10827,0.16687,0.19684,0.21962
2614,5.66056,0.19632,0.17881,6.40978,0.15622,0.18590,1.31743,0.15917,0.15124,5.47215,0.45169,6.27978,6.14645,0.13187,0.14485,6.36326,0.13869,0.13034,0.13519,0.14330,0.14924,0.13968,0.14852,0.10000,0.13138,0.10911,0.16167,0.19806,0.21869
2615,5.53096,0.19400,0.18120,6.38471,0.15581,0.19055,1.66277,0.16832,0.14367,5.84009,0.70096,6.29024,5.93189,0.13393,0.14641,6.31153,0.14201,0.13509,0.13750,0.19322,0.14742,0.19720,0.15019,0.10000,0.13091,0.11005,0.16168,0.19400,0.21637
2616,5.61926,0.19340,0.18377,6.37063,0.16798,0.17908,6.22136,0.15299,0.14257,5.88389,5.36853,6.33320,6.28837,0.13471,0.17692,6.32204,1.33944,1.38842,0.17238,4.55459,0.14416,4.60635,0.14402,0.10002,0.12766,0.11287,0.15955,0.19413,0.21386
2617,6.17527,0.19382,0.18235,6.44716,0.17332,0.17559,2.96580,0.15271,0.14615,5.98960,2.09476,6.39911,6.28126,0.12807,0.14888,6.40197,0.30902,0.36923,0.14605,1.03493,0.13950,1.18960,0.14442,0.10001,0.13242,0.11215,0.16554,0.19428,0.21369
2618,5.44402,0.19272,0.17883,6.43976,0.17090,0.18597,0.19772,0.16681,0.14480,6.11574,0.29926,6.34593,5.85552,0.13200,0.13868,6.34264,0.13956,0.13752,0.13130,0.14605,0.14319,0.14713,0.14994,0.09998,0.13152,0.11030,0.16508,0.19178,0.21246
2619,5.00261,0.19229,0.17530,6.34340,0.16814,0.18801,0.14938,0.18278,0.14351,6.15322,0.25155,6.24269,5.87253,0.13333,0.14106,6.27869,0.13737,0.13220,0.13172,0.13662,0.14713,0.13450,0.16004,0.09996,0.12881,0.10986,0.16355,0.18783,0.21026
2620,5.10506,0.19272,0.17345,6.29599,0.16614,0.18688,2.10125,0.18878,0.14241,6.06927,0.86203,6.16980,6.14212,0.13374,0.14273,6.28062,0.13762,0.13300,0.13435,0.20440,0.15191,0.21494,0.17355,0.09996,0.12983,0.11346,0.16326,0.18450,0.20639
2621,5.61279,0.19346,0.17611,6.30276,0.16352,0.18705,5.63657,0.18325,0.13851,5.97137,4.39985,6.21651,6.27276,0.13329,0.13971,6.28897,0.27710,0.29888,0.13502,2.35918,0.14629,2.50021,0.16411,0.09999,0.12891,0.11161,0.16213,0.18246,0.20282
2622,5.65757,0.19431,0.17317,6.32403,0.16531,0.18427,0.38948,0.18489,0.14461,5.82464,0.35393,6.17023,5.98092,0.12501,0.14346,6.29555,0.14005,0.13557,0.13359,0.14581,0.15206,0.14746,0.17099,0.10000,0.12965,0.11229,0.16495,0.18285,0.20282
2623,5.16577,0.19501,0.17071,6.30757,0.16686,0.18029,0.46082,0.18477,0.14809,5.56760,0.25669,6.03164,5.88676,0.12442,0.14852,6.27797,0.14193,0.13385,0.13054,0.13957,0.16194,0.13614,0.17859,0.09998,0.13288,0.11498,0.16574,0.18310,0.20141
2624,5.20366,0.19433,0.17078,6.27305,0.16554,0.17989,1.90871,0.18444,0.14505,5.24462,0.28764,5.95063,6.03469,0.13288,0.15398,6.26240,0.14269,0.13532,0.13490,0.13974,0.16873,0.13801,0.17957,0.09998,0.13631,0.11725,0.16299,0.18032,0.19699
2625,5.49984,0.19260,0.17174,6.27503,0.16365,0.17950,4.49734,0.18319,0.14296,5.43705,1.74520,5.97572,6.20819,0.13808,0.15490,6.27768,0.14190,0.13729,0.13926,0.27140,0.16976,0.28264,0.17946,0.09999,0.13839,0.11758,0.16097,0.17777,0.19380
2626,5.81280,0.19081,0.17588,6.30270,0.16018,0.17993,6.25581,0.18079,0.13976,5.67056,5.35455,6.11648,6.26357,0.14029,0.26216,6.30542,2.01616,1.92009,0.24924,4.43651,0.16180,4.43871,0.17539,0.10000,0.13733,0.11447,0.15868,0.17578,0.19101
2627,6.06513,0.18901,0.17779,6.31798,0.15838,0.18061,6.27256,0.17762,0.13721,5.80879,5.86213,6.21612,6.28096,0.17726,1.43779,6.32213,5.43999,5.42848,1.49977,6.22900,0.16371,6.22354,0.16836,0.10001,0.13589,0.11227,0.15863,0.17450,0.18914
2628,6.19832,0.18887,0.17561,6.32201,0.15895,0.17916,4.58856,0.17950,0.14121,6.06474,3.84776,6.21743,6.21098,0.14511,0.33136,6.32586,1.40443,1.81448,0.43931,2.81481,0.16059,3.18007,0.16871,0.10000,0.13281,0.10971,0.16183,0.17393,0.18859
2629,5.87837,0.18910,0.17280,6.32857,0.16104,0.17663,0.80401,0.17923,0.14642,6.01638,0.78519,6.12549,5.82242,0.12671,0.16115,6.31807,0.20699,0.25387,0.15538,0.33269,0.16103,0.41125,0.17238,0.09998,0.13083,0.11109,0.16312,0.17455,0.18763
2630,5.53320,0.18847,0.17005,6.31846,0.16295,0.17441,0.26281,0.17768,0.14783,5.84596,0.42190,6.02544,5.83343,0.12185,0.15674,6.27167,0.15943,0.15607,0.13614,0.17497,0.16074,0.18331,0.17181,0.09996,0.13010,0.11212,0.16335,0.17502,0.18655
2631,5.46602,0.18692,0.17036,6.28927,0.16297,0.17318,4.85425,0.17447,0.14490,5.75394,3.50903,5.97111,6.12197,0.12465,0.15565,6.22189,0.26984,0.26897,0.13981,1.89400,0.15542,1.96381,0.16542,0.09997,0.12751,0.11077,0.16286,0.17496,0.18542
2632,5.70711,0.18562,0.17221,6.25380,0.16196,0.17275,3.02641,0.17344,0.14459,5.70725,1.95186,6.03764,6.15651,0.12314,0.15176,6.17482,0.18120,0.18295,0.13688,0.64129,0.15260,0.68508,0.16289,0.09996,0.12665,0.11010,0.16284,0.17454,0.18412
2633,5.54083,0.18510,0.16883,6.20885,0.16327,0.17171,0.20631,0.17370,0.14607,5.54017,0.37258,5.90713,5.82684,0.12143,0.14966,6.12492,0.14856,0.13685,0.12998,0.15059,0.15690,0.14558,0.16692,0.09999,0.12880,0.11257,0.16274,0.17473,0.18323
2634,5.28633,0.18412,0.16874,6.14558,0.16236,0.17138,4.19438,0.17221,0.14205,5.54846,2.87266,5.89278,5.97978,0.12540,0.14958,6.04588,0.25448,0.24768,0.13257,1.51685,0.15653,1.56439,0.16640,0.10000,0.12858,0.11386,0.16057,0.17382,0.18156
2635,5.53350,0.18299,0.17115,6.10581,0.15940,0.17127,5.52350,0.17183,0.13891,5.65302,4.35284,5.98741,6.08573,0.12695,0.15015,6.01091,0.53266,0.52713,0.13799,2.77567,0.15373,2.77330,0.16471,0.09999,0.12712,0.11177,0.15839,0.17240,0.18040
2636,5.72130,0.18232,0.16983,6.08116,0.15792,0.17085,1.49416,0.17254,0.13936,5.75343,0.85545,5.97003,5.97355,0.12777,0.14972,5.99220,0.15313,0.15288,0.13389,0.24720,0.15788,0.26326,0.16531,0.09999,0.12725,0.11096,0.15731,0.17113,0.17958
2637,5.68301,0.18078,0.16948,6.04716,0.15530,0.17076,1.97803,0.17210,0.13685,5.80779,0.57225,5.99335,5.95154,0.12992,0.15061,5.96962,0.14965,0.14623,0.13617,0.18827,0.15685,0.19536,0.16387,0.10000,0.12710,0.10917,0.15568,0.16951,0.17883
2638,5.42026,0.18022,0.16748,6.07630,0.15426,0.17050,0.19190,0.17243,0.13885,5.80840,0.33894,6.01148,5.63306,0.12612,0.15112,6.00257,0.14775,0.13781,0.13421,0.14750,0.15702,0.14399,0.16376,0.10000,0.12630,0.10731,0.15689,0.16925,0.17884
2639,5.02359,0.17909,0.16704,6.09740,0.15255,0.17031,1.57094,0.17212,0.13689,5.62805,0.32304,5.97135,5.78161,0.12783,0.15158,5.99540,0.14815,0.13864,0.13533,0.14580,0.15581,0.14306,0.16372,0.10001,0.12530,0.10611,0.15663,0.16826,0.17843
2640,5.12458,0.17784,0.16692,6.05871,0.15101,0.16992,1.24617,0.17165,0.13544,5.49366,0.41317,5.97138,5.72688,0.12992,0.15181,5.96249,0.14820,0.13877,0.13585,0.14880,0.15749,0.14545,0.16435,0.10000,0.12454,0.10541,0.15620,0.16707,0.17794
2641,5.21748,0.17620,0.16669,6.07369,0.15042,0.16971,5.80550,0.16902,0.13109,5.50823,3.94457,6.01793,5.97904,0.13289,0.15018,5.99290,0.28999,0.29601,0.13961,1.58546,0.15321,1.65314,0.16065,0.09998,0.12596,0.10530,0.15436,0.16646,0.17733
2642,5.85244,0.17510,0.16532,6.14414,0.15176,0.16940,4.97016,0.16658,0.13008,5.60328,3.84257,6.09573,6.12278,0.13270,0.14967,6.05322,0.47606,0.54194,0.14307,2.37926,0.14894,2.50892,0.15610,0.09998,0.12721,0.10526,0.15457,0.16590,0.17694
2643,5.86719,0.17475,0.16405,6.17286,0.15109,0.16876,0.61782,0.16814,0.13218,5.91762,0.52326,6.13051,5.88478,0.12924,0.14612,6.05565,0.14846,0.14688,0.13680,0.17682,0.15006,0.19190,0.15807,0.10000,0.12622,0.10366,0.15545,0.16522,0.17669
2644,5.19564,0.17399,0.16271,6.10991,0.15023,0.16811,0.16428,0.16931,0.13462,5.93075,0.32988,6.06532,5.66216,0.12893,0.14707,5.98223,0.14453,0.13810,0.13510,0.14434,0.15286,0.14118,0.16178,0.10000,0.12584,0.10372,0.15610,0.16443,0.17650
2645,4.81185,0.17212,0.16264,5.99537,0.14926,0.16739,0.15445,0.16896,0.13447,5.76832,0.30324,5.94740,5.69927,0.13341,0.14978,5.94831,0.14590,0.13804,0.13565,0.14384,0.15790,0.13987,0.16398,0.10001,0.12536,0.10551,0.15614,0.16297,0.17568
2646,4.86350,0.17044,0.16183,5.96869,0.14889,0.16669,2.34553,0.16770,0.13188,5.67173,1.04816,5.87046,5.75370,0.13695,0.15229,5.94849,0.14707,0.13987,0.13782,0.22658,0.15993,0.23770,0.16427,0.10001,0.12774,0.10671,0.15537,0.16234,0.17500
2647,5.32243,0.16994,0.16248,5.98793,0.14878,0.16637,5.62462,0.16590,0.12822,5.44693,4.08399,5.90869,5.96040,0.13787,0.15023,5.95602,0.15722,0.15779,0.14036,1.19269,0.15719,1.35829,0.16195,0.10002,0.13007,0.10712,0.15240,0.16204,0.17370
2648,5.59172,0.16966,0.16002,6.03500,0.14948,0.16594,0.69415,0.16617,0.13045,5.50858,0.43385,5.94769,5.73285,0.13320,0.15249,5.97970,0.14845,0.14115,0.13995,0.15321,0.15712,0.15327,0.16092,0.10002,0.12754,0.10517,0.15315,0.16221,0.17404
2649,4.80587,0.16881,0.15540,6.05758,0.15171,0.16483,0.15602,0.16557,0.13911,5.57858,0.27979,5.88493,5.57838,0.12148,0.15138,5.97356,0.14964,0.13872,0.13415,0.14789,0.15130,0.14206,0.16174,0.10004,0.12590,0.10594,0.15552,0.16379,0.17504
2650,4.66442,0.16822,0.15171,6.02089,0.15443,0.16352,0.15296,0.16431,0.14613,5.31903,0.26084,5.68152,5.67609,0.11542,0.14566,5.93213,0.14607,0.13125,0.12455,0.14555,0.14190,0.13823,0.15935,0.10003,0.12959,0.10970,0.15698,0.16538,0.17554
2651,4.98657,0.16808,0.14982,6.03210,0.15681,0.16277,1.23766,0.16298,0.14881,4.79284,0.25323,5.60367,5.90755,0.11482,0.14027,5.97185,0.14053,0.12566,0.12016,0.14223,0.13665,0.13606,0.14903,0.10003,0.13374,0.11247,0.15799,0.16601,0.17534
2652,5.70985,0.16810,0.14918,6.11462,0.15860,0.16265,0.94824,0.15910,0.14861,4.85540,0.24729,5.72142,6.04256,0.11690,0.13620,6.05271,0.13507,0.12254,0.11890,0.13946,0.13353,0.13526,0.14141,0.10003,0.13702,0.11502,0.15909,0.16597,0.17476
2653,5.78562,0.16803,0.14845,6.17652,0.15955,0.16269,0.35881,0.15568,0.14848,5.43807,0.23243,5.87534,6.04102,0.11990,0.13168,6.11277,0.13548,0.12004,0.11763,0.13272,0.13282,0.12773,0.14171,0.10002,0.13907,0.11445,0.16021,0.16592,0.17427
2654,5.91231,0.16803,0.14945,6.21996,0.15813,0.16177,5.48967,0.15172,0.14486,5.72747,3.10581,6.08608,6.21611,0.11900,0.13307,6.15611,0.25081,0.26004,0.12075,1.51554,0.12986,1.59675,0.14140,0.10002,0.13562,0.11262,0.15995,0.16565,0.17386
2655,6.19087,0.16740,0.15246,6.25611,0.15508,0.15965,6.26258,0.15018,0.13906,5.98647,5.77557,6.21590,6.26929,0.12219,0.36621,6.22002,3.59547,3.74200,0.46191,6.09834,0.12935,6.07445,0.14055,0.10003,0.13328,0.11243,0.15684,0.16551,0.17361
2656,6.26804,0.16659,0.15347,6.29042,0.15310,0.15914,6.17728,0.15045,0.13611,6.20034,5.59614,6.26873,6.28630,0.12861,0.27025,6.26405,1.96652,3.25845,0.51777,4.84447,0.13102,5.33513,0.14535,0.10002,0.13505,0.11068,0.15381,0.16592,0.17358
2657,6.25704,0.16617,0.15384,6.30556,0.15204,0.15920,3.71354,0.15174,0.13377,6.26325,2.61611,6.28564,6.22453,0.13156,0.14861,6.28922,0.36820,0.97217,0.21080,1.12861,0.13741,1.91779,0.14907,0.10002,0.13666,0.11018,0.15275,0.16581,0.17340
2658,5.92795,0.16508,0.15395,6.31022,0.15237,0.15977,0.81887,0.15387,0.13131,6.23542,0.74445,6.28897,5.93536,0.13416,0.13645,6.30657,0.15681,0.26503,0.14010,0.26183,0.14417,0.45643,0.15097,0.10003,0.13737,0.11313,0.15219,0.16556,0.17302
2659,5.25712,0.16369,0.15341,6.30720,0.15404,0.16073,0.24521,0.15584,0.13016,5.94840,0.38256,6.26453,5.86374,0.13472,0.14063,6.31550,0.13733,0.14522,0.13511,0.14751,0.14769,0.17211,0.15209,0.10004,0.13670,0.11670,0.15210,0.16554,0.17225
2660,5.15915,0.16258,0.15287,6.29933,0.15620,0.16146,0.16090,0.15712,0.12987,5.55408,0.31313,6.22855,5.91444,0.13358,0.14373,6.31257,0.13958,0.13536,0.13602,0.13818,0.14830,0.13826,0.15251,0.10003,0.13538,0.11820,0.15286,0.16550,0.17122
2661,5.33627,0.16177,0.15329,6.30160,0.15716,0.16189,0.15206,0.15778,0.12977,5.53580,0.29231,6.22674,5.95656,0.13269,0.14455,6.30707,0.14181,0.13586,0.13619,0.13992,0.14786,0.13698,0.15256,0.10003,0.13456,0.11861,0.15390,0.16547,0.17017
2662,5.33137,0.16106,0.15305,6.31169,0.15813,0.16223,0.15070,0.15829,0.13034,5.65466,0.27968,6.24667,5.93282,0.13194,0.14465,6.30952,0.14273,0.13633,0.13551,0.14139,0.14780,0.13782,0.15271,0.10002,0.13351,0.11754,0.15566,0.16553,0.16934
2663,5.36126,0.16057,0.15300,6.32669,0.15835,0.16243,0.15143,0.15856,0.13118,5.66282,0.26924,6.26981,5.98219,0.13082,0.14425,6.31553,0.14263,0.13613,0.13481,0.14190,0.14712,0.13826,0.15257,0.10002,0.13268,0.11661,0.15704,0.16551,0.16861
2664,5.36107,0.16012,0.15242,6.34714,0.15884,0.16263,0.15185,0.15879,0.13191,5.66562,0.26010,6.28056,6.04377,0.12985,0.14391,6.32599,0.14233,0.13552,0.13410,0.14155,0.14679,0.13787,0.15248,0.10001,0.13173,0.11521,0.15836,0.16547,0.16797
2665,5.56465,0.15980,0.15300,6.35704,0.15800,0.16256,0.15434,0.15880,0.13261,5.67596,0.25228,6.29384,6.13227,0.12928,0.14302,6.33825,0.14200,0.13552,0.13351,0.14154,0.14554,0.13792,0.15226,0.10002,0.13150,0.11379,0.15877,0.16552,0.16740
2666,5.78788,0.15969,0.15415,6.34741,0.15627,0.16239,0.65072,0.15862,0.13145,5.84095,0.24646,6.31604,6.24410,0.13064,0.14202,6.34512,0.14179,0.13641,0.13358,0.14151,0.14505,0.13880,0.15269,0.10003,0.13287,0.11274,0.15705,0.16558,0.16700
2667,6.07823,0.15974,0.15474,6.37648,0.15482,0.16239,0.41320,0.15833,0.13037,6.04433,0.23675,6.37225,6.22783,0.13323,0.14135,6.35323,0.14088,0.13666,0.13392,0.14130,0.14587,0.13920,0.15324,0.10003,0.13442,0.11198,0.15465,0.16553,0.16674
2668,5.68094,0.15922,0.15389,6.41525,0.15590,0.16289,0.14896,0.15864,0.13040,6.11499,0.22383,6.39598,6.06320,0.13350,0.14248,6.37516,0.13977,0.13457,0.13428,0.13940,0.14808,0.13692,0.15410,0.10004,0.13415,0.11183,0.15535,0.16537,0.16632
2669,5.40552,0.15893,0.15214,6.43371,0.15828,0.16347,0.14531,0.15910,0.13454,5.86523,0.21536,6.38062,5.97730,0.12951,0.14408,6.39855,0.14073,0.13436,0.13442,0.13918,0.14803,0.13589,0.15388,0.10006,0.13157,0.11044,0.15796,0.16507,0.16562
2670,5.21025,0.15899,0.15090,6.43640,0.16152,0.16401,0.14530,0.15972,0.14241,5.70435,0.20858,6.31643,5.89835,0.12463,0.14334,6.41943,0.14151,0.13337,0.13071,0.14019,0.14394,0.13614,0.15271,0.10010,0.13179,0.11055,0.16063,0.16450,0.16447
2671,5.02921,0.15907,0.15024,6.42545,0.16324,0.16417,1.14132,0.15954,0.14823,5.55657,0.21274,6.16878,6.07498,0.12176,0.14100,6.43759,0.13967,0.13039,0.12699,0.13938,0.13954,0.13577,0.14916,0.10006,0.13343,0.11307,0.16261,0.16406,0.16360
2672,5.65721,0.15917,0.14928,6.40528,0.16359,0.16381,5.67601,0.15740,0.14896,5.45719,1.68581,6.22359,6.35363,0.12079,0.13893,6.43580,0.13768,0.13212,0.12713,0.20650,0.13728,0.24721,0.14212,0.10002,0.13290,0.11480,0.16323,0.16394,0.16316
2673,6.24673,0.15921,0.14844,6.37983,0.16367,0.16326,6.34493,0.15367,0.14883,5.90238,5.04709,6.27501,6.35799,0.12079,0.13966,6.41764,0.43368,0.44237,0.12967,2.65093,0.13540,2.90398,0.13747,0.10002,0.13315,0.11586,0.16362,0.16387,0.16285
2674,6.33607,0.15961,0.14787,6.36775,0.16241,0.16214,6.35217,0.14999,0.14668,6.25904,5.84111,6.33398,6.35058,0.12616,0.61001,6.41244,3.65275,3.20832,0.40285,6.11109,0.13696,6.06487,0.13487,0.10004,0.13044,0.11476,0.16280,0.16392,0.16300
2675,6.34323,0.15968,0.14940,6.36874,0.16035,0.16097,6.34832,0.14646,0.14309,6.32752,5.89289,6.36780,6.35512,0.14942,1.67637,6.42183,5.42018,5.77207,1.62434,6.31668,0.19730,6.31357,0.13428,0.10009,0.13035,0.11530,0.16191,0.16389,0.16310
2676,6.35609,0.15890,0.15120,6.38299,0.15991,0.15994,6.30394,0.14762,0.14172,6.34427,5.85845,6.39090,6.37307,0.14089,0.85327,6.40067,3.14557,4.73854,1.15858,5.46169,0.20225,5.94483,0.13792,0.10009,0.13522,0.11783,0.16190,0.16340,0.16302
2677,6.37681,0.15858,0.15226,6.40572,0.15878,0.15925,5.95084,0.14951,0.14120,6.36250,4.96939,6.40732,6.39677,0.13813,0.44244,6.39718,1.57454,3.05146,0.60501,3.38433,0.17445,4.46964,0.14232,0.10007,0.13787,0.11738,0.16119,0.16295,0.16308
2678,6.37418,0.15901,0.15136,6.41569,0.15723,0.16068,4.22991,0.15216,0.14195,6.37148,3.14204,6.40219,6.37254,0.14157,0.23258,6.44111,0.67422,1.11626,0.28852,1.79417,0.14528,2.30680,0.14477,0.10019,0.13488,0.11870,0.15902,0.16337,0.16347
2679,6.31975,0.15996,0.15200,6.44448,0.15501,0.16018,6.18766,0.15322,0.13643,6.34264,5.20901,6.38200,6.39640,0.20938,0.61652,6.47883,2.26297,2.20647,0.65374,4.34996,0.16533,4.38398,0.14421,0.10005,0.13517,0.12230,0.15315,0.16241,0.16376
2680,6.35057,0.16028,0.15169,6.45193,0.15382,0.15988,6.35243,0.15455,0.13582,6.31597,5.81661,6.36310,6.42443,0.23877,0.69333,6.47104,2.68283,2.37601,0.74676,4.96617,0.16835,4.71115,0.14540,0.10001,0.13660,0.12068,0.15136,0.16172,0.16380
2681,6.38643,0.16037,0.15163,6.45269,0.15246,0.15941,6.42305,0.15497,0.13488,6.29994,6.04320,6.35832,6.43164,0.32866,1.12945,6.46314,3.75651,3.38276,1.12388,5.75038,0.19599,5.69803,0.14636,0.10001,0.14407,0.12189,0.14892,0.16113,0.16374
2682,6.40567,0.16027,0.15151,6.44688,0.15102,0.15967,6.39940,0.15598,0.13431,6.34181,6.00639,6.36848,6.43100,0.35321,0.92325,6.45852,3.29706,3.26070,1.15290,5.46518,0.18701,5.38430,0.14717,0.10004,0.14791,0.12523,0.14766,0.16068,0.16372
2683,6.41482,0.15992,0.15096,6.44531,0.14927,0.15989,6.42397,0.15738,0.13520,6.36637,6.08781,6.37929,6.42915,0.45289,0.97396,6.45358,3.77062,3.64715,1.38955,5.75330,0.19277,5.67203,0.14922,0.10008,0.15964,0.13799,0.14635,0.16019,0.16371
2684,6.41720,0.15958,0.15021,6.44517,0.14728,0.15987,6.11420,0.15916,0.13909,6.38307,5.46980,6.38010,6.43274,0.43744,0.61116,6.44195,2.45333,2.84529,1.18464,4.49727,0.18381,4.45517,0.15363,0.10008,0.16682,0.14453,0.14614,0.15936,0.16361
2685,6.36328,0.15901,0.14815,6.42957,0.14862,0.15935,4.04698,0.15957,0.14117,6.37838,3.03456,6.37904,6.38119,0.27141,0.32075,6.43101,0.87010,1.47679,0.69855,1.75153,0.16737,2.14957,0.15631,0.10008,0.15636,0.12581,0.14744,0.15981,0.16381
2686,6.28692,0.15860,0.14678,6.41718,0.15065,0.15805,6.13844,0.15901,0.14297,6.34801,4.29008,6.37440,6.40820,0.25503,0.51002,6.42599,1.29672,1.57230,0.71034,2.45736,0.20325,2.60880,0.15782,0.10004,0.15330,0.11996,0.14913,0.16047,0.16391
2687,6.35515,0.15858,0.14602,6.41346,0.15107,0.15734,6.36254,0.15890,0.14414,6.33706,5.34042,6.37552,6.41121,0.27790,0.67887,6.41930,1.75481,1.85735,0.80501,3.54305,0.23719,3.65056,0.16106,0.10002,0.15172,0.11655,0.15010,0.16046,0.16388
2688,6.39558,0.15837,0.14587,6.40481,0.14992,0.15749,6.40091,0.15911,0.14412,6.36491,5.96036,6.37245,6.40212,0.33672,0.79018,6.41380,2.20263,2.25637,0.94593,4.59472,0.25263,4.62812,0.16174,0.10001,0.15367,0.11712,0.14975,0.16003,0.16367
2689,6.39401,0.15780,0.14617,6.39711,0.14785,0.15791,6.40625,0.15908,0.14236,6.38740,6.20010,6.36704,6.38937,0.45773,1.13818,6.41015,3.56167,3.55545,1.31769,5.94264,0.29320,5.95437,0.16212,0.09994,0.16938,0.12973,0.14910,0.15938,0.16334
2690,6.37887,0.15783,0.14734,6.38755,0.14634,0.15816,6.38485,0.15862,0.13987,6.38373,6.23057,6.35281,6.37605,0.74950,2.62019,6.40462,5.79555,5.82051,2.72873,6.38558,0.61953,6.38080,0.18822,0.10000,0.21103,0.16254,0.14769,0.15909,0.16327
2691,6.36322,0.15789,0.14826,6.36857,0.14662,0.15842,6.37400,0.16279,0.13849,6.36615,6.19510,6.34823,6.35959,0.62868,1.89289,6.38736,4.32404,5.12738,2.19589,5.87335,0.58117,6.11134,0.19722,0.10007,0.18463,0.17731,0.14713,0.15931,0.16326
2692,6.35424,0.15718,0.14833,6.37026,0.14822,0.16007,5.89564,0.16715,0.14076,6.35520,5.29465,6.35968,6.35762,0.44840,1.07912,6.37484,2.52051,3.62575,1.33719,3.97315,0.46727,4.77314,0.19148,0.10008,0.16412,0.17338,0.14773,0.16022,0.16300
2693,6.29703,0.15569,0.14727,6.38329,0.15089,0.16146,3.77876,0.16760,0.14370,6.34633,3.32662,6.36892,6.28864,0.28399,0.59917,6.37573,1.26538,1.78106,0.67093,2.08306,0.36182,2.74294,0.17990,0.09993,0.15420,0.15913,0.14918,0.16182,0.16245
2694,6.05765,0.15474,0.14591,6.38877,0.15249,0.16137,1.94254,0.16609,0.14479,6.28102,1.84552,6.36508,6.13663,0.19732,0.39834,6.38168,0.63769,0.77841,0.39415,0.99086,0.26788,1.20675,0.17239,0.09985,0.15052,0.14734,0.15074,0.16257,0.16197
2695,5.79057,0.15405,0.14468,6.38128,0.15294,0.16119,0.92080,0.16411,0.14603,6.12544,1.08975,6.34851,5.99231,0.16487,0.31070,6.38482,0.40471,0.45822,0.27313,0.53327,0.19791,0.60508,0.17174,0.09993,0.14909,0.13863,0.15196,0.16266,0.16166
2696,5.52201,0.15365,0.14382,6.36729,0.15373,0.16090,0.52762,0.16317,0.14808,5.94908,0.79064,6.32917,5.94246,0.15134,0.24519,6.38241,0.30839,0.30601,0.20042,0.36447,0.16849,0.38939,0.16904,0.10001,0.14797,0.13071,0.15334,0.16280,0.16160
2697,5.52709,0.15350,0.14326,6.35688,0.15474,0.16052,1.12088,0.16362,0.15006,5.78575,0.68953,6.31942,6.07474,0.14635,0.21743,6.37495,0.26796,0.24200,0.17376,0.31171,0.16463,0.31821,0.16129,0.10003,0.14700,0.12575,0.15483,0.16287,0.16158
2698,5.93479,0.15304,0.14324,6.36690,0.15588,0.16040,5.03311,0.16336,0.15032,5.80782,1.38239,6.33108,6.31767,0.14576,0.23205,6.36899,0.28026,0.26233,0.18008,0.37648,0.17198,0.39895,0.15713,0.10004,0.14642,0.12350,0.15563,0.16290,0.16128
2699,6.31130,0.15289,0.14359,6.38309,0.15559,0.16062,6.32925,0.16247,0.14872,6.09861,5.38466,6.36134,6.38168,0.15336,0.24969,6.36763,0.42870,0.41636,0.20823,2.48681,0.18030,2.64370,0.15730,0.10006,0.14558,0.12058,0.15550,0.16284,0.16120
2700,6.39953,0.15299,0.14432,6.37953,0.15319,0.16118,5.51841,0.16247,0.14707,6.33135,4.20381,6.35524,6.38958,0.15826,0.23353,6.36414,0.44156,0.48002,0.21609,2.09154,0.17254,2.24227,0.15755,0.10009,0.14473,0.11919,0.15477,0.16251,0.16125
2701,6.30582,0.15288,0.14381,6.36388,0.15233,0.16182,1.46363,0.16270,0.14679,6.38157,0.81606,6.34565,6.22284,0.15345,0.18599,6.35475,0.23589,0.23952,0.18266,0.29672,0.15963,0.31646,0.15934,0.10011,0.14341,0.11747,0.15513,0.16204,0.16111
2702,6.09148,0.15330,0.14329,6.33859,0.15120,0.16217,0.77353,0.16308,0.14627,6.34721,0.60901,6.29727,6.11658,0.15482,0.17044,6.27052,0.20631,0.21247,0.17592,0.25071,0.15880,0.25382,0.16095,0.10013,0.14034,0.12076,0.15576,0.16082,0.16106
2703,5.68933,0.15331,0.14253,6.26150,0.15126,0.16178,2.07145,0.16260,0.14442,6.22197,0.64951,6.21431,6.09969,0.15381,0.16146,6.20931,0.17709,0.18336,0.16619,0.20290,0.15991,0.20806,0.16052,0.09994,0.13885,0.12314,0.15575,0.15916,0.16056
2704,5.84537,0.15295,0.14192,6.24890,0.15089,0.16126,5.87769,0.16138,0.14194,6.08139,3.05591,6.20068,6.24612,0.15583,0.16645,6.26848,0.23490,0.24064,0.16961,1.02712,0.15935,1.11405,0.15967,0.09982,0.13999,0.12050,0.15450,0.15851,0.15997
2705,6.14346,0.15321,0.14307,6.30030,0.14894,0.16120,6.25571,0.15968,0.14005,5.99110,5.89146,6.24981,6.27719,0.16708,0.59186,6.29476,3.66477,3.50417,0.56002,5.99694,0.16271,5.97286,0.15738,0.09995,0.14309,0.12103,0.15344,0.15841,0.15989
2706,6.27378,0.15311,0.14357,6.32009,0.14827,0.16123,6.20175,0.15981,0.13914,6.15491,5.80239,6.27137,6.30648,0.17134,0.58201,6.30593,3.29105,3.56885,0.67225,5.45497,0.16211,5.54771,0.15593,0.10006,0.14392,0.12238,0.15315,0.15795,0.15972
2707,6.27185,0.15282,0.14257,6.31406,0.14848,0.16080,3.73571,0.16059,0.14122,6.26295,2.70139,6.25601,6.23501,0.15481,0.19258,6.29153,0.51213,0.73612,0.23208,1.34506,0.15699,1.65659,0.15647,0.10000,0.14007,0.11770,0.15410,0.15747,0.15958
2708,6.19061,0.15304,0.14254,6.28744,0.14763,0.16046,3.42963,0.16036,0.14163,6.25888,1.97977,6.23829,6.22141,0.15363,0.18415,6.20745,0.38866,0.49746,0.21242,0.94090,0.15636,1.05585,0.15665,0.09999,0.13739,0.11558,0.15375,0.15709,0.15929
2709,6.08965,0.15306,0.14258,6.25029,0.14750,0.16019,3.60117,0.16014,0.14116,6.18075,1.81699,6.20602,6.20815,0.15438,0.17805,6.22759,0.34106,0.39514,0.20411,0.76343,0.15617,0.82185,0.15688,0.10006,0.13624,0.11604,0.15335,0.15663,0.15906
2710,6.06839,0.15286,0.14218,6.25696,0.14786,0.15995,3.89271,0.15985,0.14000,6.10168,2.09671,6.21419,6.22121,0.15502,0.18424,6.25852,0.36989,0.40470,0.20892,0.81838,0.15653,0.86358,0.15688,0.10006,0.13722,0.11510,0.15274,0.15642,0.15895
2711,5.90493,0.15267,0.14070,6.27706,0.14880,0.15946,1.06078,0.15966,0.14260,6.01914,0.67405,6.18013,6.02822,0.14133,0.16311,6.27621,0.20260,0.23025,0.17184,0.28399,0.15512,0.31299,0.15730,0.10005,0.13461,0.11499,0.15329,0.15647,0.15913
2712,5.75031,0.15243,0.13982,6.29255,0.14950,0.15887,2.54582,0.15932,0.14398,5.89291,0.67148,6.15274,6.20382,0.13527,0.16859,6.28604,0.21384,0.21957,0.16719,0.29772,0.15349,0.31138,0.15578,0.10004,0.13309,0.11686,0.15350,0.15672,0.15922
2713,5.90147,0.15183,0.13925,6.31270,0.15024,0.15852,0.90319,0.15897,0.14608,5.81176,0.57499,6.17747,6.20607,0.12801,0.16744,6.30073,0.20362,0.19493,0.15734,0.25679,0.14923,0.26248,0.15268,0.10004,0.13435,0.11906,0.15401,0.15702,0.15928
2714,5.91203,0.15071,0.13934,6.33384,0.15132,0.15820,0.60380,0.15836,0.14806,5.83476,0.47237,6.19249,6.16829,0.12452,0.16337,6.31334,0.18826,0.17185,0.14638,0.21684,0.14487,0.21402,0.14912,0.10003,0.13613,0.12140,0.15452,0.15738,0.15914
2715,5.96703,0.15000,0.13908,6.33676,0.15157,0.15776,0.99888,0.15740,0.14870,5.91311,0.44362,6.21363,6.19639,0.12416,0.16350,6.31686,0.18219,0.16326,0.14152,0.20643,0.14227,0.20138,0.14559,0.09996,0.13648,0.12266,0.15468,0.15742,0.15882
2716,5.98449,0.14991,0.13850,6.33946,0.15139,0.15769,0.86285,0.15722,0.14811,5.97387,0.39276,6.23611,6.12851,0.12668,0.15543,6.32055,0.17473,0.15977,0.13957,0.19083,0.14051,0.18591,0.14719,0.10005,0.13575,0.12004,0.15462,0.15700,0.15876
2717,5.55212,0.14943,0.13839,6.34221,0.15178,0.15795,0.19171,0.15762,0.14844,6.00347,0.32124,6.25839,5.95496,0.12876,0.14257,6.32672,0.15468,0.14411,0.13191,0.16435,0.14120,0.15776,0.15121,0.10012,0.13711,0.11839,0.15486,0.15692,0.15875
2718,5.44992,0.14858,0.13921,6.33995,0.15262,0.15798,2.56009,0.15711,0.14933,5.76027,0.76606,6.26397,6.18310,0.12705,0.14056,6.33477,0.14856,0.13984,0.13058,0.17715,0.14004,0.17978,0.14923,0.10012,0.13833,0.12090,0.15518,0.15734,0.15858
2719,5.99836,0.14834,0.13980,6.33839,0.15310,0.15758,6.31863,0.15539,0.14878,5.74171,5.18279,6.27199,6.32949,0.12664,0.14686,6.33602,0.39522,0.39872,0.13550,2.84498,0.13801,3.00666,0.14408,0.10008,0.13561,0.12295,0.15522,0.15757,0.15848
2720,6.27823,0.14807,0.13992,6.33678,0.15291,0.15712,5.66423,0.15451,0.14884,6.03001,4.14037,6.27197,6.34424,0.12562,0.14673,6.33230,0.35129,0.33787,0.13506,1.99934,0.13637,2.09834,0.14276,0.10008,0.13676,0.12658,0.15518,0.15754,0.15818
2721,6.28529,0.14763,0.13964,6.33788,0.15248,0.15693,1.87927,0.15480,0.14875,6.22195,0.90418,6.29029,6.27353,0.12673,0.13884,6.32612,0.15528,0.14978,0.13100,0.25362,0.13542,0.26411,0.14481,0.10000,0.13867,0.12467,0.15508,0.15729,0.15780
2722,5.96517,0.14657,0.14050,6.35449,0.15247,0.15722,0.34437,0.15541,0.14753,6.25178,0.39292,6.34324,6.10041,0.13000,0.13542,6.32723,0.13971,0.13601,0.12941,0.15055,0.13811,0.15048,0.14832,0.10005,0.14032,0.12097,0.15501,0.15711,0.15724
2723,5.59187,0.14556,0.14119,6.38573,0.15292,0.15720,0.98048,0.15513,0.14729,6.00245,0.31987,6.35392,6.23837,0.13145,0.13449,6.34452,0.13485,0.13073,0.12887,0.13845,0.13995,0.13782,0.14905,0.09994,0.14158,0.12281,0.15507,0.15699,0.15651
2724,6.00740,0.14662,0.14023,6.37453,0.15138,0.15699,3.76571,0.15472,0.14669,5.86549,0.85109,6.29842,6.38736,0.13125,0.13426,6.20259,0.13544,0.13288,0.12945,0.16178,0.13870,0.16630,0.14798,0.09997,0.13858,0.12099,0.15473,0.15657,0.15687
2725,6.20681,0.14697,0.14040,6.30662,0.15044,0.15734,0.82414,0.15575,0.14553,6.05519,0.32872,6.26061,6.23671,0.13427,0.13570,6.11798,0.13407,0.13183,0.13061,0.13772,0.14216,0.13814,0.15013,0.10010,0.13818,0.11926,0.15438,0.15621,0.15692
2726,5.69547,0.14662,0.14016,6.27827,0.15076,0.15749,0.14912,0.15658,0.14563,6.15260,0.25335,6.24768,6.03965,0.13682,0.13880,6.16961,0.13479,0.13094,0.13254,0.13371,0.14602,0.13213,0.15204,0.10009,0.13852,0.11695,0.15443,0.15603,0.15683
2727,5.48049,0.14618,0.13990,6.28110,0.15184,0.15745,0.98331,0.15672,0.14673,5.91788,0.24577,6.23783,6.11630,0.13500,0.14069,6.18896,0.13582,0.13150,0.13459,0.13423,0.14682,0.13268,0.15249,0.10010,0.13804,0.11701,0.15475,0.15606,0.15673
2728,5.73631,0.14648,0.13948,6.27243,0.15203,0.15734,5.73588,0.15653,0.14594,5.78176,2.57969,6.21074,6.27343,0.13490,0.13881,6.12171,0.14070,0.13952,0.13425,0.59115,0.14512,0.65290,0.15121,0.10011,0.13539,0.11680,0.15464,0.15610,0.15680
2729,6.12660,0.14693,0.14064,6.24126,0.15128,0.15766,6.30273,0.15671,0.14194,5.83104,5.69454,6.21079,6.29767,0.13639,0.14696,6.09889,1.18561,1.20307,0.15534,5.05758,0.14407,5.03979,0.15098,0.10022,0.13566,0.11755,0.15362,0.15614,0.15660
2730,6.28613,0.14711,0.14181,6.25352,0.15064,0.15787,6.27758,0.15686,0.13915,6.13603,5.72100,6.23176,6.28631,0.13794,0.15858,6.16244,1.12334,1.50906,0.19704,4.85716,0.14540,4.90704,0.15152,0.10019,0.13752,0.11845,0.15268,0.15609,0.15642
2731,6.29046,0.14714,0.14325,6.28623,0.15013,0.15798,6.28412,0.15620,0.13699,6.26322,5.82395,6.27684,6.29343,0.13930,0.21830,6.22273,2.10050,2.65010,0.32219,5.59383,0.14472,5.70119,0.15103,0.10017,0.13897,0.11989,0.15197,0.15614,0.15641
2732,6.29830,0.14693,0.14394,6.31259,0.15068,0.15789,5.86460,0.15599,0.13721,6.28928,4.73270,6.30570,6.31112,0.13868,0.17499,6.28015,0.70147,1.27572,0.21809,2.75959,0.14557,3.39985,0.15086,0.10016,0.13857,0.12003,0.15234,0.15610,0.15659
2733,6.28845,0.14678,0.14341,6.31606,0.15162,0.15778,3.09662,0.15617,0.13923,6.30156,1.83487,6.31087,6.26545,0.13687,0.15009,6.29932,0.23557,0.37515,0.15548,0.61228,0.14671,0.93009,0.15107,0.10012,0.13696,0.11807,0.15322,0.15600,0.15671
2734,6.26581,0.14788,0.14386,6.31760,0.15029,0.15774,5.98881,0.15453,0.13719,6.29464,4.86843,6.31874,6.30836,0.16490,0.53331,6.30052,2.27150,2.26742,0.55802,4.01070,0.15548,4.06573,0.14905,0.10021,0.13697,0.11916,0.15186,0.15619,0.15694
2735,6.35170,0.14876,0.14632,6.36638,0.14851,0.15746,6.35344,0.15277,0.13502,6.32258,6.04271,6.41445,6.38503,0.52887,3.06032,6.32572,6.10009,6.06128,3.23226,6.30997,0.33029,6.30307,0.14925,0.10037,0.14961,0.13914,0.14835,0.15624,0.15663
2736,6.43573,0.14922,0.14716,6.46238,0.14740,0.15722,6.31025,0.15334,0.13660,6.39885,6.01625,6.47806,6.46872,0.54219,2.02474,6.39927,4.93392,5.37110,2.67383,5.97067,0.25971,6.07968,0.15025,0.10025,0.15602,0.16325,0.14781,0.15587,0.15630
2737,6.47077,0.14991,0.14672,6.47066,0.14573,0.15715,5.39583,0.15501,0.14047,6.45641,4.68593,6.46541,6.46232,0.28945,0.53485,6.36245,1.92537,2.83165,1.11958,3.48411,0.16294,4.03197,0.15098,0.10014,0.15642,0.15067,0.14881,0.15521,0.15602
2738,6.46995,0.15060,0.14641,6.38481,0.14486,0.15682,4.08605,0.15615,0.14456,6.46100,3.24159,6.40785,6.40822,0.26264,0.27990,6.23725,0.88617,1.55661,0.73850,2.02778,0.15720,2.41564,0.15293,0.10048,0.15637,0.14142,0.14997,0.15442,0.15584
2739,6.41978,0.15108,0.14614,6.22591,0.14565,0.15638,5.54567,0.15637,0.14942,6.43871,4.26429,6.31353,6.34420,0.39215,0.37088,6.11211,1.43135,1.55059,0.74546,3.00393,0.17564,3.05197,0.15574,0.10248,0.16663,0.15327,0.15180,0.15345,0.15550
2740,6.35295,0.15134,0.14663,6.02621,0.14647,0.15593,6.23733,0.15661,0.16041,6.42747,6.06227,6.16828,6.17667,0.69521,2.07108,5.85668,5.13969,4.90125,1.96284,6.22826,0.31675,6.20580,0.16264,0.10087,0.23570,0.21331,0.15339,0.15295,0.15481
2741,6.17666,0.15140,0.14707,5.81205,0.14672,0.15560,6.08796,0.15803,0.18328,6.33938,5.98420,6.00810,5.97118,1.19724,3.90864,5.71977,6.16966,6.08179,3.64360,6.20033,0.58067,6.19647,0.17211,0.10109,0.30049,0.26969,0.15608,0.15233,0.15412
2742,6.01146,0.15120,0.14734,5.75557,0.14948,0.15593,5.93519,0.16197,0.22010,6.24428,5.89802,5.96903,5.80068,1.70131,3.76374,5.81548,5.99335,5.90903,3.97644,6.12363,0.68832,6.11696,0.18437,0.10468,0.40280,0.36525,0.16767,0.15157,0.15328
2743,5.84267,0.15091,0.14769,5.88736,0.15551,0.15696,5.75813,0.16596,0.28646,6.06221,5.69248,6.01753,5.77807,2.74366,4.98200,6.02542,6.02602,6.02801,5.24105,5.85150,1.32828,5.85277,0.20964,0.10083,0.67040,0.60498,0.18764,0.15197,0.15264
2744,5.80664,0.15087,0.14758,6.07507,0.16255,0.15802,5.77176,0.17015,0.34294,5.87067,5.71773,6.05761,5.84925,2.61561,4.22179,6.19566,5.94285,5.95032,4.90997,5.90182,1.08631,5.90234,0.22058,0.10072,0.70627,0.58027,0.20176,0.15271,0.15228
2745,5.84359,0.15106,0.14819,6.22717,0.16782,0.15993,5.82001,0.19354,0.44027,5.84436,5.73068,6.11116,5.96130,3.85075,5.52733,6.30784,5.82473,5.83069,5.59071,5.78550,2.63602,5.78526,0.41609,0.10028,1.15375,0.77281,0.22660,0.15479,0.15193
2746,5.88281,0.15131,0.14881,6.27769,0.17643,0.16054,5.86466,0.20959,0.49317,5.89074,5.75388,6.15854,6.04170,4.21773,5.63544,6.34350,5.78245,5.78031,5.69230,5.80340,3.41510,5.80284,0.61993,0.10016,1.36431,1.06641,0.24992,0.15741,0.15168
2747,5.98548,0.15178,0.14948,6.31456,0.17617,0.16511,5.94247,0.28297,0.46433,5.95367,5.80202,6.22560,6.13513,4.10555,5.55309,6.36254,5.78619,5.78512,5.62868,5.80859,3.74940,5.80996,1.03190,0.10043,1.32883,1.25739,0.23390,0.15948,0.15153
2748,6.10769,0.15220,0.14996,6.31685,0.17466,0.17490,5.80495,0.32942,0.41713,6.05639,5.74004,6.26296,6.21436,3.01281,4.59142,6.35482,5.62555,5.70352,5.03362,5.77084,2.47972,5.77658,0.75977,0.10052,0.96512,1.31786,0.20976,0.16113,0.15156
2749,6.17958,0.15283,0.15134,6.31098,0.17393,0.17672,5.73945,0.32971,0.42514,6.15552,5.63399,6.28818,6.22746,2.19865,3.29530,6.35062,4.83791,5.29067,4.14880,5.43923,1.48533,5.56712,0.49810,0.10040,0.83378,1.30867,0.20617,0.16236,0.15174
2750,6.16438,0.15303,0.15269,6.32967,0.17366,0.18699,5.36384,0.31088,0.43460,6.20484,5.12801,6.31451,6.24574,1.53810,2.20106,6.35534,3.63609,4.51814,3.19029,4.52843,0.90546,4.91884,0.38846,0.10032,0.74419,1.20203,0.19716,0.16301,0.15184
2751,6.21393,0.15340,0.15521,6.34328,0.17269,0.20999,5.28276,0.28603,0.49410,6.21001,4.92955,6.33865,6.30762,1.47075,1.92536,6.35382,3.17973,4.21106,3.03738,4.20277,0.81221,4.59782,0.36319,0.10070,0.70368,1.11822,0.19584,0.16783,0.15200
2752,6.24853,0.15394,0.15760,6.35079,0.17140,0.21712,4.39589,0.27480,0.53556,6.26700,4.11408,6.35187,6.27478,1.19805,1.34504,6.34932,2.42384,3.56933,2.37507,3.20287,0.59582,3.85129,0.31808,0.10047,0.65679,1.02315,0.20077,0.16911,0.15218
2753,6.13037,0.15459,0.15816,6.35049,0.17080,0.20587,4.07753,0.28568,0.55685,6.27241,3.46107,6.35221,6.23665,0.98293,0.95860,6.34797,1.81293,2.88440,1.83204,2.62678,0.44949,3.17501,0.29825,0.10036,0.64441,0.89488,0.22351,0.16543,0.15214
2754,6.12751,0.15534,0.15843,6.34394,0.17150,0.20610,6.07371,0.29454,0.59251,6.22624,4.89164,6.34765,6.32989,1.17434,1.25587,6.34959,2.43436,2.98060,2.06361,3.70917,0.54245,3.82561,0.31144,0.10026,0.64483,0.78709,0.27900,0.16579,0.15234
2755,6.29512,0.15588,0.15955,6.33105,0.17525,0.21863,6.10270,0.28972,0.59858,6.23608,5.52227,6.34184,6.34406,1.21473,1.41915,6.33841,2.63065,3.10929,2.15450,4.29759,0.61918,4.54924,0.33764,0.10041,0.63082,0.76207,0.29802,0.16874,0.15276
2756,6.26594,0.15638,0.16068,6.33800,0.18081,0.20932,3.37993,0.28580,0.57929,6.32049,3.02138,6.36166,6.25362,0.86781,0.86921,6.32981,1.53620,2.28393,1.54280,2.12056,0.43940,2.55255,0.32204,0.10022,0.60196,0.71401,0.29740,0.16809,0.15288
2757,5.94244,0.15670,0.16159,6.35065,0.18463,0.20383,2.12187,0.27914,0.56223,6.24610,2.17558,6.36531,6.16812,0.69133,0.60912,6.33030,1.01948,1.73727,1.14775,1.42503,0.37661,1.89267,0.31671,0.10017,0.58927,0.65288,0.29071,0.16837,0.15290
2758,5.70404,0.15682,0.16168,6.35997,0.18508,0.20162,1.60034,0.27135,0.53232,6.04333,1.69929,6.35158,6.16529,0.60334,0.48236,6.33259,0.74278,1.32719,0.86256,1.02761,0.36256,1.44174,0.31899,0.10004,0.58863,0.60247,0.26181,0.16914,0.15281
2759,5.91300,0.15757,0.16123,6.36444,0.18989,0.19894,3.76724,0.27424,0.52798,5.91147,1.89573,6.33707,6.35281,0.60888,0.48211,6.33416,0.78141,1.21592,0.83171,1.13940,0.37373,1.33875,0.32570,0.10028,0.58362,0.52888,0.28055,0.16846,0.15297
2760,6.26065,0.15867,0.16175,6.34333,0.20099,0.19459,4.52715,0.26796,0.52666,6.07583,2.24803,6.32904,6.36884,0.62711,0.49300,6.31766,0.81996,1.14641,0.83262,1.22760,0.38294,1.32675,0.33883,0.10029,0.54833,0.47722,0.32491,0.17225,0.15397
2761,6.29374,0.15964,0.16325,6.32489,0.21167,0.19043,1.91340,0.25889,0.50509,6.26134,1.53962,6.32787,6.29604,0.60967,0.45120,6.31006,0.64574,0.96348,0.77067,0.96732,0.36934,1.15472,0.34027,0.10020,0.52811,0.44881,0.34065,0.17566,0.15443
2762,6.20170,0.16094,0.16699,6.31789,0.22185,0.19123,2.25128,0.26130,0.48917,6.28499,1.44827,6.33043,6.28272,0.60072,0.45036,6.31157,0.59356,0.89231,0.75272,0.87702,0.36783,1.03734,0.34116,0.10016,0.51351,0.43518,0.33935,0.17726,0.15446
2763,6.22698,0.16239,0.17285,6.31245,0.23037,0.19743,3.07164,0.26691,0.46576,6.24646,1.45184,6.33129,6.29891,0.59170,0.47064,6.31280,0.59656,0.86261,0.74098,0.87543,0.37893,0.99073,0.34768,0.10022,0.49663,0.43894,0.32323,0.17921,0.15454
2764,6.10289,0.16436,0.18048,6.32817,0.23247,0.20111,1.00862,0.26071,0.43612,6.25405,1.05620,6.35429,6.15502,0.54590,0.45865,6.31383,0.54013,0.80990,0.66571,0.63496,0.38329,0.79934,0.34402,0.10025,0.47608,0.44733,0.29748,0.17920,0.15464
2765,5.73804,0.16806,0.18768,6.36796,0.22748,0.19985,0.71639,0.25149,0.40780,6.10356,0.89703,6.37384,6.11421,0.49225,0.43623,6.33367,0.51105,0.73806,0.58351,0.57654,0.38469,0.73031,0.33688,0.10020,0.46045,0.44464,0.27458,0.17929,0.15569
2766,5.88360,0.17092,0.19154,6.40449,0.22092,0.19915,2.86526,0.25692,0.39279,5.93612,0.88323,6.38977,6.35327,0.47435,0.44294,6.36523,0.51744,0.70006,0.56817,0.60025,0.39083,0.68461,0.34318,0.10016,0.44992,0.43084,0.25893,0.18070,0.15774
2767,6.36198,0.17174,0.19293,6.43918,0.21613,0.20345,5.29910,0.27773,0.38418,6.17033,2.77560,6.42665,6.45687,0.48135,0.47615,6.40189,0.58664,0.71200,0.59502,1.25036,0.41186,1.35459,0.36089,0.10031,0.44392,0.41602,0.25019,0.18324,0.16069
2768,6.47321,0.17230,0.19618,6.46596,0.21246,0.21219,6.28222,0.28571,0.37494,6.41119,5.20511,6.46170,6.48157,0.49232,0.51119,6.44141,0.78041,0.93266,0.61455,2.97115,0.43062,3.27519,0.36347,0.10070,0.42752,0.40744,0.24676,0.18637,0.16491
2769,6.45411,0.17329,0.19777,6.49237,0.21131,0.21431,2.66960,0.27175,0.36091,6.47426,1.60300,6.49313,6.40912,0.46008,0.46962,6.47123,0.54408,0.65232,0.55213,0.69589,0.40289,0.82680,0.33393,0.10022,0.40970,0.37803,0.23949,0.18717,0.16717
2770,6.20525,0.17346,0.19834,6.50606,0.21009,0.21571,0.71398,0.26267,0.34728,6.43051,0.85606,6.49747,6.18085,0.43175,0.43326,6.49055,0.49042,0.58011,0.50140,0.53854,0.37400,0.59918,0.30831,0.10011,0.39636,0.35109,0.23508,0.18793,0.16877
2771,6.04415,0.17396,0.19940,6.48634,0.20939,0.21773,1.31313,0.25654,0.33804,6.28548,0.79890,6.48079,6.15365,0.41548,0.41349,6.49875,0.46365,0.53836,0.47626,0.51034,0.35595,0.55348,0.29113,0.10020,0.38164,0.33548,0.23603,0.18927,0.17049
2772,6.22899,0.17538,0.20110,6.44671,0.20959,0.22158,4.95385,0.25514,0.33506,6.22297,1.67452,6.46298,6.39715,0.41849,0.42722,6.48410,0.48060,0.53670,0.49124,0.58228,0.36463,0.60140,0.29338,0.10028,0.36911,0.33331,0.24232,0.19153,0.17232
2773,6.38433,0.17696,0.20206,6.45353,0.21050,0.21944,1.80281,0.25446,0.32319,6.34957,0.93298,6.48251,6.34785,0.39650,0.40843,6.45153,0.45511,0.51417,0.46883,0.50136,0.34495,0.53404,0.28303,0.10019,0.35613,0.32474,0.24118,0.19171,0.17329
2774,6.01090,0.17849,0.20157,6.47194,0.21151,0.21419,0.50748,0.25386,0.31213,6.37973,0.65733,6.48511,6.09914,0.36670,0.37104,6.45290,0.42022,0.47953,0.42451,0.45096,0.31443,0.48621,0.27246,0.10006,0.34815,0.29923,0.23776,0.18997,0.17315
2775,5.88004,0.17925,0.19951,6.46956,0.21452,0.20986,0.55674,0.25572,0.31180,6.24176,0.63228,6.47174,6.05133,0.35657,0.35053,6.47019,0.39866,0.45176,0.40392,0.43452,0.30142,0.46709,0.27064,0.10005,0.34117,0.26823,0.23850,0.18933,0.17262
2776,5.83930,0.17920,0.19765,6.47499,0.21396,0.21005,3.67573,0.25592,0.31080,6.13123,1.57520,6.45358,6.31044,0.35851,0.35589,6.47348,0.41103,0.44920,0.40509,0.52427,0.30431,0.55068,0.27242,0.09981,0.33357,0.25301,0.24375,0.18930,0.17226
2777,6.10961,0.17920,0.19499,6.47364,0.21723,0.20830,5.98353,0.25075,0.31090,6.07234,3.44678,6.44598,6.45972,0.36275,0.36036,6.46628,0.43289,0.45027,0.40489,0.84364,0.30623,0.86199,0.27374,0.09982,0.31688,0.24621,0.25285,0.19058,0.17208
2778,6.32552,0.17907,0.19290,6.46680,0.21704,0.20745,3.91108,0.24328,0.30701,6.17353,2.29259,6.44709,6.43013,0.35038,0.34936,6.43916,0.41659,0.43955,0.39507,0.77426,0.29951,0.81493,0.27395,0.09991,0.30625,0.23614,0.25689,0.19228,0.17262
2779,6.15368,0.17890,0.19077,6.45340,0.21583,0.21085,0.59201,0.23601,0.30237,6.23457,0.63064,6.43668,6.30780,0.32331,0.32430,6.41312,0.36830,0.40542,0.37444,0.40216,0.28906,0.42036,0.26981,0.10005,0.29828,0.22890,0.25094,0.19206,0.17294
2780,5.87793,0.17966,0.18953,6.43266,0.21743,0.21160,1.33177,0.22871,0.29795,6.22062,0.57344,6.41584,6.23965,0.30776,0.31026,6.37065,0.34539,0.38617,0.35691,0.37470,0.28338,0.39400,0.26146,0.10008,0.29014,0.22261,0.25048,0.19229,0.17315
2781,5.94263,0.18086,0.18872,6.40761,0.22012,0.21265,6.03455,0.22562,0.29506,6.16979,2.43385,6.39478,6.41339,0.31351,0.31849,6.33938,0.36427,0.38648,0.35843,0.59864,0.28634,0.63522,0.25883,0.10007,0.28295,0.21537,0.25551,0.19335,0.17347
2782,6.29213,0.18269,0.18783,6.38450,0.22868,0.21228,6.43736,0.21932,0.28821,6.11728,5.70787,6.38313,6.42347,0.32558,0.33272,6.30692,0.71379,0.59246,0.36359,3.64267,0.28793,3.59319,0.25070,0.10024,0.27332,0.22054,0.26259,0.19648,0.17434
2783,6.40612,0.18451,0.18718,6.34548,0.23831,0.21165,6.41766,0.21320,0.27883,6.23323,5.96146,6.37209,6.40154,0.33362,0.40698,6.24149,2.53910,1.81456,0.39819,6.00763,0.28809,5.78393,0.24303,0.10021,0.26874,0.22744,0.26525,0.20110,0.17581
2784,6.41077,0.18500,0.18760,6.29827,0.23672,0.21443,6.21739,0.21079,0.27477,6.32296,5.10973,6.35254,6.36576,0.31537,0.34851,6.20487,1.07058,0.85967,0.37166,3.37493,0.27538,2.97666,0.23422,0.10015,0.26322,0.22040,0.26284,0.20215,0.17652
2785,6.38375,0.18482,0.18741,6.27688,0.23238,0.21959,6.33029,0.21320,0.27326,6.34833,5.70502,6.33573,6.33361,0.31175,0.45992,6.20288,1.73087,1.35809,0.41500,4.39863,0.28642,4.35369,0.23921,0.10010,0.26236,0.21703,0.25890,0.20255,0.17721
2786,6.34731,0.18464,0.18741,6.28001,0.22707,0.22275,4.90999,0.21384,0.27123,6.37018,3.41336,6.34545,6.30678,0.27744,0.36336,6.21535,0.82010,0.65021,0.36512,1.87820,0.27808,1.69880,0.23576,0.10012,0.26096,0.21943,0.25203,0.20220,0.17738
2787,6.28556,0.18458,0.18830,6.27929,0.22385,0.22565,5.14384,0.21498,0.26793,6.35414,3.27130,6.33095,6.29766,0.27288,0.38006,6.21877,0.76100,0.63623,0.36480,1.67184,0.27512,1.65575,0.23055,0.10021,0.25729,0.22106,0.24772,0.20352,0.17852
2788,6.29665,0.18495,0.18701,6.28088,0.22463,0.22559,6.17701,0.21500,0.26552,6.31888,4.65575,6.32784,6.30829,0.28332,0.43660,6.21503,1.01005,0.84643,0.39617,2.45532,0.27791,2.48703,0.22896,0.10011,0.25312,0.21201,0.24944,0.20520,0.17986
2789,6.31873,0.18565,0.18665,6.31308,0.22485,0.22544,6.27626,0.21544,0.26326,6.31295,5.52454,6.35095,6.32804,0.29387,0.57784,6.22982,1.69958,1.49130,0.47694,3.96505,0.28976,4.02251,0.23006,0.10007,0.25179,0.20524,0.25000,0.20621,0.18038
2790,6.34372,0.18687,0.18680,6.33897,0.22944,0.22265,6.31112,0.21432,0.25888,6.32580,6.01598,6.37219,6.36550,0.33923,1.01827,6.24318,3.88960,3.66830,0.85251,6.10737,0.32435,6.07845,0.23442,0.10012,0.25295,0.20024,0.25098,0.20829,0.18161
2791,6.36540,0.18743,0.18674,6.33417,0.23160,0.22162,5.64289,0.21222,0.25505,6.35078,4.68782,6.35953,6.36354,0.30232,0.54672,6.25111,1.55409,1.63024,0.55728,3.25729,0.27511,3.37844,0.22678,0.10016,0.24457,0.19589,0.24909,0.20855,0.18210
2792,6.32335,0.18792,0.18670,6.33344,0.23267,0.22136,4.94093,0.21154,0.25192,6.35842,3.50368,6.35184,6.34662,0.29056,0.44284,6.26239,1.02243,1.04971,0.47778,2.03608,0.26029,2.13486,0.22230,0.10014,0.23785,0.19556,0.24700,0.20935,0.18295
2793,6.34256,0.18875,0.18613,6.34931,0.23109,0.22115,6.33536,0.21358,0.25005,6.34340,5.78755,6.38266,6.37166,0.31839,0.68946,6.28512,1.89603,1.82708,0.64765,4.11964,0.29707,4.22647,0.22823,0.10009,0.24000,0.18925,0.24709,0.21033,0.18347
2794,6.37244,0.18909,0.18622,6.40230,0.22868,0.22198,4.79443,0.21551,0.24931,6.35864,3.47334,6.41743,6.38760,0.27602,0.49770,6.33489,1.09133,1.05499,0.49267,2.02464,0.27571,2.07077,0.22801,0.10008,0.23812,0.18709,0.24598,0.20860,0.18285
2795,6.31688,0.18945,0.18770,6.44934,0.22820,0.22280,2.50153,0.21762,0.24811,6.37326,1.94167,6.44973,6.37460,0.24678,0.38679,6.38944,0.69312,0.69369,0.39822,1.10586,0.25955,1.13142,0.22655,0.10009,0.23758,0.18529,0.24398,0.20631,0.18223
2796,6.15692,0.18953,0.19025,6.47420,0.22511,0.22379,1.21723,0.22028,0.24649,6.33748,1.19277,6.45997,6.25111,0.22332,0.31751,6.42853,0.47799,0.47612,0.31759,0.65858,0.24920,0.67319,0.22660,0.10011,0.23902,0.18621,0.23995,0.20430,0.18191
2797,5.86039,0.18891,0.19147,6.48255,0.21896,0.22489,1.23108,0.22256,0.24424,6.20331,0.85733,6.43783,6.24853,0.21497,0.28166,6.44636,0.36727,0.35485,0.25998,0.45687,0.24323,0.45979,0.22910,0.10000,0.23892,0.18877,0.23324,0.20403,0.18205
2798,6.06686,0.18884,0.18991,6.48378,0.21760,0.22561,5.97036,0.22259,0.24253,6.08169,3.61367,6.42499,6.42670,0.22161,0.31255,6.45491,0.44255,0.43402,0.28966,1.17446,0.24610,1.27090,0.23333,0.09997,0.23187,0.18264,0.23205,0.20535,0.18260
2799,6.38167,0.18924,0.18879,6.48676,0.21841,0.22466,5.24904,0.22298,0.23999,6.23001,3.29428,6.45487,6.47099,0.22608,0.30284,6.47008,0.42538,0.43087,0.29173,1.04737,0.24408,1.13481,0.23125,0.10006,0.22760,0.17335,0.23382,0.20537,0.18304
2800,6.31053,0.18942,0.18933,6.49187,0.21822,0.22369,0.91226,0.22407,0.23880,6.38539,0.78481,6.46928,6.29772,0.21718,0.26053,6.48457,0.31530,0.31300,0.24994,0.37503,0.23761,0.38417,0.22664,0.10012,0.22637,0.17183,0.23259,0.20408,0.18286
2801,6.02822,0.18956,0.19023,6.49428,0.21633,0.22478,4.57383,0.22474,0.23690,6.32050,3.28079,6.44435,6.36980,0.21699,0.27308,6.47698,0.54731,0.53117,0.25920,2.00263,0.23832,2.04543,0.22813,0.10013,0.22120,0.17514,0.23056,0.20506,0.18335
2802,6.28609,0.19022,0.18949,6.49357,0.21695,0.22425,6.38689,0.22491,0.23282,6.23906,5.97203,6.45323,6.47439,0.23685,0.55384,6.45213,3.42061,3.11434,0.47023,6.07227,0.24897,6.02718,0.23077,0.10013,0.21657,0.16942,0.23248,0.20654,0.18464
2803,6.44271,0.19077,0.18794,6.49385,0.21806,0.22255,6.37744,0.22335,0.22914,6.34145,5.98263,6.44863,6.49161,0.24627,0.66143,6.43704,3.46529,3.02503,0.59689,5.77546,0.24673,5.66286,0.22828,0.10016,0.21154,0.17256,0.23272,0.20757,0.18608
2804,6.47942,0.19110,0.18699,6.44913,0.21693,0.22199,6.01342,0.22079,0.22673,6.41400,5.18411,6.41852,6.48660,0.23875,0.49401,6.34608,2.06547,1.79234,0.48299,4.03620,0.23952,3.87481,0.22520,0.10015,0.20828,0.17745,0.23140,0.20845,0.18733
2805,6.46896,0.19211,0.18689,6.37874,0.21993,0.22065,6.47462,0.21715,0.22079,6.33417,6.06930,6.34867,6.45315,0.29612,0.92920,6.32709,3.36965,3.02736,0.87939,5.47266,0.25018,5.45783,0.22229,0.10028,0.21029,0.18317,0.22942,0.21000,0.18892
2806,6.45951,0.19286,0.18725,6.36104,0.22286,0.21944,6.38139,0.21440,0.21700,6.34945,5.86722,6.34499,6.40014,0.32488,0.88628,6.32610,3.13397,2.87244,0.94367,5.07750,0.25222,4.93568,0.21875,0.10016,0.21250,0.18394,0.22705,0.21094,0.19004
2807,6.41385,0.19246,0.18668,6.37005,0.21950,0.21982,6.36807,0.21477,0.21687,6.30810,6.03567,6.35397,6.38503,0.32134,1.16653,6.32487,3.32473,3.01719,1.00093,5.29993,0.28059,5.27192,0.21978,0.09987,0.21237,0.17915,0.22639,0.21060,0.18985
2808,6.39429,0.19229,0.18620,6.36882,0.21612,0.22021,6.29679,0.21454,0.21709,6.32879,5.93091,6.37277,6.38968,0.32677,1.43528,6.32129,3.57760,2.90067,1.05314,5.28437,0.31857,5.10366,0.22103,0.09985,0.21319,0.17677,0.22489,0.21057,0.18965
2809,6.34339,0.19219,0.18776,6.37915,0.21078,0.22102,4.18630,0.21650,0.21945,6.37215,3.51102,6.38752,6.32893,0.23364,0.62613,6.33174,1.63109,1.17003,0.51188,2.53643,0.25313,2.22450,0.21782,0.10041,0.21232,0.18430,0.22181,0.20948,0.18929
2810,5.99254,0.19257,0.18964,6.35124,0.20623,0.21953,1.78493,0.21751,0.21837,6.13936,1.33791,6.27676,6.15869,0.21074,0.29115,6.32590,0.52609,0.42438,0.27377,0.77099,0.22202,0.66585,0.21533,0.10141,0.20964,0.19311,0.21772,0.20939,0.19116
2811,5.97935,0.19291,0.19045,6.34033,0.20594,0.21770,2.92998,0.21605,0.21591,5.91225,1.40625,6.23111,6.30383,0.21695,0.30890,6.32334,0.51265,0.39905,0.27493,0.69958,0.22068,0.64372,0.21533,0.10073,0.20792,0.19101,0.21688,0.20947,0.19325
2812,6.12591,0.19307,0.19140,6.33246,0.20953,0.21596,6.33128,0.21327,0.21256,6.01182,5.58751,6.25329,6.33283,0.24992,0.48718,6.31784,1.49195,1.24187,0.40601,3.66277,0.23518,3.59855,0.21442,0.10162,0.21073,0.19141,0.21621,0.20906,0.19465
2813,6.24743,0.19419,0.19190,6.32890,0.21160,0.21396,6.33751,0.21187,0.21226,6.11894,6.13072,6.29917,6.33525,0.65541,3.36764,6.31774,6.02896,5.88773,2.98591,6.32605,0.58976,6.31857,0.22472,0.10035,0.24205,0.20161,0.21458,0.20989,0.19629
2814,6.31004,0.19495,0.19154,6.32716,0.21154,0.21324,6.32849,0.21092,0.21883,6.20707,6.15847,6.29529,6.33301,1.17927,3.57090,6.32079,5.98458,6.00017,4.14080,6.29170,0.71142,6.28356,0.22501,0.10424,0.27451,0.23066,0.21368,0.20991,0.19713
2815,6.31220,0.19673,0.19321,6.33904,0.21311,0.21251,6.32864,0.21369,0.27607,6.21839,6.18938,6.29000,6.33075,2.67417,4.39599,6.33296,6.19489,6.17369,4.96304,6.31675,1.10860,6.31295,0.23977,0.10724,0.62404,0.52326,0.22114,0.21005,0.19748
2816,6.30639,0.19827,0.19359,6.34360,0.21506,0.21281,6.32950,0.22776,0.45127,6.25634,6.20896,6.31191,6.33541,4.42526,6.04400,6.32608,6.31455,6.31047,6.07982,6.32001,3.12520,6.31786,0.40959,0.10126,1.32169,0.88508,0.24580,0.21075,0.19845
2817,6.30696,0.19887,0.19364,6.34399,0.21472,0.21649,6.33915,0.35405,0.68110,6.27850,6.23101,6.33207,6.34116,5.45893,6.24736,6.33117,6.31092,6.30746,6.23713,6.32772,5.05975,6.32627,1.55847,0.10031,2.26582,1.07271,0.27714,0.21122,0.19971
2818,6.32773,0.19913,0.19467,6.36567,0.21316,0.22670,6.33887,0.62464,0.68156,6.29776,6.23983,6.36022,6.35668,5.38435,6.23372,6.34949,6.30566,6.30584,6.23622,6.32584,5.52634,6.32524,2.45510,0.10038,2.30452,1.36928,0.27551,0.21149,0.19982
2819,6.35872,0.19961,0.19616,6.38545,0.21387,0.26607,6.33235,0.82729,0.60560,6.33936,6.23989,6.37595,6.37823,4.63316,6.00572,6.36755,6.27169,6.28266,6.08032,6.30904,4.82447,6.31192,2.17682,0.10099,1.85040,1.58212,0.27117,0.21201,0.19947
2820,6.37087,0.20009,0.19583,6.38626,0.21720,0.24135,6.28180,0.67529,0.57750,6.36381,6.19167,6.37810,6.38277,3.22857,4.98667,6.36553,5.95378,6.07481,5.38074,6.19419,3.11512,6.21850,1.39108,0.10105,1.39914,1.38409,0.28242,0.21217,0.19921
2821,6.36820,0.20080,0.19543,6.37194,0.22659,0.23065,6.15841,0.50556,0.62770,6.37338,6.01926,6.37970,6.37706,2.66178,3.85218,6.34661,5.24371,5.63915,4.66562,5.80693,2.15951,5.93104,1.08341,0.10074,1.33500,1.16439,0.31674,0.21358,0.19949
2822,6.34609,0.20086,0.19504,6.37081,0.22553,0.23349,5.65123,0.44281,0.59156,6.37398,5.45551,6.37846,6.35021,1.98603,2.86011,6.35557,4.17656,4.97268,3.71694,4.93053,1.58737,5.29851,0.95599,0.10044,1.10455,1.09243,0.31417,0.21307,0.19958
2823,6.23044,0.20040,0.19455,6.37845,0.22126,0.23870,4.64691,0.38646,0.53799,6.34057,4.48841,6.36872,6.28624,1.42101,1.97963,6.37745,2.95650,3.85936,2.51459,3.70181,1.13811,4.29209,0.84475,0.10030,0.91557,1.00024,0.28194,0.21361,0.19960
2824,6.06130,0.20000,0.19436,6.37830,0.21765,0.23871,3.61841,0.36932,0.48711,6.24740,3.53655,6.35367,6.22475,1.15428,1.45577,6.37888,2.13247,2.72176,1.75650,2.70395,0.97142,3.21982,0.73270,0.10028,0.81900,0.83569,0.25611,0.21692,0.20009
2825,6.03072,0.19989,0.19407,6.37885,0.21388,0.24434,4.57481,0.40274,0.45687,6.13803,3.32710,6.34448,6.31605,1.09619,1.43288,6.37785,2.04610,2.46031,1.60279,2.60784,0.99369,2.88263,0.74518,0.10021,0.76665,0.71678,0.24285,0.22176,0.20211
2826,6.22347,0.19987,0.19314,6.37045,0.21183,0.24609,3.28207,0.41316,0.42896,6.16009,2.97489,6.34419,6.28531,1.00986,1.33185,6.37821,1.84358,2.10720,1.43267,2.30111,0.96691,2.54496,0.73692,0.10008,0.70371,0.62331,0.23518,0.22405,0.20363
2827,5.97789,0.19939,0.19213,6.36156,0.20991,0.24532,3.63936,0.39007,0.41643,6.21986,2.49311,6.33694,6.23825,0.90072,1.15138,6.35847,1.50509,1.62795,1.21696,1.85407,0.87691,1.96668,0.65594,0.09992,0.65525,0.51721,0.23502,0.22436,0.20426
2828,6.03523,0.19867,0.19100,6.34447,0.20936,0.25132,2.34449,0.36022,0.44091,6.13580,2.11599,6.32471,6.23272,0.85694,1.04009,6.33033,1.33971,1.41526,1.12255,1.60454,0.79196,1.66175,0.54451,0.09998,0.63157,0.41737,0.25463,0.22115,0.20366
2829,5.82690,0.19780,0.19051,6.33523,0.21023,0.26010,3.12747,0.32894,0.46104,6.11774,2.44026,6.30982,6.16297,0.80247,0.92544,6.34794,1.16761,1.23036,1.01860,1.55139,0.66774,1.60440,0.44684,0.09999,0.56947,0.35418,0.29223,0.21715,0.20335
2830,5.87585,0.19753,0.18999,6.35931,0.23417,0.26510,6.26297,0.31004,0.48306,6.12365,5.83914,6.32044,6.30973,0.88620,1.09308,6.36906,2.35441,2.30145,1.16489,5.04979,0.73012,4.93460,0.44113,0.10095,0.57000,0.40017,0.36283,0.21778,0.20355
2831,6.10519,0.19750,0.18923,6.38444,0.26538,0.26416,6.27478,0.29181,0.47981,6.09892,5.82584,6.33575,6.34698,0.90242,1.18330,6.38787,2.70480,2.68974,1.26793,4.92889,0.69576,4.93793,0.40747,0.10002,0.55997,0.40291,0.39688,0.22278,0.20341
2832,6.22719,0.19861,0.18903,6.41113,0.27858,0.26532,6.36574,0.30630,0.48884,6.13680,6.19911,6.36088,6.38189,1.08765,2.67036,6.39886,5.65490,5.48517,2.43961,6.32039,0.94567,6.31304,0.47286,0.10006,0.63578,0.39682,0.40927,0.23085,0.20391
2833,6.33601,0.20130,0.19081,6.43027,0.29231,0.26123,6.39012,0.33759,0.50522,6.22899,6.24442,6.39011,6.41770,1.53846,4.56440,6.41021,6.26237,6.24717,4.24711,6.36503,1.53387,6.36356,0.63432,0.10020,0.68930,0.40918,0.40648,0.24238,0.20522
2834,6.40402,0.20242,0.19334,6.45061,0.28767,0.26099,6.33632,0.35130,0.46265,6.33951,6.15114,6.40837,6.43031,1.17883,2.91068,6.43855,5.08854,5.29132,2.95270,5.96304,1.15459,6.05294,0.59935,0.10013,0.59527,0.39783,0.38004,0.24430,0.20555
2835,6.39801,0.20215,0.19824,6.44832,0.29105,0.27028,5.78869,0.34862,0.42323,6.39456,5.37489,6.39308,6.39562,0.90171,1.73427,6.45481,3.30749,3.77523,1.91432,4.55646,0.87011,4.87455,0.51244,0.10011,0.53022,0.40554,0.36041,0.23911,0.20509
2836,6.30206,0.20203,0.20235,6.42875,0.29326,0.27110,4.23562,0.33639,0.40259,6.37311,3.81001,6.36777,6.30044,0.72152,1.12395,6.45353,1.90313,2.32244,1.29659,2.77186,0.65630,3.14883,0.45226,0.10003,0.49291,0.38310,0.34707,0.23626,0.20487
2837,6.07573,0.20228,0.20125,6.41455,0.28889,0.26444,2.50196,0.32202,0.39240,6.29197,2.40033,6.34272,6.09297,0.58618,0.77695,6.44475,1.17224,1.45806,0.93436,1.60687,0.52410,1.85749,0.40884,0.10005,0.45852,0.33335,0.33439,0.23650,0.20493
2838,5.54143,0.20326,0.19884,6.42303,0.28905,0.26373,1.51528,0.28899,0.39627,6.16647,1.61059,6.33499,6.14226,0.51521,0.59111,6.40944,0.82785,0.97375,0.72426,1.06193,0.46142,1.18555,0.37666,0.10003,0.41920,0.30187,0.33415,0.24137,0.20588
2839,5.56670,0.20471,0.20051,6.41631,0.30131,0.26217,2.71804,0.27127,0.39113,6.02344,1.54130,6.33043,6.25512,0.51067,0.54547,6.40331,0.75296,0.85757,0.67911,0.98516,0.43165,1.03817,0.33850,0.09996,0.39665,0.28986,0.33761,0.24541,0.20611
2840,5.87762,0.20674,0.20559,6.41220,0.31557,0.26059,2.90417,0.25700,0.37521,5.85350,1.53786,6.32005,6.29017,0.49008,0.50999,6.40035,0.71198,0.78113,0.63300,0.92366,0.38286,0.93851,0.29893,0.10021,0.36556,0.30185,0.33459,0.25037,0.20634
2841,5.87048,0.20918,0.21363,6.40597,0.31867,0.26060,2.13525,0.24999,0.35057,5.96876,1.09378,6.25740,6.08388,0.42598,0.40598,6.39321,0.53170,0.62163,0.53202,0.64395,0.31013,0.68483,0.26513,0.10277,0.33060,0.31138,0.32528,0.25504,0.20795
2842,5.95885,0.21540,0.22661,6.40834,0.32484,0.25927,6.26653,0.24910,0.33516,6.04862,4.27334,6.25015,6.32688,0.45449,0.42103,6.39053,0.61865,0.64169,0.52697,1.26643,0.31077,1.29836,0.26003,0.10011,0.32970,0.30680,0.31841,0.26050,0.20910
2843,6.08405,0.21884,0.23456,6.41857,0.32432,0.26008,6.01503,0.24834,0.32697,6.04260,4.33716,6.28530,6.39680,0.43936,0.42423,6.39875,0.75286,0.74697,0.51840,2.15697,0.30205,2.20330,0.25517,0.10014,0.32860,0.28865,0.31258,0.26133,0.21020
2844,6.19715,0.22406,0.24370,6.42402,0.32306,0.25995,5.45737,0.24846,0.32075,6.05792,3.94667,6.32116,6.41207,0.42240,0.41772,6.40315,0.71255,0.72657,0.51103,1.86925,0.29842,1.88784,0.25416,0.10006,0.32202,0.27068,0.30615,0.26253,0.21107
2845,6.19585,0.22161,0.24003,6.43825,0.31412,0.26568,2.27012,0.25265,0.31549,6.06172,1.46139,6.33134,6.37416,0.35949,0.37468,6.41061,0.52324,0.56404,0.47009,0.70575,0.29368,0.72455,0.25654,0.10002,0.31505,0.25619,0.30669,0.25956,0.21155
2846,6.15317,0.22073,0.23481,6.43426,0.30630,0.26889,3.67881,0.25444,0.31107,6.04677,1.30337,6.31532,6.38402,0.34233,0.36715,6.40564,0.51107,0.53406,0.44155,0.65886,0.29341,0.67137,0.25694,0.10004,0.30194,0.24989,0.30202,0.26027,0.21530
2847,6.16420,0.22112,0.22925,6.41907,0.30202,0.26873,1.56032,0.25494,0.30628,6.05471,0.96767,6.31803,6.32097,0.32649,0.34468,6.40450,0.46298,0.49791,0.41481,0.56413,0.28598,0.57147,0.25747,0.09998,0.28892,0.23691,0.29948,0.26221,0.21906
2848,5.92539,0.22113,0.22811,6.42850,0.29623,0.27012,0.63644,0.25543,0.30239,6.03234,0.74970,6.31385,6.23355,0.29294,0.31681,6.41327,0.39217,0.44762,0.37367,0.46057,0.27456,0.48433,0.25734,0.10002,0.28292,0.22965,0.29783,0.26164,0.22063
2849,5.73978,0.22148,0.22916,6.44456,0.29194,0.27105,1.71366,0.25593,0.29922,5.96352,0.68761,6.32783,6.28065,0.26686,0.30248,6.42164,0.35188,0.40502,0.33977,0.40483,0.26819,0.43442,0.25758,0.10001,0.27999,0.22118,0.29612,0.26044,0.22096
2850,6.10918,0.22242,0.22923,6.45060,0.28864,0.27192,4.44838,0.25626,0.29698,5.94279,1.05525,6.35655,6.44186,0.26103,0.31090,6.42223,0.36800,0.40612,0.34042,0.42919,0.27165,0.44493,0.25911,0.10001,0.27320,0.21007,0.29463,0.26017,0.22145
2851,6.31034,0.22289,0.22836,6.45171,0.28522,0.27278,0.76867,0.25725,0.29424,6.14787,0.61194,6.38142,6.30152,0.24411,0.29459,6.42253,0.33880,0.37160,0.31297,0.38003,0.26683,0.40164,0.25899,0.10002,0.27274,0.20376,0.29303,0.25901,0.22126
2852,5.82836,0.22328,0.23257,6.45007,0.28945,0.26974,0.39833,0.25797,0.28683,6.18621,0.53247,6.36704,6.15436,0.24790,0.27347,6.42165,0.30295,0.32949,0.28888,0.33331,0.26018,0.35245,0.25682,0.10007,0.25780,0.19457,0.28882,0.25831,0.22219
2853,5.56007,0.22429,0.23558,6.44106,0.29038,0.26808,0.35397,0.25758,0.28076,6.04437,0.48457,6.36095,6.17579,0.24663,0.26418,6.42356,0.28167,0.30403,0.27059,0.30214,0.25656,0.31825,0.25616,0.10004,0.24839,0.19016,0.28558,0.25803,0.22242
2854,5.59981,0.22430,0.23847,6.43895,0.28614,0.26982,1.97520,0.25778,0.27818,5.83256,0.46001,6.31169,6.32562,0.23528,0.26071,6.42836,0.27380,0.28710,0.25706,0.29050,0.25506,0.30068,0.25505,0.10003,0.24514,0.19408,0.28485,0.25592,0.22177
2855,5.92430,0.22548,0.24165,6.43773,0.28574,0.26721,0.54750,0.25651,0.27022,5.76040,0.42811,6.26373,6.21379,0.23482,0.25615,6.43115,0.26542,0.27050,0.25178,0.27813,0.25224,0.28342,0.25283,0.10010,0.23621,0.20018,0.28048,0.25552,0.22281
2856,5.71241,0.22802,0.24137,6.43402,0.28387,0.26305,3.89222,0.25177,0.25713,5.77515,2.61671,6.20987,6.27881,0.23814,0.25813,6.42427,0.49159,0.47295,0.25370,1.68686,0.24992,1.70169,0.24940,0.10049,0.23054,0.21314,0.27232,0.25822,0.22577
2857,5.90629,0.23335,0.23908,6.42262,0.27835,0.25835,6.42959,0.24672,0.24339,5.83534,6.00114,6.24277,6.40440,0.27107,1.37308,6.40484,4.96596,4.62620,1.05267,6.35446,0.26999,6.32524,0.24753,0.10011,0.23244,0.21246,0.25925,0.26234,0.22960
2858,6.11691,0.23611,0.23633,6.41942,0.27097,0.25499,6.42788,0.24612,0.23973,5.93774,6.08678,6.29594,6.41605,0.98494,4.90422,6.40308,6.38123,6.35626,4.44204,6.41707,1.14107,6.41047,0.26328,0.09997,0.25795,0.20601,0.25445,0.26322,0.23281
2859,6.34657,0.23790,0.23711,6.42827,0.26265,0.25416,6.41916,0.24960,0.23950,6.14885,6.12003,6.35412,6.42245,1.69386,5.55932,6.42078,6.37620,6.36977,5.26328,6.41790,2.29428,6.41483,0.37569,0.10002,0.31415,0.20551,0.25510,0.26255,0.23361
2860,6.40609,0.23726,0.23369,6.42215,0.25904,0.25523,6.37090,0.24977,0.24204,6.34585,6.04795,6.36456,6.40718,0.78488,3.23401,6.42455,5.34141,5.33132,3.07951,6.06648,0.94341,6.08132,0.30594,0.10003,0.26258,0.19034,0.25716,0.26209,0.23408
2861,6.38720,0.23771,0.23026,6.42046,0.25349,0.25540,6.04729,0.24923,0.24363,6.38172,5.59202,6.37072,6.39554,0.59700,2.03318,6.40749,4.00486,4.25274,2.19740,5.17793,0.58035,5.27640,0.27688,0.10002,0.24957,0.18419,0.25564,0.26177,0.23687
2862,6.24549,0.23705,0.22650,6.40905,0.25059,0.25584,3.36554,0.24951,0.24639,6.31400,2.99290,6.34490,6.25248,0.28181,0.63477,6.39718,1.40601,1.67117,0.75479,2.16542,0.30969,2.39832,0.25385,0.10003,0.23414,0.19102,0.25578,0.26062,0.23823
2863,5.98087,0.23747,0.22378,6.40679,0.24857,0.25470,2.23241,0.24991,0.24567,6.12006,1.70683,6.27870,6.23391,0.23940,0.38382,6.39450,0.69651,0.80447,0.41701,1.06442,0.26486,1.19244,0.24862,0.09994,0.22692,0.19498,0.25444,0.25896,0.23942
2864,6.05700,0.23803,0.22117,6.41448,0.24645,0.25304,6.26659,0.24869,0.24120,5.96926,4.87641,6.28623,6.38597,0.27629,0.55415,6.39547,1.16118,1.19272,0.55365,2.84648,0.28715,2.96981,0.24779,0.09976,0.22418,0.18703,0.25237,0.25750,0.24006
2865,6.28480,0.23858,0.21861,6.42255,0.24382,0.25172,6.39403,0.24778,0.23883,6.06020,6.03720,6.33898,6.42223,0.29884,0.73165,6.39713,2.04540,1.68614,0.64173,5.21780,0.30919,4.98370,0.24747,0.09987,0.22381,0.18544,0.25051,0.25597,0.24055
2866,6.29454,0.24005,0.21740,6.40243,0.24080,0.25039,6.27753,0.24758,0.23702,6.08947,5.61980,6.32664,6.41913,0.30198,0.77818,6.37179,2.12750,1.59443,0.61882,4.42901,0.30866,4.10533,0.24680,0.10004,0.22322,0.19045,0.24840,0.25410,0.24265
2867,6.27942,0.23988,0.21648,6.37982,0.24109,0.25004,4.47122,0.24791,0.23510,6.11570,3.45421,6.32054,6.35977,0.29060,0.52208,6.35660,1.22217,0.97201,0.50894,2.19771,0.27594,1.88753,0.24495,0.10004,0.22039,0.18672,0.24588,0.25152,0.24445
2868,5.95602,0.23874,0.21520,6.38094,0.24073,0.25034,1.12403,0.24852,0.23613,6.13432,1.17820,6.33483,6.09533,0.23246,0.30339,6.36122,0.46008,0.49324,0.33760,0.65242,0.24740,0.66099,0.24552,0.10001,0.21921,0.18144,0.24541,0.25057,0.24452
2869,5.42682,0.23793,0.21440,6.39142,0.23973,0.24971,0.48869,0.24834,0.23727,6.00062,0.71674,6.30340,6.10866,0.20083,0.25456,6.36820,0.29820,0.32267,0.25643,0.34801,0.24011,0.37461,0.24600,0.09999,0.22151,0.17974,0.24554,0.25084,0.24362
2870,5.56824,0.23702,0.21365,6.39690,0.23958,0.24903,1.27162,0.24786,0.23667,5.73292,0.63759,6.22504,6.21164,0.19828,0.24483,6.37175,0.27155,0.27718,0.23305,0.30547,0.23846,0.31645,0.24552,0.10001,0.21856,0.17520,0.24497,0.25030,0.24342
2871,5.88723,0.23680,0.21290,6.40343,0.23941,0.24850,5.64851,0.24742,0.23313,5.72673,2.45394,6.25889,6.37451,0.20195,0.25117,6.38412,0.28914,0.28935,0.24168,0.43126,0.23618,0.46800,0.24371,0.10001,0.20989,0.16960,0.24396,0.24926,0.24436
2872,5.91297,0.23725,0.21178,6.41983,0.23677,0.24790,0.47709,0.24746,0.23500,5.87180,0.53808,6.27217,6.11330,0.18980,0.23466,6.39776,0.24750,0.23881,0.21252,0.26331,0.23454,0.26249,0.24413,0.10000,0.21330,0.17664,0.24353,0.24853,0.24450
2873,5.38559,0.23747,0.21027,6.42767,0.23451,0.24651,0.26254,0.24641,0.23611,5.76543,0.44270,6.20649,6.13073,0.18477,0.22792,6.39570,0.22748,0.20821,0.19636,0.23122,0.23294,0.22343,0.24380,0.09982,0.21706,0.17837,0.24216,0.24818,0.24358
2874,5.59498,0.23824,0.20876,6.41942,0.23182,0.24534,0.25510,0.24518,0.23553,5.57232,0.41535,6.20478,6.24522,0.18498,0.22736,6.38500,0.22245,0.19955,0.19310,0.22193,0.23085,0.21109,0.24265,0.09988,0.21604,0.17661,0.24059,0.24721,0.24309
2875,5.79383,0.23904,0.20766,6.41776,0.23015,0.24468,0.23840,0.24449,0.23362,5.69845,0.39517,6.27880,6.23966,0.18398,0.22494,6.39011,0.22101,0.19699,0.19186,0.21839,0.22783,0.20658,0.24097,0.09998,0.21377,0.17276,0.23957,0.24650,0.24319
2876,5.77075,0.23938,0.20660,6.44578,0.22933,0.24418,0.23109,0.24354,0.23290,5.87615,0.37370,6.32536,6.21492,0.18392,0.21871,6.41607,0.21797,0.18987,0.18729,0.21516,0.22477,0.20124,0.23951,0.09998,0.21964,0.17435,0.23789,0.24668,0.24270
2877,5.76808,0.23949,0.20501,6.45887,0.22932,0.24333,0.89324,0.24298,0.23235,5.79888,0.35702,6.27884,6.27822,0.18804,0.21634,6.42403,0.21275,0.18904,0.18726,0.20976,0.22376,0.19879,0.23958,0.10000,0.21674,0.16513,0.23720,0.24645,0.24255
2878,5.68994,0.23923,0.20361,6.46529,0.22946,0.24287,0.21684,0.24233,0.23112,5.86874,0.33527,6.30249,6.24174,0.18865,0.21556,6.43005,0.20899,0.18588,0.18721,0.20733,0.22550,0.19429,0.24012,0.09999,0.21767,0.16121,0.23653,0.24623,0.24235
2879,5.79346,0.23925,0.20315,6.46911,0.22975,0.24203,0.21562,0.24168,0.23188,5.80782,0.32166,6.28009,6.26072,0.18465,0.21625,6.43109,0.20749,0.18445,0.18818,0.20182,0.22380,0.18927,0.23892,0.09999,0.21605,0.16020,0.23630,0.24576,0.24214
2880,5.70357,0.23900,0.20194,6.46991,0.23004,0.24142,0.20759,0.24103,0.23178,5.78544,0.30913,6.23585,6.23086,0.18040,0.21644,6.42715,0.20903,0.18582,0.18618,0.20310,0.22273,0.19001,0.23836,0.10000,0.21421,0.16274,0.23637,0.24527,0.24192
2881,5.69306,0.23737,0.20263,6.48149,0.23272,0.24123,0.21507,0.24027,0.23080,5.77950,0.30082,6.27962,6.24464,0.18120,0.21041,6.44521,0.20573,0.18166,0.18085,0.20154,0.21814,0.18929,0.23398,0.10003,0.22036,0.17344,0.23641,0.24441,0.24152
2882,5.43236,0.23539,0.20436,6.49523,0.23511,0.24159,0.20222,0.23946,0.23115,5.78001,0.28673,6.29625,6.15996,0.19584,0.20941,6.46309,0.20119,0.17683,0.18270,0.19815,0.22024,0.18401,0.23506,0.10006,0.22533,0.18075,0.23798,0.24346,0.24090
2883,5.50006,0.23561,0.20513,6.49543,0.23494,0.24158,0.21318,0.23904,0.23208,5.62365,0.27683,6.28990,6.27682,0.19553,0.21177,6.45913,0.19979,0.18061,0.19080,0.19411,0.22096,0.18132,0.23508,0.10006,0.22457,0.18261,0.23902,0.24292,0.24038
2884,6.02034,0.23588,0.20609,6.49791,0.23513,0.24119,4.26509,0.23829,0.23112,5.69800,1.06356,6.32619,6.47936,0.19060,0.20374,6.46670,0.19196,0.18310,0.19074,0.21808,0.21485,0.23167,0.22958,0.10004,0.22062,0.18099,0.23896,0.24257,0.23996
2885,6.43333,0.23596,0.20646,6.51448,0.23537,0.24072,6.48373,0.23644,0.22917,6.07056,4.48227,6.38524,6.51466,0.18722,0.19519,6.48786,0.19963,0.19515,0.18820,0.97351,0.20733,1.20520,0.22298,0.10002,0.21687,0.17710,0.23884,0.24220,0.23963
2886,6.51366,0.23590,0.20540,6.52364,0.23499,0.24037,5.52425,0.23528,0.22832,6.36448,2.87961,6.42332,6.52306,0.18663,0.19480,6.50213,0.19756,0.19270,0.18716,0.61582,0.20552,0.62969,0.22246,0.10000,0.21684,0.17076,0.23883,0.24191,0.23932
2887,6.42161,0.23585,0.20340,6.52472,0.23369,0.23979,1.07258,0.23500,0.22823,6.42449,0.47826,6.39216,6.41228,0.18627,0.19958,6.49397,0.19159,0.18619,0.18604,0.19549,0.20995,0.19366,0.22816,0.09999,0.21591,0.16829,0.23849,0.24170,0.23900
2888,6.01114,0.23606,0.20204,6.50908,0.23142,0.23889,0.22477,0.23457,0.22840,6.23420,0.32035,6.34458,6.30628,0.18253,0.20466,6.45918,0.19467,0.18460,0.18504,0.19064,0.21756,0.18673,0.23116,0.09996,0.21410,0.17155,0.23743,0.24136,0.23875
2889,5.91237,0.23653,0.20207,6.46896,0.22834,0.23734,3.35404,0.23360,0.22628,5.95045,1.87706,6.33045,6.40124,0.18179,0.20490,6.43096,0.23272,0.22324,0.18632,0.76371,0.21882,0.80593,0.23025,0.09991,0.20692,0.17210,0.23537,0.24071,0.23861
2890,6.23559,0.23639,0.20453,6.44439,0.22716,0.23602,6.48104,0.22950,0.21395,6.11800,6.02342,6.42192,6.46940,0.39458,2.62497,6.41499,5.49744,5.34068,2.34709,6.38257,0.34803,6.36418,0.21815,0.09994,0.19558,0.16009,0.23187,0.23927,0.23884
2891,6.45233,0.23547,0.20578,6.46274,0.22512,0.23641,6.46758,0.22691,0.20880,6.33991,6.09216,6.46084,6.47803,1.43143,5.21319,6.43480,6.43216,6.42157,5.22690,6.46250,1.14349,6.45661,0.21959,0.09996,0.21852,0.15887,0.22998,0.23831,0.23891
2892,6.48449,0.23517,0.20796,6.45039,0.22133,0.23542,6.45398,0.22880,0.20923,6.45129,6.11809,6.45357,6.47759,1.44976,3.96434,6.42168,6.22025,6.21342,4.56389,6.43249,0.85477,6.42538,0.22934,0.09992,0.23560,0.16417,0.22863,0.23678,0.23875
2893,6.48389,0.23519,0.21247,6.43589,0.21619,0.23447,6.46690,0.22781,0.21235,6.41261,6.17466,6.44016,6.45663,2.76858,5.54069,6.43837,6.41310,6.40192,5.63636,6.45208,2.03857,6.44768,0.33738,0.09992,0.41406,0.18235,0.22689,0.23532,0.23850
2894,6.47012,0.23397,0.21255,6.45831,0.21677,0.23433,6.44980,0.23385,0.22636,6.42211,6.17774,6.42005,6.44556,2.40445,4.06161,6.46221,6.12055,6.20137,5.06012,6.40148,1.24881,6.40168,0.28384,0.10004,0.38986,0.23050,0.22561,0.23332,0.23817
2895,6.44645,0.23138,0.21001,6.48333,0.22070,0.23447,6.37836,0.23903,0.24664,6.35627,6.06260,6.39487,6.45715,2.07224,2.49270,6.48868,4.94178,5.55886,4.25873,5.96707,0.72548,6.06706,0.26642,0.10006,0.39903,0.30328,0.22681,0.23144,0.23774
2896,6.36611,0.22910,0.21033,6.50844,0.22109,0.23481,5.01224,0.24092,0.25676,6.15280,4.46395,6.38014,6.43956,0.92727,0.91536,6.50603,2.17052,3.69495,2.44663,3.41621,0.34184,4.20675,0.25476,0.10031,0.31472,0.26592,0.23326,0.22983,0.23704
2897,6.22828,0.22698,0.21102,6.50810,0.22162,0.23668,5.02081,0.24306,0.26276,6.08846,4.06924,6.37777,6.46265,0.81623,0.77226,6.49871,1.97550,2.81737,1.62388,3.08057,0.35707,3.52193,0.25485,0.10027,0.31671,0.25124,0.24397,0.22911,0.23553
2898,6.25542,0.22477,0.21109,6.49949,0.22912,0.23867,6.49588,0.24610,0.29328,6.13232,6.24624,6.39264,6.49360,1.20849,2.11636,6.49194,4.63026,4.40279,2.45455,6.20400,0.57757,6.10016,0.27037,0.10004,0.44942,0.32076,0.25600,0.22931,0.23380
2899,6.29026,0.22387,0.21146,6.49989,0.23401,0.24175,6.29263,0.25041,0.31681,6.13559,5.64604,6.39913,6.49020,1.08043,1.26974,6.49194,3.29964,3.15224,1.93375,4.80341,0.44886,4.54896,0.27609,0.10004,0.41373,0.30219,0.26926,0.23005,0.23261
2900,6.37023,0.22371,0.21162,6.50489,0.23958,0.24844,6.49402,0.26707,0.35324,6.21036,6.26816,6.43303,6.49923,1.55909,3.22392,6.49122,5.29823,5.02576,3.03904,6.15464,1.03858,6.12979,0.33681,0.10003,0.60102,0.31844,0.28886,0.23277,0.23177
2901,6.44295,0.22480,0.21121,6.51509,0.23663,0.25280,6.45232,0.28270,0.37890,6.29682,6.25878,6.47532,6.50886,1.73893,4.05423,6.50137,5.78354,5.61263,3.84656,6.23327,1.53688,6.19819,0.42080,0.10006,0.67682,0.30079,0.28937,0.23409,0.23152
2902,6.45346,0.22569,0.21047,6.52421,0.22942,0.26478,5.20291,0.28220,0.37564,6.35459,4.74167,6.48398,6.49432,0.79798,1.56977,6.49909,3.05877,3.03849,1.84395,4.02074,0.59429,3.97368,0.32861,0.10005,0.45853,0.24514,0.27885,0.23585,0.23179
2903,6.42145,0.22643,0.20938,6.50789,0.22681,0.27694,4.56535,0.29437,0.37233,6.36607,4.04931,6.48966,6.48485,0.65325,1.36824,6.47645,2.59108,2.33356,1.40911,3.31805,0.54361,3.20794,0.32654,0.10001,0.40977,0.23372,0.27739,0.24030,0.23207
2904,6.29915,0.22733,0.20842,6.49890,0.22468,0.27824,3.22713,0.30344,0.34851,6.39272,2.90715,6.49283,6.41567,0.42351,0.94642,6.47521,1.80367,1.43817,0.87123,2.24706,0.47428,2.08671,0.33376,0.09998,0.37319,0.23275,0.25685,0.24671,0.23249
2905,6.28410,0.22844,0.20790,6.49508,0.22357,0.28360,6.31016,0.30915,0.33947,6.37610,5.28254,6.47734,6.48729,0.49894,1.20490,6.46710,1.99602,1.75280,0.99487,3.41620,0.50649,3.40259,0.33836,0.09998,0.34489,0.22009,0.26829,0.25014,0.23409
2906,6.37768,0.22740,0.20766,6.45925,0.23581,0.28624,6.48941,0.30062,0.32837,6.32592,6.26473,6.43094,6.48706,0.69383,1.41779,6.41980,3.26001,2.77293,1.33090,5.69394,0.51618,5.52634,0.32176,0.10017,0.36642,0.24987,0.30740,0.24806,0.23506
2907,6.42220,0.22654,0.20696,6.42686,0.24650,0.28876,6.48411,0.29426,0.32872,6.32594,6.29650,6.41608,6.45750,0.78267,1.54428,6.40059,3.79019,3.05223,1.45153,5.98446,0.52709,5.65317,0.31828,0.10000,0.38682,0.23455,0.32090,0.25020,0.23544
2908,6.43981,0.22679,0.20651,6.43626,0.25105,0.29203,6.44233,0.29232,0.33636,6.36528,6.33762,6.44009,6.43779,0.90613,2.31112,6.41059,5.16892,4.49544,1.94616,6.39051,0.61513,6.31759,0.31844,0.10006,0.41854,0.23632,0.32107,0.25325,0.23603
2909,6.43716,0.22549,0.20922,6.44033,0.28344,0.28710,6.42714,0.28604,0.35006,6.36032,6.32866,6.44562,6.44197,1.21155,2.86813,6.40997,5.80000,5.66195,2.98345,6.40167,0.72361,6.38553,0.31956,0.10006,0.47601,0.29254,0.32795,0.25684,0.23557
2910,6.43686,0.22521,0.20927,6.44797,0.28000,0.28875,5.69236,0.28445,0.34867,6.41730,5.21410,6.45799,6.43325,0.74332,1.27502,6.41371,2.95692,3.16716,1.67045,4.28662,0.48012,4.41756,0.30804,0.10001,0.39758,0.23457,0.32358,0.25587,0.23531
2911,6.36107,0.22635,0.20824,6.46040,0.26432,0.29665,4.68869,0.29041,0.34613,6.38945,3.73158,6.45732,6.42781,0.51685,0.85467,6.40960,1.75588,1.97402,1.12296,2.66227,0.41342,2.82215,0.30804,0.10001,0.35767,0.21723,0.31134,0.25747,0.23582
2912,6.39155,0.22773,0.20648,6.44582,0.25882,0.29971,5.93985,0.29302,0.34460,6.34008,4.22921,6.45183,6.46704,0.53213,1.02706,6.39131,2.03080,2.13141,1.18503,3.04376,0.45674,3.12949,0.32239,0.10000,0.34232,0.20350,0.30786,0.26125,0.23638
2913,6.45610,0.22880,0.20496,6.47147,0.25306,0.29894,5.90216,0.29744,0.33695,6.40023,4.35139,6.48766,6.47441,0.50103,1.04438,6.41888,2.00810,2.13663,1.15990,3.05729,0.47224,3.16260,0.33769,0.09996,0.33215,0.19343,0.30222,0.26346,0.23644
2914,6.48176,0.22959,0.20403,6.51484,0.24791,0.29869,6.19779,0.30130,0.33258,6.45165,4.98018,6.51528,6.50967,0.50147,1.14673,6.44400,2.18958,2.26758,1.20779,3.40315,0.50720,3.49340,0.35383,0.09992,0.32132,0.18222,0.29818,0.26550,0.23655
2915,6.48618,0.22959,0.20257,6.51285,0.24625,0.29751,3.96719,0.29960,0.32905,6.48473,3.25739,6.51911,6.48899,0.40018,0.85301,6.42301,1.55475,1.68583,0.94701,2.26613,0.43930,2.37533,0.35120,0.09997,0.31213,0.17447,0.29678,0.26425,0.23633
2916,6.41684,0.22936,0.20081,6.49777,0.24687,0.29610,3.62626,0.30014,0.32324,6.49523,2.86805,6.51959,6.49988,0.38035,0.75778,6.41912,1.36729,1.52071,0.86594,1.98744,0.41505,2.09457,0.34915,0.09998,0.30138,0.16641,0.29828,0.26332,0.23620
2917,6.45714,0.23021,0.20171,6.49857,0.24360,0.29541,6.30592,0.31300,0.31168,6.47061,4.96362,6.51452,6.52511,0.50260,1.06427,6.43508,2.08890,2.18495,1.15052,3.64127,0.50618,3.72474,0.36248,0.10000,0.29668,0.16090,0.29911,0.26548,0.23678
2918,6.51416,0.23101,0.20773,6.52388,0.24209,0.29928,6.52360,0.33530,0.28617,6.48658,6.34678,6.51364,6.52369,0.76460,1.92927,6.49855,4.70333,4.96890,1.99137,6.32105,0.79931,6.37984,0.40417,0.10003,0.33509,0.18683,0.29252,0.26664,0.23800
2919,6.47065,0.22899,0.20968,6.52580,0.24580,0.29505,4.35151,0.33133,0.27170,6.51053,3.84767,6.50262,6.42506,0.45971,0.92838,6.52872,1.71109,2.02739,0.98974,2.67409,0.49939,3.04900,0.37008,0.10002,0.30867,0.19327,0.28526,0.26140,0.23778
2920,5.85171,0.22762,0.20600,6.51473,0.25512,0.28197,1.23116,0.30923,0.28107,6.46288,1.38098,6.44541,6.09379,0.32824,0.45134,6.47538,0.63189,0.72506,0.47841,0.82939,0.37281,0.91182,0.33861,0.10003,0.27776,0.17729,0.29011,0.25498,0.23643
2921,5.60605,0.22833,0.20797,6.46370,0.27352,0.27329,4.55299,0.28790,0.26956,6.41732,3.33608,6.40462,6.30881,0.36381,0.46223,6.42030,0.93289,0.95655,0.49345,2.22164,0.36451,2.26405,0.31904,0.10001,0.27569,0.19798,0.29248,0.25735,0.23603
2922,5.98635,0.23046,0.21317,6.49904,0.27609,0.26716,6.47421,0.28878,0.26391,6.17982,6.20477,6.70670,6.45473,0.41237,0.70525,6.57427,3.14392,3.27757,0.72868,5.91679,0.38809,5.91712,0.32366,0.10002,0.28461,0.20244,0.28360,0.26068,0.23597
2923,6.36830,0.23171,0.21465,6.89357,0.27909,0.26472,5.61895,0.27033,0.26435,6.71070,4.61469,7.01897,6.52594,0.38708,0.47054,7.14798,1.03616,1.41047,0.57158,2.79977,0.34765,3.06637,0.30139,0.10005,0.27021,0.20014,0.27768,0.26272,0.23567
2924,6.81814,0.23230,0.21590,7.26299,0.27836,0.26447,1.68907,0.25950,0.26100,7.07548,1.47916,7.12749,6.67818,0.33192,0.36246,7.30082,0.47201,0.60895,0.44754,0.69398,0.30440,0.84265,0.27148,0.10002,0.25233,0.19655,0.27546,0.26342,0.23529
2925,6.91526,0.23484,0.21860,7.30231,0.27561,0.26262,5.59196,0.25541,0.24990,6.95371,4.36766,7.09276,7.05411,0.33916,0.36834,7.24946,0.81372,0.84837,0.42654,2.88757,0.29413,2.94644,0.25939,0.10010,0.25119,0.20545,0.26933,0.26449,0.23610
2926,6.94075,0.23882,0.22100,7.24555,0.26749,0.25960,7.25479,0.25832,0.24563,6.95687,6.95948,7.15193,7.21440,0.58871,3.25967,7.21948,6.48399,6.37416,2.92585,7.16864,0.53537,7.15665,0.28690,0.10001,0.28970,0.21134,0.26244,0.26518,0.23832
2927,7.14583,0.23940,0.21843,7.23908,0.26237,0.25990,7.09158,0.25776,0.24808,7.02236,6.71778,7.20178,7.25072,0.49471,1.92704,7.22250,4.94040,5.01319,2.06367,6.37464,0.41390,6.39956,0.27900,0.10001,0.26769,0.18945,0.26198,0.26462,0.23887
2928,7.18696,0.23895,0.21487,7.22336,0.26154,0.26019,5.59661,0.25603,0.24957,7.07559,4.89217,7.16282,7.19009,0.36420,0.68786,7.20418,2.07496,2.47186,0.96970,3.65500,0.31222,3.87893,0.26461,0.09999,0.24295,0.17125,0.26032,0.26411,0.23989
2929,6.93874,0.23735,0.21295,7.22030,0.26027,0.26021,2.15370,0.25570,0.24913,6.90960,1.99365,7.07254,6.93691,0.26620,0.34954,7.20445,0.62407,0.87029,0.46219,1.07708,0.26929,1.30416,0.25586,0.09998,0.22606,0.17020,0.25970,0.26271,0.24037
2930,6.63854,0.23614,0.21400,7.24498,0.25988,0.25930,5.15848,0.25455,0.23945,6.66260,2.54009,7.00716,7.01633,0.26917,0.31605,7.23515,0.50635,0.61477,0.39719,0.85559,0.26100,0.92654,0.25168,0.09994,0.21694,0.16881,0.25647,0.26112,0.24086
2931,6.70762,0.23551,0.21230,7.27457,0.25832,0.25819,6.96145,0.25302,0.23217,6.63570,5.26604,7.04718,7.20032,0.28411,0.37155,7.24415,0.79884,0.83131,0.43180,2.66400,0.26572,2.80838,0.25018,0.09988,0.21575,0.16001,0.25368,0.26005,0.24145
2932,6.89487,0.23707,0.21121,7.28535,0.25225,0.25661,7.24819,0.25076,0.22708,6.67237,6.94193,7.13102,7.27147,0.33914,0.98607,7.23901,4.45853,4.33106,0.91062,6.91956,0.31788,6.90742,0.25264,0.09994,0.22231,0.15418,0.25134,0.25912,0.24302
2933,6.94906,0.23616,0.20894,7.27743,0.24891,0.25687,3.81728,0.25181,0.22991,6.66969,3.19506,7.06865,7.13590,0.24960,0.38091,7.21626,0.91367,1.02291,0.42654,1.93305,0.26259,2.05916,0.24796,0.09997,0.20774,0.15643,0.25162,0.25720,0.24282
2934,6.75918,0.23449,0.20822,7.19899,0.24955,0.25580,4.51157,0.25138,0.22103,6.65828,1.90796,6.97122,7.06508,0.24273,0.29638,7.11405,0.45995,0.51042,0.33894,0.75006,0.25062,0.79036,0.24511,0.09997,0.19811,0.15360,0.24601,0.25521,0.24338
2935,6.61750,0.23303,0.20694,7.11971,0.24822,0.25524,1.41320,0.25169,0.21908,6.57288,1.01147,6.95316,6.90166,0.21879,0.26894,7.04385,0.35087,0.39554,0.29299,0.48236,0.24502,0.50994,0.24492,0.09999,0.19220,0.14922,0.24370,0.25376,0.24322
2936,6.09296,0.23313,0.20589,7.08574,0.24207,0.25306,0.34269,0.25111,0.22061,6.47774,0.58062,6.89083,6.61255,0.18313,0.24147,7.02663,0.25566,0.26585,0.22682,0.27610,0.23856,0.29169,0.24388,0.10002,0.18989,0.15857,0.24419,0.25213,0.24412
2937,6.13727,0.23249,0.20574,7.04442,0.24115,0.25114,4.89429,0.24859,0.21250,6.06029,2.96061,6.72709,6.79525,0.18943,0.23926,6.95736,0.26095,0.25842,0.22216,0.89170,0.23600,0.94864,0.24142,0.10001,0.18625,0.14994,0.23829,0.25027,0.24476
2938,6.28003,0.23061,0.20527,6.96706,0.24143,0.25021,5.04840,0.24723,0.20476,5.86405,3.23652,6.67128,6.93939,0.19264,0.23851,6.89349,0.26594,0.26099,0.22532,0.93847,0.23510,0.95480,0.23967,0.10001,0.18122,0.14083,0.23233,0.24889,0.24442
2939,6.20420,0.23075,0.20329,6.96155,0.23828,0.24742,2.32276,0.24597,0.20519,5.67798,0.85623,6.68037,6.74743,0.17638,0.23243,6.88094,0.23707,0.22818,0.20843,0.25571,0.23252,0.25807,0.23834,0.10001,0.17788,0.14559,0.23285,0.24821,0.24451
2940,6.09803,0.23028,0.20181,6.95279,0.23734,0.24535,5.61058,0.24380,0.19801,5.38593,2.16280,6.64267,6.91476,0.18541,0.23278,6.87515,0.23929,0.23297,0.21398,0.39433,0.23100,0.42395,0.23603,0.10001,0.17388,0.13813,0.22707,0.24742,0.24437
2941,6.43868,0.22899,0.20118,6.95131,0.23549,0.24493,6.89403,0.24332,0.19255,6.12523,5.81970,6.74422,6.96474,0.19308,0.23399,6.84591,0.41931,0.37531,0.22144,2.87342,0.22948,2.87480,0.23468,0.10001,0.17136,0.13489,0.22155,0.24616,0.24393
2942,6.39479,0.22610,0.20321,6.87283,0.22715,0.24474,5.20192,0.24370,0.18847,6.14685,2.67367,6.73109,6.87537,0.20134,0.23047,6.79210,0.29073,0.26766,0.22260,0.88380,0.23133,0.76459,0.23386,0.10002,0.17575,0.14591,0.21808,0.24285,0.24249
2943,6.53149,0.22504,0.20492,6.83693,0.21698,0.24414,6.79200,0.24081,0.18361,6.48799,5.85433,6.77078,6.79257,0.21738,0.42835,6.77967,2.14620,2.04213,0.39517,4.67752,0.23007,4.67476,0.23052,0.10001,0.18731,0.14969,0.21449,0.23979,0.24101
2944,6.68876,0.22464,0.20552,6.88709,0.21111,0.24376,6.78015,0.23766,0.18690,6.63802,6.39637,6.89323,6.83918,0.23188,1.00219,6.82387,4.45022,4.57234,0.95638,6.29394,0.23518,6.34237,0.22581,0.10001,0.18771,0.14400,0.21739,0.23790,0.24009
2945,6.76527,0.22162,0.20134,6.87520,0.21091,0.24157,4.00165,0.24081,0.19308,6.73196,3.14977,6.82153,6.77392,0.21250,0.28008,6.78253,0.74344,0.99704,0.32977,1.79894,0.22561,2.07631,0.23092,0.10000,0.18136,0.14219,0.22185,0.23450,0.23846
2946,6.82278,0.21889,0.19857,6.85564,0.21164,0.23944,1.35628,0.23927,0.19064,6.68827,1.20899,6.76043,6.66797,0.21333,0.23073,6.78652,0.29544,0.40660,0.26367,0.52753,0.22847,0.64842,0.23281,0.10000,0.18115,0.14127,0.22218,0.23223,0.23652
2947,6.74866,0.21770,0.19674,6.85369,0.21103,0.23820,0.52830,0.23788,0.19264,6.63997,0.69142,6.70668,6.49760,0.20545,0.22700,6.74667,0.23940,0.29188,0.23747,0.28726,0.22937,0.34303,0.23215,0.10000,0.17661,0.13426,0.22316,0.23063,0.23527
2948,6.55961,0.21613,0.19459,6.83108,0.21188,0.23720,0.29321,0.23601,0.19181,6.63485,0.53294,6.69917,6.45190,0.19732,0.22717,6.71807,0.22780,0.24462,0.22202,0.23798,0.22889,0.25918,0.23096,0.10000,0.17121,0.13074,0.22402,0.22965,0.23436
2949,6.21388,0.21604,0.19259,6.83279,0.20973,0.23611,0.25201,0.23473,0.19652,6.44719,0.47287,6.67517,6.34174,0.17192,0.22415,6.72313,0.22494,0.22224,0.20695,0.22726,0.22302,0.23096,0.22939,0.09996,0.16899,0.13426,0.22424,0.22939,0.23384
2950,5.82458,0.21830,0.19164,6.84412,0.20564,0.23347,1.81688,0.23188,0.20127,6.08816,0.75312,6.57706,6.50965,0.15495,0.21852,6.74665,0.21972,0.20752,0.18915,0.23413,0.21306,0.23367,0.22497,0.09998,0.17075,0.14430,0.22148,0.22990,0.23353
2951,5.73691,0.22046,0.19224,6.87697,0.20251,0.23056,6.70331,0.22815,0.19422,5.00228,5.62327,6.40894,6.73407,0.16507,0.21750,6.77540,0.40145,0.37903,0.19917,2.93537,0.20917,2.97531,0.21689,0.09998,0.16488,0.14369,0.21765,0.22950,0.23309
2952,5.49746,0.22110,0.19189,6.90789,0.20083,0.22840,6.12559,0.22654,0.19035,4.35780,4.10381,6.33748,6.84285,0.16506,0.21670,6.77450,0.36179,0.34845,0.19847,1.65289,0.20578,1.70258,0.21539,0.09995,0.16459,0.14101,0.21407,0.22772,0.23245
2953,5.34919,0.22140,0.19166,6.87210,0.19842,0.22631,4.54147,0.22527,0.18895,4.08026,3.07561,6.29817,6.83527,0.16059,0.21253,6.76226,0.35954,0.34611,0.19494,1.31717,0.20123,1.36364,0.21362,0.09989,0.16419,0.13764,0.21128,0.22619,0.23178
2954,5.00437,0.21900,0.18851,6.84134,0.20247,0.22574,2.81620,0.22589,0.18660,4.36622,0.96925,6.30002,6.64671,0.16453,0.20215,6.75981,0.22210,0.21378,0.18537,0.30607,0.20436,0.30814,0.21700,0.09996,0.16557,0.13830,0.20853,0.22226,0.23050
2955,5.22879,0.21647,0.19006,6.82450,0.20375,0.22569,6.66162,0.22439,0.17767,5.09734,5.62506,6.38660,6.58313,0.17721,0.23032,6.74648,1.08506,1.05868,0.21969,4.18253,0.20016,4.19875,0.21351,0.10001,0.16501,0.13517,0.20363,0.21816,0.22865
2956,5.72267,0.21649,0.19159,6.83216,0.19950,0.22503,5.80885,0.22382,0.17771,5.38949,4.44528,6.54764,6.73200,0.16950,0.21828,6.75039,0.60509,0.66647,0.21132,2.43306,0.19716,2.58466,0.20987,0.09999,0.15989,0.12771,0.20334,0.21685,0.22750
2957,6.18223,0.21737,0.19208,6.94322,0.19603,0.22378,5.61266,0.21875,0.17586,5.67087,3.57489,6.75135,6.85338,0.16081,0.21081,6.83345,0.39083,0.50228,0.20753,1.46174,0.19014,1.67412,0.20200,0.10001,0.15834,0.12287,0.20365,0.21790,0.22767
2958,6.48678,0.21479,0.18896,6.96031,0.19786,0.22315,2.42736,0.22088,0.17372,5.94685,1.39107,6.76320,6.77887,0.16380,0.19598,6.81357,0.24738,0.29676,0.19543,0.49571,0.18750,0.58144,0.20400,0.10000,0.15550,0.11785,0.20261,0.21616,0.22697
2959,6.54474,0.21361,0.18832,6.94144,0.19605,0.22255,1.65369,0.21963,0.17137,6.29220,0.96842,6.82874,6.67429,0.16091,0.18978,6.82984,0.22496,0.26277,0.19015,0.36678,0.18544,0.42105,0.20246,0.10001,0.15611,0.11377,0.20229,0.21548,0.22667
2960,5.80102,0.21199,0.18520,7.00280,0.19638,0.22127,0.25021,0.22164,0.17354,6.41495,0.45907,6.80746,6.34111,0.15596,0.18205,6.86993,0.18543,0.18847,0.17034,0.19704,0.19243,0.20507,0.20858,0.10000,0.15640,0.11141,0.20468,0.21452,0.22657
2961,5.35785,0.21047,0.18274,6.91386,0.19527,0.21989,0.19389,0.22248,0.18113,6.33380,0.38311,6.65053,5.92139,0.15140,0.18770,6.77424,0.18014,0.16904,0.16221,0.17901,0.20029,0.17562,0.21495,0.10000,0.15553,0.11362,0.20715,0.21349,0.22617
2962,5.24443,0.21193,0.18442,6.82466,0.19018,0.21767,0.26029,0.21961,0.19000,5.42200,0.31632,6.22173,6.15588,0.14903,0.19642,6.71720,0.18656,0.16058,0.15701,0.17957,0.20682,0.16601,0.21499,0.09995,0.16071,0.13275,0.20683,0.21271,0.22429
2963,4.83697,0.20928,0.18398,6.76309,0.19421,0.21630,3.09503,0.21591,0.17887,3.84305,0.87760,6.01973,6.45207,0.15981,0.19868,6.62284,0.18400,0.16658,0.16767,0.21999,0.20470,0.22055,0.20953,0.09994,0.16277,0.13686,0.20330,0.20982,0.22160
2964,4.68213,0.20581,0.18410,6.65626,0.19709,0.21441,6.71811,0.21364,0.17193,4.09669,5.91191,6.05871,6.47722,0.16901,0.19554,6.58425,0.96483,0.69452,0.17820,4.42391,0.20214,4.07362,0.20849,0.09997,0.16583,0.14019,0.19519,0.20765,0.21905
2965,4.52847,0.20333,0.18477,6.66253,0.19431,0.21233,6.62006,0.21170,0.16887,4.03627,6.18866,6.09433,6.29621,0.17669,0.38436,6.61637,2.83316,1.93428,0.30085,5.80297,0.20167,5.51096,0.20670,0.09999,0.16846,0.13802,0.18941,0.20605,0.21637
2966,5.03391,0.20244,0.18360,6.72499,0.19090,0.21106,6.53826,0.21067,0.16751,4.86149,5.70466,6.26492,6.43679,0.17836,0.30668,6.66881,1.76764,1.47539,0.29534,4.41080,0.20305,4.06641,0.20523,0.10001,0.16267,0.12648,0.18760,0.20528,0.21497
2967,5.57673,0.20220,0.18139,6.76944,0.18942,0.21000,4.12974,0.21034,0.16817,5.32346,3.23021,6.49313,6.57313,0.16131,0.24182,6.68267,0.79010,0.73408,0.23317,2.00137,0.19937,1.92426,0.20450,0.10001,0.15523,0.12030,0.18788,0.20533,0.21475
2968,5.55266,0.20270,0.18052,6.77785,0.18650,0.20712,0.38037,0.20929,0.17402,5.73593,0.53637,6.52545,6.26663,0.14121,0.19228,6.68886,0.20062,0.19120,0.16421,0.22839,0.19491,0.23125,0.20382,0.09999,0.15253,0.12394,0.19123,0.20551,0.21402
2969,5.53627,0.20243,0.17903,6.79632,0.18594,0.20496,0.20151,0.20715,0.17380,5.64334,0.37684,6.43278,6.25923,0.14599,0.18949,6.71041,0.18622,0.16456,0.15474,0.18252,0.19565,0.17118,0.20174,0.10000,0.15392,0.12776,0.19135,0.20419,0.21262
2970,5.40646,0.19945,0.17671,6.80208,0.18759,0.20466,1.61889,0.20551,0.16756,5.00283,0.56024,6.31640,6.37995,0.15812,0.19104,6.66940,0.18670,0.16684,0.15976,0.18754,0.19789,0.17920,0.19952,0.09999,0.15285,0.12705,0.18952,0.20174,0.21165
2971,5.45294,0.19597,0.17577,6.74553,0.18752,0.20361,5.76103,0.20338,0.16100,4.97214,2.91539,6.35338,6.65149,0.16413,0.19179,6.60554,0.18444,0.17388,0.17100,0.50607,0.19594,0.50506,0.19835,0.09999,0.15848,0.12976,0.18376,0.19979,0.21023
2972,5.70228,0.19541,0.17507,6.70714,0.18519,0.20225,6.72795,0.20145,0.15861,5.38799,5.97300,6.44701,6.71222,0.16720,0.24219,6.53904,1.66585,1.55501,0.21783,4.97041,0.19231,4.97712,0.19751,0.09999,0.15807,0.12459,0.17954,0.19932,0.20880
2973,6.15703,0.19655,0.17570,6.65895,0.18101,0.19971,4.49372,0.20099,0.16207,5.71690,2.71941,6.52657,6.66639,0.15504,0.19790,6.53440,0.43764,0.42818,0.18408,1.36616,0.18961,1.38216,0.19647,0.09999,0.15071,0.12526,0.18155,0.19913,0.20785
2974,6.08200,0.19716,0.17595,6.65181,0.17820,0.19752,1.46681,0.20050,0.16466,5.71537,0.91368,6.52952,6.38221,0.15012,0.18822,6.58794,0.22731,0.21573,0.17004,0.38696,0.18939,0.37246,0.19513,0.09996,0.14878,0.12728,0.18193,0.19745,0.20648
2975,5.98996,0.19525,0.17541,6.70338,0.17930,0.19663,3.91927,0.19811,0.16006,6.03464,2.26448,6.54552,6.34822,0.15947,0.18691,6.63697,0.19457,0.18576,0.17274,0.54797,0.18859,0.54257,0.19249,0.10000,0.15437,0.13042,0.17905,0.19303,0.20430
2976,6.28601,0.19267,0.17531,6.71259,0.17767,0.19639,6.49778,0.19561,0.15597,6.29036,5.94164,6.60175,6.57998,0.17699,0.70700,6.63452,3.59425,3.37289,0.58594,5.66765,0.18815,5.64712,0.19058,0.10000,0.15802,0.12606,0.17422,0.19095,0.20245
2977,6.40402,0.19220,0.17515,6.75595,0.17513,0.19583,6.50845,0.19560,0.15726,6.45448,5.94324,6.67676,6.68805,0.17522,0.62244,6.64291,3.16765,2.96821,0.55936,5.43529,0.18682,5.39788,0.18912,0.09998,0.15190,0.12053,0.17522,0.19024,0.20145
2978,6.46906,0.19152,0.17380,6.72906,0.17422,0.19414,6.03909,0.19497,0.15725,6.39928,5.12733,6.63322,6.72307,0.17375,0.42408,6.62549,2.01625,1.69933,0.41424,4.04008,0.18732,3.76912,0.18965,0.10000,0.14715,0.11964,0.17497,0.19016,0.20068
2979,6.35433,0.18867,0.17207,6.74086,0.17341,0.19303,6.65883,0.19353,0.15351,6.05674,6.05273,6.56619,6.67942,0.23035,0.77646,6.65652,3.03629,2.52195,0.71342,5.20245,0.19635,5.12245,0.18917,0.10001,0.15447,0.12456,0.17283,0.18914,0.19977
2980,6.26943,0.18553,0.17072,6.77716,0.17076,0.19206,5.77083,0.19336,0.15587,6.17473,4.85905,6.61255,6.65775,0.24734,0.48376,6.67904,1.86835,1.92802,0.63970,3.68292,0.19742,3.50438,0.18876,0.09999,0.15739,0.12712,0.17220,0.18712,0.19880
2981,6.33199,0.18520,0.17047,6.78335,0.16798,0.19104,1.98839,0.19317,0.16040,6.29729,1.72996,6.63905,6.48872,0.18550,0.22876,6.66474,0.46431,0.68694,0.32967,0.91572,0.18736,1.08724,0.18947,0.09999,0.15109,0.11983,0.17388,0.18576,0.19787
2982,6.00840,0.18652,0.17075,6.75825,0.16633,0.18925,0.45806,0.19186,0.16297,6.16478,0.65148,6.61768,6.31478,0.15004,0.18780,6.66975,0.21661,0.28131,0.19955,0.27379,0.18229,0.34510,0.18903,0.09997,0.14630,0.11965,0.17473,0.18551,0.19672
2983,5.73199,0.18678,0.16977,6.79774,0.16553,0.18788,0.40814,0.19067,0.16287,6.04678,0.49021,6.51339,6.33205,0.14102,0.17949,6.71485,0.18826,0.20428,0.16767,0.20589,0.18126,0.22806,0.18725,0.09995,0.14372,0.11835,0.17472,0.18501,0.19568
2984,5.78912,0.18709,0.16918,6.87982,0.16510,0.18644,3.10204,0.18891,0.16088,5.68393,0.50958,6.55453,6.69757,0.13631,0.17779,6.76349,0.18789,0.19718,0.16379,0.20989,0.17632,0.22180,0.18281,0.09995,0.13966,0.11662,0.17362,0.18518,0.19526
2985,6.07406,0.18772,0.16914,6.96040,0.16511,0.18480,0.27870,0.18713,0.16197,5.57607,0.41729,6.59592,6.72047,0.12900,0.17389,6.78331,0.18044,0.17597,0.15464,0.19129,0.16707,0.19648,0.18014,0.09998,0.14060,0.11750,0.17238,0.18538,0.19517
2986,5.58789,0.18767,0.16760,6.91027,0.16467,0.18421,0.19592,0.18676,0.16186,4.76978,0.36808,6.42773,6.42400,0.12995,0.16588,6.79569,0.17156,0.15921,0.14474,0.17500,0.16870,0.17008,0.18126,0.10000,0.14001,0.11691,0.17279,0.18447,0.19464
2987,5.15081,0.18726,0.16541,6.97337,0.16461,0.18368,0.17689,0.18659,0.16290,4.80739,0.33502,6.44442,6.46207,0.12703,0.16173,6.80552,0.16066,0.14470,0.13628,0.16294,0.17000,0.15507,0.18188,0.10000,0.14172,0.11676,0.17265,0.18432,0.19448
2988,5.45354,0.18661,0.16309,7.03166,0.16671,0.18213,0.62657,0.18487,0.16338,4.90384,0.31453,6.54564,6.78076,0.12248,0.15968,6.79940,0.15557,0.13645,0.13289,0.15513,0.16262,0.14643,0.17712,0.09998,0.14431,0.11654,0.17145,0.18534,0.19480
2989,6.22660,0.18671,0.16218,7.00590,0.16688,0.18134,1.58563,0.18310,0.16248,5.25947,0.30969,6.70529,6.90090,0.12222,0.15570,6.81814,0.15331,0.13608,0.13156,0.15253,0.15586,0.14632,0.16891,0.09999,0.14309,0.11361,0.17122,0.18544,0.19475
2990,5.78340,0.18656,0.16034,6.97788,0.16659,0.18114,0.15430,0.18291,0.16481,5.58329,0.26985,6.62508,6.48197,0.12812,0.15045,6.86290,0.14856,0.13043,0.12727,0.14728,0.15735,0.13676,0.17629,0.10001,0.14692,0.11380,0.17170,0.18576,0.19488
2991,5.39458,0.18674,0.15945,6.95287,0.16631,0.18011,0.14994,0.18229,0.16618,5.08096,0.25086,6.47699,6.51301,0.12838,0.15182,6.84807,0.14578,0.12780,0.12903,0.14326,0.16342,0.13279,0.17881,0.09999,0.14559,0.11661,0.17203,0.18573,0.19475
2992,5.26948,0.18709,0.16032,6.92206,0.16467,0.17971,3.38806,0.18148,0.16404,4.57866,1.38172,6.31714,6.64283,0.13151,0.15562,6.80354,0.14517,0.13100,0.13359,0.26990,0.16678,0.25729,0.17848,0.09996,0.14532,0.12376,0.17198,0.18442,0.19380
2993,4.75566,0.18586,0.16149,6.80852,0.16430,0.18028,4.17398,0.18182,0.15720,3.76585,1.98303,6.15341,6.59058,0.14053,0.15887,6.70858,0.14838,0.13868,0.13997,0.40747,0.16992,0.39935,0.17715,0.09999,0.14385,0.12880,0.17122,0.18054,0.19185
2994,4.80622,0.18203,0.16302,6.75272,0.16704,0.17998,4.67879,0.18112,0.15210,4.07986,2.30859,6.14666,6.20710,0.14703,0.15945,6.67270,0.16626,0.15771,0.14556,0.63682,0.17105,0.61301,0.17727,0.10000,0.14739,0.13015,0.16648,0.17659,0.18934
2995,5.73957,0.18011,0.16451,6.74673,0.16451,0.17947,6.47563,0.17640,0.14818,5.72155,5.56106,6.44565,6.47380,0.15880,0.78157,6.62252,3.39744,3.28800,0.71430,5.10176,0.16676,5.11445,0.17146,0.10001,0.14907,0.12428,0.16382,0.17585,0.18757
2996,6.22412,0.17904,0.16336,6.83302,0.16258,0.17924,5.74511,0.17631,0.14901,5.86604,5.04303,6.61260,6.73497,0.16001,0.69348,6.71496,2.84932,2.95046,0.69041,4.41113,0.16607,4.53878,0.16838,0.10002,0.14673,0.11786,0.16698,0.17541,0.18761
2997,6.23751,0.17922,0.16364,6.76033,0.16116,0.17791,1.04181,0.17833,0.15361,5.25194,0.86297,6.40550,6.38467,0.13946,0.16752,6.55756,0.22789,0.26054,0.16421,0.38101,0.16543,0.43483,0.17201,0.10000,0.14022,0.11708,0.16799,0.17534,0.18682
2998,5.74922,0.17918,0.16359,6.63976,0.16013,0.17724,2.85911,0.17769,0.15140,5.66391,0.71456,6.44939,6.48891,0.13800,0.16419,6.48872,0.18912,0.19870,0.15703,0.26195,0.16405,0.27733,0.17099,0.10000,0.13600,0.11421,0.16682,0.17506,0.18569
2999,5.78057,0.17813,0.16131,6.70588,0.16064,0.17690,0.21638,0.17840,0.15257,5.88246,0.36747,6.48064,6.26167,0.13491,0.16101,6.50667,0.16215,0.15785,0.14591,0.16938,0.16599,0.17103,0.17313,0.09998,0.13623,0.11333,0.16694,0.17433,0.18544
3000,5.83140,0.17564,0.15849,6.65479,0.16297,0.17665,1.53029,0.17793,0.14822,5.64770,0.34569,6.39011,6.33450,0.13989,0.16224,6.45664,0.15962,0.15287,0.14661,0.16087,0.16852,0.15939,0.17283,0.10000,0.13542,0.11321,0.16603,0.17316,0.18488
3001,5.95107,0.17480,0.15798,6.64433,0.16227,0.17647,3.67939,0.17715,0.14351,5.90582,0.79633,6.44678,6.51331,0.14216,0.16279,6.45985,0.15973,0.15478,0.14960,0.19575,0.16781,0.20214,0.17073,0.10000,0.13481,0.11089,0.16473,0.17237,0.18393
3002,6.17076,0.17473,0.15878,6.76270,0.15973,0.17637,6.66212,0.17221,0.13751,6.24728,5.96879,6.66649,6.69561,0.14719,0.26098,6.56188,2.09305,2.19488,0.27943,5.19789,0.16200,5.24773,0.16509,0.10002,0.13686,0.10985,0.16197,0.17235,0.18320
3003,6.63147,0.17366,0.15733,6.90743,0.15927,0.17499,6.40036,0.17000,0.13578,6.40282,5.62159,6.81953,6.85513,0.14618,0.32211,6.85265,2.15479,2.81198,0.38313,4.67631,0.15798,5.13948,0.16066,0.10003,0.13876,0.11347,0.16103,0.17317,0.18353
3004,6.55344,0.17185,0.15494,6.86479,0.16050,0.17425,1.75348,0.17168,0.13700,6.67894,1.30542,6.78004,6.57211,0.13977,0.16173,6.90663,0.23994,0.33403,0.16020,0.50131,0.15647,0.72570,0.16370,0.10002,0.13976,0.11466,0.16114,0.17416,0.18369
3005,5.59172,0.17004,0.15291,6.79077,0.16086,0.17453,0.21582,0.17266,0.13987,6.42266,0.40146,6.69905,6.27325,0.13809,0.15422,6.83184,0.15405,0.15079,0.14273,0.16073,0.15936,0.16367,0.16695,0.10001,0.13864,0.11147,0.16281,0.17450,0.18376
3006,5.26728,0.16868,0.15090,6.77563,0.16037,0.17496,0.16129,0.17346,0.14453,5.97073,0.33837,6.54699,6.22294,0.13635,0.15617,6.81003,0.15237,0.14213,0.14081,0.15067,0.16187,0.14579,0.16888,0.10001,0.13669,0.10796,0.16465,0.17438,0.18375
3007,5.27447,0.16785,0.14903,6.77894,0.16008,0.17514,0.15908,0.17420,0.14788,5.74154,0.31457,6.38862,6.36935,0.13265,0.15744,6.79182,0.15360,0.14083,0.13992,0.15127,0.16261,0.14435,0.16953,0.10001,0.13459,0.10610,0.16556,0.17426,0.18370
3008,5.66534,0.16742,0.14747,6.81582,0.16063,0.17476,0.16268,0.17426,0.14863,5.61822,0.29987,6.41394,6.56126,0.12741,0.15737,6.78434,0.15396,0.14007,0.13843,0.15165,0.16076,0.14409,0.16932,0.10001,0.13305,0.10568,0.16528,0.17462,0.18364
3009,6.08575,0.16718,0.14606,6.89995,0.16137,0.17416,0.44250,0.17381,0.14939,5.89606,0.28994,6.54446,6.73160,0.12265,0.15651,6.83703,0.15375,0.13941,0.13671,0.15145,0.15651,0.14394,0.16784,0.10001,0.13098,0.10534,0.16508,0.17509,0.18353
3010,6.53738,0.16729,0.14647,6.96035,0.16113,0.17354,6.58357,0.16941,0.14052,6.29989,4.85429,6.79619,6.94588,0.13300,0.37212,6.91988,2.11522,2.06476,0.34101,3.95580,0.15283,3.99913,0.15677,0.10002,0.12898,0.10618,0.16247,0.17505,0.18323
3011,6.89320,0.16604,0.14737,6.98512,0.16025,0.17329,6.91611,0.16657,0.13770,6.71216,6.35888,6.93553,6.96057,0.14041,0.64648,6.97685,3.61588,3.84858,0.65044,5.95737,0.14974,6.08521,0.15518,0.10002,0.13672,0.10981,0.16086,0.17519,0.18249
3012,6.95807,0.16620,0.14722,7.05739,0.15860,0.17284,6.38775,0.16616,0.13808,6.92001,5.47283,7.04573,7.01386,0.14003,0.34156,7.03249,1.70778,2.33088,0.42736,4.13732,0.14857,4.50570,0.15632,0.10001,0.13694,0.10863,0.16153,0.17469,0.18222
3013,6.91161,0.16644,0.14608,7.09913,0.15701,0.17385,1.69336,0.16890,0.14298,6.92261,1.32680,6.96461,6.72799,0.13844,0.15763,7.07413,0.25723,0.36051,0.16514,0.53659,0.15247,0.71661,0.16042,0.09995,0.13397,0.10896,0.16300,0.17306,0.18162
3014,6.81410,0.16651,0.14670,7.08745,0.15599,0.17392,0.35303,0.17258,0.14264,6.60326,0.52424,6.80552,6.52518,0.14147,0.15176,7.04474,0.15502,0.16891,0.14600,0.18317,0.15811,0.20657,0.16411,0.09995,0.13093,0.11417,0.16250,0.16986,0.17979
3015,6.34171,0.16594,0.14847,7.02238,0.15660,0.17283,2.13913,0.17255,0.14091,6.12146,0.83909,6.63308,6.64541,0.14475,0.15659,6.98470,0.15174,0.14932,0.14639,0.18065,0.16279,0.18617,0.16696,0.10000,0.13503,0.12135,0.16087,0.16724,0.17750
3016,6.07196,0.16560,0.15069,6.99240,0.15614,0.17179,7.00239,0.17100,0.13848,5.66289,6.29087,6.59041,6.88189,0.14812,0.21448,6.97273,1.97775,1.81612,0.21414,5.36716,0.15934,5.36598,0.16588,0.10001,0.14101,0.12306,0.15515,0.16598,0.17484
3017,5.98577,0.16555,0.15159,6.99881,0.15389,0.17107,6.94399,0.17103,0.13974,5.54590,6.35151,6.60922,6.93899,0.14978,0.22296,6.97829,1.92521,2.00270,0.25244,5.40546,0.16060,5.28825,0.16562,0.10001,0.14097,0.11951,0.15380,0.16512,0.17355
3018,6.25516,0.16563,0.15160,7.00903,0.15259,0.17033,4.60363,0.17100,0.14164,5.55170,3.15538,6.63998,6.93971,0.14530,0.16621,6.99022,0.37991,0.52756,0.17305,1.40584,0.16199,1.59370,0.16654,0.10001,0.13753,0.11590,0.15402,0.16509,0.17325
3019,6.32387,0.16604,0.15183,7.02078,0.15145,0.16862,1.55529,0.17022,0.14356,5.67279,0.75859,6.64359,6.77461,0.13748,0.15972,6.99090,0.17169,0.18503,0.15268,0.24130,0.16146,0.28209,0.16754,0.10003,0.13552,0.11598,0.15501,0.16554,0.17313
3020,6.35591,0.16595,0.15161,7.02721,0.15095,0.16803,5.65454,0.16952,0.14215,5.75934,2.01840,6.68023,6.96868,0.14071,0.16047,6.99284,0.18829,0.19617,0.15590,0.35808,0.16038,0.39151,0.16647,0.10001,0.13529,0.11364,0.15442,0.16521,0.17245
3021,6.58974,0.16634,0.15285,7.04974,0.14919,0.16768,2.80484,0.16914,0.14281,5.96125,1.19698,6.72081,6.90537,0.13831,0.15888,7.00307,0.16860,0.17066,0.15200,0.26283,0.15990,0.28188,0.16565,0.10002,0.13426,0.11311,0.15459,0.16463,0.17185
3022,6.65678,0.16643,0.15371,7.04882,0.14849,0.16777,6.95886,0.16795,0.13939,6.21762,6.08731,6.82736,7.01391,0.14445,0.16500,6.98491,0.46898,0.51045,0.16415,3.59185,0.15804,3.80348,0.16388,0.10003,0.13473,0.11188,0.15448,0.16345,0.17097
3023,6.80653,0.16633,0.15291,7.04703,0.14841,0.16759,6.30320,0.16796,0.13763,6.39474,4.74469,6.89085,7.03069,0.14601,0.16282,6.99949,0.35849,0.49733,0.16595,2.28884,0.15865,2.63244,0.16243,0.10003,0.13581,0.11088,0.15506,0.16237,0.17060
3024,6.69402,0.16620,0.15206,7.04869,0.14817,0.16681,0.87203,0.16831,0.14133,6.49010,0.67177,6.84193,6.71047,0.13957,0.15740,6.98501,0.16231,0.16954,0.15093,0.19841,0.15984,0.22780,0.16334,0.10004,0.13292,0.11037,0.15625,0.16211,0.17066
3025,6.03789,0.16615,0.15380,7.01566,0.14786,0.16614,3.66237,0.16708,0.14088,6.19216,2.33763,6.74597,6.70661,0.13940,0.15740,6.95535,0.20272,0.20109,0.14975,0.97100,0.15853,1.01873,0.16316,0.10004,0.13205,0.11369,0.15561,0.16158,0.16973
3026,6.12446,0.16539,0.15460,6.99641,0.14980,0.16602,6.82669,0.16535,0.13683,6.10349,6.40585,6.73630,6.83007,0.17937,1.23181,6.92697,4.60328,4.39919,1.09896,6.56000,0.16603,6.52937,0.16064,0.10005,0.13700,0.11744,0.15415,0.16001,0.16839
3027,6.18202,0.16491,0.15584,6.97095,0.14956,0.16509,6.79270,0.16498,0.13815,5.88126,6.52113,6.68057,6.80900,0.35645,2.61164,6.88198,6.32441,6.27193,2.59538,6.83156,0.19856,6.81816,0.15912,0.10003,0.14064,0.12324,0.15339,0.15874,0.16692
3028,6.13518,0.16479,0.15835,6.88504,0.14862,0.16375,6.50929,0.16372,0.13992,5.82627,6.44877,6.62414,6.72945,0.65642,2.36823,6.78751,5.80798,5.84179,2.78187,6.72155,0.25091,6.70419,0.15969,0.10005,0.15992,0.14085,0.15336,0.15774,0.16474
3029,6.19900,0.16452,0.15934,6.83985,0.14775,0.16304,6.46374,0.16255,0.14206,5.83920,6.27345,6.63442,6.73378,1.34338,3.61822,6.71523,6.52100,6.53488,4.25336,6.60353,0.47411,6.59095,0.16095,0.10006,0.22302,0.20682,0.15246,0.15737,0.16340
3030,6.17076,0.16419,0.15826,6.80922,0.14734,0.16211,6.50276,0.16233,0.14762,6.01823,6.30787,6.69359,6.70788,1.37725,2.80214,6.68580,5.77463,6.24909,4.00922,6.53928,0.39458,6.57084,0.16037,0.10006,0.25336,0.30058,0.15327,0.15682,0.16323
3031,6.25085,0.16383,0.15761,6.80368,0.14709,0.16143,6.67034,0.16172,0.15535,6.29532,6.31570,6.75173,6.75272,1.53289,2.72404,6.72162,5.39315,6.24731,4.23699,6.55258,0.45942,6.56764,0.16631,0.10008,0.29869,0.39306,0.15394,0.15670,0.16316
3032,6.64171,0.16372,0.15707,6.84549,0.14724,0.16056,6.42125,0.16175,0.16165,6.50127,6.02830,6.84181,6.82357,1.16785,1.89838,6.80918,4.06323,5.39712,3.23343,5.39612,0.38605,5.96846,0.16942,0.10007,0.27140,0.40888,0.15452,0.15674,0.16331
3033,6.76785,0.16349,0.15546,6.88910,0.14738,0.15967,4.93281,0.16218,0.16935,6.73427,4.46715,6.89575,6.82166,0.68863,0.75899,6.86235,2.04692,3.54593,1.77885,3.26552,0.22472,4.21762,0.16393,0.10006,0.24290,0.37692,0.15570,0.15690,0.16362
3034,6.61804,0.16310,0.15389,6.89607,0.14760,0.15911,3.18245,0.16219,0.17661,6.77927,2.89591,6.89093,6.75359,0.46433,0.38528,6.88073,0.94456,2.12382,1.05355,1.69265,0.18284,2.58268,0.16252,0.10007,0.23193,0.33833,0.15721,0.15719,0.16385
3035,6.41926,0.16233,0.15227,6.88753,0.14857,0.15874,1.86211,0.16212,0.18483,6.67520,1.82845,6.87836,6.66193,0.35709,0.25267,6.86887,0.50088,1.27720,0.70244,0.88833,0.17020,1.51303,0.16230,0.10007,0.23054,0.30414,0.16011,0.15744,0.16411
3036,6.17930,0.16165,0.15139,6.89635,0.14984,0.15841,1.11112,0.16198,0.18952,6.53882,1.18363,6.86614,6.57859,0.28441,0.20157,6.86883,0.31136,0.80763,0.48433,0.50927,0.16696,0.88632,0.16341,0.10006,0.23881,0.25180,0.16245,0.15738,0.16415
3037,6.35365,0.16128,0.15081,6.88333,0.15223,0.15883,5.86944,0.16287,0.19839,6.40232,4.23719,6.84669,6.79997,0.33505,0.27120,6.87038,0.65637,0.88464,0.54593,2.34497,0.18205,2.48952,0.16676,0.10010,0.23357,0.23380,0.16726,0.15735,0.16405
3038,6.74591,0.16052,0.14965,6.85994,0.15796,0.15880,4.51800,0.16303,0.19876,6.60105,3.08532,6.87117,6.83306,0.31194,0.25531,6.87201,0.47565,0.71833,0.49169,1.30214,0.18092,1.51483,0.16757,0.10009,0.22275,0.22535,0.16972,0.15746,0.16420
3039,6.61829,0.16000,0.14918,6.88210,0.16172,0.15859,0.96583,0.16274,0.19737,6.79109,0.95719,6.90091,6.63216,0.26324,0.21058,6.85923,0.29166,0.51475,0.39371,0.40002,0.17425,0.54449,0.16745,0.10005,0.21887,0.19952,0.17145,0.15748,0.16414
3040,6.28545,0.16027,0.14958,6.88709,0.16016,0.15871,1.44597,0.16281,0.19648,6.68565,0.81948,6.90209,6.55693,0.23877,0.19896,6.84590,0.25776,0.44417,0.33781,0.33510,0.17470,0.44199,0.16803,0.10004,0.21512,0.17783,0.17171,0.15749,0.16393
3041,6.34443,0.16031,0.14976,6.89841,0.16227,0.15925,6.12856,0.16439,0.19422,6.53362,3.91279,6.90484,6.81601,0.25900,0.22855,6.84952,0.33115,0.42199,0.35789,0.85266,0.18291,1.00427,0.17135,0.10009,0.21003,0.17407,0.17385,0.15761,0.16377
3042,6.70958,0.16033,0.14889,6.91360,0.16225,0.15932,2.16573,0.16425,0.18650,6.65493,1.14607,6.91116,6.78169,0.23781,0.21470,6.89187,0.27157,0.38980,0.31380,0.35571,0.18302,0.42796,0.17236,0.10008,0.20315,0.17302,0.17262,0.15797,0.16402
3043,6.03798,0.16004,0.14819,6.91935,0.15689,0.15960,0.33758,0.16391,0.18202,6.66343,0.57767,6.91364,6.53523,0.20243,0.19410,6.91408,0.22224,0.30527,0.24282,0.25731,0.18225,0.32004,0.17171,0.10001,0.19684,0.16300,0.16986,0.15854,0.16402
3044,5.96895,0.15972,0.14763,6.92326,0.15424,0.16005,0.30761,0.16411,0.17962,6.29629,0.51929,6.88259,6.63828,0.19477,0.18870,6.95189,0.20404,0.25637,0.21777,0.22698,0.18436,0.27018,0.17174,0.09993,0.19196,0.14940,0.16728,0.15866,0.16375
3045,6.36643,0.15942,0.14666,6.92679,0.15501,0.16009,1.76509,0.16422,0.17820,6.27582,0.51046,6.85210,6.84017,0.19514,0.18823,6.94436,0.20323,0.24527,0.21613,0.23368,0.18463,0.25896,0.17163,0.10000,0.18791,0.14078,0.16762,0.15863,0.16367
3046,6.63960,0.15924,0.14631,6.94111,0.15678,0.16011,1.05143,0.16371,0.17811,6.51419,0.47304,6.77863,6.79171,0.19362,0.18683,6.93930,0.19773,0.22882,0.21019,0.22070,0.18136,0.24145,0.17020,0.10006,0.17805,0.13646,0.16902,0.15850,0.16356
3047,6.64882,0.15930,0.14640,6.94840,0.15668,0.16060,6.47210,0.16486,0.17565,6.66583,3.99281,6.84860,6.92598,0.19600,0.19513,6.92837,0.36091,0.38860,0.21627,1.82675,0.18413,1.95187,0.17204,0.10003,0.17659,0.13391,0.17043,0.15848,0.16331
3048,6.88410,0.15978,0.14765,6.97915,0.15529,0.16148,6.95487,0.16870,0.17008,6.77799,6.51280,6.96675,6.98215,0.21673,0.88291,6.93603,4.75404,4.69797,0.92797,6.76987,0.19483,6.74696,0.17886,0.10008,0.18069,0.14117,0.16938,0.15844,0.16310
3049,6.98364,0.15949,0.14709,7.00871,0.15998,0.16092,6.92433,0.16874,0.16577,6.92684,6.55671,7.00649,7.01016,0.23337,0.74402,6.96853,4.08672,4.94029,1.17677,6.59619,0.19287,6.66314,0.17739,0.10010,0.18025,0.14927,0.16577,0.15834,0.16310
3050,6.99865,0.15927,0.14681,7.01198,0.16151,0.16051,6.29840,0.16732,0.16414,6.99073,5.35038,7.00639,7.00585,0.22103,0.35605,6.98053,1.56367,2.81847,0.72709,3.73360,0.18541,4.52620,0.17439,0.10008,0.17725,0.14572,0.16425,0.15849,0.16307
3051,6.96653,0.15923,0.14705,7.01436,0.16120,0.16049,4.34169,0.16527,0.16546,6.99082,2.93150,6.98872,6.94626,0.20377,0.22642,6.96461,0.54802,1.19751,0.39374,1.42447,0.18025,2.05479,0.17265,0.10006,0.17092,0.13599,0.16448,0.15884,0.16288
3052,6.91343,0.15934,0.14731,7.00452,0.16024,0.16059,3.62280,0.16440,0.16473,6.98011,2.37717,6.98019,6.93213,0.20205,0.22255,6.92844,0.48659,0.95070,0.36796,1.19445,0.17913,1.55214,0.17180,0.10004,0.16778,0.13020,0.16485,0.15912,0.16265
3053,6.63979,0.15950,0.14766,7.00412,0.15807,0.16104,4.60599,0.16495,0.16282,6.90214,3.42281,6.96148,6.90300,0.20363,0.27248,6.91534,0.84344,0.98379,0.35056,2.20934,0.18416,2.36059,0.17163,0.10001,0.16543,0.12720,0.16480,0.15923,0.16252
3054,6.87738,0.15910,0.14770,7.05485,0.15969,0.16148,7.02197,0.16714,0.15731,6.79533,6.69113,7.02950,7.05120,0.28975,1.17640,6.99863,5.28444,5.27872,1.22717,6.91482,0.22734,6.90267,0.17411,0.10007,0.17381,0.14257,0.16231,0.15943,0.16262
3055,7.03464,0.15866,0.14757,7.07643,0.16044,0.16103,6.48040,0.16477,0.15872,6.94150,5.49772,7.01560,7.05704,0.25084,0.40574,7.00895,1.66091,2.26856,0.65845,3.88048,0.18925,4.25092,0.17022,0.10007,0.16816,0.14222,0.16167,0.15970,0.16253
3056,7.02625,0.15826,0.14759,7.01699,0.16053,0.16100,5.83453,0.16313,0.15836,6.93932,4.54478,6.98126,7.03673,0.27605,0.29538,6.91960,0.98641,1.57735,0.62725,2.75375,0.18339,3.05869,0.16809,0.10004,0.16888,0.14274,0.16196,0.16003,0.16232
3057,6.93569,0.15799,0.14774,6.95238,0.16039,0.16109,3.40759,0.16208,0.15881,6.84356,2.50359,6.91800,6.94651,0.25755,0.22295,6.88171,0.43418,0.85461,0.48372,1.13532,0.17624,1.43368,0.16547,0.10009,0.16524,0.14107,0.16233,0.16028,0.16224
3058,6.78287,0.15778,0.14834,6.88861,0.16032,0.16125,1.82090,0.16150,0.15832,6.72203,1.46076,6.82685,6.81075,0.26227,0.20094,6.84532,0.29365,0.49143,0.40357,0.62716,0.17439,0.73707,0.16302,0.10045,0.16179,0.14570,0.16250,0.16044,0.16198
3059,6.59310,0.15743,0.14923,6.85510,0.16058,0.16131,3.32131,0.16120,0.15727,6.53257,1.57963,6.73635,6.75951,0.28431,0.19956,6.84325,0.30032,0.36524,0.33529,0.57105,0.18077,0.58337,0.16197,0.10031,0.16758,0.15669,0.16154,0.16043,0.16151
3060,6.55115,0.15733,0.15002,6.85647,0.16008,0.16123,6.85492,0.16143,0.16235,6.48117,6.28012,6.73179,6.82510,0.30489,0.34856,6.83821,1.99512,1.82326,0.38508,5.24281,0.19715,5.21076,0.16387,0.10004,0.19785,0.17819,0.16028,0.16036,0.16094
3061,6.58910,0.15721,0.14981,6.86013,0.15897,0.16116,6.84906,0.16172,0.16765,6.49566,6.52661,6.74892,6.84457,0.30194,0.47304,6.82153,3.20251,2.71323,0.50077,6.40134,0.20073,6.18920,0.16543,0.09999,0.20490,0.17290,0.16065,0.16017,0.16055
3062,6.65575,0.15729,0.14968,6.85595,0.15817,0.16118,6.85766,0.16273,0.17080,6.52967,6.61009,6.78874,6.85621,0.36551,1.83119,6.81484,5.90058,5.58597,1.71218,6.81400,0.25577,6.80006,0.17082,0.10004,0.21893,0.18256,0.16171,0.16015,0.16038
3063,6.77872,0.15705,0.14975,6.87479,0.15908,0.16136,6.86529,0.16454,0.17283,6.63497,6.65407,6.84018,6.86489,0.86485,4.03420,6.85641,6.76298,6.76065,4.34385,6.85187,0.62300,6.84665,0.18680,0.10017,0.23649,0.23225,0.16173,0.16013,0.16050
3064,6.84853,0.15659,0.15007,6.88502,0.15973,0.16154,6.84159,0.16655,0.17590,6.80919,6.63017,6.89022,6.87112,0.92289,2.87881,6.88734,5.71425,6.28829,3.75672,6.56818,0.55362,6.70738,0.18934,0.10012,0.23221,0.28059,0.16230,0.16000,0.16057
3065,6.84694,0.15620,0.14955,6.90020,0.15988,0.16134,5.28723,0.16622,0.17328,6.86080,4.74469,6.92093,6.84722,0.40738,0.75071,6.88949,2.08863,3.19655,1.31613,3.46705,0.24253,4.23206,0.17416,0.10004,0.21270,0.24972,0.16248,0.15975,0.16053
3066,6.61623,0.15593,0.14858,6.91187,0.16001,0.16094,2.48409,0.16490,0.17183,6.84037,2.27617,6.90783,6.69250,0.26437,0.30449,6.88920,0.64757,1.25455,0.57859,1.18746,0.18731,1.74030,0.17072,0.10001,0.20974,0.20875,0.16250,0.15954,0.16042
3067,6.36718,0.15595,0.14781,6.91047,0.16014,0.16077,2.67917,0.16394,0.17517,6.69106,1.67609,6.89006,6.66091,0.24132,0.23942,6.87893,0.42899,0.80093,0.43537,0.76370,0.18085,1.03875,0.16979,0.10003,0.20925,0.18124,0.16337,0.15953,0.16021
3068,6.51764,0.15637,0.14774,6.91566,0.15920,0.16105,6.55875,0.16517,0.17564,6.55073,4.81432,6.88725,6.87723,0.26997,0.31266,6.88735,0.70465,0.91698,0.52660,1.72151,0.19260,1.87635,0.17209,0.10004,0.20725,0.17282,0.16440,0.15963,0.16015
3069,6.80953,0.15661,0.14740,6.91254,0.15882,0.16129,3.05675,0.16520,0.17153,6.71525,1.89583,6.89104,6.82171,0.24957,0.25801,6.90530,0.44612,0.70793,0.42638,0.77709,0.18767,0.93584,0.17088,0.10005,0.19878,0.16807,0.16420,0.15952,0.16020
3070,6.53159,0.15662,0.14671,6.90934,0.16003,0.16126,3.21770,0.16520,0.17123,6.79462,1.91668,6.89825,6.74624,0.23909,0.23657,6.89329,0.37088,0.55787,0.36498,0.68561,0.18498,0.81190,0.16998,0.10006,0.19391,0.16236,0.16414,0.15950,0.16018
3071,6.72209,0.15701,0.14722,6.90138,0.16035,0.16236,6.88006,0.16645,0.16974,6.69865,6.36462,6.91778,6.90435,0.28901,0.36971,6.89533,1.60586,1.95827,0.52085,5.27863,0.21527,5.40584,0.17548,0.10013,0.19621,0.17668,0.16338,0.15978,0.16033
3072,6.93914,0.15719,0.14769,6.97524,0.16036,0.16309,6.89352,0.16749,0.16786,6.87985,6.50545,7.01720,6.98891,0.29485,0.43455,6.93055,1.72302,3.14935,0.68490,5.54993,0.23037,6.04487,0.17827,0.10014,0.19280,0.18765,0.16231,0.16016,0.16057
3073,7.04016,0.15687,0.14843,7.08787,0.16095,0.16387,6.99353,0.16902,0.16980,6.98598,6.64025,7.11369,7.09597,0.31671,0.64571,7.03283,2.50341,4.64089,1.28187,6.05419,0.26630,6.49031,0.18372,0.10020,0.19204,0.19397,0.16216,0.16083,0.16098
3074,7.10192,0.15602,0.14975,7.16023,0.16129,0.16435,5.06853,0.16984,0.17092,7.07084,4.12687,7.17393,7.12302,0.26304,0.42782,7.12224,0.96591,2.40537,0.69144,2.10501,0.23072,3.52094,0.17699,0.10015,0.17990,0.18604,0.16242,0.16135,0.16136
3075,6.79877,0.15550,0.15042,7.18840,0.16147,0.16492,1.78009,0.16925,0.17061,7.07711,1.70939,7.18639,6.95915,0.21844,0.25984,7.16205,0.42609,0.84836,0.34021,0.74891,0.19153,1.26420,0.17032,0.10012,0.17589,0.17406,0.16302,0.16150,0.16163
3076,6.32337,0.15499,0.15081,7.16944,0.16169,0.16498,0.68452,0.16816,0.16935,6.78722,0.90813,7.15751,6.88382,0.19223,0.20517,7.14685,0.25840,0.36751,0.24041,0.34787,0.17533,0.48937,0.16791,0.10010,0.17304,0.16523,0.16303,0.16178,0.16192
3077,6.17511,0.15445,0.15107,7.19580,0.16192,0.16470,0.35231,0.16753,0.16774,6.52656,0.64947,7.15293,6.87200,0.17712,0.18297,7.15526,0.20704,0.25035,0.20546,0.23794,0.16950,0.27968,0.16721,0.10005,0.17135,0.15927,0.16273,0.16184,0.16198
3078,6.07135,0.15400,0.15064,7.19828,0.16141,0.16415,0.24767,0.16697,0.16548,6.43247,0.54367,7.12706,6.81754,0.16635,0.17230,7.17917,0.18350,0.20783,0.18364,0.19750,0.16762,0.21729,0.16709,0.09996,0.17074,0.15365,0.16235,0.16179,0.16172
3079,6.03039,0.15421,0.14957,7.19692,0.15955,0.16361,0.21178,0.16716,0.16540,6.37697,0.48430,7.10672,6.73194,0.16398,0.16826,7.19931,0.17256,0.18268,0.16886,0.17979,0.16760,0.18974,0.16793,0.10001,0.16838,0.14353,0.16211,0.16164,0.16152
3080,5.93166,0.15464,0.14900,7.19975,0.15726,0.16357,1.04732,0.16744,0.16560,6.43871,0.45605,7.03918,6.73119,0.16239,0.16722,7.19631,0.16844,0.17068,0.16399,0.17228,0.16797,0.17640,0.16838,0.09999,0.16403,0.13686,0.16194,0.16148,0.16149
3081,6.30043,0.15462,0.14828,7.21185,0.15671,0.16366,6.92157,0.16729,0.16372,6.41794,4.63761,7.09574,7.15416,0.16216,0.16961,7.17886,0.40864,0.41256,0.16819,2.20454,0.16708,2.32095,0.16796,0.09991,0.16159,0.13191,0.16186,0.16162,0.16133
3082,7.09161,0.15531,0.14801,7.21032,0.15524,0.16408,7.20928,0.16692,0.16071,6.80157,6.76989,7.15536,7.20430,0.16538,0.63250,7.20126,4.58895,4.41295,0.55571,7.00459,0.16784,6.97403,0.16711,0.09999,0.16033,0.12992,0.16181,0.16158,0.16168
3083,7.19736,0.15596,0.14778,7.22142,0.15339,0.16405,7.20090,0.16637,0.15739,7.14555,6.82130,7.21763,7.22237,0.17085,1.05413,7.21174,5.39326,5.80493,1.14058,7.11121,0.17538,7.10335,0.16654,0.10001,0.16036,0.12891,0.16131,0.16161,0.16212
3084,7.22521,0.15579,0.14729,7.24204,0.15292,0.16372,7.18717,0.16566,0.15327,7.20361,6.83297,7.24955,7.24839,0.17541,0.94412,7.22622,4.50558,5.65608,1.47445,6.90799,0.18727,6.98946,0.16607,0.09997,0.15977,0.13088,0.16024,0.16189,0.16237
3085,7.24744,0.15535,0.14638,7.25844,0.15315,0.16334,7.02496,0.16493,0.14975,7.23138,6.40628,7.26755,7.26144,0.16593,0.52109,7.23920,2.04886,3.86998,0.87170,4.78353,0.17982,5.71053,0.16542,0.09999,0.15812,0.13200,0.15950,0.16217,0.16256
3086,7.24633,0.15448,0.14557,7.27574,0.15437,0.16323,5.12523,0.16427,0.14659,7.25196,3.92018,7.28026,7.24244,0.15716,0.29137,7.25281,0.88628,2.02165,0.38546,1.98964,0.17408,3.17741,0.16463,0.10006,0.15657,0.13632,0.15838,0.16254,0.16261
3087,7.10032,0.15344,0.14537,7.28604,0.15630,0.16358,2.54916,0.16377,0.14549,7.22386,2.12018,7.27285,7.14433,0.15364,0.20183,7.27595,0.40880,0.86779,0.21910,0.89370,0.17089,1.56520,0.16391,0.10012,0.15560,0.14025,0.15651,0.16283,0.16211
3088,6.89295,0.15285,0.14538,7.27267,0.15709,0.16386,1.22191,0.16347,0.14554,7.10966,1.18122,7.26759,7.00332,0.15261,0.17511,7.28273,0.23417,0.36239,0.17213,0.41960,0.16718,0.69150,0.16295,0.10006,0.15430,0.13849,0.15597,0.16271,0.16164
3089,6.58578,0.15271,0.14432,7.26587,0.15710,0.16390,0.42551,0.16350,0.14630,7.00765,0.64176,7.27026,6.77554,0.15160,0.16713,7.28686,0.17507,0.18312,0.15760,0.20573,0.16338,0.23870,0.16231,0.10004,0.15186,0.12982,0.15683,0.16245,0.16166
3090,6.42469,0.15291,0.14361,7.26355,0.15644,0.16381,0.79340,0.16328,0.14675,6.82514,0.53593,7.25983,6.90713,0.14941,0.16505,7.28756,0.16821,0.16597,0.15584,0.17854,0.16191,0.18499,0.16170,0.10002,0.14902,0.12366,0.15720,0.16247,0.16186
3091,6.84084,0.15281,0.14338,7.28724,0.15597,0.16374,4.39278,0.16261,0.14498,6.77718,0.82520,7.26622,7.21901,0.14878,0.16431,7.27114,0.17022,0.17039,0.15709,0.20144,0.16088,0.21407,0.16035,0.10003,0.14832,0.12369,0.15704,0.16248,0.16206
3092,7.08466,0.15246,0.14297,7.31554,0.15627,0.16358,0.59321,0.16225,0.14434,7.05181,0.46075,7.30348,7.16445,0.14395,0.16175,7.29231,0.16558,0.16198,0.15446,0.17198,0.15866,0.17379,0.15959,0.10003,0.14726,0.12306,0.15761,0.16257,0.16196
3093,7.02122,0.15214,0.14278,7.33544,0.15695,0.16340,3.35849,0.16163,0.14326,7.12226,0.56423,7.33484,7.31459,0.14179,0.16123,7.31025,0.16517,0.16194,0.15410,0.17761,0.15734,0.18318,0.15824,0.10000,0.14550,0.12154,0.15783,0.16266,0.16168
3094,7.27984,0.15173,0.14312,7.35004,0.15761,0.16329,7.05408,0.16092,0.14122,7.18252,2.82859,7.35560,7.36961,0.14172,0.16177,7.33059,0.16934,0.16935,0.15526,0.30686,0.15641,0.36903,0.15694,0.10003,0.14446,0.12267,0.15739,0.16266,0.16133
3095,7.36672,0.15122,0.14376,7.37192,0.15795,0.16333,5.76410,0.16070,0.14008,7.32200,2.07123,7.37851,7.38171,0.14172,0.16028,7.34286,0.16855,0.16915,0.15459,0.29645,0.15504,0.34237,0.15665,0.10005,0.14483,0.12386,0.15664,0.16246,0.16077
3096,7.38324,0.15117,0.14351,7.39078,0.15676,0.16332,7.29374,0.16020,0.14021,7.36714,5.34129,7.39039,7.40134,0.14601,0.16151,7.35882,0.25365,0.30478,0.15960,2.02563,0.15438,2.27558,0.15634,0.10000,0.14505,0.12338,0.15487,0.16195,0.16052
3097,7.39757,0.15088,0.14298,7.37708,0.15511,0.16296,5.03335,0.16020,0.13992,7.38748,2.66359,7.38749,7.38822,0.14711,0.15777,7.36647,0.18263,0.22936,0.15687,0.64535,0.15385,0.86279,0.15655,0.10001,0.14598,0.12323,0.15493,0.16132,0.16050
3098,7.20078,0.15045,0.14298,7.37295,0.15496,0.16254,0.96893,0.16062,0.13978,7.38474,0.63255,7.38778,7.22019,0.14645,0.15411,7.38072,0.16052,0.16803,0.15191,0.18415,0.15408,0.21480,0.15692,0.10007,0.14565,0.12299,0.15499,0.16096,0.16069
3099,6.72652,0.15007,0.14299,7.37268,0.15580,0.16234,0.21804,0.16101,0.13997,7.21044,0.41398,7.35669,7.06838,0.14403,0.15279,7.40294,0.15444,0.15512,0.14915,0.15886,0.15438,0.16201,0.15719,0.10008,0.14412,0.12195,0.15506,0.16073,0.16070
3100,6.48064,0.14980,0.14339,7.36574,0.15689,0.16223,0.18201,0.16116,0.14248,6.89789,0.37004,7.32104,6.96348,0.13940,0.15254,7.41316,0.15205,0.15027,0.14665,0.15321,0.15365,0.15322,0.15707,0.10002,0.14158,0.11865,0.15563,0.16061,0.16027
3101,6.73116,0.14999,0.14323,7.36009,0.15697,0.16187,2.13346,0.16047,0.14403,6.73485,0.36600,7.29963,7.15316,0.13724,0.15209,7.39783,0.15157,0.14972,0.14578,0.15493,0.15217,0.15777,0.15521,0.09998,0.13862,0.11515,0.15623,0.16064,0.16011
3102,7.12017,0.14963,0.14210,7.34781,0.15643,0.16127,3.62816,0.15950,0.14238,6.85712,0.41288,7.29248,7.24922,0.13684,0.15096,7.36552,0.15092,0.14944,0.14556,0.15794,0.15053,0.16304,0.15332,0.09970,0.13705,0.11273,0.15574,0.16015,0.15963
3103,7.23052,0.14927,0.14085,7.33139,0.15547,0.16098,2.44116,0.15946,0.14104,7.07938,0.49433,7.28210,7.20612,0.13931,0.14962,7.32385,0.15018,0.14887,0.14530,0.15807,0.14966,0.16037,0.15442,0.09980,0.13675,0.11344,0.15491,0.15941,0.15889
3104,6.90074,0.14989,0.13974,7.30292,0.15455,0.16087,0.20281,0.16019,0.14159,6.87783,0.28966,7.14277,6.76708,0.14231,0.14952,7.24082,0.14884,0.14629,0.14385,0.14904,0.15334,0.14786,0.15653,0.10023,0.13436,0.11721,0.15498,0.15892,0.15844
3105,6.81201,0.15083,0.13985,7.21415,0.15257,0.16046,3.38619,0.15943,0.13892,6.78408,0.91547,7.05538,7.15008,0.14366,0.15002,7.17635,0.14822,0.14618,0.14490,0.17441,0.15400,0.17865,0.15597,0.10002,0.13521,0.11987,0.15372,0.15881,0.15828
3106,6.88129,0.15139,0.14001,7.17086,0.15088,0.15993,7.25538,0.15850,0.13686,6.72578,6.01107,7.01453,7.19770,0.14442,0.15570,7.15203,0.68710,0.64772,0.15172,3.59911,0.15252,3.71046,0.15588,0.09996,0.13741,0.12037,0.15135,0.15861,0.15806
3107,7.00371,0.15176,0.14044,7.15363,0.14893,0.15951,7.14562,0.15840,0.13730,6.57115,6.24068,6.94759,7.17611,0.14442,0.17433,7.09396,1.35920,1.15042,0.16807,4.84918,0.15249,4.51931,0.15578,0.10003,0.13620,0.11975,0.15043,0.15836,0.15794
3108,7.02201,0.15264,0.14267,7.06767,0.14507,0.15842,5.75510,0.15790,0.13860,6.33212,3.77030,6.84105,7.14141,0.14193,0.15658,6.88359,0.39797,0.37036,0.15325,1.75095,0.15315,1.55980,0.15514,0.10001,0.13331,0.12071,0.15068,0.15807,0.15811
3109,6.85963,0.15310,0.14340,6.88419,0.14373,0.15740,4.75754,0.15734,0.13810,6.23750,2.37716,6.80729,7.01286,0.14296,0.15641,6.68007,0.28178,0.24772,0.15285,0.87541,0.15372,0.82087,0.15423,0.10002,0.13356,0.12255,0.14926,0.15718,0.15805
3110,6.68843,0.15283,0.14249,6.67670,0.14577,0.15736,6.94265,0.15715,0.13707,6.49226,6.01667,6.77266,6.88340,0.15184,0.35466,6.43636,1.92769,1.67058,0.29557,4.58708,0.15517,4.56955,0.15434,0.10018,0.13833,0.12631,0.14691,0.15574,0.15789
3111,6.71380,0.15267,0.14277,6.49109,0.14572,0.15719,6.78806,0.15707,0.13778,6.80186,6.50965,6.77310,6.69633,0.24473,2.11861,6.30344,6.19948,5.72654,1.58619,6.88826,0.19119,6.87130,0.15475,0.10007,0.14333,0.12814,0.14548,0.15430,0.15759
3112,6.84704,0.15230,0.14329,6.44389,0.14444,0.15679,6.60717,0.15724,0.14007,6.93245,6.38837,6.77155,6.58361,0.69296,4.35391,6.36161,6.80750,6.71233,3.72487,6.77027,0.40741,6.76110,0.15637,0.10003,0.16458,0.13319,0.14515,0.15347,0.15706
3113,6.89061,0.15248,0.14480,6.47774,0.14252,0.15568,6.55686,0.15688,0.14206,6.91761,6.39129,6.73917,6.54196,0.81234,4.43227,6.39959,6.67409,6.50325,3.70049,6.74993,0.57078,6.74221,0.16215,0.09989,0.17635,0.12743,0.14493,0.15330,0.15664
3114,6.79284,0.15267,0.14587,6.52197,0.14201,0.15492,6.49514,0.15754,0.14899,6.80311,6.38068,6.70153,6.53928,1.16496,4.01422,6.40973,6.54485,6.38249,3.94516,6.69763,0.64198,6.69446,0.16724,0.10014,0.21867,0.15885,0.14606,0.15254,0.15627
3115,6.70637,0.15236,0.14553,6.53617,0.14300,0.15511,6.51581,0.15915,0.16422,6.72100,6.38953,6.67426,6.56845,1.65810,3.44653,6.40388,6.40523,6.38351,4.21870,6.67312,0.62376,6.66426,0.17045,0.10019,0.30290,0.26153,0.14998,0.15118,0.15585
3116,6.65097,0.15221,0.14565,6.52014,0.14394,0.15518,6.51096,0.16056,0.18771,6.66314,6.34915,6.65571,6.56548,2.12783,3.89632,6.39946,6.53271,6.52253,4.66916,6.60284,0.76980,6.59826,0.17857,0.10016,0.40676,0.34358,0.15478,0.15044,0.15540
3117,6.62877,0.15229,0.14606,6.50762,0.14456,0.15493,6.52951,0.16066,0.20177,6.64095,6.41934,6.64929,6.55375,1.92504,2.86157,6.43970,5.82759,6.11913,4.17071,6.53175,0.63005,6.55690,0.18487,0.10009,0.41825,0.35989,0.15818,0.14996,0.15501
3118,6.60716,0.15227,0.14555,6.57220,0.14486,0.15463,6.51977,0.15972,0.19934,6.60404,6.16525,6.67473,6.54284,1.30024,1.49901,6.53205,3.87887,4.94460,3.13678,5.48930,0.36682,5.82077,0.18116,0.10006,0.37501,0.29113,0.15950,0.14988,0.15500
3119,6.58124,0.15210,0.14464,6.69694,0.14493,0.15475,6.36956,0.16086,0.19722,6.58768,5.88139,6.72719,6.59661,1.11004,1.31787,6.62537,3.34877,4.54917,2.77532,4.98010,0.33909,5.40346,0.18201,0.10007,0.35493,0.25248,0.15914,0.15018,0.15514
3120,6.57028,0.15206,0.14407,6.77291,0.14489,0.15508,6.33930,0.16324,0.19387,6.57690,5.86302,6.77620,6.70076,1.04660,1.52885,6.69492,3.49398,4.49920,2.70524,4.99851,0.42989,5.33556,0.19726,0.10007,0.34044,0.23259,0.15780,0.15048,0.15521
3121,6.60490,0.15184,0.14316,6.83972,0.14562,0.15457,5.25640,0.16269,0.18208,6.57844,4.70927,6.83041,6.76266,0.77860,1.06138,6.74235,2.28131,3.53645,2.02112,3.51314,0.35698,4.21676,0.19496,0.10008,0.29146,0.23008,0.15671,0.15071,0.15546
3122,6.59807,0.15134,0.14207,6.91805,0.14674,0.15402,3.65910,0.16143,0.17438,6.61498,3.32729,6.88118,6.77414,0.55823,0.65893,6.80984,1.42105,2.52329,1.34124,2.17034,0.28190,2.96571,0.18462,0.10008,0.25536,0.23114,0.15620,0.15100,0.15570
3123,6.52169,0.15086,0.14114,6.94208,0.14690,0.15370,2.74256,0.16077,0.17033,6.66838,2.53727,6.90374,6.77351,0.41726,0.47211,6.86659,0.98737,1.82737,0.93774,1.56177,0.24694,2.20344,0.17997,0.10004,0.23501,0.22137,0.15526,0.15128,0.15569
3124,6.56602,0.15098,0.14107,6.93781,0.14787,0.15407,6.24512,0.16224,0.18254,6.66820,4.58975,6.89770,6.90484,0.52741,0.60884,6.87074,1.47248,1.94279,1.10377,2.68605,0.27277,2.80328,0.18396,0.10019,0.24781,0.20631,0.15731,0.15104,0.15555
3125,6.68007,0.15104,0.14168,6.88953,0.15288,0.15451,6.78965,0.16275,0.20683,6.69878,6.55073,6.85175,6.89486,0.79393,1.08159,6.79490,3.61498,3.48388,1.53455,6.14083,0.33151,6.08196,0.18721,0.10031,0.29073,0.25868,0.16771,0.15081,0.15520
3126,6.69615,0.15110,0.14254,6.82997,0.15869,0.15453,6.76294,0.16144,0.22012,6.72405,6.55446,6.81058,6.85483,0.83471,0.98588,6.75123,3.49715,3.67614,1.55026,6.14528,0.32707,6.01616,0.18879,0.10021,0.30956,0.29588,0.17541,0.15118,0.15474
3127,6.67910,0.15102,0.14320,6.81441,0.16402,0.15464,5.44335,0.15957,0.22612,6.68785,4.59340,6.79219,6.79678,0.64753,0.55087,6.74573,1.45460,2.15260,1.19219,3.07600,0.24760,3.34657,0.18183,0.10016,0.30024,0.27440,0.17883,0.15180,0.15450
3128,6.62739,0.15096,0.14353,6.82004,0.16539,0.15562,4.54273,0.16097,0.23197,6.63924,2.86950,6.77906,6.75085,0.53358,0.43026,6.76266,0.90821,1.42576,0.96919,1.63176,0.22976,1.91354,0.17807,0.10037,0.28321,0.23683,0.18242,0.15265,0.15426
3129,6.59970,0.15129,0.14392,6.83358,0.16438,0.15667,3.81689,0.16192,0.23446,6.60307,2.57172,6.77665,6.77559,0.51003,0.43342,6.77643,0.88146,1.30956,0.90615,1.50575,0.23946,1.70552,0.17905,0.10007,0.27382,0.21794,0.18530,0.15345,0.15405
3130,6.57196,0.15149,0.14390,6.85653,0.16129,0.15881,4.54912,0.16424,0.23292,6.56408,2.34430,6.80078,6.83127,0.47143,0.46523,6.78747,0.88163,1.23867,0.86183,1.42719,0.25434,1.57920,0.18362,0.10004,0.26913,0.20050,0.18468,0.15357,0.15409
3131,6.60807,0.15114,0.14319,6.85555,0.16182,0.15862,2.58589,0.16392,0.22720,6.56464,1.83166,6.82074,6.76335,0.41488,0.41986,6.79522,0.72474,1.09068,0.75965,1.09342,0.24977,1.27714,0.18466,0.09989,0.25853,0.19080,0.18301,0.15334,0.15398
3132,6.51102,0.15103,0.14306,6.85549,0.16316,0.15918,4.45375,0.16457,0.22606,6.54186,1.79631,6.80939,6.79864,0.41054,0.40110,6.79201,0.70541,0.96916,0.70452,1.07631,0.24579,1.15188,0.18375,0.10033,0.24690,0.19271,0.18420,0.15352,0.15382
3133,6.51662,0.15090,0.14463,6.84991,0.17414,0.15890,1.86323,0.16133,0.21952,6.52197,1.26178,6.74544,6.62899,0.37688,0.30005,6.79855,0.49107,0.71083,0.56988,0.74739,0.20770,0.84853,0.17379,0.10485,0.22339,0.21207,0.18973,0.15529,0.15392
3134,6.50509,0.15191,0.14713,6.85909,0.18528,0.15936,6.37574,0.16300,0.21605,6.49107,5.24145,6.71148,6.72010,0.46258,0.58215,6.79565,2.06565,2.01337,0.69069,4.00258,0.25980,4.02174,0.17979,0.10301,0.25269,0.24304,0.19273,0.15913,0.15397
3135,6.51977,0.15296,0.14752,6.88070,0.18778,0.15955,6.78050,0.17121,0.21642,6.56166,6.41076,6.80065,6.81159,0.59206,2.55227,6.81346,6.07912,5.95265,2.28938,6.56867,0.44389,6.56540,0.21739,0.10025,0.30011,0.27377,0.18850,0.16148,0.15420
3136,6.67252,0.15333,0.14733,6.91895,0.18645,0.16062,6.60168,0.17268,0.21061,6.59300,6.21592,6.84897,6.89081,0.52148,1.71389,6.84089,4.52751,4.62634,1.68357,5.92874,0.40119,6.00567,0.21696,0.10009,0.27350,0.26233,0.18368,0.16222,0.15430
3137,6.73920,0.15328,0.14667,6.89538,0.18273,0.16101,5.41704,0.16978,0.20656,6.65691,4.58285,6.84423,6.85646,0.39905,0.67714,6.82608,1.84964,2.09349,0.82807,3.28567,0.29455,3.55246,0.20225,0.09992,0.25201,0.23142,0.18298,0.16213,0.15416
3138,6.71093,0.15316,0.14604,6.92148,0.17854,0.16154,5.41243,0.17129,0.20524,6.67519,4.13654,6.87729,6.87190,0.37969,0.60915,6.84134,1.50326,1.72052,0.74857,2.74995,0.28640,2.94237,0.20314,0.09982,0.24849,0.21467,0.18391,0.16167,0.15394
3139,6.77268,0.15347,0.14600,6.96841,0.17865,0.16218,6.43607,0.17460,0.20534,6.70048,5.26310,6.90799,6.93648,0.41532,0.75282,6.90483,1.94125,2.12583,0.89900,3.55459,0.31264,3.65210,0.20947,0.09997,0.25242,0.20796,0.18212,0.16212,0.15414
3140,6.83899,0.15340,0.14592,6.97942,0.18071,0.16257,2.83497,0.17012,0.20181,6.77220,2.36667,6.91302,6.76550,0.33200,0.43238,6.93372,0.84741,1.09332,0.58820,1.40284,0.25425,1.61489,0.19688,0.10008,0.23668,0.19321,0.17942,0.16227,0.15432
3141,6.74398,0.15310,0.14670,6.99121,0.18190,0.16300,1.94053,0.16881,0.19965,6.81337,1.76534,6.90540,6.69166,0.30705,0.36849,6.93047,0.63825,0.86921,0.51119,0.98919,0.23946,1.18302,0.19297,0.10009,0.22952,0.18797,0.17952,0.16180,0.15436
3142,6.54086,0.15265,0.14802,6.99984,0.18079,0.16370,1.49028,0.16918,0.19572,6.76046,1.44238,6.90967,6.72025,0.28203,0.33867,6.96286,0.53974,0.74082,0.45171,0.78753,0.23406,0.96254,0.19190,0.10009,0.22168,0.19009,0.18071,0.16075,0.15434
3143,6.51889,0.15232,0.14939,6.98448,0.17975,0.16408,1.64842,0.17023,0.19201,6.64279,1.23766,6.90829,6.76350,0.26788,0.31670,6.98771,0.47329,0.65155,0.41314,0.67494,0.22985,0.81458,0.19140,0.10008,0.21644,0.18939,0.18095,0.15997,0.15434
3144,6.68076,0.15225,0.15102,6.97617,0.18066,0.16440,6.19548,0.17334,0.18989,6.66231,3.16429,6.92982,6.92301,0.28565,0.36838,6.97803,0.61025,0.73530,0.46710,1.23262,0.24648,1.33974,0.19601,0.10009,0.21716,0.18992,0.17988,0.15981,0.15442
3145,6.92370,0.15225,0.15342,7.01242,0.18161,0.16556,6.83917,0.17677,0.18721,6.81743,5.64507,7.00158,7.00698,0.30237,0.42457,6.98756,0.75832,0.93088,0.52214,2.57314,0.26999,3.02046,0.20180,0.10029,0.21455,0.19579,0.17759,0.16006,0.15480
3146,7.00172,0.15218,0.15668,7.06719,0.18168,0.16613,3.50614,0.17603,0.18486,6.97329,2.24059,7.06883,6.98126,0.26892,0.35038,7.04011,0.51189,0.68533,0.42379,0.85258,0.24512,1.08150,0.19390,0.10026,0.20373,0.19423,0.17481,0.16017,0.15526
3147,6.56907,0.15221,0.15906,7.10446,0.18035,0.16574,0.65149,0.17335,0.18219,6.94326,0.85458,7.08702,6.69169,0.22395,0.26704,7.08353,0.34748,0.43250,0.30659,0.43158,0.21066,0.50834,0.18673,0.10020,0.19646,0.18945,0.17388,0.16015,0.15562
3148,6.30330,0.15256,0.16076,7.10927,0.17891,0.16510,0.44621,0.17193,0.18030,6.64591,0.67833,7.07204,6.67123,0.20359,0.23036,7.10976,0.27649,0.32806,0.25866,0.32357,0.19631,0.36823,0.18287,0.10014,0.19405,0.18300,0.17346,0.15993,0.15576
3149,6.39939,0.15298,0.16148,7.09610,0.17755,0.16471,0.37158,0.17111,0.17867,6.56906,0.59562,7.06383,6.78383,0.19500,0.21275,7.11196,0.24611,0.28598,0.23428,0.27804,0.19179,0.30944,0.18016,0.10011,0.19231,0.17783,0.17346,0.15984,0.15590
3150,6.69115,0.15349,0.16219,7.09530,0.17687,0.16440,0.62674,0.17060,0.17792,6.66625,0.56642,7.08291,6.94785,0.19341,0.20655,7.10326,0.23530,0.27077,0.22716,0.26511,0.19011,0.29113,0.17875,0.10010,0.19089,0.17248,0.17288,0.15982,0.15597
3151,6.93374,0.15406,0.16285,7.10752,0.17668,0.16431,2.48398,0.17055,0.17766,6.86089,0.57076,7.11151,7.09622,0.19378,0.20781,7.10144,0.23868,0.27073,0.22821,0.27370,0.19034,0.29156,0.17877,0.10011,0.18961,0.16805,0.17220,0.15985,0.15600
3152,7.09070,0.15457,0.16420,7.13657,0.17450,0.16432,1.67726,0.17031,0.17526,7.02893,0.55235,7.14396,7.11869,0.18902,0.20845,7.11160,0.23825,0.26621,0.22334,0.26876,0.19095,0.28420,0.17967,0.10018,0.18727,0.17129,0.17233,0.16027,0.15623
3153,7.10881,0.15572,0.16632,7.18015,0.17314,0.16429,6.11667,0.17073,0.17403,7.09995,2.57851,7.18006,7.18886,0.19234,0.21675,7.14403,0.25661,0.27589,0.23242,0.45356,0.19393,0.52034,0.18047,0.10021,0.18473,0.17343,0.17022,0.16063,0.15639
3154,7.21197,0.15640,0.16683,7.22574,0.17242,0.16409,5.47580,0.17088,0.17285,7.16026,2.41231,7.21943,7.23570,0.18956,0.21702,7.18596,0.25546,0.27340,0.22814,0.44483,0.19413,0.51275,0.18027,0.10012,0.18300,0.17150,0.16852,0.16085,0.15683
3155,7.18672,0.15680,0.16652,7.26087,0.17189,0.16377,0.80646,0.17007,0.17140,7.21653,0.55320,7.24655,7.03822,0.18364,0.20436,7.22734,0.22693,0.24456,0.20993,0.25182,0.18862,0.26507,0.17837,0.10008,0.18175,0.16614,0.16790,0.16088,0.15708
3156,6.76221,0.15717,0.16573,7.26188,0.16948,0.16372,0.26522,0.16931,0.17052,7.16954,0.42958,7.23290,6.69007,0.17711,0.19316,7.24250,0.20627,0.21393,0.19233,0.21924,0.18344,0.22805,0.17726,0.10007,0.18027,0.16014,0.16890,0.16098,0.15698
3157,6.68275,0.15704,0.16460,7.23550,0.16833,0.16441,0.61026,0.16924,0.17219,7.03183,0.40899,7.17457,6.68107,0.17693,0.18969,7.19172,0.20090,0.20408,0.18879,0.21322,0.18163,0.21744,0.17618,0.10004,0.17738,0.15189,0.16946,0.16096,0.15688
3158,6.67356,0.15783,0.16360,7.22076,0.16963,0.16483,4.70302,0.16871,0.17278,6.97233,1.62204,7.01692,7.00917,0.17976,0.19066,7.07102,0.20954,0.20848,0.19181,0.39503,0.18014,0.42271,0.17389,0.10037,0.17337,0.15036,0.17010,0.16071,0.15657
3159,6.80309,0.15832,0.16270,7.12410,0.16989,0.16494,7.12939,0.16831,0.17151,6.83441,6.16414,6.96099,7.17488,0.18372,0.23386,6.98853,1.20136,1.03715,0.21878,4.40462,0.18132,4.45083,0.17268,0.09997,0.17161,0.14916,0.17072,0.16098,0.15659
3160,6.90049,0.15777,0.16186,7.03038,0.16816,0.16520,7.04948,0.16747,0.17091,6.61458,6.18103,6.93664,7.15073,0.18262,0.31009,6.97132,2.07137,1.69099,0.26691,5.05279,0.18099,4.86583,0.17159,0.09985,0.16847,0.14747,0.17072,0.16143,0.15670
3161,6.91944,0.15712,0.16104,6.98988,0.16556,0.16635,7.07964,0.16758,0.16983,6.60712,6.60261,6.93699,7.05603,0.22585,1.27956,6.93450,4.15436,3.80271,0.96549,6.29277,0.23397,6.28633,0.17262,0.09990,0.16785,0.14715,0.17073,0.16223,0.15693
3162,6.87879,0.15706,0.16017,7.00375,0.16544,0.16653,7.02349,0.16930,0.16836,6.68445,6.71466,6.98371,7.01622,0.41558,3.40938,6.93005,6.62797,6.51176,2.88778,7.03387,0.49447,7.02760,0.17944,0.09998,0.17491,0.14600,0.17039,0.16262,0.15715
3163,6.97969,0.15683,0.15959,7.04008,0.16375,0.16648,6.81402,0.16890,0.16849,6.80698,6.17529,7.01668,7.04684,0.25363,1.34408,6.93702,3.74808,3.48380,1.14286,5.44233,0.26469,5.47142,0.17484,0.09995,0.16939,0.14528,0.16950,0.16218,0.15677
3164,6.99658,0.15670,0.15863,6.96668,0.16234,0.16679,6.49022,0.16816,0.16862,6.86009,5.59315,6.96108,7.03641,0.26623,1.04256,6.90981,2.95030,2.50164,0.89449,4.51627,0.23488,4.41559,0.17252,0.09991,0.16807,0.14388,0.16890,0.16214,0.15648
3165,6.98856,0.15680,0.15786,6.96753,0.16244,0.16682,6.80135,0.16826,0.16781,6.88321,6.10616,6.97922,6.99549,0.34969,1.45901,6.89451,3.56614,3.32416,1.27032,5.28386,0.30854,5.29517,0.17481,0.09988,0.17393,0.14159,0.16889,0.16216,0.15638
3166,7.01307,0.15678,0.15713,7.03220,0.16335,0.16659,6.97205,0.16929,0.16598,6.93399,6.71330,7.04906,7.04893,0.50900,2.33792,6.94268,4.99350,4.89078,2.03299,6.59401,0.53263,6.60422,0.18573,0.09994,0.18719,0.14322,0.16864,0.16213,0.15638
3167,7.06909,0.15656,0.15683,7.10796,0.16339,0.16630,6.84440,0.17058,0.16258,7.02461,6.32991,7.11352,7.11157,0.39402,1.67354,7.02793,3.63261,3.88895,1.50090,5.35073,0.49771,5.65096,0.18965,0.10000,0.17904,0.15101,0.16774,0.16196,0.15640
3168,7.08046,0.15637,0.15636,7.14992,0.16165,0.16602,4.47460,0.16967,0.16354,7.08602,3.80566,7.13768,7.06083,0.24561,0.80697,7.07220,1.72964,1.69890,0.68994,2.66801,0.29200,2.82366,0.18299,0.10000,0.17076,0.14752,0.16651,0.16182,0.15637
3169,7.01810,0.15649,0.15625,7.07301,0.15954,0.16611,1.79286,0.16840,0.16587,6.99022,1.73450,7.00330,6.78160,0.19293,0.36456,6.95896,0.71151,0.67834,0.35742,1.04735,0.19983,1.03100,0.17367,0.10019,0.16540,0.14191,0.16585,0.16184,0.15656
3170,6.78320,0.15644,0.15560,6.95750,0.15805,0.16584,1.90400,0.16716,0.16566,6.75228,1.15511,6.87485,6.82235,0.18154,0.24457,6.89458,0.41870,0.42767,0.26241,0.60329,0.18141,0.60136,0.16966,0.10001,0.16098,0.14141,0.16564,0.16167,0.15655
3171,6.65864,0.15648,0.15481,6.91980,0.15754,0.16553,6.71231,0.16605,0.16404,6.45163,3.91644,6.78426,6.92758,0.19471,0.29231,6.85939,0.54072,0.51117,0.29428,1.39681,0.18479,1.46362,0.16834,0.09994,0.16054,0.14251,0.16584,0.16172,0.15667
3172,6.64037,0.15672,0.15441,6.86922,0.15773,0.16513,6.93852,0.16486,0.16228,6.35162,6.58296,6.74583,6.91044,0.22735,0.50007,6.79471,2.34788,1.91356,0.42943,5.91413,0.19842,5.83220,0.16755,0.09999,0.16548,0.14653,0.16582,0.16193,0.15709
3173,6.54892,0.15683,0.15412,6.81910,0.15824,0.16463,6.89234,0.16373,0.16230,6.20192,6.59146,6.71298,6.85890,0.26458,0.93812,6.77483,4.37671,3.69765,0.76182,6.42536,0.21233,6.21803,0.16656,0.10136,0.17001,0.15391,0.16515,0.16191,0.15755
3174,6.36553,0.15680,0.15317,6.84409,0.16070,0.16402,6.84417,0.16291,0.16325,6.24111,6.63767,6.73643,6.79484,0.34723,1.30832,6.83222,4.87312,4.27764,1.28770,6.58074,0.22204,6.47822,0.16542,0.10128,0.18026,0.16569,0.16415,0.16176,0.15780
3175,6.32584,0.15681,0.15293,6.88272,0.16206,0.16357,6.80743,0.16299,0.16864,6.19977,6.63721,6.74961,6.77715,0.68094,2.55855,6.85934,5.70639,5.40940,2.53835,6.64768,0.36353,6.58896,0.16757,0.10190,0.21353,0.19033,0.16425,0.16182,0.15795
3176,6.41763,0.15695,0.15296,6.91798,0.16222,0.16340,6.77319,0.16376,0.17912,6.41506,6.64214,6.80142,6.79359,1.27817,4.56370,6.91451,6.71830,6.63616,4.33213,6.80600,0.81040,6.80385,0.17647,0.10033,0.26705,0.20908,0.16514,0.16202,0.15828
3177,6.52615,0.15713,0.15317,6.98699,0.16071,0.16359,6.73815,0.16416,0.18309,6.35100,6.48928,6.84127,6.89561,0.82502,2.21572,6.94065,5.07618,5.12286,2.78285,6.21497,0.41347,6.20775,0.17387,0.10017,0.23406,0.18042,0.16590,0.16212,0.15847
3178,6.57212,0.15729,0.15301,7.00236,0.16116,0.16391,6.87462,0.16569,0.18994,6.51188,6.52456,6.90633,6.96306,0.96334,1.76387,6.94961,4.77054,4.82115,2.60389,6.13413,0.37147,6.11685,0.17471,0.10169,0.25163,0.20906,0.16977,0.16220,0.15862
3179,6.65322,0.15731,0.15281,7.00846,0.16452,0.16434,6.94558,0.16729,0.20587,6.74969,6.68047,6.93441,6.95249,1.32051,1.87695,6.98131,5.12569,5.14641,2.89954,6.39803,0.41596,6.35294,0.17834,0.10297,0.32928,0.30012,0.17706,0.16225,0.15870
3180,6.80215,0.15736,0.15271,7.03565,0.16740,0.16478,6.98769,0.16863,0.22682,6.87503,6.81236,6.99160,6.99702,1.56984,2.28876,7.00293,5.71097,5.55037,3.22974,6.68586,0.47812,6.64821,0.18367,0.10033,0.41038,0.33849,0.18289,0.16253,0.15877
3181,6.89935,0.15750,0.15282,7.06259,0.16578,0.16572,6.91020,0.16963,0.23692,6.89072,6.62439,7.02131,7.04446,1.34640,1.79904,6.99858,4.85381,4.84033,2.76741,6.22169,0.43921,6.10949,0.18826,0.10009,0.39641,0.25958,0.18477,0.16276,0.15889
3182,6.96394,0.15795,0.15334,7.07192,0.17210,0.16719,7.07166,0.19388,0.28673,6.90249,6.94385,7.03890,7.08924,2.74097,4.92824,7.01488,6.57879,6.52887,5.01352,6.95188,2.01181,6.95083,0.39732,0.10167,0.82103,0.57434,0.19348,0.16336,0.15911
3183,7.04412,0.15834,0.15711,7.11477,0.18587,0.16824,7.10244,0.25698,0.34197,6.95784,7.01469,7.04884,7.09951,4.11855,6.46613,7.08370,7.04365,7.05576,6.52717,7.09290,3.99139,7.09414,0.88785,0.10278,1.19878,1.29365,0.19654,0.16386,0.15912
3184,7.05445,0.15882,0.15986,7.11349,0.19254,0.16611,7.00868,0.23376,0.32764,7.01098,6.86277,7.04388,7.06804,2.25220,4.30821,7.09374,6.08379,6.38009,4.91009,6.68326,1.77703,6.77886,0.46062,0.10069,0.83310,1.24513,0.20003,0.16451,0.15911
3185,7.03824,0.15903,0.15984,7.09991,0.19509,0.16560,6.09637,0.21058,0.30951,6.99888,5.80628,7.02856,7.03265,1.31315,2.25587,7.04713,3.97943,4.79336,3.02899,5.02471,0.80692,5.44912,0.34991,0.10029,0.67924,1.04926,0.20129,0.16479,0.15913
3186,6.87591,0.15894,0.15922,7.08288,0.19322,0.16551,4.24868,0.19201,0.29213,6.96546,4.03445,7.00268,6.94829,0.93772,1.07839,7.05177,2.07175,2.95392,1.68376,2.94742,0.47571,3.55457,0.30502,0.10014,0.59642,0.85253,0.19790,0.16455,0.15915
3187,6.53601,0.15906,0.15825,7.07117,0.19121,0.16558,2.49340,0.18021,0.27825,6.88403,2.51413,6.98482,6.80227,0.78422,0.61752,7.05300,1.06292,1.68122,1.07312,1.54775,0.38872,2.02688,0.26074,0.10020,0.57131,0.62499,0.19399,0.16460,0.15921
3188,6.30730,0.15921,0.15765,7.06122,0.18560,0.16741,1.79084,0.17797,0.27823,6.67739,1.85187,6.94374,6.83505,0.72709,0.49781,7.03826,0.76432,1.20911,0.86636,1.05981,0.36445,1.39510,0.24222,0.10014,0.54497,0.44393,0.19225,0.16462,0.15934
3189,6.46011,0.15922,0.15708,7.04701,0.17787,0.17190,2.23599,0.18531,0.28717,6.53267,1.64330,6.88186,6.91496,0.67556,0.47539,7.03129,0.71548,1.04867,0.79555,0.96457,0.36725,1.19110,0.24803,0.10005,0.51014,0.34084,0.19267,0.16466,0.15947
3190,6.75859,0.15926,0.15659,7.04004,0.17195,0.17723,3.59637,0.19777,0.29759,6.57539,1.71365,6.89984,7.01321,0.61589,0.51964,7.02843,0.77365,1.01103,0.77513,1.02864,0.40295,1.13694,0.27422,0.10001,0.47823,0.29324,0.19295,0.16515,0.15954
3191,6.94403,0.15929,0.15700,7.05213,0.16678,0.18322,6.14755,0.22088,0.28853,6.80635,3.30906,6.97418,7.04213,0.53600,0.63299,7.03315,0.90845,1.01904,0.76615,1.27397,0.45936,1.38318,0.35659,0.10010,0.43348,0.27773,0.18786,0.16663,0.15959
3192,7.04405,0.15913,0.15801,7.07995,0.16543,0.19043,7.06432,0.27920,0.27276,6.96870,6.48020,7.04954,7.08007,0.52427,0.90219,7.05864,2.20853,2.24842,0.86799,5.09571,0.58078,5.28448,0.43745,0.10038,0.39845,0.29703,0.17997,0.17039,0.16008
3193,7.08637,0.15919,0.15840,7.11341,0.16481,0.19474,6.86947,0.29588,0.25725,7.04151,6.07924,7.06824,7.10716,0.48027,0.90458,7.09263,2.12004,1.86669,0.81019,4.56993,0.57829,4.52011,0.43974,0.10024,0.36325,0.27913,0.17578,0.17378,0.16082
3194,7.08806,0.15940,0.15826,7.12300,0.16451,0.19463,4.19230,0.28403,0.25409,7.07834,2.99114,7.06806,7.06804,0.42710,0.71375,7.09739,1.05339,0.98923,0.66431,1.67294,0.51080,1.62118,0.41641,0.10014,0.33924,0.25047,0.17581,0.17528,0.16107
3195,7.00568,0.15930,0.15852,7.12843,0.16551,0.19675,4.58345,0.28473,0.24455,7.07351,2.57765,7.10259,7.06719,0.41728,0.68088,7.11925,0.95547,0.94968,0.64374,1.40728,0.50230,1.45534,0.40981,0.10017,0.32980,0.25697,0.17539,0.17751,0.16155
3196,7.06356,0.15919,0.15882,7.13016,0.16618,0.20341,3.95812,0.28480,0.23145,7.04831,2.34209,7.12517,7.10150,0.39480,0.65343,7.12531,0.90280,0.91712,0.60809,1.28008,0.49635,1.36052,0.39057,0.10018,0.31205,0.26766,0.17599,0.18134,0.16316
3197,6.73375,0.15929,0.15920,7.19777,0.16646,0.20507,1.15164,0.26700,0.21774,7.02717,1.26532,7.17638,6.95907,0.33250,0.52489,7.15775,0.66678,0.64040,0.46463,0.78582,0.44178,0.80001,0.35934,0.10019,0.27655,0.25725,0.17237,0.18983,0.16617
3198,6.33712,0.15973,0.15981,7.25909,0.16613,0.20012,0.69466,0.24696,0.20594,6.71972,0.93369,7.19675,6.94836,0.28658,0.43090,7.22712,0.49484,0.45388,0.36091,0.55524,0.37452,0.54224,0.32997,0.10017,0.24729,0.23688,0.17085,0.19859,0.17162
3199,6.37439,0.16134,0.16016,7.30866,0.16520,0.19183,0.50767,0.23493,0.19980,6.52415,0.75354,7.21094,7.07758,0.25542,0.37695,7.27669,0.40060,0.34777,0.30411,0.42681,0.31324,0.40321,0.30314,0.10011,0.22774,0.21149,0.17088,0.20212,0.17930
3200,6.56832,0.16352,0.15948,7.33570,0.16450,0.18791,0.42838,0.23022,0.20158,6.63699,0.66176,7.22272,7.06846,0.24233,0.34342,7.30535,0.36583,0.31010,0.28295,0.37185,0.28063,0.34256,0.28570,0.09995,0.22097,0.18945,0.17138,0.20084,0.18227
3201,6.60890,0.16660,0.15902,7.34923,0.16421,0.18795,0.46576,0.21884,0.19946,6.73793,0.59482,7.18917,7.02505,0.22605,0.30091,7.32455,0.33377,0.28485,0.26205,0.33951,0.26471,0.31116,0.26235,0.10095,0.21432,0.17603,0.17236,0.19863,0.18330
3202,6.21408,0.17021,0.15912,7.33320,0.16441,0.19123,1.91079,0.21537,0.20013,6.39355,0.67964,7.05000,7.03495,0.21667,0.27440,7.30970,0.30235,0.26926,0.24600,0.31362,0.25743,0.29602,0.23827,0.10028,0.20447,0.16690,0.17470,0.19547,0.18448
3203,6.57214,0.17288,0.15951,7.32170,0.16481,0.19592,7.20130,0.21566,0.19938,6.37096,4.55823,7.03623,7.31744,0.22043,0.28461,7.24202,0.31077,0.28622,0.25561,0.94680,0.25530,0.98570,0.23017,0.10022,0.20032,0.16145,0.17804,0.19275,0.18546
3204,6.93539,0.17515,0.16029,7.25214,0.16451,0.19889,4.05932,0.21251,0.19732,6.45809,1.53324,6.99782,7.27850,0.21205,0.27163,7.17030,0.29468,0.27137,0.24613,0.41863,0.23953,0.42331,0.21860,0.10088,0.19460,0.16042,0.18026,0.19003,0.18633
3205,6.81354,0.17652,0.16068,7.18522,0.16378,0.20101,7.27692,0.21061,0.19525,6.32373,6.23235,7.00900,7.24045,0.22154,0.29657,7.15712,0.72620,0.62762,0.26350,3.39767,0.24754,3.46252,0.21730,0.09998,0.19478,0.15764,0.18348,0.18877,0.18689
3206,6.80031,0.17778,0.16096,7.17972,0.16363,0.20226,7.20933,0.21016,0.19444,6.33835,6.83716,7.02344,7.19261,0.26409,1.62145,7.15159,5.66664,5.26531,1.19401,7.16042,0.28538,7.13611,0.22418,0.09985,0.19901,0.15486,0.18404,0.18921,0.18722
3207,7.00273,0.17855,0.16125,7.17602,0.16298,0.20293,7.18403,0.21007,0.19527,6.47464,6.84607,7.04398,7.18704,0.41386,3.79565,7.14289,7.04858,6.80721,2.89099,7.19646,0.42862,7.18915,0.22968,0.09998,0.20275,0.15202,0.18568,0.18918,0.18764
3208,7.03901,0.17862,0.16126,7.15745,0.16332,0.20352,7.17989,0.21077,0.19598,6.73330,6.87740,7.08374,7.17987,0.91150,5.02727,7.13073,7.07883,6.89602,4.07223,7.17503,1.06125,7.16660,0.24840,0.10000,0.23747,0.15123,0.18729,0.18993,0.18775
3209,7.12428,0.17560,0.15945,7.23674,0.17020,0.20752,7.18338,0.31071,0.20510,6.92639,6.93130,7.23644,7.21909,3.41707,6.92342,7.18669,7.15043,7.14284,6.67836,7.16348,4.82113,7.15957,1.13271,0.10261,0.65599,0.29276,0.18968,0.19253,0.18660
3210,7.27456,0.17500,0.15868,7.44670,0.17262,0.24593,7.20854,0.65038,0.21865,7.16980,6.95565,7.42639,7.40224,3.12149,6.78278,7.37290,7.11790,7.10502,6.40159,7.14562,5.15244,7.14469,1.95236,0.10076,0.65109,0.36825,0.18451,0.20362,0.18692
3211,7.41899,0.17500,0.15822,7.56409,0.17306,0.32030,7.12286,0.77539,0.22328,7.33003,6.90687,7.48221,7.51366,1.93266,5.38222,7.50402,6.65907,6.63510,4.79368,7.00091,3.56576,7.01084,1.44050,0.10012,0.42867,0.34398,0.18423,0.23168,0.18951
3212,7.44878,0.17312,0.15811,7.58537,0.17494,0.36558,6.55307,0.64684,0.22744,7.42771,6.12502,7.48309,7.50232,0.99643,3.47470,7.55007,4.74711,4.72734,2.82677,5.62396,1.77430,5.70649,0.98385,0.10013,0.31850,0.31192,0.18667,0.27035,0.19451
3213,7.36925,0.17210,0.15765,7.57711,0.17602,0.35981,5.33759,0.61146,0.23569,7.42268,4.61138,7.43815,7.40225,0.62140,2.03031,7.45842,3.10808,2.97884,1.67357,3.84687,0.95366,3.87095,0.85217,0.10015,0.33416,0.27601,0.19260,0.25297,0.19396
3214,7.33472,0.17182,0.15734,7.45659,0.18548,0.34164,7.18452,0.66443,0.29508,7.27151,6.61380,7.28317,7.39892,1.18174,2.54502,7.25915,4.17568,4.13978,2.51836,5.84346,1.09014,5.86052,0.75766,0.10011,0.48660,0.30622,0.24588,0.21604,0.18987
3215,7.19235,0.17180,0.15712,7.29379,0.19795,0.31090,6.97148,0.57874,0.35850,7.07365,6.41603,7.18339,7.35972,1.32130,2.29583,7.23432,4.01117,4.28103,2.61773,5.62838,1.04823,5.77294,0.70899,0.10007,0.55442,0.32955,0.29432,0.20695,0.18794
3216,7.05403,0.17233,0.15685,7.24516,0.18907,0.30438,3.84061,0.45973,0.37403,6.91381,3.51291,7.13770,7.15105,0.78526,1.18316,7.20483,1.95967,2.38789,1.56251,2.63698,0.78149,2.91122,0.67998,0.09996,0.46434,0.25006,0.28460,0.20782,0.18789
3217,6.79185,0.17247,0.15651,7.22493,0.18840,0.30375,2.24801,0.37230,0.38394,6.81623,2.26330,7.10971,6.97428,0.60355,0.83298,7.21571,1.15765,1.48295,1.00159,1.54549,0.66806,1.78401,0.49966,0.10083,0.41749,0.23215,0.29707,0.21006,0.18738
3218,6.75493,0.17189,0.15621,7.23772,0.21900,0.29621,3.62871,0.31422,0.37220,6.86728,1.96168,7.07144,7.02926,0.61526,0.73224,7.21625,0.97721,1.14863,0.87189,1.27908,0.53017,1.36675,0.37824,0.10030,0.39387,0.25772,0.35433,0.21495,0.18617
3219,6.87903,0.17275,0.15900,7.22454,0.26289,0.28869,7.15819,0.29032,0.36000,6.85962,5.66064,7.09715,7.19796,0.70827,0.82120,7.20411,1.36481,1.34255,0.94903,3.03127,0.51663,3.08743,0.34405,0.10006,0.42571,0.28233,0.37514,0.22602,0.18501
3220,7.00675,0.17490,0.16157,7.22412,0.28447,0.28452,6.24974,0.27307,0.36169,6.82405,4.75158,7.11160,7.21312,0.68432,0.74028,7.23614,1.28503,1.25633,0.91375,2.57293,0.45044,2.38032,0.31903,0.10008,0.41038,0.27773,0.37185,0.23548,0.18463
3221,6.86970,0.17655,0.16294,7.25158,0.25100,0.30063,1.56828,0.27020,0.36337,6.84639,1.51909,7.13121,7.03145,0.50074,0.53820,7.26835,0.76348,0.91536,0.73760,0.95584,0.36393,1.02394,0.28979,0.10008,0.35718,0.25531,0.35487,0.24030,0.18578
3222,6.76749,0.17970,0.16494,7.27915,0.22591,0.31438,4.83616,0.27541,0.35803,6.72338,2.28473,7.10902,7.21249,0.44853,0.58697,7.28218,0.81911,0.88413,0.68602,1.03115,0.37807,1.07603,0.28872,0.10004,0.34200,0.26226,0.32600,0.25074,0.18779
3223,6.92640,0.18361,0.16631,7.29137,0.21410,0.31462,3.32780,0.27955,0.34520,6.75209,1.86554,7.13714,7.18791,0.41487,0.53945,7.28590,0.77749,0.80153,0.61986,0.95093,0.35820,0.95782,0.28096,0.10014,0.32676,0.26568,0.30883,0.25973,0.19050
3224,6.87043,0.18870,0.16973,7.29393,0.20889,0.30969,4.55837,0.28128,0.33172,6.88510,2.33584,7.17754,7.22154,0.38832,0.51975,7.28734,0.73634,0.74949,0.56725,1.03015,0.34513,1.07157,0.27718,0.10009,0.31497,0.26426,0.29216,0.26800,0.19460
3225,7.06243,0.19544,0.17302,7.29287,0.20472,0.30094,7.29162,0.27867,0.32173,6.93404,6.81621,7.20349,7.28840,0.46325,0.92913,7.29005,2.98706,2.72612,0.82737,5.94060,0.43412,5.94700,0.28900,0.10010,0.32658,0.25496,0.28730,0.27554,0.20220
3226,7.15713,0.20315,0.17448,7.29345,0.19741,0.29449,7.29027,0.28350,0.31914,7.02973,6.98477,7.24153,7.29102,0.62020,3.19278,7.29213,6.89479,6.62210,2.50159,7.26923,0.66084,7.25975,0.34424,0.09999,0.35396,0.24317,0.27667,0.27938,0.21042
3227,7.25064,0.20550,0.17613,7.29502,0.20062,0.29433,6.87422,0.28499,0.30715,7.11705,6.26865,7.26462,7.28879,0.45607,1.51260,7.29361,4.04830,3.54372,1.28506,5.65470,0.49927,5.49713,0.31888,0.10007,0.33244,0.23839,0.25976,0.27836,0.20934
3228,7.08280,0.20882,0.18145,7.29425,0.21277,0.28843,2.79364,0.28555,0.28798,7.18769,2.37928,7.26092,7.09530,0.32128,0.52668,7.29098,0.95648,0.90075,0.50959,1.50537,0.35045,1.45528,0.29040,0.10011,0.30628,0.23220,0.24040,0.27736,0.20960
3229,6.76142,0.21385,0.18182,7.29144,0.21530,0.28118,4.39326,0.28519,0.28075,7.16212,2.91876,7.22233,7.07907,0.30946,0.44536,7.29027,0.67179,0.65034,0.42665,1.33244,0.32314,1.38820,0.28578,0.10000,0.28741,0.21365,0.24094,0.27681,0.21420
3230,6.92324,0.21654,0.18116,7.29254,0.21401,0.27891,7.28712,0.28241,0.28093,7.11721,6.91274,7.19822,7.26871,0.37784,0.96144,7.29185,3.53894,3.19633,0.80524,6.53496,0.37297,6.50632,0.28604,0.10009,0.28827,0.20374,0.25667,0.27470,0.21868
3231,7.09119,0.21739,0.17869,7.29306,0.22203,0.27661,7.29217,0.27424,0.27981,6.93414,7.03154,7.16194,7.28454,0.80864,3.22538,7.28626,7.03261,6.87911,3.32843,7.27818,0.48063,7.27033,0.28540,0.10079,0.31928,0.23838,0.27829,0.27050,0.22456
3232,7.04682,0.21524,0.17660,7.27204,0.24658,0.27477,7.28071,0.26873,0.29351,6.94359,7.05989,7.16961,7.25864,2.35639,5.73610,7.23660,7.26959,7.25951,6.00848,7.27959,1.15492,7.27437,0.30246,0.10025,0.47782,0.31976,0.28457,0.26683,0.22998
3233,7.07873,0.21348,0.17682,7.24240,0.25657,0.27418,7.27448,0.26754,0.31434,6.97465,7.07369,7.18198,7.26050,2.87544,5.64883,7.21977,7.21355,7.22393,6.31276,7.27136,1.49969,7.26859,0.32008,0.10011,0.54303,0.33318,0.28491,0.26515,0.23153
3234,7.11143,0.21272,0.17740,7.23605,0.25858,0.27420,7.25749,0.27009,0.32963,6.89681,7.09114,7.16148,7.24669,2.51611,4.04823,7.20477,6.89234,7.01703,5.59547,7.24395,0.99131,7.24386,0.30970,0.10009,0.50750,0.32202,0.28744,0.26437,0.23237
3235,7.14799,0.21429,0.17878,7.23433,0.24989,0.27416,7.24605,0.27405,0.33981,7.00296,7.09507,7.20835,7.24107,2.66016,4.45453,7.19734,6.81906,6.95331,5.57972,7.20446,1.27021,7.21136,0.33492,0.10003,0.57400,0.28089,0.28938,0.26495,0.23452
3236,7.20635,0.21464,0.17861,7.24449,0.24485,0.27462,7.19484,0.27375,0.33677,7.08293,6.95685,7.22421,7.24465,1.83347,2.77387,7.20129,5.49671,6.22137,4.45785,6.66985,0.79769,6.82033,0.31562,0.10002,0.47425,0.23565,0.28909,0.26454,0.23426
3237,7.22589,0.21414,0.17897,7.26306,0.24348,0.27558,6.48479,0.27408,0.33252,7.14954,6.02433,7.24283,7.24192,1.12783,1.61969,7.21697,3.57637,5.00422,3.17464,5.02661,0.52960,5.67260,0.30223,0.10002,0.40932,0.21601,0.28890,0.26347,0.23287
3238,7.12673,0.21425,0.18202,7.27395,0.23630,0.27783,4.65037,0.27647,0.32514,7.18428,4.28796,7.24958,7.18102,0.59450,0.90433,7.22109,1.96617,3.34078,1.77024,3.00515,0.40020,3.95937,0.29294,0.10002,0.36284,0.21342,0.28357,0.26231,0.23151
3239,6.84385,0.21605,0.18534,7.26375,0.22777,0.28018,2.89656,0.28028,0.31706,7.11941,2.80354,7.24131,7.08214,0.38329,0.54629,7.19238,1.07963,1.79537,0.86781,1.69873,0.34593,2.36124,0.28814,0.10004,0.33100,0.21780,0.27303,0.26226,0.23101
3240,6.74289,0.21905,0.18712,7.23805,0.22344,0.28143,2.64911,0.28319,0.31174,6.97608,2.32207,7.21576,7.18312,0.33782,0.48030,7.17792,0.90910,1.30013,0.64735,1.39374,0.33364,1.78093,0.29085,0.10001,0.31250,0.21706,0.26540,0.26374,0.23156
3241,6.85009,0.22139,0.18778,7.22304,0.22021,0.28097,1.76393,0.28499,0.30268,6.92506,1.80295,7.20287,7.08685,0.29831,0.40996,7.17126,0.68104,0.87184,0.48851,1.01882,0.32019,1.25056,0.29081,0.09999,0.30440,0.21510,0.25815,0.26492,0.23184
3242,6.51028,0.22493,0.19023,7.22760,0.21593,0.27790,0.93796,0.28639,0.28899,6.89068,1.13272,7.15368,6.94646,0.26424,0.34162,7.15575,0.43859,0.48221,0.34367,0.56969,0.30464,0.63774,0.28847,0.09999,0.29475,0.21458,0.24743,0.26651,0.23243
3243,6.46629,0.22797,0.19286,7.19787,0.21609,0.27546,4.42906,0.28688,0.28108,6.77021,1.66041,7.09653,7.14493,0.26052,0.33384,7.13995,0.41872,0.40653,0.31784,0.54518,0.29779,0.56814,0.28753,0.09999,0.27506,0.20575,0.24567,0.26706,0.23369
3244,6.75835,0.22912,0.19383,7.15855,0.21412,0.27415,2.23911,0.28362,0.27358,6.83217,1.05932,7.06704,7.12662,0.26366,0.31817,7.10158,0.39528,0.36996,0.30625,0.47642,0.28907,0.46070,0.28436,0.10009,0.25674,0.20131,0.25109,0.26464,0.23649
3245,6.72109,0.22984,0.19620,7.12996,0.20957,0.27296,1.11233,0.27599,0.26377,6.77626,0.71450,7.03758,6.86424,0.26194,0.29274,7.08895,0.33057,0.31825,0.28197,0.36998,0.28094,0.35681,0.27627,0.10162,0.24440,0.20635,0.25395,0.26166,0.23970
3246,6.72188,0.23083,0.19650,7.15023,0.21860,0.27065,7.00186,0.26863,0.25131,6.71244,6.08241,7.07006,7.00674,0.31646,1.28333,7.12870,3.64055,3.48292,1.09577,5.32567,0.31333,5.33766,0.27297,0.10070,0.25235,0.21077,0.26267,0.25863,0.24379
3247,6.83384,0.23011,0.19684,7.17983,0.22619,0.26827,7.10679,0.26701,0.25105,6.84148,6.82634,7.13656,7.11341,0.85280,4.61407,7.14204,6.84302,6.76785,4.32778,7.04522,0.78199,7.03318,0.27896,0.10062,0.26881,0.20834,0.26493,0.25613,0.24534
3248,6.94491,0.22961,0.20254,7.18517,0.21924,0.26634,6.95415,0.26278,0.25221,6.85142,6.52612,7.12436,7.15701,0.66386,1.65093,7.12588,4.64999,4.69154,2.24642,6.15911,0.38676,6.10114,0.26553,0.10293,0.26504,0.22110,0.26118,0.25507,0.24574
3249,6.96619,0.22681,0.20261,7.08153,0.23575,0.26364,7.13552,0.26263,0.27388,6.94232,6.96095,7.06060,7.12447,1.90730,4.31527,6.95481,6.69195,6.58796,4.45876,7.11644,0.95719,7.10857,0.28424,0.10087,0.47378,0.33284,0.25927,0.25290,0.24500
3250,7.04720,0.22500,0.20498,7.00318,0.24682,0.26231,7.11341,0.27259,0.37321,7.05179,6.95427,7.06404,7.05691,3.98854,6.46707,6.93337,7.10402,7.09975,6.53484,7.09799,2.98046,7.09534,0.44942,0.10016,1.02279,0.60141,0.26861,0.25142,0.24397
3251,7.09489,0.22286,0.20885,7.00503,0.25636,0.26286,7.10316,0.28401,0.50384,7.07144,6.95355,7.08013,7.03345,4.26678,5.21822,6.91613,6.95537,7.03169,6.45084,7.08378,1.94456,7.08177,0.42155,0.10016,1.19144,0.83609,0.30373,0.25013,0.24216
3252,7.10706,0.22263,0.20957,7.01738,0.25865,0.26408,7.02522,0.28500,0.53946,7.06355,6.81199,7.09451,7.02960,2.80626,2.98018,6.93948,5.46033,6.40443,5.27906,6.54407,0.85064,6.76275,0.38516,0.10013,0.95460,0.58710,0.32477,0.24952,0.24112
3253,7.06985,0.22544,0.20992,7.04765,0.26229,0.27108,7.00772,0.33849,0.61095,7.05708,6.87669,7.12395,7.04622,3.59961,4.45866,6.97383,6.36720,6.60309,5.52313,6.86715,1.85637,6.89483,0.55660,0.10011,1.19658,0.62731,0.36930,0.25269,0.24051
3254,7.05550,0.22722,0.20930,7.12567,0.27830,0.27723,7.03146,0.45295,0.60102,7.06838,6.92843,7.17575,7.08652,4.59980,6.25461,7.09082,6.98544,6.98468,6.37210,7.01762,3.80914,7.01734,1.20677,0.10009,1.63100,0.83299,0.36818,0.25367,0.24054
3255,7.09868,0.22637,0.20979,7.23543,0.29353,0.29547,7.01621,0.52031,0.51018,7.07425,6.91475,7.22821,7.18062,3.50584,5.46693,7.21145,6.64847,6.77298,5.70569,6.92706,3.26709,6.96167,1.19167,0.10014,1.13929,0.93544,0.34224,0.25460,0.24070
3256,7.16789,0.22461,0.21106,7.25923,0.30190,0.29943,6.67453,0.48011,0.46593,7.13485,6.45268,7.23546,7.22187,2.03087,3.68919,7.23838,5.25777,5.68637,4.19553,6.03680,1.76376,6.24431,0.86829,0.10012,0.83331,0.84025,0.32752,0.25457,0.24069
3257,7.11956,0.22409,0.21069,7.23929,0.29410,0.28273,4.87917,0.39636,0.46065,7.19731,4.67148,7.23273,7.09047,1.08103,1.79030,7.16569,2.99404,3.65863,2.30057,3.83799,1.02552,4.24628,0.65683,0.10015,0.74953,0.57547,0.32886,0.24931,0.24025
3258,6.87686,0.22492,0.21073,7.23402,0.26256,0.28842,3.11738,0.35496,0.45574,7.21686,3.07548,7.22552,7.01196,0.81071,1.11616,7.16457,1.62843,2.10479,1.26684,2.18621,0.80820,2.60147,0.52806,0.10007,0.65839,0.42460,0.33030,0.24996,0.24036
3259,6.42950,0.22628,0.21152,7.24301,0.24045,0.29623,1.67834,0.34414,0.43445,7.10788,1.84899,7.21467,6.88997,0.64556,0.82670,7.17344,1.03127,1.11712,0.83839,1.22584,0.61814,1.35453,0.42353,0.10009,0.55405,0.35151,0.30542,0.25287,0.24055
3260,6.07182,0.22894,0.21266,7.26009,0.23083,0.29739,0.97034,0.34907,0.39584,6.93798,1.23856,7.17431,6.87107,0.50269,0.62409,7.19866,0.74721,0.73519,0.62549,0.82122,0.49283,0.82687,0.37188,0.10005,0.47013,0.31768,0.27375,0.26043,0.24109
3261,6.09829,0.23184,0.21424,7.26222,0.22909,0.29196,0.76064,0.35135,0.36024,6.71515,1.02891,7.11040,6.96541,0.42461,0.52299,7.25824,0.61575,0.58846,0.51152,0.66587,0.45213,0.65498,0.36117,0.10002,0.41547,0.28654,0.25726,0.26827,0.24269
3262,6.31831,0.23570,0.21621,7.30994,0.22983,0.28745,0.66782,0.35030,0.33725,6.33930,0.91715,7.02802,7.01543,0.37531,0.47885,7.31083,0.54862,0.49936,0.44483,0.58452,0.42567,0.56099,0.36377,0.10003,0.37487,0.26007,0.25122,0.27344,0.24618
3263,6.12186,0.23944,0.22043,7.35831,0.23579,0.27723,0.51948,0.34075,0.31174,6.08825,0.76515,6.98065,6.97797,0.32424,0.42042,7.32936,0.45243,0.40092,0.36818,0.47225,0.39349,0.44401,0.35737,0.10010,0.33505,0.24253,0.24652,0.27735,0.24854
3264,6.20328,0.24433,0.22501,7.38153,0.24268,0.27242,0.43342,0.33061,0.29683,6.11914,0.66913,7.05743,7.09211,0.29132,0.38678,7.34014,0.39816,0.34016,0.32343,0.40400,0.36564,0.37228,0.34804,0.10011,0.30564,0.22905,0.24968,0.27677,0.25171
3265,6.74573,0.24888,0.22901,7.39994,0.24798,0.27637,3.84390,0.32787,0.28913,6.18563,1.04258,7.12376,7.35245,0.27945,0.37357,7.34528,0.36843,0.32373,0.31078,0.39238,0.35577,0.38369,0.33768,0.10007,0.28898,0.22039,0.25505,0.27458,0.25384
3266,7.33333,0.25183,0.23286,7.43475,0.25207,0.28227,7.39212,0.32694,0.28034,6.68695,6.20229,7.25363,7.43268,0.27830,0.36911,7.39610,0.76033,0.68831,0.31328,3.54043,0.35523,3.75470,0.33499,0.10005,0.28069,0.21783,0.25803,0.27530,0.25494
3267,7.44036,0.25382,0.23520,7.45673,0.25426,0.28362,7.42601,0.32457,0.27419,7.12840,6.96445,7.36201,7.45459,0.27593,0.82804,7.44535,3.81898,2.64111,0.39828,7.08217,0.34926,6.81036,0.33219,0.10001,0.27559,0.21274,0.25933,0.27830,0.25625
3268,7.45711,0.25555,0.23565,7.46114,0.25396,0.28201,7.37938,0.32095,0.27083,7.27326,6.82939,7.39747,7.46067,0.26803,1.35673,7.45853,3.97815,1.97893,0.47997,6.33224,0.35400,5.76878,0.32600,0.09997,0.27038,0.20430,0.25991,0.28035,0.25851
3269,7.46022,0.25704,0.23763,7.46559,0.25455,0.27882,7.17705,0.31667,0.26868,7.38177,6.00866,7.41990,7.46502,0.25739,1.12540,7.46193,2.27578,0.90305,0.43294,4.07118,0.35225,3.35024,0.31483,0.09999,0.26590,0.19967,0.25996,0.28181,0.26044
3270,7.46729,0.25887,0.23808,7.47077,0.25479,0.28005,7.45361,0.31456,0.26816,7.41830,6.93721,7.41702,7.47150,0.29575,1.65375,7.46602,3.29460,2.18988,0.62900,6.09192,0.47277,6.01535,0.31072,0.10000,0.26056,0.19076,0.26181,0.28105,0.26165
3271,7.46115,0.26002,0.23805,7.47481,0.25320,0.27913,5.63574,0.30868,0.26959,7.40339,4.50050,7.37849,7.44160,0.27405,1.02942,7.46743,1.94625,1.06769,0.52497,3.14141,0.37711,2.71413,0.31081,0.10002,0.25668,0.18860,0.26253,0.28027,0.26139
3272,7.25168,0.26199,0.23893,7.47330,0.25198,0.27937,4.40462,0.30215,0.26824,7.30321,2.66500,7.40850,7.37775,0.26017,0.62904,7.45437,1.11199,0.69306,0.42131,1.51070,0.32798,1.30178,0.30575,0.10000,0.24969,0.19057,0.26300,0.27873,0.26167
3273,7.23324,0.26310,0.23790,7.46582,0.25041,0.28203,7.42266,0.29937,0.26494,7.26076,6.59589,7.40297,7.45480,0.30808,0.89062,7.44550,1.57079,1.37420,0.59229,4.08144,0.38578,4.20146,0.30302,0.09996,0.24489,0.18239,0.26412,0.27724,0.26242
3274,7.33687,0.26398,0.23778,7.46808,0.24807,0.28215,7.22734,0.29513,0.26120,7.06879,5.85302,7.32518,7.46681,0.32246,0.82671,7.42891,1.52886,1.22781,0.59843,3.36351,0.36108,3.38293,0.29755,0.09994,0.24416,0.18144,0.26378,0.27568,0.26294
3275,7.35214,0.26382,0.23617,7.44750,0.24600,0.28253,7.32710,0.29145,0.25733,6.82801,6.58427,7.29568,7.46499,0.37807,0.92472,7.41304,2.21947,1.85775,0.72172,5.00224,0.37677,4.93259,0.29397,0.09996,0.24909,0.17908,0.26604,0.27385,0.26364
3276,7.24925,0.26401,0.23741,7.42763,0.24347,0.28110,3.94330,0.28827,0.25792,6.74469,2.80434,7.28272,7.38071,0.31469,0.53112,7.38975,1.01558,0.82181,0.50872,1.56608,0.32115,1.42972,0.28851,0.10004,0.23925,0.18588,0.26339,0.27301,0.26408
3277,6.91885,0.26506,0.23973,7.40750,0.24396,0.27862,1.85483,0.28461,0.25606,6.76557,1.42717,7.31226,7.25132,0.26440,0.38759,7.39137,0.62487,0.53717,0.39387,0.83722,0.29853,0.75517,0.28305,0.10004,0.23622,0.19570,0.25769,0.27292,0.26438
3278,6.96964,0.26581,0.24166,7.41276,0.24560,0.27561,3.82751,0.28073,0.25071,7.11407,1.44856,7.34349,7.34709,0.25848,0.39966,7.40582,0.59455,0.50026,0.36959,0.77026,0.29627,0.74190,0.27878,0.09991,0.23570,0.19845,0.25296,0.27268,0.26434
3279,7.12560,0.26653,0.24309,7.41417,0.24690,0.27302,7.22602,0.27723,0.24639,7.17320,5.89325,7.33718,7.39505,0.29270,0.56629,7.41138,1.91464,1.76411,0.48464,4.54246,0.32787,4.57070,0.27593,0.09994,0.23748,0.19460,0.25107,0.27212,0.26432
3280,7.24414,0.26623,0.24231,7.40869,0.24427,0.27202,7.41015,0.27500,0.24368,7.13777,7.08873,7.34052,7.40989,0.39865,2.03043,7.39271,5.92087,5.35983,1.42310,7.33993,0.45953,7.29781,0.28459,0.09986,0.25132,0.18468,0.25061,0.27070,0.26447
3281,7.36710,0.26613,0.24085,7.42607,0.24357,0.27145,7.41271,0.27694,0.24441,7.25578,7.18639,7.40863,7.42288,1.97504,6.44659,7.40478,7.37902,7.36331,5.94237,7.40036,2.50825,7.39591,0.43066,0.09989,0.39843,0.19366,0.25111,0.27073,0.26391
3282,7.42926,0.26673,0.24229,7.44019,0.24025,0.27148,7.42781,0.30658,0.27048,7.37457,7.22534,7.43352,7.44835,4.08668,7.23053,7.40364,7.40127,7.39857,7.13059,7.41036,5.02038,7.40830,1.01877,0.09999,0.82226,0.20304,0.25258,0.27007,0.26423
3283,7.43934,0.26710,0.24718,7.40308,0.23702,0.26961,7.23075,0.29221,0.28059,7.38310,6.98607,7.39931,7.43584,1.69711,4.67803,7.36351,6.35229,6.37613,4.64275,6.88775,2.03932,6.92197,0.53561,0.10009,0.48434,0.18720,0.25089,0.26889,0.26444
3284,7.25751,0.26749,0.25279,7.39096,0.24622,0.26512,4.49198,0.28769,0.28275,7.20426,4.14801,7.37479,7.26985,0.44264,1.33731,7.37932,2.45769,2.36567,1.21175,3.26943,0.57887,3.32585,0.34394,0.10003,0.32352,0.19992,0.24589,0.26920,0.26427
3285,6.92386,0.26716,0.25532,7.40688,0.25412,0.26344,3.57659,0.28828,0.27264,7.17750,2.51452,7.36437,7.25756,0.29601,0.75766,7.38612,1.23081,0.99580,0.55721,1.66543,0.43300,1.61480,0.33473,0.09995,0.28922,0.20093,0.24957,0.26858,0.26378
3286,7.03966,0.26707,0.25566,7.41381,0.25466,0.26715,6.30696,0.28998,0.27039,7.05489,3.22102,7.28263,7.39131,0.33464,0.86831,7.39582,1.32274,0.97815,0.60736,1.84174,0.43812,1.76237,0.32655,0.09999,0.27705,0.18998,0.25614,0.26684,0.26383
3287,7.25798,0.26719,0.25479,7.44564,0.25410,0.27091,7.37972,0.29157,0.27026,6.91437,6.51616,7.25316,7.42190,0.39947,1.10903,7.43535,1.95787,1.67904,0.76824,4.47756,0.51737,4.54636,0.32921,0.10001,0.27566,0.17815,0.25946,0.26605,0.26402
3288,7.37567,0.26720,0.25449,7.47535,0.25288,0.27360,7.35753,0.29151,0.27069,7.02302,6.67660,7.30496,7.44783,0.39405,1.13435,7.43641,2.02563,1.61567,0.77964,4.53076,0.52611,4.41316,0.32612,0.10000,0.26833,0.17107,0.26098,0.26584,0.26410
3289,7.43339,0.26716,0.25419,7.47792,0.25157,0.27552,7.21183,0.29093,0.27052,7.24181,6.20613,7.36875,7.47009,0.36930,1.11196,7.42154,1.93758,1.39174,0.74881,3.99972,0.50713,3.72169,0.32013,0.10000,0.25886,0.16493,0.26206,0.26603,0.26412
3290,7.44975,0.26701,0.25193,7.46497,0.25105,0.27750,7.36350,0.29052,0.26466,7.26197,6.58840,7.40124,7.48006,0.41283,1.21080,7.41147,2.24623,1.82173,0.83157,4.66332,0.53792,4.72897,0.31991,0.10001,0.25545,0.15647,0.26423,0.26633,0.26420
3291,7.47124,0.26580,0.24803,7.47870,0.25353,0.27666,7.44202,0.29572,0.24986,7.29200,6.94093,7.45026,7.48627,0.39916,1.22296,7.46157,2.43410,2.72204,0.88321,5.19939,0.63704,5.82128,0.34550,0.10000,0.26615,0.16704,0.26123,0.26760,0.26408
3292,7.48190,0.26418,0.24451,7.49016,0.25610,0.27676,6.51623,0.30070,0.23489,7.44752,5.10938,7.47333,7.48117,0.33480,0.92560,7.48604,1.64659,1.74930,0.70224,2.87689,0.59248,3.60370,0.34660,0.09996,0.26521,0.18390,0.25716,0.26953,0.26406
3293,7.35330,0.26284,0.24274,7.47569,0.25691,0.27702,3.04735,0.29633,0.22407,7.46602,2.52115,7.46885,7.34913,0.28243,0.62630,7.48003,0.97288,0.90361,0.47902,1.40531,0.48169,1.57623,0.32956,0.09994,0.25571,0.19576,0.25621,0.27286,0.26472
3294,6.88303,0.26241,0.24403,7.49241,0.25300,0.27486,1.21071,0.28845,0.22402,7.28659,1.36095,7.47792,7.23206,0.25326,0.49432,7.48392,0.59826,0.51832,0.35362,0.74992,0.37552,0.72070,0.31615,0.09997,0.24216,0.18624,0.25806,0.27545,0.26609
3295,6.72417,0.26247,0.24426,7.51309,0.24869,0.27260,0.70656,0.28371,0.22794,7.01136,1.00038,7.46653,7.20211,0.23942,0.42334,7.48689,0.47653,0.39177,0.30443,0.52784,0.31110,0.48941,0.31217,0.09998,0.23232,0.16743,0.25926,0.27610,0.26717
3296,6.95301,0.26239,0.24109,7.50985,0.24807,0.27174,0.68444,0.28307,0.22496,6.96885,0.91839,7.44716,7.28057,0.23274,0.38289,7.49075,0.44533,0.37012,0.29105,0.48115,0.29777,0.44924,0.30542,0.10000,0.22677,0.15667,0.25930,0.27621,0.26774
3297,7.15864,0.26192,0.23708,7.47941,0.24827,0.27206,0.50336,0.28131,0.22180,7.14337,0.80917,7.43139,6.96470,0.22139,0.32693,7.50332,0.38620,0.32486,0.26703,0.42211,0.28339,0.39022,0.29783,0.09999,0.22646,0.15228,0.25967,0.27634,0.26826
3298,6.69501,0.26214,0.23942,7.48660,0.24041,0.27160,0.36337,0.27758,0.23333,7.16682,0.65331,7.33372,6.61517,0.21868,0.28041,7.46899,0.29835,0.26161,0.23604,0.31603,0.28566,0.29183,0.28948,0.09998,0.21634,0.14241,0.25898,0.27507,0.26735
3299,6.59212,0.26282,0.24613,7.47070,0.23519,0.26891,0.55576,0.27474,0.23972,6.33455,0.54513,7.00509,6.85183,0.20507,0.27710,7.44011,0.26812,0.23058,0.22541,0.26555,0.28018,0.24661,0.27544,0.09993,0.20926,0.16479,0.25024,0.27191,0.26712
3300,6.23314,0.26366,0.24819,7.46267,0.24013,0.26556,7.24709,0.26911,0.22893,5.85215,5.81358,7.06586,7.33280,0.21577,0.42247,7.42821,2.13485,1.95044,0.33886,4.66656,0.26992,4.69579,0.26685,0.09994,0.20391,0.16512,0.24107,0.26958,0.26787
3301,6.56667,0.26406,0.24685,7.49306,0.24223,0.26360,7.46926,0.26209,0.21986,6.26981,7.09139,7.25464,7.45182,0.62295,4.29263,7.46991,7.16976,7.01143,3.55118,7.44233,0.79801,7.43241,0.26374,0.10001,0.21370,0.15615,0.23864,0.26929,0.26843
3302,7.24341,0.26328,0.24171,7.54686,0.24225,0.26346,7.50470,0.25822,0.21354,6.69601,7.17798,7.41274,7.53177,2.39327,7.02109,7.53133,7.45795,7.44707,6.57312,7.46865,3.35191,7.46369,0.42395,0.10003,0.35165,0.16201,0.24121,0.27013,0.26852
3303,7.51867,0.26260,0.23734,7.56091,0.24130,0.26384,7.48680,0.26118,0.21245,7.33953,7.19355,7.49308,7.54815,2.31062,6.76788,7.55417,7.41511,7.24464,6.00132,7.46093,3.27110,7.45110,0.48623,0.10000,0.37236,0.16144,0.24324,0.27022,0.26842
3304,7.52419,0.26215,0.23349,7.55777,0.24052,0.26462,7.35455,0.26049,0.21231,7.50015,7.03330,7.49901,7.52213,1.19985,4.48439,7.55059,6.52125,6.12420,4.09526,7.07712,1.51396,6.92614,0.35902,0.10002,0.29109,0.15319,0.24465,0.27014,0.26819
3305,7.47243,0.26151,0.22954,7.54247,0.24010,0.26565,6.43496,0.26080,0.21284,7.45961,5.88280,7.48147,7.47924,0.55289,2.07238,7.49352,4.02515,4.07155,2.12938,5.22571,0.63439,5.21678,0.29509,0.10002,0.24541,0.14324,0.24616,0.26999,0.26795
3306,7.37986,0.26087,0.22645,7.50656,0.24019,0.26648,4.33307,0.26187,0.21447,7.34649,3.85685,7.44885,7.39132,0.33420,0.93250,7.46593,1.95813,2.26000,1.04020,2.87013,0.38755,3.10279,0.27254,0.10002,0.22483,0.13404,0.24721,0.26979,0.26776
3307,7.13824,0.26002,0.22378,7.51232,0.24055,0.26693,2.80525,0.26274,0.21462,7.17169,2.40695,7.40942,7.38940,0.25585,0.51877,7.46245,0.98301,1.22039,0.56993,1.51277,0.30933,1.73764,0.26354,0.09995,0.21485,0.12948,0.24777,0.26937,0.26740
3308,7.15990,0.25943,0.22192,7.49333,0.24058,0.26689,2.75277,0.26234,0.21388,6.78576,2.05576,7.31239,7.42042,0.24403,0.46364,7.45745,0.82755,1.00075,0.49289,1.26818,0.29587,1.41085,0.26158,0.09994,0.20853,0.12621,0.24772,0.26890,0.26710
3309,6.91876,0.25893,0.22003,7.49011,0.24085,0.26709,1.72993,0.26303,0.21581,6.53998,1.40743,7.28788,7.30732,0.21857,0.35752,7.44857,0.54539,0.64449,0.36404,0.77805,0.27420,0.88867,0.25882,0.10000,0.20299,0.12435,0.24800,0.26862,0.26693
3310,6.87850,0.25834,0.21825,7.47575,0.24079,0.26704,1.41422,0.26316,0.21605,6.56457,1.12686,7.30183,7.33850,0.20927,0.31894,7.44612,0.44402,0.50065,0.31497,0.60192,0.26462,0.66644,0.25747,0.09994,0.19982,0.12373,0.24812,0.26824,0.26663
3311,6.96037,0.25813,0.21738,7.48222,0.24051,0.26637,7.12899,0.26123,0.21150,6.93168,5.49095,7.38023,7.45345,0.23653,0.39707,7.44412,1.18163,1.15430,0.38870,3.79584,0.27257,3.86719,0.25579,0.09997,0.19729,0.12343,0.24708,0.26787,0.26647
3312,7.23014,0.25888,0.21855,7.47463,0.23926,0.26472,7.47560,0.25829,0.20809,7.09250,7.11977,7.39122,7.48201,0.30918,1.55428,7.44377,5.76680,5.48348,1.22400,7.39838,0.33283,7.37246,0.25559,0.10000,0.19828,0.12319,0.24521,0.26775,0.26669
3313,7.38903,0.25963,0.21979,7.50128,0.23761,0.26280,7.47678,0.25619,0.20687,7.21489,7.18131,7.45765,7.49333,0.54239,4.06984,7.46077,7.26946,7.14443,3.30985,7.45505,0.62545,7.44541,0.26483,0.09998,0.20779,0.12331,0.24408,0.26761,0.26688
3314,7.49928,0.26040,0.22127,7.53879,0.23549,0.26036,7.50212,0.25552,0.20615,7.39166,7.23828,7.52129,7.53900,1.66900,6.51720,7.49354,7.44826,7.43915,6.00092,7.46968,2.17398,7.46417,0.33423,0.10019,0.28974,0.12957,0.24276,0.26724,0.26712
3315,7.54949,0.26052,0.22109,7.52425,0.23338,0.25983,7.45329,0.25577,0.21051,7.51560,7.21930,7.51327,7.55182,1.10731,4.70350,7.47048,6.86854,6.81702,4.35186,7.31780,1.31848,7.33760,0.31331,0.09999,0.25520,0.12859,0.24348,0.26713,0.26700
3316,7.54425,0.26020,0.21903,7.47833,0.23357,0.25964,7.50466,0.25584,0.21012,7.50863,7.23160,7.49927,7.51696,1.09742,4.39169,7.46782,6.65275,6.58384,3.99021,7.28299,1.15312,7.30277,0.31095,0.09998,0.25578,0.12533,0.24322,0.26703,0.26683
3317,7.52697,0.26036,0.21831,7.50110,0.23258,0.25889,7.50428,0.25751,0.21088,7.48738,7.29421,7.50135,7.49341,1.37918,4.97373,7.49696,6.90844,6.89344,4.55294,7.38376,1.55777,7.38991,0.35748,0.10000,0.28285,0.12380,0.24267,0.26674,0.26692
3318,7.50679,0.26107,0.22023,7.51596,0.22889,0.25771,7.47798,0.26004,0.21384,7.49165,7.28765,7.48945,7.50233,1.45276,4.83692,7.50851,6.60639,6.95726,4.68936,7.26076,1.72418,7.31386,0.40302,0.10003,0.29476,0.12671,0.24217,0.26597,0.26720
3319,7.48641,0.26157,0.22235,7.50315,0.22443,0.25761,6.93896,0.25777,0.21600,7.42743,6.53757,7.43793,7.49222,0.77432,2.72607,7.47212,4.77750,5.37710,2.86111,5.87253,0.86389,6.25102,0.33030,0.09998,0.24007,0.12563,0.24236,0.26526,0.26731
3320,7.35528,0.26106,0.22008,7.48455,0.22402,0.25857,5.37843,0.25664,0.21725,7.20474,4.79282,7.39058,7.43699,0.40412,1.24800,7.46816,2.58496,3.05424,1.42890,3.63288,0.47245,4.08021,0.28799,0.10002,0.21837,0.12346,0.24316,0.26531,0.26696
3321,7.26863,0.26016,0.21665,7.47880,0.22566,0.25898,6.33315,0.25675,0.21548,7.06097,4.73485,7.37495,7.47460,0.41290,1.21593,7.46769,2.45417,2.86963,1.43991,3.65153,0.46588,3.85338,0.28721,0.10000,0.21394,0.12155,0.24315,0.26541,0.26669
3322,7.28578,0.25969,0.21409,7.49871,0.22557,0.25934,5.50359,0.25689,0.21488,7.08282,4.07765,7.41444,7.44008,0.35872,1.00510,7.48495,1.97826,2.28794,1.10632,2.90925,0.41179,3.12755,0.28148,0.10002,0.20888,0.12110,0.24316,0.26537,0.26668
3323,7.38567,0.25957,0.21233,7.53686,0.22454,0.25932,4.86423,0.25705,0.21342,7.20369,3.68436,7.47263,7.47649,0.34321,0.92358,7.53672,1.81098,2.01419,1.00221,2.61235,0.39300,2.78748,0.27960,0.10002,0.20539,0.11995,0.24291,0.26520,0.26674
3324,7.24936,0.25930,0.20962,7.53726,0.22359,0.25988,2.37841,0.25711,0.21341,7.39048,2.28520,7.48843,7.25704,0.25553,0.54284,7.54036,1.02007,1.20227,0.61362,1.48190,0.31719,1.64822,0.26871,0.10003,0.20014,0.11847,0.24308,0.26509,0.26676
3325,6.72602,0.25854,0.20584,7.51514,0.22367,0.26073,1.23863,0.25773,0.21310,7.27290,1.38793,7.45084,7.06649,0.20933,0.35416,7.52618,0.53397,0.65406,0.36831,0.74807,0.27842,0.86490,0.26115,0.10003,0.19844,0.11717,0.24358,0.26491,0.26679
3326,6.32868,0.25736,0.20184,7.47553,0.22429,0.26170,0.58339,0.25895,0.21279,7.01901,0.87248,7.39251,6.77121,0.19108,0.27717,7.50520,0.32603,0.35415,0.24724,0.39263,0.26014,0.43768,0.25733,0.10004,0.19982,0.11768,0.24428,0.26470,0.26683
3327,6.09980,0.25578,0.19783,7.32087,0.22544,0.26238,0.37120,0.26009,0.21008,6.52858,0.67146,7.28336,7.08593,0.18710,0.25275,7.36118,0.26324,0.24745,0.20964,0.28329,0.25292,0.28727,0.25618,0.10000,0.20306,0.11915,0.24428,0.26425,0.26675
3328,6.77758,0.25466,0.19497,7.37374,0.22600,0.26260,0.32503,0.26040,0.20642,6.63288,0.60927,7.34401,7.22791,0.18539,0.24730,7.32147,0.24985,0.22496,0.20341,0.25924,0.25089,0.25260,0.25543,0.10000,0.20079,0.11768,0.24406,0.26370,0.26663
3329,7.07488,0.25429,0.19301,7.51855,0.22596,0.26278,0.31833,0.26050,0.20364,7.03415,0.58318,7.47992,7.42648,0.18304,0.24537,7.44708,0.24529,0.21832,0.20244,0.24971,0.24973,0.24044,0.25479,0.10004,0.19710,0.11627,0.24325,0.26334,0.26674
3330,7.18991,0.25437,0.19168,7.63878,0.22474,0.26284,0.29065,0.26090,0.20242,7.24265,0.55158,7.59735,7.46708,0.18068,0.24279,7.58783,0.24149,0.21259,0.20050,0.24263,0.24836,0.23108,0.25442,0.10006,0.19472,0.11541,0.24205,0.26308,0.26695
3331,7.37029,0.25461,0.19100,7.71358,0.22350,0.26270,4.83939,0.26016,0.19878,7.32912,1.55175,7.66441,7.68760,0.18319,0.24081,7.67779,0.23956,0.21987,0.20439,0.28378,0.24558,0.31732,0.25326,0.10004,0.18929,0.11391,0.24028,0.26280,0.26709
3332,7.69135,0.25541,0.19163,7.76481,0.22073,0.26200,6.91444,0.25912,0.19731,7.53131,2.83698,7.70693,7.77380,0.18247,0.23849,7.73053,0.23894,0.22707,0.20716,0.36073,0.24079,0.47154,0.25083,0.10002,0.18152,0.11294,0.23899,0.26266,0.26718
3333,7.70700,0.25571,0.19127,7.77716,0.21793,0.26144,1.83694,0.25940,0.19888,7.72238,0.84678,7.71333,7.61842,0.17601,0.23413,7.76023,0.23493,0.21642,0.20148,0.24385,0.23656,0.24279,0.25017,0.10001,0.17844,0.11186,0.23840,0.26256,0.26720
3334,7.28479,0.25476,0.18870,7.77318,0.21698,0.26152,0.24845,0.26059,0.20163,7.66540,0.48103,7.69952,7.06066,0.17128,0.22693,7.83240,0.22548,0.20264,0.19017,0.22648,0.23549,0.21496,0.25210,0.10002,0.18222,0.11095,0.23918,0.26245,0.26717
3335,7.29515,0.25325,0.18529,7.83394,0.21772,0.26184,0.23525,0.26130,0.20148,7.48839,0.45017,7.59776,7.14439,0.17084,0.22474,7.91195,0.22011,0.19493,0.18538,0.21996,0.23752,0.20731,0.25294,0.10002,0.18168,0.10979,0.24023,0.26223,0.26719
3336,7.02510,0.25212,0.18232,7.81086,0.21767,0.26205,0.23286,0.26195,0.20057,7.16189,0.42917,7.49839,7.48398,0.16909,0.22504,7.89875,0.21771,0.19014,0.18347,0.21579,0.23922,0.20187,0.25351,0.10004,0.18101,0.10932,0.24092,0.26200,0.26732
3337,6.77476,0.25093,0.17949,7.75900,0.21735,0.26222,0.70849,0.26271,0.20145,6.78121,0.40883,7.40012,7.48027,0.16783,0.22529,7.84296,0.21633,0.18640,0.18114,0.21239,0.24014,0.19808,0.25421,0.10004,0.18058,0.10914,0.24183,0.26185,0.26749
3338,7.14414,0.25032,0.17746,7.76142,0.21696,0.26232,1.30321,0.26209,0.19916,6.69295,0.40038,7.45276,7.66416,0.16548,0.22394,7.83261,0.21453,0.18733,0.18166,0.20992,0.23660,0.19957,0.25256,0.10000,0.17377,0.10798,0.24217,0.26152,0.26750
3339,7.31838,0.25026,0.17621,7.77971,0.21465,0.26220,1.09679,0.26178,0.19904,6.83554,0.38439,7.40869,7.49404,0.16017,0.22364,7.79831,0.21465,0.18652,0.18137,0.20995,0.23290,0.19830,0.25061,0.10000,0.16664,0.10693,0.24211,0.26121,0.26750
3340,7.24880,0.25099,0.17669,7.77826,0.21212,0.26179,7.25008,0.25903,0.19252,6.67559,3.81568,7.46936,7.70337,0.16489,0.21756,7.75653,0.22933,0.21992,0.18593,1.05842,0.22592,1.20446,0.24242,0.10000,0.15675,0.10609,0.24115,0.26100,0.26754
3341,7.34541,0.25231,0.17907,7.76040,0.20732,0.26069,7.69200,0.25581,0.18983,6.77378,6.60538,7.50120,7.74665,0.16341,0.21457,7.73359,0.57053,0.59768,0.19133,4.00313,0.21761,4.23165,0.23201,0.10000,0.15018,0.10603,0.23992,0.26101,0.26757
3342,7.29220,0.25265,0.17926,7.74137,0.20360,0.25994,7.03965,0.25510,0.19166,6.76105,4.42442,7.50981,7.75204,0.15428,0.21188,7.70047,0.26959,0.30716,0.18771,1.25617,0.21029,1.45000,0.22858,0.09999,0.14680,0.10590,0.23950,0.26102,0.26751
3343,7.21522,0.25246,0.17823,7.70125,0.20099,0.25952,3.87503,0.25486,0.19311,6.68568,1.58137,7.46649,7.70279,0.14644,0.20634,7.63198,0.21745,0.22524,0.18277,0.37628,0.20251,0.43698,0.22763,0.09999,0.14490,0.10573,0.23929,0.26096,0.26743
3344,7.20108,0.25256,0.17767,7.62018,0.19937,0.25874,7.19153,0.25063,0.18620,6.98793,4.51176,7.48575,7.67860,0.15377,0.20733,7.54009,0.45939,0.42150,0.20268,1.96223,0.19751,2.07900,0.21714,0.10000,0.13810,0.10568,0.23837,0.26080,0.26739
3345,7.27063,0.25385,0.18058,7.56545,0.19626,0.25618,7.66594,0.23937,0.17360,7.27065,7.21071,7.51947,7.61037,0.19101,1.33540,7.52369,5.05137,4.30653,0.78828,7.33345,0.21296,7.29120,0.19875,0.10001,0.13623,0.10615,0.23511,0.26054,0.26749
3346,7.46054,0.25503,0.18376,7.58180,0.19222,0.25314,7.63410,0.23235,0.16910,7.35835,7.24428,7.55593,7.58703,0.22457,2.19439,7.55130,6.57361,5.66317,1.42405,7.62457,0.24067,7.53257,0.18998,0.10000,0.13503,0.10620,0.23193,0.26025,0.26754
3347,7.56377,0.25510,0.18344,7.58267,0.18962,0.25115,7.58815,0.23192,0.16830,7.43906,7.12495,7.56122,7.59025,0.22036,1.59227,7.52694,5.04262,4.38000,1.22015,6.99477,0.22842,6.64917,0.18676,0.10000,0.13283,0.10573,0.22901,0.25968,0.26744
3348,7.55877,0.25078,0.17729,7.56137,0.19334,0.25090,7.07893,0.24308,0.15814,7.45197,6.00618,7.53573,7.58116,0.22031,0.46265,7.52645,2.00078,2.55466,0.84642,4.58019,0.19139,4.45799,0.20201,0.10000,0.13790,0.10789,0.21893,0.25732,0.26676
3349,7.49537,0.24691,0.17268,7.57459,0.19435,0.25034,4.63693,0.24854,0.15681,7.41303,3.53763,7.53436,7.50362,0.19885,0.27924,7.54548,0.80618,1.41656,0.53019,1.96409,0.19084,2.33653,0.21093,0.10000,0.13950,0.10842,0.21231,0.25509,0.26612
3350,7.35477,0.24178,0.16861,7.58345,0.19592,0.24981,4.60759,0.24604,0.15553,7.38486,2.71121,7.48821,7.47336,0.20385,0.24280,7.52778,0.50788,0.85480,0.41755,1.17018,0.19727,1.42443,0.21895,0.10000,0.14848,0.11102,0.20583,0.25300,0.26523
3351,7.37804,0.24890,0.17383,7.58856,0.19007,0.24514,6.59111,0.22208,0.17366,7.38268,4.00036,7.53782,7.56998,0.18567,0.33079,7.53443,0.72232,0.93425,0.40967,1.62313,0.19475,1.78771,0.18380,0.10000,0.14006,0.10971,0.21280,0.25181,0.26529
3352,7.44118,0.25156,0.17702,7.61340,0.18698,0.24179,2.49685,0.21766,0.18208,7.41474,1.63859,7.54783,7.40204,0.16027,0.26774,7.55416,0.45961,0.54137,0.28105,0.75149,0.17720,0.88215,0.18051,0.10000,0.14688,0.11120,0.21454,0.24997,0.26491
3353,7.38533,0.23676,0.16952,7.55915,0.19651,0.24661,3.72207,0.23683,0.16783,7.43457,2.35595,7.47949,7.21706,0.17846,0.23442,7.48358,0.41679,0.44177,0.24766,1.07859,0.17793,1.13181,0.20175,0.10000,0.16372,0.12519,0.20821,0.24331,0.26294
3354,7.44003,0.24454,0.18078,7.53804,0.19132,0.23671,7.24681,0.20516,0.17571,7.43560,6.59929,7.50573,7.49725,0.22166,0.96137,7.50320,3.96243,3.58005,0.61449,6.37320,0.25099,6.37980,0.18128,0.10001,0.15676,0.12393,0.21012,0.24255,0.25959
3355,7.42990,0.24867,0.19207,7.58846,0.18913,0.22721,5.25917,0.19854,0.18641,7.43817,4.32123,7.54326,7.48348,0.17829,0.53944,7.57560,1.66580,1.28564,0.39830,3.12241,0.21395,3.01119,0.18092,0.10002,0.16345,0.12775,0.20848,0.24205,0.25921
3356,7.18460,0.24280,0.18347,7.59351,0.19147,0.23336,1.24254,0.21419,0.17991,7.41463,1.17746,7.50743,7.15009,0.16787,0.22323,7.52920,0.37279,0.36055,0.22107,0.59133,0.18258,0.56146,0.18878,0.10001,0.17090,0.12543,0.20851,0.24105,0.25951
3357,7.06082,0.23169,0.17760,7.54859,0.19352,0.23710,0.34796,0.23135,0.17916,7.32039,0.59269,7.30538,6.90931,0.17607,0.18387,7.47365,0.20132,0.20894,0.18023,0.23459,0.18778,0.24313,0.20702,0.09997,0.17575,0.12560,0.20821,0.23923,0.25935
3358,6.52139,0.22310,0.18051,7.51717,0.19372,0.23866,0.22676,0.23919,0.19844,6.16601,0.41621,7.01097,7.03330,0.16729,0.18150,7.44850,0.17849,0.17651,0.17616,0.17849,0.18746,0.17827,0.20949,0.09997,0.17501,0.13157,0.21348,0.23691,0.25701
3359,5.86298,0.22618,0.18510,7.45722,0.19263,0.23683,0.27408,0.23486,0.20213,5.24142,0.38665,6.87015,7.06337,0.15815,0.17545,7.36155,0.17871,0.17624,0.16988,0.17739,0.18267,0.17633,0.20417,0.09991,0.17662,0.13883,0.20857,0.23471,0.25369
3360,6.15683,0.23010,0.18887,7.41390,0.19103,0.23603,4.16945,0.23060,0.20374,5.73918,1.52563,6.99364,7.34986,0.15255,0.17370,7.31267,0.17939,0.17717,0.16655,0.38705,0.17411,0.41511,0.19404,0.09995,0.17366,0.14191,0.20840,0.23015,0.25089
3361,6.35280,0.23304,0.19421,7.36634,0.19111,0.23318,7.40663,0.22438,0.19469,5.50792,6.41511,6.98034,7.38751,0.15674,0.17551,7.26528,0.36129,0.32469,0.17167,3.35487,0.16970,3.50751,0.18806,0.09999,0.16144,0.13483,0.20349,0.22851,0.24764
3362,6.36240,0.23307,0.19488,7.33965,0.19043,0.23056,7.34606,0.22111,0.18869,5.84050,6.37852,7.03040,7.35046,0.15595,0.19317,7.21715,0.90265,0.86012,0.18487,4.09765,0.16845,4.23051,0.18488,0.09999,0.15591,0.12765,0.20118,0.22867,0.24646
3363,6.68553,0.23250,0.19254,7.35169,0.19033,0.22810,7.36131,0.20704,0.18171,6.08163,6.94810,7.21137,7.36810,0.15860,0.71039,7.22948,4.58273,4.30327,0.54815,7.19855,0.17534,7.17224,0.17241,0.10001,0.15373,0.12463,0.20168,0.22942,0.24655
3364,7.20002,0.23106,0.18764,7.46029,0.19082,0.22585,7.30430,0.20168,0.17934,6.54683,6.80405,7.38156,7.43695,0.15680,0.72583,7.36480,3.56782,3.82568,0.59529,6.21133,0.17888,6.42318,0.17447,0.10001,0.15671,0.11882,0.20464,0.22878,0.24674
3365,7.42823,0.22935,0.18306,7.53289,0.19094,0.22234,7.22394,0.20309,0.17293,7.18087,6.24079,7.48608,7.52048,0.15829,0.45321,7.47068,1.79249,2.44267,0.48127,4.51577,0.17817,4.94777,0.18071,0.10001,0.15892,0.11387,0.20438,0.22683,0.24660
3366,7.46200,0.22676,0.17838,7.53413,0.19150,0.21999,4.22658,0.20706,0.17075,7.42261,3.35624,7.51912,7.41854,0.15716,0.29473,7.52609,0.76115,1.17095,0.29093,1.81107,0.17932,2.31508,0.18984,0.10000,0.16613,0.11500,0.20463,0.22585,0.24670
3367,6.90845,0.22602,0.17755,7.51947,0.18856,0.22336,1.33652,0.21003,0.17390,7.47068,0.75536,7.45665,6.91023,0.16101,0.17860,7.46502,0.20402,0.20558,0.16522,0.27046,0.18403,0.28908,0.19507,0.09999,0.15388,0.11182,0.20683,0.22461,0.24531
3368,7.09756,0.22654,0.17686,7.47360,0.18877,0.22325,2.22504,0.20905,0.16766,7.40179,0.75765,7.34809,7.12197,0.15952,0.17751,7.38673,0.19166,0.19590,0.16696,0.24515,0.18293,0.25673,0.19337,0.10000,0.14897,0.10947,0.20636,0.22152,0.24378
3369,6.77431,0.22595,0.17448,7.45296,0.19096,0.22401,0.24721,0.21170,0.16729,7.29148,0.45782,7.33846,6.93954,0.15598,0.17818,7.37461,0.17640,0.17313,0.16446,0.18284,0.18401,0.18561,0.19636,0.10000,0.14682,0.10755,0.20699,0.21832,0.24255
3370,6.62020,0.22620,0.17395,7.40300,0.18851,0.22397,0.18797,0.21627,0.17160,7.22483,0.40806,7.24831,6.68774,0.14739,0.17877,7.26780,0.17567,0.16486,0.16182,0.17429,0.18579,0.16963,0.19967,0.10000,0.14525,0.10690,0.20831,0.21636,0.24155
3371,6.91966,0.22609,0.17549,7.29580,0.18428,0.22361,0.18261,0.22162,0.17265,7.14634,0.38292,7.04128,6.79268,0.14269,0.17987,7.13905,0.17558,0.16276,0.15724,0.17368,0.18892,0.16671,0.20279,0.10000,0.14237,0.10844,0.20771,0.21509,0.24020
3372,6.85842,0.22567,0.17597,7.24925,0.18102,0.22320,0.18498,0.22333,0.16990,6.80961,0.36726,6.94590,6.94329,0.13988,0.18118,7.11698,0.17588,0.16121,0.15467,0.17361,0.18992,0.16609,0.20533,0.10000,0.13933,0.10838,0.20584,0.21456,0.23892
3373,6.45589,0.22580,0.17902,7.28803,0.17451,0.22176,0.47164,0.22339,0.17254,6.60276,0.35111,6.98327,6.94300,0.13166,0.18092,7.10660,0.17550,0.15627,0.14994,0.17273,0.18801,0.16406,0.20826,0.09998,0.13934,0.11084,0.20378,0.21496,0.23824
3374,6.32818,0.22615,0.18541,7.23271,0.16920,0.21925,0.47364,0.22123,0.17082,6.18600,0.33524,6.87510,7.00950,0.13260,0.18109,7.08171,0.17487,0.15523,0.14922,0.17063,0.18858,0.16185,0.20863,0.09999,0.13894,0.11486,0.19959,0.21481,0.23627
3375,6.17990,0.22600,0.19301,7.17569,0.16566,0.21686,0.17888,0.21977,0.17212,5.90780,0.31294,6.83616,6.76914,0.13241,0.18160,7.05604,0.17531,0.15061,0.14394,0.17152,0.19574,0.15881,0.20977,0.09994,0.14339,0.12306,0.19395,0.21370,0.23354
3376,5.92203,0.22480,0.19523,7.12399,0.16665,0.21463,1.48259,0.21777,0.16876,5.62426,0.33994,6.79677,6.90830,0.13557,0.18541,6.97082,0.17270,0.15047,0.14834,0.16786,0.19583,0.15852,0.20792,0.09997,0.14666,0.12666,0.18802,0.21261,0.23093
3377,5.96087,0.22186,0.19109,7.00376,0.16954,0.21488,6.82579,0.21758,0.16413,5.93585,3.71996,6.76778,6.94146,0.14427,0.18146,6.78478,0.17504,0.16396,0.15535,0.84747,0.19220,0.92932,0.20758,0.10000,0.14852,0.12585,0.18616,0.20947,0.22868
3378,6.23246,0.21983,0.18826,6.84616,0.17101,0.21450,7.04615,0.21546,0.16078,6.14137,6.32307,6.78507,6.95449,0.14995,0.22746,6.51243,1.56079,1.50198,0.20226,5.02794,0.18814,5.09266,0.20400,0.09998,0.14760,0.12071,0.18365,0.20750,0.22690
3379,6.58251,0.21923,0.18362,6.85700,0.17263,0.21403,6.97252,0.21186,0.15812,6.39150,6.48810,6.97701,6.94174,0.15384,0.43029,6.50014,3.40665,3.50770,0.41827,6.33312,0.18280,6.35260,0.19635,0.10000,0.14780,0.11432,0.18580,0.20629,0.22660
3380,6.87199,0.21801,0.18000,6.91315,0.17500,0.21388,6.93116,0.20962,0.15460,6.63715,6.49051,7.01284,6.99212,0.17908,0.69189,6.54924,3.57515,3.94751,0.88673,6.18124,0.18723,6.25515,0.19151,0.10001,0.14763,0.11260,0.18852,0.20323,0.22567
3381,7.00556,0.21720,0.17677,7.00886,0.17678,0.21136,6.29214,0.20921,0.15755,6.90325,5.51007,7.13823,7.04298,0.18217,0.57830,6.77694,2.54180,3.12139,0.79636,4.52148,0.18512,4.87595,0.19020,0.10001,0.14955,0.11241,0.19308,0.20093,0.22528
3382,6.86915,0.21634,0.18328,7.01957,0.17327,0.20888,1.44401,0.21249,0.16632,6.97827,1.25682,7.00667,6.69329,0.15259,0.19056,6.69750,0.29044,0.41931,0.20324,0.54451,0.18550,0.72724,0.19922,0.09999,0.14511,0.11572,0.19519,0.19921,0.22337
3383,6.63812,0.21533,0.19339,6.63047,0.17088,0.20788,1.12298,0.20935,0.16446,6.57954,0.62606,6.66928,6.61148,0.15200,0.18254,6.36034,0.19762,0.21691,0.17285,0.25842,0.18751,0.28402,0.19923,0.10001,0.14482,0.12322,0.19183,0.19800,0.21907
3384,6.36357,0.21414,0.19800,6.53163,0.17197,0.20617,2.06829,0.20659,0.16111,5.74335,0.87949,6.52075,6.38076,0.15686,0.18374,6.38564,0.18801,0.19092,0.17035,0.23733,0.19276,0.24852,0.19779,0.10001,0.14684,0.12881,0.18790,0.19663,0.21552
3385,6.10589,0.21213,0.19934,6.61613,0.17443,0.20488,6.02198,0.20311,0.15596,5.65952,5.45198,6.61316,6.45690,0.16614,0.25109,6.48318,1.81572,1.70638,0.24069,4.60705,0.18661,4.62699,0.19544,0.10001,0.15168,0.12831,0.18177,0.19590,0.21214
3386,5.95596,0.21161,0.20135,6.67591,0.17553,0.20299,4.37831,0.20337,0.15801,5.39190,3.62014,6.57653,6.43238,0.16383,0.23247,6.55856,1.16136,1.07937,0.22693,2.72351,0.19032,2.65849,0.19538,0.10004,0.15058,0.12882,0.18114,0.19437,0.20987
3387,5.87988,0.21035,0.20473,6.82196,0.17688,0.19947,3.04214,0.20104,0.15938,5.91706,1.06525,6.69332,6.50077,0.15759,0.18820,6.67322,0.21101,0.21975,0.17737,0.32248,0.19121,0.34864,0.19438,0.10001,0.14845,0.12646,0.17979,0.19495,0.20735
3388,6.18839,0.20955,0.20242,6.90125,0.17785,0.19851,4.55421,0.19967,0.15755,6.22317,1.37517,6.85080,6.79040,0.15625,0.18824,6.71885,0.22025,0.22640,0.17905,0.36322,0.18828,0.38733,0.19321,0.10001,0.14731,0.12104,0.17837,0.19519,0.20678
3389,6.43260,0.20866,0.20327,7.03985,0.17942,0.19480,4.14077,0.19628,0.15896,6.24424,1.44313,6.98057,6.99906,0.14986,0.18946,6.82764,0.22318,0.21834,0.17660,0.41055,0.18440,0.43343,0.18955,0.10000,0.14546,0.12078,0.17817,0.19618,0.20710
3390,6.56974,0.20832,0.20031,7.04420,0.17926,0.19428,6.66174,0.19658,0.15714,6.28758,4.62214,7.01358,7.13183,0.15726,0.19575,6.81739,0.30868,0.31523,0.18675,1.45624,0.18226,1.59866,0.18564,0.10002,0.14365,0.11735,0.17727,0.19533,0.20638
3391,6.54120,0.20869,0.19571,7.05686,0.17817,0.19490,4.18863,0.19700,0.15567,6.40671,1.88719,7.00383,7.05807,0.15710,0.18872,6.77216,0.23604,0.25016,0.18246,0.55450,0.18039,0.61221,0.18510,0.10002,0.14517,0.11415,0.17730,0.19441,0.20588
3392,6.81571,0.20822,0.19023,7.18143,0.17653,0.19520,7.09101,0.19118,0.14999,6.56312,6.39422,7.15009,7.18794,0.16726,0.24236,6.93444,1.34098,1.69153,0.26472,5.18223,0.18047,5.34931,0.17900,0.10002,0.15004,0.11728,0.17678,0.19474,0.20589
3393,7.16281,0.20767,0.18505,7.37766,0.17510,0.19383,6.93850,0.18892,0.14914,6.87758,6.07430,7.35751,7.32757,0.16495,0.25126,7.27856,1.06011,2.06964,0.29960,4.21014,0.17830,5.11767,0.17705,0.10001,0.15395,0.12299,0.17707,0.19605,0.20633
3394,7.28968,0.20728,0.18108,7.46612,0.17436,0.19313,3.25105,0.18938,0.14989,7.17899,2.14476,7.44016,7.31085,0.15754,0.19173,7.41887,0.30117,0.51568,0.19493,0.73164,0.17358,1.24266,0.17904,0.10000,0.15495,0.12444,0.17785,0.19678,0.20654
3395,6.97412,0.20669,0.17746,7.46512,0.17438,0.19312,0.53244,0.19007,0.15042,7.29771,0.64880,7.42567,6.90551,0.15307,0.17313,7.46248,0.19054,0.20758,0.16647,0.23748,0.17314,0.28621,0.18142,0.10001,0.15487,0.12411,0.17874,0.19724,0.20672
3396,6.98093,0.20540,0.17416,7.35705,0.17521,0.19349,0.23104,0.19061,0.15025,7.12816,0.45473,7.34108,6.39774,0.15076,0.16959,7.50855,0.17115,0.16993,0.15892,0.17877,0.17411,0.18292,0.18336,0.10003,0.15580,0.12551,0.17894,0.19770,0.20686
3397,7.12633,0.20331,0.17111,7.23750,0.17683,0.19415,0.18716,0.19107,0.14969,7.10899,0.39957,7.27320,6.07085,0.15116,0.16951,7.51851,0.16707,0.16047,0.15547,0.16780,0.17627,0.16581,0.18482,0.10003,0.15669,0.12572,0.17960,0.19831,0.20703
3398,7.07165,0.20138,0.16752,6.91118,0.17623,0.19482,0.17591,0.19149,0.15134,7.16179,0.37122,7.24728,6.00493,0.15598,0.17165,7.51578,0.16697,0.15737,0.15545,0.16568,0.17936,0.16125,0.18616,0.10003,0.15637,0.12187,0.18051,0.19879,0.20731
3399,6.85363,0.20089,0.16616,7.12459,0.17417,0.19559,0.41022,0.19167,0.15746,7.15508,0.34542,7.23399,5.97960,0.16024,0.17633,7.57502,0.16960,0.15754,0.15888,0.16579,0.18225,0.16018,0.18648,0.10001,0.15048,0.11711,0.18228,0.19817,0.20749
3400,6.99250,0.20062,0.16819,7.48898,0.17420,0.19545,5.33408,0.18993,0.15215,7.13967,3.89417,7.21522,6.68171,0.16210,0.20569,7.45333,1.01572,0.98300,0.19903,2.75919,0.17809,2.79079,0.18262,0.10003,0.15128,0.12320,0.17850,0.19468,0.20640
3401,7.10713,0.19839,0.16742,7.42390,0.17472,0.19574,6.83417,0.18980,0.15012,7.16220,6.06467,7.24124,7.16024,0.17668,0.56492,7.34273,3.49621,3.46205,0.71174,5.66276,0.17672,5.65937,0.18038,0.10004,0.15657,0.12742,0.17668,0.19195,0.20565
3402,7.17979,0.19559,0.16709,7.35416,0.17286,0.19550,6.99736,0.18934,0.14967,7.16519,6.52445,7.26995,7.23303,0.29765,1.24945,7.30966,4.94876,5.42798,2.00110,6.65393,0.18285,6.68277,0.17872,0.10003,0.16222,0.13304,0.17587,0.19026,0.20509
3403,7.20359,0.19236,0.16576,7.32910,0.17105,0.19450,6.95146,0.18930,0.15139,7.22170,6.48565,7.30532,7.27145,0.44018,0.89873,7.29087,3.52219,5.17791,2.27646,6.13309,0.18310,6.43404,0.17825,0.10000,0.16781,0.14428,0.17738,0.18930,0.20490
3404,7.21709,0.18959,0.16432,7.32281,0.17022,0.19331,5.93129,0.18983,0.15551,7.25616,4.97482,7.33047,7.27606,0.42416,0.41993,7.28722,1.58050,3.51415,1.57519,3.30020,0.18006,4.43177,0.18028,0.10001,0.17195,0.16135,0.17953,0.18826,0.20452
3405,6.95611,0.18818,0.16255,7.32893,0.16946,0.19219,2.27677,0.19116,0.15864,7.26103,2.04123,7.32875,7.04699,0.25531,0.21798,7.30134,0.45876,1.55313,0.62451,0.98299,0.17804,1.90046,0.18430,0.10002,0.17069,0.15401,0.18131,0.18748,0.20436
3406,6.27647,0.18758,0.16103,7.35009,0.17004,0.19120,0.88835,0.19149,0.15877,6.94587,0.99010,7.30655,6.96142,0.18925,0.18731,7.31380,0.24485,0.59896,0.30366,0.39278,0.17930,0.75400,0.18583,0.09999,0.16668,0.14027,0.18022,0.18823,0.20456
3407,6.42803,0.18811,0.16075,7.36867,0.17006,0.19025,2.61062,0.19024,0.15579,6.60348,0.89092,7.27406,7.23909,0.18078,0.18815,7.32741,0.23504,0.45080,0.26679,0.36441,0.17884,0.51366,0.18460,0.09999,0.16454,0.13680,0.17785,0.18884,0.20425
3408,7.02561,0.18997,0.16083,7.36828,0.16720,0.18944,1.70214,0.18906,0.15422,6.82584,0.75757,7.28930,7.16091,0.17894,0.18904,7.34679,0.23068,0.38260,0.24897,0.32419,0.17802,0.42139,0.18345,0.10002,0.16486,0.13588,0.17714,0.18807,0.20379
3409,6.60676,0.18742,0.15807,7.33641,0.16721,0.18860,1.76317,0.18817,0.15321,7.04753,0.70881,7.29024,6.98286,0.17284,0.18153,7.35723,0.20449,0.28340,0.20724,0.25009,0.17789,0.31017,0.18331,0.09992,0.16467,0.13793,0.17517,0.18886,0.20302
3410,6.92247,0.18057,0.15573,7.31496,0.16880,0.18917,7.24676,0.18592,0.15733,6.85575,6.44457,7.34689,7.30091,0.18930,0.22979,7.32241,1.61295,1.85862,0.29545,5.25956,0.17786,5.35602,0.18036,0.09992,0.16863,0.14472,0.17521,0.18964,0.20094
3411,7.30961,0.17847,0.15381,7.39767,0.16833,0.18995,3.49949,0.18682,0.16212,7.22503,2.46144,7.42625,7.26271,0.17858,0.18824,7.36707,0.31592,0.52261,0.22246,1.00895,0.17764,1.34647,0.18174,0.09995,0.16619,0.13624,0.17816,0.18751,0.19965
3412,7.06997,0.18112,0.15433,7.42972,0.16399,0.18907,0.30426,0.18801,0.16569,7.35763,0.49901,7.40153,6.63199,0.16380,0.17743,7.48940,0.18345,0.20490,0.18100,0.20012,0.17828,0.22401,0.18251,0.09998,0.15902,0.12646,0.17655,0.18702,0.19898
3413,7.04981,0.18363,0.15664,7.49230,0.15942,0.18817,0.21082,0.18888,0.16658,7.16716,0.40957,7.20445,6.87073,0.15579,0.17647,7.48608,0.17689,0.17979,0.16961,0.18069,0.17841,0.18661,0.18339,0.09999,0.15366,0.12513,0.17498,0.18566,0.19742
3414,6.78972,0.18396,0.15842,7.45758,0.15758,0.18774,2.63560,0.18814,0.16037,6.35349,0.71371,7.07205,7.20031,0.15899,0.17671,7.42485,0.17628,0.17496,0.16942,0.18689,0.17949,0.19028,0.18147,0.10001,0.14836,0.12134,0.17396,0.18324,0.19499
3415,6.92047,0.18367,0.15679,7.41681,0.15949,0.18771,7.05421,0.18754,0.15467,6.30097,4.17989,7.10940,7.38723,0.16173,0.17663,7.37973,0.18255,0.18393,0.17244,0.75385,0.17794,0.85025,0.17941,0.10002,0.14616,0.11536,0.17344,0.18119,0.19351
3416,7.02654,0.18392,0.15647,7.37863,0.15825,0.18683,1.16234,0.18837,0.15523,6.37025,0.57962,7.09523,7.10197,0.15147,0.17553,7.34071,0.17591,0.17384,0.16785,0.18458,0.17661,0.18664,0.17912,0.10002,0.14016,0.11222,0.17356,0.17959,0.19270
3417,6.21484,0.18502,0.16072,7.33304,0.15333,0.18343,0.18792,0.18679,0.15947,6.53785,0.36068,7.08083,6.82288,0.13087,0.17112,7.30313,0.17228,0.16495,0.15433,0.17290,0.16897,0.17009,0.18131,0.10002,0.13939,0.11627,0.16946,0.18104,0.19270
3418,5.95193,0.18596,0.16443,7.31758,0.15556,0.17874,0.18324,0.18413,0.16087,6.23831,0.33274,6.96739,6.92554,0.12347,0.16457,7.29690,0.16614,0.15163,0.13853,0.16754,0.16314,0.16185,0.18040,0.10002,0.14331,0.12091,0.16283,0.18217,0.19309
3419,6.13621,0.18612,0.16754,7.33653,0.16172,0.17475,1.47766,0.18188,0.15967,6.19071,0.33391,7.00417,7.11062,0.12345,0.15863,7.29983,0.15808,0.13844,0.12989,0.16060,0.15548,0.15403,0.17210,0.10004,0.14739,0.12530,0.16012,0.18229,0.19363
3420,6.86155,0.18545,0.16855,7.38359,0.16631,0.17304,6.95940,0.17835,0.15575,6.26519,3.94981,7.13278,7.35383,0.12500,0.15475,7.32207,0.22021,0.22271,0.13216,1.45272,0.15115,1.62800,0.15682,0.10004,0.14526,0.12516,0.16134,0.18140,0.19364
3421,7.30064,0.18471,0.16703,7.41291,0.16892,0.17345,7.37296,0.17019,0.15164,6.83265,6.76725,7.29787,7.40208,0.12661,0.26827,7.36544,2.81054,2.73936,0.20231,6.86057,0.14866,6.84919,0.15021,0.10003,0.14286,0.12423,0.16272,0.18095,0.19324
3422,7.38687,0.18484,0.16463,7.42451,0.16877,0.17386,7.30551,0.16683,0.14974,7.16750,6.63188,7.35005,7.41331,0.12795,0.28917,7.39300,2.54397,2.43697,0.22078,6.01243,0.14581,6.02981,0.14953,0.10002,0.14307,0.11865,0.16433,0.18080,0.19293
3423,7.38551,0.18437,0.16297,7.42350,0.16771,0.17419,4.45217,0.16838,0.14919,7.29544,2.80930,7.36003,7.35747,0.12986,0.15641,7.39227,0.34046,0.37968,0.14371,1.13464,0.14466,1.29805,0.15238,0.10000,0.14315,0.11444,0.16546,0.18104,0.19281
3424,7.17842,0.18388,0.16410,7.42202,0.16727,0.17349,1.03619,0.16798,0.15052,7.35097,0.77243,7.33306,7.16772,0.12819,0.14480,7.38210,0.16753,0.16031,0.13252,0.25053,0.14464,0.26651,0.15336,0.10000,0.14046,0.11225,0.16694,0.18097,0.19255
3425,6.96064,0.18321,0.16251,7.41595,0.16845,0.17315,2.85745,0.16617,0.14860,7.25112,0.97960,7.34155,7.25619,0.12693,0.14419,7.36962,0.16468,0.16097,0.13333,0.25890,0.14338,0.27619,0.15208,0.10004,0.13864,0.11130,0.16762,0.18099,0.19234
3426,7.12451,0.18311,0.15934,7.38433,0.16815,0.17381,7.22192,0.16400,0.14589,7.12936,4.32006,7.30599,7.36086,0.12913,0.14711,7.38073,0.20845,0.22785,0.14162,0.83523,0.14193,0.93298,0.15135,0.10006,0.13671,0.11005,0.16662,0.18092,0.19222
3427,7.27834,0.18359,0.15769,7.36807,0.16586,0.17499,6.41519,0.16563,0.14365,7.22181,3.16283,7.28503,7.30979,0.13209,0.14490,7.36051,0.18668,0.22362,0.14619,0.66763,0.14249,0.73620,0.15397,0.10006,0.13363,0.10958,0.16502,0.18011,0.19198
3428,7.23625,0.18290,0.15676,7.34635,0.16342,0.17602,1.82611,0.17065,0.14226,7.22030,0.91212,7.23185,7.15711,0.13530,0.14256,7.31610,0.15299,0.17205,0.14206,0.23536,0.14806,0.26151,0.15744,0.10000,0.13104,0.11014,0.16386,0.17880,0.19134
3429,6.78847,0.18320,0.15892,7.31791,0.15990,0.17543,0.19488,0.17256,0.14356,7.00960,0.37569,7.15819,6.94783,0.13312,0.14462,7.29900,0.14201,0.14453,0.13720,0.14639,0.15125,0.15242,0.16049,0.09999,0.12784,0.10957,0.16315,0.17799,0.19042
3430,6.61374,0.18341,0.16079,7.30866,0.15744,0.17475,1.04862,0.17283,0.14250,6.71487,0.35621,7.03783,7.12478,0.13186,0.14642,7.29019,0.14194,0.14132,0.13810,0.14455,0.15114,0.14708,0.16099,0.10003,0.12597,0.11009,0.16239,0.17734,0.18974
3431,6.55815,0.18288,0.16054,7.29860,0.15673,0.17472,0.19768,0.17414,0.14041,6.14440,0.32072,6.90199,6.98009,0.13389,0.14851,7.28560,0.14415,0.14061,0.13936,0.14289,0.15558,0.14266,0.16370,0.10004,0.12644,0.11092,0.16084,0.17607,0.18907
3432,6.17022,0.18253,0.16224,7.29586,0.15384,0.17332,0.26294,0.17307,0.14288,6.07558,0.29810,6.96314,6.97598,0.12726,0.14915,7.27529,0.14611,0.13926,0.13742,0.14426,0.15433,0.14139,0.16321,0.09994,0.12671,0.11206,0.16084,0.17617,0.18881
3433,6.40701,0.18219,0.16369,7.28663,0.15176,0.17097,1.45480,0.17130,0.14457,5.99598,0.29058,6.93913,7.11643,0.12381,0.14863,7.26079,0.14499,0.13825,0.13612,0.14370,0.14932,0.14153,0.16029,0.09993,0.12654,0.11408,0.15985,0.17599,0.18822
3434,6.25603,0.18244,0.16650,7.26927,0.15088,0.16890,0.52341,0.17008,0.14547,6.32690,0.26962,6.95166,6.92326,0.12042,0.14705,7.21951,0.14628,0.13685,0.13139,0.14400,0.14985,0.13974,0.16160,0.09996,0.12849,0.11685,0.15725,0.17493,0.18705
3435,6.34868,0.18240,0.16717,7.24349,0.15134,0.16751,2.66406,0.16756,0.14366,6.23936,0.27740,6.95085,7.19755,0.11966,0.14639,7.16876,0.14535,0.13730,0.13173,0.14363,0.14664,0.14219,0.15756,0.09999,0.12669,0.11365,0.15560,0.17388,0.18615
3436,6.82917,0.18220,0.16369,7.24361,0.15112,0.16829,4.61400,0.16573,0.14075,6.32120,0.62238,7.05164,7.25420,0.12077,0.14491,7.16588,0.14541,0.13943,0.13325,0.15649,0.14274,0.16005,0.15210,0.10002,0.12519,0.10873,0.15653,0.17340,0.18593
3437,7.16665,0.18160,0.15877,7.27313,0.15185,0.16916,6.15897,0.16226,0.13718,6.76310,2.61582,7.19314,7.27654,0.12288,0.14267,7.21321,0.14593,0.14559,0.13483,0.35173,0.13922,0.45210,0.14649,0.10004,0.12656,0.10676,0.15714,0.17335,0.18615
3438,7.11386,0.18108,0.15462,7.31231,0.15253,0.16922,0.57762,0.16250,0.13682,7.16801,0.32039,7.27891,6.99648,0.12356,0.13697,7.27700,0.14085,0.13728,0.12940,0.14491,0.13793,0.14594,0.14952,0.10003,0.13119,0.10667,0.15812,0.17388,0.18642
3439,6.68009,0.18008,0.15042,7.31880,0.15295,0.17003,0.14912,0.16398,0.13671,7.14874,0.24236,7.25881,6.58022,0.12694,0.13574,7.29392,0.13511,0.13081,0.12661,0.13712,0.14255,0.13528,0.15384,0.10003,0.13093,0.10507,0.15884,0.17395,0.18655
3440,6.67066,0.17923,0.14958,7.29514,0.15310,0.16966,0.14191,0.16430,0.13776,6.96617,0.22687,7.19255,6.23795,0.12360,0.13726,7.27669,0.13374,0.12756,0.12686,0.13334,0.14357,0.13065,0.15418,0.10003,0.12987,0.10516,0.15890,0.17467,0.18673
3441,5.89697,0.17731,0.14621,7.29851,0.15491,0.16998,0.14007,0.16477,0.13666,6.75102,0.21736,7.13912,6.46485,0.12260,0.13873,7.29090,0.13483,0.12719,0.12727,0.13307,0.14419,0.12924,0.15545,0.10002,0.13122,0.10512,0.15922,0.17559,0.18690
3442,5.74347,0.17530,0.14345,7.20954,0.15554,0.17076,0.13973,0.16554,0.13572,6.24133,0.21126,7.06990,6.59554,0.12384,0.13963,7.28823,0.13635,0.12771,0.12642,0.13443,0.14700,0.12976,0.15732,0.10002,0.13199,0.10477,0.15986,0.17615,0.18695
3443,6.00594,0.17324,0.14103,7.11612,0.15597,0.17153,0.14307,0.16625,0.13436,6.21399,0.20660,7.04613,6.67707,0.12639,0.14140,7.20731,0.13704,0.12775,0.12665,0.13540,0.15000,0.13042,0.15889,0.10003,0.13231,0.10440,0.15999,0.17649,0.18692
3444,6.34764,0.17169,0.13873,7.09667,0.15595,0.17217,0.17074,0.16674,0.13361,6.40101,0.20270,7.08315,6.80761,0.12942,0.14349,7.12950,0.13826,0.12877,0.12847,0.13635,0.15190,0.13144,0.16003,0.10004,0.13273,0.10430,0.15985,0.17613,0.18678
3445,6.61004,0.17033,0.13718,7.11843,0.15551,0.17264,0.26596,0.16698,0.13262,6.68311,0.19910,7.13441,6.83725,0.13300,0.14580,7.10875,0.14004,0.13032,0.13092,0.13758,0.15377,0.13279,0.16081,0.10004,0.13247,0.10409,0.15987,0.17546,0.18665
3446,6.79058,0.16993,0.13624,7.16496,0.15427,0.17255,1.04621,0.16708,0.13189,6.81897,0.19711,7.20652,7.05887,0.13472,0.14568,7.13641,0.14134,0.13256,0.13231,0.13796,0.15367,0.13490,0.16025,0.10006,0.13327,0.10493,0.15982,0.17446,0.18638
3447,7.02439,0.16830,0.13567,7.21512,0.15363,0.17274,0.27784,0.16736,0.13139,7.01755,0.19224,7.25473,7.05166,0.13745,0.14739,7.18148,0.14250,0.13444,0.13459,0.14010,0.15473,0.13614,0.16083,0.10006,0.13490,0.10616,0.16004,0.17359,0.18615
3448,7.06263,0.16722,0.13529,7.23768,0.15292,0.17334,0.27819,0.16748,0.13159,7.11518,0.18912,7.27494,6.90885,0.14009,0.14992,7.21734,0.14404,0.13576,0.13718,0.14169,0.15636,0.13753,0.16147,0.10006,0.13456,0.10650,0.16016,0.17251,0.18587
3449,7.18879,0.16734,0.13511,7.21393,0.15172,0.17379,0.40095,0.16744,0.13200,7.16518,0.18752,7.27910,6.86957,0.14108,0.15116,7.26677,0.14552,0.13759,0.13900,0.14200,0.15685,0.13861,0.16074,0.10004,0.13354,0.10655,0.16009,0.17112,0.18536
3450,7.16957,0.16695,0.13504,7.24165,0.15083,0.17391,0.43136,0.16846,0.13364,7.20241,0.18337,7.24430,6.66337,0.14166,0.15295,7.21165,0.14783,0.13946,0.14116,0.14414,0.15758,0.14024,0.16089,0.09999,0.13136,0.10626,0.16096,0.16992,0.18469
3451,6.97352,0.16539,0.13624,7.13424,0.15243,0.17344,6.16319,0.16599,0.13024,7.22745,4.69564,7.14980,6.91688,0.14370,0.29500,6.87934,2.01914,1.94046,0.28584,4.00803,0.15377,4.02838,0.15773,0.10000,0.13512,0.11356,0.15791,0.16838,0.18271
3452,7.09911,0.16218,0.13634,6.98404,0.15368,0.17240,6.39619,0.16545,0.13072,7.24049,5.82528,7.12061,7.04144,0.14760,0.51658,6.82523,3.49067,3.68514,0.57554,5.79430,0.15259,5.84851,0.15615,0.10004,0.13926,0.11903,0.15824,0.16700,0.18207
3453,7.05965,0.16151,0.13682,6.88025,0.15307,0.17205,5.52103,0.16756,0.13317,7.11343,3.87404,7.00040,6.96559,0.14631,0.18959,6.77871,0.66882,1.01535,0.23265,2.12486,0.15404,2.50152,0.15744,0.10007,0.13706,0.11467,0.15919,0.16666,0.18155
3454,6.96372,0.16179,0.13743,6.81728,0.15198,0.17196,6.87480,0.16761,0.13311,6.90061,5.41576,6.86400,6.87885,0.15287,0.28071,6.79894,1.39454,1.52557,0.34827,3.66281,0.15443,3.77877,0.15711,0.10007,0.13730,0.11288,0.15776,0.16651,0.18023
3455,6.87401,0.16221,0.13705,6.84239,0.15107,0.17182,5.77590,0.16763,0.13428,6.73917,4.23875,6.85594,6.83184,0.14985,0.25161,6.81885,0.99417,1.14878,0.30165,2.55644,0.15423,2.70764,0.15712,0.10008,0.13572,0.11050,0.15751,0.16661,0.18010
3456,6.69132,0.16187,0.13727,6.88463,0.15169,0.17100,1.97011,0.16813,0.13730,6.68903,1.39264,6.88086,6.71311,0.13750,0.17082,6.88158,0.30388,0.38133,0.18312,0.62119,0.15281,0.73936,0.15807,0.10007,0.13227,0.10891,0.15729,0.16714,0.18079
3457,6.29388,0.16172,0.13828,6.92783,0.15166,0.16940,1.45785,0.16779,0.14017,6.64486,0.66580,6.86183,6.70732,0.12924,0.15692,6.92086,0.19444,0.21152,0.15419,0.27831,0.15079,0.31445,0.15867,0.10007,0.12973,0.10974,0.15745,0.16785,0.18122
3458,6.38488,0.16213,0.13967,6.96391,0.15116,0.16748,1.17972,0.16659,0.14209,6.52256,0.55989,6.80794,6.85328,0.12412,0.15641,6.92544,0.18813,0.18279,0.14649,0.24660,0.14724,0.25608,0.15651,0.10007,0.12896,0.11280,0.15747,0.16856,0.18138
3459,6.40558,0.16205,0.14133,6.97782,0.15147,0.16581,0.34678,0.16574,0.14414,6.40204,0.41324,6.78937,6.79788,0.11969,0.15127,6.89722,0.16658,0.15453,0.13615,0.18799,0.14236,0.18358,0.15558,0.10009,0.13053,0.11699,0.15704,0.16931,0.18146
3460,6.44588,0.16188,0.14327,6.97890,0.15345,0.16425,5.26230,0.16384,0.14423,6.24917,1.94858,6.78326,6.97713,0.12020,0.15304,6.88559,0.17231,0.16171,0.13556,0.46348,0.14071,0.51729,0.14733,0.10010,0.13111,0.12016,0.15635,0.16964,0.18131
3461,6.83019,0.16258,0.14354,6.98016,0.15385,0.16347,7.00049,0.16014,0.14255,6.21370,6.39494,6.82885,7.02485,0.12637,0.20515,6.89468,1.71071,1.53129,0.18383,5.68246,0.14378,5.67764,0.13954,0.10007,0.12900,0.11849,0.15596,0.16912,0.18106
3462,6.96189,0.16167,0.14215,6.99459,0.15416,0.16419,6.97863,0.16025,0.14089,6.27233,6.47729,6.88817,7.01743,0.13028,0.27446,6.89066,2.72962,2.62645,0.26758,6.30180,0.14364,6.24732,0.13987,0.10007,0.12852,0.11514,0.15571,0.16916,0.18076
3463,7.00111,0.16103,0.14139,7.02317,0.15404,0.16510,6.93403,0.15989,0.14028,6.53527,6.37636,6.95686,7.03078,0.13109,0.23718,6.91705,1.78411,2.06020,0.27200,5.35503,0.14139,5.43099,0.14124,0.10004,0.12884,0.11279,0.15604,0.16905,0.18066
3464,7.01274,0.16089,0.14063,7.00437,0.15393,0.16622,6.85622,0.16095,0.13920,6.70782,6.11188,6.94338,7.04023,0.13506,0.21361,6.87969,1.28963,1.77191,0.30760,4.49488,0.13970,4.61840,0.14378,0.10012,0.12848,0.11210,0.15627,0.16850,0.18032
3465,6.99955,0.16122,0.14047,6.92344,0.15342,0.16724,6.44515,0.16282,0.13825,6.74159,5.07209,6.89143,7.00753,0.13864,0.17879,6.76224,0.63073,1.18287,0.29218,2.79461,0.13943,3.07941,0.14685,0.10013,0.12820,0.11231,0.15637,0.16760,0.17960
3466,6.94721,0.16200,0.14053,6.82216,0.15254,0.16784,5.70981,0.16383,0.13750,6.71279,4.02690,6.83072,6.94246,0.14267,0.16683,6.67231,0.40839,0.90642,0.29512,1.78780,0.14033,2.17672,0.14877,0.10009,0.12855,0.11229,0.15652,0.16643,0.17886
3467,6.79363,0.16178,0.14027,6.73898,0.15233,0.16805,3.01347,0.16571,0.13715,6.61837,1.90018,6.73989,6.78660,0.14274,0.15019,6.62600,0.23232,0.53729,0.24293,0.59569,0.14312,0.93848,0.15208,0.10008,0.12954,0.11182,0.15691,0.16543,0.17837
3468,6.60631,0.16107,0.13974,6.72785,0.15236,0.16807,2.24937,0.16660,0.13621,6.47153,1.14519,6.71923,6.70962,0.14238,0.14644,6.61904,0.19763,0.40961,0.21458,0.36429,0.14511,0.56264,0.15406,0.10007,0.13051,0.11064,0.15683,0.16519,0.17833
3469,6.65047,0.16073,0.13972,6.77548,0.15277,0.16786,6.32276,0.16400,0.13533,6.49265,3.09446,6.78532,6.79461,0.14326,0.16866,6.62546,0.33130,0.48479,0.23726,0.93930,0.14376,1.08012,0.15149,0.10004,0.13033,0.11059,0.15645,0.16577,0.17864
3470,6.77637,0.16097,0.13943,6.85935,0.15254,0.16711,6.75101,0.16098,0.13556,6.61562,5.74782,6.85232,6.89017,0.14522,0.20304,6.67407,0.52564,0.62920,0.26470,2.34354,0.14392,2.68016,0.14817,0.09999,0.12996,0.11021,0.15608,0.16604,0.17866
3471,6.87764,0.16043,0.13860,6.91006,0.15243,0.16678,5.15688,0.16062,0.13611,6.73672,3.04565,6.90411,6.94786,0.14008,0.18091,6.70894,0.35132,0.46883,0.22416,0.95548,0.14253,1.11715,0.14827,0.10006,0.13103,0.11023,0.15658,0.16597,0.17858
3472,6.81302,0.15988,0.13823,6.87994,0.15268,0.16636,1.33997,0.16110,0.13591,6.82162,0.96578,6.92112,6.83766,0.13435,0.15685,6.74612,0.22191,0.30914,0.17775,0.34637,0.14174,0.43462,0.15011,0.10011,0.13359,0.11226,0.15676,0.16634,0.17881
3473,6.51765,0.15842,0.13799,6.83872,0.15321,0.16587,0.46313,0.16145,0.13592,6.79242,0.62955,6.92237,6.66996,0.13131,0.14585,6.82731,0.17560,0.22169,0.15308,0.22813,0.14243,0.28318,0.15157,0.09997,0.13498,0.11374,0.15666,0.16670,0.17849
3474,6.30667,0.15792,0.13797,6.85667,0.15320,0.16542,0.26077,0.16153,0.13913,6.73096,0.49127,6.84721,6.41383,0.12909,0.14096,6.84650,0.15042,0.16514,0.13870,0.17179,0.14387,0.19360,0.15194,0.09996,0.13303,0.11153,0.15664,0.16706,0.17818
3475,6.17917,0.15767,0.13836,6.87981,0.15294,0.16515,0.18820,0.16204,0.14223,6.59727,0.41901,6.71409,6.37123,0.12793,0.14064,6.81929,0.14075,0.14272,0.13263,0.14667,0.14540,0.15247,0.15335,0.10007,0.13194,0.11061,0.15701,0.16758,0.17821
3476,6.23441,0.15935,0.13933,6.86815,0.15120,0.16417,4.27113,0.15991,0.14311,6.28175,0.99837,6.67243,6.67529,0.12675,0.13979,6.76748,0.14149,0.14241,0.13282,0.16227,0.14258,0.17063,0.14963,0.09999,0.13054,0.11101,0.15712,0.16720,0.17790
3477,6.39936,0.16043,0.13945,6.87728,0.14914,0.16363,1.51792,0.15849,0.14380,6.35618,0.46360,6.82202,6.78192,0.12497,0.13846,6.80056,0.13942,0.13816,0.13111,0.14613,0.13982,0.14882,0.14814,0.09988,0.13363,0.11226,0.15710,0.16664,0.17730
3478,6.59111,0.16097,0.14144,6.90636,0.14801,0.16272,0.17377,0.15829,0.14673,6.50628,0.34588,6.84109,6.42481,0.12314,0.13787,6.86499,0.13728,0.13203,0.12853,0.13835,0.13849,0.13712,0.14871,0.09999,0.13447,0.11553,0.15574,0.16702,0.17698
3479,6.60518,0.16191,0.14245,6.90382,0.14723,0.16191,1.31886,0.15855,0.14585,6.53114,0.36187,6.70760,6.48982,0.12404,0.13808,6.84303,0.13692,0.13170,0.12920,0.13753,0.13884,0.13654,0.14996,0.10009,0.13170,0.11683,0.15448,0.16695,0.17697
3480,6.52986,0.16099,0.14135,6.88984,0.14845,0.16224,6.67564,0.15759,0.14296,6.50214,4.17076,6.77004,6.79123,0.12546,0.13739,6.80436,0.14352,0.14441,0.13123,0.84701,0.13750,1.04092,0.14747,0.10009,0.13112,0.11458,0.15500,0.16705,0.17686
3481,6.60838,0.16018,0.14118,6.94041,0.14999,0.16241,6.43199,0.15649,0.14219,6.56021,4.10899,6.85552,6.88356,0.12442,0.13653,6.85910,0.14637,0.15279,0.13066,0.84936,0.13614,1.11259,0.14524,0.10009,0.13327,0.11525,0.15539,0.16730,0.17659
3482,6.70389,0.15945,0.14175,6.98304,0.15232,0.16239,2.17316,0.15608,0.14271,6.64243,0.78520,6.90245,6.84668,0.12385,0.13503,6.91070,0.13692,0.13336,0.12852,0.15931,0.13585,0.17136,0.14511,0.10009,0.13573,0.11640,0.15532,0.16762,0.17616
3483,6.68673,0.15870,0.14193,6.99858,0.15399,0.16244,0.34909,0.15608,0.14355,6.72558,0.39076,6.93067,6.65097,0.12455,0.13424,6.94122,0.13533,0.13087,0.12712,0.13702,0.13664,0.13555,0.14571,0.10007,0.13613,0.11542,0.15551,0.16785,0.17570
3484,6.72212,0.15792,0.14158,6.99462,0.15471,0.16238,1.88938,0.15546,0.14206,6.77844,0.73166,6.93782,6.57250,0.12523,0.13375,6.96431,0.13538,0.13221,0.12737,0.16792,0.13649,0.17495,0.14553,0.10001,0.13540,0.11432,0.15568,0.16783,0.17523
3485,6.75564,0.15752,0.14088,6.98335,0.15454,0.16219,5.94382,0.15335,0.13901,6.80772,4.82035,6.96088,6.78682,0.12595,0.13519,6.98233,0.28700,0.35724,0.13190,2.50339,0.13389,2.78576,0.14355,0.10000,0.13495,0.11554,0.15577,0.16728,0.17484
3486,6.90688,0.15843,0.14000,6.99201,0.15347,0.16241,5.50923,0.15334,0.13931,6.85494,3.79554,7.04532,6.94284,0.12836,0.13452,6.99164,0.21726,0.31971,0.13287,1.40247,0.13462,1.75869,0.14535,0.10011,0.13740,0.11628,0.15661,0.16655,0.17489
3487,7.03222,0.16002,0.14011,6.98334,0.15261,0.16289,6.71894,0.15334,0.13932,6.97435,5.27778,7.03736,7.04907,0.12986,0.16064,6.89476,0.84838,0.90829,0.16595,3.40416,0.13477,3.54102,0.14623,0.10020,0.13407,0.11521,0.15570,0.16544,0.17498
3488,7.05328,0.16226,0.14095,6.87007,0.15057,0.16250,6.69444,0.15328,0.13900,7.03436,5.52082,6.99347,6.98782,0.13153,0.19765,6.71035,1.18831,1.40035,0.21756,3.74260,0.13524,3.97783,0.14559,0.10017,0.13424,0.11480,0.15582,0.16443,0.17481
3489,7.00315,0.16230,0.14115,6.74380,0.15116,0.16312,6.86876,0.15374,0.13761,7.03985,6.09079,6.91668,6.87209,0.13977,0.33645,6.57139,2.04268,2.19026,0.39874,4.87944,0.13761,4.99082,0.14623,0.10019,0.13363,0.11503,0.15496,0.16368,0.17459
3490,6.93829,0.16182,0.14095,6.71389,0.15146,0.16333,6.71671,0.15426,0.13718,6.99291,5.98866,6.91130,6.78093,0.14799,0.41422,6.66070,2.18490,2.55383,0.52182,4.75111,0.14068,4.96661,0.14661,0.10017,0.13533,0.11614,0.15517,0.16313,0.17450
3491,6.84935,0.16063,0.14097,6.77349,0.15184,0.16425,5.58824,0.15671,0.13701,6.78516,4.05849,6.85974,6.75578,0.14884,0.21700,6.74818,0.77260,1.17105,0.33166,2.20087,0.14145,2.52688,0.14949,0.10015,0.13612,0.11640,0.15509,0.16271,0.17425
3492,6.70648,0.15989,0.14105,6.86334,0.15187,0.16435,6.27867,0.15719,0.13570,6.64162,4.95219,6.86496,6.81811,0.16446,0.29792,6.80399,1.19957,1.53952,0.45195,3.08757,0.14468,3.32277,0.14955,0.10014,0.13749,0.11829,0.15431,0.16248,0.17393
3493,6.66768,0.15954,0.14053,6.89664,0.15183,0.16393,2.81083,0.15837,0.13636,6.65735,2.06226,6.91215,6.78978,0.14898,0.18924,6.85809,0.41391,0.67770,0.26032,0.90951,0.14477,1.19042,0.15097,0.10012,0.13795,0.11810,0.15544,0.16262,0.17426
3494,6.40242,0.15829,0.14093,6.94144,0.15315,0.16342,0.87283,0.15933,0.13733,6.67864,0.93734,6.93165,6.69667,0.13930,0.15418,6.89319,0.22034,0.32449,0.17771,0.34837,0.14606,0.48134,0.15176,0.10013,0.13773,0.11858,0.15521,0.16361,0.17460
3495,6.25919,0.15720,0.14168,6.97049,0.15402,0.16299,0.61622,0.15921,0.13925,6.63394,0.70108,6.93458,6.83177,0.13496,0.14792,6.90984,0.17867,0.22423,0.15533,0.24293,0.14583,0.30903,0.15147,0.10004,0.13644,0.11660,0.15522,0.16439,0.17448
3496,6.44703,0.15746,0.14133,6.96621,0.15331,0.16249,0.45886,0.15876,0.14108,6.63654,0.60710,6.90926,6.83904,0.13340,0.14602,6.90814,0.16567,0.19232,0.14868,0.21071,0.14505,0.24830,0.15083,0.09993,0.13413,0.11343,0.15559,0.16417,0.17418
3497,6.35159,0.15793,0.14094,6.96778,0.15220,0.16246,0.44705,0.15928,0.14202,6.48462,0.49469,6.82345,6.79709,0.13334,0.14416,6.89838,0.15008,0.16209,0.14233,0.16891,0.14556,0.18468,0.15195,0.09996,0.13271,0.11169,0.15593,0.16386,0.17404
3498,6.27643,0.15830,0.14132,6.95830,0.15197,0.16325,0.22091,0.16133,0.14232,5.80338,0.42606,6.70658,6.69018,0.13642,0.14522,6.90809,0.14550,0.14904,0.14050,0.15252,0.14943,0.15794,0.15516,0.10046,0.13208,0.11635,0.15595,0.16337,0.17382
3499,6.07267,0.15681,0.14206,7.00859,0.15344,0.16375,2.75768,0.16294,0.13870,5.86688,0.89017,6.68752,6.71411,0.14014,0.14739,6.97106,0.14559,0.14536,0.14269,0.17200,0.15267,0.17906,0.15748,0.10061,0.13572,0.12466,0.15295,0.16249,0.17247
3500,6.26587,0.15715,0.14337,7.04411,0.15193,0.16319,6.96182,0.16255,0.13789,6.01038,5.96625,6.77482,6.98138,0.14154,0.15014,6.97495,0.45638,0.35607,0.14629,3.15900,0.15109,3.13414,0.15824,0.10034,0.13779,0.12583,0.15084,0.16229,0.17123
3501,6.39661,0.15807,0.14425,7.03601,0.15019,0.16259,7.03176,0.16193,0.13740,6.17338,6.62876,6.81718,7.02562,0.16877,1.26834,6.98664,4.96939,4.59284,0.97652,6.82233,0.15705,6.79108,0.15702,0.10001,0.13836,0.12524,0.14871,0.16181,0.16998
3502,6.46697,0.15921,0.14525,7.02809,0.14872,0.16233,7.03577,0.16205,0.13797,6.33202,6.72403,6.82863,7.01183,0.83421,4.95711,6.96851,6.96320,6.91266,4.40866,7.02767,0.70156,7.02075,0.15798,0.10007,0.15925,0.13010,0.14694,0.16032,0.16834
3503,6.56000,0.16003,0.14614,6.99996,0.14732,0.16221,7.02819,0.16229,0.13972,6.41632,6.74147,6.83886,7.00993,1.35939,5.80080,6.93736,7.00415,6.98623,5.37305,7.03337,1.28763,7.02904,0.16339,0.10003,0.18916,0.13264,0.14658,0.15942,0.16757
3504,6.72514,0.16034,0.14630,6.97900,0.14682,0.16212,7.02007,0.16164,0.14017,6.41912,6.75790,6.90400,7.01078,1.37244,5.64339,6.93492,6.96632,6.93799,5.17802,7.03404,1.44939,7.03039,0.17406,0.10006,0.19873,0.13024,0.14654,0.15939,0.16753
3505,6.84640,0.15896,0.14472,7.03832,0.14744,0.16153,7.00261,0.16477,0.14032,6.54616,6.78173,6.99481,7.01848,1.82464,5.81027,6.99355,6.94385,6.93451,5.47418,7.01246,2.43361,7.00850,0.33805,0.10013,0.27831,0.15857,0.14663,0.16022,0.16784
3506,6.99707,0.15789,0.14332,7.15187,0.14732,0.16162,6.99838,0.19778,0.14429,6.77348,6.79684,7.11917,7.12650,2.06870,5.84120,7.10229,6.91675,6.92226,5.61099,6.98618,2.91184,6.98253,0.54798,0.09999,0.32171,0.20186,0.14860,0.16038,0.16780
3507,7.07265,0.15807,0.14283,7.16714,0.14636,0.16100,6.78349,0.18431,0.14599,6.95131,6.45903,7.09999,7.14662,0.95231,3.25588,7.06478,5.21237,5.41425,3.26249,6.13604,1.21055,6.25298,0.33821,0.09979,0.22964,0.17890,0.14970,0.15948,0.16740
3508,7.00628,0.15810,0.14279,7.13439,0.14543,0.16031,5.31612,0.17127,0.14787,6.93166,4.82005,7.04026,7.07405,0.46313,1.54047,7.02038,2.89269,3.24440,1.66308,3.91356,0.53987,4.17589,0.25742,0.09973,0.19829,0.15137,0.14931,0.15892,0.16694
3509,6.83667,0.15827,0.14313,7.10008,0.14461,0.15995,3.44573,0.16692,0.14910,6.88864,3.16122,7.03043,6.98036,0.29884,0.77154,7.03055,1.54383,1.87188,0.87140,2.24421,0.35672,2.51623,0.21308,0.09991,0.18183,0.13672,0.14926,0.15870,0.16676
3510,6.69096,0.15849,0.14355,7.10292,0.14399,0.15961,4.28953,0.16643,0.15106,6.87218,3.04682,7.05094,7.04780,0.28654,0.66927,7.04568,1.32337,1.55413,0.73524,1.99276,0.32223,2.16504,0.20321,0.09993,0.17752,0.12963,0.14921,0.15861,0.16653
3511,6.82848,0.15876,0.14360,7.08707,0.14409,0.16010,7.03382,0.16887,0.15480,6.82568,6.36014,7.05942,7.10537,0.42409,1.04128,7.06034,2.22091,2.30407,1.14155,4.44347,0.40169,4.57626,0.21742,0.09999,0.19148,0.13402,0.15064,0.15758,0.16591
3512,6.95634,0.15887,0.14346,7.08786,0.14464,0.16005,6.18889,0.16786,0.15608,6.85512,5.06214,7.04177,7.09793,0.40987,0.83833,7.07020,1.76489,2.00277,1.03591,3.28468,0.34533,3.44853,0.20027,0.10006,0.18945,0.14082,0.15290,0.15632,0.16546
3513,6.97663,0.15906,0.14460,7.09503,0.14380,0.15994,3.19245,0.16613,0.15826,6.82098,2.45137,6.98370,6.98811,0.31229,0.51707,7.07990,1.01736,1.25673,0.69295,1.53290,0.26176,1.69091,0.18478,0.10010,0.17577,0.13163,0.15343,0.15601,0.16517
3514,6.79795,0.15851,0.14509,7.10401,0.14488,0.16017,2.27992,0.16503,0.16019,6.50110,1.85189,6.89414,6.91676,0.30246,0.37282,7.07868,0.73135,0.92102,0.57066,1.15173,0.21982,1.24238,0.17402,0.10032,0.16940,0.13927,0.15631,0.15536,0.16461
3515,6.59668,0.15710,0.14488,7.10458,0.14634,0.16036,3.60485,0.16431,0.15999,6.44610,2.09315,6.89273,7.00867,0.31922,0.35480,7.05526,0.70504,0.81593,0.53250,1.12942,0.21365,1.16878,0.17022,0.10003,0.17452,0.14214,0.15893,0.15514,0.16390
3516,6.66143,0.15756,0.14701,7.09203,0.14379,0.16090,7.06611,0.16495,0.16239,6.45299,6.41783,6.91908,7.09140,0.36461,0.57609,7.03999,1.58280,1.46215,0.65075,4.63448,0.25889,4.48442,0.17606,0.10023,0.18545,0.13821,0.15773,0.15555,0.16297
3517,6.64990,0.15821,0.15108,7.06918,0.14234,0.16156,3.64422,0.16340,0.16251,6.27134,2.54518,6.89274,6.99352,0.28124,0.33973,7.05308,0.74255,0.69937,0.45009,1.36029,0.20248,1.18745,0.16714,0.10359,0.16691,0.14739,0.15791,0.15579,0.16124
3518,6.44549,0.15733,0.15263,7.06061,0.14492,0.16174,3.83790,0.16208,0.16129,6.45926,2.57480,6.95192,6.92733,0.28459,0.35153,7.05173,0.66908,0.58739,0.38268,1.19241,0.20153,1.17374,0.16430,0.10308,0.17849,0.16052,0.15947,0.15618,0.15956
3519,6.68335,0.15601,0.15210,7.08656,0.14886,0.16153,6.98090,0.16273,0.17147,6.81032,6.65888,7.00346,6.94775,0.37403,1.08838,7.07294,3.87746,3.56972,0.90372,6.39779,0.28838,6.37249,0.16975,0.10031,0.21905,0.17442,0.16223,0.15672,0.15871
3520,6.86288,0.15535,0.15137,7.11755,0.15219,0.16173,7.04895,0.16503,0.18851,6.92757,6.77547,7.06677,7.03884,0.86251,4.19106,7.09430,6.85278,6.76114,3.78876,6.97837,0.69766,6.97401,0.18602,0.10008,0.28034,0.19120,0.16664,0.15736,0.15842
3521,6.94674,0.15521,0.15087,7.14100,0.15478,0.16180,7.08680,0.16688,0.20191,6.98447,6.84671,7.11131,7.10014,1.49730,5.60116,7.12331,6.96019,6.95122,5.35056,7.03621,1.28920,7.03278,0.20731,0.10006,0.33239,0.19752,0.17060,0.15764,0.15823
3522,7.01000,0.15536,0.15015,7.17948,0.15601,0.16177,7.08756,0.16861,0.19824,7.04446,6.84807,7.15163,7.14282,1.54295,5.30712,7.17072,6.92513,6.94903,5.30166,7.03214,1.38834,7.03486,0.23640,0.10008,0.33104,0.19689,0.17132,0.15768,0.15830
3523,7.10203,0.15550,0.14913,7.19624,0.15890,0.16228,7.13476,0.18169,0.18941,7.05725,6.88867,7.16318,7.17903,1.83860,5.57128,7.20032,6.94490,7.00577,5.65645,7.04947,2.13686,7.04725,0.36267,0.10014,0.35818,0.24589,0.16887,0.15747,0.15868
3524,7.15644,0.15524,0.14823,7.18713,0.16092,0.16193,6.84021,0.18258,0.18243,7.10391,6.55352,7.15254,7.16499,0.97616,3.11360,7.19013,5.25079,5.61168,3.27621,6.21627,1.04199,6.39530,0.29043,0.10004,0.27348,0.24237,0.16617,0.15676,0.15879
3525,7.12330,0.15533,0.14862,7.17667,0.15585,0.16257,6.47969,0.17772,0.18991,7.10363,5.68654,7.13688,7.13488,0.55810,1.75699,7.15192,3.33755,3.58246,1.82154,4.63825,0.54586,4.81651,0.24678,0.09989,0.25295,0.18161,0.16668,0.15687,0.15831
3526,7.10784,0.15578,0.14941,7.18219,0.15110,0.16519,7.16642,0.19600,0.19343,7.06008,6.88135,7.14667,7.17078,0.69210,2.67399,7.16479,4.48253,4.43544,2.27109,6.10700,1.00361,6.20011,0.33029,0.09985,0.27278,0.16943,0.16480,0.15786,0.15812
3527,7.14834,0.15591,0.14930,7.19906,0.15005,0.16684,7.16292,0.21401,0.18904,7.08325,6.94525,7.17074,7.19330,0.69791,2.91917,7.18767,4.78563,4.72550,2.34893,6.45049,1.23942,6.54606,0.39527,0.09995,0.27745,0.16912,0.16228,0.15879,0.15815
3528,7.18384,0.15596,0.14856,7.20789,0.15009,0.16790,6.82529,0.22166,0.18188,7.12584,6.24199,7.18587,7.20846,0.58507,2.28680,7.18890,3.82152,3.88163,1.89538,5.14450,0.99798,5.38273,0.36803,0.09999,0.25286,0.16803,0.16119,0.15916,0.15816
3529,7.17761,0.15583,0.14782,7.21111,0.15023,0.17222,5.25294,0.22469,0.17337,7.15276,4.65245,7.18991,7.17449,0.44612,1.54732,7.19278,2.67843,2.76531,1.29973,3.59435,0.74492,3.82920,0.31578,0.10000,0.22657,0.17534,0.15976,0.16081,0.15833
3530,7.12471,0.15521,0.14619,7.20239,0.15211,0.18204,6.61985,0.22712,0.17104,7.16188,5.14319,7.17570,7.17106,0.48897,1.53599,7.20577,2.70622,3.06750,1.51844,3.88061,0.78371,4.05955,0.33739,0.10000,0.23066,0.18744,0.15850,0.16738,0.15921
3531,7.15643,0.15445,0.14510,7.20084,0.15453,0.19251,7.01667,0.23709,0.17240,7.14859,5.86696,7.20801,7.19018,0.54775,1.54747,7.20312,2.61808,3.38630,1.82638,4.17854,0.76177,4.44738,0.35229,0.10008,0.23421,0.20343,0.16084,0.17316,0.16159
3532,7.19728,0.15372,0.14530,7.24754,0.15728,0.20219,4.85983,0.24720,0.17481,7.17881,4.07503,7.23624,7.18687,0.46321,1.08054,7.22296,1.92246,2.66872,1.36488,2.77113,0.56251,3.27881,0.28605,0.10008,0.21362,0.21923,0.16670,0.17161,0.16298
3533,7.08969,0.15321,0.14552,7.25762,0.16062,0.19348,2.91406,0.25524,0.18083,7.19556,2.38824,7.23072,6.89397,0.34112,0.60847,7.21481,1.00388,1.47191,0.74994,1.53385,0.35034,1.86405,0.24445,0.10007,0.20713,0.20428,0.17442,0.16566,0.16195
3534,7.06450,0.15306,0.14591,7.22220,0.16439,0.19148,1.97865,0.24737,0.18380,7.17376,1.81938,7.16382,6.96826,0.30955,0.47138,7.19157,0.73260,1.09462,0.61886,1.06454,0.29651,1.33143,0.23317,0.10007,0.20592,0.19658,0.17786,0.16417,0.16194
3535,6.65105,0.15263,0.14692,7.21346,0.16740,0.18895,1.00309,0.23669,0.18379,7.08396,1.20673,7.14078,6.96395,0.25961,0.33133,7.20920,0.47561,0.70595,0.42330,0.63632,0.24571,0.82042,0.22554,0.10007,0.20224,0.18829,0.17536,0.16417,0.16242
3536,6.18944,0.15220,0.14740,7.20292,0.16878,0.18259,0.56298,0.23200,0.18345,6.80066,0.84051,7.10613,6.85872,0.22038,0.25220,7.19900,0.30960,0.41327,0.28934,0.38368,0.22313,0.47976,0.22661,0.10005,0.20012,0.17176,0.17344,0.16278,0.16248
3537,6.00811,0.15221,0.14672,7.18967,0.16794,0.17623,0.36668,0.22804,0.18604,6.60876,0.65629,7.01386,6.79757,0.20332,0.22483,7.17562,0.24580,0.28892,0.23755,0.27629,0.22242,0.31572,0.23164,0.10004,0.19642,0.15345,0.17437,0.16135,0.16206
3538,5.96256,0.15249,0.14609,7.15381,0.16524,0.17451,0.28756,0.21626,0.18927,6.15026,0.56976,6.68870,6.73636,0.19556,0.22006,7.16904,0.22422,0.24267,0.21578,0.23719,0.22645,0.25589,0.23531,0.10004,0.19080,0.14203,0.17620,0.16048,0.16168
3539,5.89956,0.15290,0.14581,7.13953,0.16199,0.17544,0.28864,0.20694,0.19075,5.29970,0.53078,6.68328,6.89225,0.19029,0.22107,7.16890,0.21936,0.22561,0.20844,0.22536,0.22907,0.23526,0.23272,0.10002,0.18393,0.13641,0.17767,0.16040,0.16138
3540,6.44113,0.15335,0.14600,7.15320,0.15801,0.17888,2.73219,0.20422,0.19041,5.56345,0.70893,6.79186,7.07623,0.18341,0.22129,7.16361,0.21985,0.22332,0.20739,0.23259,0.22619,0.24125,0.22857,0.10002,0.17716,0.13571,0.17789,0.16139,0.16122
3541,6.91706,0.15369,0.14616,7.16301,0.15457,0.18254,4.38944,0.20340,0.18959,6.19049,0.91594,6.88666,7.14929,0.17455,0.21954,7.16850,0.22131,0.22259,0.20636,0.24210,0.21943,0.24811,0.22332,0.09997,0.17292,0.13721,0.17605,0.16294,0.16097
3542,7.09860,0.15394,0.14585,7.16564,0.15263,0.18415,2.96851,0.19939,0.18856,6.58706,0.73299,6.90022,7.14045,0.17151,0.21892,7.17601,0.22032,0.21950,0.20552,0.23859,0.21429,0.24283,0.21571,0.09994,0.16932,0.13582,0.17549,0.16397,0.16060
3543,7.12369,0.15435,0.14482,7.17110,0.15544,0.18318,4.46331,0.19092,0.18348,6.61541,2.53062,6.89554,7.09990,0.18428,0.21904,7.18247,0.26228,0.26286,0.21064,0.97206,0.21203,1.03938,0.20426,0.10001,0.16831,0.13723,0.18326,0.16439,0.16015
3544,7.03510,0.15462,0.14372,7.17132,0.15976,0.18115,6.92922,0.19025,0.17892,6.53044,6.13925,6.98860,7.15469,0.19324,0.22420,7.18236,0.63865,0.66818,0.22010,3.94621,0.21196,4.09083,0.20433,0.10005,0.17092,0.13315,0.18741,0.16445,0.16014
3545,7.08156,0.15445,0.14295,7.17160,0.16086,0.18003,6.06014,0.19038,0.17634,6.40454,4.15374,6.96823,7.15664,0.18787,0.21863,7.18199,0.32559,0.38602,0.21522,1.51514,0.20903,1.73613,0.20256,0.10006,0.17091,0.13012,0.18704,0.16417,0.16026
3546,6.99659,0.15414,0.14364,7.17655,0.15691,0.18045,1.53661,0.19165,0.17551,6.78892,0.88799,7.03291,7.02486,0.17078,0.21012,7.18413,0.22339,0.22723,0.20078,0.28002,0.20227,0.31493,0.19990,0.10002,0.17121,0.13430,0.18008,0.16485,0.16053
3547,6.84303,0.15454,0.14487,7.18005,0.15306,0.18148,5.25572,0.19350,0.17352,6.91470,1.89677,7.09462,7.14199,0.16541,0.21064,7.18858,0.23368,0.23850,0.19663,0.41345,0.19760,0.48676,0.19448,0.09993,0.17061,0.13728,0.17158,0.16809,0.16120
3548,7.06438,0.15466,0.14549,7.18720,0.15396,0.18145,7.16584,0.19134,0.16619,6.95161,6.08803,7.14379,7.17209,0.16824,0.22104,7.19381,0.47392,0.67830,0.21176,3.02188,0.19640,3.60478,0.18999,0.10003,0.17216,0.14873,0.16567,0.17183,0.16259
3549,7.18474,0.15382,0.14568,7.24867,0.15734,0.18169,7.18470,0.18715,0.16370,7.10975,6.74685,7.24527,7.24025,0.17816,0.38356,7.22158,2.93500,3.91003,0.48719,6.70607,0.20023,6.87214,0.18786,0.10014,0.17332,0.15546,0.16471,0.17278,0.16385
3550,7.28096,0.15293,0.14647,7.36110,0.15920,0.18109,7.09720,0.18462,0.16357,7.22866,6.42315,7.33950,7.34190,0.17794,0.34715,7.31813,1.34632,3.23662,0.50461,4.43345,0.19787,5.67970,0.18515,0.10014,0.17318,0.15740,0.16610,0.17188,0.16496
3551,7.33052,0.15223,0.14734,7.42750,0.16073,0.17998,4.77693,0.18383,0.16429,7.30180,3.38368,7.36917,7.35676,0.17689,0.24076,7.40121,0.52304,1.44735,0.33121,1.35398,0.19134,2.62337,0.18217,0.10010,0.17184,0.15469,0.16807,0.17016,0.16536
3552,7.09642,0.15171,0.14790,7.45654,0.16242,0.17829,1.40957,0.18367,0.16468,7.24729,1.25051,7.37661,7.23063,0.17560,0.19487,7.43677,0.25229,0.49625,0.21284,0.44330,0.18445,0.79406,0.18023,0.10006,0.17101,0.15017,0.16932,0.16827,0.16527
3553,6.75947,0.15103,0.14698,7.45459,0.16221,0.17572,0.43959,0.18323,0.16565,7.09706,0.63722,7.34564,6.92461,0.17220,0.18337,7.44270,0.19240,0.22980,0.17995,0.22713,0.17908,0.29701,0.18030,0.09978,0.16888,0.14280,0.16908,0.16623,0.16475
3554,6.89640,0.15219,0.14534,7.41410,0.16363,0.17541,5.43080,0.18153,0.16548,7.08011,4.15636,7.23342,6.82508,0.17495,0.25079,7.32520,1.38803,1.31173,0.24470,3.18327,0.17812,3.19683,0.17849,0.09973,0.16497,0.14029,0.17198,0.16475,0.16310
3555,7.07425,0.15277,0.14549,7.27037,0.16780,0.17209,6.63103,0.17824,0.16431,7.11441,6.05309,7.14410,7.08200,0.18427,0.31476,7.20072,2.55284,2.74815,0.46457,5.63379,0.17816,5.56369,0.17738,0.09990,0.16452,0.14226,0.17355,0.16373,0.16166
3556,7.12551,0.15340,0.14499,7.19390,0.16832,0.17084,6.57541,0.17582,0.16268,7.15075,5.96307,7.16239,7.20401,0.19422,0.29731,7.18333,1.86892,2.88807,0.61531,5.11372,0.17833,5.27698,0.17685,0.09996,0.16425,0.13717,0.17308,0.16404,0.16109
3557,7.10597,0.15356,0.14423,7.19021,0.16546,0.17108,4.40440,0.17538,0.16193,7.13639,3.25415,7.16409,7.12334,0.17575,0.20546,7.19062,0.50124,1.11459,0.30776,1.46739,0.17690,2.15007,0.17691,0.10003,0.16163,0.13161,0.17254,0.16403,0.16134
3558,6.69037,0.15336,0.14519,7.19649,0.16052,0.17176,0.98007,0.17529,0.16237,7.02698,0.97984,7.13969,6.91107,0.15895,0.18020,7.20052,0.21872,0.31643,0.19089,0.34279,0.17394,0.51181,0.17671,0.10004,0.16013,0.12967,0.17120,0.16392,0.16185
3559,6.20676,0.15328,0.14646,7.19279,0.15694,0.17177,0.31803,0.17492,0.16413,6.76566,0.56488,7.12002,6.84154,0.15084,0.17334,7.20039,0.18123,0.19003,0.16445,0.19971,0.17098,0.22127,0.17581,0.10003,0.15900,0.12713,0.16790,0.16450,0.16211
3560,6.03340,0.15377,0.14760,7.18385,0.15502,0.17083,0.86884,0.17441,0.16432,6.44931,0.47299,7.07559,6.88469,0.14490,0.16888,7.19257,0.17062,0.16219,0.15331,0.17564,0.16712,0.17564,0.17406,0.10002,0.15865,0.12843,0.16303,0.16573,0.16232
3561,6.52470,0.15487,0.14717,7.18218,0.15377,0.17004,0.95100,0.17390,0.16296,6.38748,0.44390,6.99193,6.99739,0.14157,0.16677,7.19419,0.16740,0.15709,0.15070,0.17062,0.16414,0.16812,0.17146,0.10000,0.15446,0.12561,0.16110,0.16667,0.16267
3562,6.24322,0.15553,0.14757,7.18640,0.15292,0.16883,0.17926,0.17309,0.16108,6.51406,0.39180,6.95584,6.75752,0.13771,0.16173,7.19765,0.16275,0.14932,0.14458,0.16285,0.16209,0.15600,0.17161,0.10002,0.15524,0.12501,0.15940,0.16727,0.16263
3563,6.10324,0.15626,0.14854,7.19517,0.15356,0.16734,0.17280,0.17211,0.15970,6.28663,0.36439,6.94388,6.88064,0.13621,0.15860,7.19778,0.15767,0.14288,0.13944,0.15731,0.16004,0.14940,0.17074,0.10001,0.15455,0.12464,0.15789,0.16778,0.16253
3564,6.08552,0.15737,0.14947,7.20190,0.15502,0.16595,0.59021,0.17105,0.15832,6.24583,0.34157,6.93406,6.85451,0.13497,0.15653,7.20312,0.15362,0.13790,0.13684,0.15243,0.15867,0.14458,0.16957,0.10002,0.15243,0.12432,0.15713,0.16783,0.16264
3565,6.50431,0.15851,0.15036,7.20831,0.15632,0.16529,3.91581,0.17001,0.15673,6.28083,0.61505,6.95701,7.13946,0.13300,0.15329,7.20581,0.14881,0.13714,0.13638,0.15329,0.15507,0.15263,0.16467,0.10003,0.14915,0.12512,0.15747,0.16754,0.16277
3566,6.60301,0.16007,0.15195,7.22794,0.15794,0.16438,0.53994,0.16821,0.15628,6.65696,0.30052,7.01312,6.99104,0.13366,0.15160,7.21490,0.14732,0.13419,0.13408,0.14517,0.15207,0.13843,0.16374,0.10008,0.14962,0.13024,0.15827,0.16697,0.16273
3567,6.86243,0.16148,0.15310,7.24661,0.15867,0.16397,3.99881,0.16634,0.15519,6.53543,1.06878,7.03937,7.23397,0.13320,0.14769,7.22490,0.14227,0.13409,0.13440,0.18464,0.14995,0.19697,0.15855,0.10006,0.14711,0.13163,0.15893,0.16623,0.16279
3568,7.20333,0.16232,0.15396,7.26118,0.15893,0.16357,7.24283,0.16374,0.15325,6.89278,6.16066,7.14179,7.26400,0.13261,0.16244,7.24125,0.95620,0.85840,0.14553,4.14032,0.14716,4.28215,0.15308,0.10005,0.14389,0.12922,0.15906,0.16569,0.16283
3569,7.26743,0.16275,0.15416,7.27570,0.15885,0.16287,7.26498,0.16155,0.15153,7.16865,6.72720,7.22530,7.27765,0.13372,0.73855,7.26051,4.74261,3.96080,0.38907,7.12393,0.14551,7.06324,0.14984,0.10003,0.14159,0.12560,0.15889,0.16534,0.16286
3570,7.28172,0.16293,0.15394,7.28473,0.15848,0.16230,7.20345,0.16101,0.15080,7.25698,6.62293,7.23802,7.28586,0.13411,0.77105,7.27067,4.03291,3.06953,0.43081,6.37998,0.14543,6.16693,0.15026,0.10002,0.14130,0.12214,0.15898,0.16518,0.16283
3571,7.27174,0.16316,0.15464,7.28518,0.15737,0.16177,4.89540,0.16120,0.15128,7.25041,3.33125,7.22536,7.24092,0.13097,0.19804,7.25152,0.73596,0.56585,0.17857,1.88058,0.14583,1.68108,0.15584,0.10003,0.14180,0.12259,0.15913,0.16496,0.16287
3572,7.20797,0.16353,0.15537,7.24713,0.15626,0.16070,6.84573,0.15996,0.14873,7.14678,5.31379,7.19379,7.24076,0.14127,0.41106,7.22689,1.61125,1.42254,0.30687,3.77597,0.15350,3.82359,0.15582,0.09996,0.13694,0.12414,0.15712,0.16413,0.16310
3573,7.18404,0.16378,0.15577,7.22494,0.15540,0.15974,7.26081,0.15689,0.14554,7.06322,6.90762,7.17305,7.24074,0.40036,3.12361,7.22419,6.51294,6.30323,2.55121,7.23252,0.46804,7.21882,0.15529,0.09993,0.14349,0.12331,0.15561,0.16325,0.16312
3574,7.21981,0.16384,0.15558,7.23116,0.15435,0.15951,7.23552,0.15531,0.14560,7.10581,6.92624,7.21193,7.23391,0.68518,4.21569,7.22520,6.79206,6.66797,3.74895,7.18480,0.78488,7.17455,0.16836,0.09996,0.15790,0.12281,0.15558,0.16291,0.16306
3575,7.20280,0.16371,0.15649,7.22883,0.15258,0.15864,6.83549,0.15740,0.14628,7.05803,6.17533,7.13489,7.22582,0.34675,1.35740,7.22851,3.86623,3.77360,1.52120,5.52420,0.27183,5.44119,0.15620,0.09991,0.14569,0.12663,0.15421,0.16237,0.16292
3576,6.99912,0.16339,0.15671,7.23724,0.15093,0.15806,7.18740,0.15818,0.14732,6.74287,6.74147,7.09721,7.21818,0.70195,2.20317,7.24111,5.03573,4.88408,2.34767,6.46959,0.39486,6.46923,0.16011,0.09995,0.18546,0.14276,0.15166,0.16116,0.16287
3577,6.79358,0.16244,0.15487,7.24565,0.15011,0.15837,7.22514,0.16153,0.17095,6.60126,6.99128,7.08328,7.19438,1.68335,3.88313,7.22554,6.88909,6.77555,4.30058,7.21454,0.71650,7.20754,0.17276,0.10000,0.34091,0.23304,0.15197,0.15971,0.16284
3578,6.87375,0.16161,0.15432,7.23134,0.14939,0.15897,7.24042,0.16773,0.21038,6.92350,7.02575,7.14398,7.20920,2.86213,5.91873,7.18790,7.19891,7.17961,5.94674,7.22354,1.82961,7.22017,0.27575,0.10001,0.62890,0.31968,0.15738,0.15854,0.16263
3579,7.02591,0.16146,0.15432,7.22424,0.14907,0.15904,7.22572,0.16872,0.21135,6.98351,7.02560,7.18617,7.22687,2.44157,5.02553,7.18649,6.82913,6.87417,5.36702,7.13918,1.63474,7.15031,0.29000,0.10003,0.56467,0.29563,0.15855,0.15809,0.16255
3580,7.11373,0.16135,0.15579,7.21690,0.14754,0.15892,6.43553,0.16771,0.20542,6.96983,5.99589,7.16126,7.20297,0.97845,1.86903,7.16982,3.98250,4.56859,2.72500,5.27775,0.54131,5.52843,0.20914,0.09999,0.33779,0.18561,0.15692,0.15801,0.16225
3581,6.93981,0.16081,0.15675,7.18855,0.14680,0.16090,4.41342,0.16923,0.20812,6.95291,3.55620,7.15423,7.06928,0.50712,0.61898,7.13855,1.46899,2.21611,1.20675,2.42206,0.25873,2.86661,0.18781,0.10116,0.23992,0.16918,0.16364,0.15738,0.16161
3582,7.02119,0.15969,0.15704,7.13358,0.15114,0.16501,6.86470,0.17056,0.20664,7.08886,5.61590,7.12204,7.10797,0.57951,0.75399,7.08285,2.00658,2.04995,1.11285,3.57984,0.29077,3.47819,0.18375,0.10230,0.24116,0.20262,0.18288,0.15728,0.16043
3583,7.08356,0.15863,0.15691,7.07400,0.15725,0.16796,7.12077,0.18110,0.22385,7.09311,6.84458,7.10622,7.10625,1.06188,2.83020,7.02807,5.28162,5.14147,2.66846,6.53849,0.82742,6.54589,0.25774,0.09995,0.38410,0.24317,0.19182,0.15960,0.15922
3584,7.08696,0.15842,0.15570,7.08739,0.16366,0.16731,7.10863,0.20428,0.23949,7.13071,6.96940,7.13923,7.09461,1.88532,5.40648,7.06121,6.99718,6.97579,5.14411,7.10720,1.92213,7.10501,0.44795,0.10000,0.54208,0.27533,0.19058,0.16018,0.15894
3585,7.10274,0.15847,0.15594,7.11005,0.16037,0.16800,6.66889,0.18964,0.23318,7.14206,6.30809,7.13492,7.08955,0.92257,2.37672,7.05933,4.55297,4.69120,2.62334,5.73949,0.80615,5.82588,0.30146,0.10004,0.37106,0.19945,0.18741,0.16048,0.15896
3586,7.08259,0.15846,0.15657,7.12220,0.15540,0.17297,5.05621,0.18583,0.23880,7.10302,4.48804,7.13629,7.05482,0.55805,1.12776,7.10046,2.37488,2.65689,1.43127,3.45177,0.44560,3.62284,0.24079,0.09999,0.29143,0.16768,0.18672,0.16185,0.15897
3587,7.03305,0.15829,0.15597,7.16178,0.15690,0.17617,5.37445,0.18463,0.24328,6.99956,4.27910,7.11396,7.10656,0.58456,0.99828,7.11099,2.26030,2.38565,1.31170,3.30763,0.38958,3.33493,0.22382,0.09999,0.26167,0.16468,0.19775,0.16330,0.15885
3588,6.98463,0.15795,0.15401,7.15568,0.17128,0.17640,4.99441,0.17951,0.23378,6.90971,4.03638,7.08718,7.11410,0.65757,0.83025,7.09396,2.13024,2.15581,1.22082,3.11348,0.34148,3.01798,0.20724,0.10001,0.26513,0.19544,0.21550,0.16527,0.15873
3589,6.85561,0.15793,0.15357,7.13689,0.17464,0.17796,2.75828,0.17643,0.22936,6.92699,2.56845,7.08395,6.97739,0.48382,0.49803,7.04105,1.03922,1.42757,0.89400,1.70687,0.25581,1.84887,0.19316,0.10003,0.24299,0.17643,0.21596,0.16621,0.15874
3590,6.62839,0.15818,0.15460,7.10065,0.16666,0.18474,1.60013,0.17819,0.22684,6.93548,1.66603,7.07239,6.95735,0.34079,0.36025,6.99542,0.63055,0.99794,0.64619,0.93862,0.22419,1.18779,0.18660,0.10005,0.22119,0.17186,0.20698,0.16751,0.15896
3591,6.52957,0.15862,0.15541,7.04888,0.16131,0.19053,2.06156,0.18154,0.22043,6.92799,1.32837,7.05023,6.91757,0.26790,0.30921,6.98086,0.52071,0.76295,0.49364,0.74214,0.21558,0.91082,0.18474,0.10005,0.21192,0.17459,0.19465,0.17005,0.15930
3592,6.56745,0.15914,0.15580,7.06150,0.15984,0.19285,1.02114,0.18438,0.21257,6.90118,1.11823,7.04006,6.89333,0.22764,0.28151,6.99262,0.44761,0.60438,0.39029,0.61351,0.20983,0.73252,0.18438,0.10003,0.20812,0.17412,0.18424,0.17316,0.15962
3593,6.34814,0.15969,0.15631,7.11430,0.16082,0.19167,0.64546,0.18697,0.20096,6.79379,0.86840,7.02922,6.84546,0.19289,0.24221,6.99781,0.34002,0.40517,0.27408,0.44065,0.20118,0.50936,0.18556,0.10004,0.20621,0.17248,0.17406,0.17688,0.15990
3594,6.48436,0.16020,0.15643,7.12710,0.16259,0.18865,5.16340,0.18754,0.19409,6.57932,3.22384,7.02967,7.09346,0.19133,0.26349,7.02084,0.39121,0.40418,0.26084,1.26899,0.20390,1.36232,0.19135,0.09997,0.19822,0.16485,0.17130,0.18047,0.16043
3595,6.93004,0.16055,0.15610,7.12748,0.16273,0.18714,5.70395,0.18837,0.19105,6.56994,3.87048,7.02642,7.14478,0.19284,0.27086,7.04571,0.41814,0.40864,0.26488,1.40798,0.20550,1.41756,0.19132,0.09990,0.19118,0.15697,0.17199,0.18103,0.16083
3596,7.01621,0.16130,0.15639,7.17681,0.16197,0.18441,3.99421,0.18869,0.18384,6.85397,2.46289,7.10372,7.11793,0.18588,0.24982,7.09902,0.35588,0.33637,0.23179,0.86393,0.19980,0.90723,0.18959,0.09996,0.18563,0.15539,0.17018,0.18107,0.16246
3597,6.92049,0.16197,0.15515,7.11964,0.16129,0.18368,7.05932,0.18765,0.18148,6.61673,6.59776,7.02785,7.13166,0.21029,0.32349,7.02449,1.77144,1.32119,0.31775,5.56309,0.20450,5.43413,0.18876,0.09995,0.17889,0.15442,0.17728,0.17794,0.16488
3598,6.81273,0.16111,0.15417,7.05289,0.16348,0.18260,6.06627,0.18328,0.17786,6.67932,4.83656,7.03194,7.04545,0.21342,0.26309,7.07900,1.12069,1.00756,0.30890,3.30317,0.19507,2.97791,0.18503,0.09987,0.17548,0.15637,0.18222,0.17496,0.16546
3599,6.83445,0.16136,0.15427,7.14891,0.16470,0.18166,6.99183,0.18094,0.17481,6.89696,6.37982,7.09436,7.05527,0.27487,1.11954,7.15007,3.75705,3.60117,0.98886,5.73218,0.24613,5.74519,0.18583,0.09994,0.18440,0.15584,0.18103,0.17545,0.16643
3600,6.94466,0.16159,0.15363,7.19599,0.16445,0.18107,6.90665,0.18156,0.17428,6.97021,6.50594,7.15334,7.13727,0.30390,1.62400,7.18447,4.67479,4.54072,1.42068,6.15669,0.29336,6.17459,0.18906,0.10001,0.18570,0.14874,0.18079,0.17484,0.16679
3601,6.96471,0.16194,0.15478,7.21275,0.15877,0.18072,2.84426,0.18014,0.17585,6.94417,2.42478,7.10414,6.97308,0.19706,0.31183,7.17636,0.77130,0.82151,0.35442,1.42870,0.19565,1.48459,0.18205,0.10002,0.17164,0.14048,0.17849,0.17479,0.16697
3602,6.79917,0.16235,0.15520,7.19873,0.15612,0.18004,1.78062,0.17900,0.17444,6.82136,1.22789,7.05372,7.00367,0.18351,0.22406,7.14823,0.36839,0.42147,0.25442,0.59305,0.18615,0.63184,0.17919,0.09998,0.16274,0.13473,0.17633,0.17508,0.16742
3603,6.79790,0.16223,0.15350,7.19059,0.15954,0.17924,6.85843,0.17759,0.17002,6.74817,3.68791,7.05942,7.14750,0.19652,0.26310,7.14638,0.52271,0.51573,0.28776,1.04473,0.18829,1.08851,0.17752,0.09999,0.15960,0.12945,0.17671,0.17470,0.16747
3604,6.89519,0.16200,0.15289,7.22317,0.15998,0.17887,4.06324,0.17711,0.16891,6.82881,2.33816,7.10982,7.13252,0.18217,0.24402,7.16091,0.43542,0.43308,0.26116,0.77949,0.18547,0.79819,0.17669,0.09999,0.15595,0.12643,0.17619,0.17435,0.16731
3605,6.79639,0.16236,0.15392,7.25855,0.15810,0.17865,2.78556,0.17692,0.16802,6.84849,0.97129,7.14348,7.14854,0.16207,0.21940,7.18372,0.31789,0.33632,0.22900,0.45546,0.18048,0.47685,0.17496,0.10000,0.15531,0.12765,0.17304,0.17466,0.16727
3606,6.88061,0.16227,0.15321,7.27998,0.15997,0.17842,0.96328,0.17692,0.16528,6.87140,0.73550,7.18137,7.01296,0.15192,0.20305,7.24257,0.26445,0.27984,0.20302,0.34272,0.17450,0.36231,0.17423,0.10001,0.15891,0.12892,0.17078,0.17444,0.16710
3607,6.13785,0.16202,0.15324,7.28814,0.16108,0.17797,0.27581,0.17692,0.16513,6.86019,0.49311,7.14666,6.74089,0.14843,0.17472,7.26889,0.19302,0.19510,0.16324,0.21405,0.17032,0.22038,0.17532,0.10000,0.15967,0.12598,0.16865,0.17403,0.16677
3608,5.80565,0.16169,0.15260,7.28223,0.16174,0.17722,0.21132,0.17687,0.16494,6.65564,0.42348,7.05080,6.64244,0.15009,0.16854,7.22118,0.17189,0.16549,0.15267,0.17997,0.17197,0.17966,0.17554,0.09998,0.15703,0.12310,0.16823,0.17355,0.16633
3609,5.78186,0.16160,0.15235,7.23720,0.16025,0.17591,3.99947,0.17603,0.16236,6.11637,1.96937,6.77663,6.88643,0.15103,0.16765,7.19058,0.16851,0.16091,0.15316,0.43013,0.17133,0.46956,0.17430,0.09987,0.15120,0.12416,0.16809,0.17292,0.16617
3610,6.12195,0.16162,0.15069,7.21262,0.16012,0.17490,7.23378,0.17422,0.15734,6.06968,6.63754,6.78294,7.09705,0.15311,0.32145,7.17996,2.30397,2.11641,0.27758,5.92458,0.16771,5.92623,0.17202,0.09992,0.14759,0.12545,0.16855,0.17178,0.16634
3611,6.26482,0.16070,0.14947,7.18448,0.16434,0.17381,6.59674,0.17217,0.15179,5.43478,6.55101,6.80434,6.94840,0.45416,3.44525,7.16853,7.01000,6.93502,3.51403,7.13582,0.29264,7.12129,0.16934,0.09994,0.15101,0.13003,0.16675,0.17001,0.16632
3612,6.60939,0.15952,0.15003,7.19105,0.16497,0.17270,6.75016,0.17096,0.15169,6.22503,6.58136,6.91689,7.05107,0.86802,2.84701,7.17670,6.68386,6.76315,3.89183,7.08785,0.32710,7.07451,0.16884,0.09994,0.16538,0.13880,0.16553,0.16874,0.16574
3613,6.62076,0.15962,0.14974,7.20278,0.16383,0.17216,7.02117,0.17004,0.15168,6.33702,6.65640,7.03493,7.14432,1.18460,3.63084,7.18006,6.60278,6.69781,4.28932,6.89143,0.59148,6.87962,0.17605,0.09999,0.18954,0.13813,0.16523,0.16837,0.16574
3614,6.68450,0.15983,0.14907,7.21666,0.16257,0.17168,7.00910,0.17005,0.15372,6.34165,6.68188,6.96917,7.17807,0.72394,1.92950,7.19455,4.71235,5.37938,2.78237,6.38559,0.36821,6.51693,0.17420,0.09998,0.17522,0.13002,0.16560,0.16789,0.16570
3615,6.74201,0.15984,0.14872,7.21354,0.16106,0.17113,6.06035,0.17004,0.15569,6.31987,5.42940,6.99054,7.15501,0.48200,1.04698,7.17078,2.77075,3.79303,1.81673,4.32931,0.26972,4.87844,0.17195,0.09998,0.16358,0.12326,0.16612,0.16725,0.16549
3616,6.51959,0.15936,0.14847,7.19306,0.16007,0.17058,3.40593,0.16985,0.15718,6.04001,3.04358,6.86290,6.98636,0.25876,0.39303,7.14688,1.04498,1.86700,0.84550,1.89869,0.18893,2.52013,0.16916,0.10000,0.15044,0.12085,0.16620,0.16670,0.16515
3617,6.18146,0.15937,0.15026,7.16735,0.15650,0.16967,1.61372,0.16854,0.15557,5.93051,1.54046,6.84070,6.87248,0.18189,0.21791,7.13770,0.41687,0.77045,0.36890,0.77783,0.17187,1.10450,0.16681,0.10000,0.14403,0.12586,0.16530,0.16679,0.16485
3618,6.28306,0.15963,0.15028,7.16994,0.15548,0.16874,6.45745,0.16666,0.15075,6.28559,4.69569,6.89920,7.05454,0.22235,0.34222,7.16645,0.93434,1.08503,0.46558,2.90996,0.18691,3.04507,0.16571,0.09996,0.14902,0.12347,0.16308,0.16712,0.16467
3619,6.71430,0.15955,0.14920,7.21765,0.15498,0.16852,6.43046,0.16606,0.15057,6.44921,5.24550,7.05043,7.17733,0.20770,0.37752,7.19965,1.03350,1.14860,0.46113,3.21887,0.19305,3.36569,0.16537,0.09997,0.14815,0.12028,0.16309,0.16687,0.16461
3620,6.92306,0.15938,0.14840,7.23812,0.15479,0.16789,5.51393,0.16489,0.14811,6.53900,4.03936,7.10020,7.19623,0.20478,0.36377,7.20190,0.93392,1.06241,0.44986,2.38539,0.19807,2.51497,0.16440,0.09993,0.14586,0.11863,0.16229,0.16675,0.16444
3621,7.16155,0.15813,0.14581,7.25750,0.15831,0.16748,6.90821,0.16446,0.14631,6.90579,6.24561,7.18209,7.25107,0.25298,0.61393,7.24025,2.59639,2.81652,0.70811,5.31634,0.23456,5.46966,0.16737,0.09997,0.15067,0.12039,0.16223,0.16581,0.16401
3622,7.17542,0.15744,0.14427,7.26041,0.15799,0.16725,3.34376,0.16510,0.14772,7.19024,2.53709,7.19271,7.08103,0.18445,0.30084,7.24681,0.62285,0.84115,0.36946,1.24723,0.18429,1.51253,0.16385,0.09995,0.14661,0.11545,0.16299,0.16488,0.16368
3623,6.26550,0.15768,0.14573,7.22899,0.15249,0.16656,1.09641,0.16524,0.15125,7.08873,0.79670,7.09984,6.69030,0.14410,0.18319,7.17587,0.24219,0.28953,0.19173,0.32733,0.16273,0.37911,0.16300,0.09990,0.14204,0.11553,0.16243,0.16436,0.16339
3624,6.36405,0.15845,0.14718,7.17619,0.14988,0.16547,6.79896,0.16405,0.14771,6.85988,5.62922,6.99433,6.87990,0.15327,0.20205,7.16233,0.59619,0.62779,0.21193,3.30128,0.16234,3.39500,0.15923,0.09993,0.13567,0.11823,0.16024,0.16338,0.16323
3625,6.70003,0.15850,0.14783,7.18141,0.14728,0.16486,1.65285,0.16411,0.14863,6.82432,1.14535,6.98565,6.84836,0.13968,0.16853,7.15344,0.20901,0.23177,0.17229,0.34642,0.15646,0.39270,0.15931,0.09996,0.13462,0.11787,0.15952,0.16223,0.16302
3626,6.59706,0.15876,0.14796,7.17970,0.14532,0.16374,0.27267,0.16335,0.14821,6.66488,0.54579,6.95832,6.81187,0.13380,0.15746,7.15086,0.17187,0.18112,0.15429,0.19040,0.15473,0.20117,0.15750,0.09997,0.13311,0.11697,0.15746,0.16226,0.16295
3627,6.43877,0.15915,0.14966,7.22062,0.14464,0.16307,0.22553,0.15866,0.15204,6.56755,0.49080,7.02235,6.89435,0.12847,0.14925,7.19758,0.16174,0.16745,0.14324,0.17318,0.14757,0.18094,0.14597,0.10002,0.14036,0.12063,0.15453,0.16287,0.16305
3628,6.09800,0.15894,0.14973,7.27192,0.14602,0.16257,0.18119,0.15491,0.15297,6.54935,0.43593,7.07770,6.68495,0.13106,0.14221,7.25716,0.14651,0.14502,0.13221,0.15382,0.14445,0.15591,0.14771,0.10002,0.14662,0.12074,0.15299,0.16307,0.16308
3629,5.53347,0.15846,0.14689,7.29011,0.14700,0.16182,0.15568,0.15778,0.15176,6.45919,0.38702,7.00327,6.57047,0.13932,0.14379,7.27810,0.14068,0.13274,0.13318,0.14011,0.14790,0.13694,0.14994,0.10003,0.14495,0.11669,0.15385,0.16290,0.16313
3630,5.31187,0.15813,0.14410,7.30216,0.14917,0.16044,0.14912,0.15885,0.15090,5.98053,0.35562,6.98303,6.73674,0.14347,0.14724,7.29287,0.14404,0.13498,0.13970,0.14110,0.14780,0.13571,0.15319,0.10001,0.14085,0.11583,0.15436,0.16264,0.16321
3631,5.75637,0.15795,0.14245,7.30162,0.15000,0.15949,0.15269,0.15813,0.14933,5.67219,0.33862,6.93814,6.86662,0.14269,0.14733,7.30598,0.14660,0.13992,0.14365,0.14456,0.14846,0.13981,0.15625,0.09996,0.13916,0.11418,0.15406,0.16228,0.16312
3632,6.19627,0.15784,0.14117,7.29184,0.14986,0.15895,0.16108,0.15771,0.14704,5.92341,0.32635,6.97953,7.04966,0.14151,0.14739,7.30190,0.14669,0.14220,0.14454,0.14561,0.15019,0.14194,0.15729,0.09997,0.13735,0.11154,0.15361,0.16206,0.16300
3633,6.61536,0.15779,0.14010,7.28663,0.14951,0.15872,0.16017,0.15759,0.14543,6.20663,0.31682,6.90126,6.99393,0.13857,0.14780,7.26239,0.14662,0.14321,0.14470,0.14583,0.15090,0.14298,0.15733,0.09999,0.13506,0.10947,0.15353,0.16197,0.16296
3634,6.52376,0.15735,0.13877,7.25999,0.14965,0.15886,0.15747,0.15764,0.14373,6.41645,0.30709,6.89758,6.91049,0.13573,0.14826,7.16113,0.14688,0.14413,0.14446,0.14604,0.15190,0.14401,0.15723,0.10000,0.13328,0.10785,0.15359,0.16180,0.16290
3635,6.25060,0.15593,0.13719,7.19517,0.15063,0.15936,0.40316,0.15803,0.14024,5.79283,0.29769,6.75577,6.99622,0.13743,0.14886,7.13856,0.14740,0.14489,0.14385,0.14642,0.15376,0.14491,0.15707,0.09997,0.13397,0.10677,0.15318,0.16119,0.16274
3636,6.21114,0.15434,0.13636,7.17423,0.15129,0.15923,5.25618,0.15833,0.13556,5.14510,0.99209,6.69951,7.16579,0.14265,0.14874,7.16545,0.14685,0.14527,0.14451,0.15689,0.15405,0.16051,0.15706,0.09996,0.13635,0.10706,0.15061,0.16032,0.16249
3637,5.85712,0.15292,0.13659,7.18580,0.15081,0.15839,5.94995,0.15818,0.13347,5.24854,3.48029,6.68886,7.11098,0.14590,0.15007,7.17809,0.28914,0.28209,0.14610,1.61708,0.15422,1.69365,0.15733,0.09997,0.13884,0.11256,0.14590,0.15930,0.16192
3638,6.14937,0.15428,0.14041,7.19851,0.14655,0.15645,7.17360,0.15365,0.13355,5.69413,6.66181,6.87743,7.12635,0.16836,1.60066,7.19010,5.07843,4.41118,0.67518,6.98948,0.21332,6.96081,0.15162,0.10000,0.13461,0.11244,0.14858,0.15914,0.16161
3639,6.93392,0.15581,0.14387,7.22207,0.14271,0.15449,7.14559,0.15017,0.13622,6.47322,6.70469,7.04915,7.19919,0.20813,2.79054,7.21139,5.75867,3.57164,0.95889,6.88237,0.33209,6.60033,0.14979,0.10000,0.13202,0.10891,0.15029,0.15881,0.16162
3640,7.08350,0.15590,0.14717,7.21436,0.14182,0.15303,7.15084,0.14837,0.13458,6.84386,6.75272,7.03577,7.17193,0.42884,3.30403,7.19629,5.73019,4.13415,1.27705,6.84250,0.84662,6.64515,0.17821,0.09999,0.15074,0.10825,0.14686,0.15809,0.16121
3641,7.00548,0.15679,0.15019,7.21065,0.14570,0.15311,7.13285,0.24442,0.14153,6.93516,6.80883,7.06161,7.13974,1.13815,5.80606,7.21188,7.03936,6.08718,2.74373,7.13042,3.25352,7.12393,0.84997,0.10001,0.31109,0.11321,0.14474,0.15667,0.16110
3642,7.06067,0.15679,0.15060,7.18645,0.14736,0.18519,6.76425,0.47851,0.14536,6.98594,6.17567,7.05514,7.12676,0.74845,4.69356,7.20475,5.65703,3.01818,2.14961,6.15615,2.47430,5.10369,0.89394,0.10001,0.22525,0.11527,0.14741,0.15775,0.16100
3643,6.91635,0.15640,0.14956,7.09445,0.14759,0.22335,4.11324,0.52471,0.14579,7.02701,3.79544,7.00566,6.86109,0.31170,2.40060,7.15785,3.54512,1.88524,1.16358,3.91246,0.93556,2.70650,0.55142,0.10001,0.16364,0.11325,0.15052,0.16112,0.16090
3644,6.37840,0.15582,0.14619,7.05191,0.14797,0.18545,2.27033,0.38609,0.15916,6.83910,2.18523,6.90061,6.50213,0.22215,0.77098,7.02380,1.40631,0.95473,0.47456,1.85149,0.56954,1.44931,0.61304,0.09999,0.19958,0.11096,0.15342,0.15857,0.16085
3645,6.40322,0.15564,0.14337,7.04403,0.14853,0.16520,2.29705,0.24555,0.16933,6.38410,1.32759,6.69847,6.51159,0.30000,0.53883,7.09001,0.57003,0.48767,0.33772,0.76461,0.66485,0.70989,0.45179,0.09997,0.24486,0.11843,0.16073,0.15698,0.16059
3646,6.31339,0.15577,0.14416,7.12294,0.14732,0.17871,6.91422,0.28267,0.16778,6.17204,5.85155,6.81444,6.88144,0.31667,0.52703,7.17124,0.81571,0.76555,0.39047,3.06351,0.57363,3.21524,0.45085,0.09997,0.25055,0.11731,0.16308,0.15709,0.16032
3647,6.44660,0.15547,0.14493,7.11970,0.14807,0.18967,6.02061,0.29364,0.16306,6.34145,4.34014,6.86996,6.84656,0.32089,0.51406,7.19944,0.67094,0.60599,0.38092,1.73703,0.53955,1.84529,0.34052,0.09997,0.22537,0.11889,0.17231,0.15777,0.15999
3648,6.56547,0.15540,0.14378,7.16772,0.14899,0.18662,0.95075,0.28085,0.16691,6.45770,0.94400,6.84854,6.38800,0.27226,0.48598,7.23262,0.48773,0.39026,0.35464,0.52303,0.42545,0.47962,0.28221,0.10000,0.18219,0.11310,0.17572,0.15799,0.15980
3649,6.41782,0.15575,0.14253,7.23718,0.14897,0.17912,0.44877,0.24486,0.17363,6.33253,0.68323,6.77833,6.38242,0.20582,0.38585,7.21498,0.43479,0.34707,0.29984,0.43999,0.30111,0.38592,0.29579,0.10003,0.17591,0.11101,0.17028,0.15832,0.15984
3650,6.09469,0.15630,0.14278,7.26430,0.14831,0.17532,0.39683,0.21441,0.17535,6.20262,0.58772,6.80945,6.85795,0.18142,0.28677,7.21842,0.32846,0.28446,0.23057,0.35889,0.28817,0.32763,0.27567,0.10002,0.18392,0.11106,0.16418,0.15878,0.15991
3651,6.08547,0.15633,0.14192,7.25765,0.14762,0.17420,0.35099,0.20433,0.17230,5.55045,0.52379,6.76670,6.98626,0.17833,0.27140,7.24106,0.28076,0.24654,0.20951,0.30299,0.28486,0.28351,0.25571,0.09999,0.18015,0.10967,0.16235,0.15883,0.15987
3652,5.90094,0.15601,0.14011,7.27588,0.14690,0.17338,1.64707,0.20060,0.16966,5.22660,0.54232,6.71107,7.06919,0.17610,0.26827,7.25753,0.26435,0.22998,0.20379,0.27687,0.27503,0.26391,0.24379,0.09995,0.17058,0.10785,0.16193,0.15864,0.15965
3653,6.21855,0.15583,0.13922,7.27178,0.14585,0.17534,7.19119,0.20651,0.16501,5.31553,5.45242,6.78233,7.25297,0.18451,0.26372,7.21867,0.49341,0.48650,0.22109,2.95014,0.26664,3.09814,0.24741,0.09996,0.16103,0.10601,0.16313,0.15926,0.15939
3654,6.60323,0.15540,0.13858,7.24713,0.14348,0.17504,4.97929,0.20653,0.16354,5.44000,3.20896,6.88670,7.23522,0.16826,0.25451,7.19488,0.33825,0.33943,0.21329,1.28550,0.24851,1.38845,0.24093,0.09984,0.15160,0.10482,0.16127,0.15942,0.15885
3655,6.61031,0.15471,0.13671,7.21433,0.14208,0.17451,4.92253,0.20481,0.15963,5.65907,1.58746,6.84419,7.21218,0.16193,0.24628,7.15083,0.26774,0.25549,0.20717,0.47912,0.23476,0.52668,0.23218,0.09990,0.14488,0.10359,0.16025,0.15912,0.15820
3656,6.13049,0.15451,0.13570,7.15941,0.14046,0.17432,2.00258,0.20430,0.15808,5.35646,0.90359,6.73370,7.05631,0.15076,0.23700,7.16307,0.25222,0.23419,0.19915,0.33046,0.22012,0.34116,0.22545,0.09996,0.13807,0.10311,0.15930,0.15928,0.15798
3657,6.03405,0.15440,0.13447,7.17973,0.13912,0.17480,5.35828,0.20376,0.15338,5.43898,1.60481,6.75347,7.08106,0.14828,0.22962,7.18598,0.24459,0.22880,0.19623,0.32007,0.20876,0.33387,0.21593,0.09998,0.13169,0.10258,0.15898,0.15964,0.15787
3658,6.21015,0.15442,0.13390,7.20296,0.13711,0.17628,6.22595,0.20395,0.14708,5.67311,3.92550,6.84590,7.13536,0.15130,0.23052,7.19594,0.40948,0.40351,0.20275,2.00613,0.20194,2.10396,0.20003,0.09998,0.12413,0.10213,0.15851,0.16074,0.15775
3659,6.57921,0.15455,0.13392,7.21791,0.13462,0.17687,5.02224,0.20201,0.14300,6.03553,3.61254,6.95619,7.14464,0.14312,0.22199,7.20152,0.41144,0.42322,0.19945,1.79656,0.18841,1.89305,0.18753,0.09999,0.12003,0.10195,0.15686,0.16199,0.15772
3660,6.66037,0.15445,0.13269,7.21264,0.13276,0.17525,0.47173,0.19944,0.14393,6.18222,0.54347,6.90260,6.77619,0.12069,0.18524,7.15326,0.21042,0.19788,0.16310,0.23491,0.16548,0.23400,0.18822,0.09998,0.11866,0.10186,0.15492,0.16182,0.15766
3661,6.03910,0.15405,0.13088,7.18582,0.13185,0.17397,0.21748,0.19675,0.14441,5.94042,0.39705,6.87267,6.64467,0.11362,0.16013,7.12622,0.17382,0.16080,0.13511,0.18579,0.16215,0.17939,0.18990,0.10000,0.11973,0.10189,0.15409,0.16107,0.15757
3662,5.78778,0.15347,0.12905,7.22878,0.13151,0.17277,0.18147,0.19438,0.14414,6.39189,0.33978,6.95810,6.73957,0.11307,0.15293,7.16327,0.15257,0.13641,0.12316,0.15809,0.16557,0.15071,0.19074,0.10000,0.12147,0.10185,0.15417,0.16011,0.15756
3663,5.66254,0.15273,0.12744,7.30187,0.13115,0.17142,0.15789,0.19222,0.14405,6.33327,0.30527,7.07885,6.69244,0.11396,0.15400,7.26462,0.14694,0.12577,0.12060,0.14562,0.16862,0.13503,0.19041,0.10000,0.12316,0.10174,0.15434,0.15927,0.15754
3664,5.40481,0.15140,0.12584,7.31833,0.13115,0.16932,0.14642,0.18903,0.14530,6.25583,0.27752,7.02533,6.58762,0.11762,0.15731,7.28526,0.14757,0.12234,0.12128,0.14310,0.17274,0.12903,0.19111,0.10000,0.12809,0.10174,0.15423,0.15832,0.15751
3665,5.85851,0.15208,0.12840,7.26018,0.12806,0.16637,0.29309,0.18332,0.13909,6.38273,0.26410,6.89712,6.48367,0.12799,0.16214,7.14523,0.14997,0.12372,0.12521,0.14389,0.18047,0.12970,0.18994,0.09999,0.13347,0.10231,0.15386,0.15585,0.15746
3666,6.33030,0.15239,0.14072,7.14179,0.12671,0.16453,5.86864,0.17101,0.12865,6.03665,4.44642,6.79330,6.76746,0.13555,0.24693,7.07672,1.52646,1.42939,0.20531,3.56085,0.17364,3.57720,0.18226,0.09999,0.14638,0.11064,0.14517,0.15418,0.15711
3667,6.51481,0.15213,0.14912,7.11936,0.13742,0.16165,6.36652,0.15901,0.12997,6.10830,5.94694,6.92840,6.75296,0.20673,2.25245,7.09299,5.62586,5.19615,1.63924,6.19527,0.21235,6.17934,0.16147,0.10000,0.13320,0.10886,0.13707,0.15882,0.15707
3668,6.66940,0.15246,0.14923,7.12165,0.13988,0.16008,5.01449,0.15839,0.12892,6.58194,4.29190,6.93463,6.78310,0.15997,0.60770,7.08996,2.18977,1.91488,0.54950,3.58648,0.16235,3.41432,0.15634,0.09998,0.13062,0.10896,0.13839,0.15823,0.15676
3669,6.54116,0.15223,0.14908,7.10948,0.14028,0.15459,5.09878,0.15405,0.12861,6.54666,4.25751,6.83901,6.76462,0.20619,0.60570,7.07293,2.02802,1.97041,0.54458,3.51454,0.19876,3.52479,0.15917,0.09998,0.14401,0.12143,0.13720,0.15499,0.15623
3670,6.52479,0.15318,0.15006,7.14908,0.14594,0.14965,6.48237,0.14787,0.13421,6.58906,6.13327,6.94514,6.83787,0.31485,1.92476,7.17889,4.88006,4.38534,1.38794,6.08129,0.37900,6.01568,0.16503,0.09999,0.14052,0.11403,0.14307,0.15666,0.15630
3671,6.63472,0.15302,0.14865,7.13305,0.14584,0.15107,3.76485,0.14919,0.13277,6.63868,3.12538,6.93076,6.76961,0.18758,0.47914,7.14210,1.30522,1.16318,0.47941,2.22975,0.18935,2.09796,0.15332,0.10000,0.13548,0.11357,0.14274,0.15569,0.15609
3672,6.65042,0.15218,0.14677,7.11600,0.14324,0.15186,3.73553,0.15183,0.13060,6.69951,2.84552,6.85864,6.56611,0.18826,0.29442,7.08839,0.92739,0.94412,0.32382,1.92248,0.16720,1.95417,0.15176,0.09997,0.14179,0.12057,0.13873,0.15308,0.15571
3673,6.63811,0.15210,0.14947,7.10503,0.14496,0.14811,6.58424,0.15805,0.13977,6.74872,6.30806,6.95168,6.77713,1.11755,4.51116,7.13227,6.24507,6.18861,3.57544,6.50875,1.52644,6.50296,0.29144,0.09999,0.20352,0.12059,0.14224,0.15231,0.15539
3674,6.75397,0.15258,0.14989,6.99632,0.14707,0.16016,6.58651,0.26664,0.14793,6.74468,6.32890,6.95038,6.87224,1.24858,5.26281,7.08597,6.16936,5.42883,3.61342,6.43539,2.59203,6.33738,0.72822,0.10002,0.22823,0.12530,0.14547,0.15300,0.15537
3675,6.76276,0.15304,0.14936,7.00758,0.14723,0.17812,4.82901,0.27850,0.14683,6.82177,4.48420,6.99611,6.88469,0.30438,2.09697,6.90539,3.57932,2.68554,1.41559,4.25973,0.81035,3.62879,0.46097,0.10001,0.17658,0.12256,0.14661,0.15851,0.15540
3676,6.32996,0.15247,0.14742,6.86065,0.14735,0.16437,2.05668,0.22956,0.14796,6.76613,1.99066,6.82070,6.62078,0.19467,0.61798,6.39401,1.03971,0.82813,0.37423,1.45604,0.46483,1.31505,0.38213,0.10000,0.18093,0.11927,0.14815,0.15458,0.15523
3677,5.97393,0.15208,0.14563,6.46923,0.14755,0.15912,0.78664,0.18973,0.14840,6.32426,0.94986,6.46053,6.33054,0.21374,0.41850,6.20869,0.46048,0.34365,0.24068,0.55998,0.42584,0.49589,0.27163,0.09999,0.19394,0.12123,0.15098,0.15303,0.15495
3678,5.80145,0.15208,0.14430,6.49902,0.14710,0.15780,0.47168,0.18040,0.14814,6.31299,0.68959,6.47746,6.19288,0.21629,0.39121,6.28629,0.38503,0.26221,0.23495,0.39290,0.35021,0.32695,0.22086,0.09996,0.17454,0.11712,0.15128,0.15260,0.15470
3679,5.97736,0.15180,0.14255,6.50140,0.14682,0.15684,0.37328,0.16625,0.14714,5.86516,0.60024,6.33603,6.26039,0.21106,0.35264,6.35748,0.36618,0.27141,0.24608,0.35892,0.26807,0.29732,0.18947,0.09992,0.17367,0.12621,0.15112,0.15187,0.15405
3680,6.00597,0.15157,0.14318,6.74562,0.14549,0.15698,4.85425,0.16417,0.15275,5.55846,3.82642,6.48621,6.32666,0.24010,0.50292,6.94140,1.78120,1.69710,0.41889,3.11466,0.27556,3.12121,0.19415,0.09996,0.18547,0.13864,0.14992,0.15188,0.15313
3681,6.16718,0.15149,0.14516,6.97294,0.14415,0.15750,5.16674,0.16986,0.15288,6.10480,4.58288,6.74997,6.53612,0.22360,0.65930,7.05796,2.45356,2.43059,0.56156,3.87370,0.27377,3.93491,0.21024,0.09994,0.17596,0.13098,0.15059,0.15210,0.15284
3682,5.97534,0.15089,0.14413,7.05411,0.14471,0.15573,4.86595,0.16442,0.15570,5.20164,3.96000,6.54538,6.42362,0.26605,0.76367,7.10658,2.05602,1.94525,0.63884,3.16348,0.27508,3.17285,0.18983,0.09998,0.17694,0.14003,0.15101,0.15150,0.15221
3683,6.27212,0.15126,0.14782,6.89853,0.14610,0.16691,6.13831,0.21075,0.15455,5.74731,5.93400,6.80184,6.39547,0.53666,3.96829,7.17021,5.91665,5.23669,2.65532,6.08492,1.10387,6.02695,0.33997,0.10001,0.18078,0.13314,0.14989,0.15394,0.15192
3684,6.56380,0.15154,0.14760,6.73467,0.14741,0.17692,5.23872,0.26434,0.15508,6.56222,4.81267,6.86018,6.54544,0.21944,1.70813,7.01777,3.66297,2.35414,1.03959,4.56998,0.67606,3.75141,0.35998,0.10001,0.16072,0.12523,0.15211,0.15608,0.15191
3685,6.29879,0.15138,0.14496,6.77440,0.14745,0.17035,2.41023,0.23589,0.15844,6.67908,2.20365,6.80883,6.41936,0.17317,0.59033,6.93321,1.02980,0.83579,0.35116,1.57824,0.35933,1.39425,0.32314,0.10000,0.16511,0.11705,0.15487,0.15489,0.15191
3686,5.78697,0.15134,0.14463,6.81735,0.14595,0.17684,0.95836,0.24682,0.15802,6.51548,1.07536,6.80752,6.25279,0.15148,0.34136,6.92218,0.49540,0.34590,0.20896,0.65157,0.27020,0.55979,0.27206,0.10000,0.15482,0.11324,0.15308,0.15710,0.15191
3687,5.32540,0.15090,0.14133,6.85679,0.14669,0.16938,0.36518,0.21511,0.15762,6.28938,0.59050,6.70188,6.27943,0.15330,0.25106,6.89288,0.27216,0.20449,0.17339,0.29933,0.25585,0.25385,0.26904,0.09998,0.16418,0.11117,0.15413,0.15548,0.15183
3688,5.50546,0.15046,0.13845,6.89969,0.14766,0.16247,1.76067,0.18735,0.15620,6.15895,0.50370,6.63923,6.34240,0.17519,0.24340,6.97490,0.22627,0.18158,0.17423,0.22544,0.27189,0.20785,0.22692,0.09995,0.17455,0.11320,0.15552,0.15344,0.15166
3689,5.93365,0.14934,0.13689,7.04126,0.14853,0.15931,0.31267,0.16897,0.15524,5.59908,0.41242,6.41740,6.05300,0.19645,0.24977,7.04824,0.23306,0.18985,0.18874,0.21939,0.22792,0.19814,0.18901,0.09991,0.16916,0.12411,0.15465,0.15187,0.15133
3690,5.72839,0.14874,0.13644,7.11346,0.14760,0.15827,5.01606,0.16340,0.15219,5.02676,3.49405,6.40892,6.62247,0.19798,0.23826,7.02262,0.34959,0.33579,0.19744,1.81857,0.21173,1.89755,0.17672,0.09996,0.16662,0.12422,0.15515,0.15155,0.15107
3691,5.38463,0.14849,0.13640,7.09367,0.14713,0.15770,6.24978,0.16327,0.15028,4.67268,5.28222,6.50992,6.70696,0.19134,0.23761,6.99530,0.77648,0.85369,0.20890,3.59120,0.21308,3.76383,0.17889,0.09997,0.16319,0.11721,0.15522,0.15195,0.15094
3692,5.40344,0.14777,0.13547,7.04049,0.14734,0.15651,2.76816,0.15872,0.14808,4.98435,1.71635,6.47686,6.55141,0.17734,0.21909,6.93077,0.26322,0.27334,0.20184,0.60510,0.19118,0.68495,0.17114,0.10000,0.15138,0.11492,0.15383,0.15196,0.15070
3693,5.38724,0.14640,0.13339,6.98802,0.14916,0.15546,0.32372,0.15522,0.14470,4.75730,0.47890,6.38625,6.28112,0.16421,0.19158,6.91145,0.21272,0.20412,0.19009,0.22598,0.17148,0.22151,0.16038,0.10001,0.14137,0.11397,0.15122,0.15182,0.15040
3694,5.51227,0.14516,0.13196,7.00238,0.14880,0.15478,0.27675,0.15384,0.14004,4.96361,0.39871,6.40272,6.39609,0.15360,0.17388,6.91085,0.18976,0.19089,0.17736,0.20058,0.16104,0.19864,0.15505,0.09999,0.13375,0.10958,0.15062,0.15171,0.15013
3695,5.46982,0.14507,0.13176,6.98236,0.14629,0.15426,1.16140,0.15323,0.13605,4.98128,0.37379,6.45751,6.44017,0.14488,0.16716,6.86975,0.18100,0.18465,0.17072,0.19131,0.15595,0.19288,0.15334,0.10001,0.12820,0.10722,0.14992,0.15170,0.14996
3696,5.16513,0.14434,0.13071,6.92734,0.14393,0.15405,0.18498,0.15251,0.13442,4.72554,0.30731,6.22652,5.89982,0.13156,0.15306,6.79960,0.16005,0.16292,0.14871,0.16640,0.15073,0.16923,0.15164,0.10001,0.12690,0.10500,0.15018,0.15082,0.14983
3697,5.23493,0.14422,0.13019,6.86024,0.14155,0.15337,0.16344,0.15230,0.13315,5.01726,0.26235,6.25699,6.08691,0.12694,0.14831,6.71400,0.14878,0.14216,0.13502,0.15057,0.14875,0.14895,0.15074,0.10001,0.12485,0.10384,0.14925,0.14988,0.14978
3698,4.91903,0.14489,0.12986,6.85518,0.13999,0.15174,0.16209,0.15185,0.13086,4.07566,0.24210,6.17130,6.34694,0.12489,0.14707,6.71344,0.14570,0.13399,0.13181,0.14465,0.14709,0.13866,0.15012,0.10000,0.12215,0.10357,0.14655,0.14919,0.14986
3699,4.42665,0.14544,0.12922,6.86235,0.13845,0.14968,0.14867,0.15115,0.13032,3.52310,0.22856,6.17407,6.35401,0.12086,0.14482,6.68284,0.14430,0.13157,0.12978,0.14256,0.14498,0.13529,0.14954,0.09995,0.12099,0.10372,0.14405,0.14837,0.14981
3700,4.22657,0.14545,0.13012,6.77947,0.13675,0.14745,2.72408,0.14933,0.12955,3.98351,1.61845,6.20923,6.33798,0.12097,0.14176,6.64177,0.14950,0.13995,0.12774,0.60443,0.14328,0.63591,0.14762,0.09992,0.12136,0.10621,0.14139,0.14605,0.14940
3701,4.91372,0.14397,0.13048,6.71160,0.13718,0.14719,6.04181,0.14722,0.12279,4.77913,5.50329,6.31069,6.29833,0.12794,0.26916,6.62167,2.52888,2.37576,0.25164,5.44253,0.14016,5.38246,0.14465,0.09995,0.12184,0.10567,0.13766,0.14338,0.14835
3702,5.78463,0.14334,0.13176,6.80000,0.13393,0.14574,5.85311,0.14632,0.12290,5.50229,4.36312,6.55887,6.50914,0.12892,0.19208,6.76571,0.87110,0.80272,0.19345,2.65273,0.14083,2.63653,0.14434,0.09996,0.12045,0.10503,0.13526,0.14201,0.14697
3703,6.09212,0.14238,0.13215,6.85035,0.13167,0.14456,2.95119,0.14519,0.12112,5.84848,2.12270,6.54794,6.46208,0.12942,0.16321,6.71901,0.43510,0.44635,0.17188,1.14460,0.14146,1.10689,0.14283,0.09998,0.11837,0.10358,0.13296,0.14034,0.14555
3704,6.27566,0.14166,0.13225,6.79039,0.12825,0.14305,0.58063,0.14405,0.12186,6.13503,0.42834,6.59179,6.39072,0.12038,0.13989,6.69587,0.14780,0.15608,0.13423,0.17775,0.13965,0.19224,0.14181,0.09997,0.11489,0.10273,0.13281,0.13943,0.14461
3705,5.96615,0.13974,0.13066,6.83564,0.12823,0.14187,4.44860,0.14131,0.11698,5.67069,3.45986,6.57875,6.44024,0.12460,0.14158,6.72319,0.48569,0.48148,0.13755,2.42791,0.13732,2.43927,0.13866,0.09999,0.11566,0.10290,0.13074,0.13810,0.14332
3706,6.00005,0.13888,0.12891,6.84183,0.12764,0.14124,2.60839,0.14076,0.11632,5.79679,1.76717,6.64791,6.51235,0.11842,0.13688,6.72908,0.19420,0.21470,0.13284,0.69948,0.13370,0.75711,0.13558,0.09999,0.11205,0.10172,0.13024,0.13699,0.14261
3707,5.93211,0.13955,0.13025,6.86931,0.12429,0.14016,0.17811,0.14027,0.11806,5.73025,0.32122,6.52797,6.12188,0.10876,0.12841,6.76511,0.13155,0.12757,0.11907,0.13560,0.12805,0.13515,0.13472,0.10000,0.10992,0.10154,0.13050,0.13675,0.14201
3708,5.56515,0.13975,0.13148,6.95429,0.12247,0.13818,0.13515,0.13902,0.11919,5.37215,0.23352,6.44106,6.22883,0.10810,0.12518,6.88982,0.12341,0.11514,0.11175,0.12327,0.12932,0.11906,0.13512,0.09999,0.11029,0.10230,0.12922,0.13658,0.14141
3709,5.26134,0.13902,0.12902,7.05874,0.12256,0.13774,0.29617,0.13832,0.11688,4.81498,0.21707,6.42881,6.41736,0.11002,0.12595,7.00119,0.12365,0.11387,0.11181,0.12172,0.13097,0.11669,0.13352,0.10000,0.10910,0.10175,0.12850,0.13532,0.14084
3710,5.30066,0.13892,0.12710,7.17471,0.12222,0.13753,0.14314,0.13789,0.11624,5.21692,0.20668,6.66429,6.39000,0.10734,0.12472,7.12517,0.12274,0.11298,0.11194,0.12156,0.12531,0.11619,0.13113,0.10000,0.10875,0.10124,0.12849,0.13494,0.14074
3711,5.02458,0.13857,0.12447,7.23869,0.12229,0.13707,0.12359,0.13804,0.11654,5.55332,0.19233,6.75977,6.13854,0.10648,0.12140,7.23948,0.12128,0.11212,0.11011,0.12039,0.12356,0.11469,0.13225,0.10000,0.11017,0.10093,0.12894,0.13493,0.14097
3712,5.09271,0.13818,0.12238,7.15337,0.12194,0.13666,0.12020,0.13826,0.11725,5.74004,0.18199,6.60915,5.28270,0.10713,0.12057,7.19771,0.11832,0.11013,0.10895,0.11763,0.12566,0.11285,0.13356,0.10000,0.11017,0.10072,0.12929,0.13489,0.14114
3713,4.98487,0.13746,0.12008,6.94812,0.12197,0.13632,0.11775,0.13846,0.11795,5.76799,0.17290,6.35868,5.15838,0.10758,0.12216,7.15783,0.11861,0.10961,0.10963,0.11675,0.12730,0.11165,0.13460,0.10000,0.11033,0.10058,0.12976,0.13474,0.14128
3714,5.69765,0.13688,0.11812,6.60192,0.12215,0.13612,0.39050,0.13835,0.11723,5.61981,0.16881,6.41021,5.61290,0.10751,0.12300,7.13320,0.11980,0.11042,0.11028,0.11756,0.12745,0.11243,0.13422,0.10000,0.10965,0.10046,0.12992,0.13446,0.14131
3715,6.39673,0.13668,0.11706,6.07335,0.12223,0.13590,0.64739,0.13738,0.11652,5.89667,0.16593,6.69181,6.09762,0.10681,0.12117,6.88825,0.11974,0.11112,0.11029,0.11803,0.12376,0.11374,0.13144,0.10000,0.11019,0.10046,0.12923,0.13423,0.14126
3716,6.03267,0.13619,0.11631,6.46776,0.12192,0.13517,0.12199,0.13665,0.11644,6.35597,0.16034,6.81344,6.09846,0.10789,0.11954,6.27028,0.11840,0.11057,0.10959,0.11771,0.12306,0.11294,0.13207,0.10001,0.11370,0.10083,0.12815,0.13481,0.14134
3717,5.32901,0.13547,0.11498,6.89054,0.12198,0.13485,0.12155,0.13649,0.11662,6.09067,0.15397,6.86986,6.42444,0.11096,0.12066,6.53260,0.11740,0.11005,0.10995,0.11631,0.12692,0.11206,0.13324,0.10000,0.11370,0.10077,0.12803,0.13512,0.14142
3718,5.52796,0.13516,0.11422,7.01262,0.12221,0.13487,0.12859,0.13641,0.11673,5.82508,0.15070,6.96439,6.57368,0.11158,0.12271,6.83524,0.11860,0.11072,0.11179,0.11652,0.12788,0.11231,0.13291,0.10000,0.11223,0.10056,0.12810,0.13422,0.14135
3719,5.85673,0.13530,0.11420,7.07308,0.12174,0.13444,0.12277,0.13606,0.11738,6.07285,0.14844,7.03209,6.61369,0.11063,0.12321,7.01032,0.12012,0.11190,0.11315,0.11808,0.12648,0.11339,0.13257,0.10000,0.11354,0.10067,0.12793,0.13346,0.14126
3720,5.80517,0.13474,0.11353,7.10600,0.12172,0.13405,0.12382,0.13601,0.11706,6.26944,0.14677,7.05278,6.63996,0.11111,0.12331,7.07884,0.12130,0.11349,0.11330,0.11968,0.12744,0.11486,0.13304,0.10000,0.11418,0.10069,0.12781,0.13306,0.14124
3721,5.78000,0.13400,0.11302,7.09791,0.12137,0.13335,0.12280,0.13548,0.11665,6.31995,0.14502,7.01665,6.40556,0.11156,0.12395,7.10010,0.12125,0.11355,0.11314,0.11997,0.12820,0.11556,0.13336,0.10001,0.11525,0.10120,0.12707,0.13411,0.14126
3722,5.29355,0.13297,0.11262,7.07497,0.12141,0.13280,0.12225,0.13479,0.11766,6.32205,0.14180,6.87620,6.22474,0.11232,0.12536,7.10941,0.12225,0.11356,0.11358,0.12044,0.12939,0.11563,0.13358,0.10001,0.11369,0.10103,0.12660,0.13534,0.14132
3723,5.15302,0.13184,0.11185,7.05106,0.12163,0.13282,0.12250,0.13453,0.11858,6.01704,0.14056,6.72124,6.13016,0.11166,0.12632,7.14749,0.12343,0.11421,0.11449,0.12152,0.12966,0.11628,0.13311,0.10000,0.11174,0.10082,0.12674,0.13557,0.14136
3724,5.22623,0.13048,0.11096,7.03431,0.12208,0.13322,0.12455,0.13444,0.11852,6.01030,0.13984,6.73525,6.11759,0.11062,0.12637,7.12555,0.12412,0.11489,0.11466,0.12244,0.12918,0.11711,0.13294,0.10000,0.11146,0.10071,0.12702,0.13539,0.14135
3725,5.04760,0.12963,0.11074,7.01435,0.12171,0.13322,0.12610,0.13427,0.11903,5.90493,0.13890,6.71375,6.29767,0.10935,0.12579,7.08377,0.12392,0.11483,0.11376,0.12259,0.12842,0.11734,0.13292,0.10000,0.11144,0.10074,0.12694,0.13555,0.14132
3726,5.37252,0.12939,0.11113,6.98998,0.12118,0.13250,0.12697,0.13387,0.11982,5.87331,0.13743,6.69014,6.41490,0.10803,0.12507,7.05708,0.12320,0.11396,0.11249,0.12209,0.12730,0.11691,0.13257,0.10000,0.11096,0.10101,0.12649,0.13592,0.14122
3727,6.03487,0.12947,0.11121,6.95284,0.12096,0.13193,0.12389,0.13337,0.12011,6.11413,0.13598,6.72168,6.45696,0.10646,0.12423,7.01067,0.12256,0.11307,0.11165,0.12151,0.12443,0.11623,0.13142,0.10000,0.11054,0.10123,0.12623,0.13607,0.14110
3728,6.00394,0.12943,0.11172,6.93023,0.12096,0.13171,0.12457,0.13257,0.12027,6.33683,0.13414,6.73187,6.37734,0.10562,0.12174,6.95026,0.12134,0.11171,0.10978,0.12045,0.12096,0.11501,0.13086,0.10001,0.11245,0.10171,0.12588,0.13623,0.14088
3729,5.50637,0.13012,0.11324,6.89893,0.12089,0.13115,0.12691,0.13175,0.12121,6.07111,0.13096,6.62758,6.39346,0.10662,0.11860,6.89840,0.11824,0.10950,0.10772,0.11786,0.12099,0.11273,0.13128,0.10001,0.11374,0.10243,0.12517,0.13619,0.14057
3730,5.90330,0.13087,0.11367,6.88628,0.12047,0.13061,2.97115,0.13128,0.11995,5.90596,0.17330,6.64354,6.75992,0.10680,0.11757,6.85957,0.11687,0.11004,0.10808,0.11609,0.12053,0.11404,0.12935,0.10000,0.11172,0.10212,0.12486,0.13571,0.14041
3731,6.43759,0.13077,0.11331,6.89133,0.12052,0.13081,0.22120,0.13089,0.11906,6.22659,0.12831,6.79571,6.67031,0.10665,0.11664,6.86719,0.11592,0.10914,0.10807,0.11555,0.11944,0.11206,0.12849,0.10000,0.11268,0.10199,0.12523,0.13557,0.14029
3732,6.13693,0.12981,0.11274,6.92639,0.12125,0.13113,0.12269,0.13058,0.11822,6.36312,0.12539,6.84449,6.64316,0.10737,0.11670,6.91096,0.11492,0.10850,0.10826,0.11444,0.12052,0.11076,0.12905,0.10000,0.11327,0.10166,0.12578,0.13579,0.14007
3733,6.06079,0.12877,0.11254,6.95227,0.12181,0.13140,0.12128,0.13046,0.11826,6.24678,0.12368,6.84830,6.71886,0.10806,0.11737,6.92424,0.11494,0.10855,0.10857,0.11385,0.12238,0.11024,0.12935,0.10000,0.11298,0.10139,0.12609,0.13612,0.13981
3734,6.23389,0.12861,0.11266,6.98345,0.12148,0.13138,1.13231,0.13039,0.11864,6.22414,0.12801,6.83051,6.85400,0.10800,0.11818,6.93128,0.11526,0.10910,0.10911,0.11373,0.12280,0.11079,0.12867,0.10001,0.11142,0.10130,0.12586,0.13617,0.13977
3735,6.68364,0.12819,0.11173,7.01664,0.12124,0.13182,1.95500,0.13040,0.11751,6.34311,0.15328,6.93941,6.98369,0.10857,0.11821,6.95087,0.11547,0.11033,0.10988,0.11356,0.12222,0.11175,0.12757,0.10001,0.11053,0.10109,0.12632,0.13581,0.13979
3736,6.69783,0.12814,0.11130,7.01643,0.12041,0.13251,0.12358,0.13083,0.11707,6.68657,0.12225,6.91252,6.77107,0.10984,0.11956,6.86602,0.11657,0.11087,0.11071,0.11500,0.12384,0.11200,0.12754,0.10001,0.11030,0.10124,0.12660,0.13499,0.13976
3737,6.66963,0.12808,0.11163,6.76717,0.12142,0.13318,3.73139,0.13065,0.11411,6.55808,2.29746,6.58369,6.77158,0.11209,0.13618,5.79715,0.55432,0.53213,0.12847,1.59405,0.12266,1.61715,0.12656,0.10003,0.11107,0.10286,0.12557,0.13308,0.13927
3738,6.74330,0.12630,0.11269,6.63723,0.12353,0.13338,6.67854,0.12933,0.11300,6.61583,5.76144,6.67730,6.84764,0.11896,0.69785,6.05704,3.83786,3.82175,0.66176,5.56979,0.12063,5.61364,0.12418,0.10003,0.11361,0.10457,0.12579,0.13138,0.13874
3739,6.81308,0.12646,0.11344,6.62587,0.12339,0.13342,4.73069,0.13161,0.11467,6.76892,3.37837,6.62621,6.81330,0.11730,0.16326,5.92999,0.66962,0.91322,0.20383,1.97755,0.12227,2.22123,0.12531,0.10002,0.11247,0.10424,0.12650,0.13015,0.13788
3740,6.60787,0.12723,0.11469,6.11126,0.12295,0.13325,6.08457,0.13187,0.11349,6.52121,4.60200,6.52063,6.57512,0.13387,0.26636,5.96527,1.31525,1.35782,0.34607,3.16699,0.12386,3.25131,0.12499,0.10002,0.11338,0.10537,0.12499,0.12890,0.13613
3741,6.42737,0.12702,0.11458,6.39243,0.12269,0.13289,6.01032,0.13126,0.11348,6.38884,4.45497,6.62874,6.39315,0.13948,0.26014,6.34651,1.10610,1.37304,0.37244,2.76640,0.12419,2.98981,0.12460,0.10003,0.11424,0.10533,0.12535,0.12847,0.13604
3742,6.42569,0.12554,0.11460,6.69922,0.12295,0.13204,3.84051,0.13102,0.11371,6.42207,2.54360,6.74383,6.57157,0.13398,0.18301,6.56259,0.48409,0.85475,0.28575,1.25389,0.12316,1.59872,0.12488,0.10003,0.11488,0.10588,0.12588,0.12859,0.13640
3743,6.49166,0.12370,0.11552,6.85464,0.12304,0.13128,3.34977,0.13024,0.11380,6.49551,1.59469,6.85314,6.77099,0.13038,0.16454,6.76746,0.31550,0.61176,0.25717,0.69341,0.12337,0.93956,0.12451,0.10004,0.11557,0.10729,0.12518,0.12938,0.13650
3744,6.81257,0.12193,0.11734,6.96698,0.12276,0.13079,6.86611,0.12848,0.11465,6.68902,5.55947,6.97294,6.95977,0.16119,0.27685,6.91827,1.01402,1.40278,0.47387,3.68137,0.14483,3.95840,0.12405,0.10005,0.11878,0.10996,0.12437,0.13011,0.13577
3745,6.97765,0.12101,0.11786,7.06047,0.12253,0.13055,4.35474,0.12873,0.11692,6.92491,3.17523,7.06512,6.99362,0.14880,0.23041,7.02729,0.51369,0.93292,0.33804,1.52843,0.13744,2.04961,0.12594,0.10003,0.11917,0.11025,0.12553,0.12989,0.13491
3746,6.40250,0.12110,0.11714,7.07131,0.12217,0.13085,0.50273,0.12950,0.11970,6.97295,0.60187,7.01133,6.53489,0.12357,0.13669,7.08707,0.17882,0.24803,0.15644,0.25134,0.12559,0.33021,0.12693,0.09995,0.11771,0.10731,0.12642,0.12915,0.13419
3747,6.49751,0.12316,0.11660,7.13836,0.12102,0.13053,3.11842,0.12984,0.11962,6.75766,1.99045,6.88818,6.43132,0.12047,0.12757,7.18250,0.17229,0.17772,0.13145,0.84284,0.12468,0.87980,0.12664,0.09995,0.11622,0.10824,0.12540,0.12848,0.13287
3748,6.62591,0.12388,0.11606,7.18310,0.12103,0.13025,4.31360,0.13013,0.11848,6.35147,2.86907,6.80554,6.92220,0.12254,0.12859,7.18167,0.21545,0.19801,0.13383,1.19396,0.12477,1.14652,0.12653,0.09991,0.11619,0.10850,0.12506,0.12745,0.13153
3749,6.32386,0.12456,0.11673,7.15133,0.11861,0.12938,0.56855,0.12992,0.11905,5.82325,0.44648,6.69294,6.87081,0.11867,0.12470,7.16105,0.12912,0.13494,0.12594,0.14735,0.12531,0.15213,0.12762,0.09988,0.11501,0.10882,0.12414,0.12714,0.13059
3750,6.06091,0.12561,0.11819,7.14546,0.11692,0.12824,1.99142,0.12893,0.11890,5.31856,0.32982,6.65698,7.00542,0.11737,0.12444,7.14451,0.12595,0.12761,0.12296,0.13212,0.12530,0.13378,0.12747,0.09996,0.11538,0.10985,0.12235,0.12692,0.12981
3751,5.64399,0.12610,0.11942,7.15715,0.11660,0.12773,1.75561,0.12829,0.11790,5.22500,0.30309,6.75498,6.92172,0.11907,0.12486,7.15009,0.12519,0.12534,0.12299,0.12929,0.12623,0.12981,0.12664,0.10000,0.11582,0.10982,0.12158,0.12595,0.12905
3752,6.01540,0.12617,0.12099,7.17685,0.11667,0.12724,5.95085,0.12766,0.11709,6.30174,2.25532,6.91417,7.01799,0.12101,0.12544,7.18201,0.13222,0.12953,0.12409,0.51361,0.12625,0.54822,0.12617,0.10001,0.11676,0.11050,0.12080,0.12501,0.12824
3753,6.52412,0.12601,0.12212,7.19278,0.11695,0.12679,7.16009,0.12718,0.11677,6.63650,6.43407,7.00159,7.09014,0.12266,0.16329,7.16923,1.39384,1.10099,0.14742,5.21049,0.12598,5.15019,0.12628,0.10001,0.11742,0.10972,0.12007,0.12442,0.12755
3754,6.77594,0.12575,0.12206,7.18010,0.11725,0.12660,7.17836,0.12715,0.11685,6.72475,6.65062,7.04624,7.15947,0.12505,0.61710,7.14110,4.74996,3.84238,0.37144,7.05743,0.12636,6.98888,0.12639,0.10001,0.11762,0.10798,0.11977,0.12412,0.12717
3755,6.93486,0.12557,0.12136,7.17115,0.11734,0.12648,7.09000,0.12726,0.11701,6.71743,6.48489,7.08620,7.17716,0.12377,0.45324,7.13564,3.20183,2.58110,0.32432,6.00232,0.12623,5.82169,0.12638,0.10001,0.11667,0.10642,0.11977,0.12405,0.12712
3756,7.05667,0.12537,0.12098,7.17497,0.11708,0.12606,5.14074,0.12712,0.11718,6.79332,3.49583,7.11238,7.15371,0.11801,0.16125,7.13822,0.61349,0.58093,0.16279,1.83979,0.12520,1.80100,0.12624,0.09998,0.11551,0.10570,0.11981,0.12416,0.12720
3757,7.08787,0.12515,0.12031,7.18036,0.11721,0.12576,6.67693,0.12654,0.11626,6.91910,5.08136,7.12782,7.17937,0.12634,0.31353,7.13378,1.43623,1.42474,0.30291,3.54095,0.12942,3.63132,0.12513,0.09999,0.11430,0.10446,0.11967,0.12426,0.12707
3758,7.14967,0.12493,0.11854,7.19396,0.11822,0.12588,7.17543,0.12559,0.11469,7.05756,6.79247,7.16520,7.19230,0.16844,0.95032,7.17055,4.21213,4.68263,1.05514,6.78801,0.16517,6.88296,0.12366,0.10003,0.11658,0.10557,0.12023,0.12417,0.12720
3759,7.16883,0.12468,0.11728,7.21040,0.11872,0.12561,5.28694,0.12575,0.11484,7.14716,4.21093,7.18766,7.15520,0.13950,0.31853,7.21003,1.08327,1.74320,0.41247,2.49626,0.13348,3.20378,0.12346,0.10002,0.11654,0.10572,0.12105,0.12392,0.12735
3760,6.82239,0.12441,0.11650,7.19429,0.11890,0.12525,1.51229,0.12591,0.11489,7.11958,1.33942,7.14673,6.92746,0.12403,0.15422,7.21399,0.28705,0.44577,0.18148,0.55336,0.12389,0.79274,0.12380,0.10003,0.11634,0.10556,0.12127,0.12388,0.12751
3761,6.44170,0.12386,0.11577,7.09438,0.11904,0.12496,0.59549,0.12581,0.11464,6.81961,0.72649,7.04830,6.85217,0.12021,0.13054,7.17966,0.16753,0.23134,0.14350,0.24598,0.12251,0.33261,0.12399,0.10003,0.11677,0.10679,0.12101,0.12410,0.12769
3762,6.54347,0.12308,0.11534,7.01649,0.11915,0.12492,3.20260,0.12538,0.11427,6.62093,0.70415,7.00296,6.94210,0.11945,0.12853,7.09979,0.15624,0.20111,0.13927,0.22525,0.12217,0.26341,0.12362,0.10003,0.11707,0.10794,0.12060,0.12438,0.12776
3763,6.83889,0.12275,0.11503,7.01418,0.11912,0.12483,0.52892,0.12496,0.11417,6.75302,0.50579,7.02372,6.86178,0.11765,0.12575,7.03549,0.14240,0.17467,0.12985,0.17375,0.12170,0.20538,0.12323,0.10002,0.11700,0.10847,0.12047,0.12460,0.12778
3764,6.44338,0.12205,0.11499,7.02968,0.11933,0.12481,0.18965,0.12470,0.11391,6.83254,0.39933,7.03945,6.58392,0.11589,0.12159,7.02932,0.12748,0.13685,0.12086,0.13861,0.12155,0.15291,0.12316,0.10002,0.11658,0.10850,0.12055,0.12496,0.12779
3765,6.17485,0.12090,0.11506,7.02109,0.11954,0.12495,0.17792,0.12446,0.11351,6.55189,0.35803,7.01928,6.73303,0.11565,0.12040,7.04252,0.12194,0.12462,0.11850,0.12647,0.12158,0.13118,0.12302,0.09998,0.11631,0.10835,0.12041,0.12517,0.12767
3766,6.63557,0.12016,0.11499,7.01920,0.11937,0.12503,4.15061,0.12405,0.11339,6.51576,0.70486,7.02456,6.98467,0.11633,0.12007,7.02850,0.12253,0.12577,0.11933,0.13722,0.12115,0.14531,0.12253,0.09999,0.11654,0.10794,0.12009,0.12496,0.12750
3767,6.89437,0.11999,0.11466,7.06973,0.11900,0.12496,0.50866,0.12408,0.11371,6.82013,0.32536,7.08122,6.83544,0.11657,0.11980,7.02343,0.12047,0.12227,0.11842,0.12350,0.12107,0.12622,0.12222,0.10001,0.11627,0.10712,0.12047,0.12464,0.12742
3768,6.28472,0.11991,0.11408,7.08907,0.11868,0.12483,0.13325,0.12433,0.11418,6.86911,0.28405,7.07868,6.59524,0.11676,0.12015,7.05080,0.11950,0.11905,0.11770,0.11984,0.12117,0.12028,0.12245,0.10003,0.11589,0.10600,0.12086,0.12433,0.12734
3769,6.03298,0.11946,0.11367,7.07008,0.11879,0.12478,0.13613,0.12447,0.11408,6.52119,0.27188,7.05220,6.76817,0.11737,0.12038,7.07175,0.11984,0.11861,0.11792,0.11967,0.12133,0.11932,0.12276,0.10005,0.11613,0.10567,0.12091,0.12407,0.12723
3770,6.22930,0.11890,0.11339,7.07279,0.11894,0.12470,0.13068,0.12466,0.11395,6.47936,0.25863,7.06853,6.68576,0.11693,0.12058,7.06902,0.12001,0.11845,0.11818,0.11982,0.12145,0.11909,0.12302,0.10003,0.11575,0.10516,0.12114,0.12405,0.12715
3771,5.99347,0.11839,0.11297,7.09486,0.11901,0.12476,0.13123,0.12473,0.11370,6.50051,0.24622,7.06538,6.70458,0.11622,0.12075,7.06979,0.12020,0.11847,0.11812,0.11989,0.12174,0.11895,0.12325,0.10001,0.11442,0.10355,0.12138,0.12400,0.12702
3772,6.30577,0.11788,0.11266,7.08941,0.11914,0.12478,0.12882,0.12481,0.11320,6.38270,0.23731,7.04802,6.64776,0.11523,0.12080,7.07839,0.12031,0.11854,0.11793,0.12008,0.12179,0.11913,0.12333,0.10002,0.11368,0.10286,0.12130,0.12387,0.12686
3773,5.97364,0.11748,0.11290,7.07790,0.11914,0.12477,0.48997,0.12479,0.11377,6.50719,0.22796,7.00043,6.67882,0.11264,0.12080,7.08872,0.12027,0.11822,0.11704,0.12003,0.12146,0.11913,0.12333,0.10003,0.11213,0.10232,0.12131,0.12405,0.12673
3774,6.43306,0.11778,0.11231,7.05740,0.11903,0.12478,1.13068,0.12465,0.11358,6.34362,0.22290,7.00267,6.87347,0.11218,0.12050,7.08765,0.12026,0.11846,0.11691,0.12016,0.12055,0.11976,0.12263,0.10003,0.11046,0.10166,0.12129,0.12390,0.12675
3775,6.38234,0.11799,0.11171,7.03528,0.11921,0.12490,2.53594,0.12469,0.11319,6.66102,0.85776,6.93732,6.74402,0.11246,0.11994,7.07182,0.12020,0.11856,0.11636,0.17086,0.12027,0.18186,0.12257,0.10004,0.11028,0.10177,0.12142,0.12350,0.12653
3776,6.63657,0.11794,0.11152,7.03920,0.11963,0.12487,4.10293,0.12450,0.11209,6.63266,1.76701,7.04300,6.98695,0.11313,0.11947,7.04903,0.12056,0.11990,0.11687,0.26974,0.11965,0.30903,0.12201,0.10004,0.11109,0.10227,0.12130,0.12323,0.12642
3777,6.54106,0.11755,0.11167,7.04675,0.11923,0.12463,0.18794,0.12451,0.11324,6.84823,0.23330,7.00369,6.78175,0.11075,0.11867,7.03628,0.11886,0.11708,0.11490,0.11937,0.11953,0.11868,0.12203,0.10001,0.10998,0.10188,0.12145,0.12336,0.12638
3778,6.39527,0.11754,0.11135,7.05345,0.11875,0.12436,0.33409,0.12424,0.11348,6.65780,0.21551,6.95391,6.91001,0.10926,0.11849,7.02073,0.11832,0.11636,0.11427,0.11862,0.11845,0.11777,0.12135,0.10000,0.10835,0.10141,0.12126,0.12341,0.12628
3779,6.50949,0.11745,0.11083,7.04748,0.11895,0.12438,0.25543,0.12440,0.11311,6.65220,0.20355,6.87026,6.84760,0.10917,0.11825,6.99830,0.11816,0.11603,0.11399,0.11820,0.11835,0.11728,0.12134,0.10002,0.10766,0.10128,0.12124,0.12320,0.12605
3780,6.53950,0.11802,0.11085,7.03667,0.11825,0.12438,5.62592,0.12365,0.11140,6.66246,2.74693,6.91774,7.03259,0.11067,0.11823,6.86767,0.15095,0.15661,0.11514,0.90192,0.11790,1.00559,0.12023,0.10002,0.10718,0.10133,0.12058,0.12308,0.12580
3781,6.94859,0.11821,0.11078,7.04021,0.11838,0.12433,6.75224,0.12271,0.11070,6.76219,5.33030,7.03598,7.06879,0.11125,0.11928,6.92812,0.41971,0.50766,0.11806,3.12967,0.11676,3.39095,0.11835,0.10004,0.10817,0.10154,0.12034,0.12311,0.12593
3782,6.91142,0.11775,0.11066,7.09926,0.11868,0.12426,1.42627,0.12322,0.11192,6.99475,0.71318,7.07870,6.87821,0.10898,0.11630,7.04757,0.12094,0.12537,0.11362,0.17832,0.11597,0.21361,0.11917,0.10004,0.10851,0.10157,0.12077,0.12310,0.12595
3783,6.16030,0.11822,0.11119,7.11994,0.11693,0.12389,0.13786,0.12341,0.11405,6.87736,0.27045,7.00147,6.60987,0.10711,0.11505,7.02319,0.11534,0.11345,0.11074,0.11612,0.11606,0.11547,0.11995,0.10003,0.10811,0.10232,0.12086,0.12324,0.12613
3784,6.18066,0.11876,0.11135,7.06747,0.11592,0.12350,3.16703,0.12307,0.11331,6.56596,1.05228,6.83335,6.79175,0.10755,0.11481,6.90152,0.11523,0.11356,0.11086,0.17374,0.11582,0.17278,0.11949,0.09994,0.10760,0.10267,0.12032,0.12290,0.12594
3785,6.36825,0.11960,0.11155,6.95329,0.11639,0.12325,4.94184,0.12291,0.11126,6.18885,1.63510,6.66483,7.00183,0.10966,0.11494,6.84565,0.11704,0.11555,0.11242,0.26917,0.11655,0.26686,0.11919,0.10000,0.10826,0.10413,0.11901,0.12156,0.12533
3786,6.40592,0.12024,0.11234,6.95062,0.11662,0.12303,6.93070,0.12282,0.11041,5.83851,4.91302,6.66362,6.94721,0.11142,0.11883,7.04010,0.36406,0.26712,0.11564,2.29302,0.11699,2.21791,0.11945,0.10004,0.10950,0.10515,0.11759,0.12065,0.12467
3787,6.32263,0.12071,0.11343,7.07149,0.11644,0.12286,6.93179,0.12235,0.11016,5.97378,6.42649,6.75951,6.95589,0.11977,0.73003,7.22109,4.26097,3.81659,0.53297,6.66163,0.11868,6.61673,0.11902,0.10004,0.11027,0.10524,0.11632,0.11995,0.12381
3788,6.43151,0.12088,0.11405,7.16497,0.11591,0.12278,6.95391,0.12212,0.11041,6.15947,6.48049,6.86733,7.03719,0.16577,1.70972,7.23729,6.07517,5.77164,1.48585,6.89559,0.13427,6.87587,0.11849,0.10005,0.11075,0.10468,0.11647,0.11955,0.12337
3789,6.58258,0.12061,0.11404,7.16580,0.11569,0.12257,7.05344,0.12115,0.11030,6.28495,6.64068,6.97240,7.09234,0.63617,3.70869,7.21907,6.78707,6.75829,4.00059,6.94248,0.43018,6.93453,0.11951,0.10009,0.12233,0.11269,0.11719,0.11939,0.12336
3790,6.91809,0.12008,0.11359,7.13923,0.11600,0.12174,6.99117,0.12121,0.11144,6.63711,6.60913,7.03172,7.09632,0.71054,2.93031,7.17080,5.76850,6.21910,3.57778,6.63817,0.44527,6.75810,0.12221,0.10007,0.12715,0.12684,0.11828,0.11930,0.12366
3791,7.02441,0.11982,0.11328,7.10775,0.11605,0.12120,5.40464,0.12180,0.11287,6.95236,4.65311,7.02642,6.99848,0.24956,0.63289,7.15003,1.99158,2.96841,1.12387,3.41361,0.14913,4.11171,0.11993,0.10003,0.12057,0.11921,0.11886,0.11920,0.12377
3792,6.97475,0.12003,0.11345,7.10663,0.11567,0.12107,3.58008,0.12200,0.11379,6.99892,2.70830,7.01310,6.83016,0.16812,0.25957,7.17053,0.77741,1.41054,0.53728,1.58215,0.12473,2.07916,0.12007,0.10002,0.11932,0.11057,0.11887,0.11914,0.12352
3793,6.80509,0.12013,0.11353,7.12541,0.11547,0.12098,4.81852,0.12180,0.11453,6.97047,3.44830,7.03524,6.96599,0.19565,0.30645,7.19116,0.95381,1.35937,0.57443,2.00042,0.12942,2.22806,0.12011,0.09997,0.11940,0.10796,0.11880,0.11895,0.12292
3794,6.80882,0.12031,0.11399,7.14136,0.11548,0.12091,7.05507,0.12119,0.11529,6.88157,6.63054,7.04435,7.05528,0.32548,0.86340,7.20732,2.86086,3.00308,1.05433,6.07452,0.20226,6.13044,0.12290,0.09998,0.12458,0.11036,0.11894,0.11863,0.12210
3795,6.93789,0.12047,0.11392,7.12697,0.11561,0.12050,6.27083,0.12114,0.11496,6.88268,5.29794,7.01219,7.01507,0.27636,0.61905,7.19057,1.77374,2.30245,0.83886,3.75087,0.18540,4.19785,0.12384,0.10002,0.12256,0.11205,0.11909,0.11831,0.12198
3796,6.76515,0.12025,0.11333,7.05309,0.11589,0.12008,2.00444,0.12118,0.11501,6.92085,1.74870,6.97915,6.71297,0.16798,0.24263,7.16675,0.53208,0.81282,0.37569,0.91068,0.13506,1.17273,0.12180,0.10004,0.11811,0.10865,0.11915,0.11833,0.12224
3797,6.44509,0.11986,0.11301,7.04794,0.11568,0.11998,0.79661,0.12108,0.11570,6.79456,0.94275,6.96048,6.37737,0.13172,0.15975,7.19959,0.26027,0.41414,0.22980,0.40790,0.12485,0.54816,0.12133,0.10000,0.11585,0.10590,0.11901,0.11854,0.12240
3798,6.39434,0.11972,0.11279,7.13792,0.11589,0.11982,1.10703,0.12093,0.11593,6.67984,0.69966,6.85034,6.31159,0.12489,0.13620,7.21017,0.18571,0.27832,0.18009,0.27176,0.12215,0.34610,0.12082,0.10000,0.11434,0.10497,0.11911,0.11840,0.12229
3799,6.42589,0.11994,0.11367,7.16846,0.11633,0.11975,2.41364,0.12033,0.11489,6.24401,0.75130,6.69545,6.62184,0.13078,0.13231,7.14273,0.17842,0.22431,0.17116,0.27354,0.12185,0.29761,0.11997,0.09999,0.11327,0.10744,0.11907,0.11797,0.12154
3800,6.40018,0.11986,0.11451,7.09081,0.11670,0.11953,5.99168,0.11962,0.11361,6.07098,2.15336,6.66782,6.93306,0.14059,0.13792,7.00296,0.22320,0.22323,0.16848,0.48208,0.12315,0.47254,0.11917,0.09997,0.11486,0.10938,0.11817,0.11771,0.12064
3801,6.31722,0.11965,0.11488,7.01691,0.11636,0.11931,7.12331,0.11923,0.11337,6.09189,6.40467,6.74138,7.00357,0.15124,0.19669,6.93117,1.23366,1.18145,0.20589,4.99443,0.12673,5.04181,0.11929,0.09996,0.11847,0.10919,0.11721,0.11772,0.12005
3802,6.39591,0.11944,0.11460,6.97857,0.11583,0.11912,7.05542,0.11903,0.11311,6.15975,6.38145,6.83258,7.00657,0.14878,0.19586,6.91131,1.09186,1.19689,0.21350,4.53977,0.12730,4.70848,0.11920,0.09987,0.11768,0.10724,0.11680,0.11762,0.11981
3803,6.58736,0.11930,0.11447,6.95628,0.11523,0.11897,6.67718,0.11880,0.11277,6.37554,5.71973,6.86251,6.98583,0.14633,0.20775,6.91365,1.16337,1.32152,0.23798,3.98915,0.12740,4.12156,0.11901,0.09993,0.11678,0.10641,0.11661,0.11751,0.11966
3804,6.56162,0.11924,0.11488,6.96450,0.11405,0.11878,2.02963,0.11868,0.11301,6.47919,1.41934,6.84127,6.81455,0.12830,0.14025,6.90746,0.22162,0.28921,0.16605,0.47907,0.12196,0.59894,0.11834,0.09993,0.11368,0.10457,0.11669,0.11739,0.11944
3805,6.42812,0.11912,0.11555,6.96586,0.11278,0.11849,0.45416,0.11846,0.11336,6.51272,0.62449,6.81386,6.63490,0.11909,0.12743,6.88836,0.15105,0.17871,0.14388,0.19700,0.11925,0.22556,0.11789,0.09999,0.11114,0.10367,0.11659,0.11736,0.11922
3806,6.18276,0.11905,0.11533,6.93516,0.11289,0.11838,0.20081,0.11844,0.11310,6.41085,0.46343,6.72201,6.47404,0.11519,0.12108,6.85285,0.12949,0.14676,0.13068,0.14276,0.11782,0.15644,0.11762,0.10002,0.10952,0.10337,0.11648,0.11712,0.11907
3807,6.02506,0.11897,0.11446,6.91575,0.11351,0.11833,1.03497,0.11839,0.11209,6.38524,0.42562,6.71475,6.65880,0.11421,0.11941,6.81010,0.12462,0.13754,0.12640,0.13366,0.11730,0.14345,0.11733,0.10001,0.10872,0.10231,0.11633,0.11691,0.11903
3808,6.26886,0.11874,0.11303,6.93419,0.11464,0.11825,1.65281,0.11834,0.11086,6.37748,0.41402,6.80267,6.78618,0.11408,0.11903,6.78886,0.12378,0.13450,0.12541,0.13336,0.11677,0.14097,0.11698,0.10001,0.10847,0.10155,0.11630,0.11679,0.11916
3809,6.22206,0.11839,0.11215,6.94115,0.11506,0.11809,0.14583,0.11837,0.11046,6.42903,0.34570,6.83920,6.42345,0.11036,0.11699,6.78330,0.12003,0.12765,0.11884,0.12343,0.11585,0.12924,0.11692,0.10001,0.10819,0.10121,0.11638,0.11681,0.11935
3810,5.64749,0.11800,0.11164,6.94206,0.11472,0.11789,0.13834,0.11813,0.11059,6.43328,0.32007,6.84098,6.36315,0.10704,0.11530,6.77223,0.11731,0.12061,0.11389,0.11998,0.11446,0.12381,0.11663,0.09997,0.10763,0.10103,0.11633,0.11694,0.11935
3811,5.22280,0.11759,0.11086,6.93273,0.11443,0.11767,0.13209,0.11795,0.11070,6.22331,0.29806,6.82256,6.40309,0.10549,0.11360,6.78364,0.11479,0.11494,0.11024,0.11642,0.11339,0.11768,0.11644,0.09995,0.10695,0.10064,0.11619,0.11695,0.11926
3812,5.12647,0.11699,0.11010,6.97116,0.11451,0.11752,0.12689,0.11788,0.11063,5.88307,0.27894,6.82751,6.46464,0.10496,0.11226,6.84647,0.11268,0.11082,0.10758,0.11357,0.11337,0.11321,0.11664,0.09999,0.10702,0.10053,0.11616,0.11701,0.11924
3813,5.71929,0.11632,0.10941,7.00572,0.11475,0.11738,0.25792,0.11769,0.10988,5.75212,0.27146,6.82583,6.78698,0.10472,0.11186,6.90972,0.11199,0.10973,0.10713,0.11270,0.11302,0.11203,0.11628,0.09997,0.10665,0.10041,0.11594,0.11698,0.11906
3814,6.45578,0.11615,0.10893,7.00060,0.11492,0.11731,0.12625,0.11766,0.10951,6.17301,0.25572,6.82930,6.57676,0.10549,0.11175,6.90806,0.11137,0.10902,0.10716,0.11185,0.11331,0.11085,0.11612,0.10001,0.10618,0.10039,0.11566,0.11667,0.11893
3815,6.21944,0.11619,0.10874,6.98175,0.11483,0.11727,0.12148,0.11768,0.10942,6.44104,0.24033,6.77016,6.38446,0.10629,0.11203,6.84672,0.11120,0.10823,0.10714,0.11091,0.11431,0.10950,0.11633,0.10003,0.10608,0.10051,0.11561,0.11649,0.11892
3816,5.62197,0.11605,0.10869,6.93345,0.11470,0.11722,1.24091,0.11754,0.10866,6.37951,0.27405,6.69680,6.56094,0.10722,0.11273,6.76871,0.11133,0.10852,0.10777,0.11135,0.11480,0.11040,0.11629,0.10000,0.10596,0.10064,0.11538,0.11632,0.11879
3817,5.76032,0.11593,0.10911,6.83830,0.11442,0.11721,6.86832,0.11722,0.10739,6.22731,5.36697,6.68562,6.85690,0.10812,0.12788,6.73229,0.99565,0.93042,0.12682,3.72962,0.11382,3.76814,0.11580,0.10003,0.10665,0.10136,0.11464,0.11615,0.11854
3818,6.17121,0.11606,0.10978,6.78369,0.11372,0.11717,6.92701,0.11713,0.10744,6.21686,6.34987,6.64999,6.84708,0.10908,0.17351,6.70887,2.21658,2.11548,0.18639,5.97325,0.11337,5.76790,0.11515,0.10005,0.10697,0.10193,0.11392,0.11589,0.11820
3819,6.40818,0.11621,0.11000,6.77256,0.11308,0.11713,6.03697,0.11717,0.10783,6.34717,4.38048,6.59190,6.76665,0.10949,0.12148,6.66973,0.42747,0.67573,0.13925,2.24733,0.11421,2.35939,0.11517,0.10004,0.10678,0.10176,0.11381,0.11572,0.11805
3820,6.46198,0.11624,0.11011,6.74358,0.11263,0.11712,6.01717,0.11705,0.10754,6.30351,4.13757,6.60646,6.77670,0.11013,0.12403,6.66841,0.39178,0.61246,0.15133,1.93154,0.11417,2.13804,0.11506,0.10003,0.10676,0.10152,0.11372,0.11566,0.11794
3821,6.34786,0.11617,0.11013,6.74722,0.11223,0.11702,1.77288,0.11706,0.10817,6.10176,1.15802,6.56063,6.55366,0.10901,0.11538,6.70386,0.14778,0.22543,0.12183,0.35819,0.11425,0.47738,0.11540,0.10001,0.10622,0.10129,0.11401,0.11550,0.11787
3822,5.95945,0.11567,0.10999,6.77796,0.11142,0.11648,1.31537,0.11630,0.10751,5.72599,0.47045,6.51374,6.55600,0.10788,0.11336,6.71806,0.11825,0.13555,0.11319,0.14709,0.11346,0.17305,0.11479,0.09976,0.10520,0.10062,0.11326,0.11519,0.11720
3823,6.06382,0.11481,0.10886,6.82482,0.11133,0.11593,1.65043,0.11567,0.10637,5.77227,0.44294,6.61062,6.71749,0.10736,0.11249,6.74302,0.11741,0.13240,0.11294,0.14694,0.11254,0.16500,0.11391,0.09986,0.10512,0.09987,0.11287,0.11471,0.11678
3824,6.20633,0.11465,0.10849,6.90624,0.11127,0.11579,3.51832,0.11525,0.10598,5.85068,1.49492,6.70817,6.82105,0.10756,0.11255,6.76716,0.12171,0.13323,0.11398,0.25603,0.11188,0.28466,0.11308,0.09998,0.10515,0.09999,0.11285,0.11452,0.11673
3825,6.55057,0.11458,0.10825,6.96872,0.11123,0.11559,2.96140,0.11506,0.10634,6.09720,1.38659,6.82872,6.86377,0.10766,0.11216,6.83199,0.12070,0.13126,0.11386,0.23800,0.11121,0.27199,0.11265,0.10001,0.10568,0.10041,0.11297,0.11420,0.11671
3826,6.47735,0.11436,0.10787,6.97590,0.11124,0.11540,0.15678,0.11533,0.10676,6.47043,0.29476,6.86641,6.40397,0.10697,0.11090,6.83840,0.11227,0.11529,0.10993,0.11560,0.11144,0.11977,0.11323,0.10002,0.10572,0.10040,0.11317,0.11400,0.11674
3827,5.64389,0.11411,0.10743,6.94084,0.11118,0.11527,0.12440,0.11549,0.10708,6.55985,0.26334,6.81170,6.32440,0.10593,0.11069,6.81757,0.11061,0.11042,0.10833,0.11142,0.11167,0.11220,0.11369,0.10002,0.10543,0.10036,0.11324,0.11400,0.11682
3828,5.22200,0.11390,0.10730,6.93881,0.11109,0.11522,0.12251,0.11544,0.10742,6.32080,0.24619,6.77321,6.48942,0.10436,0.11062,6.81046,0.11023,0.10875,0.10736,0.11030,0.11107,0.10988,0.11363,0.10002,0.10474,0.10038,0.11304,0.11422,0.11693
3829,5.47061,0.11356,0.10719,6.95399,0.11113,0.11514,0.11984,0.11528,0.10769,5.85355,0.23353,6.79322,6.49586,0.10319,0.11012,6.81703,0.11002,0.10781,0.10628,0.10993,0.10977,0.10896,0.11330,0.10001,0.10437,0.10040,0.11296,0.11449,0.11702
3830,5.48357,0.11316,0.10724,7.00327,0.11112,0.11506,0.11834,0.11517,0.10831,5.99854,0.22245,6.79535,6.41957,0.10249,0.10901,6.85682,0.10938,0.10662,0.10488,0.10942,0.10861,0.10804,0.11311,0.10002,0.10426,0.10044,0.11303,0.11477,0.11710
3831,5.38195,0.11280,0.10758,7.04406,0.11105,0.11495,0.67095,0.11502,0.10907,6.16931,0.21325,6.78362,6.56814,0.10215,0.10801,6.91797,0.10840,0.10546,0.10391,0.10866,0.10763,0.10738,0.11245,0.10002,0.10437,0.10067,0.11304,0.11504,0.11712
3832,5.87524,0.11285,0.10732,7.05336,0.11106,0.11492,1.93961,0.11483,0.10889,6.07822,0.22701,6.78226,6.87872,0.10225,0.10758,6.93150,0.10801,0.10562,0.10400,0.10863,0.10681,0.10839,0.11090,0.10001,0.10408,0.10071,0.11311,0.11498,0.11712
3833,6.23999,0.11263,0.10688,7.05261,0.11127,0.11498,0.11930,0.11494,0.10856,6.07556,0.19344,6.82871,6.58440,0.10254,0.10671,6.93981,0.10725,0.10483,0.10360,0.10751,0.10700,0.10620,0.11190,0.10001,0.10476,0.10064,0.11322,0.11484,0.11712
3834,5.78103,0.11226,0.10708,7.04238,0.11133,0.11501,0.11527,0.11490,0.10898,6.25710,0.18450,6.86674,6.48302,0.10283,0.10617,7.00743,0.10618,0.10391,0.10325,0.10638,0.10779,0.10506,0.11247,0.10004,0.10571,0.10091,0.11328,0.11503,0.11713
3835,5.66272,0.11208,0.10759,7.03201,0.11134,0.11495,0.62422,0.11477,0.10976,6.30864,0.17871,6.79787,6.73420,0.10293,0.10634,7.02205,0.10567,0.10368,0.10337,0.10561,0.10765,0.10459,0.11211,0.10005,0.10575,0.10132,0.11321,0.11525,0.11709
3836,6.24011,0.11202,0.10723,7.04040,0.11175,0.11508,0.12870,0.11497,0.10951,6.23790,0.17144,6.79447,6.66400,0.10371,0.10672,7.00895,0.10585,0.10405,0.10381,0.10555,0.10837,0.10460,0.11263,0.10004,0.10568,0.10124,0.11341,0.11507,0.11713
3837,6.22902,0.11188,0.10714,7.03483,0.11195,0.11522,0.36656,0.11512,0.10940,6.29031,0.16519,6.83155,6.50726,0.10445,0.10719,6.99754,0.10627,0.10422,0.10417,0.10578,0.10978,0.10482,0.11330,0.10005,0.10628,0.10121,0.11356,0.11506,0.11717
3838,6.30871,0.11189,0.10710,7.03346,0.11224,0.11536,0.48153,0.11525,0.10904,6.24643,0.16126,6.71505,6.51025,0.10519,0.10805,6.96307,0.10665,0.10486,0.10488,0.10603,0.11071,0.10527,0.11358,0.10007,0.10590,0.10134,0.11367,0.11504,0.11719
3839,6.20256,0.11188,0.10717,6.96603,0.11267,0.11554,2.13617,0.11547,0.10845,6.20337,0.50515,6.61955,6.52369,0.10623,0.10903,6.86270,0.10716,0.10559,0.10573,0.11813,0.11186,0.11934,0.11397,0.10008,0.10613,0.10171,0.11363,0.11497,0.11714
3840,6.08301,0.11230,0.10745,6.87047,0.11269,0.11570,4.74663,0.11558,0.10793,6.19780,1.57996,6.58596,6.79281,0.10672,0.10937,6.82567,0.10718,0.10627,0.10656,0.18377,0.11200,0.19151,0.11397,0.10009,0.10639,0.10249,0.11340,0.11489,0.11700
3841,6.27942,0.11283,0.10784,6.85626,0.11177,0.11555,4.26290,0.11528,0.10766,6.14694,2.14136,6.56290,6.72969,0.10688,0.10939,6.86081,0.15370,0.15433,0.10692,0.86108,0.11192,0.91523,0.11371,0.09993,0.10610,0.10267,0.11293,0.11487,0.11672
3842,6.20290,0.11322,0.10814,6.90090,0.11149,0.11549,6.82357,0.11504,0.10727,6.04729,6.05902,6.57867,6.79202,0.10678,0.11678,6.89407,0.83837,0.68653,0.11496,4.56630,0.11074,4.40527,0.11311,0.09998,0.10613,0.10283,0.11241,0.11463,0.11644
3843,6.14458,0.11357,0.10866,6.93482,0.11109,0.11540,6.86946,0.11486,0.10697,5.91098,6.34401,6.59559,6.81936,0.11073,0.56561,6.93185,3.60930,3.06897,0.38915,6.41420,0.11239,6.33764,0.11272,0.10001,0.10616,0.10321,0.11185,0.11435,0.11611
3844,6.05100,0.11381,0.10902,6.98228,0.11058,0.11535,6.90683,0.11412,0.10692,5.86290,6.46573,6.69720,6.88191,0.15330,2.19890,6.96454,6.26313,5.99842,1.60016,6.84575,0.16079,6.83571,0.11158,0.10000,0.10611,0.10277,0.11166,0.11409,0.11589
3845,6.11155,0.11369,0.10900,7.01986,0.11082,0.11517,6.95632,0.11346,0.10724,6.15261,6.57889,6.81181,6.94878,1.15649,5.04640,6.99529,6.82107,6.79372,4.73271,6.91069,1.31977,6.90297,0.16329,0.09999,0.15278,0.11941,0.11182,0.11378,0.11583
3846,6.78020,0.11324,0.10905,7.06921,0.11128,0.11468,6.96933,0.12953,0.10962,6.50564,6.64935,6.99710,7.06770,2.05006,5.46778,7.03048,6.74786,6.79965,5.60905,6.91534,2.21884,6.92118,0.33978,0.10000,0.22296,0.23162,0.11269,0.11329,0.11578
3847,7.04308,0.11305,0.10918,7.05168,0.11162,0.11442,6.65209,0.12654,0.11303,6.86519,6.21477,7.00825,7.06747,0.75621,2.38203,6.99402,4.63061,5.19712,3.00006,5.85600,0.64743,6.07222,0.18312,0.10004,0.17686,0.20729,0.11324,0.11298,0.11569
3848,6.91977,0.11280,0.10936,7.01605,0.11197,0.11409,5.29695,0.11774,0.12456,6.71857,4.66305,6.91082,7.00267,0.46318,0.90694,6.98291,2.31268,3.15833,1.70372,3.65417,0.25170,4.11484,0.14501,0.09999,0.18058,0.15864,0.11404,0.11279,0.11543
3849,6.72917,0.11255,0.10922,7.01414,0.11181,0.11386,4.15880,0.11679,0.13363,6.55577,3.44560,6.86263,6.89345,0.40245,0.51200,6.96451,1.35021,2.18513,1.23679,2.39410,0.19100,2.80820,0.13260,0.09994,0.17027,0.13281,0.11580,0.11269,0.11491
3850,6.60993,0.11234,0.10892,6.98946,0.11211,0.11379,6.40260,0.11759,0.13574,6.49693,4.03825,6.85370,6.93408,0.46791,0.56551,6.91850,1.49165,2.10397,1.25735,2.69690,0.20061,2.83968,0.13398,0.09999,0.16816,0.12601,0.11807,0.11268,0.11462
3851,6.56262,0.11221,0.10880,6.96351,0.11322,0.11369,2.98420,0.11668,0.13503,6.47375,2.43805,6.82397,6.82040,0.35870,0.36283,6.89079,0.85405,1.55820,0.95757,1.51190,0.16733,1.89412,0.13024,0.10000,0.15462,0.12179,0.11941,0.11264,0.11446
3852,6.49028,0.11211,0.10867,6.97084,0.11434,0.11364,1.37902,0.11570,0.13345,6.47107,1.41441,6.81095,6.63628,0.23859,0.23028,6.86926,0.44679,1.05441,0.61881,0.74685,0.14347,1.15773,0.12587,0.10000,0.14187,0.11496,0.12047,0.11260,0.11426
3853,6.29860,0.11203,0.10847,6.98054,0.11554,0.11365,0.88142,0.11516,0.13049,6.44702,1.03102,6.83251,6.60729,0.18833,0.18193,6.85346,0.29975,0.74775,0.42337,0.47698,0.13497,0.81665,0.12291,0.10001,0.13537,0.11010,0.12103,0.11262,0.11423
3854,6.08662,0.11190,0.10817,6.99618,0.11621,0.11364,0.54861,0.11471,0.12752,6.47513,0.74950,6.82468,6.48146,0.15162,0.15151,6.85361,0.21155,0.46902,0.25406,0.31045,0.12959,0.52951,0.12016,0.10001,0.12979,0.10747,0.12072,0.11261,0.11431
3855,6.05274,0.11179,0.10800,6.98887,0.11536,0.11372,0.64462,0.11473,0.12667,6.58289,0.60874,6.81910,6.60837,0.13505,0.13997,6.85388,0.17319,0.30690,0.18680,0.23831,0.12723,0.36552,0.11948,0.10000,0.12566,0.10609,0.12073,0.11265,0.11437
3856,6.02159,0.11156,0.10780,6.96928,0.11658,0.11365,0.73954,0.11483,0.12468,6.61051,0.54658,6.82422,6.72255,0.13285,0.13670,6.85493,0.16166,0.25522,0.17574,0.21801,0.12623,0.30078,0.11969,0.10001,0.12250,0.10480,0.12020,0.11266,0.11438
3857,6.03124,0.11152,0.10796,6.95172,0.11830,0.11363,2.39615,0.11483,0.12240,6.53495,0.63748,6.79097,6.79852,0.13359,0.13393,6.84176,0.15752,0.21719,0.16755,0.21404,0.12456,0.25834,0.11898,0.10003,0.11878,0.10528,0.11959,0.11286,0.11431
3858,6.10444,0.11173,0.10845,6.91673,0.11928,0.11374,0.92874,0.11460,0.12027,6.46380,0.44730,6.78865,6.63802,0.12955,0.13073,6.84967,0.14714,0.18968,0.15659,0.17906,0.12215,0.20757,0.11869,0.10003,0.11647,0.10561,0.11884,0.11312,0.11420
3859,5.59380,0.11197,0.10839,6.91232,0.11710,0.11412,0.17692,0.11447,0.12036,6.34955,0.33298,6.70747,6.48939,0.11787,0.12418,6.84307,0.13227,0.15429,0.13407,0.14269,0.11947,0.16209,0.11719,0.10003,0.11508,0.10588,0.11928,0.11323,0.11425
3860,5.70820,0.11204,0.10865,6.90004,0.11764,0.11438,0.51761,0.11448,0.11897,6.18338,0.32160,6.61325,6.64344,0.11874,0.12247,6.83928,0.13060,0.14343,0.13152,0.14427,0.11851,0.15441,0.11617,0.10007,0.11317,0.10673,0.11913,0.11353,0.11428
3861,6.15124,0.11227,0.10907,6.90726,0.11847,0.11448,3.99201,0.11438,0.11641,6.22333,2.22968,6.57884,6.67308,0.12174,0.12466,6.81689,0.15570,0.16247,0.13187,0.78102,0.11844,0.84746,0.11537,0.10003,0.11279,0.10885,0.11839,0.11405,0.11420
3862,6.34314,0.11250,0.10926,6.95377,0.11862,0.11450,6.43421,0.11446,0.11547,5.97163,5.15074,6.71601,6.78436,0.12352,0.12972,6.82566,0.29651,0.33574,0.13512,2.60964,0.11967,2.81561,0.11564,0.10002,0.11339,0.10752,0.11751,0.11433,0.11417
3863,6.44824,0.11249,0.10948,7.05249,0.11877,0.11466,2.99481,0.11457,0.11502,6.14608,1.41296,6.83908,6.89183,0.12012,0.12439,6.86602,0.14201,0.15730,0.13040,0.31295,0.11818,0.38525,0.11558,0.10006,0.11314,0.10630,0.11720,0.11431,0.11434
3864,6.43848,0.11217,0.11062,7.08876,0.11870,0.11477,0.42878,0.11479,0.11373,6.46031,0.42540,6.91547,6.82473,0.11739,0.12163,6.90112,0.12847,0.13679,0.12678,0.14110,0.11714,0.15147,0.11556,0.10006,0.11340,0.10701,0.11693,0.11414,0.11452
3865,6.44978,0.11195,0.11223,7.14618,0.11814,0.11471,1.80518,0.11498,0.11263,6.54358,0.38719,6.99381,6.97173,0.11716,0.12108,7.04373,0.12649,0.13494,0.12657,0.13878,0.11688,0.14703,0.11558,0.10004,0.11399,0.10776,0.11591,0.11406,0.11456
3866,6.70725,0.11203,0.11274,7.15978,0.11762,0.11463,0.16839,0.11495,0.11240,6.65600,0.30203,7.02935,6.63847,0.11629,0.11852,7.12544,0.12297,0.12959,0.12239,0.12693,0.11610,0.13183,0.11541,0.10003,0.11372,0.10670,0.11521,0.11419,0.11457
3867,6.68695,0.11215,0.11258,7.12451,0.11734,0.11462,0.13491,0.11486,0.11250,6.80505,0.27334,6.98600,6.07075,0.11488,0.11667,7.09867,0.11901,0.12362,0.11859,0.12188,0.11562,0.12541,0.11529,0.10003,0.11283,0.10516,0.11506,0.11433,0.11460
3868,6.07484,0.11223,0.11225,7.07587,0.11709,0.11475,0.12848,0.11482,0.11283,6.75830,0.25524,6.92140,5.85127,0.11228,0.11583,7.08592,0.11690,0.11922,0.11618,0.11840,0.11526,0.12060,0.11520,0.10004,0.11188,0.10436,0.11542,0.11430,0.11469
3869,5.96785,0.11237,0.11199,6.99835,0.11611,0.11505,0.19482,0.11487,0.11338,6.47612,0.24180,6.81080,5.74730,0.10965,0.11539,7.06568,0.11614,0.11697,0.11421,0.11706,0.11475,0.11820,0.11504,0.10005,0.11120,0.10433,0.11618,0.11430,0.11482
3870,6.08977,0.11268,0.11163,7.00647,0.11574,0.11526,4.23457,0.11494,0.11286,6.36538,2.99253,6.71829,6.17070,0.11100,0.11846,7.04706,0.39173,0.37703,0.11813,1.89442,0.11461,1.92503,0.11457,0.10006,0.11014,0.10416,0.11618,0.11452,0.11494
3871,6.23680,0.11301,0.11138,6.91399,0.11628,0.11529,5.15472,0.11500,0.11169,6.25541,4.74639,6.69555,6.55739,0.11352,0.17315,7.04508,2.01419,1.84500,0.18325,4.80287,0.11490,4.74134,0.11441,0.10007,0.10987,0.10388,0.11546,0.11489,0.11505
3872,6.47187,0.11317,0.11132,6.88640,0.11624,0.11531,5.06724,0.11501,0.11100,6.25178,4.55253,6.70674,6.65381,0.11403,0.14927,7.02483,1.12290,1.29460,0.18322,3.65380,0.11468,3.59784,0.11435,0.10002,0.10965,0.10346,0.11496,0.11509,0.11510
3873,6.65363,0.11325,0.11132,6.90333,0.11601,0.11531,5.26343,0.11498,0.11021,6.37294,4.44593,6.76015,6.77378,0.11489,0.14103,7.00529,0.75791,1.13030,0.20013,3.14089,0.11458,3.22165,0.11430,0.10002,0.10967,0.10290,0.11454,0.11518,0.11512
3874,6.79911,0.11327,0.11131,6.89563,0.11578,0.11538,4.35888,0.11505,0.10993,6.55690,3.24548,6.86106,6.82281,0.11419,0.13241,6.99401,0.39156,0.75666,0.17583,1.65437,0.11437,2.00277,0.11428,0.10004,0.10964,0.10260,0.11446,0.11521,0.11518
3875,6.68365,0.11314,0.11154,6.89933,0.11547,0.11545,1.47989,0.11514,0.10976,6.70003,1.01296,6.89093,6.67842,0.11257,0.11801,6.96612,0.15682,0.27275,0.13008,0.32037,0.11402,0.51540,0.11442,0.10004,0.10972,0.10253,0.11447,0.11518,0.11526
3876,6.25128,0.11300,0.11181,6.93230,0.11523,0.11548,0.38305,0.11520,0.10953,6.70572,0.47638,6.88666,6.62550,0.11149,0.11481,6.90604,0.12354,0.15357,0.11768,0.15678,0.11389,0.21030,0.11456,0.10003,0.10971,0.10252,0.11450,0.11514,0.11533
3877,6.26702,0.11290,0.11219,6.97389,0.11507,0.11549,0.80739,0.11522,0.10907,6.48750,0.42416,6.90429,6.88088,0.11110,0.11455,6.91580,0.12067,0.14133,0.11661,0.14410,0.11383,0.17419,0.11450,0.10004,0.10970,0.10295,0.11443,0.11510,0.11538
3878,6.71497,0.11281,0.11273,7.00059,0.11493,0.11548,0.26177,0.11526,0.10878,6.55468,0.36845,6.94747,6.85174,0.11033,0.11422,6.96568,0.11875,0.13311,0.11527,0.13172,0.11363,0.15288,0.11445,0.10006,0.11005,0.10407,0.11430,0.11507,0.11542
3879,6.53908,0.11279,0.11323,7.04314,0.11507,0.11546,0.16429,0.11529,0.10886,6.77329,0.30863,7.00897,6.67764,0.10933,0.11342,7.00751,0.11571,0.11989,0.11274,0.12107,0.11342,0.12963,0.11445,0.10006,0.11013,0.10486,0.11431,0.11506,0.11538
3880,6.16331,0.11290,0.11371,7.09675,0.11508,0.11547,0.13889,0.11525,0.10972,6.61727,0.27990,7.05794,6.70566,0.10868,0.11283,7.05752,0.11376,0.11399,0.11075,0.11565,0.11310,0.11722,0.11430,0.10007,0.10958,0.10454,0.11456,0.11512,0.11530
3881,6.29990,0.11302,0.11401,7.13864,0.11485,0.11547,0.13410,0.11518,0.11054,6.44709,0.26546,7.09464,6.82437,0.10819,0.11249,7.10559,0.11292,0.11205,0.10975,0.11389,0.11258,0.11413,0.11395,0.10006,0.10932,0.10408,0.11491,0.11520,0.11519
3882,6.57900,0.11313,0.11404,7.17105,0.11480,0.11547,1.40488,0.11512,0.11079,6.54874,0.26518,7.12892,6.98142,0.10791,0.11232,7.14428,0.11262,0.11146,0.10955,0.11388,0.11216,0.11449,0.11356,0.10005,0.10922,0.10379,0.11508,0.11526,0.11513
3883,6.92948,0.11328,0.11424,7.19406,0.11464,0.11549,2.31496,0.11498,0.11130,6.76516,0.28730,7.16150,7.12926,0.10750,0.11217,7.17301,0.11254,0.11123,0.10948,0.11475,0.11180,0.11570,0.11299,0.10009,0.10919,0.10380,0.11518,0.11535,0.11507
3884,6.65267,0.11357,0.11468,7.21888,0.11440,0.11550,0.70729,0.11493,0.11256,6.97269,0.22909,7.17855,6.97140,0.10697,0.11158,7.18968,0.11185,0.10973,0.10851,0.11211,0.11106,0.11141,0.11280,0.10009,0.10983,0.10465,0.11514,0.11550,0.11495
3885,6.74861,0.11378,0.11478,7.23742,0.11450,0.11540,2.48311,0.11458,0.11284,6.79335,0.38194,7.15634,7.21266,0.10665,0.11133,7.19127,0.11114,0.10935,0.10820,0.11603,0.11063,0.11699,0.11185,0.10004,0.11003,0.10577,0.11488,0.11555,0.11479
3886,7.11044,0.11390,0.11452,7.24463,0.11455,0.11518,7.18575,0.11350,0.11239,6.86563,5.93832,7.15385,7.24213,0.10729,0.13377,7.19606,1.09322,1.12630,0.13029,4.35788,0.11045,4.44982,0.11066,0.10001,0.10926,0.10551,0.11476,0.11550,0.11480
3887,7.21121,0.11398,0.11423,7.24569,0.11456,0.11493,7.24374,0.11286,0.11187,7.10623,6.69614,7.17708,7.22797,0.10912,0.56676,7.23507,4.73994,4.86802,0.49946,7.12762,0.11199,7.09962,0.11052,0.10003,0.10948,0.10557,0.11479,0.11542,0.11482
3888,7.19974,0.11412,0.11402,7.23679,0.11457,0.11476,7.22398,0.11282,0.11172,7.18909,6.71141,7.19236,7.22051,0.11024,0.61869,7.23993,4.29025,4.99712,0.62614,7.00962,0.11547,7.02925,0.11077,0.10004,0.11006,0.10559,0.11482,0.11534,0.11491
3889,7.20504,0.11418,0.11379,7.23216,0.11454,0.11464,7.09825,0.11304,0.11152,7.18782,6.46605,7.19737,7.22189,0.10979,0.36744,7.23396,2.11577,3.39693,0.39262,5.26636,0.11579,5.97278,0.11144,0.10002,0.11086,0.10583,0.11478,0.11522,0.11499
3890,7.19038,0.11419,0.11367,7.23281,0.11465,0.11470,4.71702,0.11353,0.11123,7.17060,3.38437,7.20217,7.17333,0.10916,0.16782,7.23314,0.54959,0.96870,0.16466,1.55912,0.11294,2.38810,0.11211,0.10005,0.11154,0.10659,0.11486,0.11511,0.11501
3891,6.90085,0.11424,0.11366,7.24483,0.11482,0.11488,1.40953,0.11400,0.11119,7.11733,1.10529,7.20859,7.02807,0.10949,0.12105,7.23620,0.18689,0.22277,0.11825,0.37561,0.11204,0.51783,0.11246,0.10008,0.11167,0.10673,0.11501,0.11505,0.11504
3892,6.69829,0.11432,0.11363,7.25374,0.11493,0.11504,1.95921,0.11425,0.11120,6.93934,0.77918,7.20513,7.10170,0.10973,0.11586,7.24068,0.14268,0.14970,0.11337,0.22538,0.11217,0.25778,0.11268,0.10008,0.11152,0.10660,0.11512,0.11502,0.11506
3893,6.98501,0.11432,0.11342,7.25363,0.11481,0.11499,7.21223,0.11387,0.11088,6.87218,6.05080,7.20426,7.24973,0.11078,0.15195,7.23673,0.88608,0.81895,0.14352,4.03391,0.11284,4.10908,0.11258,0.10000,0.11085,0.10580,0.11501,0.11493,0.11497
3894,7.21998,0.11448,0.11332,7.23578,0.11441,0.11471,7.25514,0.11330,0.11067,7.02785,6.86779,7.20884,7.26172,0.20731,2.25837,7.22048,6.16091,5.89599,1.90926,7.19187,0.20942,7.17031,0.11321,0.10004,0.11131,0.10530,0.11467,0.11491,0.11496
3895,7.25995,0.11459,0.11315,7.24722,0.11453,0.11461,7.23305,0.11367,0.11050,7.18347,6.91134,7.24716,7.26014,0.27828,2.38777,7.22626,5.99684,6.48002,2.58012,7.11842,0.27363,7.16002,0.11595,0.10012,0.11331,0.10771,0.11431,0.11491,0.11505
3896,7.26788,0.11461,0.11317,7.28108,0.11446,0.11471,7.01584,0.11443,0.11063,7.22972,6.39486,7.27276,7.28684,0.22901,0.95985,7.25422,3.20378,4.74526,1.51164,5.29059,0.19792,6.06891,0.11681,0.10015,0.11484,0.11233,0.11419,0.11494,0.11516
3897,7.22720,0.11459,0.11313,7.27332,0.11432,0.11487,4.65822,0.11480,0.11083,7.23199,3.83370,7.26052,7.23975,0.17477,0.32795,7.22473,1.04458,2.21329,0.60312,2.22625,0.13952,3.23927,0.11536,0.10010,0.11448,0.11428,0.11426,0.11501,0.11523
3898,6.90501,0.11462,0.11305,7.27500,0.11425,0.11509,1.92167,0.11495,0.11103,7.19392,1.72933,7.25652,7.10378,0.14478,0.17517,7.20754,0.35349,0.83228,0.27693,0.72883,0.12107,1.26352,0.11499,0.10010,0.11396,0.11375,0.11436,0.11511,0.11532
3899,6.54811,0.11463,0.11304,7.30126,0.11433,0.11531,0.68112,0.11509,0.11129,6.97596,0.85342,7.26678,7.07702,0.12797,0.13201,7.27086,0.17978,0.32460,0.17158,0.28144,0.11595,0.45877,0.11497,0.10010,0.11346,0.11290,0.11447,0.11524,0.11542
3900,6.62192,0.11460,0.11304,7.26805,0.11435,0.11544,0.34535,0.11522,0.11168,6.79820,0.59665,7.24575,7.11867,0.12224,0.12095,7.26170,0.13940,0.20178,0.14478,0.17623,0.11504,0.24388,0.11499,0.10009,0.11344,0.11211,0.11449,0.11536,0.11550
3901,6.57459,0.11455,0.11302,7.28599,0.11434,0.11554,0.21067,0.11534,0.11214,6.88320,0.48380,7.27520,7.05769,0.11883,0.11697,7.23443,0.12460,0.15786,0.13013,0.13917,0.11488,0.16888,0.11507,0.10008,0.11344,0.11106,0.11461,0.11546,0.11558
3902,6.42582,0.11451,0.11290,7.32144,0.11431,0.11560,0.16568,0.11542,0.11235,6.90640,0.42527,7.29589,7.09049,0.11650,0.11559,7.26328,0.11849,0.13489,0.12241,0.12510,0.11493,0.14013,0.11517,0.10006,0.11349,0.10968,0.11474,0.11551,0.11564
3903,6.57445,0.11448,0.11292,7.31698,0.11443,0.11570,0.15152,0.11552,0.11231,6.82372,0.39202,7.29465,7.05268,0.11505,0.11541,7.25686,0.11709,0.12718,0.11988,0.12038,0.11501,0.12904,0.11524,0.10009,0.11342,0.10941,0.11475,0.11560,0.11572
3904,6.38076,0.11440,0.11344,7.33402,0.11459,0.11576,0.13555,0.11561,0.11247,6.87116,0.35592,7.31028,6.91488,0.11271,0.11502,7.30112,0.11604,0.12005,0.11548,0.11776,0.11481,0.12165,0.11531,0.10013,0.11322,0.11004,0.11477,0.11569,0.11573
3905,6.53656,0.11444,0.11376,7.37246,0.11458,0.11567,0.48415,0.11557,0.11305,6.78543,0.33450,7.30770,7.02981,0.11247,0.11467,7.34308,0.11501,0.11536,0.11313,0.11612,0.11460,0.11745,0.11526,0.10009,0.11284,0.10884,0.11481,0.11572,0.11565
3906,7.12930,0.11451,0.11384,7.35962,0.11477,0.11566,6.64796,0.11546,0.11271,7.02225,4.48038,7.31899,7.30138,0.11280,0.13284,7.37385,0.77249,0.75467,0.12954,2.89832,0.11451,2.97716,0.11473,0.10006,0.11268,0.10862,0.11475,0.11579,0.11569
3907,7.32317,0.11447,0.11375,7.35031,0.11481,0.11573,7.33806,0.11522,0.11232,7.24030,6.85952,7.33829,7.35004,0.12541,1.33324,7.35214,5.94953,5.67279,1.07574,7.24998,0.12302,7.22797,0.11448,0.10004,0.11296,0.10897,0.11471,0.11581,0.11576
3908,7.36490,0.11440,0.11353,7.38199,0.11470,0.11571,7.06340,0.11520,0.11241,7.33202,6.28261,7.37069,7.38005,0.12068,0.69556,7.36243,3.32085,3.22367,0.60239,5.47811,0.11935,5.55489,0.11450,0.09998,0.11287,0.10825,0.11483,0.11577,0.11574
3909,7.35653,0.11445,0.11338,7.37785,0.11441,0.11561,5.74454,0.11522,0.11274,7.36348,4.00526,7.34565,7.34327,0.11656,0.21358,7.36036,0.92949,0.86283,0.22138,2.25453,0.11495,2.30545,0.11452,0.09993,0.11213,0.10699,0.11472,0.11572,0.11572
3910,7.34042,0.11453,0.11320,7.31593,0.11406,0.11549,6.68801,0.11518,0.11240,7.31770,4.88799,7.29239,7.33142,0.12768,0.31095,7.16232,1.44950,1.05702,0.28081,3.12559,0.11649,2.92318,0.11447,0.09995,0.11168,0.10748,0.11438,0.11563,0.11570
3911,7.27701,0.11467,0.11322,7.15394,0.11351,0.11525,7.31784,0.11503,0.11190,7.24118,6.72181,7.20566,7.26668,0.17212,0.84189,7.05037,3.23770,2.12507,0.56433,5.75598,0.12593,5.41108,0.11447,0.10022,0.11445,0.11108,0.11380,0.11538,0.11564
3912,7.23052,0.11476,0.11339,7.05472,0.11290,0.11488,7.18827,0.11507,0.11364,7.18514,6.93304,7.13957,7.14800,0.44272,2.97693,7.04944,6.01378,5.14863,1.96112,7.10394,0.40664,7.01748,0.11868,0.09995,0.13786,0.11706,0.11326,0.11495,0.11546
3913,7.18030,0.11472,0.11340,7.08183,0.11262,0.11473,7.09675,0.11781,0.12290,7.14342,6.89022,7.13749,7.09773,1.39875,5.81424,7.10712,7.13334,7.07187,4.82694,7.13803,1.91844,7.13302,0.19996,0.09988,0.25361,0.11973,0.11333,0.11468,0.11525
3914,7.15017,0.11463,0.11322,7.11792,0.11256,0.11493,7.06377,0.14104,0.15233,7.14222,6.86858,7.13710,7.09086,3.38230,6.88800,7.12253,7.09834,7.09759,6.60973,7.06782,4.38836,7.06466,0.75646,0.09997,0.69272,0.16921,0.11362,0.11454,0.11508
3915,7.13354,0.11455,0.11295,7.13626,0.11259,0.11782,7.08304,0.28277,0.22813,7.14815,6.89824,7.14798,7.11593,5.36839,7.05943,7.13145,7.06195,7.06169,7.03263,7.06395,6.10683,7.06200,2.03472,0.10005,1.52705,0.41450,0.11466,0.11437,0.11497
3916,7.12110,0.11457,0.11278,7.15926,0.11282,0.14385,7.09456,0.58226,0.23651,7.14108,6.91875,7.16944,7.14493,5.46404,7.00899,7.14250,7.06632,7.06624,7.00247,7.06975,6.17397,7.06950,2.58847,0.10006,1.58364,0.60676,0.11613,0.11534,0.11498
3917,7.13278,0.11458,0.11254,7.19209,0.11341,0.21399,7.06701,0.71562,0.19927,7.13606,6.92232,7.18988,7.17554,4.02832,6.44580,7.16201,7.01176,7.03887,6.50178,7.06582,4.59251,7.06852,1.67267,0.10013,0.92477,0.67811,0.11702,0.12645,0.11510
3918,7.15785,0.11454,0.11227,7.21063,0.11420,0.27139,7.03495,0.67294,0.19795,7.14942,6.85824,7.19986,7.19137,2.51783,4.97215,7.18105,6.35465,6.59297,5.18263,6.81573,2.60082,6.89347,0.99128,0.10014,0.56854,0.66868,0.11892,0.14202,0.11561
3919,7.16595,0.11451,0.11202,7.20385,0.11473,0.26095,6.66164,0.62847,0.20176,7.17182,6.34844,7.19895,7.18154,1.49893,3.36339,7.17184,5.00621,5.50510,3.77420,5.87180,1.43896,6.12928,0.81657,0.10011,0.45848,0.59385,0.12043,0.13852,0.11585
3920,7.13884,0.11446,0.11182,7.19817,0.11519,0.24275,6.13572,0.61504,0.21100,7.17317,5.76610,7.20506,7.17602,1.14316,2.47797,7.17886,4.08712,4.71876,3.02665,5.06207,1.11364,5.41035,0.74215,0.10010,0.43119,0.54249,0.12288,0.13242,0.11584
3921,7.08391,0.11443,0.11178,7.21606,0.11451,0.21238,5.25908,0.58879,0.20971,7.16175,4.90673,7.21148,7.14951,0.79776,1.73319,7.18232,3.06932,3.77611,2.22795,4.02486,0.95403,4.45184,0.73460,0.10006,0.42620,0.46918,0.12318,0.12849,0.11570
3922,6.96145,0.11446,0.11202,7.21543,0.11331,0.19337,4.06719,0.53370,0.20415,7.13504,3.82103,7.20546,7.09631,0.58786,1.23353,7.16781,2.09094,2.70747,1.43663,2.86655,0.84724,3.32567,0.76649,0.10004,0.40521,0.35581,0.12173,0.13262,0.11589
3923,6.91325,0.11455,0.11228,7.23032,0.11293,0.19654,5.00407,0.52445,0.20769,7.02649,3.46685,7.21195,7.19485,0.52503,1.18186,7.17213,1.89934,2.22702,1.05753,2.59038,0.80686,2.85529,0.67393,0.09997,0.35857,0.29565,0.11996,0.16082,0.11976
3924,7.15385,0.11537,0.11232,7.25801,0.11318,0.21210,7.19088,0.54821,0.21744,7.02795,6.27065,7.22655,7.26298,0.59497,1.60295,7.18502,2.66490,2.68116,1.34739,4.36231,0.86481,4.41477,0.62075,0.09994,0.36477,0.25023,0.12337,0.17933,0.12791
3925,7.22940,0.11618,0.11243,7.22868,0.11298,0.22474,6.95695,0.53597,0.24200,7.11764,5.94307,7.21417,7.26563,0.59741,1.56993,7.16881,2.64050,2.45715,1.30757,4.10485,0.82918,3.91803,0.63245,0.10003,0.35209,0.19759,0.13476,0.16926,0.13134
3926,7.17268,0.11685,0.11254,7.20585,0.11293,0.22182,3.69554,0.48085,0.25488,7.10413,3.09680,7.17262,7.14251,0.47036,1.06168,7.16795,1.71132,1.55072,0.91453,2.25335,0.70045,2.20269,0.62343,0.10003,0.31512,0.16723,0.13772,0.16324,0.13233
3927,6.84779,0.11763,0.11264,7.19138,0.11331,0.22597,3.80541,0.41988,0.26801,7.05696,2.61040,7.12109,7.08314,0.40851,0.85663,7.15391,1.24951,1.10605,0.72000,1.64903,0.63753,1.60893,0.57637,0.09996,0.29687,0.15077,0.15477,0.15937,0.13298
3928,6.87178,0.11822,0.11240,7.17307,0.11985,0.26243,7.17680,0.43380,0.27116,6.93423,6.79537,7.10021,7.14845,0.72440,2.01404,7.15115,4.40612,4.31599,1.85057,6.09302,0.85580,6.13510,0.57520,0.09998,0.37353,0.18309,0.21581,0.15766,0.13579
3929,7.03355,0.11781,0.11351,7.20271,0.16101,0.27825,7.18993,0.47097,0.27892,6.96730,7.00847,7.18066,7.19728,2.03138,5.79354,7.18460,7.16148,7.15331,5.74709,7.18073,1.95783,7.17740,0.65457,0.10013,0.54285,0.34490,0.24161,0.15709,0.13485
3930,7.18903,0.11757,0.11614,7.22692,0.18489,0.24341,7.14540,0.44730,0.29506,7.10770,6.94795,7.21141,7.23603,1.51201,3.73552,7.19363,6.15631,6.46123,4.42099,6.87253,1.23954,6.94629,0.54721,0.10009,0.48118,0.35966,0.25085,0.14941,0.13290
3931,7.16881,0.11833,0.11612,7.18808,0.19016,0.21973,6.28144,0.34689,0.32239,7.06120,5.74707,7.12934,7.20188,0.84363,1.46651,7.15208,3.18427,4.06118,2.24281,4.72563,0.66021,5.14608,0.47698,0.10106,0.41644,0.27307,0.27280,0.14751,0.13128
3932,6.98025,0.12043,0.11889,7.16825,0.21589,0.21056,4.45828,0.25257,0.33858,6.83713,3.96522,7.06666,7.07652,0.75458,0.84872,7.16276,1.64857,2.54314,1.59240,2.71914,0.51698,3.19273,0.35633,0.10088,0.38800,0.27737,0.30479,0.15526,0.12965
3933,6.75275,0.12318,0.11992,7.20579,0.20995,0.21764,3.70821,0.22501,0.33537,6.75035,2.70237,7.05005,7.01433,0.59413,0.66081,7.18589,1.06430,1.78484,1.13190,1.61682,0.42350,2.03827,0.28720,0.10012,0.35088,0.24271,0.30677,0.16363,0.12938
3934,6.74619,0.12781,0.12122,7.21824,0.22402,0.21746,7.17989,0.22183,0.33187,6.71639,6.78281,7.06400,7.17048,0.88111,1.40243,7.19740,3.88048,3.82540,1.66577,6.04561,0.58821,6.06575,0.30668,0.10008,0.40527,0.26194,0.31371,0.17849,0.13016
3935,6.86473,0.13083,0.12162,7.23225,0.22841,0.21426,7.07999,0.21124,0.33326,6.72759,6.72055,7.08445,7.20455,0.88878,1.66401,7.20813,4.54936,4.34466,1.84293,6.25787,0.61193,6.20861,0.30570,0.10010,0.40719,0.25116,0.30891,0.18777,0.13122
3936,6.93825,0.13361,0.12450,7.23620,0.20112,0.22957,6.42391,0.20866,0.33072,6.72486,5.42171,7.08803,7.21377,0.67355,1.06557,7.19372,2.33308,2.41041,1.32572,3.94248,0.47693,4.00313,0.26308,0.10019,0.35502,0.24038,0.29554,0.19370,0.13386
3937,6.86367,0.13861,0.12382,7.19978,0.21595,0.22369,7.23248,0.20884,0.33143,6.67473,7.05890,7.07056,7.21222,1.03786,2.41720,7.15413,5.43392,5.25984,2.34797,7.02072,0.75615,7.00898,0.29244,0.10010,0.42266,0.26709,0.30055,0.20613,0.13895
3938,6.94943,0.14063,0.12403,7.18372,0.21467,0.22146,7.18501,0.20367,0.32894,6.67507,6.93679,7.06317,7.20099,0.98463,2.23483,7.15074,4.92415,4.87119,2.29906,6.54785,0.72660,6.54783,0.29145,0.10004,0.40769,0.24664,0.29693,0.21084,0.14192
3939,7.08046,0.14216,0.12750,7.18009,0.19116,0.23020,5.68210,0.20387,0.32428,6.72055,4.87243,7.07679,7.17623,0.62792,1.11834,7.14903,2.38700,2.50197,1.39609,3.59818,0.45797,3.70075,0.25374,0.10009,0.34476,0.22951,0.28451,0.21200,0.14381
3940,7.02923,0.14474,0.13078,7.16594,0.17542,0.24159,3.91417,0.21301,0.31715,6.73863,3.45059,7.07259,7.09710,0.47452,0.81675,7.16513,1.68577,1.75620,1.04265,2.44154,0.38201,2.47987,0.24175,0.10007,0.32255,0.23330,0.25950,0.21354,0.14620
3941,6.82561,0.14794,0.13199,7.17971,0.16756,0.24788,2.49125,0.22124,0.30310,6.68263,2.40102,7.07197,7.04270,0.37349,0.57071,7.17497,1.13583,1.23759,0.74934,1.62222,0.32038,1.65460,0.23382,0.10002,0.30186,0.22857,0.23661,0.21640,0.14877
3942,6.78036,0.15018,0.13125,7.18824,0.16619,0.24627,2.39053,0.22604,0.29440,6.63800,2.11130,7.07462,7.07781,0.37606,0.48187,7.18968,0.97826,1.06465,0.66668,1.41144,0.28952,1.41838,0.23131,0.10001,0.27952,0.21089,0.24078,0.21839,0.15212
3943,6.82635,0.15179,0.13039,7.21171,0.17062,0.24193,6.42327,0.22556,0.28349,6.81755,5.05405,7.12341,7.15274,0.42861,0.64183,7.20275,1.37201,1.37084,0.75513,3.11523,0.30805,3.18788,0.22888,0.10004,0.27550,0.20957,0.25341,0.21959,0.15672
3944,6.97117,0.15315,0.12889,7.22221,0.19545,0.23468,7.18673,0.22843,0.27336,6.86141,6.97155,7.16078,7.19671,0.77691,2.78485,7.21849,6.01790,5.87070,2.55971,7.10614,0.66928,7.08896,0.26994,0.10005,0.33828,0.23780,0.26641,0.21934,0.16271
3945,7.14125,0.15214,0.12988,7.24633,0.21719,0.23148,7.17701,0.23621,0.26442,6.99921,6.99743,7.20654,7.22431,0.86600,3.45824,7.24986,6.37361,6.38437,3.22715,7.04429,0.83655,7.05635,0.30854,0.10005,0.34160,0.25169,0.25957,0.21240,0.16280
3946,7.19825,0.15075,0.13037,7.25013,0.21795,0.23164,5.94958,0.22856,0.25974,7.14024,5.36660,7.21045,7.19639,0.49677,1.15023,7.25720,2.78971,3.01533,1.30939,4.25492,0.42279,4.47287,0.26564,0.10006,0.29517,0.22166,0.25631,0.20840,0.16183
3947,7.00140,0.15205,0.13195,7.25222,0.19640,0.23581,3.12727,0.22697,0.26048,7.14721,2.79881,7.19606,7.07600,0.34935,0.57269,7.23913,1.12461,1.33123,0.69597,1.75838,0.31893,1.94755,0.25000,0.10005,0.27485,0.19825,0.25291,0.20996,0.16181
3948,6.81864,0.15271,0.13220,7.25202,0.19387,0.23695,2.54205,0.22694,0.25985,7.08498,2.28186,7.18535,7.11397,0.33116,0.48884,7.23871,0.90320,1.08978,0.60487,1.39494,0.30409,1.53444,0.24712,0.10001,0.26501,0.18376,0.24977,0.20991,0.16161
3949,6.68102,0.15180,0.13201,7.26439,0.19579,0.23594,1.56359,0.22651,0.25717,6.99566,1.61192,7.18199,7.01865,0.29514,0.38310,7.24641,0.62135,0.79235,0.47679,0.90312,0.28167,1.03703,0.24029,0.09999,0.25501,0.17361,0.24913,0.20776,0.16101
3950,6.52901,0.15240,0.13235,7.28173,0.18698,0.23680,1.02230,0.22743,0.25574,6.79809,1.20889,7.16511,7.08065,0.26298,0.32714,7.25189,0.46617,0.58063,0.38792,0.63596,0.26459,0.73935,0.23475,0.09994,0.24437,0.17115,0.24296,0.20841,0.16166
3951,6.79337,0.15220,0.13172,7.27289,0.19078,0.23474,1.56561,0.22673,0.25218,6.74068,1.10837,7.11576,7.03885,0.26548,0.30497,7.22728,0.42576,0.51003,0.36916,0.59060,0.25417,0.65328,0.23124,0.09996,0.22991,0.16799,0.24343,0.20786,0.16248
3952,6.91802,0.15191,0.13125,7.24918,0.19715,0.23159,1.55828,0.22426,0.24639,6.83767,1.04432,7.11046,7.04770,0.26911,0.29307,7.18730,0.40287,0.47616,0.35993,0.56121,0.24679,0.60064,0.22962,0.09999,0.21904,0.16639,0.24533,0.20738,0.16392
3953,6.64756,0.15204,0.13126,7.22939,0.19518,0.23017,0.61057,0.22123,0.24247,6.73670,0.81691,7.05091,6.93193,0.24700,0.26803,7.15679,0.32500,0.39778,0.32078,0.40195,0.23480,0.44868,0.22589,0.10001,0.21078,0.16599,0.24443,0.20717,0.16474
3954,6.47578,0.15330,0.13212,7.19565,0.19274,0.22843,3.96473,0.21751,0.23520,6.72695,2.08762,7.02929,7.06643,0.24475,0.26506,7.15348,0.32926,0.37890,0.30937,0.56791,0.23234,0.60836,0.22128,0.10005,0.20493,0.17077,0.24163,0.20874,0.16675
3955,6.67686,0.15406,0.13263,7.19863,0.21166,0.22412,7.18655,0.21219,0.22180,6.60365,6.63546,7.04713,7.11795,0.27624,0.33549,7.15205,1.61016,1.57811,0.37099,5.30414,0.24135,5.33757,0.21934,0.10004,0.20880,0.17579,0.23621,0.20960,0.16948
3956,6.83320,0.15378,0.13319,7.24562,0.21469,0.22322,4.91921,0.21072,0.21952,6.75656,4.02854,7.20470,7.13084,0.25566,0.31104,7.19333,1.08457,1.15787,0.34996,2.75713,0.23528,2.88641,0.21786,0.10003,0.20796,0.16653,0.23331,0.20780,0.17037
3957,6.48305,0.15344,0.13240,7.36057,0.20531,0.22402,0.49024,0.21083,0.22178,6.79042,0.72074,7.20376,6.84131,0.21032,0.23601,7.26698,0.26635,0.30427,0.25588,0.30481,0.21963,0.33768,0.21398,0.10001,0.20493,0.15982,0.23419,0.20531,0.16997
3958,5.90085,0.15309,0.13191,7.36407,0.19763,0.22422,0.28745,0.21146,0.22338,6.87015,0.56576,7.18077,6.77408,0.19612,0.21932,7.37064,0.23069,0.24622,0.21788,0.24407,0.21460,0.25910,0.21162,0.09999,0.20513,0.15628,0.23397,0.20313,0.16943
3959,5.87138,0.15277,0.13133,7.41356,0.19794,0.22281,0.25623,0.21062,0.22254,6.89112,0.50977,7.15126,6.86733,0.19454,0.21368,7.34473,0.21764,0.21942,0.20403,0.22414,0.21167,0.22965,0.21001,0.10000,0.20120,0.15320,0.23286,0.20103,0.16963
3960,5.86808,0.15309,0.13322,7.42626,0.18792,0.22305,0.23116,0.21221,0.22312,6.79543,0.46306,7.15287,6.91028,0.18440,0.20944,7.32174,0.21031,0.20157,0.19581,0.21172,0.20885,0.20922,0.20839,0.10003,0.20301,0.15814,0.23037,0.19952,0.16901
3961,6.04560,0.15486,0.13851,7.48486,0.17397,0.22414,0.24414,0.21597,0.22254,6.63827,0.42567,7.27115,7.11680,0.17884,0.20434,7.39016,0.20431,0.19083,0.18374,0.20437,0.20754,0.19765,0.20838,0.09997,0.21001,0.17047,0.21326,0.19985,0.16768
3962,6.58671,0.15768,0.13977,7.47769,0.16746,0.22176,1.45082,0.21623,0.21732,6.50744,0.40974,7.27476,7.29201,0.17994,0.20241,7.37675,0.20042,0.18682,0.18022,0.20047,0.20612,0.19619,0.20926,0.09998,0.20627,0.16868,0.20075,0.20282,0.16929
3963,6.66979,0.16007,0.14152,7.44284,0.16346,0.21729,0.21029,0.21753,0.20927,6.75124,0.37199,7.23526,7.02107,0.18150,0.20260,7.31175,0.19818,0.17941,0.18053,0.19562,0.20680,0.18603,0.21259,0.10005,0.20352,0.17008,0.19220,0.20313,0.17099
3964,6.57342,0.16260,0.14313,7.35225,0.16216,0.21286,2.06090,0.21555,0.20400,6.46711,0.45158,7.13206,7.21597,0.18282,0.20327,7.24427,0.19616,0.18083,0.18553,0.19291,0.20744,0.18685,0.21358,0.10001,0.19445,0.16183,0.18988,0.20304,0.17398
3965,6.75845,0.16456,0.14445,7.31389,0.16074,0.21059,5.95844,0.21219,0.19817,6.61765,1.16993,7.14360,7.31385,0.18414,0.20134,7.30044,0.19105,0.18201,0.18841,0.21461,0.20705,0.22187,0.21145,0.09999,0.18744,0.15553,0.18973,0.20261,0.17684
3966,6.95705,0.16720,0.14554,7.36435,0.15974,0.20868,7.25888,0.20895,0.19271,6.58991,5.59004,7.21293,7.32426,0.18555,0.21899,7.35908,0.97871,0.89514,0.20499,3.49500,0.20523,3.60046,0.20888,0.09998,0.18263,0.15025,0.18802,0.20237,0.17970
3967,6.95154,0.16793,0.14454,7.40935,0.16028,0.20737,7.27906,0.20591,0.18912,6.72619,6.68445,7.26734,7.35083,0.18832,0.30204,7.39090,2.65545,2.23639,0.27277,6.34777,0.20391,5.96427,0.20487,0.10000,0.17843,0.14883,0.19270,0.19950,0.18154
3968,6.98755,0.16669,0.14237,7.42796,0.16966,0.20589,7.34979,0.20237,0.18321,7.06642,6.80292,7.33840,7.37754,0.20452,0.67693,7.38729,4.16950,3.34232,0.65019,6.73963,0.20408,6.53466,0.20014,0.10001,0.17860,0.15251,0.19602,0.19604,0.18216
3969,7.14991,0.16643,0.14184,7.42659,0.17413,0.20478,7.41337,0.20052,0.18065,7.26271,6.99872,7.39609,7.41014,0.34211,3.00578,7.36388,6.73123,6.35866,2.35395,7.32652,0.31233,7.31467,0.20005,0.10000,0.18146,0.14570,0.19536,0.19522,0.18287
3970,7.29870,0.16746,0.14353,7.42350,0.16915,0.20415,7.38748,0.20021,0.18131,7.32647,7.00267,7.42485,7.43470,0.37392,3.25997,7.34265,6.38050,5.80872,2.40498,7.15850,0.41379,7.10784,0.20080,0.10001,0.17984,0.14029,0.19360,0.19582,0.18331
3971,7.37616,0.16900,0.14602,7.39986,0.16401,0.20310,7.31897,0.19962,0.18262,7.32598,6.78090,7.41722,7.43915,0.29675,1.97649,7.31854,4.83547,4.06185,1.45480,6.36938,0.31587,6.21406,0.19964,0.10001,0.17537,0.13758,0.19038,0.19678,0.18330
3972,7.41238,0.16906,0.14542,7.40939,0.16752,0.20231,7.39895,0.19922,0.17828,7.32957,7.01416,7.43558,7.42876,0.45916,3.01747,7.36074,5.63670,5.31634,2.21575,6.85239,0.71971,6.91648,0.21124,0.10005,0.18439,0.14063,0.18963,0.19713,0.18308
3973,7.42860,0.16667,0.14708,7.49611,0.17574,0.20178,6.25679,0.20044,0.17381,7.40400,5.39514,7.50377,7.45094,0.27096,1.39956,7.47802,2.98803,2.64262,0.97868,4.32045,0.47725,4.33046,0.20970,0.10006,0.18261,0.14937,0.18796,0.19565,0.18159
3974,7.42386,0.16471,0.15077,7.53330,0.18099,0.20124,6.07081,0.20219,0.17035,7.43634,4.60047,7.53301,7.51279,0.25473,1.01837,7.52183,2.15379,2.26114,0.82911,3.36576,0.48078,3.55810,0.22175,0.10006,0.18508,0.15705,0.18596,0.19423,0.18098
3975,7.39337,0.16296,0.15457,7.55723,0.18311,0.20040,3.39233,0.20236,0.17029,7.47192,2.82461,7.55286,7.41871,0.21398,0.61210,7.55169,1.14574,1.15864,0.45148,1.78815,0.36238,1.97566,0.22234,0.10004,0.18257,0.15775,0.18572,0.19262,0.18018
3976,6.80119,0.16308,0.15626,7.56958,0.18074,0.19784,1.06104,0.20020,0.17394,7.32371,1.15354,7.48785,7.21059,0.18469,0.35761,7.53797,0.47880,0.39190,0.25355,0.61725,0.23535,0.59166,0.21363,0.09998,0.17841,0.14695,0.18540,0.19246,0.17971
3977,6.30893,0.16601,0.15522,7.52869,0.17494,0.19418,0.40113,0.19836,0.17825,6.92844,0.67230,7.43796,7.02946,0.17240,0.23507,7.43895,0.28705,0.22887,0.19523,0.32024,0.20964,0.28132,0.20363,0.09997,0.17407,0.14061,0.18408,0.19294,0.18041
3978,6.01393,0.16844,0.15522,7.51860,0.17346,0.19193,0.30053,0.19703,0.17862,6.88182,0.56696,7.38626,7.10591,0.16306,0.21172,7.48232,0.22912,0.19575,0.18154,0.24564,0.20168,0.22317,0.20031,0.10000,0.17252,0.14039,0.18142,0.19340,0.18051
3979,6.52563,0.16929,0.15643,7.56933,0.17411,0.19073,0.27094,0.19568,0.17707,6.59009,0.51944,7.40950,7.34780,0.15812,0.20323,7.54137,0.21118,0.18426,0.17420,0.21985,0.19513,0.20356,0.19817,0.10002,0.17323,0.13998,0.17993,0.19353,0.18011
3980,6.81850,0.16967,0.15811,7.57954,0.17510,0.18977,0.24062,0.19458,0.17580,6.81840,0.47766,7.45310,7.30638,0.15591,0.19550,7.56684,0.19949,0.17493,0.16600,0.20232,0.18856,0.18851,0.19590,0.10000,0.17322,0.13776,0.17943,0.19317,0.17982
3981,7.07090,0.16976,0.15841,7.56996,0.17621,0.18959,0.22391,0.19372,0.17239,6.96792,0.46087,7.45247,7.31352,0.15502,0.18909,7.57623,0.19410,0.17013,0.16221,0.19655,0.18578,0.18447,0.19318,0.10000,0.17296,0.13611,0.17962,0.19248,0.17986
3982,7.28580,0.17035,0.15744,7.54478,0.17515,0.18970,0.21144,0.19287,0.17024,7.17498,0.43823,7.45506,7.06698,0.15526,0.18478,7.57936,0.18776,0.16570,0.16015,0.18982,0.18368,0.17753,0.19270,0.10000,0.17087,0.13100,0.17999,0.19188,0.18021
3983,7.08743,0.17114,0.15622,7.50537,0.17314,0.18958,0.43636,0.19241,0.16914,7.21490,0.42425,7.44558,7.15025,0.15497,0.18285,7.57261,0.18328,0.16425,0.15986,0.18571,0.18264,0.17533,0.19222,0.09998,0.16675,0.12455,0.18004,0.19149,0.18067
3984,7.05151,0.17227,0.15569,7.50181,0.16953,0.18931,0.19619,0.19141,0.16923,7.16437,0.39599,7.40904,6.93003,0.15251,0.17981,7.56672,0.17844,0.16036,0.15812,0.17831,0.18243,0.16850,0.19244,0.09997,0.16382,0.12061,0.17991,0.19103,0.18133
3985,6.27689,0.17392,0.15649,7.54340,0.16654,0.18856,0.18452,0.18967,0.16928,7.06791,0.37303,7.35601,7.00511,0.14854,0.17698,7.55896,0.17433,0.15676,0.15485,0.17312,0.18251,0.16350,0.19255,0.09999,0.16334,0.12098,0.17780,0.19056,0.18201
3986,6.31850,0.17526,0.15715,7.54822,0.16706,0.18737,0.18315,0.18831,0.16913,6.61511,0.35777,7.33906,7.27250,0.14561,0.17637,7.55288,0.17186,0.15402,0.15225,0.17007,0.18139,0.16062,0.19166,0.09999,0.16223,0.12071,0.17515,0.19024,0.18220
3987,6.84515,0.17656,0.15746,7.54832,0.16735,0.18632,0.66472,0.18746,0.16642,6.72486,0.35050,7.41031,7.42466,0.14367,0.17504,7.54639,0.17008,0.15230,0.15086,0.16885,0.18051,0.16042,0.19005,0.10000,0.16039,0.12080,0.17330,0.18986,0.18237
3988,7.31661,0.17763,0.15840,7.54670,0.16812,0.18551,3.55296,0.18738,0.16382,7.09918,0.36105,7.47525,7.53373,0.14150,0.17120,7.54887,0.16571,0.15224,0.15019,0.16909,0.17538,0.16774,0.18557,0.10001,0.15839,0.12175,0.17236,0.18949,0.18241
3989,7.46146,0.17734,0.15968,7.54889,0.17014,0.18512,0.55530,0.18648,0.16104,7.38328,0.33477,7.50943,7.43682,0.13998,0.16689,7.54906,0.16493,0.14910,0.14699,0.16430,0.17078,0.15867,0.18256,0.09998,0.15993,0.12363,0.17241,0.18903,0.18201
3990,7.07664,0.17710,0.16127,7.55131,0.17207,0.18445,0.18379,0.18390,0.15593,7.41349,0.31076,7.51843,7.29444,0.14320,0.16218,7.55105,0.16227,0.14681,0.14279,0.16184,0.17080,0.15322,0.18251,0.09996,0.16269,0.12685,0.17300,0.18825,0.18165
3991,6.79098,0.17816,0.16204,7.55004,0.17260,0.18357,0.17397,0.17919,0.15126,7.16383,0.29820,7.49819,7.27157,0.14869,0.16165,7.55163,0.15682,0.14439,0.14185,0.15778,0.17425,0.15053,0.18192,0.09998,0.16522,0.13137,0.17345,0.18732,0.18154
3992,6.81920,0.17914,0.16223,7.54268,0.17311,0.18217,0.17399,0.17406,0.15026,7.01943,0.28803,7.46867,7.32162,0.15323,0.16524,7.54871,0.15530,0.14387,0.14594,0.15391,0.17826,0.14778,0.17802,0.09994,0.16543,0.13115,0.17361,0.18654,0.18132
3993,7.09721,0.17926,0.16131,7.53385,0.17304,0.17944,3.44141,0.17066,0.15050,7.06882,0.75546,7.45718,7.43121,0.15543,0.16491,7.51674,0.15340,0.14571,0.15083,0.16333,0.17881,0.16425,0.17434,0.09980,0.16422,0.12615,0.17263,0.18583,0.18087
3994,7.28894,0.17952,0.16090,7.49399,0.17222,0.17492,7.28142,0.16969,0.15075,7.22812,4.72108,7.45648,7.49231,0.15753,0.15752,7.46942,0.18705,0.18274,0.15371,1.36764,0.17479,1.55222,0.17205,0.09976,0.15926,0.12585,0.16988,0.18440,0.18063
3995,7.30410,0.17995,0.16032,7.48612,0.17118,0.17253,7.12300,0.16944,0.14887,7.27851,4.64379,7.40678,7.48562,0.15864,0.15792,7.49743,0.20446,0.20730,0.15434,1.29011,0.17369,1.48879,0.17042,0.09992,0.15680,0.12203,0.16928,0.18306,0.18066
3996,7.31293,0.18049,0.15986,7.50862,0.17022,0.17190,6.15300,0.16837,0.14720,7.06147,3.05540,7.37721,7.48553,0.15697,0.15943,7.51860,0.17511,0.18472,0.15460,0.61481,0.17305,0.73878,0.16945,0.10001,0.15561,0.11972,0.17023,0.18242,0.18068
3997,7.29351,0.18058,0.15961,7.52299,0.16941,0.17120,7.30219,0.16741,0.14598,6.91910,5.37560,7.39875,7.50320,0.15294,0.16365,7.52775,0.54071,0.53290,0.16439,2.71014,0.16796,2.97867,0.16942,0.09999,0.15457,0.11993,0.17043,0.18184,0.18065
3998,7.43860,0.18012,0.15940,7.53754,0.16808,0.17087,7.51443,0.16693,0.14765,7.15724,7.01433,7.48782,7.52653,0.19632,1.41978,7.53579,5.28590,4.76766,1.18526,7.15448,0.18808,7.10992,0.16576,0.09989,0.14908,0.11946,0.16995,0.18100,0.18034
3999,7.53016,0.18015,0.16045,7.57139,0.16547,0.16988,7.54118,0.16575,0.14740,7.46237,7.13649,7.54797,7.56307,1.24432,5.45017,7.55217,7.44054,7.38252,5.06687,7.50998,0.92240,7.50192,0.17147,0.10002,0.17459,0.11897,0.16815,0.17950,0.18002
4000,7.52249,0.18032,0.16345,7.56323,0.16168,0.17035,7.33801,0.16571,0.14935,7.49769,6.81075,7.49324,7.54507,0.80157,2.75619,7.53866,5.34111,6.15963,3.72581,6.51397,0.54019,6.81406,0.16938,0.10004,0.16368,0.11719,0.16858,0.17847,0.18010
4001,7.43952,0.17990,0.16308,7.53899,0.16095,0.17142,4.86481,0.16643,0.15123,7.36217,4.11338,7.45558,7.46834,0.25990,0.68145,7.53709,1.76146,3.02227,1.17461,2.84337,0.21213,3.74510,0.16495,0.10003,0.14972,0.11378,0.16948,0.17880,0.18015
4002,7.18911,0.17931,0.16177,7.54231,0.16106,0.17220,2.76411,0.16694,0.15171,7.20079,2.36823,7.43063,7.37831,0.18042,0.31084,7.54109,0.69307,1.37442,0.53177,1.25526,0.17453,1.86629,0.16466,0.10002,0.14571,0.11113,0.16979,0.17912,0.18017
4003,7.08844,0.17884,0.15972,7.53523,0.16168,0.17276,1.77017,0.16726,0.15098,7.16970,1.56268,7.41545,7.38806,0.16189,0.23156,7.53596,0.45830,0.89251,0.32567,0.74459,0.16744,1.13546,0.16460,0.10002,0.14326,0.10928,0.16973,0.17941,0.18016
4004,6.94293,0.17834,0.15763,7.53221,0.16205,0.17343,0.96273,0.16775,0.15115,7.09495,1.04518,7.41982,7.29957,0.14875,0.18629,7.53233,0.27440,0.44339,0.22549,0.44594,0.16389,0.66819,0.16465,0.10002,0.14145,0.10817,0.16989,0.17967,0.18015
4005,6.79386,0.17800,0.15643,7.53278,0.16178,0.17406,0.50482,0.16831,0.15210,7.23761,0.67223,7.41063,7.17412,0.14107,0.16761,7.53328,0.19413,0.25546,0.17621,0.24359,0.16213,0.31225,0.16476,0.10003,0.13905,0.10744,0.16995,0.17975,0.18021
4006,7.02935,0.17762,0.15526,7.53319,0.16122,0.17393,3.67489,0.16799,0.15068,7.21867,0.74653,7.38616,7.40356,0.13976,0.16551,7.53107,0.19119,0.22442,0.16787,0.24537,0.16075,0.27321,0.16409,0.09991,0.13566,0.10641,0.16931,0.17941,0.18000
4007,7.21874,0.17735,0.15474,7.53330,0.15957,0.17316,6.31690,0.16705,0.14923,7.02420,1.59798,7.36934,7.50480,0.13866,0.16794,7.53591,0.20645,0.23144,0.17162,0.31493,0.15870,0.34515,0.16221,0.09986,0.13152,0.10565,0.16841,0.17883,0.17962
4008,7.22529,0.17732,0.15469,7.53788,0.15781,0.17235,7.35087,0.16613,0.14807,7.01495,4.65218,7.41203,7.52018,0.13857,0.17483,7.53243,0.24540,0.26044,0.17884,0.95989,0.15717,1.16912,0.15943,0.09991,0.12822,0.10535,0.16775,0.17831,0.17939
4009,7.29308,0.17735,0.15456,7.54150,0.15625,0.17158,7.49187,0.16499,0.14620,7.12941,6.33919,7.46255,7.53226,0.14225,0.20696,7.52553,0.94438,0.91225,0.20380,3.99856,0.15718,4.19173,0.15624,0.09994,0.12589,0.10506,0.16720,0.17785,0.17926
4010,7.38913,0.17754,0.15488,7.54296,0.15413,0.17064,7.53026,0.16322,0.14406,7.32792,7.07481,7.50112,7.54010,0.14918,0.44551,7.51615,3.47218,3.15005,0.36096,6.99754,0.16163,6.96958,0.15266,0.09998,0.12423,0.10496,0.16656,0.17731,0.17923
4011,7.48264,0.17760,0.15458,7.55999,0.15179,0.17044,7.31951,0.16301,0.14464,7.39381,6.37142,7.53002,7.55006,0.13803,0.27979,7.51789,1.52550,1.54931,0.26824,4.48644,0.15441,4.60682,0.15143,0.09999,0.12307,0.10488,0.16657,0.17704,0.17919
4012,7.44544,0.17709,0.15422,7.56120,0.14896,0.17043,3.25532,0.16336,0.14489,7.45247,2.03002,7.54227,7.48922,0.12335,0.17077,7.50797,0.30746,0.36416,0.17290,0.73061,0.14472,0.86407,0.15226,0.09995,0.12351,0.10414,0.16625,0.17681,0.17889
4013,7.34220,0.17684,0.15598,7.53766,0.14614,0.16954,5.79509,0.16183,0.14146,7.48008,2.04101,7.53954,7.53054,0.12349,0.16828,7.50629,0.28052,0.31622,0.16793,0.68905,0.14167,0.75517,0.14967,0.09996,0.12033,0.10313,0.16439,0.17585,0.17850
4014,7.44708,0.17764,0.16161,7.50663,0.14420,0.16807,1.92539,0.16062,0.14111,7.50183,1.02916,7.50394,7.41034,0.12127,0.15415,7.46150,0.20693,0.23134,0.15207,0.34865,0.13860,0.38417,0.14654,0.09995,0.11661,0.10280,0.16025,0.17386,0.17798
4015,7.35948,0.17738,0.16264,7.47476,0.14544,0.16689,0.43892,0.15984,0.14130,7.45888,0.57113,7.45909,7.26046,0.11611,0.14139,7.45526,0.16256,0.17135,0.13481,0.19586,0.13644,0.21612,0.14482,0.09994,0.11508,0.10252,0.15629,0.17292,0.17743
4016,7.11062,0.17704,0.16365,7.48575,0.14730,0.16562,0.32014,0.15902,0.14097,7.14322,0.45351,7.39134,7.16183,0.11293,0.13431,7.45975,0.14237,0.14364,0.12475,0.15669,0.13387,0.16224,0.14311,0.09996,0.11436,0.10234,0.15265,0.17211,0.17684
