day,box1,box2,box3,box4,box5,box6,box7,box8,box9,box10,box11,box12,box13,box14,box15,box16,box17,box18,box19,box20,box21,box22,box23,box24,box25,box26,box27,box28,box29
0,14.99525,17.49525,17.49604,15.46342,17.11596,16.66483,15.41217,16.39258,16.64425,14.86337,15.56450,15.05092,15.21971,16.27704,15.95354,15.70079,15.79221,15.92913,16.12492,15.67250,16.08717,15.73946,16.20396,16.90808,16.41954,16.66654,16.78854,16.99621,17.68567
1,3.38913,3.54312,3.15592,3.37667,3.20475,3.60429,3.23450,3.56229,3.20350,3.40604,3.19038,3.56325,3.36562,3.15954,3.24375,3.43758,3.20296,3.09304,3.08963,3.19613,3.33225,3.14250,3.45125,2.85675,3.21938,3.03192,3.28667,3.71158,4.11579
2,20.82367,22.22587,21.43517,21.88067,21.86104,22.72354,21.16050,22.79363,22.20979,20.43829,21.28350,21.50308,21.33437,22.01521,22.05213,22.33621,21.81962,21.62642,21.79488,21.53933,22.30763,21.44221,22.60408,21.56733,22.21017,21.90242,22.19508,22.76071,23.28821
3,19.80333,26.97554,26.50792,22.00533,25.86100,25.73325,20.58100,25.14183,24.58858,19.12142,20.93137,21.18317,20.80175,23.34108,22.89563,23.16229,22.15500,21.90167,22.54846,21.51333,23.69312,21.37925,24.47321,23.45175,24.04013,23.81846,25.34183,26.39225,27.25271
4,5.52792,6.19088,6.23196,5.56942,6.14683,6.03987,5.53850,5.97354,6.02525,5.59204,5.57717,5.58683,5.50483,5.84958,5.72392,5.66833,5.64429,5.67396,5.75625,5.60875,5.81029,5.62300,5.89129,6.06842,5.93392,5.99971,6.06238,6.11658,6.23837
5,17.04221,17.21483,16.26958,16.41263,15.85258,16.51533,16.41425,16.18396,15.34046,17.17325,16.16671,17.10629,16.75233,15.41029,15.75679,16.25133,15.83092,15.56804,15.39158,16.00596,15.81087,15.87983,15.94000,14.58271,15.41617,14.96950,15.76688,17.02838,18.34017
6,11.70546,15.65725,15.62542,11.88971,15.05158,14.57908,11.19954,14.13279,14.04296,12.27758,11.34900,12.37196,11.39258,12.95825,12.47429,12.56842,11.93321,11.80925,12.29700,11.62512,13.09546,11.55454,13.66042,13.51046,13.53488,13.56283,14.54200,15.04242,15.56946
7,12.79696,16.48033,16.15554,14.11896,15.85275,15.92625,13.18921,15.68925,15.27142,12.27188,13.32596,13.69742,13.46371,14.58696,14.44188,14.75579,14.01492,13.75667,14.10312,13.65362,14.92538,13.51833,15.38071,14.33350,15.00504,14.74500,15.67892,16.17938,16.44442
8,18.92592,15.34412,14.73013,17.78900,15.06179,15.68054,18.74167,15.89154,15.83450,19.03862,18.50187,17.92863,18.55575,16.74667,17.14533,17.04733,17.66075,17.79900,17.31025,18.10183,16.62679,18.18296,16.18037,16.25100,16.25946,16.22579,15.47237,15.61346,16.34800
9,23.99563,32.61579,32.05208,26.35517,31.24492,30.86350,25.11946,30.11921,29.68162,23.51767,25.64758,25.08867,24.96042,28.37787,27.73650,27.65733,26.96692,26.94104,27.63454,26.27521,28.55050,26.26646,29.37671,28.55750,29.06637,28.94475,30.58650,31.68125,32.61383
10,5.06233,5.29229,5.09654,5.13379,5.00667,5.15900,5.16271,5.09162,4.92283,4.88812,5.12471,5.10133,5.18925,4.96242,5.02658,5.09817,5.05346,5.02400,4.98108,5.09067,5.02058,5.07779,5.03796,4.81300,4.94663,4.86946,4.99617,5.27150,5.57208
11,2.53462,3.84217,3.88063,2.87096,3.72533,3.57408,2.66329,3.46908,3.48671,2.45433,2.73208,2.76029,2.67754,3.21937,3.08033,3.07063,2.93825,2.92529,3.06308,2.83000,3.22592,2.82062,3.35692,3.40567,3.35675,3.39154,3.59333,3.68096,3.80200
12,25.30900,28.55108,28.95346,26.97158,29.10613,28.92396,25.96758,28.97408,29.06317,24.92096,26.30854,26.28671,26.01100,28.27092,27.82896,27.80600,27.30483,27.23650,27.75342,26.78304,28.31675,26.73858,28.74863,28.78646,28.72642,28.80375,29.07062,28.77733,28.18650
13,26.50625,22.68833,21.36042,24.72563,21.63921,22.91975,25.70804,23.01083,22.44588,26.69692,25.22633,25.70008,25.86146,23.12663,23.59988,23.90938,24.05050,23.96888,23.46138,24.66487,23.28775,24.63629,23.07254,22.49404,22.82192,22.56537,22.13646,23.20725,25.20871
14,32.17204,25.72575,24.55267,29.88133,24.96762,25.93963,31.68525,26.31963,26.49979,32.10175,31.09563,30.38221,31.55175,27.87992,28.49075,28.42554,29.35750,29.51538,28.69887,30.26725,27.65654,30.35938,26.87137,27.50150,27.14579,27.24058,25.66483,25.96975,28.07412
15,27.59092,31.97354,32.44058,27.86658,31.39642,30.05304,27.86950,29.57846,30.35329,27.62958,28.03725,27.35917,27.63858,29.37392,28.67425,28.24792,28.28679,28.46367,28.89013,28.15367,29.07763,28.23738,29.34667,30.55200,29.80096,30.29233,30.66487,30.58454,31.39092
16,22.89112,23.03608,22.27500,21.30996,21.43946,21.62250,21.71438,21.20629,20.84500,23.39675,21.32654,22.49325,22.07675,20.54438,20.61608,20.98888,20.62463,20.41212,20.31867,20.98912,20.79225,20.88333,20.95554,20.45367,20.71629,20.56400,21.16112,22.32346,24.28225
17,11.16754,11.49642,11.17225,10.39508,10.70592,10.72000,10.70054,10.50471,10.44162,11.35921,10.51804,10.93108,10.80921,10.20771,10.14008,10.24029,10.12196,10.07262,10.05871,10.32746,10.25421,10.30404,10.35550,10.39792,10.32733,10.34904,10.54283,11.10688,12.31071
18,30.46046,27.97137,27.40350,29.91787,27.87150,28.78687,29.95200,29.12371,28.80946,30.58729,29.76042,30.42708,30.20221,29.09154,29.37379,29.70296,29.48592,29.29850,29.13979,29.62942,29.31188,29.53883,29.25967,28.60792,29.02992,28.80433,28.41996,28.58817,29.05292
19,12.18692,12.67163,10.62133,10.72067,10.24263,11.70954,10.95446,11.17417,9.76788,12.92896,10.62492,12.25075,11.28371,9.67813,9.97092,10.58937,10.00054,9.73396,9.53538,10.32500,10.19196,10.21167,10.58279,8.83617,9.80512,9.21221,10.26675,12.70146,15.76417
20,23.44912,19.68921,19.30167,22.35317,19.59462,20.19696,23.28721,20.45117,20.58137,23.38129,22.98879,22.81429,23.19683,21.29850,21.59658,21.59833,22.05625,22.13696,21.71338,22.54417,21.13242,22.59917,20.69942,21.40392,20.91475,21.06492,19.99450,20.15063,21.21558
21,14.53654,16.58742,15.48012,14.04804,14.85721,15.24462,14.29417,14.74146,14.34117,14.60342,14.14338,14.51154,14.35013,13.96508,13.86008,14.03042,13.77646,13.70671,13.72762,13.96596,14.07146,13.94404,14.31825,14.16158,14.16462,14.13054,14.60896,16.11562,18.70096
22,20.72371,18.02900,17.91492,18.62346,17.59842,17.26954,20.24475,17.19862,17.88771,21.12750,19.87142,19.36579,19.92717,18.19008,18.08638,17.70283,18.50163,18.80979,18.46296,19.21617,17.73158,19.38358,17.34771,19.08596,17.94046,18.45921,17.50263,17.56208,19.06329
23,29.36179,25.02092,26.11621,28.66879,26.89325,26.38321,29.83292,27.12175,28.58904,28.94525,29.66413,28.42467,29.46721,28.87342,28.56913,27.98804,28.84425,29.19192,29.06638,29.27204,28.21313,29.44513,27.70675,30.32375,28.67892,29.50375,27.37854,25.56237,24.58279
24,24.33308,24.22304,22.40604,21.89379,21.41808,22.07167,23.39937,21.30871,20.65317,24.65767,22.79467,23.35371,23.43750,20.67917,20.81521,21.04983,21.14204,21.14504,20.72175,22.00262,20.77054,22.02933,20.83638,20.66437,20.63433,20.54037,21.06983,23.37162,27.20196
25,32.59346,28.18542,27.17292,30.19354,27.35700,28.19771,31.70346,28.30567,28.35629,32.98438,31.14908,31.44258,31.68412,28.88075,29.09667,29.16225,29.57996,29.64442,29.15438,30.39846,28.74821,30.44992,28.42254,29.14096,28.61392,28.78321,27.76542,28.48217,30.59146
26,34.17042,41.90675,40.43158,35.43825,39.50142,39.57458,35.07312,38.69538,38.36112,33.74975,35.35046,34.67504,34.78438,37.12183,36.41288,36.27779,35.82896,35.89904,36.41717,35.57517,37.10846,35.63154,37.82967,38.00729,37.75771,37.91125,38.92300,40.90129,44.14738
27,36.21892,47.94354,48.41646,39.60833,47.23571,45.62225,38.33179,44.80288,45.52196,35.23858,39.12838,37.45242,37.79679,43.36821,41.94175,41.31475,40.81233,41.04375,42.19842,39.92788,43.02875,40.04846,43.97225,45.43996,44.41833,45.07971,46.15733,46.47504,47.20708
28,49.67112,53.71333,54.08800,50.79600,53.42008,52.58229,50.51650,52.27629,52.84283,49.18625,50.75900,50.05354,50.29150,52.09400,51.54458,51.26054,51.20267,51.32117,51.70742,50.96912,51.83771,51.03179,52.04150,53.26967,52.42575,52.87100,52.93492,52.93279,53.55183
29,48.84833,54.34250,54.73825,49.87325,53.75033,52.37088,49.92829,51.82950,52.78279,48.70721,50.33617,48.77346,49.28475,51.96492,51.14017,50.38446,50.80367,51.21529,51.65658,50.55767,51.37804,50.77325,51.53133,53.64029,52.25367,53.00012,52.97692,52.99458,53.97283
30,47.75800,48.91637,49.13787,47.42779,48.53742,47.92804,47.73046,47.72208,48.28192,47.94742,47.73104,47.58404,47.56562,47.93033,47.60958,47.39196,47.54337,47.66183,47.77179,47.63996,47.66308,47.70758,47.64050,48.92754,48.05196,48.48038,48.20183,48.23425,49.09358
31,52.99238,49.78954,51.35654,52.39617,51.11492,49.48779,53.64337,49.89329,51.91975,52.63217,53.59279,51.81887,53.08450,52.57667,52.37967,51.52025,52.88313,53.39300,53.14550,53.25563,51.61921,53.50700,50.67608,54.33771,52.04925,53.15650,50.98458,48.95525,48.16242
32,49.14571,48.86387,50.74446,49.25429,50.04762,47.75508,50.78946,47.84275,50.23063,48.44946,50.98471,47.63687,49.67917,50.61112,49.99708,48.59533,50.40692,51.25671,51.15571,50.70996,49.29329,51.14313,48.42417,53.03821,50.13842,51.58650,49.49988,47.54975,46.99004
33,28.86500,24.71375,25.28025,22.60988,22.03479,20.10533,25.95179,18.85329,19.32958,30.22342,24.56713,26.38492,26.25933,19.64808,20.02554,20.21917,20.99183,21.05612,20.06479,22.85625,19.43175,22.90200,18.78821,20.36575,19.21967,19.60329,20.32621,21.54654,24.02342
34,53.65604,51.61413,51.70721,49.99692,50.16142,48.60446,53.66979,47.84921,49.23354,53.59783,52.93083,50.63879,52.75587,49.56633,49.15779,48.12979,49.97688,50.78183,50.09917,51.51708,48.52096,51.94879,47.86446,51.53792,49.10817,50.22100,49.20129,49.72088,52.41138
35,62.55613,58.36971,60.20383,59.41329,59.04038,56.53137,62.28271,56.43079,58.77367,62.59713,61.65167,60.17117,61.73675,59.08387,58.67012,57.68125,59.36912,60.01483,59.54117,60.55996,57.97350,60.87796,57.05258,61.41262,58.64929,59.99808,58.24163,56.58617,56.59746
36,63.22362,55.47283,57.22779,59.62004,56.88692,55.14158,62.66563,55.52463,57.75454,63.36263,61.91858,60.74263,62.20225,58.59825,58.46058,57.59342,59.38337,59.99396,59.30521,60.70733,57.51792,61.00808,56.38908,60.66575,57.93704,59.19921,56.68542,54.72129,54.27613
37,56.33383,42.66092,43.37558,49.82033,43.23683,42.39296,54.41096,42.89958,44.70133,57.49796,53.11492,52.27537,53.89492,46.74042,47.31021,46.58100,48.98913,49.64608,48.15671,51.14529,45.73892,51.49563,44.08817,47.60317,45.46100,46.41883,43.46762,42.02592,42.45438
38,33.72329,33.24683,33.14579,30.10087,31.62667,30.71992,31.69217,29.93788,30.26271,34.75083,30.90342,32.69479,32.05367,29.37750,29.02546,29.21763,29.06467,28.98746,28.88092,30.01950,29.32892,29.98129,29.52121,30.67633,29.76079,30.13600,30.69675,31.77721,34.07071
39,50.40113,50.39713,50.65879,46.84779,48.75458,46.72188,50.36625,45.79683,47.36558,50.08138,49.55183,47.46346,49.64454,46.89279,46.14475,45.21471,46.62496,47.29875,46.90125,48.14825,45.96787,48.50700,45.65925,49.20038,46.87929,48.03829,47.52883,48.04479,51.04592
40,64.75017,63.92642,65.45358,63.53787,63.91925,60.94229,66.94483,60.58296,63.50412,62.62167,66.46421,61.97204,65.79904,63.93467,63.26267,61.70067,64.07904,65.09429,64.60454,65.32404,62.35350,65.83246,61.22125,67.00908,63.33558,65.13238,62.88500,61.47217,62.85862
41,51.40317,59.40892,58.69854,52.16313,57.51746,56.30196,53.62250,55.34717,56.40479,49.42879,53.56196,50.53458,52.83617,54.65288,53.19500,52.29379,52.69679,53.25246,53.78150,53.14125,53.93850,53.43321,54.56946,57.45371,55.43858,56.48158,56.58229,57.79087,61.35258
42,33.65854,46.23200,46.42492,35.21446,44.54283,41.94029,35.93492,40.63987,42.32025,31.84538,36.11962,33.41383,35.24046,39.31158,37.15546,36.07617,36.03967,36.56604,37.72208,36.07108,38.52521,36.32817,39.61358,43.06350,40.71925,42.07771,42.91100,43.63504,46.95108
43,63.12579,64.75875,63.40087,60.75242,63.25533,63.66346,62.35013,63.16246,63.02571,62.50629,61.48308,62.06933,62.75925,61.10896,60.14513,60.36500,59.62571,59.49738,59.82400,60.58571,61.29675,60.50754,62.34025,62.44904,62.21404,62.40071,63.09750,64.70913,67.93017
44,49.71812,40.38967,41.15125,41.55913,39.89313,38.17650,47.27633,37.80892,39.70779,50.77708,45.54638,44.79233,46.82879,39.80583,39.27746,38.36258,40.36579,41.13117,40.11550,43.06462,38.76092,43.45258,38.09625,42.16475,39.51283,40.78117,39.18700,38.94725,41.18579
45,45.10833,35.21696,35.01542,37.77667,34.96621,34.16146,43.64483,34.18733,36.16238,45.15121,41.93725,40.16942,43.05358,36.33071,35.65158,34.59475,36.71521,37.58100,36.61308,39.43542,35.15833,39.87050,34.53204,39.04846,36.06854,37.46500,34.95975,34.73554,37.84383
46,86.12742,75.64242,73.52533,80.21029,74.26350,75.76571,84.66312,76.02425,76.32833,86.10196,83.14313,82.50954,84.48838,77.40488,77.65671,77.44292,78.83083,79.22733,78.03663,81.07971,76.96188,81.29392,76.33654,77.94879,76.83604,77.24025,75.13287,76.32125,80.40987
47,23.25829,21.58521,21.41225,18.72654,20.15046,18.75742,22.47571,17.99067,19.50137,23.44825,21.53542,20.19979,21.89896,18.89254,17.96117,17.00054,18.39054,19.11079,18.78000,20.02675,17.89075,20.38683,17.72475,21.78058,18.98821,20.25946,19.26404,20.12275,24.01242
48,61.20262,50.09458,47.96054,53.17800,48.45200,49.66458,58.87888,49.62542,50.20733,61.75346,56.99475,56.69108,58.62533,50.68858,50.43642,49.97329,51.58321,52.19338,51.02471,54.40263,49.98358,54.71800,49.59683,52.47350,50.38387,51.17467,49.00838,50.69583,55.88512
49,17.25792,13.53992,13.52354,12.78358,12.77633,12.04183,15.87033,11.64221,12.44833,18.02325,15.00492,14.62783,15.53096,12.25592,11.79392,11.24787,12.26746,12.74629,12.29621,13.69254,11.66646,13.94029,11.51446,13.81533,12.22296,12.92808,12.30117,12.74417,14.74883
50,88.77804,66.27775,65.57108,78.60829,66.72983,68.18863,85.69808,69.18000,70.09504,89.38192,83.20425,82.87692,85.57767,72.84021,73.88162,73.64529,76.24692,76.81421,74.50704,79.87946,72.08142,80.18317,70.36046,73.19725,71.32717,71.95254,68.05167,67.79008,69.91083
51,19.91008,18.71542,18.55908,16.49567,17.69621,16.84517,19.16512,16.31363,17.22817,19.99025,18.39121,17.82233,18.91142,16.54787,15.82642,15.29017,16.03308,16.45275,16.27458,17.25904,15.95921,17.46529,16.01758,18.59021,16.77975,17.60183,17.10217,17.76658,20.25388
52,21.99062,15.13862,15.47529,17.69408,15.44625,14.97421,21.29383,15.07196,16.13175,21.88487,20.25304,19.15375,20.90804,16.50542,16.26029,15.66221,17.03446,17.56617,16.85629,18.71200,15.80292,18.98337,15.31292,17.99979,16.19088,16.97371,15.43617,15.07642,16.02988
53,42.21442,46.58842,42.69967,40.89258,41.87221,44.18475,41.48654,42.96917,40.54904,41.64492,40.75904,42.40479,42.12938,39.59412,39.69683,40.77042,39.45263,38.94525,38.84783,40.12883,40.54283,39.89521,41.62592,38.49208,40.24992,39.29383,41.66425,46.24988,52.28737
54,25.82975,26.18087,22.89204,24.79604,23.52200,26.72808,24.49662,26.34221,23.69037,26.70221,24.21925,26.70625,24.97896,23.53804,24.00538,25.09596,23.85858,23.36992,23.20625,24.04442,24.53129,23.83996,25.38387,21.77929,23.84954,22.65346,24.18892,27.70054,31.25300
55,80.65529,89.30213,88.47696,85.31792,89.84154,90.86733,82.80133,91.05262,90.60938,79.44446,83.75987,83.32021,82.69650,88.75171,87.64454,87.62167,86.30221,86.19237,87.46654,84.97058,88.94479,84.91138,90.24000,89.82392,89.90996,89.90708,90.37029,90.75558,90.91083
56,82.68125,89.04392,89.07708,84.37129,87.99287,87.58988,83.27004,86.98038,86.38621,81.92208,83.40733,83.97854,83.60096,85.12358,84.80717,85.26617,84.15196,83.79775,84.30512,83.75962,85.61746,83.58637,86.38083,84.92275,85.83288,85.48808,87.32862,88.14142,88.25850
57,96.10454,101.01771,101.73046,97.19417,101.19442,99.89375,96.79608,99.63608,100.69254,95.95371,97.15483,96.65983,96.52275,99.42604,98.44542,97.92629,97.84762,98.07096,98.74529,97.48246,98.99346,97.58583,99.37846,101.36929,100.02058,100.74392,100.64279,100.19879,100.76375
58,14.23413,17.28162,17.23758,13.97429,16.36767,15.63100,14.22463,15.11567,15.51754,14.47583,14.26704,14.21021,14.04829,14.86425,14.38100,14.10979,14.18033,14.33867,14.56396,14.22342,14.61992,14.30471,14.81058,15.92946,15.12883,15.51133,15.77208,16.34983,17.92229
59,104.21108,109.30983,110.15392,105.98696,109.42387,108.02604,105.61742,107.71638,108.66913,103.47608,106.03871,104.69971,105.19583,107.88146,107.16446,106.59400,106.77725,107.05433,107.54188,106.39025,107.42433,106.52592,107.57146,109.36200,108.18754,108.81646,108.78496,108.28833,108.37058
60,25.62842,21.96504,22.49413,24.31842,22.77042,22.62542,25.28412,22.93596,23.45000,25.84783,25.02954,24.94017,25.15829,23.82783,23.86017,23.67000,24.17846,24.34446,24.07829,24.62292,23.55667,24.70996,23.22662,24.29467,23.59796,23.89112,22.96717,22.26404,21.69475
61,104.27763,95.85725,93.29500,102.52454,95.84308,99.94325,102.17804,101.01358,98.74254,105.20821,101.61779,104.54000,103.12042,99.65138,100.78346,102.20658,101.01567,100.24075,99.72354,101.33050,100.84208,100.96254,101.10012,96.79629,99.56246,98.14762,97.93375,99.16575,99.66525
62,118.51621,121.44583,122.10208,120.10792,122.01763,121.64304,119.31379,121.63204,121.80863,117.88042,119.57992,119.29642,119.33808,121.14500,120.77842,120.75204,120.36579,120.30792,120.72708,119.95417,121.14525,119.91679,121.44967,121.69362,121.50521,121.63908,121.85967,121.51808,120.64742
63,118.76104,126.13717,124.76288,121.05683,124.26612,124.87083,119.17633,124.31808,123.10604,117.99433,119.39263,120.28663,119.79571,121.74992,121.57233,122.34362,120.70746,120.09412,120.74383,120.01742,122.61396,119.70408,123.62025,120.67592,122.62292,121.87300,124.04987,125.53287,126.53354
64,98.73813,104.82292,108.62096,100.08308,107.06300,102.82192,99.60129,102.59179,105.37283,98.78904,100.16750,98.75538,99.14388,103.57800,102.08829,100.91675,101.30763,101.74596,102.74992,100.70871,102.65633,100.89092,102.78429,106.52400,104.28942,105.70113,105.57979,102.37050,98.80021
65,68.13137,65.89933,66.11683,66.39225,65.46042,65.18808,67.30067,65.04021,65.11808,68.39675,66.87092,67.40350,67.44687,65.32146,65.52388,65.67496,65.82642,65.78050,65.45754,66.37125,65.33137,66.35433,65.11737,65.27896,65.17721,65.21292,65.22596,65.33300,65.38250
66,93.04650,106.62354,104.69687,98.99913,105.88204,109.24413,93.15467,109.01892,105.28454,92.29567,93.96883,98.85138,95.00596,101.48183,100.76854,103.08375,98.14513,96.46263,98.50517,95.95450,103.83071,95.09129,106.95783,99.70479,104.07021,102.07179,106.52038,109.53392,109.07162
67,131.27075,138.08754,137.52421,133.65912,136.82717,136.92279,132.06121,136.43875,135.69854,130.34825,132.33550,132.65425,132.45525,134.54046,134.29333,134.78479,133.56633,133.14513,133.73721,132.92117,135.10350,132.70329,135.87271,134.02638,135.23729,134.79712,136.46083,137.45908,138.14533
68,77.85579,83.96000,85.58713,78.01954,83.70129,81.53954,77.73908,80.60275,81.48050,78.21304,77.91367,78.72292,77.74167,79.91800,78.92679,78.57596,78.34454,78.49371,79.15962,78.11567,79.49375,78.16600,79.93379,82.38763,80.56142,81.37288,82.18258,82.37350,82.75117
69,24.74696,15.44075,14.53996,18.77858,14.89329,16.21138,20.03396,16.39958,15.49538,28.56513,19.16142,23.67208,20.78179,16.13529,16.83996,17.57592,17.36563,17.03779,16.36962,18.30267,16.61933,18.14333,16.48500,14.98758,15.89925,15.34062,15.38779,16.16954,16.85137
70,113.27321,112.50788,104.46642,111.61187,105.45358,112.65371,110.20867,112.07000,105.94887,113.94204,109.21329,114.72429,112.20633,106.46333,108.55825,111.75983,108.53029,106.77367,106.05287,108.88504,109.38721,108.05254,110.76604,99.91683,106.81225,103.37387,107.26712,114.43783,121.54104
71,128.26254,108.02454,105.03987,125.87233,110.90592,117.76238,126.09875,120.75479,118.29475,129.27192,125.41633,127.89250,126.88575,121.27867,123.28175,124.74446,124.29479,123.61467,122.38258,124.88600,122.39767,124.57842,121.85638,117.29875,120.29142,118.63267,115.38983,115.05242,113.75117
72,137.82283,138.45838,138.33863,138.00029,137.96742,138.03167,138.11104,137.82346,137.66287,137.46646,138.07079,137.86567,138.08712,137.76846,137.85233,137.90075,137.94012,137.94363,137.85946,138.00867,137.75775,138.01429,137.70592,137.79329,137.68537,137.68725,137.79954,138.31800,138.88633
73,117.88713,138.29463,137.17842,124.63292,136.70975,136.81975,119.76233,135.71996,134.46392,116.72683,121.09929,122.82892,120.41433,130.08988,128.15471,128.75358,125.47304,124.79392,127.23017,123.17921,130.96896,122.80442,133.67812,131.58100,132.61212,132.27042,135.85754,138.05067,139.69350
74,67.59117,77.18817,72.99325,67.23937,71.05033,73.11779,65.61404,71.32600,67.91321,68.44687,65.26958,69.38796,66.92271,66.22467,66.52867,68.31104,65.66646,64.57225,64.94342,65.45321,67.98404,64.91625,69.63946,63.54904,67.34392,65.57208,70.27300,75.60333,80.95688
75,88.80067,112.02567,106.80329,94.38433,105.51667,108.67167,88.87538,106.52529,101.82463,88.24221,89.66496,94.38563,90.55046,97.31217,96.37317,98.66137,93.58663,91.98663,94.09371,91.52679,99.79308,90.72117,103.41942,95.31279,100.15342,97.94467,104.76608,111.62450,117.88842
76,101.49021,133.31846,132.78683,110.76287,128.51325,125.88842,105.76117,122.87767,121.93962,97.71175,107.15458,107.01250,106.33850,116.74838,114.54321,115.00275,111.72008,111.08192,113.71504,109.32546,117.44704,108.95629,120.18763,119.10475,119.40850,119.41625,125.23796,129.13083,133.20713
77,66.61142,65.82187,63.94092,69.56892,65.02213,67.53158,69.15658,68.07237,66.86979,63.47296,69.09650,67.62500,69.31058,68.01804,68.82596,69.41183,69.17717,68.92650,68.52558,69.13854,68.41621,69.02096,68.20742,66.60229,67.56971,66.94213,66.23692,67.31587,68.79933
78,104.33296,109.95312,106.82883,105.46787,105.97704,108.36812,103.77542,107.42529,104.58913,103.39312,103.43812,106.47588,105.10325,103.79333,104.40950,106.16392,103.90121,102.84704,103.00725,103.65671,105.26700,103.12292,106.31083,101.69067,104.44388,102.99025,105.86942,109.86996,113.92133
79,41.40092,51.95133,53.48975,43.53413,51.09296,48.37242,42.98179,47.19867,48.14425,40.37517,43.43696,42.30117,42.64342,46.31792,45.12375,44.51483,44.35754,44.63733,45.47750,43.87288,45.86046,43.99621,46.46554,48.53037,47.06900,47.83079,49.27046,49.39600,49.77142
80,102.86100,93.32308,85.56604,99.27771,89.36642,99.36700,96.55058,100.17538,92.59258,105.89525,95.30696,105.80567,99.73117,92.90504,95.40250,99.88729,95.00579,92.47900,91.91333,95.15958,96.80242,93.92933,98.82608,85.34504,93.71942,89.37421,92.89208,99.58233,104.10729
81,160.95138,164.74483,164.49250,162.65383,164.47896,164.72258,161.74842,164.58292,164.11692,160.42788,162.05633,161.82088,161.73958,163.54846,163.33175,163.44113,162.91158,162.81429,163.16938,162.46388,163.77354,162.41896,164.24817,163.26063,163.90117,163.66308,164.44246,164.84004,164.65600
82,162.64654,160.74700,161.02650,163.73113,162.75729,163.73471,163.19242,164.66042,164.86979,162.60771,163.53075,163.13292,162.99079,164.80537,164.49513,164.26696,164.24650,164.36329,164.65596,163.87271,164.64579,163.92846,164.80292,165.32208,164.95050,165.12213,163.80246,162.72858,161.43917
83,124.91946,161.97987,164.02133,134.79350,160.38679,154.62921,130.18763,151.85238,154.01696,123.27517,132.87946,128.95592,128.75342,147.15792,142.59200,140.45062,138.90300,139.70371,143.52996,135.74325,146.06892,136.10458,149.15171,153.51346,150.45492,152.42538,156.58633,157.21254,158.71100
84,110.99833,133.57225,132.00487,117.58788,130.05658,129.89062,113.01158,128.09092,126.32637,109.21925,114.08283,115.78087,113.86200,122.07304,120.46329,121.34504,117.97321,117.15421,119.34733,115.93208,123.17275,115.48600,125.82979,122.88567,124.47142,123.85767,128.52429,131.97679,135.27608
85,157.10683,162.32937,159.84817,157.87846,159.20721,160.61442,157.06150,159.87396,158.12679,156.79958,157.02529,157.96271,157.47592,157.55846,157.74383,158.47950,157.37908,156.95104,157.09392,157.19242,158.34896,156.98888,159.10300,156.03621,157.98313,157.09133,159.10163,161.75217,164.60750
86,174.12958,176.39154,175.52346,174.26612,174.96704,175.33525,174.13646,174.99463,174.12325,174.11779,174.11554,174.09946,174.16587,174.00271,174.19000,174.46629,174.10583,173.96183,173.90333,174.11012,174.43917,174.05838,174.76479,172.54612,174.12075,173.51746,174.86013,175.67083,175.70733
87,152.41942,172.83421,169.88283,156.84746,167.62904,168.37108,152.93117,166.22554,163.33129,151.70179,153.58958,156.19879,153.97850,159.62029,158.66033,160.03800,156.53262,155.49754,157.17279,154.98633,161.22329,154.45992,163.85925,158.64983,161.78417,160.45288,166.13083,170.97700,175.25521
88,165.41338,170.02733,167.91425,167.45283,168.41596,170.50142,165.58117,170.39596,168.63629,164.74483,165.72475,167.30271,166.31342,167.65162,167.66483,168.65883,166.90712,166.24346,166.76596,166.28700,168.61671,165.94983,169.65588,166.48213,168.42054,167.50012,168.96258,170.92858,172.77163
89,153.91179,164.90496,164.53471,158.49029,165.34854,165.10379,155.85946,165.10887,165.68412,153.07950,156.97283,156.27692,155.68033,163.18758,161.50713,161.01479,159.89117,159.95104,161.60475,158.36208,162.99517,158.35883,164.31917,165.47921,164.59896,165.17683,165.40925,165.15779,165.81963
90,150.04829,127.13650,131.43683,148.22463,135.27288,136.05429,149.34700,139.52287,141.40050,149.37412,148.59958,149.12963,149.93675,144.38433,145.78492,146.04329,147.16063,147.00250,145.86962,147.91992,144.05721,147.80171,142.10188,143.83463,142.97117,143.29542,138.01229,131.61271,123.01821
91,170.90275,179.32042,179.06188,172.13883,177.70638,177.09683,171.03754,176.11579,175.64017,170.90162,171.32371,172.19096,171.22067,173.90142,173.14204,173.31046,172.28200,172.12042,172.87921,171.77704,174.14375,171.68983,175.13304,174.65496,174.80583,174.77296,176.70750,178.17246,179.44404
92,175.68458,182.93392,183.05225,176.04983,181.25346,179.78704,176.27646,178.67629,179.11621,175.44867,176.43517,176.04733,175.98071,177.87371,176.96288,176.45979,176.54329,176.86942,177.34692,176.48350,177.43258,176.63350,177.89912,179.73508,178.35654,178.98446,179.92958,181.05646,183.09033
93,199.55496,192.35992,193.11783,200.57808,196.83742,198.33054,199.54142,200.61463,201.67300,199.75267,199.87792,200.48342,199.71892,201.72550,201.33225,201.14317,200.96617,200.95871,201.43971,200.39825,201.49696,200.35642,201.49262,202.68942,201.95433,202.34421,199.15604,195.75292,192.44771
94,130.98992,53.55987,50.71267,101.77879,54.83912,62.11663,116.91458,66.20508,65.30350,138.65546,110.64175,117.35083,118.15704,78.54754,86.06900,87.90779,94.32687,94.41792,86.22317,102.86904,78.47871,103.00862,71.51238,70.63712,71.62862,70.20000,60.21962,58.91133,60.02888
95,217.86692,222.78862,222.52083,219.07267,221.71842,221.00979,218.97367,220.54721,221.17521,216.97308,219.15525,218.21496,218.77233,220.42442,219.79992,219.41883,219.48462,219.67117,220.06275,219.31088,220.06850,219.38996,220.26092,221.81871,220.73979,221.28296,221.20958,221.78904,223.81992
96,204.59004,219.80696,219.91700,213.99513,219.31521,218.76529,211.03025,218.36979,218.51158,198.78058,212.18783,207.94933,210.74437,217.17679,216.37475,216.18312,215.29129,215.23250,216.39821,213.67075,217.11625,213.61463,217.80337,218.27171,217.87242,218.11921,218.84017,219.20625,219.71263
97,93.27733,87.61138,86.14833,93.49129,86.97758,89.23888,94.90579,89.81242,89.13867,91.17900,94.48938,92.36733,94.61854,91.13567,92.10004,92.20329,93.11737,93.26937,92.29796,93.83850,91.02700,93.93663,90.20679,90.19550,90.12121,89.91133,88.13504,89.11000,90.89883
98,155.52629,133.65167,118.42629,141.29213,119.15404,133.14933,145.55633,131.90883,120.52658,159.41796,141.51071,152.66596,148.85721,125.16388,130.79337,136.56692,133.59229,131.03283,126.92446,137.72821,129.85271,136.59100,130.29313,112.54450,123.58579,117.47837,122.44375,137.11350,153.46558
99,195.04658,188.87971,187.87250,192.96229,189.32533,191.77492,192.54617,192.49412,191.34900,196.31079,192.02933,195.79267,193.59838,191.29400,191.69683,192.80104,191.60946,190.96833,190.90450,191.82687,191.98883,191.49171,192.33417,190.89863,191.57083,191.02479,190.50621,191.31633,192.38408
100,205.57946,207.74817,209.05904,205.91442,208.14471,206.47829,206.44696,206.27429,207.56396,205.17079,206.60629,205.14267,205.95600,207.19962,206.59642,205.86383,206.55433,206.97542,207.17063,206.58083,206.51867,206.78408,206.33138,208.92754,207.22783,208.06442,207.47779,206.56412,206.01458
101,153.14017,135.20671,132.76054,141.45679,130.47546,132.82279,147.04750,131.68446,129.57154,156.21029,144.46117,149.27613,147.92496,132.93367,135.34271,136.66312,138.01387,137.83842,135.05971,141.38425,133.19354,141.33458,131.56150,131.51212,130.98400,130.38825,130.00333,134.93775,141.63179
102,143.40129,146.95938,155.21938,142.43383,152.86454,144.53387,143.88333,144.43363,150.78338,144.99575,144.65812,141.66875,142.30392,148.57629,145.70867,142.61696,145.11125,146.70533,147.95850,144.87037,145.77687,145.60671,145.13479,156.15479,149.10417,152.75754,150.16496,143.39250,136.80883
103,148.63487,126.86004,120.15925,144.93846,125.38013,135.74771,145.38250,138.03204,132.14863,148.84017,143.72579,148.64879,147.32487,136.03967,139.62400,142.97000,141.15813,139.53142,137.40183,142.50504,138.67463,141.74721,138.43554,128.48192,134.79800,131.31350,130.27371,134.46296,137.52725
104,126.11600,153.00729,152.79188,128.32108,149.88883,146.97033,123.63608,144.48329,144.14504,130.19317,125.05038,130.20246,124.32012,136.90133,133.32929,133.32162,129.54492,129.05179,132.50800,127.17871,137.59842,126.88054,141.50208,140.18150,140.79558,141.02558,147.08179,149.47996,151.85371
105,218.25067,173.80413,175.34983,208.22917,181.55421,185.40658,214.64129,190.14050,192.25779,220.43425,212.67333,212.36000,214.20929,199.68317,202.69746,202.17858,206.67708,207.47438,203.95596,209.82462,198.32446,210.24267,194.10250,198.38008,195.85658,196.55504,186.47429,180.42958,175.04042
106,45.14129,25.25717,23.10467,34.03267,24.27850,27.60113,36.97375,28.17750,26.10242,51.26554,35.11721,42.59163,38.30442,28.01279,29.75046,31.26275,31.11408,30.49587,28.84458,33.20446,28.99175,32.91742,28.48450,25.20754,27.22746,25.97763,25.63700,27.40500,29.29842
107,216.35083,230.73512,229.70008,223.38638,231.33629,232.81821,218.40879,233.07742,232.13696,215.07800,219.81096,221.29217,219.05038,228.58154,226.84983,227.35558,224.36342,223.73788,226.05717,221.97867,229.32563,221.61692,231.69479,229.95371,230.80700,230.52725,232.00917,232.63579,232.88958
108,212.23967,202.64796,200.53250,211.58312,202.08542,205.80821,211.98325,206.89879,204.93392,210.74671,211.11154,212.90196,212.96850,207.03912,208.79075,210.24692,209.73038,209.04121,207.93208,210.45604,208.00054,210.11446,207.45900,204.03067,206.21017,204.92467,204.00408,205.00367,205.85629
109,148.62167,110.88513,107.51246,139.05171,113.90917,121.39483,143.17096,125.25712,123.49887,151.52633,141.01037,144.71150,144.14004,129.47183,132.96883,134.46263,135.94804,135.47892,132.39829,138.60242,130.20008,138.40333,127.80400,124.48667,126.83433,125.32071,119.31538,117.97608,117.32329
110,100.38617,92.11437,80.62329,95.30525,81.40075,93.32512,94.70646,92.26025,81.89613,101.18733,92.33675,102.34867,98.16708,84.06817,88.31887,93.94242,89.27267,86.43142,84.30763,90.87254,88.69217,89.53646,90.17125,73.79146,83.79767,78.27354,83.95446,96.39404,108.14379
111,214.72050,205.98687,209.79408,212.87925,210.09283,207.90117,214.49967,209.08746,211.69696,214.80642,214.18629,213.22975,214.20717,212.51858,212.38688,211.55638,213.02404,213.49196,213.13775,213.63283,211.52021,213.84067,210.37362,214.34187,211.92783,213.13050,210.26833,206.06125,201.31571
112,180.12242,208.42267,203.05225,187.93650,200.17779,202.63437,182.24213,199.78954,194.86704,176.72250,182.84558,185.86229,184.16704,190.17950,189.47238,192.09525,186.69142,184.82700,186.88583,184.67117,192.92900,183.72217,196.53929,187.61471,193.05908,190.64592,198.63213,206.37679,213.56637
113,104.82488,89.75779,82.55550,95.36146,83.24750,89.98188,99.49383,89.30788,84.71329,107.83262,97.43079,102.68046,100.26458,87.80383,90.19717,92.04504,92.24517,91.86150,89.43771,94.95508,88.88129,94.84454,88.42525,84.50013,86.37404,84.59621,84.73842,92.26804,102.53308
114,240.23342,231.40308,230.90421,238.86704,231.97608,233.74179,239.80000,234.65783,234.29675,239.43208,239.09304,239.76192,240.31850,235.85958,236.88279,237.49913,237.70892,237.43329,236.61158,238.43488,236.06737,238.28925,235.31471,234.92079,235.14325,234.85825,233.16863,232.99096,233.32317
115,117.27846,126.37613,127.15204,115.99008,123.72458,120.92579,116.50288,119.19771,119.79937,117.80442,116.34221,117.20883,116.54296,117.65404,116.53004,116.28750,115.89596,116.00758,116.60292,116.12196,117.42850,116.16983,118.18275,119.72496,118.56479,119.18875,121.44746,122.67508,124.89671
116,247.81996,246.96417,248.62967,248.25746,248.52979,247.19271,248.46333,247.59650,249.11096,247.25525,248.52275,247.48329,248.31912,248.99787,248.60571,248.07808,248.60192,248.81808,248.99463,248.56079,248.43225,248.64017,248.05746,250.44242,248.97083,249.75804,248.43567,246.57413,245.13263
117,197.38154,227.97583,232.85675,207.58758,228.66983,220.40358,205.58083,218.36250,223.48008,192.68846,207.89579,199.67362,203.31467,218.70196,214.45433,211.05854,212.13083,213.75975,216.65496,209.91150,216.13542,210.66492,217.23454,226.87542,220.57700,224.04054,224.69758,221.90796,221.35442
118,223.82462,240.44625,241.36908,226.65658,238.58842,235.42196,225.23617,233.73533,234.82654,223.47842,226.04971,225.15175,224.85729,231.52708,229.48929,228.68625,227.94042,228.20613,229.79575,226.94525,231.06575,227.05363,232.40921,234.65304,233.06729,234.05200,236.32592,237.12362,238.95288
119,247.63467,258.80321,259.60458,251.99142,258.55537,256.95792,250.55013,256.38979,257.26408,245.41062,251.28238,249.20162,250.22179,255.37629,254.09412,253.53617,253.05900,253.23083,254.34508,252.12771,255.00879,252.18988,255.76487,257.49229,256.29033,256.99321,257.64063,257.48737,257.90337
120,243.30808,259.82521,259.80946,247.74646,258.20796,256.80113,245.07850,255.55404,255.51412,242.13358,245.95113,246.07979,245.24312,252.13758,250.40521,250.34904,248.57446,248.37479,250.11829,247.19662,252.31921,247.06646,254.07721,254.22371,253.91842,254.22442,256.78692,258.12429,259.73204
121,273.38887,271.65771,271.82104,272.82725,271.90471,271.89825,273.45196,272.09629,272.49729,273.26000,273.31742,273.00375,273.32921,272.70121,272.63563,272.44054,272.81738,272.97033,272.84558,273.07842,272.44171,273.15304,272.23687,273.25933,272.56792,272.86358,272.06575,271.74442,271.92946
122,286.60975,285.12967,285.49171,286.75233,286.06204,286.28146,286.80517,286.73883,287.11654,286.38671,286.80833,286.71979,286.79163,287.04896,286.86008,286.75108,286.80533,286.86179,286.95917,286.80646,286.88579,286.82650,286.87108,287.66900,287.11708,287.36808,286.48204,285.79592,285.25525
123,282.35871,287.37517,287.17133,283.61717,286.48475,286.16200,283.09175,285.73229,285.72596,281.70858,283.27196,283.07025,283.10021,284.78067,284.26733,284.23250,283.79929,283.77746,284.22708,283.52150,284.77613,283.50358,285.25463,285.54271,285.26638,285.42533,286.04750,286.70771,287.83450
124,139.14017,166.80888,171.79037,138.60950,165.77487,157.54896,136.20221,154.16742,157.15858,143.90846,137.40613,141.21142,136.12150,148.92192,144.07654,142.62192,140.47683,140.84017,144.45304,138.85096,148.01804,138.96696,151.26346,156.89875,152.83462,155.22696,160.40917,160.42029,160.67538
125,233.12142,234.94742,234.72213,234.29346,236.23429,237.67492,232.07883,238.45804,237.77600,233.81767,232.34279,235.60596,232.96971,235.89012,235.16692,235.93221,233.92033,233.31438,234.37279,233.09075,236.61467,232.75904,237.96142,236.18204,237.19687,236.78417,237.23117,236.78558,235.50263
126,131.74421,140.08296,144.59075,139.78242,145.61092,141.83342,139.63379,143.07250,148.11283,126.84113,141.34971,132.09238,137.16571,147.05950,144.43938,141.19946,143.72404,145.48479,146.88108,142.48450,144.31925,143.33300,143.81317,153.51958,147.27617,150.45833,145.62050,140.07487,136.34212
127,210.78933,187.16954,182.53992,203.04337,186.96362,194.43808,204.20671,196.75850,192.95342,214.24058,202.31504,209.84183,206.37367,195.47429,198.06571,200.86492,199.20962,197.75663,196.09625,200.83237,197.62117,200.12679,197.49687,189.85579,194.84738,192.27621,191.04633,192.66913,193.97058
128,276.19004,283.75263,285.32329,277.61117,283.65171,280.87567,277.64383,280.17608,281.91179,275.58796,278.08971,276.52429,277.04538,280.51992,279.24571,278.21654,278.70671,279.24375,279.96221,278.38162,279.65775,278.62967,279.88038,283.23775,281.02400,282.19262,282.28888,281.43108,281.38508
129,273.30258,282.78542,283.78163,277.17592,282.95883,281.52738,275.72058,281.15008,281.98992,271.42792,276.35938,275.11021,275.57342,280.20375,279.02238,278.60471,278.03350,278.13025,279.19321,277.15571,279.90129,277.17421,280.61883,282.25154,281.08988,281.73854,282.21375,281.80729,281.66392
130,256.89471,264.70821,265.07129,258.88342,263.85917,262.66079,258.47667,261.97129,262.57946,255.79438,258.84488,257.73962,258.16167,261.19683,260.18862,259.69829,259.56250,259.80904,260.50117,259.18433,260.79029,259.29492,261.32713,263.17325,261.81746,262.47650,262.95542,263.45171,264.71321
131,145.43929,177.90463,175.78750,156.16517,172.93200,171.79829,151.47358,169.30483,168.53479,140.70783,153.18062,150.74917,151.36738,163.50012,160.85058,160.66096,157.96896,157.76737,160.54471,155.45808,163.73342,155.31308,166.54967,166.63696,166.13763,166.52471,170.70996,174.95867,181.04250
132,186.31287,211.47963,204.76925,195.49725,207.04158,213.62758,187.10025,212.82033,206.92567,184.99558,188.49542,194.39837,189.38942,200.69337,198.98513,201.99733,194.77633,192.56887,195.91529,191.47950,203.92738,190.35063,209.07129,199.01096,204.88954,202.19171,208.39825,215.50437,221.85146
133,238.72967,258.62733,258.54683,242.62433,259.52767,258.24525,238.51525,257.78746,258.80708,241.74571,240.46562,241.85546,238.04862,252.73171,248.79871,247.60787,245.29858,245.56067,248.98096,242.75892,252.44079,242.85108,255.73475,257.25013,256.10788,257.18375,259.02621,258.71167,259.43254
134,277.02450,265.62912,266.27071,277.78371,268.77396,271.94971,277.55825,273.97021,272.86100,275.05813,276.96883,277.98813,278.44833,274.46163,275.76154,276.98246,276.33000,275.66054,274.98017,276.66683,275.23971,276.32550,274.81558,272.33821,273.94471,273.03162,271.10692,269.74679,266.56433
135,227.72800,190.45408,183.84754,215.42167,185.99817,194.88458,220.41158,196.74700,191.48125,228.64475,216.41167,223.80121,223.44108,198.54362,204.47125,208.77412,208.47475,206.49525,201.92217,212.63079,201.29742,211.69242,198.71946,188.93738,195.39329,191.69696,190.01092,194.08700,198.33692
136,42.75313,39.06721,41.11562,41.29508,42.04917,40.79842,42.22054,41.47754,43.85267,43.80008,42.33804,42.61142,41.76917,43.33467,42.15888,41.05183,42.06804,42.74296,43.15546,42.20725,42.01483,42.51012,41.69463,47.64942,43.45900,45.21671,42.16788,40.05325,39.76792
137,124.84100,127.06437,108.34846,119.67004,109.02825,125.67796,115.69137,123.21412,108.01325,127.16858,112.94704,130.07633,121.49000,107.47487,111.96037,120.40013,111.25408,106.57733,105.39838,112.12838,114.81729,109.86000,118.96975,93.59942,109.20175,101.09063,112.04287,131.29679,151.35650
138,282.98671,235.87308,233.46788,272.57838,241.24737,250.47096,277.04442,255.63287,253.49983,285.52400,274.44946,279.24667,278.45229,260.73442,265.05138,267.16333,268.60021,267.86292,264.20342,271.66825,261.68967,271.33771,258.77987,255.06475,257.57375,255.77521,248.00754,245.62125,242.82246
139,246.16675,198.85850,198.97525,235.69621,203.44171,208.29575,243.85454,212.37092,213.32167,245.19783,240.79804,239.92138,243.95021,222.63579,227.17979,227.57358,232.43733,232.90988,228.06608,236.82375,221.64504,237.08533,216.47204,219.64033,217.73729,217.87075,208.02800,204.47304,203.35900
140,298.25558,288.76442,287.00988,295.00192,288.03742,290.91563,295.86450,291.66312,289.93979,299.08392,294.89925,297.45683,296.76542,291.18987,292.49592,293.77029,293.16150,292.51025,291.60071,294.06967,292.17212,293.76179,291.99212,288.36704,290.79096,289.59342,289.45883,290.40079,291.01304
141,273.06967,259.94421,259.58038,267.46858,259.47313,260.41529,270.89396,260.86096,261.03963,274.03471,269.63838,270.59238,270.95096,263.38158,264.52071,264.62354,266.15021,266.38450,264.84217,267.97521,262.99879,268.10696,261.62250,263.12813,262.05900,262.26275,260.05550,260.25283,261.63179
142,268.93396,267.44654,268.52650,266.25017,266.24696,264.84412,267.45462,264.22550,264.57325,269.01500,266.62167,268.47542,268.10762,264.41571,264.63221,265.08033,264.97733,264.74167,264.37800,265.83421,264.47825,265.69675,264.21421,264.89633,264.37733,264.56125,265.16075,265.42446,266.06579
143,301.28954,277.48692,277.28750,293.88496,279.38754,281.69383,298.26375,283.53650,283.96117,302.92896,296.69492,297.34367,298.25154,287.98629,289.89988,289.98858,292.29146,292.57454,290.32067,294.59833,287.53283,294.76462,285.32117,286.62583,285.88662,285.95500,281.53467,280.02375,279.50025
144,320.71887,317.42100,317.03533,319.53713,317.32150,317.90817,320.43429,318.21888,318.32758,320.74025,320.14317,320.07842,320.38013,318.80383,318.94696,318.90583,319.27717,319.37404,319.06463,319.72954,318.66275,319.78287,318.40775,318.91300,318.56750,318.68754,317.76987,317.73971,318.39458
145,313.34312,307.34812,305.66092,311.28508,306.74425,309.02196,312.20513,309.54658,308.53500,313.93571,311.72287,312.72075,312.38504,309.44592,310.05863,310.52092,310.53600,310.40833,309.82775,311.15629,309.76071,311.11450,309.63658,308.28029,309.11158,308.60854,307.88062,308.81842,310.13237
146,268.99596,248.56150,242.95629,260.88925,244.61754,251.84608,264.21950,252.52308,248.09704,270.66179,261.98046,266.48000,265.57050,251.84663,254.96442,257.39800,257.12412,256.18096,253.59517,259.66438,253.47271,259.25646,252.63633,246.58983,250.25854,247.95608,247.24812,252.37242,258.50242
147,289.16987,294.50663,292.66167,290.51029,294.94438,298.54404,286.30537,299.13992,296.26883,291.40592,286.71488,293.13846,288.01687,292.75137,291.81942,293.71383,289.51017,288.14038,289.91500,288.03925,294.69300,287.33537,297.56333,291.67129,295.21929,293.65787,296.38479,298.03262,297.53483
148,314.93125,318.24000,318.36204,315.56746,317.45217,316.62117,315.87912,316.18063,316.69092,314.05525,315.90713,314.76600,315.65183,316.27162,315.88758,315.56979,315.79821,315.97729,316.12579,315.85383,315.96150,315.93921,315.98513,317.22171,316.39600,316.83042,316.87737,317.16404,318.15425
149,115.42975,206.24175,206.04354,134.54112,196.13650,187.32833,119.70504,179.26121,178.61917,115.06538,124.51608,129.57604,120.87229,159.16429,149.41779,149.18175,139.04729,137.84137,147.64013,131.41321,160.38442,130.65246,170.47983,170.69083,169.33208,170.85571,187.01712,195.90650,205.99388
150,258.96733,250.10288,246.48429,255.07517,250.37467,256.82571,252.89438,258.38696,254.50321,263.24787,252.23542,260.92975,255.10854,253.16608,253.64133,256.24088,252.55454,250.94867,251.41850,252.37987,255.48529,251.57342,257.50458,250.04096,254.64667,252.41779,253.46721,255.70650,256.25392
151,241.34079,220.21079,219.29896,240.78108,224.45462,229.54988,241.81133,233.00687,232.78071,238.98917,240.83271,241.18213,242.64342,236.01275,237.74371,238.69796,239.09325,238.63296,237.35979,240.00838,236.25504,239.75292,234.83321,234.56700,234.72721,234.35150,228.69179,226.33329,224.91358
152,168.04658,114.97571,106.69587,151.84012,113.57404,126.49004,159.68929,130.28267,124.70862,171.47096,155.53817,161.54254,161.39017,134.25912,140.54971,143.81642,145.71171,144.70275,139.09092,150.85850,136.19471,150.45992,132.85217,124.43342,129.93842,126.46525,120.53450,124.17533,129.37996
153,224.61533,206.74654,201.78721,218.91983,204.43375,210.50792,221.41150,211.75367,208.99329,225.21092,219.67617,222.94604,222.55371,212.06612,214.36437,216.12717,216.02817,215.32508,213.41212,217.93679,213.12621,217.61167,212.28937,208.56167,210.82275,209.33646,207.33379,210.19692,214.74671
154,285.66292,260.28629,256.73779,274.45525,258.15008,263.54521,279.26079,264.46546,261.59054,289.35363,276.83392,281.92125,280.23992,265.59967,268.42379,270.12850,270.95912,270.49783,267.68817,274.03125,266.50508,273.86229,265.11646,261.62108,263.71492,262.19779,260.40962,263.41008,266.67296
155,250.63758,230.62004,229.50929,250.06529,235.58508,241.15238,250.37587,244.64692,244.28050,249.54696,249.73979,251.08363,251.16400,246.78317,247.97092,248.78392,248.83204,248.43846,247.65883,249.31121,246.95400,249.08042,246.04121,246.20408,245.92904,245.70308,240.00929,237.94917,236.56979
156,228.93508,164.54529,160.43208,210.35354,168.02604,179.19492,219.02421,184.57792,180.95671,233.47308,214.54838,221.31425,220.89017,191.53521,198.18650,201.22729,203.93488,203.00433,196.96279,209.49546,193.07254,209.11788,188.68967,181.86871,186.63979,183.65533,175.55671,174.31142,172.05333
157,305.79608,251.72704,247.72596,296.27438,259.17287,272.23538,298.92675,279.41562,275.81988,308.32613,296.22196,302.91242,301.38992,283.18896,288.15150,291.54188,291.26125,289.58325,286.09604,293.86442,285.41008,293.05571,283.07038,274.82554,280.48325,277.37646,268.74571,265.39233,261.08992
158,242.57042,209.54146,217.55317,236.02496,221.10225,218.72446,240.51438,223.13142,229.13704,243.61154,239.31421,238.59954,240.20479,232.82638,233.36750,231.79517,235.62775,236.59883,235.07579,237.56133,230.45783,237.97688,226.97300,236.83213,230.69158,233.46521,223.62087,213.09817,202.95296
159,242.62900,180.94517,181.45000,231.22717,191.25338,199.95912,237.32179,207.01583,207.23154,243.46350,234.04679,238.11342,238.97592,216.74675,221.82983,223.61588,226.64500,226.10683,221.55329,230.53038,216.79138,230.23946,211.98471,212.59508,212.30625,211.58725,199.24429,192.77242,185.89900
160,307.08846,264.14200,260.13100,298.77996,267.88871,277.16579,303.70988,281.98167,280.14975,307.84117,301.46471,302.59546,304.23129,287.84963,292.02242,293.39808,295.76500,295.51013,291.75892,298.75683,288.31650,298.68842,285.13438,282.36629,284.35346,282.86433,274.62971,272.99863,272.34863
161,273.17979,238.56050,236.13254,259.47842,238.69517,244.10696,265.46467,246.19525,244.40900,277.79554,262.60454,268.08046,266.52383,249.38804,252.51467,254.02133,255.62079,255.26408,251.99083,259.27371,249.96871,259.14300,247.81850,245.66562,247.01596,245.86167,241.87108,242.63733,243.96958
162,237.75796,240.29050,226.38479,234.20633,228.91038,242.43217,229.24608,241.34571,229.46075,241.88363,227.79896,243.01387,233.83467,227.47971,230.04033,236.56675,228.35904,224.60308,224.71892,228.05479,233.45113,226.22796,237.78012,217.04033,229.86079,223.41987,232.10663,245.61933,257.85621
163,280.87504,253.92267,252.74304,272.42167,254.81713,258.85837,275.88358,260.80892,259.54817,282.29012,273.51675,278.27871,277.55963,263.47971,266.32779,268.20908,268.66412,267.82833,265.37442,271.20421,264.30875,270.78058,262.44104,260.28633,261.66933,260.60321,257.40004,257.18496,257.34621
164,276.79808,242.55850,241.98400,262.31875,242.23958,245.10875,268.46738,246.42058,245.17417,280.89463,265.13312,271.86542,270.21121,250.38354,254.07113,256.03342,257.54708,256.86892,253.25525,261.51612,251.12450,261.19471,248.40625,246.19937,247.71113,246.52333,243.88371,243.94175,243.94371
165,282.53917,260.40021,262.69158,278.36342,265.96083,267.43537,280.36404,270.48629,271.96387,283.16083,279.27042,280.79600,280.99538,274.43392,275.60046,275.93233,276.89592,276.72954,275.56621,278.14004,274.23529,278.03379,272.66021,273.84587,273.33621,273.57733,268.71804,263.91317,259.06800
166,282.57829,253.64233,254.37175,281.46371,263.98167,270.38104,280.28621,276.31542,276.96208,283.70017,279.97987,283.51733,281.51950,279.16450,280.07142,280.99783,280.36250,279.67979,279.46475,280.16692,279.52967,279.77133,278.79717,278.51608,278.78412,278.54421,270.59504,264.06896,257.05696
167,201.21929,247.43504,253.62504,214.20867,247.90342,237.53800,209.98429,234.20875,239.90204,197.45567,213.41088,205.66563,207.36117,231.24479,224.59996,220.52642,220.27771,222.12554,227.00913,216.67417,228.33346,217.52150,231.34213,243.14333,235.07417,239.45267,242.20483,240.30008,239.98987
168,302.18375,284.14092,279.02350,301.77425,285.98017,295.07675,300.82912,298.45996,295.08296,302.13758,300.29000,303.32663,302.00300,297.58921,299.46404,301.41929,299.99538,298.99237,298.15408,300.15325,299.11808,299.67104,299.18300,293.49379,297.06546,295.06579,291.51696,292.44596,293.62608
169,313.78871,296.11825,296.23742,306.88579,296.55983,297.68083,309.80929,298.77750,298.90462,315.42404,308.11158,310.97571,310.80763,301.23379,302.87329,303.76317,304.45617,304.03646,302.42450,306.36792,301.51937,306.14929,300.09554,299.56825,300.07942,299.75779,297.67142,296.65175,296.56704
170,249.27258,234.73479,228.63625,244.49471,231.85829,240.46383,244.13537,241.79988,236.48892,250.89238,242.42167,250.75196,246.78763,237.66354,239.92813,243.46388,240.32604,238.43792,237.38204,241.41808,240.35517,240.48821,241.24842,232.64517,237.81150,234.88583,235.37404,240.21813,245.36092
171,212.31187,156.02104,155.61637,188.48071,159.84104,165.96392,195.49942,169.63079,167.80371,223.27042,190.99429,206.68892,198.83171,173.45354,177.73017,180.99675,181.46637,180.07267,176.00429,186.44608,174.93450,185.75229,172.30946,168.89996,170.96692,169.23858,164.15575,162.29508,159.37987
172,199.39200,170.68400,171.71979,190.20858,177.28546,181.64212,191.30067,185.27200,184.82221,204.80154,189.68979,198.51300,193.37013,185.73121,186.69246,188.44696,187.14642,186.11450,185.43800,188.47108,186.71417,187.92333,186.58363,184.80663,185.84108,185.14796,181.22100,177.68267,172.35671
173,122.66721,51.75042,49.82833,99.83075,54.62312,61.89454,113.03383,66.48925,65.46413,126.11483,107.44762,111.17833,114.12754,78.12779,85.39021,87.31683,93.01312,92.93725,85.35362,100.57354,78.28063,100.63138,71.75533,70.03225,71.61429,69.99450,60.33096,57.63917,55.80629
174,263.41175,279.56887,273.77233,281.02608,280.70600,290.12442,270.17829,292.94321,287.84108,255.19633,271.93517,274.21942,273.08800,284.19771,283.89479,287.53283,280.14979,277.35317,280.42958,275.85371,287.72208,274.37033,291.55358,280.59529,287.42408,284.32283,285.81667,287.87308,288.52138
175,254.02521,256.91583,257.42058,253.40729,257.86113,257.10462,253.19771,257.38846,258.88163,255.58792,253.55104,254.37546,252.95612,256.86775,255.18158,254.37488,254.21250,254.57708,255.65017,253.86058,256.18529,254.01375,256.97246,260.17287,257.93438,259.09050,257.94087,256.92925,257.51362
176,222.47717,234.38596,231.49700,224.87921,229.86042,231.81717,222.39671,230.35383,227.49254,221.03446,222.22562,225.74871,223.91325,224.97262,224.70163,226.52792,223.36729,222.18958,223.11837,222.76333,226.51875,222.15221,228.44700,224.20817,226.54742,225.33904,229.16904,233.90237,238.24458
177,171.35842,187.32817,180.15983,170.02371,179.48354,185.51467,165.27717,183.20288,176.15008,176.07142,165.21317,176.60362,167.93946,171.08392,170.41633,173.92613,167.53996,165.39892,167.25404,166.30742,174.53329,165.25375,179.11867,168.01946,174.45242,171.25054,179.33279,189.09629,197.51112
178,238.18858,195.16413,191.50604,224.52621,197.06192,205.81087,228.80983,209.38446,206.21417,242.70562,225.52383,235.24246,231.48596,211.80067,215.92475,219.08658,218.98387,217.58433,214.21329,222.40650,213.46137,221.71221,211.40542,206.60196,209.49850,207.36621,202.33362,202.85587,203.27138
179,239.87650,231.04742,222.25446,235.35362,226.51242,237.81546,231.29537,238.76108,230.62921,243.70992,229.65662,244.29279,235.88012,229.06733,231.05746,236.64937,229.71821,226.34617,226.55800,229.67567,233.67925,227.97442,236.74100,222.60963,231.10804,226.63383,230.45479,238.28892,245.22837
180,302.72212,298.70987,299.19975,303.47913,302.08708,303.81063,302.55783,305.43642,305.79292,303.34987,302.92900,303.81621,302.57846,305.20129,304.51775,304.37733,303.91746,303.94975,304.57863,303.39904,305.06996,303.39988,305.57513,306.39408,305.74783,306.04496,303.89658,302.07217,300.01550
181,194.00533,218.86321,223.00696,196.34933,217.69908,210.71546,194.48525,207.93971,211.02271,194.94125,195.53612,196.32583,194.21746,204.77154,200.83225,199.34904,198.13371,198.61629,201.49275,196.76150,203.58167,196.92592,205.75121,212.21400,207.62213,210.09021,213.24329,213.22771,214.51888
182,206.00367,187.12517,186.09654,207.69187,194.10717,199.59088,207.19213,204.37679,205.43029,204.60637,207.27879,206.31204,207.32542,207.25833,207.53425,207.49929,207.74713,207.67467,207.61683,207.50587,207.02550,207.44167,206.37733,207.43088,206.89350,207.16017,199.79138,194.87550,191.48621
183,275.30563,258.41867,250.87196,267.90546,253.69642,262.63750,267.95600,263.52742,257.18183,278.55425,265.82233,275.40500,270.97092,259.01462,262.14775,266.27900,262.94067,260.70767,259.08213,264.44450,262.37808,263.36496,263.12242,251.41646,258.86146,255.01179,257.04417,262.87058,268.43675
184,123.68092,116.61921,123.59008,123.17467,125.93288,121.63033,124.92646,123.88079,130.15967,125.27025,125.83850,122.43342,122.98896,129.32546,126.57271,123.15975,126.28904,128.17717,129.22854,126.05229,126.16458,126.93325,125.21754,137.21933,129.41892,133.25229,126.44350,118.47792,111.45100
185,130.79888,147.96729,148.75688,136.52654,148.08646,148.01050,131.12538,147.43050,146.27521,129.54013,131.85475,136.30663,133.01412,140.91621,138.96425,140.52233,135.89575,134.47458,137.18404,133.77167,142.38196,132.98342,145.44904,142.67729,144.09771,143.62158,147.34696,148.43087,147.69938
186,198.77125,218.73258,221.15033,211.28300,220.27546,217.09671,207.07342,217.05838,219.95533,191.12867,208.59267,203.16317,207.04521,217.08008,215.05133,214.17696,213.16363,213.12508,215.37879,210.77454,216.26154,210.63858,216.89233,221.46192,218.49333,220.21133,219.33063,216.95625,216.73783
187,301.26233,286.29746,287.13654,298.52333,288.91588,290.07854,300.62062,291.85967,292.81883,300.96058,299.82063,299.41688,300.68646,295.28204,296.35754,296.34483,297.69979,297.82488,296.64233,298.81250,294.88233,298.87121,293.37388,294.88158,294.03208,294.31608,290.64962,288.20537,286.18525
188,278.03983,276.96829,280.05771,279.26467,279.49558,277.49042,278.82329,278.08617,279.80487,276.49154,278.66200,278.92971,279.37988,279.31258,279.04325,279.08242,278.87237,278.66179,278.97258,278.76187,279.06150,278.60163,278.72821,280.81221,279.51996,280.21767,279.19329,276.37350,272.89362
189,184.74046,201.14187,196.15371,192.45967,198.42808,204.41146,187.67004,204.09771,199.61029,182.28496,188.81600,190.31088,188.32079,196.26038,195.12667,196.67479,192.67721,191.71700,193.64925,190.65137,197.99683,190.19242,201.31287,195.51242,198.61604,196.96371,199.97150,205.72175,211.41512
190,231.76450,232.48100,232.04250,230.26329,232.02546,232.53513,230.66350,232.41258,232.43637,232.64596,230.45396,231.89346,230.82454,231.22796,230.44900,230.43896,230.00258,230.02125,230.43208,230.23296,231.10967,230.23217,231.75217,232.96179,231.90746,232.32367,232.06213,232.96283,234.72833
191,261.41929,256.59712,258.27983,259.82992,258.91767,258.69471,259.42471,259.59088,260.42233,262.28675,259.00442,262.33188,260.43429,259.54892,259.21533,259.73000,258.83996,258.39867,258.78083,258.92242,259.67400,258.64971,259.86704,260.94775,260.12613,260.48612,259.39888,257.53675,255.42892
192,277.60783,261.71908,266.44963,275.76992,268.74958,267.10942,277.37004,269.73962,273.43263,277.33625,276.94988,276.20133,277.31896,274.92212,274.91092,274.01471,275.76229,276.19967,275.77517,276.38629,273.63296,276.54671,271.91821,277.49400,274.07292,275.72058,270.23729,263.66092,256.96425
193,190.98642,185.68379,182.52717,184.85837,181.35137,183.95725,186.35900,183.22533,180.63646,193.45087,184.91983,190.26421,187.69554,180.76325,181.76929,183.46396,182.21621,181.40037,180.56996,183.62388,182.01100,183.23521,182.47921,178.52375,180.88196,179.58129,181.47283,185.36996,190.22375
194,210.94017,228.97342,228.64087,214.14763,228.62742,229.18463,207.91604,228.37437,226.57404,213.20608,208.77092,217.68167,210.26458,219.80121,217.19104,219.08167,213.37112,211.77729,215.10725,210.95008,221.57558,210.07158,225.64708,222.35108,223.83750,223.20458,227.89908,229.96096,230.20621
195,206.36788,205.04263,213.81842,211.50242,214.22004,207.77192,212.09942,209.73950,216.88688,202.28912,213.06504,206.49225,210.56913,216.53733,214.38433,211.34079,214.30633,215.82942,216.80392,213.66096,213.43146,214.32163,211.72487,224.16867,216.23325,220.17587,213.71500,204.55163,196.43717
196,207.81054,239.25858,234.09900,216.84762,235.66400,240.97987,205.94012,239.82625,234.05758,209.19371,207.73358,218.64629,209.23538,224.82483,221.80846,225.30983,215.99392,213.25325,218.08862,211.65567,228.50800,210.20896,235.16375,224.98667,230.69621,228.12446,236.18404,242.87050,247.62946
197,248.84021,244.61100,241.78308,247.98846,245.18813,250.22683,245.54650,251.59146,249.18521,250.66792,245.27133,251.67554,247.35925,247.60333,247.47458,249.37042,246.28267,245.05379,245.88587,245.74775,249.08483,245.10029,250.75596,247.09017,249.03304,247.90196,247.70004,249.38437,251.13800
198,173.57367,152.68979,156.80446,160.72292,154.71450,150.58996,167.81454,150.86133,154.96113,178.80088,165.97646,167.30658,167.06075,157.34475,157.55321,155.82154,159.93871,161.25125,159.33400,163.09375,155.18396,163.74137,152.56296,160.67696,155.53396,157.86392,153.60492,150.04250,148.98096
199,204.89404,213.85246,210.59675,207.25025,212.61654,217.02583,202.46792,217.24287,213.93142,206.02392,202.77158,209.95383,204.64550,209.64233,208.46233,210.78654,205.78225,204.12300,206.22917,204.19637,211.77754,203.32846,215.08567,209.50408,212.57300,211.07104,213.99954,217.34038,219.91725
200,106.49446,123.47567,121.89071,105.35329,118.09625,117.22333,104.52067,114.39058,112.45896,108.53537,104.61512,108.21458,104.87167,108.42700,106.75487,107.27492,105.07504,104.80517,106.10875,104.82133,109.12417,104.70913,111.63042,109.81479,110.50429,110.16996,115.47825,120.53883,125.74838
201,190.81292,181.03892,174.75592,188.31625,176.35154,184.75046,188.28946,185.01450,178.69796,190.14008,186.65192,191.78925,190.43300,180.68183,183.55675,187.05421,184.40683,182.63171,181.09771,185.58033,183.48504,184.73608,184.10629,174.08667,180.26267,176.88450,178.91733,185.64904,191.19488
202,233.60058,211.54342,206.26675,224.09521,209.15871,216.85650,225.79933,218.19371,213.64700,237.85671,223.56650,232.29325,228.17163,215.85233,218.48546,221.60817,219.70342,218.13358,216.34137,221.72012,218.11371,220.96517,218.17617,210.77888,215.31729,212.73529,212.41492,216.49192,220.76696
203,271.87333,257.17329,255.41787,269.07013,259.10833,263.75300,268.84704,265.93400,264.36588,273.15592,268.00371,272.37096,270.25292,265.55462,266.73392,268.29250,267.08179,266.18333,265.63063,267.56392,266.62000,267.09829,266.58492,263.41546,265.40917,264.30625,262.17675,261.79554,261.27800
204,223.21533,254.43638,252.73325,229.23971,247.11158,244.82792,225.49158,241.13471,239.29704,220.78021,226.24637,227.04617,226.27350,233.89100,231.92983,232.80521,229.28542,228.44929,230.70475,227.68467,235.04954,227.24646,238.05546,235.03908,236.68500,236.18233,243.41154,249.05558,255.21654
205,286.48067,275.27146,275.75133,282.36263,276.42088,276.76529,284.97767,277.59833,278.57858,287.53667,284.23342,284.30358,284.73650,280.24733,280.74504,280.35908,281.87542,282.27625,281.30271,283.10929,279.59054,283.31529,278.45167,280.86192,279.29450,279.88933,277.18454,276.01412,275.97600
206,289.22896,299.32637,299.34292,294.92392,298.70137,298.31379,292.97987,297.98383,298.09167,285.65113,293.61525,291.41121,292.98713,296.93129,296.32600,296.33492,295.52208,295.37400,296.21233,294.52533,296.96025,294.42708,297.51596,297.85337,297.55050,297.74992,298.31000,298.72721,299.60562
207,277.80529,266.07729,263.96517,273.19454,266.18842,269.96158,273.66067,270.86625,268.88579,280.34408,272.71813,277.43975,274.85029,269.75429,270.81887,272.25908,271.24108,270.50150,269.84100,272.01187,270.74296,271.64529,270.85313,267.90087,269.62104,268.55542,267.97017,269.38779,270.14187
208,294.59367,284.50592,282.42738,293.62325,284.91021,288.83117,294.22596,290.23542,288.41783,294.13100,293.67058,294.10404,294.57208,290.34950,291.74575,292.69112,292.51917,292.11892,291.15396,293.12371,291.15163,292.95975,290.81371,287.16812,289.64879,288.40942,287.23875,287.64100,287.38642
209,253.15383,258.31025,261.67100,254.12992,260.46142,257.08696,253.62596,256.96479,259.33938,253.17925,254.02929,253.85558,253.45875,257.35287,255.81621,254.95150,254.95979,255.27913,256.32592,254.46921,256.54133,254.58450,256.89383,260.77979,258.22296,259.60175,259.25258,256.70717,254.20588
210,237.45321,228.81304,231.91067,236.22683,232.31929,230.31763,238.88300,231.41017,234.48321,236.39467,238.66604,235.30896,237.84517,236.09221,235.91192,234.41133,237.01129,238.01262,237.35325,237.87958,234.41813,238.36846,232.76054,238.87221,234.96529,236.72929,232.57038,228.88117,226.08421
211,182.44083,166.76638,170.68867,183.48396,174.55450,174.17233,184.11233,177.70796,181.19192,180.48729,184.01779,182.00683,184.03092,182.97429,183.09608,182.27825,183.77158,184.10296,183.82933,183.90554,181.91038,184.01000,180.28262,184.47292,182.14371,183.43112,177.26400,169.76379,162.32162
212,249.90433,253.42692,250.11221,254.46754,252.44167,256.23433,252.30433,257.02383,255.21992,247.18963,252.65692,252.42092,252.80142,254.83279,254.93625,255.82500,254.24433,253.66508,254.17167,253.41446,255.69421,253.12012,256.59575,253.55579,255.41562,254.50587,254.33988,255.97583,258.21204
213,224.36083,235.71225,238.07058,227.92179,238.22617,236.51104,224.79354,236.64308,237.70096,224.84075,225.85879,227.46304,225.04917,233.66367,231.30396,231.01092,229.01700,228.85967,231.09942,227.35750,233.65188,227.23333,235.64700,236.81279,235.90971,236.62450,237.72633,235.88900,232.97596
214,278.34579,272.53275,272.88333,279.41675,274.46775,275.55396,279.88829,276.73962,277.31529,276.78838,279.85204,278.29621,279.66200,278.64458,279.01754,278.77533,279.56725,279.77267,279.38154,279.72000,278.23363,279.81292,277.48267,278.91912,277.98429,278.31379,275.73808,274.37833,273.34967
215,196.38542,191.11762,186.39683,191.59446,186.31121,190.67246,192.56442,190.15433,186.64192,198.10600,191.27925,196.28825,193.89625,187.21662,188.52496,190.47804,189.00154,188.09154,187.19021,190.18842,188.69950,189.76162,189.26308,184.35350,187.20592,185.50779,187.17746,192.13417,197.67054
216,247.10271,232.13858,227.52437,241.75454,230.68850,237.51387,241.92821,239.03629,235.00479,249.85425,240.57500,246.93738,243.76329,236.28079,238.18458,240.76771,238.64483,237.26437,236.24967,239.65117,238.42567,238.99429,239.00433,231.37862,236.25750,233.77650,233.91583,236.66129,239.09692
217,254.57746,253.52612,253.89829,257.63867,254.87537,255.58362,257.05767,256.45308,256.77021,251.68596,257.10792,255.43825,257.21771,257.25583,257.48687,257.62963,257.55387,257.40183,257.40733,257.32308,257.24867,257.22383,256.94454,257.19729,257.08792,257.15779,255.76242,254.66162,253.71267
218,190.39879,202.56133,201.69046,195.07658,201.12275,201.23746,192.86333,200.73613,200.15633,188.14242,193.48104,192.43787,193.03096,197.88012,196.86633,197.10367,195.49783,195.15996,196.37275,194.43892,198.36800,194.25942,199.77679,198.20988,199.21471,198.98587,200.81837,201.86696,202.79858
219,164.70304,172.66188,169.21500,165.10908,168.02125,170.78921,162.97558,169.59692,166.08388,164.51729,162.48742,167.47446,164.77867,163.94479,164.12750,166.37350,162.99875,161.60900,162.21083,162.72396,165.90821,162.02167,167.84683,161.89325,165.41604,163.65617,167.77742,172.59867,177.08700
220,213.73396,203.31562,201.65458,212.63987,204.26721,207.84896,213.76083,209.37496,208.45388,213.31358,213.31842,212.85683,213.71162,210.33771,211.26263,211.58642,212.07250,212.05562,211.21000,212.72633,210.50012,212.74225,209.96479,208.83308,209.57746,209.09762,206.62050,206.64496,207.06329
221,190.02446,197.80604,193.91533,190.43692,192.14033,194.94604,189.20400,193.44829,189.85800,189.12850,188.63871,192.15700,190.57438,188.58633,189.10029,191.09713,188.49950,187.38354,187.51650,188.56679,190.28683,188.02087,191.75987,186.31575,189.49671,187.81287,191.68454,197.24046,202.84625
222,131.66950,137.70287,138.00829,137.03754,140.71879,142.10292,133.02025,143.51646,143.74158,129.97317,133.85642,135.78921,134.03271,140.78733,139.28617,139.91292,137.23462,136.51517,138.48592,135.46321,141.30812,135.03683,143.02500,142.85725,142.74087,142.90871,142.21758,140.53471,139.16379
223,167.93392,187.32879,181.98267,170.35750,180.44188,184.40863,165.33154,182.18900,176.80792,168.82267,165.43150,173.66867,167.85696,171.85029,171.02629,174.11125,168.23258,166.21871,168.21129,166.75467,174.73829,165.72946,178.68325,170.22579,175.00221,172.60129,179.69346,187.63400,195.19775
224,167.75983,181.79625,175.43021,167.46762,174.09833,179.08933,164.26050,176.86121,170.70271,169.88825,163.97525,171.58579,166.29463,167.20567,167.13079,170.07967,165.19496,163.44888,164.52054,164.54521,170.12604,163.70050,173.57813,163.69071,169.57671,166.69450,173.74850,182.41746,189.98221
225,144.36021,163.54042,158.72279,149.29200,157.68096,160.21725,145.84571,158.41971,155.32075,142.54700,146.39375,148.45825,146.78808,151.94883,150.92221,152.22767,148.93863,148.03958,149.62087,147.60054,153.33204,147.13675,155.92633,151.71542,154.00517,152.90229,157.11013,162.98879,170.47096
226,198.78125,156.90946,151.35071,190.38592,159.15950,170.30308,193.44808,174.84533,170.30800,199.82083,190.76037,195.76450,195.55104,177.26079,182.30504,185.66725,185.50550,183.95929,180.30313,188.26212,179.59079,187.54721,177.45133,168.23988,174.48442,171.08983,166.12725,166.35092,165.39546
227,119.84371,135.57542,132.42521,127.68492,134.94025,138.71904,123.13258,138.96212,136.58417,117.72654,124.55700,124.30625,123.31825,133.04729,131.33288,131.89738,128.78829,128.22900,130.44083,126.56950,134.10221,126.28758,137.00500,133.24112,135.40462,134.56158,136.39987,139.00221,141.27354
228,137.37217,173.98617,173.36212,151.70504,174.71688,176.66138,139.60596,176.01813,172.56121,135.53638,142.24450,149.51392,142.27871,162.55792,158.63967,161.16463,152.29612,149.95212,155.55450,147.02321,165.47287,145.74821,171.95617,164.56412,168.66883,167.09746,174.50575,177.05308,175.72879
229,188.58550,148.83679,139.88358,173.66213,143.10333,154.00683,179.74883,155.74875,149.13958,192.06508,175.78367,183.69054,182.12525,156.79967,162.84629,166.87933,167.12908,165.54304,160.58021,171.66004,159.59179,170.97038,157.27929,146.06808,153.39862,149.20629,147.79188,153.66496,160.14700
230,137.74979,163.70725,159.13221,144.33271,157.65121,159.33379,139.81158,157.17587,154.41371,135.85429,140.88375,142.69867,140.56725,149.46704,147.48350,148.54425,144.64438,143.80471,146.21988,142.66729,150.76312,142.23700,154.13204,150.64200,152.34383,151.55492,156.53708,162.45117,170.04179
231,182.70125,185.68996,184.48683,179.97300,182.24879,181.35788,182.26917,180.00521,180.30979,183.56700,181.95687,180.89837,181.51275,180.27804,179.85238,179.05746,180.28075,180.94075,180.59525,181.15446,179.55275,181.50508,179.38704,181.61646,180.03987,180.72383,181.01687,183.24750,187.87821
232,184.63571,177.61288,178.81763,183.09033,178.54908,177.33783,186.17517,177.80575,179.92050,183.27375,185.72229,182.12129,185.18512,181.91996,182.16767,180.91767,183.52408,184.43117,183.43038,184.67692,180.53687,185.12917,178.87592,183.47963,180.59021,181.88404,178.63050,176.90792,177.10717
233,116.74571,101.37212,98.38138,106.31137,96.34629,97.20500,113.09483,96.43071,96.15037,119.20721,111.07638,111.13083,112.42383,99.98658,101.79917,101.46583,104.66933,105.45988,102.65208,108.02017,99.28183,108.48713,97.15237,98.56846,97.66700,97.75750,96.14729,98.82717,105.51825
234,107.08762,112.15146,113.70742,104.45862,111.40971,108.80104,104.89621,107.74838,108.85508,109.65379,104.86454,106.98675,104.89383,106.72762,105.37992,104.85883,104.66958,104.90767,105.64608,104.76450,106.27646,104.86296,106.98221,109.31929,107.66779,108.55792,109.71129,109.77150,110.52371
235,189.24987,184.13462,184.54687,189.49729,185.63796,186.78338,189.34938,187.82971,187.70067,188.17712,188.99246,189.90442,189.95412,188.11425,188.52617,189.11896,188.65925,188.29362,188.12167,188.83358,188.43746,188.63242,188.30075,187.59029,188.05925,187.80700,186.72654,185.58812,183.93912
236,134.85946,141.42317,142.09450,135.53637,141.94046,141.10417,134.22804,140.88021,141.46921,135.77325,134.61700,136.10821,134.46446,138.81129,137.26404,137.10171,135.91346,135.81963,137.12963,135.22871,138.75425,135.15238,140.02979,141.21308,140.26933,140.84763,141.49508,141.29358,141.35642
237,87.34367,117.14479,117.65287,95.40154,114.97050,112.46112,89.31929,110.39092,109.92987,85.86137,90.88200,93.68892,90.38733,103.15483,100.06496,100.66254,96.31088,95.44183,98.92850,93.45996,104.04617,92.95242,107.65746,106.51925,106.84279,106.98342,112.44600,114.42992,116.09837
238,80.77162,85.37150,78.68100,78.20004,78.23854,83.58550,77.07458,82.08971,76.73021,82.89796,76.35146,82.43371,78.63138,75.61421,76.46446,78.97275,75.84846,74.53004,74.46242,76.10446,77.94404,75.49042,79.94058,71.66567,76.63750,74.06250,78.67183,86.28371,94.39542
239,136.83629,147.13558,140.98012,140.42217,142.30787,148.67050,135.80800,148.05775,142.55183,135.97842,135.81438,141.89863,138.13533,139.90092,140.15592,143.29250,138.24979,136.27475,137.47104,136.96942,142.73767,135.97279,145.66087,136.77608,141.98892,139.30812,143.65404,150.33746,156.68246
240,208.00821,200.42071,198.18650,205.90067,199.19371,202.41996,206.61275,202.93325,200.99262,207.97383,205.77162,207.49183,207.37233,202.31087,203.59492,204.80587,204.26308,203.67550,202.79683,205.05225,203.19888,204.77625,203.02179,199.81142,201.85046,200.73371,200.53946,202.30987,203.93221
241,201.99537,195.98917,193.28425,201.60983,195.98592,199.83504,201.21875,200.98125,199.47242,202.34238,201.04896,202.55983,201.64658,200.26933,200.86933,201.60854,200.98575,200.63162,200.38513,201.01975,200.85271,200.85129,201.03854,198.86429,200.16550,199.40025,198.13329,199.14087,200.80838
242,211.79754,213.32092,215.75233,213.23517,215.76071,213.65429,213.32750,214.07929,216.26638,211.08938,213.77238,211.73013,212.69233,215.65492,214.64954,213.55142,214.37192,214.92804,215.45562,214.05813,214.66429,214.31283,214.44583,218.26458,215.82792,217.09592,215.46758,212.87908,210.71196
243,144.45254,151.25433,156.30417,145.09292,153.93679,148.15854,145.92092,147.65200,151.89063,144.42675,146.54983,143.85192,144.74650,149.90712,147.66629,145.51562,147.05100,148.18154,149.23988,146.78500,147.94167,147.31050,147.75612,155.63929,150.48733,153.10450,151.73279,148.02325,145.01342
244,115.04588,115.14525,109.69054,115.31942,112.15775,118.09008,113.03471,118.53679,114.28442,115.66542,112.76700,117.24271,114.52750,113.56879,114.34613,116.63333,113.52950,112.18992,112.42921,113.12687,115.75288,112.48321,117.47713,109.59750,114.56796,112.18396,114.38271,118.35825,121.93025
245,162.63729,141.94708,139.61567,156.94754,139.33525,142.25783,162.46658,142.83979,141.72808,160.30012,160.30850,158.66133,162.49529,147.56417,150.92467,151.65912,154.43008,154.56942,151.14208,157.51250,147.48025,157.63262,144.49887,143.99646,144.37571,143.67004,140.64900,142.29792,145.55950
246,127.61404,143.31312,141.86300,130.50317,139.88913,140.49613,126.48788,138.91429,136.43621,127.17867,126.62013,132.05004,128.48058,132.25021,131.28008,133.30700,129.03808,127.55217,129.32696,127.76379,134.05204,126.97575,136.72204,132.31067,134.73746,133.59542,138.58738,142.34550,145.30842
247,163.37883,164.24917,163.35637,168.03563,168.15179,172.09454,163.49917,174.24667,172.99912,163.18633,164.38762,167.67908,164.67625,170.83075,169.97004,171.10592,168.03604,167.07071,168.78746,166.12558,171.93342,165.59775,173.79825,170.98525,172.58783,171.86267,171.01783,169.85196,167.34746
248,141.49492,125.15529,122.43088,140.98996,129.25913,135.97562,139.92708,139.40192,137.76304,142.50392,139.79292,142.63592,140.70325,139.23738,140.08204,141.15404,140.15329,139.56950,139.35013,139.96713,140.05950,139.67325,140.22825,137.32271,139.11908,138.08008,134.10887,132.80454,131.20262
249,153.05075,147.20771,146.63304,151.29333,148.05375,150.00142,150.98733,150.89208,150.23337,154.06892,150.52962,153.65771,151.89417,150.07062,150.29267,151.15133,150.15338,149.61971,149.63675,150.34775,150.62133,150.06288,150.92825,149.78079,150.39329,150.01062,149.26717,149.22679,149.25488
250,91.94404,59.96367,56.38846,78.05921,57.13504,62.68075,83.28025,63.62587,59.83079,96.11425,79.92179,87.65867,85.41229,65.06425,69.39921,72.36467,72.68233,71.45796,67.73171,76.46979,66.91737,75.91150,64.92858,58.22225,62.60475,60.00183,59.33508,62.31354,64.73929
251,113.33629,103.18542,104.65821,111.81154,107.32588,108.47900,112.19542,110.31387,111.26642,114.22529,111.99246,113.30767,112.40438,111.63779,111.48287,111.38721,111.59054,111.63833,111.63771,111.80008,111.30554,111.80042,111.02258,112.89396,111.59379,112.11629,109.05154,106.41837,103.78108
252,165.41421,187.84596,186.48562,172.85404,185.89500,186.55233,166.96350,185.44962,183.33317,164.15687,168.26567,171.08062,168.17083,178.21546,176.32854,177.58717,173.17133,171.99704,174.72875,170.59729,179.80413,169.97117,183.13900,178.54217,181.27629,180.27646,185.15108,187.76067,189.13079
253,181.35279,186.10117,186.20833,182.27871,185.43129,184.67629,181.98304,184.22217,184.56333,181.11375,182.23888,181.69617,181.77450,183.72642,183.12929,182.81954,182.73775,182.88429,183.30813,182.47517,183.50504,182.54375,183.83783,184.75775,184.10325,184.45958,184.86371,185.19138,186.02300
254,178.36362,179.96346,180.41500,179.15571,179.91146,179.31829,179.30142,179.19571,179.65638,177.44737,179.34792,178.41821,179.14304,179.53913,179.34271,179.12100,179.34050,179.47108,179.53837,179.34433,179.28354,179.40483,179.18779,180.25392,179.53342,179.86942,179.61971,179.43237,179.60333
255,52.29388,66.70804,68.66158,56.66658,67.55992,65.30617,53.80654,64.52567,65.45571,51.70388,54.86371,55.52208,53.90346,61.89642,59.79725,59.40658,57.85679,57.82608,59.80637,56.28604,61.66137,56.22292,63.27488,65.38450,63.72263,64.60879,66.14571,65.85033,65.54283
256,49.96258,34.17275,32.38825,42.74708,33.45221,36.27708,45.43871,36.91608,35.42354,52.75958,43.96392,47.55758,46.19404,37.56908,39.18304,40.23433,40.56967,40.19975,38.63567,42.34404,38.18783,42.18625,37.41837,35.15354,36.59188,35.67292,34.75867,35.98183,37.38479
257,94.94729,114.33625,113.29650,101.85842,112.69483,111.76337,99.47762,110.71733,111.22842,92.53121,101.01650,97.26692,98.40921,108.25837,106.04212,104.88312,104.25533,104.77992,106.63829,102.55804,107.67512,102.81592,109.26321,111.20029,109.76521,110.63771,111.79758,113.14775,116.13979
258,111.66283,107.20946,104.88563,106.81363,103.67167,105.55783,107.97237,104.83837,102.60546,113.52158,106.77242,110.93063,109.10863,102.98113,104.06996,105.55667,104.56938,103.82863,103.00904,105.71771,104.10187,105.36554,104.32233,100.65287,102.91117,101.69221,103.56917,106.74675,110.01662
259,108.47654,115.43521,114.66275,109.86333,114.62996,115.52196,107.78463,115.13625,113.84562,109.06250,108.10246,110.61054,108.44704,111.65479,110.90696,111.64467,109.62658,109.07025,110.10938,108.82429,112.45758,108.53729,114.00821,111.69937,113.00917,112.45000,114.52642,115.98942,116.50717
260,151.92337,152.36462,149.47983,152.82483,149.88854,152.62546,152.39888,152.60721,150.42142,150.82508,152.16642,152.48454,152.80750,150.99808,151.87096,152.86604,151.99696,151.48967,151.11129,152.08625,151.97654,151.86146,152.31975,148.19562,150.91629,149.62688,150.76167,153.04546,155.22800
261,128.05108,158.39017,160.04788,141.33562,158.37858,155.06337,135.99425,153.78921,155.18713,122.26833,138.32950,133.50767,135.33871,150.34654,147.30025,146.23700,144.31933,144.48779,147.59467,141.18363,149.88500,141.20904,152.13021,154.52908,152.80671,153.97633,156.41592,156.08708,155.84971
262,29.31283,41.26908,42.80904,33.15825,42.07146,40.05087,31.03679,39.50492,40.73175,28.67933,32.03067,31.69217,30.81525,37.94929,36.06112,35.37017,34.53146,34.73467,36.37546,33.21983,37.43821,33.28167,38.59762,41.36575,39.33458,40.37442,40.99442,40.45275,40.29846
263,131.24742,113.86333,110.22917,125.69404,112.51458,117.43575,127.78675,118.68567,116.28317,132.70125,126.32350,129.45904,128.75638,119.34713,121.64487,123.18450,123.23875,122.59783,120.76950,124.85433,120.38958,124.56508,119.46854,115.32962,118.05688,116.51217,115.03033,116.76346,118.99808
264,98.93275,140.55750,143.85575,111.66463,140.22192,134.24833,103.72575,131.65867,133.41975,96.31900,106.49071,106.81583,104.09150,124.45792,119.57138,118.88333,114.58492,114.21162,119.18179,110.33963,124.40771,110.03892,128.56142,131.27104,129.08262,130.61617,136.24604,136.31617,135.72583
265,55.70737,61.77942,60.75733,56.77063,60.39021,61.01375,55.70533,60.45758,59.62267,55.66700,55.90412,56.91037,55.97063,58.12971,57.51904,57.86567,56.71683,56.46754,57.13717,56.28796,58.49575,56.16188,59.50858,58.67908,59.00150,58.82054,60.11563,61.84375,63.77754
266,101.89925,92.36725,91.65408,100.61887,94.75633,97.80354,100.34437,99.52333,98.66012,102.88587,100.09396,102.03079,100.85825,99.30700,99.81187,100.51438,99.88408,99.49279,99.29229,99.99375,99.86225,99.80588,99.97650,98.03229,99.30025,98.65963,97.02896,96.04575,94.28063
267,101.42346,130.09463,128.18812,112.20496,129.25196,131.12250,103.86517,130.26546,127.48621,100.05967,106.02567,109.06246,105.09975,120.61704,117.77287,119.12687,113.33346,111.96167,115.88146,109.50125,122.52108,108.77129,127.13667,121.68096,124.79904,123.65429,129.09292,132.10775,133.01817
268,52.09942,53.45163,48.09829,50.88688,46.77450,51.01550,50.58733,49.75350,45.27854,50.90817,49.41450,53.13167,52.28092,45.79650,47.61646,50.23342,47.95508,46.57738,45.70933,48.71608,47.90488,48.05583,48.60825,41.45933,45.82292,43.44317,46.97096,53.26638,60.21742
269,133.20263,141.26996,142.11467,138.08046,141.42696,140.08408,137.18275,139.87537,140.92954,130.02442,137.88704,134.23404,136.54679,140.38737,139.70125,138.96529,139.30079,139.65062,140.22300,138.56321,139.80483,138.72471,139.81708,141.84250,140.54887,141.25204,140.89733,140.23046,140.23412
270,77.54917,84.73808,87.24554,81.21558,86.25504,83.62250,80.67437,83.42771,85.39979,75.25767,81.31467,78.39029,80.03721,84.25338,83.06137,82.02642,82.50629,83.00000,83.79479,81.88263,83.32912,82.10121,83.37842,87.13638,84.65488,85.91713,85.26929,83.49746,81.85650
271,94.67087,95.71771,95.77062,94.60946,95.76087,96.23888,93.37892,96.27587,95.69679,95.15821,93.22992,96.03279,94.32121,94.56925,94.40725,95.22246,93.78421,93.17483,93.66275,93.49137,95.19329,93.15742,95.88387,94.58067,95.31033,94.96850,95.82142,96.17912,96.02104
272,110.36758,121.08146,121.07492,115.35817,119.75242,119.12154,113.64888,118.33458,118.10671,107.04242,114.12025,112.37787,113.76829,116.89192,116.41292,116.58383,115.68300,115.46129,116.18175,114.86538,117.05367,114.73446,117.65175,117.56817,117.50067,117.55200,118.88175,120.00808,121.27154
273,96.25854,94.13425,93.98992,95.19842,93.88112,94.63762,95.02754,94.70208,93.95954,96.54704,94.62179,96.71542,95.73242,93.85813,94.21117,94.98438,94.20488,93.75058,93.63758,94.42142,94.38217,94.18721,94.56775,93.23775,94.00896,93.56737,94.03779,94.60683,94.75413
274,105.34117,123.96204,123.74688,114.17708,123.05442,122.56671,110.35438,121.82575,121.43671,101.18250,111.68496,109.35008,110.32379,118.69271,117.30446,117.32833,115.47267,115.21100,116.98658,113.49038,118.99117,113.33283,120.59738,119.94033,120.21363,120.23588,122.32004,123.33829,124.14142
275,86.17087,76.27442,70.90596,83.43175,74.73296,81.98650,82.08150,83.28521,78.75167,88.37288,81.29162,87.29125,83.88062,79.39817,81.00375,83.62304,80.89542,79.42329,78.95063,81.10058,81.72262,80.39271,82.82133,74.47104,79.76354,77.09725,77.97133,81.40192,84.26637
276,88.25892,80.57463,73.68867,88.15029,76.24200,83.73729,87.69654,84.44608,79.61212,86.54308,86.68854,89.35117,89.17437,82.04592,84.62692,87.22758,85.49292,84.18263,82.84371,86.12158,84.17567,85.50146,84.27863,76.17975,81.32163,78.55621,79.16121,84.11608,89.55567
277,71.03308,97.05204,99.77992,79.01513,97.34750,92.66421,75.18971,91.09517,93.25533,69.18300,77.14804,74.73404,74.44483,88.07112,84.65908,83.21663,81.84083,82.28575,85.25038,79.37988,87.24608,79.55125,89.41729,93.27258,90.59142,92.23317,94.70758,93.83796,93.00404
278,94.61775,85.98983,86.45488,91.43975,86.38704,86.41633,93.33850,86.86662,87.30517,95.29938,92.64683,93.01708,93.37050,88.90750,89.70929,89.70192,90.74462,90.87229,89.91388,91.74125,88.66908,91.80954,87.64679,88.37329,87.99771,88.10350,86.71983,85.92971,85.41688
279,58.08029,47.69592,49.86275,52.69771,49.11413,47.16671,55.90196,47.45204,49.35396,60.07021,55.12338,55.12308,55.45875,50.86592,51.18779,50.37342,52.43900,53.06383,52.04225,53.84338,49.87750,54.15800,48.46479,51.94554,49.81058,50.78179,48.71783,46.60413,44.92221
280,82.58829,93.98721,93.01738,85.40446,92.55937,92.92900,82.87729,92.08646,90.95737,82.73392,83.54375,85.12321,83.25550,88.36887,87.27546,87.70404,85.75254,85.35392,86.68467,84.59258,88.97175,84.38321,90.67333,89.04025,89.86342,89.53096,91.97921,93.93479,95.26275
281,87.66075,81.69221,78.69429,83.73417,78.02421,81.05771,84.62579,80.51771,77.36471,88.71117,83.42246,87.18617,85.82250,78.65779,80.46275,82.35004,81.28350,80.37408,79.17258,82.40146,80.13892,81.98217,80.15058,74.76050,78.17221,76.34063,78.39217,82.09733,85.17525
282,54.90842,52.62608,51.33933,52.72108,51.06617,52.52983,52.60596,52.31296,50.84254,56.02096,52.01529,55.41229,53.57054,50.74125,51.29708,52.41183,51.31750,50.69687,50.47200,51.68008,51.56421,51.36617,51.92383,49.55192,50.93571,50.14071,51.23125,52.99317,54.65683
283,87.37721,86.99042,87.59733,88.76092,88.16875,88.51821,88.30737,88.97888,89.00504,86.41488,88.41967,87.91504,88.34817,88.96538,88.93592,89.01537,88.81067,88.73425,88.86321,88.60658,89.01492,88.56467,89.07700,88.98996,89.04658,89.03500,88.58521,87.92954,86.72567
284,58.70654,79.08708,81.44821,63.89750,78.69633,74.56229,61.07921,72.91008,74.44742,57.55508,62.31625,61.68721,60.87662,70.22263,67.68617,66.88242,65.53929,65.70017,67.92692,63.84721,69.73725,63.87896,71.44325,74.30946,72.24325,73.45992,76.07046,75.89933,75.86779
285,75.11221,85.31967,83.29708,77.38792,82.88162,84.26746,74.93283,83.38967,81.32246,75.22792,75.34950,77.61758,75.59467,79.09987,78.50538,79.45113,77.15600,76.50267,77.54096,76.20637,80.16192,75.88254,81.92046,78.45779,80.48458,79.55671,82.57825,85.43288,87.52892
286,28.96196,24.23796,24.46233,25.61475,24.05604,23.37521,27.65925,23.29667,24.14108,30.22496,27.20996,27.10900,27.28796,24.83308,24.86888,24.34063,25.52971,25.96125,25.41179,26.40767,24.23433,26.63246,23.59679,25.69100,24.32421,24.90542,23.82892,23.53888,24.41092
287,62.32000,67.05208,67.35033,64.76942,67.25800,66.78112,64.12454,66.68400,67.11058,61.08604,64.56721,63.10629,63.79567,66.47921,65.90313,65.50708,65.49275,65.68158,66.15858,65.00862,66.20163,65.09537,66.46621,67.45146,66.77825,67.14558,67.07050,66.85138,66.60400
288,30.84592,33.04775,32.47462,30.63746,32.22154,32.42996,30.30796,32.15079,31.78717,31.28167,30.30675,31.14283,30.49600,31.08429,30.82958,31.02025,30.48696,30.34513,30.61038,30.39046,31.29462,30.31854,31.75454,31.18917,31.49804,31.37692,32.07254,32.82737,33.68346
289,70.06188,46.80729,43.34646,64.62358,46.95887,53.00108,67.44854,54.96979,52.37146,70.63479,65.86025,67.56763,68.12342,56.90629,59.87963,61.38083,62.15204,61.65079,59.19204,64.09717,57.84046,63.89817,56.26971,52.10483,54.86892,53.18079,50.35846,51.56704,52.75692
290,71.57388,81.33012,79.98537,73.15829,78.44429,78.30808,71.85738,77.08583,76.12354,71.15021,72.07600,73.10046,72.22254,74.45283,73.90021,74.33533,73.05367,72.73454,73.43288,72.53879,74.92342,72.37254,75.97246,74.70858,75.35033,75.05533,77.43625,79.80392,82.59617
291,79.81292,89.97333,90.08275,82.92821,89.06342,88.00846,81.38954,87.25113,87.41921,78.85829,82.02483,81.34304,81.27404,85.66796,84.67667,84.44654,83.69546,83.70154,84.67850,82.81954,85.62025,82.80829,86.48063,86.94325,86.55079,86.83679,88.15967,88.78808,89.64829
292,85.68842,91.70829,91.91683,87.78954,91.21971,90.50246,86.88292,90.07433,90.25012,84.80992,87.25467,86.61567,86.80988,89.30675,88.76896,88.63179,88.23671,88.24017,88.78446,87.72221,89.25208,87.71458,89.67850,90.07521,89.76921,89.96929,90.66117,90.92312,91.32771
293,84.20992,89.71925,89.66283,86.21158,89.09104,88.70117,85.22704,88.32017,88.26350,83.39125,85.54721,85.13975,85.26079,87.41404,87.01379,87.02750,86.50596,86.41625,86.90742,86.00383,87.49512,85.95042,87.93404,87.82279,87.85925,87.89929,88.67063,89.10971,89.65508
294,50.20021,71.89071,73.59700,57.00392,71.86000,68.62696,52.18950,67.44258,68.53113,48.99683,53.64171,54.86646,52.78250,63.62079,61.07888,60.97646,58.29158,57.86371,60.64079,55.85354,63.75142,55.56067,65.96696,67.24546,66.20250,66.97129,69.87967,69.49325,69.00767
295,36.33992,39.20046,36.47138,37.08850,36.76254,39.16992,35.98600,38.81762,36.78113,36.11600,35.90225,37.72092,36.64412,36.38304,36.70429,37.70787,36.34542,35.77600,35.90921,36.11238,37.28071,35.83187,38.04737,35.00362,36.79621,35.83238,37.22263,40.01446,43.15529
296,33.77813,37.27067,39.24508,34.08700,37.84921,35.59096,34.19213,35.08400,36.40863,33.60679,34.34025,33.90558,33.99983,35.54504,34.80183,34.23896,34.54633,34.81921,35.22387,34.43713,34.94254,34.54996,34.92475,37.69133,35.80675,36.70717,36.67904,35.89933,35.44071
297,44.03912,41.86608,40.71821,46.34233,42.14771,44.41225,45.88000,45.17008,44.13529,41.76667,45.84779,44.60888,46.02154,45.06742,45.76871,46.30642,46.00150,45.72421,45.41696,45.92388,45.51279,45.79763,45.39575,43.51733,44.75804,44.11371,43.43542,43.81596,43.97150
298,12.89942,16.65287,16.35862,13.34021,15.73650,15.65650,12.59150,15.21492,14.79300,12.97329,12.63746,13.69725,12.93846,13.86008,13.58917,13.92321,13.11621,12.85988,13.24567,12.86350,14.16987,12.72725,14.72383,14.00633,14.38612,14.22046,15.32425,16.17075,17.04496
299,66.87271,71.65867,71.10458,67.26754,70.11646,70.07900,66.71854,69.40029,68.68317,66.68083,66.66583,67.66733,67.07200,67.62196,67.36346,67.79863,66.88625,66.60108,66.94029,66.76787,68.04196,66.62521,68.72975,67.57329,68.21346,67.91425,69.51817,70.87387,72.11938
300,45.03521,43.42279,42.61296,42.19208,41.80000,41.99858,43.42575,41.48396,40.97825,46.44654,42.99175,43.93692,43.40400,41.18100,41.38833,41.48925,41.72042,41.76967,41.35904,42.38308,41.26825,42.43012,41.24462,40.72563,41.03525,40.85250,41.46538,42.72188,44.25729
301,68.62000,71.45321,72.09412,70.55971,72.04967,71.19112,70.10946,71.31954,72.22942,67.58075,70.46567,68.94288,69.82196,71.89433,71.45125,70.98804,71.20904,71.39617,71.74921,70.82096,71.52271,70.90162,71.47342,72.84700,72.02133,72.51338,71.94600,70.95762,70.43008
302,64.67012,72.24821,72.54271,68.60412,73.14012,72.95446,66.84433,72.99721,73.32771,63.63692,67.74717,66.09513,66.42338,71.91408,70.86150,70.36854,69.86550,70.01821,71.05779,68.75692,71.70683,68.82458,72.49175,73.22379,72.69813,73.06950,73.17067,72.87425,72.43075
303,50.54275,57.64050,57.12625,53.06317,57.00621,56.89571,51.56104,56.56992,56.45267,49.86150,52.05492,52.10554,51.64704,55.08458,54.36462,54.38079,53.51692,53.40158,54.21437,52.75050,55.20383,52.67846,55.98904,55.87021,55.85454,55.92121,56.75846,57.28738,58.04187
304,56.65092,61.16483,61.31608,59.37071,61.49658,61.27971,58.11821,61.32975,61.50046,55.47992,58.55717,57.86383,58.12571,60.77950,60.36488,60.31204,59.82292,59.74950,60.30462,59.16112,60.81033,59.11033,61.18212,61.18483,61.19729,61.28146,61.49638,61.14304,60.68629
305,59.60671,63.15463,63.95542,60.58246,63.09242,61.71933,60.75108,61.36446,62.24329,58.95713,60.99467,59.42488,60.29992,61.85379,61.35125,60.75637,61.23192,61.55900,61.78787,61.10754,61.36188,61.26825,61.29888,63.04304,61.92279,62.51175,62.41846,62.00742,61.98821
306,34.45204,53.89350,52.12075,39.50942,50.24300,50.11183,35.68433,48.38663,46.59683,33.40933,36.52758,38.20858,36.44962,43.00525,41.78550,42.65750,39.69746,38.92154,40.69629,38.03396,44.13288,37.62479,46.44171,43.00125,45.04412,44.26408,48.82850,52.09271,55.02421
307,33.52104,25.63371,26.82242,30.76183,27.13213,26.64817,32.49567,27.27304,28.29400,34.35113,32.04708,31.87521,32.28000,29.44517,29.77683,29.39754,30.55583,30.86117,30.21129,31.33671,28.93962,31.49167,28.05158,29.80362,28.75554,29.21938,27.46104,25.85429,24.48967
308,35.95167,42.07946,40.99458,37.95742,40.34725,40.57133,37.16913,39.96446,39.39404,34.71813,37.36537,36.78867,37.23600,38.67975,38.45058,38.63475,38.03596,37.88562,38.23471,37.68421,38.91108,37.60867,39.40192,38.66771,39.07483,38.90188,39.97021,41.41900,43.38875
309,10.53813,17.19562,14.74775,12.36646,14.44975,16.14204,10.83254,15.44738,13.49563,9.84837,10.95183,12.14817,11.39329,12.50958,12.54663,13.46233,11.88304,11.31254,11.72738,11.39400,13.44042,11.11583,14.47654,11.25750,13.20317,12.25533,14.42604,17.24879,20.15538
310,38.38962,35.95279,36.43912,36.93496,36.33050,36.09962,37.23237,36.18617,36.37458,39.18504,36.99550,38.16029,37.47950,36.39129,36.45842,36.59533,36.55667,36.47529,36.37971,36.78533,36.40000,36.73721,36.29417,36.59321,36.37621,36.45221,36.27725,35.93400,35.57842
311,42.91188,35.18312,33.54187,41.18529,35.11517,37.69421,41.71671,38.44875,37.24625,43.34808,41.21617,42.46912,42.12792,38.61517,39.62596,40.33971,40.23825,39.92837,39.21092,40.75133,39.12100,40.61104,38.78650,36.79046,38.07808,37.33087,36.50696,37.16862,37.71392
312,23.15425,19.48412,17.94546,23.26908,19.38629,21.86046,22.97721,22.43254,21.08425,22.79121,22.77304,23.55521,23.36471,21.77338,22.44025,23.15629,22.61875,22.25792,21.95158,22.70054,22.35671,22.53075,22.43721,20.26483,21.61150,20.85562,20.58275,21.50821,22.04321
313,22.86079,41.01904,40.50062,28.97700,39.74542,39.43183,25.14496,38.34475,37.34792,21.44021,26.34717,26.58258,25.38242,33.76996,32.12671,32.41229,29.95358,29.53333,31.51000,28.06237,34.39979,27.83558,36.61179,34.89908,35.78475,35.52867,38.76725,40.55671,41.42979
314,22.66892,26.93392,25.43400,24.41283,25.45683,26.77554,23.16750,26.48246,25.16133,21.79192,23.25567,24.00000,23.63775,24.47675,24.51888,25.22275,24.02225,23.56525,23.89329,23.62008,25.15612,23.39112,25.87358,23.62933,24.98433,24.32450,25.61283,27.32492,28.91525
315,25.74342,29.74983,31.84308,26.46846,30.80567,28.47158,26.11546,28.18229,29.64887,25.77829,26.41300,26.06558,25.95625,28.47758,27.56971,26.98479,27.07496,27.29433,27.92117,26.72696,27.94671,26.80979,28.09937,30.56004,28.94867,29.81254,29.81650,28.46150,27.16792
316,38.46612,44.23550,44.00229,38.91267,42.55262,41.83875,38.47079,40.93137,40.58704,38.51104,38.56788,38.98508,38.56171,39.65421,39.32158,39.42858,38.92600,38.83346,39.16308,38.73658,39.81446,38.69050,40.30883,39.88600,40.09029,40.02321,41.59183,42.83121,44.06346
317,35.51175,38.47292,38.52021,37.51213,38.89050,39.17725,36.49996,39.25808,39.07475,34.72600,36.82163,36.55625,36.54529,38.50808,38.22138,38.29367,37.78200,37.68233,38.10417,37.27967,38.61871,37.22288,39.01062,38.75879,38.86500,38.82692,39.02529,39.06721,38.72863
318,17.32587,36.34200,35.23658,21.93112,33.41521,32.60037,18.86688,30.85958,29.84404,16.65650,19.87279,20.20854,18.99383,26.35775,24.76821,24.92529,22.81542,22.51200,24.27100,21.27079,26.88371,21.10892,28.96558,27.47342,28.22737,28.03846,31.81217,34.57042,37.23963
319,10.24796,29.07033,27.86329,13.48817,24.73887,23.27817,11.35404,20.95008,19.87337,9.61362,11.99321,12.44608,11.51896,16.76788,15.49933,15.72683,13.95608,13.67908,15.02238,12.92363,17.27783,12.78117,19.05204,17.57612,18.33075,18.10483,22.44879,25.91533,29.69208
320,24.49179,21.49421,21.46746,24.33108,22.23862,22.89783,24.51033,23.40100,23.35358,24.38929,24.43446,24.28292,24.50800,23.82371,24.04721,24.10042,24.23117,24.22000,24.03783,24.33833,23.84979,24.33646,23.67217,23.44121,23.63408,23.54183,22.84392,22.36663,21.71858
321,13.85233,13.66533,13.98508,13.91000,13.94613,13.67096,14.08396,13.73008,14.05104,13.69929,14.09587,13.74500,13.98042,14.07854,13.98846,13.82454,14.02763,14.12446,14.12662,14.06338,13.91350,14.10925,13.81329,14.42550,14.03513,14.22742,13.91154,13.58171,13.42304
322,10.12592,15.42171,14.80350,11.36446,14.22904,14.27267,10.50371,13.74475,13.21642,9.81096,10.70717,11.01875,10.64525,12.28263,11.94621,12.14746,11.42558,11.25933,11.69596,11.04804,12.54988,10.96333,13.16621,12.35012,12.80429,12.61808,13.82487,14.92596,16.05442
323,34.38825,30.29258,28.44833,33.76942,29.82275,32.32858,33.64408,32.83008,31.43933,34.64758,33.39688,34.52117,34.02046,32.17346,32.86829,33.56846,33.09171,32.74783,32.38575,33.25217,32.76621,33.09463,32.83346,30.51812,31.98567,31.19592,31.00413,32.09388,33.07600
324,25.49283,22.74375,21.85254,25.39133,21.84900,22.88046,26.21650,22.89092,22.30279,24.31408,25.88025,24.91412,26.17646,23.53350,24.28871,24.51450,24.96067,24.94558,24.27471,25.44396,23.60446,25.45079,23.07000,22.59517,22.87833,22.60700,22.16392,23.10192,24.31746
325,12.59292,14.90063,14.06854,12.63712,13.86971,14.37721,12.18500,14.06208,13.38717,12.87125,12.18992,13.03525,12.40954,12.82996,12.73050,13.04387,12.42733,12.22783,12.42896,12.30146,13.16063,12.20442,13.62971,12.54463,13.18413,12.88204,13.77642,14.84471,15.93683
326,14.94512,16.06867,16.30608,15.79263,16.43013,16.23896,15.63421,16.32583,16.63967,14.49692,15.80471,15.08900,15.46142,16.47075,16.23729,16.01742,16.11554,16.22550,16.39050,15.95300,16.29758,16.00525,16.33083,16.95258,16.54646,16.76029,16.45829,16.13133,15.88971
327,25.98438,29.43750,28.38929,26.55700,27.85979,28.17196,26.21254,27.65967,27.01783,25.74246,26.26762,26.35992,26.28113,26.69425,26.67979,26.87696,26.50100,26.39054,26.49621,26.37829,26.93367,26.32863,27.25192,26.28971,26.87950,26.60692,27.58425,28.86479,30.28771
328,6.18813,5.61538,5.77033,6.14429,5.90942,5.80858,6.39821,5.90775,6.18500,6.12762,6.42567,6.00229,6.22821,6.31492,6.24012,6.03383,6.32133,6.46292,6.42804,6.37604,6.11721,6.44758,5.99388,6.65692,6.22062,6.41396,5.97267,5.70667,5.66592
329,21.64946,18.72742,17.43954,20.47012,17.55912,18.69079,21.32525,18.65692,18.02062,21.64325,20.98408,21.01267,21.32904,18.94242,19.51079,19.71554,20.04138,20.03917,19.48167,20.53533,19.03783,20.54887,18.71000,18.14288,18.47204,18.19854,17.90621,19.01721,20.74817
330,14.41171,26.97388,26.83437,18.12242,25.54125,24.70375,15.76867,23.68333,23.23500,13.23692,16.39079,16.76300,16.10229,20.84646,19.83517,20.11121,18.49287,18.14679,19.37846,17.38996,21.24279,17.19613,22.55762,21.80479,22.13113,22.06554,24.43458,25.76600,26.93008
331,4.31417,5.71921,5.62708,4.34592,5.26171,5.09704,4.28362,4.86958,4.78771,4.33704,4.29138,4.40163,4.30471,4.53267,4.43413,4.45829,4.33329,4.31375,4.39508,4.31067,4.57046,4.30138,4.70575,4.61762,4.65467,4.64492,5.02783,5.35829,5.77175
332,15.38746,10.36654,9.38792,13.83467,9.98221,11.43775,14.52679,11.73550,10.93033,15.68671,14.09446,14.76100,14.75388,11.89779,12.61825,13.06458,13.13125,12.96079,12.37421,13.63588,12.20850,13.56429,11.92258,10.63692,11.47175,10.98412,10.65162,11.31275,11.90967
333,8.41825,3.57300,3.30425,6.77050,3.76613,4.47679,7.49704,4.80358,4.55758,8.91729,7.13450,7.75308,7.64337,5.32812,5.81987,6.03967,6.26496,6.20175,5.73567,6.72029,5.43050,6.69529,5.09208,4.66283,4.95929,4.75662,4.22775,4.18579,4.08671
334,16.70475,13.91058,13.39675,16.13054,13.87283,14.50579,16.86092,14.78792,14.69183,16.35550,16.64067,15.95846,16.75033,15.31450,15.60112,15.58437,15.95117,16.01742,15.66413,16.31212,15.28950,16.35500,15.02417,14.83929,15.01288,14.92658,14.33563,14.31021,14.64762
335,24.87146,27.47029,27.59437,25.98558,27.65392,27.45333,25.27762,27.44775,27.58321,24.53583,25.48696,25.57425,25.37392,26.93800,26.57571,26.55929,26.17567,26.11863,26.52008,25.81475,26.95754,25.77104,27.28229,27.42246,27.30242,27.39738,27.59196,27.42450,27.31117
336,23.24696,23.94275,24.24038,23.69388,23.89779,23.48854,23.95871,23.38679,23.64833,22.33804,23.89046,23.16742,23.91354,23.66854,23.61612,23.50596,23.69196,23.76946,23.73333,23.79575,23.52529,23.82504,23.41979,23.98708,23.60904,23.77850,23.68013,23.59212,23.69804
337,23.83925,19.33788,17.89529,21.38979,18.52796,20.27012,22.34296,20.37817,19.24004,24.44625,21.73004,23.05125,22.72192,19.64037,20.10225,20.66283,20.41887,20.20512,19.74362,21.10254,20.07487,21.00379,20.19946,18.62454,19.54825,18.98858,19.13300,20.44133,21.80204
338,21.96146,19.28133,19.54125,19.90079,19.47525,19.04158,21.53125,19.03675,19.61375,22.11371,21.11875,20.52388,21.29296,19.67821,19.45304,19.06158,19.75146,20.06329,19.80633,20.46392,19.29371,20.61804,19.11925,20.47262,19.57375,19.98313,19.37187,19.10950,19.40354
339,16.82913,18.34817,18.08546,16.33650,17.89696,17.96575,16.18867,17.72883,17.45450,17.10996,16.07383,16.96096,16.46658,16.67629,16.38188,16.58733,16.04688,15.89829,16.15583,16.05813,16.87992,15.97308,17.35692,16.91688,17.12783,17.03842,17.71721,18.28671,18.80000
340,25.00996,31.16863,30.77917,25.75938,29.91942,29.35175,25.41362,28.64613,28.54379,24.68646,25.56538,25.39279,25.38325,27.25650,26.56058,26.44825,25.97612,26.00404,26.53317,25.75779,27.28408,25.76371,27.98408,27.99358,27.91021,28.01663,29.22437,30.20267,31.61554
341,25.23421,28.81292,28.68554,24.93075,27.98088,27.33113,25.34429,26.76496,26.84771,25.03371,25.25929,24.90475,25.25896,25.88283,25.29612,25.09338,24.97388,25.09196,25.37367,25.11942,25.80354,25.17121,26.28688,26.59100,26.34812,26.52746,27.37383,27.97442,28.84163
342,16.90221,14.43325,13.58267,13.96417,13.26429,13.64196,15.40142,13.30633,12.99579,17.49167,14.71942,15.75742,15.67858,12.87783,12.89200,13.08171,13.12775,13.10342,12.79775,13.95638,12.94900,13.93612,13.04900,13.06371,12.93779,12.90800,13.12513,14.28546,16.36000
343,21.70071,16.86333,15.79646,18.71388,16.06225,17.08750,20.31242,17.11267,16.60429,22.04525,19.53754,20.34396,20.60658,16.97792,17.28867,17.59238,17.72596,17.65692,17.13338,18.67046,17.14717,18.63379,17.08238,16.54342,16.83212,16.61075,16.41596,17.37554,19.07508
344,17.45175,14.13108,13.88650,15.42121,13.83883,13.82271,17.22767,13.80442,14.13558,17.29104,16.73900,15.81621,16.98150,14.63004,14.67238,14.34600,15.17708,15.47833,15.01429,15.99233,14.29408,16.14329,13.95363,14.94596,14.30404,14.57379,13.87608,14.01779,14.97100
345,16.41600,13.64925,13.24621,13.84438,12.79571,12.39621,16.11400,12.16833,12.77925,16.30771,15.52050,14.45096,15.77642,13.13121,13.03021,12.56837,13.57212,13.96508,13.47525,14.58833,12.65838,14.78875,12.28871,13.84758,12.83750,13.29713,12.59196,12.90025,14.66692
346,17.44271,15.10975,13.47954,14.73717,13.58950,14.75592,15.92338,14.50617,13.73363,18.06396,15.27375,16.52479,16.25542,13.58900,13.67529,14.05150,13.82383,13.69525,13.41504,14.57804,13.87138,14.51517,14.15283,13.29550,13.73771,13.44979,13.79650,15.44808,18.03750
347,14.39521,14.89963,14.66987,12.70583,13.99754,13.34900,14.20654,12.88917,13.38813,14.28842,13.83025,13.10650,13.98738,12.97637,12.51492,12.08758,12.61058,12.91954,12.85104,13.24467,12.60379,13.38987,12.66925,14.01288,13.09883,13.55108,13.51400,14.05275,15.81712
348,26.00146,28.56579,28.40067,25.23917,27.76179,27.15321,25.87992,26.67225,26.89933,25.86750,25.67175,25.45650,25.85596,25.95850,25.38821,25.21217,25.11846,25.21092,25.43875,25.40342,25.87196,25.44167,26.29346,26.72783,26.42154,26.64888,27.25496,27.78608,28.87025
349,10.86204,7.89804,8.04992,8.64146,7.91533,7.48575,10.44183,7.44921,8.06508,11.00942,9.99692,9.23783,10.16179,8.28525,8.11462,7.66533,8.50642,8.86000,8.52571,9.28367,7.84925,9.45738,7.57671,9.01996,8.08413,8.51925,7.80892,7.63029,8.29463
350,8.61683,7.49096,6.78333,6.83500,6.55333,6.60608,8.24671,6.35350,6.52987,8.70808,7.86092,7.39946,8.06212,6.54454,6.38458,6.13771,6.62671,6.85462,6.61737,7.26954,6.30354,7.38658,6.24654,7.05892,6.49004,6.73492,6.45442,7.16071,8.96713
351,11.57458,17.50804,17.10604,11.86762,16.20929,15.48529,12.05162,14.74021,15.01775,11.06375,12.05188,11.53254,11.96337,13.52625,12.60133,12.31963,12.02225,12.14246,12.69338,12.03258,13.36787,12.07904,14.05829,14.91304,14.26642,14.66012,15.47879,16.52225,18.52288
352,11.62158,11.02458,10.84625,9.89500,10.51900,10.07900,11.26800,9.84683,10.37325,11.64121,10.88296,10.39862,11.11867,10.01267,9.61637,9.29333,9.70371,9.93262,9.86033,10.31663,9.70675,10.42671,9.74383,10.95163,10.14650,10.56112,10.28083,10.51079,11.71087
353,9.02746,8.99846,8.47792,7.57483,8.14850,8.00833,8.70567,7.69987,7.95071,9.10558,8.39596,8.04025,8.56950,7.66592,7.35363,7.10358,7.42858,7.62321,7.55325,7.93154,7.43338,8.02629,7.50563,8.40417,7.76983,8.06821,7.93729,8.59171,10.30667
354,12.39333,9.56975,9.98142,10.24258,9.77675,9.10042,11.96317,9.10146,9.99196,12.37308,11.47650,10.86779,11.79975,9.98617,9.70029,9.28037,10.00296,10.29996,10.06767,10.77063,9.52163,10.90833,9.26479,11.10137,9.90488,10.48158,9.62354,9.19458,9.71642
355,14.70200,19.60033,19.77979,14.16675,18.45971,16.91867,15.16396,16.08058,16.99537,14.29342,15.06513,13.88579,14.81121,15.77821,14.79250,14.12804,14.48575,14.86842,15.23425,14.78383,15.23867,14.96046,15.58275,17.75029,16.26788,17.04292,17.41383,17.98688,19.90067
356,15.53037,20.00583,19.57083,14.77462,18.47117,17.46021,15.71979,16.64379,17.22021,15.23333,15.54917,14.76679,15.49517,16.06313,15.19904,14.71721,14.90096,15.18492,15.50213,15.23492,15.68333,15.36354,16.09600,17.69196,16.56625,17.15304,17.62438,18.59925,20.99029
357,20.75079,16.18996,16.16600,17.65308,15.89758,15.30550,20.37708,15.25175,16.33396,20.82229,19.75121,18.29433,19.86883,16.96146,16.81650,16.08025,17.53758,18.10842,17.51629,18.69292,16.19908,18.97821,15.56542,18.15533,16.48150,17.24008,15.79050,15.62271,17.07987
358,6.36221,5.20971,4.95867,4.74475,4.66821,4.49104,5.84958,4.29654,4.54946,6.61350,5.52721,5.38296,5.75138,4.51063,4.36496,4.17254,4.54675,4.71300,4.54300,5.05733,4.30421,5.13967,4.23917,5.02404,4.48338,4.72437,4.50537,4.86596,6.04688
359,4.98287,12.13458,11.76621,5.90667,10.54454,9.68583,5.24683,8.81458,8.94558,4.84329,5.45279,5.70883,5.32029,7.51046,6.77083,6.69854,6.11129,6.06617,6.70000,5.76367,7.50075,5.72875,8.14342,8.62108,8.21621,8.47333,9.63225,10.82442,12.95942
360,5.71567,6.89871,6.63379,5.73742,6.27525,6.27188,5.73779,6.04900,5.89633,5.60821,5.70313,5.79088,5.77917,5.73421,5.70250,5.77225,5.65283,5.61621,5.64279,5.67858,5.79246,5.66179,5.89321,5.74583,5.81308,5.77358,6.09862,6.57908,7.26696
361,7.15458,10.75471,11.14467,8.36042,10.90242,10.37108,7.60412,10.22100,10.41942,6.91400,7.86871,7.83817,7.63142,9.57979,9.11879,9.05171,8.64017,8.59883,9.07137,8.23554,9.58737,8.20550,9.98025,10.15404,10.02554,10.15637,10.61575,10.44508,10.13550
362,24.54292,28.08979,28.02454,25.88933,27.65583,27.41575,25.30875,27.16029,27.14221,23.91067,25.51246,25.18063,25.30667,26.64500,26.39208,26.37679,26.09512,26.06217,26.35775,25.79004,26.66296,25.76792,26.91454,26.96971,26.89842,26.95275,27.38458,27.70208,28.13433
363,8.05083,7.69404,8.32629,7.86017,8.14138,7.49862,8.23867,7.52642,8.16417,8.01846,8.25271,7.72896,8.03621,8.18617,8.00129,7.67850,8.08133,8.27346,8.27358,8.17092,7.85550,8.26392,7.65792,8.93504,8.10550,8.49938,7.97171,7.41658,7.12104
364,17.45658,23.47996,23.71079,19.28621,22.94892,22.09333,18.52133,21.61313,21.88683,16.68883,18.85183,18.21588,18.43463,20.85242,20.25263,20.07683,19.71012,19.73008,20.28250,19.25975,20.77025,19.26112,21.20996,21.73183,21.35479,21.60725,22.32337,22.57892,22.99858
365,5.56004,13.48121,14.15329,7.23821,13.15092,11.83150,6.00621,11.16967,11.48450,5.58171,6.47642,6.66254,6.00646,9.68596,8.70900,8.53154,7.77721,7.74638,8.65592,7.09379,9.66533,7.06525,10.49583,10.98142,10.59396,10.89296,12.20533,12.40875,12.44562
366,5.20575,12.49575,12.83608,6.90121,11.76325,10.57454,5.98012,9.90458,10.24096,4.77446,6.35537,6.10604,5.93979,8.85121,8.06992,7.87217,7.36913,7.38092,8.08733,6.83675,8.76350,6.82921,9.35546,10.01654,9.52308,9.83946,10.87450,11.25008,11.92196
367,20.19683,14.79663,14.05067,18.88525,14.67879,15.96479,19.55887,16.38075,15.78021,20.15900,19.10650,19.60767,19.82613,16.83033,17.59033,18.03912,18.14179,17.95458,17.34896,18.64754,17.11142,18.56296,16.71883,15.60771,16.35804,15.92421,15.38942,15.66375,15.91150
368,6.69688,4.69796,4.88329,5.86446,4.89275,4.80683,6.43783,4.89829,5.09742,6.90546,6.29662,6.19858,6.34683,5.44525,5.55429,5.44892,5.80017,5.90312,5.68721,6.06000,5.30567,6.11508,5.06442,5.51262,5.23200,5.34042,4.93771,4.70233,4.54946
369,25.48700,28.73583,28.58742,26.56421,28.29013,28.13225,26.00842,27.88250,27.78163,25.13288,26.20850,26.04675,26.00250,27.29621,27.05933,27.05637,26.76525,26.73204,27.01221,26.47362,27.34433,26.45400,27.62262,27.50679,27.55108,27.55312,28.05062,28.41017,28.81883
370,16.40521,15.38454,14.78725,15.93746,14.88633,15.40225,16.09779,15.41729,15.08983,16.47071,15.94746,16.22883,16.21967,15.31908,15.54058,15.72875,15.66471,15.57317,15.41338,15.81258,15.46612,15.76971,15.42671,14.85925,15.23204,15.03917,15.07092,15.49304,16.12354
371,25.78679,24.59929,25.43450,26.06058,25.67204,25.14375,26.12779,25.48504,26.17963,25.55342,26.19383,25.61296,26.01558,26.31671,26.22433,25.96662,26.27979,26.39637,26.42225,26.23567,26.06475,26.28433,25.82171,26.75725,26.21667,26.51779,25.78433,24.64121,23.40075
372,15.04729,17.27662,17.08821,15.34000,16.51037,16.23079,15.33342,15.88654,15.82821,14.72579,15.33958,15.09837,15.31554,15.56004,15.44433,15.43071,15.35492,15.36008,15.43717,15.34621,15.56633,15.34829,15.68912,15.68846,15.67083,15.69188,16.16108,16.63492,17.25658
373,10.35808,16.99450,17.18654,11.99250,16.24588,15.21954,11.45638,14.59779,14.93129,9.70079,11.80346,10.97912,11.23217,13.82025,13.09600,12.76492,12.55508,12.69350,13.25554,12.16017,13.62875,12.22221,14.10529,14.90454,14.33167,14.67342,15.46796,15.88379,16.61808
374,9.14250,15.51962,16.13654,10.23687,15.11746,13.84513,9.48833,13.21500,13.64262,9.05521,9.78333,9.95262,9.50146,12.16379,11.31604,11.11392,10.61367,10.63567,11.34567,10.17646,12.04183,10.17038,12.65542,13.56350,12.87896,13.26625,14.20979,14.46312,14.94458
375,7.66279,7.56467,7.14787,6.95763,7.05337,7.06229,7.63796,6.92696,7.12938,7.46471,7.42458,7.17267,7.59246,6.95792,6.76875,6.64354,6.81375,6.91058,6.87225,7.13125,6.81608,7.17600,6.84450,7.46388,7.03013,7.23538,7.00579,7.42800,8.75229
376,16.71017,17.50779,17.26750,14.61571,16.48792,15.60613,16.40038,15.10583,15.95683,16.63967,15.92979,15.19675,16.16187,15.16267,14.43992,13.94396,14.43325,14.76296,14.79521,15.21004,14.69079,15.36983,14.84121,16.83963,15.48162,16.17163,15.93400,16.44533,18.71917
377,25.91821,14.34471,13.90475,19.66792,13.72104,13.82354,24.24837,13.95279,14.68854,26.36529,22.80742,21.88450,23.90492,16.39008,16.98263,16.58746,18.50704,19.01542,17.55179,20.75279,15.77392,21.02867,14.61767,16.63287,15.35721,15.83879,13.94604,14.06621,15.91662
378,28.00667,20.94200,20.34313,24.82158,20.60550,20.78479,28.18271,21.03729,21.96912,27.10392,27.26129,25.16996,27.69817,23.11092,23.27675,22.69979,24.30408,24.82871,23.90367,25.84812,22.42142,26.12037,21.57279,23.87525,22.41108,23.04642,21.00917,20.94162,22.91737
379,20.62017,17.22600,16.57629,16.57421,15.99346,15.72158,19.32517,15.32288,15.80971,21.15608,18.46425,18.23579,19.13325,15.72004,15.44896,15.12792,15.90788,16.23287,15.76092,17.23900,15.33587,17.41113,15.20663,16.74883,15.67967,16.15383,15.69258,16.52858,19.10087
380,14.86167,18.01037,17.48946,13.25508,16.56154,15.72517,14.59121,14.99008,15.62667,14.94592,14.28758,13.72554,14.34679,14.41542,13.49875,13.01950,13.23692,13.53629,13.79729,13.78004,14.01683,13.92550,14.44912,16.19725,14.96317,15.60433,15.84542,16.87387,19.69000
381,25.24692,14.87850,14.18413,18.78712,14.20408,14.58733,22.76746,14.65833,15.06583,26.57454,21.42037,21.74908,22.64612,16.10308,16.44333,16.23204,17.57512,17.93075,16.79175,19.58125,15.70996,19.77533,15.01921,16.40138,15.48629,15.81796,14.46296,14.91058,16.85971
382,21.56904,16.85767,16.94450,18.08308,16.67129,16.03783,21.04792,15.97988,17.09429,21.41342,20.21158,19.03271,20.70471,17.29937,17.00508,16.42054,17.60904,18.07346,17.54650,18.96529,16.63775,19.19787,16.19775,18.74375,17.07150,17.84812,16.53313,16.37937,17.90333
383,21.15258,18.16754,18.61275,18.33142,18.24792,17.16321,21.10037,17.06433,18.51988,20.82592,20.45154,18.85233,20.59771,18.38887,17.78279,16.96404,18.20042,18.78021,18.47575,19.37254,17.55708,19.65950,17.22225,20.39125,18.30958,19.31175,17.95221,17.49533,18.75850
384,24.48967,26.46692,26.60879,22.11954,25.74788,24.24629,24.21513,23.64525,25.05083,24.55471,23.78117,22.66287,23.77950,23.65488,22.40683,21.56646,22.18800,22.70258,22.97729,23.01296,22.91483,23.26183,23.25129,26.33654,24.25163,25.33467,24.96271,25.19437,27.46192
385,25.38454,21.87604,21.86558,21.24571,21.09508,19.99400,24.54421,19.65396,20.97421,25.51212,23.62846,22.55621,24.16025,20.79104,20.24300,19.53546,20.75792,21.29358,20.84871,22.25254,20.04183,22.51992,19.73088,22.65375,20.73162,21.66212,20.62458,20.68225,22.81321
386,24.61071,24.47567,25.01621,20.45975,22.87554,20.55454,23.79533,19.53954,21.08833,24.79675,22.91592,21.78279,23.35167,20.44321,19.67317,18.84121,20.07733,20.67213,20.35146,21.55442,19.59112,21.85000,19.36225,22.77221,20.51433,21.62588,21.45742,21.88071,24.43233
387,32.00358,21.71133,21.52508,26.09708,21.29862,21.12242,30.59271,21.22067,22.22829,32.10729,29.14779,28.25487,30.31667,23.38537,23.64083,23.19192,24.92817,25.42896,24.20637,27.12992,22.70967,27.39079,21.76467,24.27854,22.64204,23.31883,21.41550,21.42612,23.40125
388,34.97858,32.13858,31.42833,30.40833,30.00967,29.35488,33.74342,28.55225,29.03250,34.86992,32.52750,32.42725,33.75462,28.84746,28.64408,28.48475,29.23783,29.48783,28.86154,30.95087,28.50437,31.07779,28.32821,30.00958,28.80988,29.31642,29.25008,30.67675,34.15267
389,41.83808,40.62896,40.02250,39.30467,39.64958,39.36604,41.47133,39.04062,39.64033,41.59271,40.81521,40.04517,41.27296,39.18229,38.68046,38.31108,38.86388,39.15808,38.97188,39.87850,38.79850,40.02608,38.85842,40.45971,39.36267,39.90258,39.42496,40.09804,42.50029
390,39.07921,33.55467,32.88621,34.93979,32.87054,32.99650,37.81300,32.98679,33.61929,39.23600,36.78346,36.70571,37.81092,33.66258,33.46746,33.26125,33.99017,34.22808,33.69992,35.44487,33.30529,35.56175,33.08250,34.73942,33.60513,34.10779,33.00883,33.45558,35.86113
391,30.18475,32.20621,31.16467,27.50621,30.10917,29.41433,30.06579,28.50675,29.25808,29.97454,29.47575,28.27171,29.57767,28.30058,27.33517,26.62246,27.38592,27.93225,27.91096,28.47121,27.62371,28.74671,27.89117,30.62608,28.65733,29.54550,29.34033,30.95425,35.08771
392,23.82929,23.12754,22.24063,20.33004,21.19825,20.62729,23.16254,19.90246,20.52521,23.90875,22.37533,21.44071,22.80121,20.09254,19.54700,19.02817,19.87917,20.31579,19.98658,21.17775,19.57225,21.40500,19.57442,21.59942,20.19042,20.84379,20.58767,21.90667,25.48687
393,17.36550,19.94475,18.83917,15.11287,17.71988,17.38067,16.93150,16.47146,16.66050,17.49933,16.45804,15.97987,16.65004,15.69192,14.95821,14.58567,14.88575,15.19904,15.23013,15.70125,15.36912,15.86667,15.78800,17.16275,16.11121,16.59083,17.00646,18.87912,22.84992
394,16.85325,19.54121,18.64487,15.66333,17.84246,17.50275,17.07029,16.83850,17.15550,16.12929,16.62229,15.95133,16.96400,16.17558,15.49212,15.24058,15.34563,15.53392,15.64775,16.00713,15.93325,16.09679,16.32479,17.55279,16.63692,17.08429,17.31933,18.65879,21.89546
395,6.24329,6.99675,6.78417,5.94896,6.58912,6.38696,6.45296,6.21679,6.52704,5.98929,6.35596,5.92408,6.32817,6.27029,5.99808,5.79500,5.97746,6.11146,6.15533,6.17371,6.06950,6.23871,6.11325,6.95150,6.37079,6.64900,6.44371,6.73821,7.73587
396,12.31483,11.45596,11.31038,11.89442,11.18833,11.26858,12.46775,11.21271,11.28500,11.93700,12.27546,12.05567,12.43779,11.47646,11.52825,11.49612,11.72142,11.78842,11.61504,12.01071,11.36412,12.04425,11.22058,11.73600,11.34842,11.46979,11.16854,11.44096,12.17546
397,52.19112,45.69592,46.31129,51.70129,47.76617,48.46317,51.96337,49.49329,49.92721,52.23350,51.83808,51.98438,52.03371,50.82900,51.18029,51.18758,51.55225,51.56279,51.27013,51.70383,50.68333,51.70208,50.15825,50.80621,50.41796,50.54171,48.77042,47.29396,45.51958
398,20.97113,24.41546,24.38462,22.68883,24.38392,24.31496,22.09112,24.22104,24.28575,19.81912,22.25429,21.81892,22.15471,23.59321,23.20879,23.21883,22.81508,22.75521,23.14508,22.52054,23.60554,22.47842,23.95829,24.21167,23.97992,24.10583,24.29108,24.45883,24.81129
399,36.50867,42.04517,42.69767,38.62892,42.19888,41.05058,37.88558,40.78404,41.56488,35.59933,38.31708,37.30683,37.66504,40.58858,39.84112,39.41987,39.31104,39.46683,40.08233,38.79038,40.25121,38.85233,40.54367,42.06592,41.03271,41.58504,41.65983,41.25050,41.22175
400,31.34471,31.22154,32.56629,31.03950,32.37604,31.23096,31.26812,31.35213,32.30396,31.78792,31.38912,31.14775,31.02225,31.98021,31.54054,31.08317,31.44208,31.68529,31.87371,31.41358,31.57146,31.52954,31.49717,33.07129,32.07362,32.60267,32.10675,30.87746,29.43925
401,35.03842,41.31237,40.88429,35.74150,40.41063,40.46754,34.50733,39.86671,39.27333,35.71663,34.79312,36.55000,34.80983,37.54508,36.75462,36.98871,35.83479,35.64021,36.45338,35.28612,37.82579,35.17558,38.90650,38.42754,38.51017,38.44275,39.90367,41.18813,42.32867
402,46.68354,43.46146,43.04946,44.81746,43.39379,44.14704,45.79017,44.28983,43.85288,46.97004,45.32546,46.22592,45.98513,43.94579,44.03138,44.22850,44.22229,44.21121,43.95054,44.79688,44.06625,44.78754,44.18762,43.73692,43.94854,43.77363,43.70867,44.08075,44.37183
403,40.67838,41.66817,42.39046,39.30121,41.88092,40.81621,40.44013,40.50925,41.24617,41.15192,40.33788,40.11613,40.07158,40.53650,39.75133,39.10429,39.63837,40.09642,40.27771,40.00062,39.98117,40.21775,40.20250,42.21071,40.79350,41.44837,41.31958,41.07912,41.21100
404,32.14071,42.79996,41.63896,33.32350,40.45208,39.36867,33.64013,38.25183,39.05463,30.69367,33.72200,32.28729,33.35492,36.50025,34.77512,34.14683,33.75771,34.04867,35.05946,33.73021,36.05871,33.85471,37.17842,39.38117,37.77517,38.67283,39.44542,41.11633,45.51721
405,49.17692,40.86979,39.39463,45.42321,40.87992,43.09317,47.39733,43.73183,43.20892,49.90413,46.50721,47.79271,47.66967,43.66179,43.86292,44.16333,44.32004,44.30058,43.74983,45.45958,43.76308,45.45325,43.76629,43.62242,43.57183,43.44837,42.11729,42.93717,44.73717
406,39.00817,38.41971,37.99175,37.29346,37.40179,37.03196,39.24788,36.70617,37.30429,38.51033,38.79937,37.68421,38.88012,37.27412,36.89704,36.36383,37.21546,37.65204,37.39858,38.04058,36.73667,38.25446,36.59533,38.46433,37.18025,37.75458,37.12250,37.69292,39.76763
407,44.64292,52.88796,51.00567,46.08454,51.24312,52.33758,44.79296,51.79083,50.87354,44.51529,45.07396,46.32083,45.09938,48.56900,47.41283,47.66375,46.16717,45.95408,47.02996,45.58892,48.95317,45.46463,50.52062,49.62762,49.94088,49.81108,51.22533,53.34954,56.19446
408,41.94775,49.65217,50.28287,41.80337,48.63442,46.09008,43.43454,45.10696,47.18158,40.35388,43.24483,40.90629,42.88925,44.85338,42.94054,41.78996,42.28083,42.90554,43.69317,42.77546,43.82662,43.05692,44.43600,48.94696,45.86688,47.45796,47.24187,47.49287,50.54825
409,41.69125,38.95983,37.66954,36.78483,37.07825,36.91321,40.36292,36.33017,36.94629,42.20987,39.32167,38.63108,39.99746,36.41912,35.73900,35.15767,36.12158,36.63488,36.22492,37.78617,35.86317,38.05067,35.97408,38.05271,36.60283,37.29067,36.75754,38.15679,42.01679
410,38.57454,37.27262,37.13396,37.08925,37.73529,37.60325,38.94467,37.81833,38.88363,37.70267,38.44963,37.10288,38.69633,37.99392,37.05804,36.46833,36.93496,37.30192,37.45887,37.72025,37.46008,37.88617,37.73033,39.94642,38.46242,39.25183,38.01121,37.75746,39.34146
411,37.41988,47.70304,43.95554,38.55279,42.98458,44.39117,38.67992,42.96479,41.36050,36.17312,38.68583,37.73908,38.49021,39.90212,39.21779,39.31600,38.58529,38.61429,39.03879,38.63196,40.25213,38.66279,41.50329,39.84338,40.72504,40.32208,42.48708,46.74275,52.95129
412,44.95758,57.64633,57.36004,48.77696,57.52642,56.80204,47.28958,56.32442,56.96588,43.84392,48.22533,46.67908,46.74038,54.01267,51.90288,51.05179,50.28304,50.65458,52.28575,49.20067,53.59342,49.36363,55.17596,56.86187,55.58887,56.36329,57.08296,57.48342,58.73200
413,24.86617,40.06521,36.81137,23.69017,33.47937,33.13312,23.16475,30.39679,28.59042,26.27633,23.07513,25.83721,23.61300,25.55604,24.43842,24.97500,23.21837,22.91187,23.81383,23.13338,26.24579,22.98621,28.16412,26.15437,27.11696,26.66708,31.29112,36.71562,43.89746
414,19.27296,24.58554,25.30529,18.32846,23.26583,21.01450,19.76008,19.93308,21.08692,18.96858,19.62483,18.35792,19.24817,19.94158,18.91354,18.06475,18.74475,19.28650,19.55008,19.20004,19.21183,19.45967,19.42362,22.21267,20.30600,21.25121,21.76954,22.23721,23.96650
415,54.60263,38.86325,36.70742,45.40988,36.39304,37.56054,52.65975,37.42821,37.77558,54.02950,50.14025,48.81275,52.40492,39.95146,40.82825,40.62675,43.03346,43.61013,41.37817,46.74208,39.34154,47.06338,37.99708,40.09346,38.67358,39.11542,36.82250,38.69250,44.10387
416,64.14592,61.68967,62.12087,62.12779,62.89058,61.76988,65.33046,62.19146,64.87546,62.54042,64.67646,61.61912,64.61150,63.82375,62.27246,60.90638,62.28967,63.11400,63.29383,63.52867,62.49450,63.91525,62.41808,67.84029,64.27200,66.07808,63.15238,61.84771,63.78633
417,93.33446,62.72262,63.76142,81.59562,65.14371,64.99204,89.99067,66.85321,70.05275,94.09342,87.23646,86.12150,89.65454,74.47354,75.98800,75.11742,79.31800,80.24350,77.27217,83.45792,72.85292,83.92146,69.55525,75.66175,71.91329,73.45912,66.73242,63.51946,63.94771
418,49.78433,62.72217,61.90225,48.81887,60.23246,57.89200,50.88842,56.21321,58.25387,49.23321,50.81517,48.45492,49.95404,54.24950,51.13421,49.47842,49.77513,50.69725,52.12679,50.30288,52.97733,50.73958,54.55621,60.01058,56.14762,58.16529,58.51108,60.50533,66.85029
419,90.22537,72.43125,71.76304,83.18150,73.89946,75.04008,88.99487,76.41925,78.30808,90.26887,87.34821,85.38696,88.32975,80.31383,80.48079,79.49188,82.19029,83.07812,81.55771,84.88279,79.08029,85.33433,77.64571,82.02050,79.20383,80.40875,75.59017,74.30087,76.27892
420,94.93692,89.53975,89.28417,91.50683,89.50242,89.18054,94.98671,89.36671,90.88367,94.16550,94.04375,92.23550,94.51767,90.99254,90.44471,89.64833,91.05367,91.65525,91.15763,92.61121,90.10913,92.90733,89.66304,93.09142,90.83412,91.90538,89.72996,89.52171,91.97542
421,51.26446,44.26867,44.26279,46.56304,44.56442,43.94687,50.15246,44.13287,46.02208,52.02542,49.31392,48.42346,49.55025,46.28592,45.66579,44.65267,46.35954,47.11558,46.59883,47.89917,45.15042,48.27817,44.51629,48.91788,45.99692,47.33767,44.73192,44.23546,46.57088
422,48.80300,49.19829,48.66583,46.91150,48.01692,47.70933,48.42592,47.26454,47.74425,49.01608,48.05317,48.01221,48.21779,47.27150,46.73167,46.32550,46.79679,47.12775,47.09112,47.44958,46.85929,47.60900,46.98096,48.60288,47.44017,47.95971,47.67183,48.59050,51.14254
423,91.60571,70.81967,69.22987,85.16617,71.27658,74.54392,89.28808,75.95508,75.38396,92.72487,87.86254,88.38533,89.16204,79.40075,81.38258,81.61838,83.69837,83.99975,81.74525,85.88033,79.15992,86.07025,77.28187,77.47329,77.33492,77.00388,73.41988,73.61817,74.94838
424,87.87450,77.10092,77.36592,78.88279,73.96008,72.14862,84.03479,70.92492,71.40788,90.60329,82.39142,83.83438,83.78283,73.91400,75.23450,75.02238,77.41262,77.95213,75.85933,80.01617,73.29596,80.32683,71.51842,73.42633,72.19071,72.50429,72.36642,73.59283,76.05075
425,103.39854,112.89467,111.81492,107.10688,111.49612,111.97979,104.65333,111.47375,110.51775,102.30308,105.22979,105.84279,105.08338,108.91229,108.39867,108.91271,107.30600,106.85025,107.80233,106.21875,109.53208,105.97513,110.64983,108.70846,109.88967,109.42283,111.25700,112.62471,113.81517
426,76.57600,76.95308,76.53871,76.43771,76.21921,75.96450,77.78058,75.72746,76.32292,75.81950,77.76617,76.01521,77.07350,76.79646,76.56342,75.86183,76.96517,77.54071,77.27804,77.38421,76.08679,77.68500,75.70508,78.02987,76.40387,77.04233,76.04346,76.41729,78.02338
427,88.59262,102.76717,102.25783,91.75467,100.35575,99.55888,89.43092,98.10825,97.13292,88.15021,90.08333,91.36608,89.72083,94.56483,93.52583,93.89142,92.13175,91.81754,93.04292,91.05621,95.06917,90.89279,96.62675,95.35225,95.92133,95.66458,98.88675,101.09917,102.84179
428,110.24392,120.52554,121.24983,113.89887,120.24762,118.76596,112.38554,118.13121,118.66325,109.07317,113.17037,111.91879,112.02717,117.00867,115.93329,115.47296,114.98425,115.14012,116.13083,114.03417,116.76829,114.10492,117.50579,118.56196,117.80267,118.26354,119.29833,119.29800,119.34433
429,97.59538,115.64142,115.00975,103.62275,113.17779,112.25267,100.50700,110.84254,110.11537,95.32271,101.49996,100.86696,100.65150,107.33692,106.11333,106.30083,104.46513,104.15517,105.68279,102.91146,107.77454,102.73738,109.38988,108.25271,108.81188,108.66183,111.76446,113.79288,115.77775
430,123.45417,129.48658,129.56287,125.60529,128.91221,128.30442,124.81171,127.87558,127.99854,122.56187,125.21937,124.39683,124.61575,127.16738,126.63900,126.43154,126.15871,126.23625,126.73246,125.66679,127.06467,125.70288,127.46917,127.92387,127.56417,127.76254,128.39654,128.74662,129.26329
431,123.72900,120.98575,120.52508,124.08742,119.83192,120.06471,125.58679,119.99533,119.98221,121.48858,125.18025,122.92779,125.26696,121.80983,122.73229,122.65817,123.79858,124.01025,123.03746,124.52513,121.55417,124.64721,120.51196,121.01146,120.73050,120.72250,119.85733,120.30338,121.46971
432,130.01292,104.53804,106.06508,127.55821,112.03996,115.62929,129.45404,119.61425,120.75221,130.47300,129.01050,128.19750,129.10058,124.48950,125.78954,125.48250,127.37596,127.73346,126.39346,128.23817,123.84958,128.42937,121.96946,123.91317,122.78963,123.09617,116.27412,111.26087,105.41300
433,134.23675,127.98904,128.29217,133.93992,130.01529,130.71408,134.50800,131.87967,132.75717,134.12862,134.48304,133.77054,134.25575,133.66121,133.76671,133.41750,134.14517,134.37592,134.13283,134.32375,133.21833,134.43838,132.61929,134.26129,133.23258,133.67533,131.21592,129.49371,128.34817
434,80.54321,78.26229,80.64867,79.62758,81.03558,79.31554,80.47450,79.82350,81.82079,81.15917,80.56117,79.94708,79.97771,81.26375,80.36308,79.46621,80.24925,80.74171,81.04200,80.40987,80.37283,80.64938,80.16188,83.87433,81.44112,82.64012,80.90837,78.45675,75.96596
435,122.81646,108.03100,109.57142,120.47658,113.37208,114.17179,121.45117,116.80721,119.04146,124.58425,121.39908,121.57079,121.14667,120.39033,120.34346,119.58612,120.86896,121.28237,121.01842,121.14858,119.52238,121.34037,118.47204,121.79025,119.80325,120.77129,115.81854,111.21896,107.27429
436,143.05483,89.76292,86.33392,129.23212,91.75129,99.88446,138.02392,104.02137,102.40208,144.58142,134.53050,135.36112,138.27496,113.20100,119.14121,120.49767,125.04379,125.11992,119.30771,130.02017,113.28979,130.16071,108.12308,106.14104,107.75517,106.22908,97.52579,96.44742,96.62037
437,143.87983,136.39750,133.91725,144.77333,136.90129,140.80163,145.20404,142.20825,141.00888,142.70729,145.15963,143.54083,144.86713,143.03788,144.01800,144.25208,144.72683,144.76058,144.01429,144.95754,143.24525,145.01467,142.75571,141.07167,142.21408,141.55783,139.35204,139.79442,140.16546
438,124.79363,150.05225,150.67412,133.82879,148.94821,146.33888,129.88325,144.85387,145.68533,121.35100,131.61367,128.84850,129.41479,141.25521,138.57262,137.78808,136.02792,136.15208,138.72675,133.71392,140.96929,133.73821,143.11429,144.87321,143.51542,144.42413,147.06121,147.79379,148.69154
439,154.63383,154.40108,153.99975,155.47825,154.61971,155.04954,155.29175,155.37804,155.61825,154.09129,155.40992,154.84238,155.20379,155.74792,155.68713,155.58021,155.66579,155.71062,155.77908,155.53271,155.62067,155.55204,155.53008,156.02979,155.71467,155.87283,155.07975,154.79837,154.94146
440,149.60233,151.03646,154.70987,150.77258,154.11492,150.76829,151.08942,151.09867,154.03662,149.01925,151.53654,149.28204,150.36254,153.38196,152.25604,150.90813,152.04496,152.71508,153.25050,151.77896,152.12854,152.08496,151.66704,156.57062,153.48221,155.10146,153.34071,149.87858,146.67725
441,157.53262,162.51746,163.77908,159.43800,163.10542,161.41437,159.12821,161.19379,162.47900,156.65846,159.59250,157.82021,158.62667,161.64975,160.79592,160.03821,160.39304,160.75833,161.31050,159.97371,161.02354,160.14446,161.10637,163.52429,161.95413,162.79308,162.44913,161.48242,160.95771
442,163.46971,166.49817,166.64729,164.33550,166.05254,165.45642,164.18496,165.16004,165.50479,162.95629,164.33758,163.75829,164.04042,165.11508,164.79533,164.57750,164.62508,164.73058,164.94842,164.47437,164.91267,164.52229,164.99179,165.85996,165.26025,165.55908,165.65504,165.78075,166.29950
443,89.30875,55.26296,57.68108,79.81512,60.96338,61.66463,86.45004,64.72521,67.72833,91.33358,84.72338,83.24067,85.54808,73.49725,75.48546,74.29725,78.92983,80.05537,77.09996,81.96729,71.72550,82.55333,67.97183,73.75238,70.28179,71.61700,63.65054,58.27638,53.92012
444,136.25658,89.22096,90.33696,131.60800,96.44054,100.43129,138.84529,105.91946,109.17354,131.29283,136.61675,129.95042,138.09908,119.80883,124.41408,123.73896,129.91492,130.81992,126.07137,133.44221,117.97971,133.89704,111.63129,117.18896,114.18187,115.08946,102.17429,94.97033,90.54212
445,105.08850,122.46279,119.91492,114.27358,122.08379,124.78037,109.63196,125.06162,124.07371,101.49004,111.12938,109.66942,109.77783,120.28567,118.20575,118.43600,115.58342,115.12767,117.57200,113.24817,120.87063,112.99296,123.45250,122.15425,122.69183,122.59946,123.31967,125.27338,128.60558
446,165.01562,168.73729,168.57004,168.06358,169.61492,169.65433,167.08825,170.17883,171.27729,163.93346,167.78367,165.82312,166.59058,170.66229,169.80771,169.07483,169.25304,169.56813,170.27804,168.48529,170.10925,168.62446,170.28346,172.31162,171.01358,171.73233,170.22283,169.32196,169.70221
447,155.45154,174.03896,172.11779,160.60608,169.94000,169.85075,157.21471,168.10125,166.64579,153.61033,157.90162,159.26504,157.98446,163.50862,162.43846,163.26179,160.65042,159.94621,161.50642,159.20804,164.39667,158.82633,166.31500,164.10413,165.25425,164.76296,168.53171,172.08042,176.18671
448,129.20475,129.87071,127.00904,131.07279,129.27592,132.89521,129.08104,133.75479,132.18858,128.99217,129.29833,131.46863,129.80829,131.47612,131.40963,132.35213,130.62521,130.00387,130.58658,129.92975,132.33442,129.61175,133.33775,130.66825,132.24371,131.44888,131.17000,132.60392,134.94254
449,132.87854,158.50921,154.44838,138.96883,152.96317,155.02604,133.22383,152.81663,149.11558,132.38754,134.27700,138.79967,134.71158,143.67492,141.92288,143.72979,138.71108,137.33729,139.97604,136.38142,145.68458,135.67071,149.53075,143.72021,146.92946,145.45425,151.80750,157.99704,163.86150
450,182.03371,186.83529,186.72983,184.61700,186.51342,186.25387,183.83217,186.14992,186.57221,180.57262,184.22992,182.94683,183.64796,186.03375,185.56271,185.29779,185.18438,185.28167,185.73492,184.68562,185.79971,184.72121,185.98371,187.03033,186.29621,186.66054,186.40825,186.49067,187.35583
451,185.16058,174.69075,173.30658,185.42233,177.28667,181.25767,185.09250,183.43175,182.68750,184.92908,185.00679,185.42946,185.34321,184.05892,184.74142,185.23404,185.03829,184.78846,184.45667,185.02454,184.38604,184.90567,184.14758,182.91154,183.69446,183.19721,180.26913,179.25596,178.32333
452,184.54667,181.83896,183.04729,184.14050,183.23246,182.38308,184.95600,182.83042,184.15800,184.44567,184.96742,183.87850,184.54146,184.53337,184.29083,183.65096,184.56688,184.95908,184.86063,184.77704,183.84679,184.96742,183.30571,185.91058,184.23571,185.01654,183.34421,181.79450,180.74217
453,132.88521,132.15138,134.87700,130.91554,133.98725,130.65912,133.13154,130.59883,133.78313,133.92275,133.29221,130.93512,131.85279,133.46346,132.14029,130.20550,132.36625,133.54621,133.70133,132.84846,131.68071,133.42912,130.99575,137.47362,133.27400,135.32929,133.02067,130.46687,129.38004
454,93.91854,111.02054,111.84188,94.23217,110.20038,107.33008,92.72029,105.89971,107.56100,95.34879,93.17375,95.73279,93.10142,101.32775,97.64000,97.02496,94.81429,94.81929,97.55813,93.93804,100.95817,93.87279,103.77038,107.35446,104.60262,106.18617,108.26950,109.07404,112.15379
455,90.78829,80.51308,74.99317,86.80388,75.64696,82.04013,89.02071,81.89567,77.32350,89.15837,87.01467,90.00946,90.53233,79.40017,81.78558,84.36054,83.11467,81.97142,80.14563,85.15125,81.23004,84.62388,81.24254,75.06071,78.68483,76.43817,77.36367,83.42796,90.43608
456,78.20421,52.02262,48.97092,66.71192,50.95575,54.52938,72.84921,55.85542,55.88917,80.72408,70.25558,73.12375,73.44133,59.33275,61.14042,61.74454,63.63779,63.68179,61.16483,67.09521,59.15446,67.14025,57.27483,58.36404,57.62825,57.64029,53.28242,54.42342,60.20304
457,166.19404,148.21004,140.24446,154.67892,143.44575,151.37675,159.76525,151.83083,148.45546,167.76475,156.50221,162.88658,161.80925,148.23329,148.91850,151.27854,149.65567,148.62250,147.28296,153.21675,149.70517,152.70954,150.75925,147.36125,148.94829,147.75213,146.46050,153.28958,165.00421
458,208.95537,205.14192,203.34338,207.26192,204.29900,205.35162,209.57283,205.76192,206.66538,207.75292,208.93933,207.35942,209.24700,206.90313,206.52262,206.02425,206.93604,207.33783,207.01204,207.97954,206.27383,208.17683,205.97758,208.51817,206.79163,207.56567,205.19137,205.69608,209.49567
459,64.16421,53.07375,54.57875,57.35958,54.17563,52.53088,61.22354,53.05446,55.75662,66.54454,60.16146,60.97633,60.90596,56.30483,55.88050,54.91488,56.81258,57.49096,56.79783,58.55896,55.05675,58.88854,53.96717,59.21804,55.81338,57.39292,54.17367,52.26625,53.24033
460,113.24725,107.81308,101.53029,106.73179,100.74987,105.91558,108.04746,104.97483,101.04458,115.34171,106.21242,113.16425,110.01492,101.20663,102.62167,105.20138,103.06733,101.77433,100.79617,104.70433,103.05421,104.08154,103.82037,98.46183,101.47679,99.62079,101.57221,108.55687,118.71179
461,205.59796,213.33092,212.02758,209.92438,213.29371,213.99933,207.76096,214.26121,214.62950,204.14937,208.60775,207.91800,207.68875,213.10971,212.01779,211.77492,210.89513,210.88367,212.05583,209.69787,212.97725,209.66608,213.82771,214.83400,214.03837,214.45525,213.89487,214.07246,215.82500
462,171.19433,193.38492,192.17838,177.61338,190.55217,189.77875,173.79333,188.19450,187.74246,169.61575,175.09067,175.58213,173.95021,183.47958,181.24992,181.25962,178.82587,178.57579,180.88421,176.86558,183.73458,176.71087,186.11021,186.36304,185.77596,186.11267,189.11100,191.77421,195.65738
463,142.05996,152.05021,149.01921,136.61300,146.67908,146.89846,135.98125,144.71129,142.81221,146.68625,135.23458,143.10171,137.60350,138.15138,136.57275,137.97258,134.68625,133.72262,135.07596,134.95471,139.49038,134.45954,142.27496,139.30850,140.80163,140.17067,145.02142,149.91713,156.92162
464,177.08737,168.86125,165.62787,171.82292,166.13729,169.90242,173.48808,169.94725,167.21292,178.69525,172.10475,177.05171,174.60767,167.70100,168.73729,170.43217,169.27183,168.56588,167.63613,170.74717,168.90054,170.43425,169.37875,165.69683,167.72408,166.37863,167.20888,170.52554,174.56762
465,194.56192,158.46312,158.11154,184.71329,163.17896,167.79788,189.33221,171.41138,171.24325,197.75946,187.33408,190.46904,189.86017,176.54017,179.34192,180.13550,182.19404,182.12592,179.29992,184.88742,176.61958,184.89071,174.09404,173.39717,174.04875,173.38633,167.40608,164.06371,160.42471
466,116.36429,115.55671,116.01992,115.33754,115.57729,115.51825,114.75000,115.71258,115.47117,116.49942,114.20817,117.69529,115.94267,114.38192,114.34767,115.37367,113.90129,113.19271,113.46779,114.05712,115.08225,113.67538,115.62983,114.32704,115.10404,114.75608,115.57608,115.14875,114.81096
467,151.05850,143.93017,147.26425,153.98208,149.11617,148.33683,154.41987,150.33058,152.89479,147.97492,154.63842,151.07208,153.85633,154.26033,154.22542,153.30113,154.77463,155.27550,155.09937,154.70867,153.16083,154.92742,151.87450,156.09871,153.48433,154.71017,150.41133,145.83212,141.11650
468,142.46275,170.99300,167.98479,151.74804,165.42392,166.58350,145.35163,164.21504,160.55408,138.66633,146.31671,149.24192,147.20317,155.39129,154.14175,156.38387,151.04896,149.32837,151.85096,148.56583,157.68387,147.66383,161.21808,154.53350,158.46346,156.75088,163.76267,169.41621,173.90825
469,148.39892,136.59017,128.98458,141.96125,132.40604,142.28633,139.51071,143.00121,135.25667,153.31429,137.81163,150.85254,143.27821,134.92825,137.38104,142.33163,136.82300,133.96138,133.43525,137.33229,139.19433,135.93017,141.52379,127.16408,136.14325,131.61296,135.78321,142.55775,147.09825
470,227.21796,236.97979,235.56783,229.84658,234.42437,234.69375,228.31479,233.73304,232.50496,226.14708,228.64083,228.79171,228.57317,231.07058,230.69329,231.17425,229.85721,229.50050,230.14854,229.21850,231.70433,229.04375,232.76704,230.41446,231.90038,231.31608,233.77308,235.84450,237.63233
471,228.55658,244.68825,244.47754,237.06637,243.73479,242.68742,235.51775,242.04150,242.65200,222.89533,236.77692,229.72579,234.22167,241.30946,240.07237,239.04458,239.14346,239.66792,240.70454,237.90617,240.73358,238.18875,241.38212,242.92271,241.91171,242.54800,243.05288,243.43492,244.10796
472,210.04367,188.94571,185.25950,204.69975,188.31242,194.31021,207.03446,196.13175,193.19771,210.81563,205.42379,207.98571,208.00788,197.13608,200.01496,201.81554,201.96904,201.23337,198.99283,203.77992,198.42221,203.45988,197.25417,191.82971,195.47279,193.48108,191.57858,193.00204,194.09450
473,198.89567,206.41279,205.75983,200.13979,204.36113,203.71779,200.06529,202.81450,202.80804,198.16979,200.34333,199.16858,199.65883,201.80621,201.11200,200.75992,200.69317,200.93037,201.34642,200.50779,201.58429,200.63704,202.09542,202.84513,202.24037,202.54446,203.49950,204.86388,207.20763
474,225.79871,202.56742,202.67900,218.91054,205.18712,207.10325,222.57863,209.08175,209.82404,227.77054,221.22421,222.47250,222.70300,213.60796,215.36175,215.40821,217.52654,217.76937,215.78217,219.46508,213.12483,219.59158,210.97271,212.52550,211.64442,211.80533,207.34371,205.12479,203.54992
475,190.18146,188.68204,185.63992,185.75267,186.06162,190.25762,183.57583,190.06238,185.60625,194.32375,182.63413,192.19750,186.16987,183.28750,183.82942,186.92438,182.56150,180.63642,181.12358,182.58858,186.10517,181.63471,188.51404,179.48654,185.12133,182.47004,186.93646,190.76067,192.54350
476,253.92438,257.95871,258.08867,254.82837,257.40696,256.78092,254.60946,256.41608,256.72075,253.45163,254.78342,254.31804,254.47937,255.98629,255.47338,255.24350,255.14237,255.24946,255.60858,254.95313,255.80071,254.99929,256.08733,256.94650,256.32133,256.64200,256.93517,257.20192,257.96412
477,256.46242,259.32733,259.84838,257.27108,259.27067,258.40942,257.24763,258.22454,258.85592,255.90487,257.40263,256.61242,257.04463,258.33162,257.85521,257.50662,257.64125,257.81596,258.09692,257.51542,258.02033,257.59417,258.11271,259.39704,258.53763,258.98362,258.87150,258.56942,258.68421
478,167.06346,180.94512,178.62167,175.19258,178.58179,180.48225,172.34637,180.04242,178.35983,161.63362,173.06879,170.48383,172.56183,176.97221,176.59525,177.28908,175.48129,174.97813,175.92533,174.21929,177.71779,173.96358,178.96529,176.51054,177.90346,177.22871,178.83287,181.38063,184.37054
479,250.86408,254.06858,253.78292,253.84513,254.00762,254.51854,252.88638,254.74246,254.54117,248.68779,253.11021,251.74746,252.97475,254.27792,254.23025,254.42629,253.92796,253.73771,254.01396,253.50087,254.48258,253.39954,254.70637,254.01858,254.50075,254.34496,254.35075,254.32812,254.30275
480,253.00912,243.48033,241.10833,251.98304,244.47462,248.98246,251.04787,250.69167,248.76571,253.62117,250.55646,253.68350,252.23992,249.46754,250.44442,251.92400,250.44787,249.54188,249.28538,250.50471,250.67067,250.04563,250.99642,247.00092,249.57708,248.28583,247.19379,247.56137,247.52638
481,71.43963,156.77617,155.99217,89.87800,144.29696,135.97500,77.20550,127.43354,125.30333,68.32112,81.08729,83.98900,78.33354,109.04579,101.60688,102.12088,93.08662,91.73687,99.58546,86.78304,110.79175,86.00696,119.42175,116.48650,117.41400,117.71988,134.84342,144.97975,154.98188
482,111.52913,94.67204,87.55000,103.25479,90.19471,99.90583,102.93529,100.53979,93.02504,115.73342,100.62012,112.71563,106.44646,94.13283,97.20683,101.95592,97.67567,95.12358,93.66767,99.20921,97.99304,97.97063,99.41692,86.40567,94.44092,90.15179,93.36925,100.37454,106.00408
483,189.60813,176.61942,166.21883,187.71358,174.54162,189.22092,182.62100,191.91046,182.56792,193.07154,181.69338,194.67308,186.58042,182.08875,184.44296,189.96104,183.04254,179.80446,179.97679,182.33096,187.04829,180.74242,190.34896,173.22892,183.88567,178.50204,181.08158,187.80196,192.09337
484,139.56025,134.71363,138.23983,139.07908,137.66567,135.36275,140.77833,136.00904,138.53800,137.96175,140.44600,138.59050,140.42571,138.99975,138.64496,137.81221,139.20154,139.71492,139.46700,139.85221,137.86050,140.08071,136.84233,141.78604,138.52987,139.99238,137.32625,134.32388,131.84950
485,225.76421,234.89825,231.80921,226.85075,232.44579,235.89008,222.21133,235.41783,231.67267,227.55079,222.20879,230.40071,224.76692,227.72375,227.16337,229.91162,224.77304,222.84696,224.58204,223.42163,230.27142,222.42000,233.36050,226.03171,230.40717,228.37529,232.94613,236.74342,239.02875
486,276.83992,275.58158,275.41179,275.62546,275.02742,274.92650,276.37138,274.83683,275.10192,277.00408,276.09642,276.30850,276.40325,275.19421,275.17250,275.11054,275.36712,275.43812,275.27608,275.74742,275.02158,275.77796,274.85413,275.69446,275.10550,275.35000,274.93362,275.15621,276.20958
487,259.32700,204.53808,205.08625,242.17954,209.05442,213.64950,251.56721,217.60775,217.77571,263.37046,247.83096,250.91521,252.09454,227.22592,232.31067,233.23933,237.87608,238.08467,232.68804,243.09267,226.89413,243.25850,221.84767,222.07425,222.31342,221.59617,213.41350,209.58354,205.57379
488,244.66504,182.97742,179.14354,224.70333,185.39383,194.03317,234.57233,198.61096,196.92288,250.45104,230.34454,235.67492,235.55288,207.49712,213.45254,215.16783,219.44188,219.31267,213.31254,225.15446,207.84158,225.17071,202.84642,200.24867,202.28183,200.59546,191.68421,190.08175,189.84621
489,277.74254,262.09775,260.77350,272.28854,262.13192,264.50954,275.10296,265.46592,264.81725,279.24013,273.93496,275.30975,275.31392,267.62896,269.21958,269.68462,270.85900,270.85896,269.20846,272.47021,267.70892,272.49604,266.41250,265.71050,266.21800,265.76125,263.62271,263.81000,264.23867
490,274.56758,282.30308,282.30033,277.87038,281.72767,281.15892,276.57325,280.74733,280.99287,272.79875,277.02388,276.20192,276.60033,279.78500,279.07175,278.95350,278.35992,278.32446,279.07404,277.66008,279.69642,277.61613,280.24625,281.01450,280.40321,280.72375,281.23958,281.64487,282.50104
491,282.19162,281.81238,283.26692,282.03558,282.84287,281.41037,282.69525,281.56667,283.00917,281.88138,282.71058,281.75471,282.37858,282.85537,282.37029,281.73346,282.43267,282.78925,282.89200,282.57742,282.18612,282.73996,281.85767,284.54617,282.80871,283.66450,282.52575,281.10362,280.39321
492,274.70192,267.31762,268.47550,274.58021,271.11321,272.15750,274.43875,273.84713,274.76504,275.16825,274.56813,274.91487,274.40663,275.10717,274.87558,274.60725,274.85363,274.98679,275.13521,274.70529,274.73158,274.75263,274.50475,276.21083,275.06237,275.55371,272.74608,270.25950,267.52204
493,207.51592,238.03150,236.27821,211.29904,230.39867,227.27946,209.46283,223.15879,222.16417,206.77804,210.34458,209.91621,209.10025,217.15167,214.66238,214.29608,212.43854,212.53254,214.53608,211.33179,217.30325,211.38342,219.96325,219.80613,219.52138,219.84838,226.23888,232.05367,239.48171
494,242.78267,237.47975,237.84079,238.89425,236.69813,236.47904,240.43367,236.26896,236.42833,243.80713,239.52675,242.12529,241.05350,236.71863,237.04167,237.48567,237.57737,237.41979,236.89046,238.59413,236.67967,238.50000,236.29675,237.50113,236.49700,236.73708,236.30992,236.84767,238.21875
495,143.22021,151.45583,156.79754,143.25733,153.13942,145.71421,146.80508,144.63892,150.49183,142.39942,147.49717,140.26242,144.02487,149.25271,146.46254,142.60971,146.56833,148.88275,149.49050,147.05062,145.86817,148.19662,144.87783,156.87908,149.10942,152.99117,150.16058,146.37646,145.32617
496,215.10304,154.03354,144.43925,191.97817,149.08496,163.44787,201.38250,166.18821,157.85292,221.27825,195.60533,206.60471,204.59125,168.45154,176.65662,181.97092,182.79446,180.71804,173.72946,189.49937,171.92275,188.60142,168.40525,154.94737,163.66013,158.47379,155.36638,162.50942,169.88467
497,140.88908,158.59033,144.25838,144.23142,143.48108,155.81217,138.05025,152.93058,140.54188,138.87229,136.87425,148.62087,142.69950,137.91483,140.42596,147.20617,138.47262,134.53087,134.96725,137.62700,143.94142,135.68388,148.44042,128.30117,140.43242,134.09287,144.76638,161.18933,176.69388
498,150.50604,187.64817,179.38850,156.19617,174.87158,178.35458,149.15783,173.72575,166.55104,149.95646,149.59129,158.13583,152.16388,159.25900,157.89171,161.68192,153.91608,151.34154,154.24450,151.63700,163.07092,150.32883,168.52321,156.87088,163.63525,160.44654,172.17025,184.53721,197.32633
499,250.11267,229.86704,228.17317,247.67729,232.40892,237.51275,249.25025,240.32617,239.14554,249.35525,248.18758,248.93654,249.86246,242.45937,244.44900,245.51725,245.92354,245.48883,243.92975,247.11192,243.05683,246.91350,241.86750,239.39067,241.12004,240.10862,236.18729,234.91375,233.67783
500,293.62954,286.20725,290.23800,291.92200,290.16150,287.43617,293.53512,288.41242,291.34042,293.71083,293.29025,292.26988,293.16992,291.96688,291.64800,290.66054,292.22713,292.78067,292.52963,292.78408,290.79296,293.03004,289.62775,294.38358,291.42154,292.87067,290.00508,285.83004,281.60679
501,257.65200,246.16646,249.86492,254.66462,251.57125,249.32554,257.40379,251.11488,255.23204,259.07983,257.42862,255.04067,256.10433,256.26538,255.33058,253.20154,256.08821,257.39342,257.15675,256.79029,254.14463,257.42113,252.66429,260.35750,255.47763,257.82521,252.39704,247.06113,243.27179
502,260.78533,279.09875,275.17071,263.09113,272.80671,274.37087,260.38696,272.01896,268.76442,260.56675,260.61233,264.12958,261.44329,265.13950,264.16321,265.62733,262.29283,261.35933,262.74796,261.40417,266.64608,260.94062,269.32058,264.79758,267.24979,266.03463,271.38383,277.52600,284.00133
503,265.56437,263.15654,259.10554,262.91538,257.81046,260.74675,264.27554,259.79154,257.16942,264.89554,263.10533,265.12233,265.15854,258.42896,259.89579,261.34942,260.79429,260.17800,259.03429,262.00213,259.38262,261.71550,259.21583,256.04225,257.85717,256.66762,257.92175,262.64258,268.94008
504,283.41717,284.23463,289.46338,286.01504,289.06092,285.58833,285.66438,286.40133,289.43900,281.78221,286.14117,283.76875,285.23042,288.59783,287.49650,286.39496,287.10492,287.55271,288.26246,286.60112,287.51392,286.77746,287.12704,291.70267,288.85150,290.40033,288.48312,283.91325,278.20350
505,239.24554,253.11933,247.92121,237.02733,244.21667,246.94150,234.77108,243.81717,238.66237,240.90321,233.80883,242.46362,237.39200,235.16479,235.28383,238.45342,233.76825,231.87108,232.63067,233.77667,237.83983,232.82038,240.66675,233.01196,237.31008,235.01300,242.33821,251.15508,259.81962
506,99.78117,166.39075,165.42729,118.68379,158.05783,153.01854,108.45092,147.40650,146.10275,93.18608,111.77821,110.31333,108.92138,134.06883,128.25929,128.40321,121.69846,120.80779,126.96946,116.49100,135.09896,115.96350,141.53537,140.47458,140.34612,140.90817,152.01538,159.14325,167.09454
507,277.90896,285.45862,287.06233,286.74700,288.77933,288.57983,283.00417,289.87729,291.21721,273.03279,284.06721,282.16346,283.45879,289.87204,288.95242,288.91317,287.67262,287.33883,288.81108,285.79008,289.74075,285.53346,290.20292,291.79946,290.74321,291.36504,289.72817,286.94787,284.13375
508,199.23542,173.10692,172.36717,195.09692,180.47183,186.56979,195.55292,191.07038,191.39687,202.14317,195.00608,198.99675,196.30813,193.20700,193.67729,194.14992,194.13833,193.90254,193.52688,194.59312,193.14596,194.44258,192.60600,193.83825,192.84492,193.01842,185.91554,182.25142,179.68804
509,125.05467,119.97929,115.93042,122.91946,118.42871,123.27879,122.75333,124.06146,121.48638,126.24438,122.22004,125.53496,123.57529,121.33625,121.74708,123.06638,121.51608,120.85850,120.74033,121.87967,122.46608,121.57800,123.44338,119.63825,121.85362,120.62363,120.58808,123.19104,126.19783
510,133.85700,125.20021,117.01717,131.70321,119.59275,128.71758,130.99258,129.17450,122.67529,133.60296,129.53742,135.08575,133.24988,124.47513,127.30758,130.91008,127.89396,125.98858,124.66083,128.75296,127.51783,127.84421,128.37279,117.21425,124.26908,120.61467,122.72908,129.63558,137.25796
511,137.17654,168.20625,169.32300,147.49963,165.53667,161.90121,141.84946,159.86404,160.60417,132.78021,143.34729,143.26717,142.71304,154.65896,151.82608,152.05683,148.55429,147.84942,151.05029,145.82296,155.05288,145.37496,157.77683,158.46604,157.76775,158.47475,162.73954,163.89479,166.33483
512,144.83117,118.62133,116.79100,128.16071,116.79079,118.32546,135.79250,118.40608,118.73571,152.43158,133.33350,138.28021,135.58950,121.97604,123.22721,122.90008,125.96542,126.77100,124.12967,129.81404,120.98700,130.26883,119.05337,122.82021,120.05246,120.78533,117.35371,119.04550,124.35642
513,255.53442,230.07696,230.18575,253.52612,236.27438,241.01383,254.61900,245.23217,245.90471,254.81379,253.74371,254.86013,255.37792,249.25154,250.78088,251.41092,252.13000,251.82925,250.64233,252.97983,249.19296,252.79496,247.56267,248.42767,247.92429,247.90496,241.03554,236.73171,232.99292
514,264.58225,267.83279,273.30638,268.78913,272.65596,268.99142,266.80446,269.91471,272.86583,262.07096,267.25008,267.32233,267.39254,271.20821,270.07912,269.75508,269.15842,269.01042,270.19604,268.16012,270.62779,267.99042,270.61958,274.36371,271.99279,273.31421,272.01658,267.07779,261.30254
515,281.64629,292.14183,292.06929,286.40396,292.49875,292.81129,283.42225,292.77533,292.63058,280.17675,284.21917,285.10179,283.89554,289.98188,288.59967,288.82992,286.93971,286.58171,288.18804,285.51313,290.24708,285.28742,291.76558,291.89900,291.53879,291.74758,292.52508,292.92954,293.54967
516,179.82650,229.08604,225.66725,187.58087,220.31342,219.12013,178.05679,214.10021,209.89833,181.40467,179.78200,189.53971,180.78937,198.07921,193.57475,196.02729,187.29038,185.12121,190.52654,183.33817,200.90562,182.16779,207.97758,201.38992,204.67450,203.41158,215.76029,224.89642,233.33496
517,253.22375,215.66521,215.23358,246.00029,220.68529,226.49162,250.71475,230.50492,230.16429,253.22383,248.62079,249.49292,251.21704,236.61250,239.97963,240.90067,243.33342,243.24787,240.03054,246.10771,236.54646,246.08921,233.42121,233.43775,233.51438,232.94100,225.50650,222.62596,219.92325
518,258.84250,248.52850,247.23288,263.80325,256.01775,263.15750,260.19400,267.50462,266.48771,257.91279,261.10558,262.48425,260.77746,266.08492,265.54146,266.22629,264.23800,263.67346,264.90063,262.60058,266.68513,262.28621,267.88771,266.48279,267.10750,266.66100,261.65992,258.89962,255.15650
519,277.04225,284.89458,282.95667,279.78154,283.07254,284.73292,278.49442,284.30637,283.11042,275.70804,278.82100,278.86850,278.63046,281.56096,280.83183,281.15779,279.90675,279.69496,280.48154,279.33487,281.92879,279.22763,283.14275,282.19629,282.52325,282.30950,283.26008,285.68108,288.93971
520,197.48092,219.13017,220.03350,208.47158,221.02292,221.22229,202.59754,221.21883,221.25879,193.05258,204.38358,204.12883,203.12379,216.07096,213.20192,213.41483,209.94192,209.41546,212.62458,207.02792,216.33363,206.69167,219.22429,220.61442,219.06450,219.75979,220.92467,221.22725,221.00942
521,169.39379,172.47950,181.88487,174.07867,183.53692,176.49133,174.23729,178.62113,186.88108,168.19283,176.06908,169.27721,171.77700,184.19912,179.99383,175.65637,178.65921,180.84342,183.13275,177.30233,180.34692,178.30021,179.83683,194.77946,185.13696,190.10154,183.12537,173.08938,164.63517
522,265.58429,263.37367,263.31800,266.06554,266.69717,269.99492,263.56271,271.44467,270.09633,267.43175,263.88567,268.36317,264.52075,268.00408,267.11125,268.09133,265.64096,264.95842,266.19112,264.71700,268.84096,264.35696,270.59337,268.83533,269.56704,269.09196,268.67646,268.49942,266.31000
523,264.51904,233.71162,234.02663,255.94058,238.96283,241.92513,261.99442,245.21887,247.57483,267.23054,260.78358,258.84367,260.62612,252.23933,253.24442,251.66633,255.92779,257.29688,255.06342,258.47167,250.32696,259.18963,247.56725,253.67463,249.76058,251.28396,242.64550,238.93796,238.59688
524,325.33083,319.54642,319.09917,324.95446,320.96508,322.29883,325.42946,323.46787,323.97479,325.21387,325.34975,324.97283,325.31304,324.68892,324.74771,324.54325,325.01025,325.16096,324.98804,325.18879,324.39496,325.25796,324.02833,325.09846,324.41608,324.70675,322.37746,321.25842,321.17371
525,324.98783,295.16225,289.23883,317.79933,293.65100,301.97575,321.73625,304.52042,301.02462,325.33775,319.51150,321.30238,322.66742,307.18525,311.26258,313.31096,314.35767,313.63575,310.26638,317.06054,308.52229,316.76954,306.37058,300.23108,304.43729,302.06967,298.33908,300.36804,303.35467
526,293.28883,250.55883,244.13271,295.07779,256.70875,271.35571,296.08325,278.61717,274.24083,287.69904,294.66925,292.56196,297.11608,283.27175,288.75725,291.50412,292.07996,290.87604,287.30946,293.45362,285.26100,292.91617,282.48675,272.98971,279.69075,276.17125,267.12333,264.63713,261.00838
527,299.66279,278.93100,273.76837,292.21871,276.58358,283.38271,293.62183,284.91771,280.93171,302.17654,291.55308,298.27829,295.84312,283.70925,286.67950,289.66854,288.07754,286.51021,284.57454,289.89462,285.98662,289.14133,285.60675,277.47054,282.85246,280.12338,279.85421,282.56292,285.40554
528,303.16912,299.40654,302.33787,305.53888,305.69200,306.49496,302.57796,309.06687,309.99471,303.32167,303.01242,305.60913,303.63804,307.90200,306.88088,307.45942,305.33750,304.60958,306.06021,304.11725,308.45717,303.69675,309.59504,308.84279,309.44238,309.47308,307.81400,303.17354,296.95958
529,202.74337,242.87537,245.74762,213.83938,241.03762,233.47412,210.35025,230.50717,234.78433,198.90758,213.06483,206.60996,208.33567,227.62587,222.19250,219.01379,218.60633,220.03567,224.05333,215.69771,225.35112,216.34308,227.95038,237.28133,230.84833,234.33812,236.60667,236.42758,239.48283
530,168.26754,174.90996,175.71458,168.70262,173.91729,173.20950,167.84963,172.44512,172.30200,167.98804,167.72554,169.63954,168.52942,170.02292,169.08325,169.56250,168.10858,167.70342,168.57017,167.90129,170.30421,167.67075,171.39108,171.80229,171.23917,171.48929,172.90892,174.09304,175.31358
531,315.74158,298.65408,299.30592,317.48275,305.75458,310.93883,316.27663,314.96842,314.45633,314.76121,316.32158,316.90992,316.79696,316.09858,316.88108,317.62633,317.01971,316.55425,316.38458,316.65854,316.59533,316.41750,316.35758,314.67250,315.81004,315.18546,310.41237,306.61379,300.96725
532,272.97771,269.69458,268.94467,270.82208,269.48679,270.79058,270.26550,271.23421,270.57254,274.55183,269.79704,273.77471,271.36283,269.87008,269.92892,270.88942,269.56708,268.93258,269.13254,269.68358,270.54846,269.34096,271.08925,269.54883,270.45575,270.01667,270.18175,270.44350,270.76617
533,250.06054,273.34192,268.27779,247.99204,263.21671,264.64321,244.47342,260.64746,255.39837,253.62096,244.01113,254.03354,247.09146,249.30879,248.12200,251.14042,245.29679,243.33012,245.23842,244.60533,252.24183,243.61750,256.50283,247.85325,252.84058,250.52850,260.27962,269.68696,279.06579
534,277.62025,203.94667,205.55692,260.71854,216.21650,223.25771,270.97279,231.47625,234.84521,281.53767,267.60483,268.08171,270.63487,246.63792,251.50425,250.93692,257.77637,258.83621,253.22975,262.93350,244.72971,263.48721,238.10721,244.01663,240.71354,241.61429,224.95958,214.74025,206.84079
535,296.22512,289.42504,293.20088,294.69746,293.21708,288.67892,299.30296,289.57888,295.38083,295.42217,299.57258,291.85908,296.56100,297.30721,296.07375,292.40025,297.52917,299.85471,299.22200,298.60208,293.89062,299.75692,291.42058,302.82429,295.67850,299.16046,292.85796,287.46283,285.47404
536,221.14225,296.52829,298.03704,249.10758,292.22425,285.49337,235.74700,280.94533,281.71863,209.78479,240.49150,234.18942,235.74092,268.63088,261.73721,260.99958,254.07562,253.35146,260.87754,246.95679,269.08004,246.45646,275.66825,276.82437,275.48092,276.91992,286.58592,289.95175,293.42304
537,277.34450,269.81712,272.45342,274.43771,272.53992,271.22871,276.37096,271.87575,273.82496,277.98888,275.92563,276.31004,276.14671,274.20967,273.82071,273.15046,274.35817,274.86600,274.57950,275.17646,273.17321,275.41046,272.40496,277.11221,273.83608,275.15950,272.50025,270.37067,268.91629
538,316.23929,294.63896,291.15279,312.34071,295.99450,302.86017,313.32537,305.70871,302.99546,317.12637,312.08013,314.99833,314.49662,306.17004,308.58700,310.46504,309.87029,308.92875,307.32687,311.02908,307.63675,310.59196,306.97463,301.12117,305.10929,303.10338,300.37454,300.40729,299.89900
539,238.91208,214.89596,206.29138,229.71100,208.35000,218.22375,233.39563,218.83658,212.48712,239.82013,230.37442,236.93071,235.65188,217.27304,221.59154,225.28596,224.29788,222.72971,219.39879,227.47667,219.80162,226.75896,218.86779,209.79950,215.31846,211.92283,211.75754,219.30029,228.18525
540,237.81954,262.56342,260.69525,252.27183,261.57008,264.63908,243.39029,264.53471,261.11787,230.99308,244.78100,247.36771,245.92650,256.17012,255.10004,257.88400,251.52721,249.27329,252.32013,247.99475,258.84021,246.77337,262.41446,254.93646,259.46050,257.51238,262.21025,264.81867,265.20467
541,191.50071,148.45221,154.37500,177.27500,158.13233,158.15071,183.91088,162.18088,165.88750,197.35988,181.59121,185.47121,184.12967,170.52938,172.14567,171.51862,175.19558,175.84808,173.22746,178.54246,169.00662,178.84821,165.61013,171.90675,168.01675,169.58592,161.03479,153.26746,144.98992
542,223.43296,203.04108,211.08942,215.31796,211.00383,204.07008,221.01508,206.17783,214.15046,226.53254,220.24329,218.10117,219.56088,215.90958,214.75817,211.48725,216.50408,218.42738,217.58258,218.46025,212.38763,219.35375,209.24613,222.72521,214.35183,218.48888,210.58883,200.86938,194.06988
543,143.47867,176.53321,165.13837,146.21654,159.75575,166.89800,138.60008,161.81346,150.37058,143.62037,137.67800,152.57929,143.81917,143.53608,144.19433,150.96483,140.49096,136.25354,138.27408,138.99967,149.82683,136.87942,156.01571,135.83508,148.06392,142.13613,157.57004,173.87283,188.97813
544,164.34113,133.06092,120.17242,149.15625,122.30192,136.35746,152.03604,136.73000,126.00988,169.02892,147.56571,163.06125,156.88750,130.94529,137.23746,144.12225,140.01671,136.58875,132.50517,143.96125,136.20321,142.32783,136.23012,117.83529,129.40971,123.08458,126.65846,138.13221,150.44167
545,295.72096,271.91396,269.13400,290.06433,271.69096,278.02038,291.31525,280.17600,276.33988,296.13862,289.07279,294.20117,293.76029,280.03412,283.74650,287.01292,285.54308,283.72067,281.40450,287.39192,282.54237,286.49758,281.57708,272.32467,278.70383,275.65883,275.13042,276.09354,275.06088
546,234.21879,200.81838,195.47800,227.59346,201.41225,211.26283,230.64100,214.62512,211.16867,234.05904,228.29892,233.04288,232.38700,216.92796,220.73258,223.31454,223.54196,222.53746,219.55129,226.03650,218.16433,225.55075,216.20738,212.53292,214.49783,212.63625,206.94358,209.09038,213.27425
547,227.84842,226.27542,228.06550,230.72108,229.86317,231.41554,227.97992,232.86642,232.60050,225.78292,227.82617,231.67658,229.77479,230.83675,230.42829,231.91317,229.27517,228.16946,229.21354,228.51342,231.66100,227.88300,232.65879,232.28312,232.11812,231.99575,231.12246,229.71446,227.21029
548,249.08017,258.38692,265.00442,252.98979,263.71929,258.12604,251.52704,258.49092,262.65708,247.72808,252.54417,250.67071,251.00313,259.22754,256.49163,254.90758,254.83775,255.42088,257.40133,253.63238,257.84458,253.85758,258.55004,264.93383,260.79383,263.10200,262.13112,256.64237,249.93958
549,306.41054,281.76300,278.29637,298.15537,279.50146,284.95825,302.06725,286.12700,283.01746,307.26696,299.57633,303.20942,303.49588,287.77538,291.42021,293.69054,294.17192,293.25263,290.20367,297.00183,289.15692,296.58796,287.34175,282.08467,285.55292,283.49375,281.95083,284.45642,286.94117
550,280.02583,281.91779,284.76054,280.71167,283.42854,279.88713,282.49179,279.92104,283.23487,278.69396,282.80213,278.43100,281.13012,283.17850,282.03858,280.12325,282.30658,283.44079,283.58083,282.56575,281.42508,283.12150,280.55733,286.76171,282.84196,284.82758,282.46621,279.57267,277.98304
551,282.71183,281.38875,282.87538,285.81383,286.22850,286.24954,285.31192,288.31304,290.92796,282.25596,286.40708,282.83967,284.02837,290.39838,288.80492,287.00658,288.15654,289.08508,290.06308,287.24246,289.03538,287.68621,289.04679,293.49062,290.74512,292.29021,288.10500,283.95325,281.00487
552,245.12258,286.99600,284.75938,254.90071,283.43433,283.97700,243.63517,281.49946,277.58858,246.67546,245.82125,255.72558,246.61425,266.02067,261.60429,264.28358,254.88262,252.40296,258.19696,250.12054,269.25450,248.78671,276.48317,268.01829,272.85479,271.12658,281.46821,286.52604,288.81025
553,285.55479,294.84512,289.94496,291.15462,292.75175,299.32533,285.16587,299.81633,294.47167,284.22821,285.49908,291.36400,287.70538,291.39812,291.55292,294.88550,289.13367,286.86313,288.49392,287.22637,294.63683,286.07567,297.89854,287.26650,293.90179,290.84529,295.03408,299.38721,301.49138
554,311.44296,308.25321,306.83342,309.41737,306.66025,308.00358,310.19075,307.99292,307.10129,311.75367,309.57600,310.74992,310.64067,307.49537,308.03675,308.66375,308.36267,308.05029,307.59292,308.99538,307.94763,308.84908,307.92929,306.39858,307.38329,306.88825,307.05658,308.34987,310.35133
555,318.30250,311.56692,310.16771,319.17921,312.32458,315.18254,318.55975,316.62908,315.47658,317.00938,318.20883,318.60292,319.28967,316.67863,317.80987,318.84613,318.11046,317.44738,316.98392,318.16433,317.58796,317.83300,317.39050,313.72154,316.37821,315.26729,314.38567,313.76525,312.46733
556,220.32350,230.28121,232.97333,226.87879,232.56217,230.38133,225.20779,230.72487,232.86454,216.40088,226.18646,222.71471,224.66254,231.11142,229.51538,228.51121,228.45000,228.84829,230.16383,227.26567,230.22521,227.41829,230.65346,234.47025,231.93679,233.29104,232.14529,229.67208,227.46746
557,175.06617,248.88062,251.20117,199.82113,249.26013,246.32125,179.85967,243.27396,240.36829,171.63454,184.73446,194.38242,183.58888,221.49562,213.33983,216.16988,202.10129,198.80992,209.05175,192.98825,225.22350,191.14917,236.10554,228.47654,232.34713,231.39158,245.45221,248.52396,245.77863
558,185.08175,69.84079,67.79150,149.59629,77.98496,90.02258,169.30367,98.39704,97.78429,193.04346,161.43625,168.14050,170.43921,117.96154,128.74963,130.85700,140.48371,140.92329,129.51496,151.46379,117.36775,151.81121,106.95500,107.13283,107.59154,105.86108,88.08796,82.03600,77.36296
559,160.61158,105.89121,107.82033,130.63650,107.45208,110.26354,139.92471,111.68787,109.59667,174.67962,134.46271,152.17788,143.45825,114.22463,118.48017,121.95596,122.47962,121.00408,116.49146,128.73596,115.92725,128.03325,113.50021,109.49929,111.96729,110.15754,108.70671,108.62792,106.10171
560,293.54008,269.63983,269.05533,286.54042,272.49308,275.46021,289.75583,277.86900,278.43496,296.14108,288.49117,290.28892,290.00208,281.82512,283.33600,283.46250,285.18196,285.31992,283.61517,286.91604,281.46121,286.98462,279.65129,280.90954,280.19454,280.31421,275.36746,273.19392,271.89492
561,250.99983,220.25083,222.95533,246.62950,229.66521,233.51783,247.28912,238.44283,239.45700,252.46963,246.12263,249.95267,248.77925,241.99487,243.47096,244.62158,244.44563,243.64792,242.69896,245.32512,242.45812,244.88296,241.13996,240.57671,241.21850,240.91425,234.54904,227.85617,219.64088
562,235.11538,205.28917,204.16092,223.53542,208.63604,214.46092,224.98333,217.19917,214.92392,241.73479,222.83654,234.36692,227.65804,216.52975,218.41092,221.10908,219.33433,217.91021,216.61646,221.16108,218.14067,220.43100,217.97813,214.14017,216.28992,214.79038,212.25029,211.83254,210.02217
563,250.43529,241.69704,237.00592,247.49946,240.11488,246.66846,245.88358,247.91313,243.69375,252.48067,244.88958,251.86283,248.15258,243.51758,244.87937,247.79100,244.44950,242.69892,242.49908,244.67479,246.03312,243.80917,247.40008,238.96425,244.34013,241.74158,243.03317,246.06450,248.54696
564,272.69363,273.05008,267.43612,270.00854,267.13546,272.13408,269.39096,271.20867,266.54404,273.68271,268.33150,273.71683,271.14892,266.12883,267.38200,269.98858,267.18733,265.77154,265.35317,267.77988,268.36062,267.10467,269.73250,262.17533,266.77233,264.37525,267.85483,274.10421,280.68912
565,187.79858,155.14854,152.51817,177.88004,157.62246,164.42179,181.07850,167.58467,165.54117,191.68042,178.95438,185.23475,182.57842,169.61875,172.33138,174.20971,174.45471,173.69508,171.36613,176.80958,170.61362,176.44871,169.20400,165.94183,167.98754,166.56817,162.10912,161.66104,161.08304
566,222.42208,233.69258,232.93504,224.74567,231.91942,231.45200,223.89892,230.55096,230.57433,221.70354,224.44004,223.48925,223.52838,228.23571,226.74846,226.31154,225.58487,225.77313,226.88783,224.98021,228.05671,225.07417,229.33300,230.15954,229.45300,229.92513,231.14738,232.66329,235.27946
567,255.21267,251.38121,242.99475,248.28825,243.27321,249.78233,248.53083,248.91025,243.41279,259.39029,247.05383,254.98629,250.52262,243.31008,244.87325,247.75758,244.88579,243.37479,242.59933,246.01179,245.92537,245.30558,247.45054,237.88842,243.92183,240.94667,244.71271,252.04717,260.95496
568,236.72171,219.02412,228.63000,233.94075,230.50908,223.76692,237.14071,227.20279,235.85129,237.43596,237.19963,233.36104,235.76063,236.81512,235.11033,231.74963,235.96229,237.68621,237.78904,236.61196,233.36992,237.37300,230.65533,243.98608,235.86129,240.10458,231.19387,218.76558,208.48837
569,108.24067,119.06083,117.34304,113.58833,118.17621,120.18125,110.06150,120.27642,118.75833,105.81788,110.61804,111.85408,111.05354,116.01079,115.09333,116.20775,113.28179,112.37542,113.90604,111.88342,117.13275,111.40100,119.09446,116.03054,117.82754,117.10833,118.85033,120.32800,121.83458
570,178.39567,177.80592,178.05763,182.62942,183.84450,187.99017,176.43925,190.90083,189.58913,179.33629,177.19167,184.29638,178.82596,185.81917,184.55421,186.57979,181.68892,179.96925,182.45567,179.32983,187.65708,178.38279,190.40362,186.06062,188.66379,187.61817,187.24575,184.62858,179.48212
571,134.63392,159.14500,155.79550,144.79154,158.15238,162.98904,135.41521,162.77421,158.12167,133.10354,136.97333,144.29000,138.12758,150.99796,148.76063,151.78113,144.07438,141.73850,145.65033,140.34767,154.05954,139.11483,159.31867,150.90033,155.64371,153.47500,159.23163,163.56846,165.28938
572,170.61608,206.43667,201.44246,181.01933,203.10704,207.52258,167.95183,206.63954,200.96167,172.15121,169.93829,182.90363,172.17638,190.00688,186.60192,190.79692,179.71171,176.25787,181.96712,174.57908,194.55554,172.74821,202.12521,189.07988,196.99017,193.81450,203.64237,208.68867,211.37775
573,167.63267,271.04812,265.74258,190.30496,257.40254,254.45346,168.54108,245.82283,238.08858,168.62871,173.59187,188.16558,172.92229,214.57862,205.30267,209.36592,192.04067,187.97813,199.52162,182.34842,220.23483,180.17283,234.53179,219.25279,227.83975,224.91133,249.43613,263.69654,273.89446
574,223.34804,256.37867,259.05125,231.50583,255.63346,250.18721,227.78562,247.69246,249.87712,221.87825,230.04075,227.02942,226.53604,243.04329,238.50204,236.56654,235.00092,235.76529,239.37600,232.39479,241.93746,232.74325,244.99087,249.94792,246.34779,248.43454,252.03700,252.45000,252.95046
575,192.09462,194.84221,199.16621,192.32417,198.34458,193.12442,194.45300,193.40946,198.87475,192.32246,195.31775,190.26387,192.26613,198.00604,195.51088,192.18433,195.41129,197.34258,198.13367,195.36133,195.01092,196.29254,194.09908,205.00992,197.93396,201.42696,197.17292,192.42737,190.38887
576,156.25275,149.94346,154.78583,156.32771,154.68808,152.14183,157.72504,153.24717,156.15813,154.92038,157.63671,155.39038,157.18246,156.76992,156.34650,155.27625,156.87258,157.49692,157.33967,157.27371,155.46450,157.55554,154.32462,159.66883,156.21900,157.82567,154.58300,150.38479,145.88533
577,238.67913,239.46129,239.90254,238.64004,239.52079,239.38104,238.44971,239.44883,239.49779,238.49625,238.31412,239.20092,238.77479,238.82021,238.56538,238.80254,238.27562,238.09742,238.33583,238.29313,238.97254,238.19238,239.30554,239.16071,239.22225,239.24187,239.46850,239.26025,238.90958
578,260.47342,250.28204,247.95808,260.65679,251.84371,256.45429,259.68896,258.66208,257.25246,260.08758,259.32958,261.61079,260.70454,258.32488,259.28929,260.55129,259.39671,258.63496,258.35696,259.36317,259.28092,258.97229,259.34362,256.16054,258.24779,257.18896,255.04054,254.49933,254.20038
579,257.09663,263.16975,259.61146,259.01112,261.21504,265.02396,256.05421,265.11500,262.25712,257.71017,256.36742,260.26575,257.15896,260.18875,259.79100,261.26137,258.30929,257.35567,258.42833,257.28858,261.67988,256.80917,263.73392,258.84092,261.74138,260.34979,262.46775,265.43283,268.05642
580,280.84996,281.18083,280.51433,280.87321,280.78354,281.81075,279.97133,282.01846,281.11500,281.03292,279.80242,281.35546,280.67358,280.44600,280.55588,281.33454,280.11742,279.54563,279.79142,279.95033,281.21488,279.65700,281.82292,279.21258,280.99504,280.30946,281.24050,281.62621,281.48846
581,221.52238,227.48200,230.66387,224.23063,230.88512,228.44537,223.42188,228.86654,231.41504,220.97208,224.27967,222.74121,222.72179,229.17008,227.06962,225.71138,225.91296,226.55221,227.96375,225.05463,227.99937,225.33696,228.62425,233.65712,230.23279,231.96871,230.44033,227.63154,225.23988
582,216.89862,250.57217,244.43650,225.84871,242.17588,244.98333,218.97179,241.92083,236.69779,214.38804,220.13371,224.49625,220.79929,230.58588,228.94054,231.39638,225.28642,223.52375,226.41471,222.58012,233.31892,221.67708,237.90563,229.19946,234.27763,231.97992,240.61563,249.02025,256.96350
583,245.08850,234.43900,238.88396,241.09246,238.26354,234.76621,244.24333,235.64254,239.25900,245.88604,243.66733,242.27350,243.57646,240.47217,240.23733,238.83837,241.35238,242.23237,241.53254,242.56371,238.85237,242.98008,237.14575,243.37429,239.49075,241.35233,237.81183,233.26046,229.27233
584,236.80158,236.76337,239.82079,238.29963,239.63067,237.02979,239.30254,237.65608,240.58117,235.37804,239.72154,235.89563,238.18412,240.61888,239.65242,238.05508,239.78317,240.69167,240.92837,239.75196,239.14454,240.19083,238.39829,243.69983,240.35458,242.04592,239.36500,236.02075,233.14608
585,224.12067,217.77987,221.49667,226.37675,221.72692,219.35987,229.65092,220.53775,224.10592,219.76808,229.79654,221.43408,227.55412,226.71462,226.64267,224.35233,228.19737,229.75025,228.78250,229.04054,224.45033,229.83179,222.19546,229.50088,224.93063,227.03308,221.97450,217.79075,214.36867
586,185.22654,182.61971,180.71350,187.85083,183.64967,187.53954,186.33412,188.86692,187.45175,183.57121,186.39496,187.40858,186.99537,187.47383,187.68963,188.58375,187.29483,186.75371,187.03308,186.82446,188.12225,186.53696,188.68908,186.89025,187.83200,187.22100,185.87079,186.56633,187.41063
587,47.14825,45.75042,44.61146,45.12575,44.62438,45.75696,45.44196,45.58354,44.70983,48.31542,45.05883,47.35987,45.88096,44.39050,44.43896,44.94121,44.37867,44.14987,44.08638,44.73133,44.74229,44.61896,45.13567,44.21554,44.64496,44.33604,44.79913,46.20017,48.19175
588,190.96500,196.78492,196.77417,191.44712,196.18379,195.70637,190.64967,195.31717,195.68233,191.37333,190.85596,192.11225,190.86883,193.72808,192.56883,192.46771,191.62858,191.58533,192.51729,191.21933,193.61250,191.16904,194.53500,195.83375,194.77158,195.30079,195.71612,196.27400,197.89858
589,174.04192,210.30500,210.33496,183.82217,207.22400,204.62575,177.47350,201.88612,201.33221,172.04483,179.49800,180.98325,177.97375,193.68879,189.82592,189.89958,185.62296,185.10075,189.07742,182.40654,194.22571,182.07937,198.35888,198.41171,197.75858,198.29600,204.17954,207.50867,210.66967
590,69.98608,88.13750,87.54642,73.98479,84.95692,83.38717,72.09463,81.49225,81.55337,68.48921,72.81796,72.71450,72.08633,78.27725,76.43150,76.13979,74.83383,74.86333,76.45942,73.77338,78.08292,73.75300,79.66008,81.48262,79.87604,80.61179,82.96671,85.72446,90.36108
591,153.97479,187.53062,188.05917,159.90271,184.20050,181.51300,152.95100,178.48987,176.99762,155.07246,154.36454,161.25596,154.81358,168.31504,164.68483,166.00179,160.09250,158.73788,162.85375,157.07917,169.84175,156.31796,174.62262,172.10879,173.06283,172.85075,180.71008,184.46658,186.25104
592,181.80754,184.07925,182.66408,181.08879,182.23758,183.93058,178.94604,183.44621,181.51971,182.19362,178.25746,184.44729,181.20417,179.55608,179.67321,181.82063,178.68733,177.22608,177.88521,178.45621,181.07683,177.66683,182.37896,179.23663,180.88375,179.93067,182.14150,184.73679,187.00296
593,222.71454,221.30888,218.16079,227.94954,223.27513,228.62771,223.99333,231.04858,229.25900,220.74725,224.52017,226.38092,225.26792,228.53883,228.64671,230.11900,227.39408,226.26546,227.26933,225.89167,229.92296,225.29104,231.16325,226.76854,229.60933,228.34854,226.94754,226.49029,226.13396
594,234.35758,241.40471,240.39954,235.48642,238.96813,238.75300,235.16575,237.81092,237.20400,233.56125,235.25308,234.89342,235.15013,236.26529,235.91658,236.03387,235.50983,235.44129,235.75092,235.37292,236.47396,235.34650,237.07888,236.26317,236.73442,236.57063,238.18500,239.92488,242.07729
595,237.61583,226.48087,226.99587,235.57650,227.85062,228.16079,238.43663,229.21883,230.51300,236.61567,237.87225,235.13254,237.69725,233.18629,234.02075,233.28767,235.57629,236.22933,234.93479,236.78163,232.23525,237.12429,230.51404,233.43375,231.64554,232.34600,228.83954,227.14217,226.59163
596,163.26317,174.06521,172.94063,165.47967,173.54779,174.46471,162.58867,174.12125,173.26642,164.45717,163.33046,166.08325,163.12858,169.71550,167.95933,168.31775,165.89337,165.45721,167.31033,164.54492,170.29171,164.30021,172.53521,171.36963,171.83404,171.74238,173.57583,175.02521,176.36671
597,39.27213,80.26704,80.98188,52.44887,77.87212,73.57883,46.81288,70.85437,72.56450,35.08029,49.67950,44.99550,45.61479,65.32321,60.56887,58.69575,56.52742,57.12908,61.33013,52.93679,64.31163,53.17471,67.70979,72.58358,68.91062,70.97342,74.55454,76.58192,80.50179
598,184.76158,159.66254,161.00225,180.13437,167.49746,173.02117,179.05100,176.96717,175.51067,188.35704,178.14104,185.85158,181.13658,176.43529,177.59308,179.68962,177.61938,176.32567,176.03704,177.89100,177.83733,177.21333,178.05667,174.49042,176.65775,175.40971,171.93858,168.59562,161.99121
599,154.72658,182.32188,181.71067,164.89125,181.55492,181.08025,157.74183,180.16154,179.07104,152.82313,159.69362,161.75025,158.73379,172.86954,170.07892,170.78717,166.18742,165.19563,168.75862,162.78267,174.12508,162.21846,177.85904,174.45625,176.49621,176.00646,180.73058,181.77904,180.78117
600,177.89733,184.81596,183.95629,177.52396,183.39708,184.08583,175.75071,183.39346,182.04721,179.71483,175.86321,180.46646,176.66271,179.34813,178.34746,179.20337,176.95583,176.38904,177.51525,176.37662,180.13550,176.07612,181.93888,180.15846,180.94587,180.51604,182.93471,184.93304,186.50642
601,193.07692,216.53358,212.71292,201.04196,212.07192,214.59450,195.62004,213.03813,209.55867,190.53958,196.73683,198.91821,196.74796,205.19083,203.82496,205.41137,201.05462,199.86717,202.14804,198.78917,206.98604,198.17767,210.28842,204.73158,207.88350,206.43979,211.57875,216.80179,221.56133
602,166.74442,177.28221,175.19892,170.19988,174.78087,176.02608,167.70775,175.39567,173.94379,165.18771,167.96512,169.40788,168.60804,171.68046,171.05138,172.02796,169.70250,168.92979,170.03104,168.78908,172.64879,168.37742,174.20183,171.51425,173.09875,172.45488,174.66296,177.08800,180.38192
603,212.59671,201.52175,198.08483,207.54658,198.64804,202.24975,209.72254,202.36913,200.13504,213.76583,208.41592,211.00817,210.41962,202.36238,204.12267,205.35558,205.46667,205.03242,203.48850,207.00958,203.12533,206.82621,202.48087,199.60137,201.34354,200.20121,199.82854,202.85388,206.87967
604,173.68450,171.91883,170.67046,171.90096,171.79650,174.36183,170.86650,174.61733,172.82729,175.67733,170.58638,175.08896,171.89700,171.60671,171.46600,172.64008,170.76188,170.06796,170.50188,170.66475,172.54396,170.31350,173.72804,171.29904,172.54246,171.79396,172.63708,174.36038,175.43817
605,188.44788,174.63292,171.05446,182.03450,169.97883,173.73825,185.48775,173.36746,170.08404,188.20246,183.29363,185.52033,186.65238,173.38262,176.34596,178.41688,178.49946,177.64546,175.13258,181.00717,174.78592,180.63517,173.65662,168.26504,171.78242,169.81367,170.70092,174.84979,179.29221
606,175.30975,175.77529,176.75133,177.33158,177.26958,177.94088,175.75567,178.58317,178.22767,173.78671,175.67892,177.72321,176.74400,177.25117,177.11825,178.03396,176.48554,175.84004,176.37254,176.06158,177.83229,175.70446,178.43888,177.58000,177.95350,177.69737,177.77121,177.08879,175.50367
607,155.93758,144.73150,145.77058,150.76675,144.82779,144.38142,153.34996,144.70800,145.42108,156.76958,152.04329,154.15350,153.99738,146.90313,147.83550,148.22996,149.06254,148.95042,147.79879,150.62088,146.72125,150.54600,145.52900,147.02562,146.02404,146.31350,144.79733,144.04896,144.34071
608,99.86871,115.08596,119.15592,101.28875,114.97704,109.00975,99.87450,107.25600,110.14979,100.11842,100.39658,102.12304,100.17100,106.16117,103.70517,102.88242,102.06808,102.25496,104.11167,101.18608,105.24033,101.19346,106.24400,111.79608,107.88767,109.83542,111.58042,110.29092,109.96050
609,163.48921,170.41275,169.63958,164.57596,169.16812,169.63933,162.40050,169.19229,168.26458,163.90904,162.49358,165.69154,163.48854,165.89929,165.19012,166.12758,163.88679,163.11983,164.20296,163.15246,166.76004,162.73354,168.19842,166.21671,167.33971,166.90358,168.88567,170.24450,171.60808
610,39.14367,25.86287,25.95483,30.79775,24.82304,24.93508,34.33554,24.72742,24.37233,42.50554,32.82533,36.04025,34.75362,26.18212,27.42871,27.90971,28.94150,28.92012,27.34229,30.97096,26.25708,30.98658,25.20446,25.01608,25.12262,24.86500,24.56175,25.23175,25.95196
611,169.19950,156.86579,150.89054,162.05262,151.10625,156.92754,164.41013,156.52408,151.90242,171.15708,162.48454,167.40308,165.83425,154.37896,157.02900,159.49904,158.55467,157.49388,155.45188,160.60850,156.25892,160.14138,156.07246,149.02925,153.40442,150.92154,152.51796,158.43008,164.74625
612,127.02437,138.01004,131.41321,127.88425,131.20783,137.71937,123.38633,136.11679,129.17154,128.06446,122.91700,132.71537,126.41487,126.00971,126.56996,130.58596,124.61263,122.21788,123.25508,123.71596,129.53117,122.52012,132.97096,122.06275,128.37092,124.99692,131.64179,140.45975,147.86946
613,188.65433,181.13317,186.46033,190.64129,188.85275,187.11087,189.67404,189.45446,192.46204,187.79779,190.07400,189.66008,189.76779,192.29538,191.59663,190.94192,191.29329,191.45021,192.07679,190.65767,191.44121,190.67167,190.84783,195.04721,192.40946,193.74321,189.98042,183.73750,176.00458
614,194.99679,194.32008,192.57746,194.88079,192.74825,194.22742,195.01067,194.18875,193.25250,194.49225,194.75563,195.09021,195.26279,193.68738,194.13917,194.59979,194.33708,194.12288,193.84075,194.55617,194.04071,194.45496,194.05975,192.71529,193.54729,193.08779,193.21179,194.59854,196.59646
615,203.70471,206.29683,206.39792,204.71104,206.00917,205.62479,204.58837,205.47600,205.80775,202.99275,204.73129,204.00200,204.43804,205.46863,205.15275,204.93742,204.99237,205.10437,205.31233,204.85538,205.26408,204.90571,205.34571,206.19921,205.60617,205.89821,205.78750,205.82133,206.30646
616,199.36996,201.75362,201.80621,199.81200,201.35179,200.96542,199.79058,200.74463,200.99929,199.10650,199.88758,199.53421,199.66638,200.56163,200.21263,200.01958,200.03183,200.13738,200.34687,199.95521,200.38817,200.00450,200.54029,201.28621,200.75212,201.01667,201.06875,201.24400,201.87037
617,186.02542,183.41229,187.17092,185.68750,186.57800,183.16837,187.31679,183.67108,186.95896,185.53054,187.47071,184.45817,186.31692,187.26554,186.47208,184.85571,186.88387,187.81454,187.80071,187.19192,185.69492,187.63667,184.63038,190.37817,186.78675,188.59392,185.93487,182.13113,179.02983
618,68.59833,29.45904,30.33604,52.12542,32.35246,32.35304,62.73071,34.43008,38.04758,74.22146,60.37687,58.90954,60.74954,44.97900,46.91625,44.57050,51.53104,53.69242,49.70738,56.16288,42.12892,57.31000,37.56812,46.41837,40.84283,42.98329,34.21483,30.48671,31.54904
619,97.11658,132.78567,137.69612,108.90146,135.40221,129.96942,100.48617,128.54821,130.20146,95.56371,103.12567,104.96400,101.30575,121.17750,116.48587,116.25321,111.33429,110.60496,115.62729,107.02813,121.60117,106.54921,125.93288,126.90792,126.02437,127.10192,132.39533,130.37904,125.16125
620,88.32942,60.25967,65.65808,80.52821,70.53442,69.09067,85.10442,72.80071,78.20629,92.95329,84.76121,83.78712,83.53196,80.92938,80.31575,77.63092,81.96025,83.71221,82.77608,83.42825,78.10300,84.28413,75.57325,85.77696,79.29217,82.25496,73.09937,64.56967,57.25867
621,140.51150,78.40704,76.23096,121.08842,81.18125,88.07158,131.87850,92.24404,91.45537,144.83783,127.55246,130.97254,132.49621,103.04375,109.36042,110.63667,116.04175,116.24037,109.73737,122.07600,102.81667,122.25029,96.88633,96.38379,97.04692,95.87242,86.52225,84.33025,83.27954
622,70.80029,63.18246,60.71654,64.95521,63.38188,67.29450,63.73212,68.08992,65.60517,76.74033,63.14367,71.68333,65.44483,64.03067,64.00867,65.75813,63.06200,61.95683,62.44875,63.09646,65.60338,62.53833,67.25433,62.53854,65.37542,63.99838,65.14104,66.79033,67.56887
623,93.32125,77.45475,74.95333,90.02708,77.71813,82.96137,89.94613,84.58583,81.64742,93.83375,88.60467,94.21800,91.95658,83.74346,86.01279,88.52663,86.90079,85.55454,84.33242,87.79367,85.46721,87.11446,85.16467,79.74971,83.12350,81.16938,80.40371,81.60758,82.06475
624,58.23279,65.74408,60.48821,62.11729,61.87654,67.51283,58.06400,67.29900,62.48437,56.60704,58.03554,62.56208,60.10712,60.84546,61.51888,64.36487,60.12475,58.32992,59.10354,59.02867,63.44313,58.12725,65.65538,57.15104,62.33521,59.74342,63.34396,68.52021,72.85704
625,27.42725,28.38108,28.27108,28.06142,28.64000,28.96917,27.52567,29.12262,29.08742,27.31583,27.62779,27.99029,27.67529,28.62200,28.38167,28.47087,28.07525,27.97196,28.26425,27.84025,28.69621,27.77817,28.97783,28.97204,28.92638,28.95950,28.85858,28.85858,28.92367
626,32.29100,44.89117,38.29292,33.76896,37.52700,42.24338,30.69804,40.37146,35.19742,32.40371,30.53363,35.84258,32.46829,32.94992,33.26333,35.82854,31.87796,30.35612,31.09804,31.16850,35.34108,30.41862,37.82542,30.00975,34.56721,32.17642,37.45958,45.33787,53.85625
627,33.35158,55.63342,51.53650,36.64604,47.74650,47.97779,34.12621,44.92087,41.99929,32.32300,34.49388,36.26204,34.82679,38.72237,37.90396,39.02367,36.26121,35.51513,36.73592,35.32950,40.04487,34.96517,42.35637,37.87737,40.49900,39.34067,45.45108,51.82688,59.48954
628,36.76025,54.07862,45.94383,38.53896,43.85012,48.00850,36.21183,45.40392,40.34083,36.33404,36.11417,39.34042,37.40833,38.16396,38.36417,40.43800,37.11625,35.90962,36.51925,36.58542,40.34442,36.01396,42.75413,34.78713,39.64533,37.31263,43.24521,52.13500,63.96071
629,134.68167,130.03667,126.22367,133.26008,127.09004,131.22204,132.69383,131.40896,128.20617,134.75525,131.85079,135.16479,134.12250,129.12267,130.73783,132.76196,131.04675,129.89754,129.19613,131.46733,130.83571,130.90350,131.17975,124.97863,129.01629,127.02992,128.48533,131.56908,134.36146
630,58.65225,72.71188,72.68833,63.74525,71.41662,70.12129,62.13758,69.18083,69.61333,56.18096,63.03192,60.27408,61.60587,67.57287,66.21550,65.60075,65.06754,65.28983,66.48192,64.00058,67.26562,64.10088,68.23400,69.41842,68.56488,69.12987,70.35346,71.18063,72.75275
631,127.08679,141.42758,140.72379,130.76821,139.74337,139.60717,127.57121,138.54621,137.50642,126.69179,128.27867,130.28738,128.26600,134.18562,132.84442,133.47746,130.95158,130.34717,132.02354,129.54750,134.93562,129.21796,136.93804,135.25200,136.07458,135.77675,138.79908,140.79196,142.27967
632,80.46229,106.93583,104.87042,88.68554,102.96975,102.94488,84.32875,100.91954,98.94063,77.57158,85.72888,84.77958,84.42575,94.41867,92.45946,92.90538,89.80558,89.29546,91.61021,87.66596,95.38825,87.41508,98.35117,95.09683,96.94867,96.32208,101.40233,105.30063,108.72742
633,128.29504,124.01129,126.74446,129.16996,127.02713,125.47546,129.60854,126.42850,128.42096,126.76750,129.54033,128.18887,129.52921,129.02325,128.97533,128.48358,129.32954,129.54729,129.43842,129.44221,128.32767,129.51675,127.43833,130.46017,128.60479,129.51458,127.22946,124.07346,121.03650
634,123.53633,109.21612,108.49404,120.89179,110.85050,113.24733,122.74133,114.89254,114.92783,123.60521,122.03196,122.07121,122.78879,117.54937,118.78658,118.95162,120.10396,120.18737,118.95883,121.11642,117.38787,121.16617,116.10996,116.43279,116.28600,116.16463,112.92158,111.72046,110.98721
635,81.73850,104.12775,102.82263,88.99379,100.94412,99.93350,86.10671,98.18092,97.84129,78.68092,87.42379,84.91325,85.62196,94.50354,92.55762,92.09279,90.65479,90.76625,92.63033,88.96067,94.42546,89.00437,96.28654,96.88396,96.20338,96.63504,99.34258,102.09483,106.27183
636,112.58367,110.49067,109.65192,113.16000,111.11483,113.06679,112.09242,113.76854,112.80512,112.43875,112.01763,113.57788,112.75125,112.59213,112.82263,113.62033,112.50362,111.97550,112.15433,112.24867,113.24871,111.97758,113.69279,111.72450,112.94567,112.34700,112.22158,112.43954,112.08546
637,109.61229,121.29163,121.89879,116.70575,123.95933,124.29471,112.50246,125.06138,125.49063,107.89767,113.98262,113.54104,112.60233,122.35450,120.43771,120.25075,118.22642,117.99400,120.19250,116.00408,122.47471,115.84400,124.28092,124.64746,124.26108,124.64488,124.70550,123.30562,121.47067
638,100.93767,92.32267,91.72067,100.17008,94.62012,97.93546,98.68658,99.62379,98.16117,101.62754,98.28125,102.29896,100.10217,98.19225,98.87854,100.46125,98.57692,97.56296,97.61979,98.42117,99.39058,97.89912,99.89108,96.51483,98.61813,97.53038,96.81417,96.16308,94.23042
639,103.11650,123.36338,121.39246,107.15533,119.36800,119.19267,103.63783,117.20438,115.33796,103.11746,104.52887,106.47671,104.18358,111.33617,109.78450,110.45792,107.55629,106.93642,108.82921,105.96525,112.35721,105.64712,114.93154,111.77008,113.57054,112.90408,117.75692,121.49158,124.59075
640,100.25396,104.27217,103.90483,102.24183,103.85812,104.23308,100.65975,104.18646,103.68567,99.32567,100.79662,102.02300,101.31712,102.70650,102.52096,103.14096,101.87521,101.39279,101.94396,101.30988,103.21517,101.04367,103.84071,102.66650,103.34258,103.03308,103.88571,104.29287,104.51671
641,84.38975,97.70667,95.16283,92.48571,96.14275,98.45550,88.53471,98.44608,96.73354,80.36629,89.49729,88.90583,89.09783,94.93083,94.37950,95.23704,92.85692,92.16912,93.50533,91.09979,95.87263,90.73133,97.42958,94.45950,96.19075,95.38212,96.89279,98.83138,100.71354
642,118.52729,125.18171,123.42158,121.14233,123.08650,124.12467,119.99712,123.63125,122.49675,117.15867,120.29608,119.68917,120.06508,121.85083,121.73925,122.08987,121.24967,121.02004,121.38400,120.75037,122.30446,120.64496,122.97521,121.15579,122.28229,121.78354,123.06413,124.93829,127.21858
643,112.02300,115.63392,117.22846,113.54854,116.54200,114.79537,113.51946,114.67892,116.06500,111.11629,113.87029,112.20442,113.04696,115.41896,114.64508,113.89375,114.37871,114.76637,115.19908,114.11229,114.73700,114.29179,114.68887,117.38554,115.61254,116.50746,115.90850,114.73133,113.97600
644,51.93654,44.35775,42.89275,49.43767,43.68463,46.56796,49.70067,47.06983,45.04479,52.45729,48.84392,52.09954,50.78608,45.90417,47.09604,48.58987,47.54225,46.77954,46.07867,48.22212,46.97292,47.85321,47.03871,43.66254,45.70129,44.50300,44.79717,46.30333,47.12662
645,63.57683,73.22017,71.50337,65.02771,70.17317,71.08837,62.44583,69.94479,67.71250,63.81346,62.49421,66.29850,63.75417,65.46196,65.23500,66.72950,63.96804,62.93288,63.83642,63.19217,66.88071,62.65792,68.54933,64.25433,66.85796,65.67458,69.43267,72.46775,74.79421
646,64.17400,78.70475,74.32138,66.00321,71.01904,72.84333,63.95400,70.32371,66.16279,62.72962,63.58646,66.64696,65.40387,64.39238,64.99688,67.22071,64.12500,62.80150,63.10233,63.83821,66.50342,63.19696,68.28562,60.98688,65.51371,63.34621,69.49692,76.10746,82.48067
647,47.75754,69.81696,69.45312,56.31154,68.68567,67.60758,52.22542,66.69183,66.71104,45.00454,53.91308,51.74879,51.86475,62.89883,60.69671,60.22825,58.30417,58.27192,60.59950,56.00362,63.00333,55.96425,65.15954,64.93354,64.97833,65.27237,67.74383,68.56108,69.58946
648,56.76250,34.32492,30.47517,49.10988,32.44233,38.06975,52.24987,39.20704,35.85179,58.34996,50.15271,54.05058,53.52813,40.02542,43.30933,45.47629,45.62262,44.73996,42.08421,47.99483,41.49308,47.60850,40.14842,34.38896,38.16058,35.98421,34.97229,37.53937,40.11025
649,28.71896,83.53454,81.12338,41.28971,77.01537,74.91408,30.97879,70.41175,67.37575,29.15013,34.15525,38.18775,31.85654,55.73708,50.42771,51.17963,43.82479,42.62721,48.55292,38.74729,57.63971,38.10350,64.62638,59.46862,62.14292,61.46292,72.81387,79.81200,85.50208
650,79.98425,40.69204,38.62000,63.92267,39.65321,43.50354,71.72054,45.06150,43.63817,84.70721,68.31987,72.75350,72.57617,50.76408,55.18179,56.59662,59.63083,59.44754,54.91437,64.18067,51.17988,64.15779,47.60250,45.23900,47.03287,45.68604,41.96725,42.34262,43.40317
651,42.60112,44.78258,44.25867,42.43842,43.63121,43.61237,42.54742,43.20858,42.93738,42.44242,42.43296,42.70454,42.64679,42.50075,42.36229,42.48592,42.22775,42.16208,42.24158,42.33313,42.61608,42.30133,42.88100,42.58621,42.72675,42.66479,43.30975,44.15921,45.27608
652,25.49542,24.05275,21.91708,23.84779,21.90192,23.42012,24.62079,23.14279,22.03529,25.93463,24.21525,24.97108,24.76287,22.47771,22.91296,23.30258,23.22421,23.10800,22.67954,23.74150,22.80704,23.70275,22.86771,21.44442,22.30988,21.82112,22.20696,24.13758,27.45004
653,61.03096,50.24637,46.98833,57.92213,47.76687,51.55667,60.04208,51.90271,49.77308,60.40150,58.86725,59.87679,60.52479,52.59150,54.54433,55.63521,56.10546,55.79446,54.10879,57.55304,53.18121,57.42846,52.22612,49.86471,51.23742,50.17171,49.17171,51.91117,55.62808
654,42.77458,63.14717,61.37396,44.62021,57.73412,56.60908,41.53825,53.89458,51.97246,43.55092,41.92246,45.90158,42.66887,47.63308,46.23725,47.36887,44.10637,43.21121,44.95558,42.95417,48.86112,42.48638,51.41854,48.29192,49.96663,49.27275,55.14754,59.70675,64.34404
655,44.26800,43.07313,42.32708,46.96600,43.83563,45.58317,46.21871,46.40279,45.92017,42.02354,46.31612,45.17783,46.37412,46.45933,46.82188,47.16900,46.84167,46.61846,46.58392,46.56908,46.71229,46.45287,46.65213,45.74892,46.33688,46.02125,45.03304,44.86617,44.70092
656,68.56825,73.57871,72.78646,71.67350,73.16450,74.37529,69.51575,74.42325,73.14933,67.26250,69.79883,70.66237,70.18246,72.15388,72.13350,72.99879,71.33537,70.69150,71.29675,70.53092,73.03304,70.19817,73.93646,71.00325,72.89346,72.08675,73.52600,74.32458,74.02054
657,54.53850,77.16008,78.40000,59.40967,75.96063,72.39871,55.97833,70.61762,71.71192,54.74571,57.44042,57.62417,55.78650,66.76700,63.88746,63.11450,61.27371,61.36096,63.96675,59.26071,66.50342,59.26217,68.78042,70.67621,69.25337,70.25683,73.50446,74.02375,74.84183
658,34.13562,24.87508,23.83862,32.89187,25.77075,27.95221,34.14188,29.06013,28.73758,33.86604,33.76229,33.14654,33.98108,30.70729,31.61092,31.67679,32.54479,32.67071,31.78229,33.18504,30.61692,33.26521,29.79004,29.64821,29.76771,29.55600,27.36921,27.02404,27.04363
659,13.04379,10.33075,10.11800,9.52175,9.55017,9.29621,10.59025,8.98217,8.93637,15.31946,10.18463,11.93063,10.69104,8.87946,8.89242,8.91037,9.08804,9.12904,8.88558,9.65896,8.88308,9.68758,8.87783,8.87413,8.87250,8.87629,9.23000,9.68229,10.43775
660,26.29308,31.85925,29.61583,27.38958,29.29046,30.59708,26.50579,29.97338,28.58367,25.90292,26.59646,27.27967,26.78350,27.75917,27.64308,28.18000,27.14125,26.82388,27.14896,26.85408,28.33867,26.70517,29.15367,27.10687,28.30813,27.72029,29.24563,31.64529,34.83413
661,57.15842,68.70533,66.21204,60.75308,65.64650,67.08408,58.12442,66.11192,64.05450,55.98871,58.56675,59.84833,58.79604,62.14221,61.75250,62.73654,60.52104,59.82433,60.77746,59.49592,63.20379,59.14408,64.75221,61.29892,63.34687,62.39904,65.32108,68.46442,71.58629
662,49.86754,46.07800,45.04383,46.83100,44.99379,46.29537,46.80383,46.17517,44.83863,51.76875,46.18046,49.98225,47.79321,44.77692,45.35550,46.44554,45.40371,44.77825,44.52463,45.80763,45.60146,45.49179,45.90596,43.46692,44.95437,44.15950,45.19862,46.56471,47.51746
663,46.13850,58.29771,57.44604,47.00154,56.15208,55.50313,45.16613,54.21583,53.59992,47.87792,45.76579,47.78279,45.34317,50.59225,49.11267,49.13483,47.54879,47.38067,48.77963,46.60950,50.91925,46.51496,52.67237,51.91187,52.21283,52.21437,54.97129,56.98279,59.27079
664,24.31029,19.88879,17.91454,21.73967,18.23942,20.29533,22.18787,20.30608,18.72313,25.50538,21.58008,23.95079,22.82437,19.33996,20.16700,21.08925,20.51854,20.06371,19.51562,21.07283,20.08650,20.85996,20.16696,17.44779,19.17062,18.25608,18.86229,20.60908,22.46987
665,26.90229,31.03888,31.43088,27.83858,31.58529,31.43812,26.36792,31.36896,31.28283,27.63442,26.71142,28.36163,26.72462,29.68792,28.92200,29.09396,27.99487,27.76012,28.62146,27.32058,29.91492,27.18167,30.81167,30.58137,30.61417,30.65433,31.43687,31.42404,30.97092
666,51.94487,61.32137,62.17404,55.30192,61.59579,60.33683,53.41121,59.93263,60.42625,51.08375,54.11504,53.59317,53.40008,58.41146,57.26871,57.03633,56.10113,56.03558,57.20537,55.05988,58.37846,55.00383,59.31392,59.89513,59.47137,59.83604,60.88683,60.58842,59.96458
667,53.95371,61.01271,60.22337,54.99071,59.46117,59.71412,53.43058,58.96271,57.88912,54.36683,53.65254,55.49842,53.94375,56.20125,55.70596,56.29421,54.77467,54.33204,55.07521,54.18404,56.84158,53.95767,57.98275,56.12321,57.18692,56.72308,58.89429,60.58733,61.84042
668,45.61662,55.98796,55.92479,47.15996,54.19346,52.93533,45.71887,51.72683,51.49775,45.72283,46.09871,47.02483,45.96383,49.37950,48.44942,48.56475,47.40083,47.19546,48.15358,46.71575,49.61388,46.59771,50.68796,50.38704,50.45417,50.51750,52.82646,54.19837,55.60550
669,47.64258,53.23100,52.27163,48.83325,51.69392,51.91783,47.70321,51.35663,50.65617,47.44158,47.86900,48.82471,48.06204,49.59896,49.30404,49.70229,48.69954,48.39587,48.88946,48.26321,50.01437,48.10337,50.72529,49.52967,50.21742,49.91862,51.32517,52.63108,54.11042
670,43.60208,50.98575,51.25142,49.27167,51.81571,51.84529,47.42133,52.12433,52.43238,40.43875,48.23817,45.52000,47.11317,51.64425,51.01892,50.73950,50.29108,50.33613,51.13088,49.21887,51.51312,49.22800,51.95258,52.45708,52.11025,52.35108,52.08037,51.50362,50.95404
671,21.74250,30.05275,31.19146,25.00321,30.00796,28.46542,23.87488,27.90950,28.47133,20.01929,24.37888,22.94358,23.70892,27.15850,26.37138,26.07813,25.67033,25.72383,26.46962,24.99371,26.97963,25.00512,27.46942,28.43454,27.76429,28.17529,29.05233,28.87463,28.44408
672,34.28750,33.96054,34.06638,35.94317,34.64258,35.29571,34.99633,35.73246,35.40763,33.06504,35.00587,35.29563,35.45833,35.43812,35.70475,36.21229,35.56217,35.19213,35.29242,35.27233,35.81237,35.07204,35.88321,34.86063,35.53425,35.21425,35.12846,34.77350,33.83742
673,42.09750,40.94067,40.70975,42.02058,40.81129,41.36988,41.89392,41.49258,41.08529,41.84571,41.72254,42.43346,42.20483,41.23404,41.50467,41.89204,41.56583,41.34879,41.23642,41.64788,41.49413,41.53750,41.50687,40.76625,41.21350,40.95350,41.03425,41.26675,41.28525
674,40.65983,44.45358,42.81088,42.64996,43.02808,44.31771,41.49179,44.18692,43.03292,39.64421,41.64479,41.75125,41.80233,42.67179,42.81783,43.37742,42.44142,42.06600,42.29621,42.02463,43.28446,41.84100,43.82079,41.47496,43.00846,42.33450,43.36729,44.65942,45.90946
675,44.82271,46.96117,46.37783,45.15171,45.67642,45.87083,44.73225,45.48579,44.85279,44.35804,44.57354,45.26025,45.15842,44.55321,44.74492,45.25892,44.61083,44.26996,44.30325,44.59038,44.98875,44.41629,45.23179,43.88954,44.75167,44.36071,45.39933,46.35196,47.22796
676,40.89275,39.75158,38.48946,40.15379,38.47704,39.60279,40.16954,39.48579,38.51117,41.05600,39.88500,40.88650,40.54575,38.82996,39.33000,39.90483,39.48804,39.18538,38.91408,39.69558,39.29967,39.55175,39.36058,37.65550,38.74537,38.18379,38.72533,39.92879,41.14667
677,42.24146,31.28862,30.76571,39.00746,32.13892,33.65013,40.55492,34.57937,34.42958,43.27425,39.90000,40.79838,40.70983,36.24696,37.21767,37.45633,38.20808,38.20333,37.23492,39.09513,36.24804,39.10258,35.36738,35.17892,35.35846,35.14783,33.34646,32.79779,32.46592
678,7.71962,6.44492,6.18963,6.93062,6.19021,6.47104,7.27671,6.47746,6.30163,8.02842,7.12512,7.43112,7.31346,6.47412,6.60087,6.67817,6.73325,6.72058,6.56558,6.93783,6.52421,6.93650,6.47896,6.25875,6.39363,6.30796,6.28004,6.52512,6.90404
679,49.57971,53.11083,52.28238,51.89988,52.48325,53.01967,51.12354,52.99562,52.67779,48.23592,51.41471,50.29879,51.03958,52.50700,52.43654,52.47558,52.19250,52.13433,52.36017,51.78658,52.62571,51.75879,52.84308,52.24825,52.64829,52.49888,52.69004,53.16704,53.89596
680,30.95425,31.27467,29.14275,30.70538,30.04550,32.77504,29.12813,32.81225,30.48500,31.88479,28.95954,32.47417,30.19642,29.75713,30.13129,31.55100,29.55046,28.68121,28.93971,29.23887,31.03500,28.80858,32.07850,27.92408,30.45292,29.17425,30.83171,33.01458,34.36871
681,22.83367,31.65050,31.22996,25.45963,30.54358,30.27929,23.75683,29.63546,29.13571,22.15138,24.22967,24.44758,23.94925,27.45367,26.74813,26.95625,25.76471,25.51633,26.39288,24.95925,27.80862,24.82608,28.82517,27.80800,28.39354,28.22196,29.95658,30.97250,31.75496
682,36.92017,31.08108,29.39337,35.96058,30.71254,33.20283,36.02687,33.83258,32.43612,36.98183,35.59092,36.86908,36.57142,33.52712,34.52554,35.40083,34.95575,34.50600,33.92729,35.28937,34.22687,35.07650,34.07633,31.37813,33.15967,32.23762,31.97146,32.78017,33.35821
683,35.96767,35.17979,35.63238,36.46242,35.87637,35.81675,36.39775,36.05987,36.29492,35.56171,36.44479,36.11804,36.36238,36.46650,36.49283,36.43158,36.54525,36.57750,36.56533,36.49354,36.37117,36.50567,36.23117,36.61000,36.37429,36.47925,36.03242,35.47896,34.73679
684,17.54054,13.29871,13.16917,15.79896,13.23079,13.50725,16.77504,13.67779,13.68921,17.92783,16.38563,16.74383,16.83692,14.44471,14.86058,14.93333,15.35983,15.38787,14.90058,15.89671,14.40208,15.91458,13.97525,14.06475,14.03329,13.99804,13.44662,13.38167,13.66896
685,28.64608,21.83742,21.21412,27.26721,22.90333,24.80662,27.20875,25.76650,25.04854,29.48896,26.89371,28.59758,27.70979,25.71171,26.30675,26.93033,26.51404,26.16008,25.85292,26.71313,26.19596,26.53838,26.12967,24.42958,25.56596,24.99162,24.22329,23.85046,22.95367
686,38.41225,27.25417,26.27475,35.70604,27.93358,30.17167,36.79004,31.22529,30.48571,39.08179,36.09808,37.36208,37.21029,32.39796,33.64737,34.28800,34.59658,34.34017,33.33850,35.38450,32.75883,35.26813,31.99263,30.53167,31.54312,30.92879,29.43858,29.22508,28.88642
687,20.93225,17.14525,17.48033,19.58633,17.66825,17.55367,20.69646,17.81171,18.31096,21.22158,20.49704,19.94529,20.40825,19.01892,19.16175,18.83338,19.63129,19.90462,19.51738,20.08479,18.65250,20.22842,18.16012,19.30850,18.58504,18.88396,17.85450,17.28483,17.04746
688,14.67867,16.89438,15.99962,15.55167,16.22546,17.04792,14.87417,16.96963,16.27796,14.45846,14.98788,15.32812,15.03600,15.86012,15.79667,16.08638,15.48042,15.28813,15.51325,15.22200,16.19050,15.12887,16.63321,15.43637,16.17188,15.83571,16.43004,17.26762,18.11437
689,11.15867,15.67488,16.21521,13.25433,16.08692,15.36967,12.46200,15.29579,15.82933,10.32550,12.88200,11.90071,12.26863,15.00354,14.38375,14.05304,13.88050,13.98700,14.54321,13.35771,14.79358,13.39858,15.11412,15.99408,15.41479,15.77137,15.83204,15.36450,14.99321
690,13.33008,13.88625,10.95546,13.07462,11.16096,13.81342,12.31638,13.46408,11.11013,13.32554,11.95979,14.35779,13.18246,11.17283,11.92608,13.22571,11.85308,11.14246,10.94588,11.90804,12.27521,11.56275,12.84200,9.07650,11.35704,10.11787,11.67071,14.65717,17.66025
691,9.90717,9.84013,9.04513,9.41121,9.02037,9.61850,9.55454,9.48117,8.96408,10.11154,9.43129,9.79046,9.63817,9.00388,9.13792,9.33037,9.17567,9.09287,8.99163,9.30871,9.19487,9.27508,9.31425,8.53129,9.01967,8.77262,9.11183,9.91071,10.91554
692,7.49904,8.04742,6.70329,6.92500,6.59104,7.81825,6.51825,7.51450,6.19979,7.93917,6.30071,8.02046,7.03471,6.00625,6.33296,7.06521,6.21183,5.80183,5.75358,6.25700,6.65050,6.05804,7.07604,4.89592,6.22033,5.52750,6.68887,8.34579,9.80225
693,16.79904,19.61937,19.96008,17.59183,19.67912,19.04075,17.18592,18.86379,19.23575,16.67179,17.40367,17.14896,17.10433,18.65000,18.23896,18.03350,17.92846,17.99433,18.33825,17.65342,18.50571,17.67721,18.70733,19.36667,18.92483,19.18325,19.35725,19.17342,19.15142
694,33.01417,36.83933,37.90658,34.70350,37.40008,36.07225,34.28354,35.92117,36.83133,32.24683,34.64912,33.40292,33.98367,36.24892,35.69000,35.19775,35.38050,35.59592,36.01008,34.99800,35.85500,35.09363,35.90546,37.42833,36.46208,37.00021,36.88533,36.07308,35.39717
695,32.48504,33.77358,33.03150,34.04425,33.47096,34.04096,33.88862,34.18142,34.12279,31.37821,34.09583,32.54179,33.59521,34.38225,34.39725,34.22387,34.41825,34.52838,34.53238,34.25100,34.29683,34.31446,34.23821,34.20775,34.26904,34.26625,33.84513,34.06338,34.75462
696,3.77358,4.24287,4.06225,3.36862,3.72213,3.63179,3.51071,3.43996,3.38296,3.95600,3.43788,3.70721,3.55104,3.28667,3.26538,3.29588,3.26896,3.26058,3.24500,3.35671,3.30088,3.35271,3.34071,3.35517,3.32150,3.32404,3.54429,3.88987,4.44675
697,30.65712,34.18592,33.93942,32.32150,34.03075,34.13396,31.30737,34.06121,33.90550,30.15000,31.59567,31.62808,31.42025,33.26400,32.98004,33.07917,32.52596,32.39492,32.82367,32.03904,33.40804,31.96446,33.80687,33.45375,33.65004,33.59317,34.01533,34.22650,34.45787
698,25.55533,27.24537,28.18150,26.17792,28.05792,27.15817,25.78921,27.19067,27.87992,25.60521,26.01738,25.85721,25.70633,27.31758,26.85983,26.57704,26.55979,26.65542,27.01933,26.27558,27.08046,26.31012,27.19250,28.27112,27.57383,27.96229,27.80079,26.95796,26.04671
699,17.04929,14.72317,14.47612,16.13229,14.51863,14.90413,16.49975,14.98813,14.76371,17.21329,16.24121,16.80542,16.68546,15.14925,15.46633,15.69425,15.71042,15.61071,15.34250,15.98817,15.27121,15.93933,15.10279,14.72629,14.96621,14.80817,14.68300,14.87192,15.12554
700,11.87021,8.75708,7.61304,10.63904,8.06663,9.60992,10.66483,9.74075,8.58188,12.38787,10.30317,11.95646,11.16483,9.00283,9.60179,10.32458,9.79204,9.42137,9.09325,10.05917,9.57217,9.88192,9.65754,7.68592,8.90908,8.23221,8.59971,9.64421,10.35512
701,25.75321,26.50625,28.17067,26.59854,28.03058,26.56317,26.70538,26.76050,28.11742,25.36212,26.98408,25.62525,26.27783,27.91762,27.40446,26.70529,27.32762,27.68921,27.93125,27.14846,27.29067,27.31679,27.04229,29.37242,27.90642,28.66700,27.73850,26.11258,24.67475
702,9.10150,18.02442,17.67112,11.00625,16.49383,15.79267,9.76517,14.89808,14.57779,8.74638,10.16188,10.28662,9.83629,12.94950,12.21008,12.25658,11.35092,11.22258,11.99946,10.72608,13.15583,10.65562,14.06012,13.53287,13.79637,13.76746,15.58013,16.77833,18.10163
703,2.54454,3.99175,3.87300,2.66567,3.55963,3.41158,2.59471,3.20908,3.16692,2.54083,2.62971,2.65500,2.58258,2.93046,2.81188,2.79513,2.71100,2.71708,2.80812,2.66783,2.93396,2.67096,3.05700,3.07608,3.04096,3.06171,3.35763,3.65625,4.10217
704,16.92354,16.89779,16.50321,16.85288,16.71438,17.14754,16.72550,17.20329,16.93642,17.15396,16.74179,17.08804,16.76833,16.87771,16.88200,16.97604,16.81496,16.76896,16.80142,16.77646,16.98696,16.75692,17.12208,16.67033,16.95058,16.81554,16.90363,17.14271,17.37333
705,8.71983,10.79875,10.73562,7.77537,9.79729,9.22433,8.24167,8.65467,8.67108,9.16462,8.11042,8.47858,8.19550,8.09458,7.79137,7.72683,7.67475,7.73929,7.82075,7.89979,8.04279,7.93917,8.28729,8.64079,8.33767,8.47363,9.16542,9.91175,11.01025
706,14.03150,11.37271,11.11458,13.12425,11.42825,11.85012,13.82492,12.06787,12.11896,14.19750,13.66392,13.53221,13.68621,12.60533,12.74946,12.65554,13.04908,13.18171,12.90567,13.37079,12.46096,13.44600,12.22283,12.65596,12.34608,12.42350,11.74517,11.71942,12.16117
707,24.37525,25.97992,25.94750,24.60400,25.55187,25.36083,24.68213,25.16821,25.22808,24.11938,24.71733,24.38604,24.58683,24.98933,24.80179,24.69179,24.72050,24.79892,24.88829,24.71808,24.90008,24.75650,25.00771,25.35717,25.08504,25.20092,25.33371,25.64971,26.33471
708,27.50787,26.45604,26.88267,27.97925,27.70725,27.76783,28.13654,28.26725,28.87463,27.00375,28.22021,27.37608,27.94179,28.72879,28.37392,28.04408,28.27637,28.45813,28.62229,28.24629,28.42992,28.32796,28.43146,29.58450,28.82492,29.20171,28.14833,27.26237,26.68350
709,7.82383,11.24458,11.37033,8.03317,10.67638,9.91783,8.24679,9.47717,9.89854,7.72004,8.37517,7.77342,7.96150,9.23229,8.66533,8.27221,8.42983,8.66904,8.94517,8.39933,8.92021,8.51729,9.15088,10.35262,9.49946,9.91446,10.12100,10.48058,11.46546
710,8.05521,9.31062,9.01312,8.31833,8.97521,9.20954,8.07942,9.11838,8.90029,8.06671,8.13004,8.36367,8.11633,8.58633,8.47175,8.57425,8.29704,8.23150,8.36554,8.20875,8.69200,8.18204,8.92133,8.64983,8.77987,8.71087,8.96937,9.39971,10.00021
711,8.43654,6.40479,6.09250,7.65408,6.26837,6.77358,7.88850,6.88050,6.59433,8.69296,7.69004,8.30687,8.05767,6.88183,7.13587,7.35592,7.30300,7.20392,7.00517,7.50546,7.01996,7.45783,6.93838,6.49362,6.76458,6.59021,6.49125,6.73025,7.02075
712,25.18887,17.51858,17.57937,24.59821,19.42629,20.80454,25.03442,21.98133,22.06608,25.18571,24.87342,24.75483,25.03000,23.33642,23.89704,23.95783,24.41667,24.43654,23.96921,24.65838,23.27467,24.67163,22.69458,22.76963,22.77050,22.69225,20.78242,19.56533,18.09117
713,10.35242,9.60758,9.99583,10.47967,10.06371,9.81767,10.71587,9.95646,10.34358,10.06842,10.72429,10.17429,10.58021,10.53421,10.50429,10.30946,10.61917,10.74013,10.68492,10.67471,10.32446,10.73229,10.12254,10.88862,10.39975,10.62208,10.09917,9.64046,9.30846
714,7.47058,8.85642,7.97921,7.45608,7.89179,8.56783,7.14854,8.32983,7.59513,7.56071,7.08592,7.85558,7.38667,7.28271,7.32721,7.68737,7.15237,6.94729,7.02304,7.11646,7.62367,7.01783,7.97958,6.83758,7.51117,7.16408,7.90283,8.96817,10.10125
715,11.96142,15.18550,14.25012,12.97429,14.04146,14.64979,12.30600,14.34021,13.57275,11.48179,12.38158,12.65783,12.51013,13.13000,13.11671,13.46467,12.82225,12.59808,12.79442,12.59092,13.49792,12.48108,13.93254,12.64042,13.42854,13.05754,13.98579,15.11667,16.26292
716,3.88100,15.91563,16.02250,6.62717,14.38979,12.98154,4.96400,11.81712,11.76338,3.32342,5.56296,5.48129,4.97729,9.53271,8.42100,8.31925,7.25654,7.16783,8.27054,6.36708,9.64133,6.30933,10.76871,10.76354,10.65467,10.82975,13.03125,14.17775,15.35146
717,10.74246,12.38796,12.24067,11.27396,12.38496,12.51062,10.86508,12.49242,12.38208,10.78917,11.01621,11.10550,10.85996,11.94225,11.70333,11.70250,11.42617,11.39958,11.64904,11.21096,12.00579,11.19767,12.30262,12.08700,12.20750,12.18179,12.42067,12.54537,12.61517
718,15.39858,21.58837,20.89067,17.16013,20.29058,20.34696,16.07746,19.78796,19.17017,14.81958,16.34779,16.43129,16.22113,18.18333,17.85567,18.08913,17.27137,17.06883,17.55679,16.78687,18.51538,16.68429,19.18692,18.06496,18.74321,18.47875,19.87408,21.01608,22.07558
719,12.25958,14.18708,14.12458,12.85425,14.13583,14.11329,12.36683,14.05338,14.00379,12.22879,12.49558,12.73500,12.44771,13.49233,13.24483,13.28292,12.93996,12.87183,13.15300,12.70663,13.57096,12.66638,13.86796,13.70158,13.79033,13.78429,14.08783,14.17625,14.25083
720,9.34083,16.43912,16.08033,11.30250,15.28417,14.99575,10.08946,14.35446,13.87579,8.73938,10.41304,10.53087,10.23533,12.64796,12.17904,12.36817,11.48387,11.28871,11.89471,10.92196,12.94396,10.81975,13.69279,12.79954,13.31692,13.13904,14.67954,15.69221,16.49433
721,4.83429,10.43733,10.43708,5.82383,9.47417,8.75508,5.15479,8.10637,8.05963,4.67429,5.37225,5.56429,5.20550,7.02546,6.53079,6.51687,6.02679,5.97708,6.45279,5.68258,7.07333,5.65025,7.57804,7.66587,7.53054,7.62650,8.72758,9.45321,10.36042
722,17.20946,18.26471,17.56950,17.20300,17.22454,17.63717,17.06271,17.34908,16.74183,17.06058,16.95046,17.42621,17.27721,16.69271,16.88229,17.21512,16.86792,16.68437,16.62562,16.91067,16.97887,16.82238,17.12737,16.14208,16.74717,16.43321,17.11054,18.04833,18.98425
723,8.98979,12.56975,12.48692,9.80479,11.89525,11.46887,9.55179,11.07529,11.11037,8.61775,9.70800,9.27933,9.44692,10.59633,10.29017,10.16938,10.04562,10.09696,10.34154,9.86825,10.54000,9.89271,10.78100,11.01900,10.82883,10.94258,11.46587,11.91954,12.62892
724,20.28617,24.94446,24.95042,21.99800,24.60254,24.20229,21.33096,23.91137,23.98175,19.62696,21.67158,20.90192,21.16379,23.30158,22.87308,22.70067,22.46404,22.51800,22.93088,22.04900,23.24696,22.07458,23.59996,23.79008,23.64175,23.76262,24.27112,24.49962,24.73829
725,9.48817,9.14717,9.15587,9.21108,8.98813,9.01225,9.35500,8.95117,8.88492,9.45296,9.25429,9.41433,9.42425,8.92408,8.98900,9.06892,9.04921,9.01367,8.94579,9.15621,8.95313,9.13817,8.92417,8.92146,8.89746,8.88158,8.92425,9.10496,9.36700
726,6.93104,9.69913,9.81921,7.65442,9.42542,9.08521,7.21654,8.84500,8.81400,6.70508,7.34096,7.38312,7.26608,8.27100,8.03025,8.05812,7.74437,7.68821,7.95058,7.53246,8.33850,7.50071,8.61742,8.48479,8.55288,8.55783,9.11917,9.30462,9.38754
727,16.55908,22.49883,23.06417,18.66379,22.52463,21.56050,17.72304,21.23200,21.61671,15.83146,18.15067,17.35208,17.59104,20.52225,19.85412,19.60571,19.23704,19.27742,19.91162,18.66767,20.42254,18.67733,20.89458,21.39375,21.06604,21.33054,21.97763,21.79617,21.53662
728,4.64088,9.46867,9.85238,5.41542,8.94950,8.03112,4.82608,7.49871,7.65329,4.62137,5.02975,5.21454,4.86388,6.63579,6.11817,6.04750,5.63321,5.60529,6.07596,5.31579,6.63100,5.29296,7.07587,7.36904,7.12642,7.29358,8.22383,8.53292,8.81279
729,15.36783,12.46075,11.84896,14.86258,12.25404,13.19446,15.22387,13.43283,12.95971,15.20071,15.00225,15.08075,15.31992,13.66708,14.15146,14.40296,14.49679,14.40804,14.03025,14.76229,13.83563,14.72646,13.60225,12.83867,13.34508,13.04783,12.72700,13.06104,13.42433
730,24.89242,28.81692,28.27958,26.03358,27.86488,27.97488,25.27383,27.61050,27.10658,24.52554,25.43446,25.57879,25.41321,26.52858,26.40054,26.62658,26.04137,25.86413,26.14704,25.72321,26.81421,25.63513,27.24004,26.22246,26.86900,26.60879,27.61608,28.40225,29.05600
731,11.82967,11.98796,11.32733,12.15304,11.44321,11.95096,12.28571,11.93742,11.66867,11.41596,12.28337,11.76938,12.18054,11.93833,12.07033,12.07442,12.18346,12.21983,12.09783,12.23633,11.95887,12.26192,11.91200,11.62725,11.80979,11.70200,11.62442,12.09700,12.85896
732,15.21454,15.09329,15.15317,15.51412,15.45254,15.69121,15.21867,15.86625,15.80271,15.15587,15.26262,15.46967,15.31433,15.65879,15.60983,15.70104,15.48504,15.40892,15.51871,15.36846,15.73846,15.32692,15.85483,15.67088,15.77683,15.73004,15.64846,15.49375,15.16221
733,12.47192,15.15187,16.07925,13.76062,15.99533,15.13733,13.22321,15.17996,15.79196,12.09029,13.53192,12.86242,13.06862,15.13388,14.63012,14.32992,14.24804,14.34375,14.77217,13.87288,14.94146,13.91137,15.14813,15.92354,15.45492,15.77633,15.76854,14.91158,13.77917
734,9.98171,15.50254,14.34342,10.39904,13.34992,13.55996,9.61150,12.72546,11.74021,10.13508,9.64738,10.82854,9.96775,10.76479,10.59400,11.06500,10.10500,9.79721,10.13767,9.86325,11.26163,9.71017,11.97708,10.37529,11.31808,10.87942,12.74654,14.60179,16.51671
735,4.73754,3.35842,3.27017,4.16200,3.35212,3.50025,4.47500,3.56925,3.54700,4.91138,4.36279,4.45871,4.47429,3.77783,3.89688,3.91008,4.04550,4.06300,3.91450,4.21146,3.76658,4.22296,3.65183,3.64621,3.65696,3.63617,3.45475,3.45221,3.52842
736,17.78542,16.00267,15.06483,16.64075,14.64596,15.18179,17.38879,14.94875,14.46246,17.80367,17.05112,17.24433,17.46146,15.19867,15.71813,15.92950,16.18854,16.15533,15.66013,16.64050,15.30354,16.63321,14.99067,14.45242,14.79121,14.54929,14.63792,15.62725,17.17542
737,7.74246,9.28092,8.54454,7.65138,8.06496,8.43600,7.36829,8.07908,7.40158,7.73529,7.24029,8.12204,7.69617,7.17275,7.32604,7.74887,7.22408,6.97283,6.98188,7.23171,7.53796,7.10600,7.78908,6.61050,7.33171,6.96929,7.87529,8.92275,10.04467
738,15.45696,22.00092,22.13629,18.11904,22.10396,21.80971,16.46771,21.60071,21.57542,14.80404,16.98771,17.06275,16.59742,20.17933,19.46412,19.48942,18.58371,18.43379,19.28592,17.74754,20.31392,17.65367,21.08467,20.96346,20.96513,21.03621,21.84362,21.97813,21.89150
739,5.89596,7.46875,7.21846,5.71442,6.67533,6.53104,5.64450,6.21217,6.01225,6.01229,5.58992,6.01467,5.76629,5.71625,5.66542,5.79179,5.56133,5.47921,5.54375,5.57521,5.83588,5.53337,6.00567,5.67142,5.86471,5.77904,6.37275,6.90912,7.55725
740,5.78737,4.88362,4.85321,5.45437,4.79608,5.01883,5.52854,5.03829,4.84583,5.74567,5.38258,5.83821,5.70475,4.93575,5.08537,5.28742,5.15708,5.05096,4.95537,5.27483,5.05179,5.22021,5.03158,4.77375,4.90608,4.80021,4.84183,5.02150,5.23496
741,12.26500,13.11604,13.04988,12.57838,13.12900,13.20033,12.33062,13.21192,13.18404,12.30979,12.41704,12.52717,12.34225,12.95346,12.81896,12.81096,12.66700,12.65308,12.79742,12.53596,12.97408,12.52625,13.12262,13.07512,13.09333,13.09933,13.16771,13.19821,13.22996
742,20.52725,20.48462,20.59021,20.48267,20.73287,20.87742,20.24746,20.94000,20.82125,20.78983,20.27050,20.70508,20.34854,20.62050,20.56054,20.65687,20.43150,20.35642,20.46088,20.34679,20.71454,20.30721,20.86313,20.60408,20.75754,20.69446,20.80446,20.78817,20.55654
743,25.88967,28.66296,28.99729,26.63175,28.60688,27.61875,26.99000,27.45267,28.37600,25.09433,27.12362,25.54162,26.60096,27.88475,27.29988,26.72404,27.14154,27.45033,27.69975,27.13071,27.41721,27.27821,27.43546,29.15838,28.05571,28.64983,28.25354,27.85704,28.44283
744,30.76854,30.88304,31.15008,31.11421,31.11804,30.73696,31.42371,30.82350,31.41200,30.20229,31.44350,30.40738,31.21717,31.43975,31.27083,30.97521,31.32554,31.48583,31.50046,31.38721,31.15758,31.46396,30.98433,32.04421,31.38267,31.72258,31.10900,30.71854,30.93313
745,31.94096,26.48713,26.11704,30.93963,26.90896,27.86554,31.69513,28.46392,28.44329,31.66683,31.34008,31.16842,31.77904,29.41358,29.94850,30.12958,30.46200,30.41262,29.90700,30.92233,29.43979,30.90546,28.95212,28.86362,28.95946,28.85396,27.68958,27.39954,27.46950
746,25.71746,18.21775,18.63263,24.16242,19.33371,19.61825,25.62950,20.34700,21.02958,25.39229,25.19283,24.36463,25.47692,22.45229,23.01054,22.83346,23.84396,24.03625,23.31504,24.55137,22.08992,24.65212,21.15692,22.42396,21.67142,21.95125,20.01142,18.90121,18.28567
747,17.41179,11.39658,11.79888,15.06996,12.28254,12.19862,16.59946,12.65350,13.43788,18.25158,16.28754,15.92617,16.27121,14.30787,14.45467,14.03513,15.05208,15.38825,14.89504,15.69854,13.82421,15.87633,13.17887,14.79838,13.78912,14.22754,12.66129,11.76575,11.43604
748,30.68538,34.02792,35.36004,31.48538,35.08529,33.37250,31.37671,33.31842,34.84929,30.94654,31.84204,30.59471,30.80842,33.95379,32.96588,32.05863,32.53875,32.98583,33.56892,32.17308,33.23854,32.38658,33.33333,35.98717,34.30438,35.24033,34.59721,33.30633,32.53217
749,37.97396,39.31742,39.76300,38.32483,39.48971,38.76517,38.39408,38.69733,39.41421,37.79029,38.51442,37.86725,38.19396,39.11746,38.76037,38.41821,38.65225,38.81696,39.00154,38.57958,38.79508,38.65708,38.73975,40.06208,39.21242,39.66042,39.25379,38.86229,38.99333
750,40.14988,41.56767,42.14496,40.79292,41.97896,41.20837,40.73358,41.21413,42.02412,39.80975,40.89454,40.18533,40.54588,41.69646,41.30708,40.95304,41.16121,41.31971,41.55375,41.02142,41.35508,41.09250,41.29587,42.73388,41.81187,42.29917,41.78625,41.19963,41.09775
751,37.10379,35.71604,36.61492,36.83975,36.51687,35.39550,37.98950,35.55233,37.04800,36.82867,38.07029,35.90658,37.26304,37.52004,37.20550,36.27225,37.57012,38.14762,37.99371,37.83271,36.64433,38.12363,35.99767,38.95967,37.11138,38.02896,36.39479,35.24688,35.03762
752,39.09642,37.62592,38.89271,37.79712,37.63283,35.46613,39.55346,35.19112,37.08842,38.83654,39.36313,37.38304,38.93004,37.73621,37.57608,36.64183,38.21496,38.80367,38.41442,38.81638,36.74033,39.10717,35.75958,39.38033,37.12425,38.22154,36.82725,35.74275,36.05679
753,31.75675,25.50083,26.08917,29.82796,26.17579,25.47196,31.88800,25.91833,27.46054,31.68129,31.54008,29.75858,31.31446,28.85350,29.08050,28.30858,30.00600,30.54758,29.85004,30.81029,27.97504,31.08471,26.79592,29.77696,27.96354,28.81337,26.42087,25.10562,25.29500
754,39.76050,44.38429,45.36483,40.83013,44.47492,42.57504,41.11258,42.15325,43.64588,39.31146,41.51688,39.37188,40.38237,43.00371,42.13171,41.13667,41.90750,42.44762,42.85167,41.70246,42.18192,41.96896,42.09688,45.02242,43.15354,44.15075,43.65842,42.98683,43.15638
755,41.13925,41.32633,41.43242,40.48183,40.55775,39.48717,41.72000,39.12629,40.18725,40.82258,41.62800,39.93904,41.18896,40.59696,40.44417,39.77075,40.85587,41.29546,41.04304,41.26008,39.91446,41.48346,39.33217,41.70133,40.20321,40.92867,40.04854,40.03854,41.43979
756,27.24938,24.98442,25.68312,25.56229,25.71354,24.89250,26.51413,25.03646,26.25396,28.20562,26.41917,26.35979,26.22196,26.15188,25.70108,25.12708,25.81467,26.15996,26.17746,26.12937,25.53567,26.29704,25.25308,27.75100,26.11496,26.90508,25.64100,24.78658,24.76533
757,23.68321,17.65475,18.89933,21.49813,18.94425,17.83021,23.62637,18.24662,19.98642,23.97358,23.33479,21.76146,22.96350,21.06237,21.02767,20.10554,21.83125,22.47142,21.90771,22.61842,20.06229,22.94171,19.01400,22.50013,20.31267,21.32933,19.00088,17.36988,16.93629
758,31.49771,30.34725,30.89704,31.08063,31.10363,30.54763,31.56371,30.76621,31.80838,31.49375,31.52967,31.09879,31.39525,31.64650,31.26025,30.85854,31.26721,31.47604,31.57979,31.40333,31.18346,31.49804,30.97992,32.98917,31.68279,32.33400,31.16879,30.38837,30.48217
759,34.87537,21.58067,23.05112,30.75604,24.49554,23.81937,33.72192,25.15988,27.69850,36.32171,33.25500,31.97571,32.93979,29.68621,29.84087,28.61942,31.10229,31.94417,31.03754,32.23054,28.30650,32.65004,26.63675,31.49329,28.47796,29.85479,25.48037,22.41275,21.09688
760,38.48988,39.81575,41.09592,39.20275,41.07463,39.47113,40.01296,39.59017,41.56083,38.13179,40.43342,37.58129,38.97842,41.41633,40.53412,39.20554,40.54537,41.32129,41.57004,40.48696,40.26554,40.87692,39.86458,43.84004,41.30404,42.59233,40.81038,39.33308,39.01433
761,17.84221,14.83967,15.68288,17.08508,15.73258,15.04554,18.13617,15.33437,16.43975,17.62008,17.99746,16.93833,17.79496,16.95058,16.87867,16.37525,17.27046,17.59983,17.35254,17.65117,16.37521,17.81471,15.79304,17.94425,16.58413,17.22087,15.78754,14.73321,14.35383
762,17.67413,30.59838,30.38021,19.96621,28.66571,26.92067,19.06121,25.64158,26.14571,16.86971,19.56225,18.81967,18.82412,23.52733,21.95871,21.48204,20.73725,20.89375,22.08496,20.11646,23.31875,20.18092,24.53296,25.68050,24.81679,25.39538,27.22433,28.42496,30.97100
763,28.70967,21.90938,20.59654,26.37425,21.23008,22.50817,28.46071,22.83567,22.67479,28.07863,27.67283,26.96879,28.44112,23.98679,24.64875,24.75108,25.53825,25.62554,24.73175,26.65412,23.91129,26.71013,23.25875,23.36867,23.31908,23.24758,21.97329,22.57142,24.67063
764,19.99621,19.08225,19.13358,17.05650,17.44279,16.32263,19.05421,15.55908,16.00088,20.37279,18.40179,18.30275,18.95504,16.05767,16.04363,15.84562,16.51058,16.71508,16.25812,17.49638,15.77683,17.60567,15.47979,16.61683,15.86892,16.21300,16.51458,17.29996,19.22396
765,61.66100,65.11967,64.95387,61.98675,64.35804,63.79133,62.06979,63.35862,63.66229,61.22371,62.07738,61.68167,62.01125,62.86662,62.36921,62.20696,62.07129,62.13158,62.42833,62.07179,62.74096,62.09658,63.04225,63.74933,63.24717,63.53521,63.89721,64.38283,65.66592
766,59.89554,65.73787,65.70854,61.05854,64.93667,64.06987,60.75429,63.50129,63.89292,59.17392,60.93213,60.26379,60.64904,62.66283,61.90821,61.66742,61.36071,61.43054,61.97754,61.13333,62.51746,61.15967,63.02808,63.85496,63.26500,63.62979,64.28125,64.77046,65.97100
767,52.16996,56.71767,56.69683,53.15963,55.81300,54.86754,53.49471,54.31787,54.90729,51.05758,53.59442,51.94454,53.13137,54.28917,53.74279,53.29667,53.55783,53.80546,54.04379,53.57513,53.93308,53.69879,54.06033,55.40004,54.51271,54.99254,55.17021,55.59404,56.98379
768,31.79258,37.34313,37.80846,32.71817,36.77575,35.40321,32.72283,34.82479,35.63658,31.02304,32.86108,31.90287,32.52579,34.41779,33.56762,33.14404,33.09108,33.26788,33.79038,32.96750,34.07925,33.04333,34.45121,36.02917,34.96467,35.56642,35.95179,36.07733,37.07917
769,39.09275,48.98696,48.38600,41.62979,47.24242,46.96425,39.78521,46.06838,45.36167,38.32600,40.13842,40.89542,40.22787,43.39812,42.70308,43.14767,41.62196,41.20375,42.13829,40.84246,43.92346,40.61825,45.07883,43.74100,44.49417,44.23229,46.42563,48.00721,49.62188
770,29.66646,39.37662,37.65279,31.89871,36.66758,37.25737,30.00592,36.28108,34.80071,29.08879,30.27058,31.57192,30.57950,33.04338,32.63837,33.39725,31.62208,31.06671,31.84762,30.91171,33.88696,30.63029,35.16758,32.44008,34.09562,33.38521,36.08017,38.50125,40.76471
771,27.31767,30.44292,28.31150,27.32021,27.98000,29.37762,26.67475,28.82771,27.27404,27.38025,26.50421,28.03075,27.22283,26.72212,26.92100,27.72492,26.60471,26.12846,26.23100,26.54988,27.49104,26.31908,28.16758,25.48179,27.14979,26.35446,27.99696,30.28346,32.92500
772,23.27283,19.91967,20.15954,22.52700,20.52388,20.72487,23.21412,21.06950,21.33112,23.24596,23.03892,22.68379,23.10075,21.91200,22.10138,21.97896,22.44354,22.56154,22.26658,22.75554,21.73296,22.81746,21.37450,21.93308,21.59637,21.72958,20.86104,20.36546,19.95767
773,57.09467,66.16596,65.76008,60.18421,65.34442,65.23058,58.01129,64.71421,64.24721,56.34921,58.55042,59.08108,58.37100,62.37187,61.60350,61.91308,60.45812,60.09412,61.13692,59.45792,62.79163,59.25600,63.89433,62.88846,63.44896,63.29342,64.89567,65.81087,66.63158
774,32.80346,44.21200,40.81042,34.72379,39.37054,41.08429,32.84404,39.51613,36.75675,32.21971,32.94358,34.88513,33.59812,35.05650,34.97317,36.20596,34.01083,33.25896,33.86042,33.44858,36.31921,33.08550,37.87171,33.56579,36.11933,34.86850,38.65413,43.26779,47.96533
775,23.02825,29.34412,29.44142,23.87321,28.22558,27.23412,23.52650,26.44354,26.55817,22.93742,23.78025,23.41575,23.33646,25.44108,24.78617,24.54004,24.29162,24.39737,24.87950,24.02171,25.33058,24.07504,25.84375,26.32187,25.95033,26.19371,27.31017,28.08133,29.08071
776,38.07171,49.29888,49.23567,40.97808,47.75804,46.65858,39.37846,45.68104,45.52563,37.14412,39.90125,39.63750,39.43913,43.49300,42.53954,42.54846,41.45592,41.30371,42.30275,40.63938,43.70167,40.55350,44.76917,44.30204,44.54867,44.58921,46.65946,47.65863,48.53817
777,44.58092,52.37975,49.36746,46.32508,48.98513,51.25642,44.00904,50.39754,47.72654,44.24733,44.01687,46.95654,45.16654,46.16396,46.25796,47.78846,45.25925,44.25900,44.88975,44.60588,47.61454,44.10171,49.09837,44.43754,47.26196,45.90117,48.96629,52.60808,56.03367
778,58.52046,63.12304,62.46992,61.35083,62.62446,63.11692,60.54913,63.06033,62.85425,56.81192,60.92837,59.35583,60.33842,62.46529,62.17842,62.08354,61.82867,61.85333,62.20704,61.35821,62.45771,61.37187,62.77025,62.72750,62.70738,62.73192,62.78217,63.32146,64.29821
779,62.43425,74.63842,72.84417,63.51425,70.49458,70.68254,61.70483,68.89025,66.70617,62.76079,61.81171,64.39271,62.46579,64.41700,64.01337,65.08675,62.87012,62.16462,62.95208,62.31083,65.57971,61.96775,67.23896,63.40721,65.71183,64.67800,69.05983,72.76317,75.71963
780,38.99912,49.77450,49.43550,42.95092,49.03071,48.67179,40.70333,48.12525,47.97512,37.69579,41.39717,41.16433,40.87038,45.86988,44.82058,44.88437,43.54862,43.32021,44.53458,42.42067,46.08621,42.28358,47.24521,46.99858,47.04163,47.13862,48.51446,49.30725,50.34746
781,31.25054,28.33825,27.46354,28.10992,26.38879,27.04492,28.72067,26.49362,25.25300,32.42925,27.93767,30.90429,29.56525,25.49317,26.24512,27.26029,26.58837,26.06337,25.53642,27.29204,26.20013,27.03496,26.23713,24.15542,25.41154,24.68883,26.03879,27.75925,29.13771
782,53.62733,71.21612,72.56742,58.52483,70.18525,67.06763,56.00212,65.66675,66.60325,52.19996,57.01983,55.96883,55.88254,63.33292,61.50804,61.00504,59.78492,59.78883,61.52954,58.33438,63.16696,58.30163,64.54500,65.74246,64.92471,65.60429,68.13225,68.25992,68.36421
783,65.65275,65.67796,62.56338,66.72513,64.28900,68.08100,64.78204,68.50138,65.75896,65.61442,64.68604,67.52508,65.87754,65.44013,66.09546,67.68033,65.55938,64.58400,64.76396,65.10162,66.93146,64.62075,67.94958,62.64925,66.02183,64.40342,65.78429,68.02779,69.63300
784,86.96542,100.02658,99.47279,92.96721,98.61075,98.40763,90.26687,97.71292,96.99429,83.95913,91.04613,89.68879,90.45012,95.29075,94.67579,95.00213,93.51188,93.14004,94.19713,92.22175,95.80083,92.02158,96.88629,95.18179,96.26267,95.90137,98.00542,99.12467,99.80929
785,97.23450,102.72371,102.52892,99.35642,102.36983,102.06017,98.26267,101.78792,101.86775,96.60450,98.69575,98.27563,98.20963,100.96588,100.43450,100.31804,99.85725,99.84250,100.42713,99.24921,100.94937,99.23146,101.41812,101.61942,101.44633,101.58754,102.09729,102.36562,102.84962
786,100.38296,105.03988,105.01238,101.94092,104.50375,104.12254,101.19167,103.78225,103.76625,99.82483,101.47908,101.12875,101.15729,103.05088,102.67563,102.62483,102.25663,102.23196,102.64233,101.84933,103.07292,101.83192,103.44400,103.47083,103.41575,103.48267,104.12225,104.47700,104.75721
787,99.54879,106.93321,105.30433,101.70762,104.96433,106.13667,99.32912,105.65862,103.72925,99.32062,99.54942,101.33425,100.19154,102.18375,102.16042,103.31383,101.11450,100.25792,100.96600,100.29308,103.50071,99.86546,104.84317,100.06712,103.25313,101.97267,104.94612,106.67700,107.02967
788,61.48892,58.25062,57.69429,58.70058,57.17033,57.51808,60.11633,57.22787,57.05925,62.67704,59.69425,60.51067,60.02179,57.62942,57.84238,57.77275,58.35617,58.54796,58.05837,59.05521,57.41271,59.16163,57.10604,57.93767,57.25354,57.40475,57.02371,58.07662,59.99671
789,65.47192,71.87625,71.70737,68.13958,71.29829,71.58858,66.37625,71.26158,70.32242,64.18367,66.61754,67.07379,66.89433,68.98521,68.71979,69.38650,67.88679,67.36546,68.02150,67.22071,69.69221,66.95292,70.63204,68.42321,69.81954,69.25637,71.05342,71.85571,71.31737
790,49.94988,49.51350,56.15725,49.80333,55.24450,49.46204,50.72529,50.00400,54.88350,50.59079,51.30554,48.82783,49.62279,53.83050,51.99250,49.76308,51.74367,52.87908,53.66025,51.51379,51.73554,52.03012,50.93950,59.19188,53.95529,56.64988,53.80904,47.91050,42.36929
791,65.97342,88.99583,85.10813,74.64908,84.24725,86.25267,69.49608,84.73429,81.60875,62.54667,70.63921,71.03721,70.37971,78.12892,77.21354,78.59229,74.86062,73.77212,75.69617,72.64888,79.81996,72.09154,82.53250,76.74867,80.29500,78.78800,83.71904,88.34458,92.68192
792,79.54846,90.14642,86.85567,81.68058,85.87625,87.77279,79.37863,86.56392,83.87142,79.04563,79.51412,81.75142,80.31729,82.06704,81.98854,83.34708,80.88929,79.99900,80.72037,80.16604,83.46525,79.72537,85.08608,80.35271,83.25096,81.90592,85.49925,89.52667,93.60421
793,109.73858,109.02971,105.69300,109.93700,105.77471,108.59492,109.95346,108.29842,105.98946,108.57388,109.50783,109.96083,110.45067,107.12583,108.34988,109.43525,108.84012,108.32933,107.62512,109.19112,108.04958,108.95983,108.04063,104.27487,106.69025,105.41604,106.44146,109.46129,112.89554
794,51.79854,60.87412,60.76096,53.46108,59.02167,58.45279,51.74629,57.32413,56.30013,51.23313,51.84875,53.71421,52.51062,54.35442,53.90379,54.71054,52.92983,52.33317,53.10742,52.36029,55.10208,52.04592,56.25633,54.34233,55.42229,54.94788,57.81750,59.59875,60.79579
795,58.10683,64.81075,64.79346,61.39738,65.10775,65.08062,59.60525,65.09629,65.16579,57.04917,60.21037,59.76983,59.67054,63.75354,62.95508,62.89933,62.00625,61.88325,62.81846,61.06575,63.84446,60.98212,64.64204,64.59571,64.57896,64.69975,65.13829,65.05933,65.04275
796,76.37229,93.59112,96.65363,83.22550,96.24567,93.12367,79.33167,92.88300,94.52696,75.34217,81.04687,80.15050,78.99833,90.47971,87.88154,86.97208,85.44679,85.60308,88.10883,83.14138,90.11142,83.17150,91.96658,93.79517,92.59858,93.56587,95.08483,92.66067,88.93638
797,126.45283,119.52883,117.43025,124.65583,118.44379,121.15867,125.37317,121.63913,120.05142,126.62113,124.76658,125.84854,125.80321,121.58021,122.79758,123.64871,123.53167,123.17233,122.29121,124.17921,122.22500,124.02208,121.87746,119.20721,120.94771,119.98583,119.65242,121.01758,122.51217
798,128.68713,132.89467,133.04737,130.04933,132.50638,131.97625,129.40987,131.66600,131.79746,128.13650,129.65179,129.32633,129.39625,131.09929,130.71267,130.63196,130.32779,130.31604,130.70833,129.97350,131.06929,129.95863,131.38021,131.66137,131.44300,131.58733,132.09363,132.28475,132.62725
799,133.24287,138.46650,138.64046,135.00221,138.05142,137.41779,134.24342,137.05388,137.24296,132.58621,134.58908,134.03321,134.14096,136.42571,135.92146,135.74442,135.45788,135.50096,135.98442,135.00275,136.33463,135.01517,136.70517,137.16375,136.82083,137.02983,137.57367,137.77992,138.17117
800,134.69533,139.89558,139.98954,136.34525,139.34854,138.75962,135.62829,138.35704,138.47062,134.06313,135.94321,135.45179,135.54454,137.66496,137.19321,137.05425,136.74596,136.77204,137.22837,136.32529,137.60725,136.33083,137.98650,138.32017,138.05571,138.22362,138.85183,139.17596,139.67992
801,129.54383,137.18208,136.76825,131.50692,135.90579,135.65375,129.94800,135.00904,134.39946,129.15021,130.27025,130.98767,130.29612,132.90429,132.40346,132.76333,131.54613,131.21017,131.94138,130.87642,133.36717,130.69775,134.28525,132.89512,133.74963,133.45042,135.29900,136.33167,137.09371
802,138.08362,143.34883,143.37179,139.83938,142.73721,142.23617,139.08417,141.82913,141.86633,137.33017,139.38713,138.89854,139.03192,141.07592,140.63962,140.55046,140.19429,140.19188,140.63875,139.77142,141.05621,139.76262,141.44492,141.65533,141.46575,141.59217,142.25983,142.66979,143.25175
803,133.98538,136.98033,137.39413,134.53363,136.82133,135.99767,134.49587,135.73471,136.24588,133.84529,134.69812,134.10708,134.24121,135.70850,135.21783,134.83858,134.98908,135.19650,135.48321,134.83600,135.40496,134.93504,135.54867,136.70379,135.91679,136.31754,136.37329,136.24337,136.45975
804,60.10879,53.58588,51.35829,57.27704,51.15550,53.53646,58.93279,53.39446,51.67671,60.13737,58.03912,59.36058,59.30613,53.47712,54.81525,55.63279,55.90375,55.69404,54.49063,57.02192,53.93154,56.94175,53.37792,51.58675,52.57862,51.77983,51.70458,54.18754,57.44954
805,139.15842,131.37887,131.26846,138.11725,132.72496,133.77887,138.87204,134.86104,135.35508,139.04383,138.56837,138.62729,138.96304,136.68158,137.19308,137.15646,137.82162,137.89617,137.38387,138.21492,136.43079,138.23608,135.66538,136.62567,136.03854,136.22650,133.93454,132.76575,132.42846
806,107.99696,105.93900,101.95396,105.98933,102.91104,106.69300,105.65542,106.56637,103.75763,109.35400,105.16771,108.51238,106.52383,103.92129,104.67879,106.01108,104.65087,103.98200,103.68746,104.91921,105.10571,104.60092,105.83913,101.50187,104.13233,102.71867,104.00137,107.51113,111.39850
807,82.94012,48.87758,50.75454,71.86712,54.12150,55.12508,78.30067,57.98108,60.53642,87.02517,76.65533,76.84842,77.46987,65.96533,67.80492,66.66362,71.05600,72.17883,69.36442,73.99100,64.31421,74.57788,60.89979,66.16817,62.95058,64.12258,56.72933,52.03192,48.39417
808,79.62096,46.86496,49.30171,67.23104,49.94808,49.14654,75.84012,50.86525,53.70521,82.75404,73.76450,71.73200,74.39267,60.02250,62.25408,60.66208,66.37058,67.93604,64.31154,70.24467,57.95321,71.08387,53.82362,59.90942,56.25517,57.63067,51.08567,47.18154,44.69921
809,108.54613,70.87854,69.87296,100.92546,75.00888,80.31429,106.14417,83.99542,83.87479,108.68550,104.08137,104.06575,106.33850,91.10142,94.77213,95.37883,98.55192,98.69658,95.13283,101.45558,90.78950,101.55767,87.15454,87.62200,87.48512,86.98633,79.51529,76.82325,75.08525
810,122.64858,137.26079,138.64792,124.87817,135.45829,131.86900,124.04742,130.11983,131.37404,122.29796,124.72821,123.55292,123.55571,128.85488,127.20317,126.30304,126.11838,126.50642,127.69112,125.38712,128.23696,125.55938,129.07908,131.69642,129.89883,130.92004,132.98192,133.53862,134.72033
811,137.60250,133.55225,132.82817,137.24258,134.09042,136.25358,136.03462,136.94383,135.53225,137.89883,135.67258,138.93817,137.22988,135.47417,136.10213,137.43571,135.88929,135.04325,135.05221,135.77525,136.49333,135.33512,136.90754,133.96925,135.78508,134.83633,135.16063,135.58446,134.93279
812,108.23613,106.08417,103.41967,108.36304,105.21283,108.94879,106.51138,109.56704,106.92158,108.69562,106.23475,110.22467,107.88263,106.61462,107.33958,109.10346,106.85054,105.77404,105.90358,106.52700,108.16017,105.98500,109.13112,103.94667,107.20658,105.59696,106.78700,108.59638,109.46783
813,78.62462,27.94367,24.43812,61.71979,28.60175,36.09804,70.12679,39.19475,36.43442,82.78496,66.22158,70.77742,71.29129,45.56312,51.25525,53.38896,56.51104,56.02725,50.59283,61.59833,46.50737,61.44237,42.40196,37.73350,41.05200,38.82254,33.24358,33.56458,33.90208
814,30.73367,51.82321,50.81554,37.43796,49.31417,48.58304,33.67717,47.07550,46.31383,28.76546,34.95408,34.40621,33.76600,42.62904,40.82829,40.88988,38.64592,38.35113,40.39379,36.71033,43.05179,36.53883,45.20675,44.26063,44.62479,44.61150,47.92767,50.32908,53.01517
815,47.17488,69.99417,65.76600,53.55454,63.62092,65.27400,49.29083,63.08983,59.74475,44.56837,49.96871,51.65150,50.41871,56.11350,55.27975,56.87817,53.11596,51.95554,53.64396,51.46350,57.86913,50.87271,60.58354,54.94592,58.28992,56.79654,62.41163,68.21892,74.87967
816,159.27625,107.41579,108.19221,145.69829,113.58079,117.40367,154.34154,121.93812,124.26413,161.74062,151.47771,151.59662,154.07313,133.68950,137.83196,137.44421,143.15075,144.03771,139.28092,147.52008,132.09050,147.98183,126.56900,131.79646,128.66475,129.44262,118.34304,112.90654,109.98204
817,184.80612,184.30792,184.98954,185.86108,185.72833,185.87608,185.46317,186.35104,186.67083,184.40667,185.68421,185.22554,185.35367,186.56742,186.34921,186.18942,186.18888,186.25771,186.46896,185.92542,186.41387,185.95363,186.45283,187.09892,186.65367,186.86171,186.12042,185.28079,184.05942
818,187.35917,191.38833,191.34029,188.51138,190.79067,190.40833,188.04742,190.07392,190.13237,186.84771,188.25013,187.91304,187.99396,189.48637,189.10821,189.01433,188.76962,188.79033,189.13171,188.49692,189.44046,188.50158,189.75175,190.04558,189.80233,189.94200,190.41254,190.79125,191.44458
819,188.46354,193.02475,193.06012,189.99667,192.56325,192.15258,189.33279,191.84658,191.92483,187.79283,189.59254,189.18854,189.29946,191.16004,190.72542,190.64113,190.29962,190.29471,190.72167,189.92875,191.13479,189.91825,191.50829,191.76104,191.54829,191.68904,192.19617,192.48479,192.98733
820,90.34004,151.69817,149.62717,107.27337,142.89779,138.73037,97.76438,133.31646,131.33604,84.82058,100.76987,99.77867,98.29492,120.63812,115.74900,116.15788,109.84879,108.87521,114.30833,105.08421,121.98308,104.53496,127.91975,124.92271,126.25867,126.16625,137.35458,144.68471,152.78067
821,173.57621,193.46546,193.61379,183.53592,193.10725,192.49717,179.02437,191.87308,191.57292,168.98788,180.52708,178.32362,179.12712,188.53021,187.00621,187.09617,184.93283,184.58142,186.60967,182.62775,188.87667,182.41217,190.62663,190.01075,190.23167,190.27758,192.39625,193.06067,193.33083
822,127.40033,134.40137,129.35525,122.08837,125.01925,126.17246,123.82708,123.05800,119.94379,129.77050,122.73721,126.96983,124.51863,119.41896,119.96529,121.10154,120.29050,119.92213,119.25100,121.56367,120.31583,121.41108,121.09871,118.00167,119.58362,118.51187,122.91842,130.49617,140.63625
823,141.99700,109.53812,109.37288,124.17917,107.29146,107.20537,133.65900,107.22425,107.67825,148.10479,130.48517,133.56704,133.40421,113.70117,116.81358,116.69767,121.17629,121.97767,117.74004,126.04687,112.86425,126.52171,109.25750,111.16312,110.12371,110.18142,107.21454,107.44442,109.33088
824,206.65150,208.95129,209.58721,207.82462,209.10450,208.31200,207.66192,208.23900,208.79554,205.77600,207.81512,206.87475,207.52283,208.53146,208.25858,208.00242,208.13287,208.24438,208.43687,207.96675,208.30046,208.01179,208.27275,209.17600,208.61179,208.93046,208.80138,208.30112,207.96325
825,213.29842,216.93058,217.11950,214.39608,216.58929,216.04592,214.05713,215.77775,216.03617,212.73896,214.25121,213.75262,213.95550,215.42308,215.00479,214.82329,214.69983,214.77154,215.10242,214.46425,215.28567,214.49271,215.52725,216.16825,215.70746,215.95529,216.21312,216.32996,216.75383
826,162.09929,180.56200,182.51133,169.76608,181.17346,178.20533,166.56817,177.51179,179.17300,159.10125,168.04575,165.29304,166.12721,175.90704,173.71433,172.77763,171.78796,172.01104,174.08983,169.82846,175.34017,169.88938,176.64375,179.33454,177.51813,178.65558,179.74862,178.60092,177.66271
827,40.35167,40.31021,40.66713,36.68000,38.00504,36.28496,38.82763,35.12096,35.48967,41.63188,38.25279,38.70679,38.57854,35.69396,35.73208,35.41579,36.32613,36.67133,36.11079,37.33142,35.29800,37.51992,34.90792,36.29150,35.33367,35.70983,36.51642,37.54783,39.43246
828,88.04058,101.55338,95.89675,87.06029,92.41071,94.85096,85.80237,91.99250,87.42854,88.76962,85.23713,89.57087,87.17038,85.46833,85.91100,88.05846,85.07092,83.86542,84.08125,85.15021,87.55750,84.58113,89.56754,82.23888,86.69442,84.51517,90.87721,98.77346,107.19408
829,124.84338,150.82379,152.39346,133.60800,151.13321,148.81571,128.95679,147.51029,147.85417,123.29075,131.09021,128.90446,128.28183,142.62463,139.47004,138.54421,136.37525,136.54621,139.58408,133.60433,142.50225,133.66417,145.34504,145.99079,145.38342,146.06754,149.40237,149.83263,148.24367
830,100.51867,98.90250,96.61612,87.73417,91.76883,91.87212,90.22521,88.89967,85.40008,108.51283,88.25142,98.27517,91.94979,83.64517,84.22129,86.28258,84.27458,83.26608,82.54750,86.33971,85.43237,85.88671,86.87358,81.09983,84.57454,82.84375,89.17358,95.39017,101.15942
831,141.04967,140.24463,137.04771,144.23492,139.79837,144.97050,141.64946,145.97875,142.73512,139.25462,141.64013,144.26538,142.92150,142.68200,143.51083,145.43225,142.93858,141.81858,142.03371,142.25992,144.31488,141.69979,145.40417,139.93854,143.22862,141.45458,142.07883,144.38246,145.89125
832,135.15846,146.32413,146.61208,134.44992,144.24046,143.23329,132.52521,141.50513,140.44417,137.11963,132.56083,137.09375,133.62808,136.76179,135.41563,136.28883,133.73133,133.02879,134.45267,133.10921,137.53083,132.72588,139.53675,138.51033,138.73863,138.60625,142.33442,145.08221,147.22721
833,75.99987,70.78479,71.57367,71.94542,70.82871,70.83171,72.85983,70.67304,70.42562,77.99783,72.07062,75.79488,73.66983,70.22833,70.41604,71.03396,70.62358,70.31142,70.04125,71.37687,70.44471,71.20162,70.46063,70.76571,70.32808,70.33083,70.49287,71.00654,71.34875
834,139.36842,137.68387,134.16879,133.14337,132.72279,135.59233,133.44250,134.28413,130.44600,143.06913,132.15817,139.41192,135.18896,129.51825,130.42017,132.72179,130.25058,129.02638,128.60246,131.23975,131.48533,130.65887,132.83246,126.35162,130.28508,128.26179,132.39212,137.51067,141.93021
835,191.85346,181.28908,175.30604,187.44146,178.37167,186.06262,186.28454,186.91529,181.66975,194.62017,185.03575,193.50713,188.72317,182.15196,183.99433,187.25446,183.95517,182.17237,181.54942,184.51642,184.81033,183.64121,186.07154,177.28692,182.61725,179.70925,181.28387,186.11417,190.42154
836,230.27321,223.53325,217.21487,232.40850,222.83337,230.63213,230.56896,232.77092,229.26037,229.64017,230.69617,232.23012,231.20742,230.62525,231.80350,233.27279,231.69350,230.93658,230.70600,231.17496,232.09850,230.82683,232.82250,226.58079,230.59971,228.57242,227.17704,229.30608,232.09583
837,194.06417,226.07629,227.84442,205.01850,224.57342,219.84988,201.08342,217.66792,219.56512,189.49413,203.24017,198.09142,199.97492,214.45013,211.02950,209.40958,208.22833,208.80475,211.77671,205.61404,213.53308,205.85671,215.70492,219.54883,216.86537,218.50663,221.50896,221.87271,222.92592
838,181.24937,159.48363,154.97992,171.37588,156.49971,161.83237,175.05621,162.48142,159.40671,184.69808,172.84821,178.56308,176.35596,162.98033,165.73979,167.65113,167.92012,167.23737,164.76192,170.49783,164.12617,170.19592,162.99333,158.83200,161.35867,159.65237,158.58900,162.06696,167.00058
839,221.05521,233.24096,233.38904,226.48354,233.02517,232.36179,223.89942,231.95133,232.23908,218.99767,224.85821,223.93604,223.88375,230.14800,228.89171,228.66342,227.55012,227.49496,228.87863,226.14104,230.06925,226.07608,231.13725,231.99971,231.26954,231.68350,232.51012,232.80587,233.49700
840,231.32133,220.47183,220.56229,228.27296,222.70729,224.12217,228.98867,225.50650,225.79396,233.04225,228.51950,230.50296,229.38808,226.70175,227.13654,227.39450,227.57046,227.43950,227.02429,228.06712,226.72662,227.99233,226.26554,226.48438,226.37663,226.37517,224.22908,222.67746,221.18421
841,241.38242,210.99975,217.24971,240.48950,225.19558,227.32050,241.37642,232.94379,236.04983,242.09075,241.52958,240.09671,240.79450,239.48383,240.11029,239.11025,241.30796,241.91450,241.18479,241.43333,238.20496,241.71283,236.11137,240.69075,237.94517,239.12992,230.07496,220.37296,206.87150
842,237.66258,225.09729,223.13313,232.65454,223.44483,225.81004,235.64829,226.09000,225.02904,238.29783,234.37304,235.32833,235.87550,227.72767,229.36471,229.94788,231.05054,231.01867,229.30192,232.79013,227.85379,232.80325,226.62758,225.98625,226.31683,225.82883,224.36996,226.03971,228.72592
843,256.10229,255.82467,256.22929,256.19346,256.27546,256.03617,256.40837,256.18321,256.64117,255.86742,256.42400,256.04979,256.28758,256.56429,256.35071,256.12946,256.34550,256.47900,256.54346,256.38604,256.31579,256.44692,256.24604,257.27354,256.57783,256.90017,256.31433,255.87613,255.72988
844,266.34725,264.62233,265.25000,265.80783,265.27642,264.80804,266.52112,265.03508,265.82629,266.29333,266.45887,265.81075,266.26133,266.01788,265.82637,265.41292,266.01587,266.28742,266.20367,266.24746,265.56983,266.37842,265.26750,266.95188,265.85058,266.35904,265.32367,264.54854,264.27029
845,266.17475,266.78454,267.16850,266.40112,267.00183,266.60892,266.60817,266.64142,267.14142,265.82625,266.63954,266.15650,266.46704,266.93429,266.64213,266.38713,266.58850,266.73700,266.85154,266.61442,266.66121,266.68204,266.63762,267.78296,267.00246,267.37150,266.90833,266.58038,266.66796
846,267.83200,248.84650,251.06137,267.51529,256.62279,258.83983,268.03508,262.58654,264.58192,267.79779,268.06550,267.22387,267.80171,266.79362,267.16221,266.59217,267.89446,268.22592,267.80104,267.98967,265.98196,268.12954,264.65850,267.76929,265.86700,266.67308,260.25517,254.64821,248.99900
847,257.07571,255.91575,256.79788,257.39429,257.78996,257.31008,256.68800,257.69029,258.49762,257.45817,256.86096,257.78262,256.92654,258.15425,257.81983,257.71612,257.55850,257.53046,257.90271,257.19429,257.91750,257.14396,257.87808,259.33708,258.34092,258.80225,257.95713,256.67717,254.53225
848,270.32733,270.17171,270.24158,269.79242,269.85958,269.60896,270.29683,269.49058,269.74379,270.30054,270.18304,270.04842,270.20900,269.75792,269.66175,269.51629,269.77154,269.89250,269.82021,269.98617,269.56104,270.04504,269.45996,270.25975,269.69929,269.93775,269.68167,269.80350,270.41142
849,274.36150,277.40333,277.04617,275.38142,276.83942,276.73083,275.15700,276.52612,276.67104,273.69900,275.30437,274.74404,275.05550,276.21638,275.86475,275.71096,275.62850,275.70342,275.96492,275.45813,276.08279,275.48883,276.28675,276.88333,276.44000,276.66042,276.69067,277.04087,277.87258
850,253.71421,271.64833,272.20862,259.26283,270.44592,268.68112,255.74712,267.46454,267.52888,251.95921,256.68962,257.32550,256.28687,263.77808,262.00712,262.20829,259.92050,259.47533,261.47479,258.22525,264.12558,257.95000,265.99838,266.01258,265.77771,266.05829,268.87700,269.85213,270.76567
851,162.38054,195.91950,199.43525,174.53337,195.09692,188.53054,170.11367,186.28987,189.67463,156.42200,172.17517,167.74412,169.54962,184.12629,180.40433,178.74587,177.48900,177.95863,181.24375,174.70500,182.79167,174.82758,184.59521,191.34546,186.63875,189.13521,191.30442,190.48088,191.37338
852,268.25992,267.88346,267.98025,272.08167,271.21471,273.48821,269.06421,275.15479,274.63717,267.34171,269.64404,271.06942,269.83908,273.57875,273.20837,273.92533,272.08875,271.44129,272.45825,270.81013,274.26488,270.44933,275.20846,273.34996,274.53012,274.06633,273.19292,271.57938,268.32175
853,263.38717,279.36304,277.84629,273.63958,280.44042,282.68904,267.87637,283.33692,282.17396,259.70642,269.52188,268.77271,268.43542,278.89817,277.38067,277.99017,274.81762,274.05379,276.43958,272.04629,279.82696,271.61746,282.15717,279.45071,281.06608,280.53367,281.71704,282.15417,282.08825
854,238.65896,231.30812,227.72550,234.48142,229.01192,233.53879,233.57375,233.97208,230.77850,240.96637,232.36275,239.70763,235.89671,230.43908,231.58367,234.17242,231.35925,229.79558,229.54542,231.87879,232.43217,231.07713,233.39217,227.59387,231.11438,229.25992,230.60104,233.73846,237.10296
855,259.94042,268.55392,265.52879,264.35725,267.79329,271.27129,260.40371,271.72442,269.55308,259.33875,261.12650,264.09362,261.44546,266.95475,266.09154,267.32854,264.17992,263.25321,264.83787,262.57837,268.24408,262.09242,270.43904,266.61075,268.80904,267.79079,269.25729,271.23221,273.19879
856,256.99988,286.23092,286.25971,264.68288,283.78042,281.45429,259.51346,279.31342,278.96983,255.62633,261.15271,261.63038,259.88079,272.70575,269.61863,269.65383,266.15842,265.65883,268.89342,263.52954,273.27967,263.23296,276.63804,275.85942,276.07112,276.35317,281.37100,283.65658,285.70650
857,103.48650,137.27596,135.79658,110.12942,129.73742,126.30833,107.72867,122.21825,121.56442,100.16925,108.77529,106.82471,107.38021,116.39442,113.77721,113.39188,111.41292,111.47825,113.68542,110.02300,116.43417,110.04404,119.05696,119.64621,118.82758,119.37675,125.48962,131.03321,138.56317
858,215.52475,212.95058,208.24125,213.40275,208.18500,213.12788,212.60254,212.69942,208.33325,215.63908,211.41146,216.92271,214.67738,208.54096,210.19538,213.01117,210.26188,208.70104,208.08742,210.85979,210.78300,210.08763,211.71388,204.38600,208.86750,206.48117,209.20946,214.37950,219.02767
859,82.07829,68.78250,69.58421,74.91004,69.47392,70.34379,76.77596,70.83829,70.42942,85.26592,75.33621,81.21904,78.09654,71.02400,71.81367,72.93596,72.53833,72.00467,71.17012,73.99750,71.45713,73.71175,71.09033,70.96912,70.79046,70.56483,69.85375,69.83425,69.76687
860,213.62183,195.95204,188.99421,209.02462,191.64204,200.20083,210.15104,201.43150,196.07717,213.09325,208.03746,213.24608,212.43417,199.46263,202.97738,206.45263,204.58946,202.85154,200.64262,206.39412,202.07071,205.56379,201.72133,192.34583,198.33746,195.09458,195.17837,200.10442,205.52358
861,123.14087,122.04654,121.95833,119.09400,120.14433,119.07279,121.22083,118.26479,118.84854,124.95500,120.71400,121.70300,120.93338,118.78238,118.46758,118.01575,118.88754,119.32621,118.97388,119.83929,118.20038,120.06871,117.97237,120.27500,118.61621,119.28175,119.17579,120.13675,122.79317
862,218.57079,203.93675,199.22438,214.05033,201.46658,207.61442,214.45108,208.77187,205.27629,219.27562,212.73200,218.89108,216.74242,207.13887,209.44904,212.23750,210.33942,208.82029,207.51463,211.59004,209.09242,210.81950,208.99700,202.86175,206.68988,204.56425,204.17821,207.28183,211.45279
863,179.66021,198.58971,196.89792,184.01888,196.04292,197.20071,179.43158,195.89683,193.73296,179.66817,180.24829,184.86725,180.75558,188.66604,186.66938,187.96629,183.80442,182.77129,185.24300,181.93354,189.97608,181.37646,193.24279,190.38683,191.64783,191.04642,195.21675,198.89429,202.24654
864,182.77342,232.51617,234.05021,196.41325,230.83158,226.57808,185.98800,223.66492,223.47554,181.45358,188.98575,192.92087,187.34817,211.41546,205.52333,205.91162,198.75350,197.53442,203.87450,193.62400,212.67725,192.89150,219.11042,217.57875,218.03329,218.54917,227.12442,229.16262,229.67287
865,301.55579,271.36975,269.82525,301.08717,280.23571,288.52988,301.31187,294.36342,294.11125,301.72996,301.20958,301.19025,301.31767,298.21775,299.71796,300.00500,300.89679,300.88233,299.84346,301.06954,298.16458,301.06788,296.82867,296.52683,296.77404,296.35504,287.52446,282.75654,277.86500
866,301.14300,265.37842,261.88071,292.21254,267.24704,274.14704,296.91642,277.45988,275.96342,302.89896,294.75700,296.92996,297.52571,282.40546,286.00758,287.22142,289.33950,289.12050,285.78538,292.18129,282.76571,292.11558,279.95650,277.90796,279.37150,278.18721,272.04708,271.44225,272.16554
867,279.94704,240.42937,239.72154,272.36413,247.06713,253.14346,276.97196,257.88129,258.40879,281.54471,275.37233,275.81533,276.88896,264.82508,267.61367,267.74058,270.77263,271.13429,268.23433,273.18821,264.21058,273.39421,261.07437,262.67733,261.77504,261.72483,252.72771,248.51946,245.01508
868,169.45363,208.73704,206.71162,179.57104,202.77808,201.13492,173.15542,197.89275,195.86533,166.87421,175.00279,175.91633,173.78379,188.33588,185.03983,185.69763,180.86412,179.99662,183.70308,177.78496,189.67950,177.32079,194.15029,190.34963,192.45592,191.91592,199.73896,204.74575,209.87996
869,213.78208,237.47608,240.41400,223.21825,237.43354,233.51779,219.34342,232.19325,233.68896,208.86742,220.70558,218.07579,219.38313,229.40292,227.02142,226.58804,224.69171,224.54550,226.95504,222.60200,229.14833,222.46554,230.86463,233.25638,231.52029,232.61400,235.04838,234.47012,234.01992
870,184.29800,193.45196,186.60021,178.47338,183.10538,188.32429,175.40971,185.24887,177.39467,188.62450,173.62629,188.17721,179.70271,173.56008,174.68071,179.84067,172.96033,169.86021,170.37879,173.29200,177.99162,171.73821,181.67267,168.04263,176.22621,172.10987,181.87071,192.57629,201.81200
871,271.59704,266.51100,261.84758,268.12529,262.47242,267.87225,266.73654,267.81067,263.12467,273.04242,265.31271,273.02892,269.51508,262.79404,264.51625,267.91429,264.26442,262.22171,261.79879,264.80721,265.58679,263.77883,266.87612,257.94975,263.55754,260.76371,263.90058,268.65542,272.64404
872,295.31371,296.46450,296.87663,295.61150,296.15233,295.32800,296.41121,295.17037,296.06154,294.30163,296.35962,294.95208,296.06354,296.06292,295.73492,295.22679,295.89167,296.22487,296.19800,296.13571,295.50175,296.29467,295.22183,297.39533,295.93854,296.60917,295.79904,295.58467,296.51504
873,306.57942,304.57625,305.64396,306.27863,305.79888,305.35358,306.75875,305.73596,306.56321,306.37817,306.68796,306.31200,306.64000,306.55737,306.30383,306.00125,306.37629,306.55362,306.57754,306.53867,306.17258,306.61667,305.96308,307.63279,306.52204,307.04046,305.92850,304.87296,304.03775
874,287.36308,287.29067,290.88063,288.49492,290.33075,287.48550,288.61588,288.05612,290.67171,286.21087,288.75213,287.66025,288.47137,290.05371,289.21221,288.40442,289.02329,289.35475,289.81196,288.88100,289.14342,288.99775,288.71596,292.81317,290.21492,291.55908,289.82858,286.35150,282.85667
875,278.53725,271.59650,274.10117,280.63350,276.03200,274.35275,282.97787,276.29617,280.20867,275.79567,283.44262,275.73283,280.96200,282.26979,281.81179,279.38250,282.83229,284.28375,283.81329,283.15758,280.15742,283.88671,278.27083,284.65288,280.95658,282.96008,277.34200,272.05667,268.15371
876,310.51267,308.18754,307.09654,310.40654,307.82550,309.23937,310.65750,309.61825,309.15588,310.03158,310.45867,310.60058,310.78813,309.60279,309.87017,310.11208,310.05767,309.97358,309.75783,310.26763,309.73092,310.22650,309.67308,309.21267,309.46038,309.27283,308.58479,309.10837,310.24146
877,296.04796,284.83367,284.05379,300.61800,286.56508,288.84912,302.94746,290.87896,292.13846,288.95642,302.77342,294.39954,301.67188,297.11396,298.91671,298.02633,301.23892,302.05546,300.20558,302.05567,295.85063,302.47592,293.01358,296.53213,294.39712,295.08917,289.03158,287.16375,287.50733
878,188.83079,216.23067,219.60325,202.51154,220.54108,215.85096,196.22583,216.29012,221.28487,184.05196,199.04771,194.79958,195.67046,215.06600,210.34108,208.13967,206.50050,207.00079,211.35358,202.59808,213.37854,202.69154,215.50958,223.84883,218.28654,221.45121,219.70754,215.01725,213.26692
879,169.43625,186.85396,181.74225,178.05229,184.93508,192.58521,169.06871,192.82683,186.30663,167.93212,169.93054,178.46592,172.48483,180.70958,179.90321,184.04737,175.91954,172.98954,176.01158,172.77671,184.68075,171.25862,189.61500,177.62521,184.75921,181.38029,187.20267,192.97504,195.02146
880,204.28300,226.70400,218.52521,215.81975,223.11008,232.17683,206.07079,232.72587,226.16617,201.14533,207.50583,213.80483,208.97892,220.26542,218.97762,222.75967,214.56867,211.84721,215.30196,210.86433,224.10417,209.46583,229.41854,217.45121,224.59333,221.28213,226.34454,232.80600,239.16775
881,265.98846,305.70342,302.42804,277.39079,301.00613,301.93171,267.15183,299.51371,296.02246,264.79267,269.19996,276.00687,269.70454,286.65512,283.15729,285.48038,277.55217,275.40458,280.31342,273.16800,289.33204,271.99179,295.20604,288.41929,292.18200,290.75646,299.28671,304.81129,309.44087
882,248.63212,235.81608,227.28121,244.91325,230.67263,241.11150,243.60279,242.03717,234.95683,249.38321,241.71071,251.02413,246.94979,236.45913,239.50262,244.02813,239.91421,237.43021,236.19479,240.85138,240.01321,239.61700,241.13758,229.37329,236.57671,232.64317,234.45613,241.63013,248.45612
883,100.87733,88.78167,85.08371,94.03304,87.67683,92.42483,95.44171,93.13633,90.88296,105.43688,94.45475,100.31425,96.27658,91.44271,92.01004,93.03562,92.37379,92.00396,91.39121,93.45758,92.15067,93.28650,92.62142,90.35004,91.47942,90.62862,89.72100,92.50900,96.64771
884,120.64487,101.93804,99.35462,112.95050,100.90504,104.22775,117.83308,105.13321,104.55575,122.57304,116.37513,116.82883,117.34962,108.02621,109.49671,109.40579,111.70225,112.27229,110.12633,114.14712,107.49879,114.49021,105.90696,107.20817,106.19163,106.22267,102.71317,104.08150,108.22467
885,138.44708,102.52796,98.47942,122.46217,101.23225,106.11608,130.29104,107.94883,107.38263,144.57588,127.50646,131.60925,130.34713,113.15100,115.93171,116.19888,119.60304,120.11758,116.50479,123.73812,112.66213,124.05433,109.83292,110.88308,110.17192,109.94813,104.34863,105.28958,110.58150
886,258.92867,255.99379,255.71483,263.46150,259.08700,262.36271,260.94887,264.51508,263.66037,255.97113,261.15583,261.62121,261.89367,263.35117,263.54146,264.65167,262.82196,261.99588,262.56729,261.95104,264.26021,261.51054,264.90279,262.27021,263.98429,263.22817,261.70767,260.10612,257.70325
887,202.16925,175.74688,177.88887,193.47517,179.98842,180.00954,199.79800,182.25300,185.43954,204.18042,198.35929,196.42621,198.65583,189.54042,190.44083,188.85654,193.13863,194.44621,192.23604,195.87204,187.52325,196.54079,184.58212,191.51254,187.13783,188.96900,181.82954,177.75121,176.52808
888,312.12958,294.67413,296.50421,309.52287,297.07421,297.24012,313.03154,298.80096,300.43225,309.73017,311.76225,309.29596,312.96317,304.28362,306.05537,305.87742,308.33504,308.61700,306.64983,310.13412,303.48633,310.26288,300.87213,303.87387,302.11442,302.74325,298.26575,295.56721,293.51071
889,322.87254,322.42912,321.79929,323.00925,322.53617,323.36413,322.56517,323.78225,323.78638,322.86183,322.52579,323.14337,322.87942,323.31700,323.09283,323.29000,322.77975,322.58217,322.86746,322.64521,323.45621,322.52958,323.74358,323.63392,323.68508,323.71096,323.16521,323.10004,323.71504
890,207.83621,225.98846,220.14350,211.33875,220.61013,225.52592,206.74863,224.14013,219.39346,208.38333,207.28829,212.62112,208.32229,214.62329,213.24950,215.39983,210.39192,208.94021,211.10146,208.75608,216.91246,208.03054,220.83554,213.74179,217.72900,215.82221,221.01325,228.04046,235.40821
891,320.75396,317.15367,317.72604,319.16421,317.52963,316.95317,320.66658,317.21567,318.25929,320.78996,320.38117,319.46500,320.30971,318.81204,318.73850,318.21683,319.22242,319.60150,319.24963,319.82808,318.21150,320.01838,317.63267,319.79058,318.41904,319.06154,317.59571,316.71517,316.87121
892,255.75975,280.69150,278.65021,260.87596,274.77388,273.52137,257.61333,271.03104,269.41717,253.77300,258.22942,258.75425,258.32738,264.82833,263.19479,264.00217,260.84096,260.03371,261.98075,259.46483,266.05300,259.04775,268.75254,264.77679,267.33942,266.59912,272.46787,276.43342,281.26233
893,205.70971,222.54150,215.87604,210.60883,216.03050,221.93067,205.42337,220.59225,214.69742,203.88808,205.46808,211.54696,207.95608,210.86754,210.72533,214.09675,208.27638,206.09208,207.71592,206.79779,214.02458,205.69383,217.61646,207.72946,213.58900,210.71996,216.68238,224.41633,231.83712
894,206.44075,235.08537,232.45325,214.16254,232.20646,234.32283,205.48854,232.78754,229.32512,206.46000,206.78858,215.52183,208.37096,221.08792,218.17158,220.81483,213.32012,211.13092,215.31221,209.88779,223.67429,208.69338,228.93821,223.08033,226.06917,224.74975,231.40683,236.32167,240.26950
895,147.32625,118.86250,122.80462,141.49492,126.72508,126.57504,146.66592,130.36504,134.56271,147.76275,145.62113,142.26096,145.52283,138.54087,139.24225,137.53404,141.57125,142.77558,140.97079,143.69363,136.53883,144.29875,133.57592,140.34383,136.35962,138.26400,129.75454,122.17167,116.10675
896,279.64275,238.69342,233.43367,266.02425,239.15571,250.38583,268.75971,253.62500,247.15892,284.96750,265.31767,277.14117,272.27921,251.96971,256.82100,261.63263,259.27704,256.84925,253.55317,262.43508,255.49637,261.27900,254.77792,242.54946,250.41950,246.15542,244.79604,247.79804,247.59488
897,212.47017,270.65504,271.74262,231.58604,266.95029,259.59483,224.36621,255.69738,259.23496,205.59329,228.46908,219.84387,222.20754,249.75667,243.11463,239.83725,237.84483,239.09100,244.74733,232.93100,247.77504,233.45788,251.87225,260.12796,254.28658,257.65337,262.00488,263.75717,269.45508
898,223.12171,289.51012,286.09712,237.06688,281.80158,278.35725,226.25708,273.29667,271.76500,224.42075,230.34637,233.13463,226.17137,257.25254,249.52879,248.84096,241.48163,241.03346,248.49904,235.63029,258.23517,235.35271,266.54371,264.67479,265.10750,265.73229,277.05687,284.14458,292.85225
899,264.17992,296.28754,292.60583,268.68863,288.20133,287.61488,264.49004,283.75263,280.76904,264.06267,265.37737,268.10275,265.34900,274.40567,271.99392,273.07717,268.77600,267.83825,270.50588,266.98363,275.92663,266.51033,279.87233,275.43413,277.86033,276.98500,284.97896,292.35575,300.51833
900,205.69104,232.82913,231.97975,211.11488,227.71479,226.39738,206.95763,223.54546,221.28200,203.85021,207.53642,210.01363,208.22742,215.47800,213.51804,214.90196,210.58762,209.40187,211.81471,208.97821,217.10254,208.36112,220.53321,216.04958,218.67225,217.77742,224.87183,229.51425,233.01462
901,213.87233,229.34908,227.46100,220.22754,230.15700,233.28175,213.92742,233.82900,231.80025,214.16337,215.28275,220.07017,215.38308,226.39171,224.05529,225.37542,220.51567,219.28346,222.40133,217.76858,227.94604,217.09542,231.67638,227.73996,229.87892,229.07250,231.51933,232.95325,233.68717
902,271.33325,198.36317,190.99567,253.25287,202.85496,218.17250,261.32967,225.43329,221.27942,275.96083,256.94037,264.39246,263.39971,233.39008,240.67529,244.02833,246.74058,245.66271,239.35387,252.08929,235.04237,251.63113,230.25704,223.10650,228.00821,224.74779,213.35254,211.99033,212.00754
903,252.84971,278.35883,275.28904,259.71896,275.02104,278.25342,250.38537,276.97437,271.97275,253.28067,251.24362,262.33721,254.21783,264.15158,262.27871,266.19121,257.53908,254.56633,258.36767,254.23058,267.91687,252.65417,273.34787,263.01296,269.11600,266.43792,274.66625,279.79421,282.06133
904,298.21458,257.59971,254.64288,292.71117,263.54275,272.90333,295.93025,278.43683,276.98246,298.32075,294.23867,295.26838,296.57271,283.71042,287.27342,288.59783,290.23517,289.84508,286.89075,292.33971,284.23417,292.17892,281.58800,278.90804,280.84892,279.49229,270.84767,267.75696,264.85196
905,246.18763,253.45992,251.95829,248.71721,255.42733,257.95288,245.30442,259.10329,258.89438,248.43817,246.50867,249.69442,245.54312,254.99142,252.46758,252.32413,249.93892,249.79225,252.19262,248.13608,255.16221,248.02708,257.74096,258.11646,257.47954,257.88050,257.24904,257.07821,257.82625
906,214.88979,227.21600,219.21767,210.20317,215.71429,220.69608,208.90700,217.14617,210.42308,217.68129,207.52613,216.98862,211.55896,207.17546,207.61646,211.19588,206.33708,204.34671,204.70625,206.94362,210.22642,205.97583,213.35467,204.17754,209.28254,206.44458,214.24621,226.00471,238.79454
907,257.49696,316.58046,314.67125,279.87425,311.34904,309.42112,267.53875,306.02338,303.91596,248.67492,270.93996,269.58375,268.94271,293.28379,288.67471,289.89017,282.18954,280.48917,286.49642,276.29333,295.25367,275.32796,301.36775,296.76675,299.24142,298.68600,308.07996,313.09342,317.31788
908,295.02288,301.89783,296.30062,292.62487,295.44096,300.19833,290.62025,298.42992,293.11767,297.40704,289.91729,297.81625,292.71308,290.81604,291.17529,293.98871,289.99208,288.41938,288.90308,289.94329,293.26762,289.16921,295.79563,288.10371,292.46842,290.08208,295.34083,302.98950,309.62004
909,284.20575,253.52446,260.39496,279.31692,261.95200,258.44633,286.57783,261.73742,268.22483,281.43029,285.28800,277.67692,284.65371,274.53025,275.97113,273.27183,279.83325,281.76708,278.87225,282.69825,271.18004,283.65317,266.07075,277.79962,270.63358,273.81688,263.45238,254.24371,246.75012
910,118.28050,152.75529,153.88158,132.49833,152.34712,149.56937,126.59733,148.29908,149.42108,112.29450,129.12321,123.98142,125.90013,143.18588,139.38871,138.33904,135.65429,135.73362,139.47521,132.23087,142.92600,132.22025,146.07504,147.76954,146.50075,147.63379,150.60467,150.72575,151.06587
911,173.44367,136.10662,127.71246,161.72825,135.11475,147.38617,164.22429,150.93988,145.26125,178.62229,161.51929,171.37133,166.84975,150.18592,154.30071,158.01021,156.55267,154.80079,151.90742,159.15138,152.90325,158.32487,152.15825,142.18200,148.58192,145.02812,141.73054,145.12525,149.64900
912,236.56875,255.83192,252.56283,248.82850,254.25571,258.92313,241.11858,259.29342,255.11754,230.35304,242.10225,244.08879,243.50683,251.10537,250.66054,253.67821,247.59858,245.29983,247.70300,244.71917,254.09562,243.52050,257.47104,248.05379,254.02221,251.48879,255.83275,258.85371,260.11142
913,258.70512,254.75842,253.07275,257.62708,254.29858,257.80175,256.96829,258.47646,256.27825,259.17504,256.42308,260.20929,258.10258,255.89900,256.33904,257.81596,256.03467,255.21992,255.21717,256.23383,257.04954,255.82888,257.93046,254.44712,256.45908,255.34621,255.74929,257.44367,258.30658
914,222.27133,237.34542,232.79046,226.59596,232.74954,236.76892,222.19929,235.73417,231.89971,220.72121,222.36779,227.57608,224.24812,228.05717,227.27858,229.70087,224.97471,223.34362,225.09525,223.60167,230.17633,222.75225,233.19583,227.61396,230.59208,229.00613,233.03246,238.76129,244.99783
915,203.86925,203.88867,198.97100,201.41167,200.47067,206.32608,199.38208,206.42629,201.92925,206.69313,198.82254,206.39200,201.28850,200.03763,200.28775,202.83171,199.08400,197.61508,198.15662,198.93804,202.33325,198.22275,204.69333,197.24433,201.66508,199.42392,202.23375,207.07546,212.04438
916,293.24417,278.15617,281.03258,289.81437,282.62313,281.92433,291.87308,283.93054,286.44479,293.68642,291.09846,291.34000,292.04696,287.89879,288.20829,287.79133,289.15675,289.37146,288.68538,290.17308,287.08875,290.24442,285.65342,289.33133,287.11454,288.17875,283.92850,279.51408,276.03692
917,283.86921,269.56646,270.59092,285.07004,275.04292,277.18867,284.79188,280.52467,282.05504,282.31025,284.63421,284.23779,285.22042,283.73375,284.28908,284.36071,284.73504,284.55942,284.29621,284.68692,283.52696,284.55292,282.51013,283.58033,283.16467,283.46312,278.39958,273.53417,269.54992
918,281.62317,284.39921,286.36629,281.60642,285.74617,284.23813,280.40862,284.21346,285.13942,282.09725,280.37546,283.18796,281.27167,283.06871,282.09387,282.40821,281.13492,280.74792,281.70775,280.73250,283.12971,280.48375,283.85908,285.30775,284.18137,284.74392,285.10042,283.98017,282.74688
919,293.67575,291.19204,292.15867,293.47325,292.43896,292.22629,293.29967,292.77100,293.51000,293.20412,293.02250,294.26117,293.88383,293.15646,292.99867,293.25954,292.87371,292.63233,292.81221,292.95013,293.10467,292.79175,293.02967,294.29496,293.38567,293.77308,292.71500,291.60338,291.05171
920,295.16287,295.41154,296.08638,296.43300,295.96308,295.46863,296.70008,295.79792,296.65917,293.52787,296.68483,295.35208,296.56958,296.71029,296.50925,296.22075,296.57183,296.72258,296.76508,296.63112,296.35092,296.69063,296.09767,297.55208,296.64467,297.12221,296.08029,295.10388,294.94383
921,273.51788,269.49904,266.77537,271.58500,268.32058,271.90988,271.72408,272.36512,270.44933,274.63029,271.27387,273.94842,272.29221,270.38075,270.64596,271.54367,270.55300,270.14479,270.01004,270.92650,271.09112,270.73800,271.77038,269.44617,270.70133,269.93033,269.76637,272.05129,274.98237
922,203.41158,195.33504,185.42162,195.58554,184.74292,192.29150,199.40417,190.78704,184.62371,205.27158,197.38208,200.69271,200.04883,187.63454,190.45788,192.66996,192.37433,191.72242,189.17583,194.99079,189.53175,194.78317,189.56229,181.03908,186.34675,183.39933,186.06238,195.71442,207.81425
923,78.68758,49.87267,52.36825,66.05613,54.27383,54.16175,71.79733,56.12379,58.29342,84.55917,70.01138,73.28896,71.63092,61.39421,62.38888,61.73467,64.65087,65.36154,63.32975,67.45325,60.26863,67.82379,58.08413,62.21787,59.64100,60.65400,55.72442,51.84650,48.40804
924,133.02621,120.23683,117.19842,124.95979,118.34092,122.05550,126.17287,122.63071,120.53133,137.67642,124.66946,132.45392,127.90017,120.78662,121.73921,123.53796,122.10067,121.15037,120.44108,123.43763,122.01967,122.96100,122.41271,119.06996,121.00325,119.85596,119.84737,122.11437,125.78763
925,213.37871,203.15783,205.72104,207.92821,202.75225,199.67567,213.61738,199.17758,202.13487,212.28558,212.24267,209.36779,212.66496,204.70721,205.18721,203.80671,207.45954,208.63313,206.84304,209.96217,202.71879,210.54671,200.22067,207.98383,202.77042,204.84821,201.30571,200.34346,202.38892
926,249.41162,278.74813,279.58417,259.38196,278.17871,275.86479,253.81908,274.46317,275.00025,246.69925,255.84558,255.26383,253.86525,268.71954,265.18113,264.72863,261.56513,261.36046,264.90217,258.56425,268.78129,258.39883,272.04338,273.28196,272.09625,272.97117,276.36258,277.20596,278.23538
927,233.83029,268.71133,269.96004,248.41242,273.34583,272.46854,238.23654,273.10779,274.48833,233.08504,241.97788,242.79767,238.38292,264.69829,258.78796,257.85283,252.53825,252.13771,258.28238,247.00142,264.87954,246.68625,270.28033,271.58387,270.38329,271.67421,273.77033,271.46313,268.92258
928,305.89317,283.90029,281.93513,309.04413,290.13296,297.44825,308.77388,302.21988,301.70592,302.68342,308.75271,306.66092,308.81450,305.85033,307.60396,308.03725,308.83858,308.71879,307.64408,308.80500,305.89746,308.73829,304.43454,303.71979,304.25367,303.70283,296.26513,292.89671,290.06258
929,246.44863,299.72512,299.54308,254.34883,293.72446,288.59862,245.64258,283.42800,282.42550,249.83033,248.49021,255.09558,246.46721,269.86483,263.53892,263.49025,256.96913,256.31875,262.43504,252.51025,270.71429,252.10167,277.49167,277.28900,276.45400,277.24725,287.96912,293.98813,299.62287
930,300.54958,300.03692,298.04650,299.08242,297.69475,299.45346,299.23800,299.15313,297.58796,300.88154,298.71717,300.61317,299.87083,297.46921,297.91679,298.83763,297.92946,297.44371,297.20996,298.33867,298.22871,298.10829,298.66842,296.09296,297.67804,296.88017,297.96437,300.16733,302.75142
931,284.68883,286.48579,285.20033,288.73179,288.20896,291.89971,285.24346,293.22054,291.19317,283.72725,285.72942,288.11783,286.33171,289.76504,289.59096,290.96300,288.23704,287.24075,288.29554,286.92375,291.10733,286.40746,292.66138,288.36904,291.03367,289.82875,290.29788,290.61167,289.18996
932,230.17600,240.59796,234.68592,229.80467,233.11633,237.62858,227.98500,235.71329,230.38213,230.48471,227.34838,232.81858,229.73075,228.11792,228.51550,231.19529,227.36146,225.85237,226.26592,227.34500,230.61846,226.62571,233.14392,224.71225,229.73796,227.20954,232.88029,240.64167,248.39408
933,271.49233,272.72188,270.43867,271.91517,271.24129,274.06050,271.17592,274.10079,272.23946,271.28687,271.03692,272.96408,271.73237,271.61550,271.63346,272.50983,271.19792,270.74712,270.96854,271.11063,272.34242,270.89125,273.25550,271.01612,272.18100,271.46421,272.08783,274.52721,277.28938
934,266.98763,271.81721,271.27733,270.12267,270.92092,271.52579,269.33196,271.36679,270.87838,264.16517,269.40204,268.44925,269.55654,270.35913,270.24325,270.61596,269.91592,269.67933,269.96033,269.64637,270.59408,269.51921,270.97183,270.55017,270.68938,270.57454,270.92450,271.88608,273.26754
935,265.38479,299.19321,297.95671,277.11488,296.49329,295.94896,269.63858,294.07892,292.35125,261.92483,271.61404,272.94808,270.67879,285.42013,282.43825,283.39625,278.27233,277.14758,280.92071,274.77967,286.84158,274.15788,291.00221,287.49446,289.37754,288.83563,294.80329,297.96337,300.26479
936,257.51300,267.27417,267.26508,259.49017,266.59062,266.13338,257.64050,265.51412,265.29708,257.66267,258.12071,259.49779,257.97017,262.57646,261.22946,261.38000,259.78167,259.52192,260.84758,258.90683,262.85733,258.75592,264.36392,264.12633,264.08971,264.22850,265.92354,266.82579,267.81979
937,254.24488,249.07850,253.02279,253.35029,254.45487,252.77021,252.01042,254.49379,256.87017,255.84638,252.05400,255.62075,252.95608,255.12246,254.01117,254.04463,253.05729,252.73546,253.80342,252.52842,254.88671,252.29150,255.22746,257.93425,256.17187,257.15092,255.12429,250.26546,244.85075
938,250.13400,256.56775,256.34737,250.87096,255.68029,255.88263,248.45575,255.44646,254.51704,250.65638,248.41679,252.81854,249.90825,251.87571,251.18058,252.43221,249.77550,248.80988,249.96346,249.05821,252.89892,248.53171,254.43604,252.35483,253.47767,252.99375,255.24537,256.33333,256.97321
939,255.52958,266.40250,266.98925,261.62642,266.64788,266.58537,258.25108,266.48521,265.95325,252.20600,258.80225,259.35304,259.20300,263.64508,262.91846,263.79521,261.43108,260.63921,261.98850,260.05375,264.42525,259.60967,265.74992,264.11604,265.04575,264.71296,266.40575,266.51121,265.63008
940,261.51292,259.60733,261.45829,261.66529,261.36537,260.28521,261.55571,260.83617,262.09825,260.85171,261.39037,261.83679,261.93604,261.73700,261.46863,261.46275,261.35771,261.24771,261.46371,261.37383,261.49133,261.28175,261.27200,263.09200,261.90912,262.50142,261.37217,259.47729,257.88633
941,264.73821,264.06971,266.74617,264.70492,266.19967,264.00100,264.99096,264.35704,266.27337,264.38825,264.98258,264.65704,264.95079,265.70017,265.06292,264.53775,264.92483,265.13579,265.44546,264.95362,265.07275,265.02771,264.80429,267.73058,265.88008,266.85992,265.73183,263.23658,260.99763
942,167.46396,151.07871,152.93163,161.04633,154.47600,154.66796,163.67396,156.21079,157.79925,170.71513,162.74767,165.33063,163.84854,159.07429,159.30208,158.95092,160.25383,160.55242,159.77813,161.55687,158.37225,161.68354,157.31550,160.35908,158.39687,159.24042,155.69146,152.93692,150.95121
943,225.05417,192.93175,190.49250,216.09629,196.06612,202.78121,218.98671,206.08558,204.15754,228.68946,217.10237,223.14029,220.31038,208.31925,210.96271,212.68488,213.03962,212.39783,210.14958,215.16725,209.20462,214.86733,207.78138,204.70092,206.63475,205.26271,200.63975,199.80092,199.06179
944,201.72217,215.79350,219.57121,206.19508,218.15400,213.53396,203.90067,213.15929,216.45883,200.47154,204.96021,203.76088,203.74738,212.53442,209.80621,208.59342,207.82142,208.09133,210.32225,206.31858,211.54817,206.37333,212.66458,217.80654,214.42800,216.39296,216.44542,213.36992,211.20850
945,268.40392,263.66271,263.14625,266.37687,263.33167,264.23375,267.39412,264.45850,264.31108,268.79433,266.89937,267.80329,267.60404,264.93363,265.27100,265.47821,265.72496,265.69596,265.25475,266.33854,264.88650,266.32158,264.56288,265.06742,264.62263,264.68375,263.74925,264.24579,265.46800
946,255.25163,255.58767,258.90100,255.18396,258.71379,256.53862,254.21992,257.04983,258.71379,255.96979,254.32538,256.32012,254.75925,256.97163,255.95571,255.87983,255.12775,254.95725,255.85496,254.70404,256.76117,254.56954,257.19154,259.26458,257.88396,258.66363,258.28383,255.40721,251.57096
947,181.11142,197.12067,191.69871,180.78017,188.26875,190.15925,180.53825,187.11875,183.58071,180.84067,180.20125,182.25383,181.01029,181.13154,180.63479,181.82317,179.71196,179.18362,179.64125,179.95771,182.29442,179.74246,184.34321,180.57746,182.47362,181.36862,186.47196,194.47821,204.45667
948,167.33467,136.07721,128.22079,157.45446,132.74246,143.38158,160.63088,145.42129,139.98225,169.39729,157.72579,166.31413,163.17104,145.16708,149.39175,153.03579,152.10779,150.56062,147.37204,155.04871,147.35871,154.31046,146.09487,139.16942,143.10158,140.20913,137.46700,142.85617,149.92533
949,235.47738,205.29200,198.98679,225.78029,202.29729,211.47229,229.18308,213.20179,207.86875,237.36571,226.31029,232.94004,231.43158,213.25354,217.75775,221.24400,220.62238,219.08242,215.69254,223.60075,215.60508,222.88700,214.15042,205.58321,211.00750,207.78792,206.31729,210.82017,215.27317
950,197.68383,115.68900,124.98162,175.33658,133.49296,132.25329,191.45271,140.41450,150.35038,204.08987,188.19304,181.67125,187.99304,163.83404,167.42350,162.69708,175.40988,179.07371,172.55558,182.11508,158.32663,183.99167,148.99033,166.22217,156.12404,160.60133,139.78033,122.61333,107.65983
951,218.47092,209.60729,202.89821,213.57642,204.76742,212.47379,211.44550,212.97387,206.85079,221.04854,209.63392,220.42254,215.20154,206.54438,208.88171,213.43158,208.48788,205.71737,205.19654,209.08033,210.35104,207.68829,212.06275,199.72133,207.58379,203.74217,207.36062,212.92288,218.15921
952,189.08962,176.55017,173.29725,185.78300,174.21371,180.43679,186.73267,180.73862,176.17008,188.09738,184.97000,189.85046,188.65142,178.31413,180.85887,183.78100,182.05979,180.68750,179.05138,183.58146,180.21388,182.92004,180.14471,174.42946,177.56683,175.36663,175.93158,180.97612,185.18088
953,145.64658,155.57779,168.31683,152.72667,166.37575,154.42800,153.49900,155.42617,165.68171,141.88667,155.57237,144.73413,150.29737,163.32192,159.09238,153.81208,158.18013,160.86304,162.95017,156.81767,158.72221,158.06129,157.26892,174.29625,163.66458,169.34429,163.53508,151.42846,139.45675
954,217.28458,216.78858,214.40792,218.13696,215.94825,218.63150,217.08888,219.27029,217.96825,216.62187,216.94925,218.42917,217.81050,217.57975,217.75208,218.67608,217.33137,216.74600,216.96950,217.12950,218.37971,216.83233,219.04992,216.45679,218.09154,217.33625,217.34138,218.32400,219.83554
955,227.30667,226.05737,226.28137,228.62150,227.40846,228.44117,227.60025,229.21608,229.12537,226.44625,227.60071,228.48621,228.15637,228.69317,228.59508,229.07142,228.21412,227.83875,228.19029,227.89254,228.97158,227.67962,229.26600,228.98521,229.08704,229.02492,228.26446,227.63925,226.93392
956,76.79258,137.88162,141.58233,94.99150,136.74575,127.98329,85.71846,124.36183,128.00875,73.22929,90.25808,85.26692,84.14504,115.83642,108.08267,105.15188,101.32100,102.10125,109.02233,95.51833,114.50883,95.80800,120.09554,126.39692,121.94896,125.01171,131.40979,131.15379,132.18317
957,145.21183,196.88100,197.62413,158.18362,192.42154,186.87062,150.30696,182.70433,183.18488,142.96950,153.28662,153.07383,150.23421,172.76275,167.13271,166.29750,161.52629,161.30662,166.72429,157.19971,172.89879,157.01050,178.17296,179.65338,178.12733,179.41921,187.46121,191.11967,195.29712
958,161.52079,150.32387,153.20775,157.07750,153.11383,151.93338,158.97338,152.83167,154.25358,162.89996,158.01592,160.13787,159.51713,154.90404,155.20929,155.28625,155.90292,155.85842,155.26058,157.00604,154.59829,156.95329,153.76546,155.63517,154.50767,155.05562,153.28042,150.57933,147.38933
959,168.10621,171.44321,178.70292,169.01342,178.97329,173.21742,166.98500,174.47367,179.67200,170.24342,167.96121,170.07962,167.10000,175.74617,172.62271,171.07037,170.64513,171.07479,173.45875,169.23467,174.22925,169.33638,174.96017,182.79867,177.66371,180.42021,178.05933,170.64325,162.45029
960,123.53921,185.00879,187.19575,140.95917,181.88008,174.95158,129.49854,170.76212,171.69962,120.16408,133.23921,134.95412,130.34004,158.57071,151.79875,151.47975,144.50962,143.66033,150.70621,138.59529,159.16896,138.03183,165.72308,167.00317,165.48246,166.88392,176.37600,178.77287,180.54917
961,158.34750,167.01567,162.85938,161.46121,164.95150,170.63692,157.04633,170.65442,165.87954,158.81333,157.39683,163.32800,158.80600,162.72329,162.29846,164.78946,160.10433,158.53225,160.04675,158.67996,165.18100,157.90213,168.36996,160.40571,165.07667,162.76021,166.54883,171.20775,173.99296
962,167.45329,181.97113,183.05071,173.16229,182.17329,181.24783,170.53092,180.59142,180.74796,165.09875,171.48417,170.74463,170.52713,177.67608,175.90863,175.72808,174.17246,174.09575,175.81854,172.76163,177.62113,172.69058,179.22788,180.43608,179.31012,179.87042,181.25383,181.86988,181.84463
963,137.66050,155.50058,153.34892,139.78196,151.29854,152.02646,135.48938,150.08546,147.43754,138.56708,135.71921,142.77954,137.58029,142.47667,141.03833,143.03129,138.42175,136.96163,139.09154,136.99642,144.25596,136.21179,147.39550,143.32229,145.37775,144.35954,149.77996,154.41025,158.75737
964,168.38775,195.84808,196.85638,176.05883,195.26667,192.96700,170.90621,191.35721,191.42929,167.51188,172.75979,173.61767,171.01463,185.02763,181.55663,181.27308,177.97600,177.73154,181.14492,175.23675,185.28454,175.07112,188.73442,189.13333,188.47425,189.09129,193.23917,194.40896,194.73850
965,186.71488,190.41967,188.44988,189.42296,189.17113,191.40125,187.72329,191.61825,190.13296,185.06367,187.79588,188.83058,188.45125,189.38517,189.44817,190.41225,188.80767,188.17021,188.61454,188.27696,190.24396,187.94712,191.10208,188.39625,190.04146,189.25371,190.02087,191.49721,192.98250
966,158.52450,137.29958,135.01138,149.02792,136.67458,140.33383,152.46079,141.35971,139.93683,162.26237,150.56142,155.89629,153.54158,142.63121,144.49254,145.74183,146.24821,145.84346,143.95237,148.50300,143.15008,148.31383,142.06083,140.64046,141.39587,140.63446,138.53325,139.80383,142.08988
967,173.44746,178.10254,175.67700,176.84050,175.90163,178.61842,174.71450,178.52604,176.28004,170.48913,174.48208,176.24617,176.07838,175.50200,175.98679,177.69808,175.36000,174.26404,174.60892,174.89921,176.84783,174.32787,177.79196,173.93575,176.21988,175.02525,176.55604,179.14729,181.69608
968,171.85058,187.59588,187.12392,173.54075,183.91742,182.46938,170.95037,180.45175,179.32408,171.80004,171.05508,174.98025,172.26638,175.60392,174.44913,175.57358,172.68342,171.78842,173.26662,171.82292,176.61400,171.33363,178.61421,176.60721,177.59967,177.20421,181.71417,184.64375,187.45629
969,151.56308,131.43963,134.49746,148.55208,139.58146,141.70337,148.50225,145.30337,146.48425,153.85150,148.09354,151.38288,149.30917,147.32650,147.57667,147.95567,147.72183,147.38667,147.29729,147.91633,147.37912,147.71121,146.93125,147.54508,147.26858,147.43717,142.91612,137.33283,129.60596
970,185.85958,189.48733,187.79133,189.70867,188.36983,190.20283,188.48029,190.40204,189.57858,182.63987,188.56313,187.60092,188.90771,189.48329,189.65054,190.22296,189.38146,188.98567,189.21637,188.95450,189.87025,188.73383,190.14217,189.21350,189.68508,189.37942,189.10363,190.41867,192.75042
971,196.94883,194.64521,193.63588,201.60667,196.77529,200.26492,198.82546,202.07333,201.01521,193.85329,198.96388,199.88763,200.04171,200.93154,201.35767,202.66317,200.74608,199.78071,200.28508,199.81592,201.87925,199.28629,202.34492,199.99992,201.41625,200.66908,199.19042,198.56592,197.79488
972,112.43567,76.98062,81.41117,97.78987,78.76350,75.06188,110.24208,75.59675,80.22279,113.14042,107.19479,101.77096,108.12192,88.16133,90.82892,88.37313,96.53275,98.82937,93.94092,102.11696,84.79725,103.32046,78.93483,90.21625,83.03387,85.78837,77.93079,74.46400,74.50975
973,164.11042,146.34050,148.74846,157.42308,150.78800,150.27750,159.18179,152.34683,154.79487,168.04079,158.30121,162.53008,159.88808,155.68250,155.76075,155.57825,156.42804,156.48458,156.03958,157.40658,155.02146,157.37817,153.92346,157.56758,155.26058,156.30117,152.21979,147.78750,144.56425
974,158.19142,176.10212,170.71804,160.36988,167.99917,171.52600,156.61375,168.76879,163.00158,157.84733,156.37342,162.63467,158.82679,159.63838,159.82446,162.92454,157.98988,156.09442,157.13833,157.13517,162.54042,156.19738,165.62658,156.25033,161.80904,159.03896,166.68746,175.23746,182.28592
975,168.31025,158.12442,152.26396,162.12704,152.90467,158.92775,163.45467,158.61700,153.94704,170.59888,161.81608,167.85221,165.07833,155.63787,157.84217,160.37142,158.84225,157.68975,156.17313,160.39517,157.56729,159.86200,157.85500,151.03042,155.13221,152.73983,154.41550,160.34179,166.78254
976,164.45296,121.13150,114.61479,147.12583,117.64350,127.34092,153.11542,129.30871,123.48554,169.97633,148.93846,159.35283,155.99342,130.38567,136.10421,140.29092,140.14392,138.36454,133.66842,144.74546,133.12433,143.93696,130.89283,120.92825,127.35838,123.57538,121.92408,126.44742,130.80700
977,170.24896,161.56208,162.12404,164.28646,162.64967,162.51721,165.63775,163.08708,163.79850,174.30558,164.98050,168.84392,166.09475,163.54483,163.33608,163.39325,163.47179,163.44712,163.29513,164.25629,163.42912,164.23296,163.37787,164.41775,163.72154,164.06058,163.03400,161.88204,161.32079
978,203.00675,206.57308,206.57621,204.13812,206.06617,205.66854,203.86992,205.40117,205.62854,202.30787,204.03883,203.44242,203.75900,205.07583,204.68171,204.50942,204.41275,204.48896,204.78650,204.21633,204.92650,204.24808,205.14217,205.84179,205.33067,205.59000,205.74312,206.00842,206.77471
979,191.28983,201.80237,200.81392,194.68075,199.94700,200.26550,192.24975,199.54258,198.29350,190.05383,192.62421,193.64954,192.93829,196.22533,195.68979,196.49417,194.44646,193.78362,194.79121,193.48979,197.13596,193.14375,198.52996,195.66183,197.47504,196.78375,199.44229,201.08767,202.21596
980,178.97379,194.15183,192.87783,184.85246,191.61833,191.84675,181.67167,190.76742,189.44962,176.13050,182.32438,182.53454,182.33479,187.10454,186.38704,187.15808,184.92283,184.26762,185.54737,183.56133,187.93146,183.20375,189.45575,187.13533,188.46175,187.91100,190.79921,193.13900,195.25279
981,148.38283,153.45908,151.82333,150.47467,151.47437,152.88571,150.02242,152.40446,151.22458,146.66092,150.12688,149.67379,150.01625,150.79808,150.67958,151.00338,150.41642,150.32375,150.49817,150.26371,151.03988,150.23021,151.60029,150.90233,151.07717,150.81125,151.48833,153.81533,156.68575
982,127.74354,132.05787,132.81287,129.17342,132.58629,131.44171,128.88733,131.31071,132.49092,127.23792,129.29325,128.54663,128.52350,131.50250,130.49429,129.79538,130.01479,130.39013,131.02683,129.63592,130.82950,129.80046,131.05967,133.90833,131.92279,132.86225,132.17488,131.53088,131.63617
983,119.32492,115.47696,125.03667,120.95008,125.33571,117.97671,122.36821,119.87163,127.24075,118.44196,123.29254,117.95437,120.53238,126.53708,124.09442,120.71308,123.97208,125.72817,126.67567,123.61779,123.37225,124.42471,121.87046,133.87917,126.38908,130.29829,124.52558,114.50358,104.86863
984,165.50708,167.87829,167.49725,168.45242,169.32129,171.11233,165.64437,171.98637,171.15771,165.05146,166.08429,168.14475,166.52542,169.76296,169.36875,170.21512,168.22571,167.52479,168.52050,167.10442,170.54558,166.72083,171.63933,169.59617,170.81871,170.29213,170.49329,170.18933,169.06887
985,40.71892,110.94350,115.58404,55.05104,107.52517,95.63837,44.91004,89.88071,93.69246,42.00683,49.46679,49.58183,44.03504,78.29496,69.17383,66.38600,61.13642,61.63413,69.69737,55.00758,77.20196,55.12658,84.16062,90.84625,85.94392,89.32717,99.45012,100.85808,102.97154
986,141.51671,159.61767,160.12758,152.16458,158.93208,157.04358,149.88163,156.41558,157.83425,134.69933,151.32513,144.42296,148.80746,156.66533,155.39608,154.19333,154.47021,155.01400,156.22921,152.82933,155.76367,153.06696,156.02588,159.12475,157.08900,158.17967,157.98688,157.75271,159.02108
987,151.03608,171.96338,171.08863,157.70008,169.11988,168.31963,153.98333,166.70188,165.61075,148.20850,154.93271,154.71725,154.47929,161.83771,160.32400,160.89471,158.18258,157.56562,159.47229,156.47683,162.64025,156.14663,164.84408,162.82100,163.91558,163.58292,167.55854,170.10462,172.44950
988,179.90888,177.50367,178.72042,179.16854,178.57125,177.55958,180.02021,177.83033,179.01517,179.95650,179.94879,179.15083,179.71671,179.33250,179.15500,178.61533,179.43813,179.76742,179.63496,179.70571,178.74950,179.86154,178.24896,180.44533,179.05613,179.72283,178.47483,177.14746,176.20154
989,124.32696,156.77967,152.34825,132.22525,148.90204,149.78471,126.94050,146.46504,142.43129,121.70546,128.02058,129.82217,127.97563,136.92808,135.26683,136.91779,132.17271,130.93267,133.39467,129.99029,138.99379,129.37562,142.86625,136.04913,140.07629,138.37929,146.54650,153.85604,160.78054
990,165.70237,172.14304,172.67042,169.14904,172.21196,171.62521,167.69854,171.44500,171.64804,163.78813,168.10862,167.25850,167.84129,170.62571,170.13108,170.17471,169.47729,169.31396,169.98188,168.76121,170.69154,168.65546,171.14729,171.30921,171.17513,171.32179,171.85396,171.73642,171.54017
991,165.14812,170.18125,170.32604,168.41813,169.92246,169.52925,167.70933,169.39192,169.71254,162.81387,168.04779,166.22287,167.53517,169.41154,169.13188,168.93321,168.88733,168.95687,169.27575,168.44929,169.22467,168.47075,169.28588,170.06800,169.53017,169.79825,169.70421,169.69938,170.13908
992,136.67196,136.22904,133.86329,134.96708,133.35175,135.02717,135.71683,134.41088,133.02542,136.85750,135.22029,136.64996,136.02396,133.34608,133.78283,134.38479,134.09796,133.92075,133.49004,134.68346,133.68367,134.61117,133.81558,132.90133,133.21167,132.78867,133.36054,136.21175,139.86500
993,155.05746,155.04696,155.89808,156.03263,156.65925,156.16238,155.64458,156.75800,157.91271,154.95217,155.98650,155.37300,155.41933,157.56342,156.97546,156.44033,156.69771,156.93529,157.35612,156.32608,157.06971,156.42279,157.02808,159.03196,157.73975,158.40671,157.02450,155.43821,154.51458
994,133.82087,138.62563,141.14575,135.90313,141.15246,138.94204,134.94829,139.16508,141.09737,133.62087,135.64763,134.75467,134.54004,139.46075,138.01846,137.10342,137.13838,137.52171,138.58825,136.35662,138.68633,136.51763,139.08958,142.46721,140.22346,141.41246,140.63637,138.29212,135.84050
995,97.54246,103.26146,99.83271,97.27492,99.53642,102.48346,94.57683,101.71096,98.15917,98.75883,94.21133,100.13475,96.53750,96.10354,96.43183,98.79867,95.19696,93.65829,94.32571,94.67504,98.30083,93.89846,100.26658,93.17342,97.61667,95.56558,99.73508,103.66600,106.59975
996,132.37838,109.38871,112.06079,128.47387,115.50900,115.95133,131.86404,118.88821,121.69171,132.68546,131.13483,128.95892,131.20096,125.42200,126.46387,125.40250,128.45529,129.22567,127.66808,129.86363,124.03292,130.23867,121.47221,126.13167,123.40287,124.61567,118.00379,112.58504,107.96929
997,89.56129,93.35254,96.22575,89.63883,93.36917,88.09304,92.54287,87.30667,91.53150,87.96279,92.79696,86.99450,90.69096,92.00242,90.86921,88.31246,91.63192,93.20871,93.01575,92.24296,89.61346,93.02000,88.08625,96.40304,91.13871,93.72025,91.31383,88.66183,88.79858
998,77.00483,82.51158,82.27529,81.34883,82.06412,82.04617,81.14808,81.96592,82.38700,73.33075,81.54879,77.71133,80.52863,82.48954,82.19733,81.67175,82.16246,82.48579,82.65358,81.84342,82.01833,82.00362,81.87838,83.40446,82.36350,82.83433,82.05612,82.32017,83.62071
999,100.85533,113.43396,110.63579,104.31267,110.62925,112.96813,100.19367,112.22033,109.08146,100.81404,100.62433,104.64538,101.69717,105.92904,105.41700,107.28713,103.39496,102.03454,103.52646,101.93937,107.93754,101.24871,110.48825,103.83137,108.02913,106.24892,110.71246,113.94879,115.63558
1000,120.20029,107.04367,104.15063,115.03133,106.27592,110.52483,115.52242,111.52408,109.24350,122.73133,114.32963,119.90125,117.07383,110.45729,111.92987,113.75958,112.52817,111.55325,110.66667,113.46896,111.72862,112.98162,111.70354,107.86758,110.19513,108.81925,108.28950,109.99187,112.00371
1001,84.80408,85.26121,84.64829,87.91704,88.04762,91.02683,84.62492,92.64662,91.66233,84.75083,85.17808,88.00054,85.62154,89.88333,89.20862,90.15125,87.72204,86.93633,88.23246,86.38871,90.78288,85.96025,92.26654,90.00658,91.29804,90.71975,90.19229,89.33575,87.56517
1002,88.63987,104.40546,101.51037,94.39258,101.53896,104.05975,89.61708,103.32342,100.20146,87.24063,90.35621,93.44217,90.98808,96.83558,96.10842,97.87883,93.86463,92.55500,94.31108,92.02408,98.74121,91.35321,101.42979,95.28858,99.04879,97.40625,101.67275,105.13004,107.57938
1003,111.20092,64.49450,66.59358,98.81683,71.11754,73.34042,107.06767,77.48987,80.25513,113.60588,104.58696,103.68246,106.42283,88.65325,92.14383,91.32917,96.95271,98.01733,93.74600,100.95792,86.95554,101.51675,81.89550,86.99596,84.10567,85.01779,75.10500,68.84754,63.70183
1004,123.73142,116.37638,115.17879,122.50254,116.59200,119.30442,123.23396,120.04483,118.68858,123.52163,122.76542,123.36067,123.44475,120.06462,121.01375,121.67804,121.65788,121.44946,120.69792,122.23842,120.49092,122.16258,120.21467,118.52671,119.50546,118.81150,117.93896,118.75067,118.51950
1005,125.90417,132.16221,132.90304,128.68950,132.29454,131.15662,127.93871,130.88104,131.58325,124.44304,128.44288,126.61500,127.56662,130.70967,130.00575,129.53663,129.50646,129.70479,130.28513,128.94971,130.37042,129.04183,130.64437,131.99117,131.09283,131.59092,131.74388,131.34417,131.01604
1006,96.10450,123.49167,124.85933,104.42142,122.26421,119.08604,98.58958,117.29092,117.52571,94.20646,100.15129,101.38188,99.48192,111.57892,108.86175,109.20400,105.50529,104.71042,107.90354,102.69683,112.25679,102.22175,115.18592,114.56512,114.76775,115.07221,119.77842,120.62096,120.95558
1007,105.30913,116.62804,112.66754,105.87033,110.90225,113.38121,103.39633,111.69704,107.57867,106.30583,103.31704,107.56642,104.70567,105.41825,105.66167,107.71875,104.41692,103.15254,103.77350,103.83517,107.59242,103.23708,109.77396,101.84762,106.88238,104.61717,110.26733,115.60212,119.82413
1008,105.03417,100.66912,99.13046,104.98475,100.25108,102.35592,105.20283,102.95908,102.20258,104.38133,104.93212,105.11779,105.44071,103.30558,104.00412,104.43133,104.45379,104.27787,103.80571,104.70613,103.54367,104.61908,103.21592,102.30092,102.85258,102.45900,101.40158,102.05533,103.49358
1009,85.91279,93.98425,92.84075,90.74075,95.69225,97.69392,86.79762,98.57992,97.92208,85.94125,88.00679,89.35642,87.17146,95.21371,93.74971,94.02112,91.71937,91.28633,93.17483,89.77438,95.77729,89.52892,97.70704,96.18254,97.02325,96.78833,97.10733,96.80862,96.04525
1010,87.01725,94.11513,95.74325,89.52625,94.45396,92.16779,89.24083,91.70288,93.16325,85.50733,89.73771,87.40554,88.66367,92.06687,91.05112,90.20175,90.56862,90.98450,91.62592,90.13283,91.36450,90.32775,91.51117,94.25175,92.46204,93.42150,93.39408,92.45246,92.00562
1011,43.78187,63.79250,61.69092,49.12121,60.73342,61.49800,44.11513,60.04579,57.88300,43.35254,45.06375,48.84129,45.43050,53.33300,51.74825,53.06096,49.04262,47.92671,50.25167,46.95375,54.77633,46.35367,57.72546,53.94679,56.01992,55.15079,59.75600,63.29129,66.66346
1012,34.54650,36.83333,36.61783,32.84562,35.11333,34.58425,33.36113,33.79996,33.47713,35.54688,33.10183,34.10529,33.48187,32.81275,32.61371,32.72608,32.49392,32.44175,32.47475,32.80846,32.94788,32.78871,33.29142,32.90721,33.10958,33.04629,34.29929,35.50142,36.99021
1013,46.18967,55.51738,54.95979,45.90662,53.17542,53.04300,43.70292,51.73017,50.25817,47.95929,43.73058,48.66996,44.95817,47.30054,46.47237,47.62192,45.00825,44.16850,45.33842,44.33246,48.33067,43.88429,50.13062,47.83483,48.97975,48.40529,51.91175,54.51467,56.63429
1014,34.77613,36.37800,37.75046,31.53800,35.52754,33.69608,31.62392,32.74767,32.91154,37.02500,31.13633,34.97738,32.45933,31.39271,30.96646,31.46092,30.54871,30.18212,30.50650,30.85025,31.65175,30.64196,32.17058,32.48592,32.10800,32.25454,34.01775,34.49525,34.54588
1015,31.77467,47.43321,47.30929,37.19683,45.97921,45.28550,34.01796,44.22917,43.58187,29.82383,34.86162,35.07950,34.44379,40.65504,39.41950,39.80667,37.70258,37.23679,38.81546,36.21279,41.19188,35.95200,42.86088,41.73533,42.26575,42.12917,44.86117,46.40317,47.72517
1016,50.57075,48.68487,49.23975,47.65592,48.41338,47.41850,48.64087,47.17275,47.75600,52.32183,48.30379,49.57500,48.70121,47.48004,47.26804,47.10358,47.37575,47.48004,47.38788,47.85842,47.27542,47.90758,47.19313,48.16383,47.54513,47.87700,47.90425,47.62517,47.69200
1017,23.57125,31.91367,33.09675,25.08796,30.27221,28.24850,24.73988,26.92987,26.94083,22.10396,24.74621,24.25304,24.87387,25.74487,25.35667,25.47242,24.96496,24.84171,25.19171,24.84800,25.83629,24.77925,26.24979,26.37717,26.21413,26.32996,28.46421,29.47158,29.96808
1018,19.75987,44.90950,42.33883,27.07871,40.66700,40.66000,22.63717,38.71292,37.00883,17.84137,24.00329,24.05454,22.91742,32.64667,30.74067,31.16271,28.14513,27.61058,29.91863,25.97229,33.54113,25.69037,36.32546,33.51821,35.09104,34.58138,39.22583,43.06237,47.50983
1019,29.04950,68.01879,66.31608,41.77850,64.08892,63.00083,33.76825,60.42933,58.72887,25.53783,36.07446,36.69783,34.60179,51.25479,47.91771,48.63200,43.45575,42.42746,46.53267,39.58508,52.53475,39.00892,56.91258,53.97392,55.41937,55.08037,61.72512,65.88546,70.00967
1020,44.27737,35.95750,35.10554,39.58692,35.57487,37.14650,40.35833,37.49400,36.38363,46.94542,39.54071,43.62150,41.23096,36.89287,37.65237,38.64583,38.04296,37.55150,36.97471,38.82400,37.57667,38.58758,37.57792,35.51117,36.78042,36.05046,36.23504,36.88617,37.28475
1021,88.89967,73.74471,75.00196,82.30121,73.64900,72.24117,86.71975,72.37925,73.85492,90.01833,85.34933,84.99862,86.44321,77.29121,78.86633,78.43521,81.22342,81.76554,79.67475,83.38592,76.38192,83.66754,73.92392,76.97817,75.14963,75.79313,73.28521,72.04383,71.68262
1022,22.67371,56.60850,55.00521,29.97813,50.12342,47.40617,25.56763,43.74450,42.40683,20.83238,26.98371,27.04754,25.78742,36.70058,34.17575,34.37613,31.20308,30.75558,33.44450,28.98662,37.42904,28.74171,40.58438,38.74425,39.60633,39.47979,46.41833,51.49017,57.13217
1023,45.59046,35.57650,33.66675,42.00421,34.76179,37.72817,42.91837,38.35125,36.53500,46.84483,41.98550,44.84183,43.76954,38.04217,39.45054,40.68533,40.24283,39.65308,38.64813,41.15471,38.94271,40.87871,38.63396,35.37512,37.47508,36.31517,36.10475,37.37342,38.31746
1024,45.03988,41.71304,40.00929,42.30729,39.15725,39.99437,44.12758,39.36417,38.63321,45.38096,43.47025,43.49721,44.07987,39.91296,40.69442,40.85954,41.60625,41.69758,40.77696,42.58192,39.88879,42.64654,39.28462,39.13963,39.15258,38.96242,38.95454,41.07771,44.33963
1025,25.00029,29.21421,28.30225,27.44579,27.99933,28.43267,27.08913,28.17500,27.76025,23.07525,27.28987,25.43054,26.86933,27.76858,27.79221,27.77575,27.71067,27.72396,27.78579,27.49150,27.84446,27.50683,27.96592,27.34287,27.77346,27.61121,27.98708,28.88263,30.29417
1026,53.93667,12.93779,14.28558,39.70837,16.94837,17.85758,49.14179,20.45117,23.51033,58.12792,46.85500,45.25375,47.62254,31.27175,33.98650,32.24029,38.76875,40.50583,36.35229,43.00788,28.84662,43.92567,23.95792,31.44813,26.79142,28.42983,19.38454,15.35925,14.18208
1027,82.85883,86.98913,88.26925,84.66213,87.56063,85.95283,84.21958,85.79637,86.88871,81.99154,84.59900,83.22346,83.91317,86.27375,85.68400,85.15375,85.36804,85.59179,86.02896,84.96592,85.83263,85.06358,85.83617,87.58979,86.48708,87.10196,86.95142,85.90596,84.88737
1028,62.58571,80.71383,81.25687,68.16775,79.48337,77.32375,65.47046,75.99592,76.45550,60.83333,66.62325,65.16508,65.20650,73.23679,71.38863,70.90171,69.60496,69.64979,71.42954,68.04133,73.10975,68.03954,74.65662,75.61771,74.85067,75.41712,77.79912,78.61538,79.64583
1029,17.80642,34.86192,37.09925,22.30650,34.75288,31.04867,20.15733,29.70563,31.21008,16.76229,21.27629,19.92396,19.72979,27.82946,25.67421,24.76092,23.95521,24.23817,26.05275,22.54929,27.27504,22.65742,28.58629,31.24071,29.40871,30.52042,32.53929,32.07075,31.49092
1030,43.03021,51.51933,49.61542,46.02858,48.33300,49.17650,45.20733,48.14063,46.63167,40.76608,45.37154,44.24967,45.25104,46.16217,46.25758,46.71100,45.95671,45.72483,45.88208,45.65033,46.67050,45.54921,47.26821,45.20738,46.43354,45.81454,47.77996,50.61013,53.66438
1031,71.32388,78.27221,78.32246,73.71558,77.55712,76.88875,72.64904,76.37183,76.42454,70.35604,73.06904,72.40058,72.58192,75.37079,74.80267,74.69500,74.19612,74.17558,74.77929,73.60575,75.36821,73.58675,75.88667,76.07121,75.89767,76.04146,76.94867,77.42354,78.04188
1032,75.00850,80.34417,80.36792,76.78512,79.78521,79.27642,75.98608,78.87808,78.93346,74.33513,76.31704,75.80679,75.91225,78.10887,77.64904,77.54663,77.17792,77.17687,77.64796,76.72692,78.08862,76.72083,78.49338,78.70183,78.52000,78.65204,79.32083,79.69237,80.18879
1033,48.37446,32.67912,28.84608,42.56208,30.09563,35.49117,44.17417,36.05742,32.20333,49.83138,42.45158,47.14608,45.72471,34.98704,37.73858,40.16625,39.24308,38.10083,36.17079,40.92229,36.77654,40.39408,36.26346,29.78317,33.88825,31.56708,32.03346,35.57163,38.51992
1034,54.68283,46.21487,46.22454,54.04308,48.24096,49.71479,54.39650,51.08754,51.25654,54.56400,54.14721,54.35654,54.58108,52.53000,53.14679,53.33008,53.65571,53.57125,53.10812,53.91542,52.54675,53.86738,51.94146,51.86250,51.99750,51.88350,49.78813,48.26508,46.64067
1035,19.08183,38.62075,36.64167,24.26217,35.91162,36.69804,19.64483,35.31167,33.07263,18.95250,20.74146,23.44904,20.47771,28.78517,27.20196,28.22287,24.61246,23.73317,25.92754,22.58050,30.12579,22.12817,33.04275,28.99596,31.31858,30.37496,35.02642,38.32200,40.48521
1036,54.10942,55.57092,55.07621,54.41950,54.43771,54.67937,54.31821,54.34154,53.79042,53.56358,54.19854,54.32175,54.50517,53.81200,54.04608,54.37058,54.08317,53.90742,53.80871,54.14346,54.07117,54.05963,54.14617,53.25262,53.80746,53.52112,54.20992,55.13183,56.08625
1037,34.82150,55.02829,55.03133,41.63867,53.60075,52.13708,37.81025,50.85292,50.69812,32.73471,39.08637,38.53712,37.96554,46.94175,45.05967,45.03454,42.85471,42.55521,44.66750,40.87921,47.24771,40.69412,49.25633,48.93888,48.95296,49.15408,52.14212,53.43429,54.69138
1038,54.78083,62.74400,63.04625,57.76750,62.25054,61.31017,56.53046,60.78958,61.04538,53.49158,57.05642,56.02613,56.39867,59.83387,59.12342,58.91100,58.41958,58.44117,59.16608,57.70579,59.74829,57.70433,60.29925,60.82379,60.42854,60.69167,61.55704,61.80475,62.18654
1039,46.83696,60.14717,60.12117,52.01925,59.24300,58.23267,49.88638,57.45875,57.61079,44.72763,50.83696,48.90779,49.57250,55.62412,54.43588,54.07221,53.21958,53.27608,54.50037,51.97200,55.54325,51.98704,56.57567,57.01283,56.64108,56.94883,58.37096,59.03925,59.89500
1040,31.03192,35.23121,35.62004,32.31804,34.79321,33.98758,32.20017,33.56683,33.87412,30.14754,32.39604,31.30200,31.95046,33.34229,32.93483,32.64963,32.71183,32.86471,33.12508,32.54579,33.12687,32.62108,33.29546,34.10938,33.54271,33.83875,34.20908,34.41208,34.78946
1041,9.61554,7.87083,6.71629,9.43325,7.12675,8.43129,9.58917,8.53117,7.67563,9.19046,9.35392,9.61979,9.79688,8.20271,8.69487,9.12800,8.93233,8.73863,8.41950,9.15325,8.54437,9.06633,8.50708,7.17154,8.00979,7.53808,7.60842,8.52625,9.57937
1042,36.33004,28.76721,28.01408,34.82271,28.52938,29.71029,36.33533,30.22208,29.98387,35.73983,35.76817,35.01354,36.29683,32.00054,33.10146,33.26054,34.19908,34.24896,33.19554,35.02321,31.95988,35.06179,30.94254,30.66287,30.93954,30.70121,29.31913,29.36733,29.98754
1043,32.84883,34.45129,34.98242,32.32946,34.41171,33.91617,31.92046,33.66404,33.56942,33.63067,31.89983,33.26600,32.21325,32.75075,32.47804,32.69304,32.11088,31.93050,32.23008,31.99812,32.95517,31.90200,33.37100,32.98129,33.19462,33.13317,33.98954,34.06562,33.61412
1044,12.74496,14.95329,14.80108,13.58967,14.74921,14.82762,13.13833,14.72733,14.58888,12.43479,13.27542,13.21317,13.16667,14.16196,13.95925,13.99942,13.69596,13.64300,13.88246,13.47538,14.23729,13.44650,14.51146,14.30983,14.41004,14.38338,14.69446,14.96700,15.29921
1045,19.74954,26.83075,25.86892,21.77871,25.50621,26.05458,20.04458,25.53012,24.46642,19.41346,20.35750,21.40517,20.48108,23.00346,22.59333,23.14579,21.69379,21.26071,21.98717,20.99233,23.64146,20.76992,24.69929,22.68062,23.89792,23.38733,25.24017,26.71458,27.83700
1046,21.27100,36.62288,34.98742,24.92687,33.07787,32.65062,23.08946,30.94942,29.89171,20.06558,23.74929,23.11479,23.02350,27.70329,26.74963,26.83692,25.56225,25.41692,26.46596,24.61067,28.05696,24.53933,29.42821,28.21450,28.82833,28.61800,31.65450,34.73242,38.36733
1047,18.42567,19.81575,19.38246,18.32425,19.26458,19.40029,18.33171,19.20954,19.05808,18.65687,18.37967,18.40821,18.25471,18.75567,18.56329,18.50750,18.42450,18.46700,18.58304,18.40000,18.75333,18.42554,18.96875,18.93004,18.91850,18.93121,19.18325,19.69975,20.48533
1048,11.50888,13.48363,12.82308,11.63904,12.63642,13.05912,11.29938,12.78704,12.20704,11.62346,11.30879,11.87175,11.45058,11.78238,11.71375,11.96354,11.48379,11.33458,11.48017,11.39087,12.04746,11.32088,12.42413,11.52296,12.05179,11.79708,12.54679,13.45192,14.32521
1049,15.42487,14.58746,15.01292,15.53083,15.30508,15.26879,15.43492,15.51779,15.72738,15.36633,15.44962,15.54771,15.47908,15.66029,15.58592,15.57587,15.53187,15.52058,15.58996,15.48875,15.62150,15.47817,15.62004,15.89754,15.71371,15.80375,15.47025,14.93237,14.19642
1050,14.97892,15.14879,15.06458,15.19817,15.06333,15.08533,15.30200,15.10263,15.18863,14.68300,15.30583,14.92008,15.22987,15.24546,15.22325,15.14854,15.25742,15.30683,15.28988,15.28283,15.17417,15.30746,15.12579,15.35029,15.20771,15.27771,15.10063,15.10500,15.32029
1051,16.15671,12.81779,14.40346,15.60592,14.60958,13.60271,16.30821,14.07937,15.27963,16.14696,16.26171,15.44471,16.04242,15.68267,15.58246,15.09046,15.86513,16.14858,16.00871,16.07338,15.16475,16.20637,14.63554,16.53725,15.38512,15.96538,14.66288,12.86150,10.98087
1052,26.67171,27.74204,28.43575,27.71754,28.60596,27.91375,27.74583,28.09754,29.00200,26.11521,28.01792,26.57112,27.33537,28.87658,28.46104,27.89554,28.37562,28.67617,28.88412,28.18912,28.39637,28.33321,28.25650,29.95904,28.87771,29.43454,28.58258,27.66246,27.14625
1053,16.14283,17.17092,16.46600,16.60296,16.66388,17.31713,16.43358,17.27575,16.80663,15.91004,16.48796,16.35458,16.40513,16.71321,16.71104,16.81887,16.61413,16.57163,16.61633,16.54775,16.86083,16.53571,17.07488,16.40854,16.81121,16.61204,16.85179,17.48763,18.17554
1054,19.78254,15.50679,14.80479,18.81154,15.30162,16.40462,19.27312,16.74021,16.22254,19.66329,18.89067,19.46821,19.56600,17.06742,17.70646,18.12950,18.14338,17.95192,17.47117,18.53521,17.32400,18.44271,17.00908,16.08525,16.69412,16.32842,15.89179,16.18388,16.57521
1055,14.08750,15.79550,16.04050,14.54013,15.76104,15.21275,14.58438,15.08033,15.53454,13.82475,14.70758,14.05663,14.38767,15.26842,14.96133,14.66633,14.85771,15.01387,15.17462,14.77875,15.01350,14.85267,15.02354,16.01238,15.35354,15.68262,15.51154,15.36154,15.65750
1056,24.98029,17.88967,16.68429,23.95521,17.36629,19.42158,24.73992,19.95679,18.76783,24.09613,24.07683,24.45129,25.19808,20.52550,21.87700,22.70804,22.76000,22.39104,21.40950,23.45142,21.08171,23.28179,20.45158,18.22954,19.72358,18.88408,18.37142,19.06275,19.52817
1057,21.63867,18.26933,17.35508,20.54971,17.86842,19.36971,20.42371,19.61992,18.48075,22.00538,20.02879,21.86225,21.05313,18.81567,19.43600,20.27163,19.57000,19.10521,18.81525,19.80963,19.48067,19.58183,19.60454,17.36583,18.79258,18.05221,18.46571,19.21008,19.37621
1058,25.43904,31.19679,30.09708,27.09538,29.73483,30.20729,25.92508,29.73429,28.85317,24.96125,26.16383,26.41533,26.14488,27.90800,27.68258,28.05767,27.08500,26.79450,27.25379,26.60158,28.39683,26.45954,29.13675,27.36546,28.49333,28.03842,29.53242,30.82700,31.96617
1059,11.74929,10.16671,10.20692,10.86258,10.08825,10.10629,11.24862,10.10904,10.17300,12.03408,11.06950,11.53275,11.32904,10.36196,10.46571,10.51504,10.63508,10.63658,10.48125,10.86200,10.31192,10.86121,10.16263,10.51112,10.24450,10.31629,10.07212,10.14829,10.52196
1060,9.80533,11.71787,9.02850,10.03550,9.28933,11.93517,9.08342,11.55021,9.09017,9.80946,8.88808,10.91433,9.79017,8.81508,9.34517,10.54313,9.06954,8.41196,8.39392,8.97304,9.92333,8.66221,10.73754,6.80654,9.18737,7.93608,9.75454,12.77025,15.39654
1061,23.40971,8.91742,9.30842,19.05100,10.24729,10.81508,22.17871,11.85371,12.70458,24.24108,21.34342,20.44475,21.74375,15.63113,16.82592,16.40825,18.55746,19.03408,17.48675,20.01879,14.97617,20.27763,13.21404,15.00062,13.99092,14.31929,11.26992,9.79808,9.18408
1062,20.89500,23.73521,24.38508,22.86521,24.55117,23.72858,22.65438,23.89133,24.92504,19.92250,23.10792,21.05137,22.09417,24.63571,24.04379,23.31508,23.82633,24.20654,24.56687,23.45142,24.06833,23.63442,24.00921,25.90733,24.71583,25.36021,24.50562,23.49742,23.08667
1063,31.30942,35.91925,35.96042,32.96425,35.69988,35.20654,32.32800,34.94192,35.19904,30.82854,32.71925,31.83696,32.08029,34.50350,33.98717,33.68800,33.56717,33.68729,34.13883,33.12325,34.33979,33.18058,34.65579,35.22850,34.83917,35.08788,35.38246,35.48742,35.85537
1064,30.99800,25.29471,25.24433,29.35613,25.48746,25.84975,30.59238,26.21146,26.39137,31.15404,30.21950,29.87904,30.46700,27.68792,28.29837,28.23671,29.05129,29.18925,28.49546,29.66429,27.50308,29.74429,26.75921,27.16408,26.97162,27.00113,25.90096,25.51150,25.39583
1065,25.06433,21.92908,20.68696,23.86671,20.84192,21.88908,24.92571,21.90658,21.41842,25.11446,24.63933,24.01438,24.71525,22.48554,23.04212,23.06050,23.64350,23.75321,23.14167,24.16567,22.47675,24.24346,22.05438,21.59554,21.92429,21.70771,21.24329,22.14471,23.62988
1066,28.50525,34.70846,34.65104,30.63287,34.03204,33.50962,29.74742,33.04142,33.03533,27.60583,30.12483,29.31854,29.62921,32.11254,31.61350,31.50587,31.08246,31.07662,31.59358,30.58062,32.12312,30.57604,32.59846,32.63938,32.57854,32.67508,33.52079,34.00150,34.54996
1067,18.33167,27.41738,28.07379,22.13108,27.80500,26.80854,20.70092,26.45621,27.00933,17.08813,21.55092,19.70196,20.18913,25.48517,24.34937,23.73663,23.41300,23.66271,24.66242,22.43804,25.14692,22.55596,25.87237,27.12538,26.24150,26.76638,27.25862,27.08012,26.76133
1068,12.03392,13.77158,13.83212,12.30129,13.72083,13.50483,12.11996,13.38700,13.53446,12.13983,12.23867,12.26592,12.05617,13.05771,12.72975,12.60758,12.49238,12.54183,12.78392,12.35862,12.97771,12.38133,13.19858,13.59942,13.30117,13.46221,13.57471,13.64567,13.86954
1069,9.90650,13.07608,12.06521,10.26637,11.49967,11.57133,10.33592,11.04825,10.85462,9.61763,10.39708,10.00183,10.19271,10.64367,10.48563,10.38537,10.42071,10.51075,10.57888,10.40779,10.56412,10.45650,10.69737,10.97579,10.71192,10.79271,11.16575,12.37350,14.54442
1070,7.10312,12.77508,12.67892,8.26683,12.03504,11.50771,7.35342,10.99804,10.91121,7.11813,7.65317,7.97262,7.41567,9.74237,9.17296,9.17033,8.54396,8.46583,9.04996,8.07596,9.84646,8.02983,10.47054,10.29562,10.35667,10.39954,11.47871,12.04754,12.71821
1071,16.16892,16.46621,15.91846,16.83713,16.49583,17.20083,16.37529,17.42692,17.10842,16.02896,16.48371,16.55383,16.44083,17.01967,17.02313,17.15983,16.86171,16.75858,16.87725,16.66417,17.19908,16.61437,17.39179,16.64108,17.15012,16.94512,16.92537,17.02713,17.15042
1072,6.11746,10.33579,10.71625,6.80196,9.85983,9.00621,6.45446,8.48683,8.68046,5.96783,6.62792,6.50479,6.39675,7.87092,7.40996,7.27037,7.05079,7.09212,7.45812,6.82817,7.77750,6.84333,8.10071,8.67333,8.23412,8.46383,9.16621,9.51783,9.87917
1073,20.28246,20.33867,20.46400,20.75517,20.57250,20.66387,20.27375,20.82150,20.74392,20.01858,20.25879,20.68713,20.55083,20.58867,20.65829,20.91804,20.52400,20.31179,20.41246,20.38512,20.80192,20.27121,20.89075,20.31029,20.72400,20.57254,20.70238,20.44208,20.01321
1074,12.48942,14.45158,14.36433,13.19400,14.24892,14.23454,12.77867,14.12454,14.03204,12.18883,12.87063,12.89821,12.85625,13.62388,13.45758,13.53375,13.22004,13.13913,13.35258,13.03663,13.71296,12.99263,13.94775,13.75483,13.85871,13.83408,14.15654,14.36517,14.55863
1075,10.60396,11.28742,11.03600,10.32246,10.74475,10.82054,10.18108,10.61954,10.39017,10.75054,10.08325,10.85833,10.41658,10.13925,10.13767,10.36392,10.04388,9.90167,9.95796,10.06363,10.29004,9.98763,10.43933,10.16817,10.28412,10.19742,10.58467,11.09767,11.81612
1076,17.45058,18.89517,18.55433,18.15046,18.69946,19.15217,17.46708,19.15279,18.71112,17.31787,17.54483,18.14875,17.70796,18.32721,18.28967,18.59067,18.00896,17.79437,18.00604,17.76563,18.61875,17.65596,18.95212,18.04450,18.60375,18.34992,18.82300,19.17379,19.23996
1077,16.41304,19.87350,19.61400,17.17217,18.69325,18.45083,16.83692,17.92733,17.54225,15.79038,16.83246,16.88604,16.99129,17.16554,17.16112,17.39100,17.00221,16.85167,16.95471,16.91275,17.37829,16.83742,17.60833,16.95279,17.34625,17.16537,18.17563,19.03796,19.91404
1078,19.97462,21.62950,20.78450,19.89604,20.31817,20.77500,19.72054,20.38587,19.64721,19.97646,19.62871,20.21858,19.92104,19.49021,19.64183,19.99429,19.57600,19.38917,19.36217,19.60279,19.81658,19.51675,20.06062,18.89133,19.60367,19.23996,20.13796,21.31692,22.51754
1079,7.01650,11.04504,10.58062,7.76333,10.02787,9.96758,7.22938,9.49954,9.11167,6.85925,7.36108,7.57129,7.30608,8.42154,8.17033,8.29650,7.80875,7.70704,8.00542,7.57321,8.60346,7.52321,9.05012,8.47717,8.79392,8.66554,9.64113,10.53387,11.48104
1080,10.22438,14.29667,14.01271,11.49554,13.81867,13.88475,10.57363,13.62117,13.24600,9.92946,10.78825,11.10183,10.73829,12.39458,12.07800,12.26754,11.56604,11.38892,11.82933,11.15783,12.64754,11.06462,13.20187,12.45267,12.89329,12.72992,13.62304,14.18000,14.52058
1081,11.11008,11.74817,11.18379,10.69921,11.05492,11.49271,10.33458,11.32354,10.76883,11.50512,10.21850,11.53638,10.71654,10.40646,10.45496,10.87383,10.26954,10.00654,10.10225,10.24158,10.75388,10.10646,11.06508,10.09279,10.65971,10.36358,11.02779,11.75229,12.46113
1082,7.47338,6.51508,6.29450,6.87662,6.38762,6.67142,7.06296,6.69054,6.51738,7.80721,6.97517,7.34167,7.09754,6.60867,6.68100,6.75179,6.74779,6.73487,6.64812,6.86638,6.65546,6.86400,6.66125,6.48429,6.57517,6.50292,6.48496,6.70083,6.96317
1083,11.70592,7.18150,7.06050,10.64704,7.77575,8.46333,11.17558,8.93754,8.89067,12.02400,10.95321,11.18842,11.22250,9.62729,10.00592,10.08833,10.37829,10.37604,10.01550,10.68000,9.62771,10.68217,9.28300,9.18817,9.27921,9.19163,8.36221,8.00171,7.64138
1084,11.89921,12.61850,12.19342,11.88229,11.93829,12.29292,11.71250,12.11233,11.59779,11.77775,11.60050,12.19379,11.95233,11.46783,11.59862,11.92500,11.54092,11.35354,11.33983,11.57146,11.74333,11.47871,11.92200,11.03446,11.57337,11.29492,11.87725,12.54083,13.04679
1085,20.49429,24.38067,24.14917,21.58908,23.83542,23.76487,20.80496,23.46042,23.17921,20.31425,21.02150,21.25958,20.90021,22.44942,22.15521,22.26583,21.72192,21.60604,21.98908,21.35458,22.62154,21.29321,23.07937,22.57571,22.85846,22.75846,23.57008,24.09437,24.48546
1086,3.90979,3.77225,3.65921,3.85021,3.72200,3.90200,3.77888,3.91725,3.78229,3.94675,3.74863,4.02242,3.86354,3.74538,3.77329,3.87288,3.74767,3.68996,3.69729,3.74800,3.82108,3.71842,3.87708,3.66733,3.78438,3.71487,3.77971,3.90575,3.99929
1087,14.55729,16.30833,15.81129,15.01367,15.77279,16.15862,14.49408,16.02633,15.56704,14.51725,14.54000,15.07258,14.69338,15.17738,15.12617,15.38471,14.87621,14.69654,14.87675,14.69950,15.44246,14.60867,15.77296,14.91454,15.43958,15.20142,15.78458,16.35954,16.80404
1088,10.63771,8.79546,9.24654,9.77946,9.30992,8.98217,10.27408,9.11087,9.53429,11.09767,10.20567,10.15704,10.14083,9.73433,9.69637,9.47250,9.86021,10.01229,9.90117,10.04088,9.50454,10.11633,9.28983,10.09146,9.58783,9.82325,9.31450,8.79354,8.33063
1089,24.75437,25.24638,25.60767,25.39871,25.65296,25.37229,25.22487,25.47262,25.79338,24.41321,25.34058,24.88846,25.14800,25.75229,25.64829,25.51475,25.59604,25.64704,25.74217,25.46296,25.62779,25.48371,25.56650,26.06104,25.75783,25.92262,25.64933,25.21075,24.81413
1090,22.45992,28.87683,28.95908,24.20167,28.44233,27.84008,23.10892,27.36583,27.36875,22.29679,23.55017,23.45742,23.04929,26.11187,25.42600,25.30537,24.71283,24.69479,25.38171,24.10296,26.14217,24.08792,26.80929,26.85800,26.76654,26.88571,27.89054,28.30633,28.63629
1091,16.86742,17.21554,18.28829,17.26562,17.99067,17.18633,17.24733,17.20742,17.81583,16.40000,17.26517,17.01533,17.25833,17.60246,17.39487,17.24854,17.33883,17.39208,17.51792,17.30008,17.38108,17.31275,17.28429,18.45229,17.65683,18.01762,17.70354,17.03508,16.31025
1092,21.81850,22.71592,21.85183,21.89692,22.02779,22.44112,22.37271,22.37175,22.24563,21.16688,22.26471,21.41821,22.23392,22.07250,21.90408,21.80600,21.87467,21.96013,21.95775,22.07696,22.04737,22.12404,22.21692,22.14717,22.18821,22.19733,22.18221,22.69408,23.84433
1093,24.19708,24.73838,24.24708,23.11442,23.86875,23.75992,24.01008,23.43712,23.42658,24.20029,23.75954,23.34762,23.88225,23.14487,22.93146,22.79246,22.96700,23.09096,23.02092,23.37875,23.06533,23.44642,23.21196,23.41083,23.26538,23.35967,23.63062,24.23867,25.45788
1094,11.79467,17.53546,18.04858,12.45771,17.06158,15.72750,12.49204,15.10500,15.70804,11.33067,12.64667,11.83721,12.26175,14.34329,13.41867,12.98529,12.87400,13.07596,13.63817,12.75117,14.05150,12.84208,14.58525,15.89704,14.97338,15.49050,16.18467,16.36492,17.05375
1095,12.63417,7.31392,6.77558,9.87171,6.86813,7.48525,11.23492,7.58154,7.31625,13.48846,10.67017,11.45154,11.34579,8.11917,8.61329,8.78733,9.19879,9.20442,8.58800,9.96775,8.16529,9.98092,7.78875,7.53750,7.69908,7.54283,7.13300,7.53750,8.36029
1096,12.40821,9.92379,9.77375,11.17479,9.98050,10.30933,11.61392,10.45717,10.37387,13.05150,11.42558,11.97350,11.66983,10.62108,10.76738,10.83675,10.93942,10.93075,10.74204,11.19325,10.65000,11.19362,10.55054,10.42787,10.51112,10.45304,10.19883,10.19250,10.27117
1097,3.08796,4.10725,3.80575,3.12917,3.65875,3.80533,2.94738,3.65029,3.39492,3.16592,2.94500,3.30138,3.04646,3.18000,3.14863,3.27675,3.03683,2.95579,3.03079,2.98825,3.30592,2.94779,3.47750,3.08379,3.31071,3.19946,3.57742,4.02121,4.51750
1098,23.95342,22.25842,21.81321,24.39200,22.77737,23.83388,24.00583,24.31717,23.92450,23.83850,24.04412,24.29529,24.13279,24.13375,24.31488,24.54817,24.28263,24.14154,24.13229,24.15858,24.34904,24.09104,24.41875,23.59137,24.13404,23.86508,23.49096,23.36750,23.00200
1099,18.21158,22.92679,22.56200,19.75346,22.23696,22.22121,18.80388,21.90438,21.62846,17.70371,19.04938,19.14567,18.93896,20.76621,20.40892,20.54042,19.89167,19.74267,20.21021,19.44992,20.95388,19.36746,21.47642,21.00267,21.25483,21.17504,21.98467,22.61571,23.38204
1100,25.17404,26.91817,27.24858,26.20962,27.28558,27.01354,25.73104,27.06404,27.33775,24.76471,25.92267,25.60708,25.71100,26.96254,26.69671,26.59479,26.45042,26.45646,26.73183,26.17425,26.88387,26.16825,27.01646,27.46546,27.16054,27.33217,27.24012,26.91808,26.69454
1101,29.56492,33.11533,33.17829,30.83258,32.75129,32.37167,30.26233,32.10838,32.16742,29.04475,30.47954,30.13142,30.23304,31.64308,31.37004,31.32938,31.06675,31.04350,31.34700,30.75925,31.64350,30.74454,31.88358,32.00717,31.90308,31.98462,32.42967,32.64062,32.91892
1102,13.02754,14.85646,15.75242,13.64063,15.40050,14.33767,13.75300,14.25529,15.16583,12.69004,13.94229,13.00988,13.43417,14.77646,14.28208,13.78946,14.14271,14.40342,14.64779,14.03737,14.32154,14.16208,14.26817,16.08567,14.88800,15.48542,15.02396,14.34433,14.10771
1103,4.39896,7.26608,7.37588,5.10879,6.97412,6.52467,4.83279,6.27237,6.44254,4.15500,4.98846,4.70692,4.75204,5.92546,5.59775,5.46775,5.34258,5.38788,5.65171,5.15646,5.84708,5.17633,6.06208,6.44588,6.16946,6.33037,6.64742,6.79675,7.14204
1104,19.06517,17.05450,17.03954,19.05846,17.47333,17.91325,19.23596,18.22604,18.20483,18.81512,19.16879,18.96933,19.21517,18.59583,18.78892,18.84092,18.96346,18.95871,18.79104,19.07154,18.59388,19.07550,18.41700,18.39579,18.41925,18.38179,17.85183,17.59787,17.29312
1105,9.65204,6.08562,6.04471,8.48267,6.39500,6.64746,9.36708,6.90400,7.10579,9.93521,9.17583,8.89750,9.17371,7.78900,8.00967,7.84663,8.42654,8.60054,8.22862,8.81912,7.57746,8.91629,7.18371,7.79633,7.40583,7.53325,6.69612,6.42563,6.40821
1106,18.38512,25.09033,24.57412,20.73137,24.16787,24.35533,18.99175,23.91738,23.20308,17.63379,19.29150,20.10817,19.45500,21.84550,21.46479,21.98067,20.63079,20.19817,20.90383,19.92837,22.38133,19.70029,23.25538,21.81571,22.65783,22.30625,23.84267,24.85633,25.57492
1107,13.86329,15.78529,16.21546,14.34029,15.87358,15.22467,14.37967,15.08225,15.55429,13.61646,14.51292,13.92150,14.16292,15.16992,14.80763,14.52371,14.65679,14.81121,15.00533,14.58062,14.92833,14.65904,14.99892,15.96996,15.31767,15.64917,15.57158,15.36233,15.46558
1108,24.38179,16.79987,17.35408,23.87871,19.22575,20.07800,24.46421,21.31808,21.94487,24.36188,24.39187,23.82258,24.27517,23.14392,23.47875,23.23492,23.98550,24.17750,23.79175,24.20096,22.80358,24.29517,22.12575,23.24167,22.56737,22.81725,20.48500,18.70538,16.82425
1109,13.17067,15.12433,15.34563,14.15142,15.10675,14.73271,13.98233,14.64563,14.92325,12.48792,14.10958,13.42988,13.87867,14.70567,14.50033,14.33575,14.38317,14.45542,14.61233,14.24008,14.56433,14.26967,14.59696,15.17008,14.78817,14.98571,14.93033,14.81742,14.95392
1110,27.18404,33.16854,33.75133,28.88750,33.09712,32.09275,27.86617,31.67629,31.98792,26.87683,28.26104,28.06871,27.84642,30.73304,30.03471,29.87454,29.35354,29.33346,30.01521,28.78033,30.69442,28.75775,31.25071,31.66512,31.36467,31.60533,32.44967,32.42183,32.26229
1111,18.50204,17.74346,16.84367,17.59979,16.58488,17.43808,17.68862,17.23975,16.33892,18.80429,17.39812,18.57529,18.04971,16.47200,16.85200,17.37729,16.95538,16.68737,16.47083,17.18621,16.89983,17.05871,17.03429,15.54300,16.46458,15.97204,16.65333,17.80663,18.92050
1112,6.76962,6.92171,6.88629,6.01029,6.40883,6.36442,6.09704,6.11154,5.84808,7.15821,5.93075,6.78375,6.30937,5.65275,5.69646,5.91721,5.67363,5.55004,5.52517,5.80696,5.80833,5.74450,5.92854,5.57625,5.75342,5.63892,6.14821,6.65800,7.14929
1113,29.10783,39.40721,39.00642,31.79179,38.11696,37.73550,29.57104,36.91829,36.22658,28.78629,30.08646,31.13921,29.99983,34.05138,33.22708,33.63442,31.97425,31.55679,32.65625,30.98342,34.60175,30.75917,35.90117,34.41650,35.27533,34.98846,37.32533,38.58596,39.44138
1114,24.04288,21.26633,20.92696,23.24725,21.21763,21.97742,23.55471,22.19454,21.77067,24.21546,23.33642,23.80154,23.69454,22.24808,22.61771,22.87963,22.86475,22.76167,22.47150,23.11179,22.42738,23.06796,22.30100,21.59429,22.04688,21.78104,21.59400,21.81687,21.90858
1115,23.93221,22.66942,23.65133,23.94083,23.70987,23.11542,24.39792,23.30775,23.96017,23.73000,24.44533,23.50612,24.08900,24.20829,24.09779,23.70421,24.26638,24.51737,24.44208,24.36062,23.83571,24.48575,23.54496,24.78583,24.00833,24.38292,23.66992,22.76762,21.50333
1116,15.41342,17.94796,17.31442,15.52179,16.92683,16.89363,15.76137,16.54200,16.49200,15.16125,15.77350,15.24600,15.59654,16.08721,15.79329,15.63821,15.65550,15.76525,15.88654,15.71563,16.00846,15.77433,16.24300,16.44950,16.27883,16.38017,16.69533,17.45179,18.96004
1117,19.52558,24.34929,23.71488,19.92104,23.08254,22.79525,19.63588,22.22025,22.21754,19.59817,19.77475,19.87008,19.60188,21.19454,20.60000,20.47363,20.13042,20.16800,20.61267,19.94167,21.15342,19.95379,21.67938,22.02992,21.71387,21.89642,22.59925,23.63383,25.50092
1118,22.29392,21.74504,20.01812,21.51121,20.24800,21.75142,21.36829,21.62629,20.51350,22.68196,21.11604,22.51283,21.79558,20.52967,20.86054,21.47642,20.84521,20.51542,20.39246,20.98575,21.04938,20.82683,21.33679,19.57625,20.64179,20.06796,20.63029,22.25329,24.30725
1119,27.16742,34.34708,32.85575,30.24050,33.14929,33.97475,28.92217,33.71487,33.18187,26.08113,29.51354,28.37213,28.68488,32.22800,31.65633,31.56437,30.94550,30.94550,31.60313,30.19583,32.35475,30.20142,33.10571,32.45692,32.81296,32.70179,33.31283,34.57337,36.53667
1120,22.65171,18.36600,17.37088,20.58592,17.29662,18.05467,21.88654,18.08267,17.84483,22.92650,21.39446,21.45433,21.89150,18.83129,19.39058,19.50875,20.03842,20.07900,19.42542,20.74800,18.81846,20.78146,18.32767,18.23117,18.30175,18.18246,17.59283,18.34279,20.12862
1121,26.26471,26.61392,26.45575,27.11042,26.89204,27.16758,26.78067,27.48238,27.76758,25.66021,26.85154,26.54708,26.84617,27.52454,27.33671,27.33021,27.14975,27.09679,27.30058,26.99333,27.49475,26.95783,27.57779,27.92783,27.70558,27.84658,27.26258,26.99050,27.44900
1122,33.20775,28.18958,26.18067,32.51675,26.66729,28.69083,33.95100,28.91896,28.05250,32.01975,33.48821,32.03542,33.72867,29.96283,31.01850,31.22367,32.02604,32.10521,31.08721,32.79383,30.02367,32.86512,29.26704,28.45575,28.98713,28.56667,27.53962,28.96300,31.42488
1123,21.21192,22.06788,20.44787,20.53058,20.66554,22.05038,20.10900,21.85762,20.78904,21.99575,20.00196,21.62667,20.48596,20.31638,20.33933,20.87717,20.05892,19.75267,19.88408,20.02696,20.81092,19.88125,21.36437,19.79612,20.69292,20.21137,20.95362,22.61125,24.68737
1124,29.43900,36.07450,33.91904,30.69312,33.51104,34.92683,29.19587,34.23575,32.51554,29.26233,29.27537,31.01917,29.82975,31.15008,30.96546,31.85237,30.15592,29.57546,30.12933,29.69192,32.05396,29.40421,33.22587,30.29342,32.04562,31.21954,33.40083,36.04346,38.89188
1125,45.47312,46.67346,47.37446,46.92508,47.44904,46.98933,46.68392,47.22125,47.79308,44.56133,46.92521,45.61200,46.42558,47.69642,47.46892,47.18012,47.36121,47.49375,47.66637,47.13375,47.46350,47.20050,47.39204,48.21596,47.72471,48.00917,47.49908,46.65204,45.70688
1126,13.93421,11.62208,10.20225,11.98096,10.04663,11.07412,12.87617,10.85779,10.04692,14.48867,12.42846,13.25042,13.03113,10.52096,10.95808,11.30738,11.32533,11.22908,10.76738,11.90125,10.77729,11.87012,10.72204,9.69037,10.30617,9.92246,10.20867,11.59962,13.68008
1127,18.29400,30.83312,30.47154,19.11875,28.08225,26.49362,18.00767,24.81833,24.51742,18.84933,18.32487,19.65067,18.18429,21.82046,20.55871,20.60021,19.34529,19.21929,20.30317,18.80496,22.01738,18.73321,23.40092,23.33258,23.16233,23.31792,26.24983,28.35104,31.07187
1128,35.70075,36.08496,34.53346,35.55508,34.88479,36.61867,35.15687,36.55338,35.07554,35.53604,34.88871,36.51283,35.70412,34.68192,34.92029,35.78792,34.69104,34.22175,34.23229,34.79175,35.42896,34.57204,36.05271,33.64496,35.06629,34.30471,35.31358,36.93217,38.46079
1129,39.23729,39.92183,39.25133,38.31262,38.87533,39.15783,39.07296,38.79763,38.39429,39.34575,38.86233,38.92317,38.94508,38.19071,38.07954,38.08871,38.12596,38.21583,38.10175,38.50854,38.21625,38.57167,38.44054,38.26225,38.28679,38.22292,38.68550,39.69654,40.98517
1130,51.88850,50.60117,53.44363,53.68179,53.97700,52.16713,53.94492,53.03083,55.13346,50.72242,54.37637,51.70775,53.18492,55.31671,54.75392,53.70117,54.81067,55.38433,55.57942,54.58550,54.37629,54.86462,53.80829,57.09317,55.09317,56.14325,54.09779,50.78142,47.07812
1131,32.16592,40.63837,40.41650,34.68317,40.18008,39.90413,32.87154,39.53058,39.33992,32.01204,33.48946,34.00529,32.93979,37.38992,36.39338,36.43221,35.23896,35.08925,36.15167,34.32058,37.61396,34.24162,38.75729,38.29058,38.49213,38.50246,39.81600,40.30971,40.90996
1132,25.82271,39.13417,39.78167,30.72454,39.61175,38.54362,27.85083,38.12738,38.53238,25.06763,29.04638,28.60942,27.65804,35.64992,33.90750,33.51079,32.14604,32.15563,33.90400,30.52137,35.58683,30.50608,37.10892,37.82762,37.21146,37.66388,38.97683,38.84313,38.49046
1133,19.53812,21.09742,20.35442,19.59829,20.15042,20.63642,19.46375,20.39646,19.85429,19.55450,19.44358,19.90267,19.54388,19.59658,19.57617,19.78529,19.44850,19.35471,19.40950,19.44479,19.80058,19.40717,20.08596,19.39329,19.76746,19.54821,20.10825,21.03946,22.14300
1134,56.84542,57.92712,57.70513,57.99458,58.02525,58.38575,57.74592,58.53417,58.60025,56.16404,57.91375,57.37392,57.60487,58.50629,58.34458,58.25737,58.23008,58.29108,58.42879,58.06479,58.40633,58.09946,58.48054,58.94983,58.57683,58.70717,58.27242,58.35163,58.90479
1135,39.05554,32.87129,34.12592,37.50850,35.13687,34.24942,39.80208,35.12246,37.22987,38.59471,39.54279,36.76879,38.94787,37.86842,37.43792,36.30700,38.00417,38.72146,38.37354,38.80754,36.79350,39.17442,35.98200,39.66242,37.42446,38.59000,35.71304,33.31400,32.06912
1136,65.18654,66.57375,66.07913,65.55425,65.95292,66.13008,65.50312,65.96867,65.77113,64.94963,65.54671,65.33617,65.43637,65.68033,65.64829,65.67246,65.59663,65.59875,65.62633,65.57008,65.72429,65.57983,65.82854,65.58946,65.73450,65.67279,65.91454,66.36417,66.91992
1137,69.14967,64.89575,64.18988,71.67829,67.09988,69.84883,70.31379,71.42454,70.52437,67.92221,70.54917,70.28796,70.58925,71.16304,71.68162,72.26696,71.54683,71.14758,71.18163,71.02779,71.76200,70.83504,71.89967,69.41787,71.14642,70.38362,69.20667,68.18450,66.08171
1138,25.44325,33.74421,33.43679,26.85313,32.10150,31.38162,25.87492,30.41750,30.07325,25.21608,26.15987,26.51175,25.96917,28.50692,27.82029,27.91133,27.05083,26.92079,27.60308,26.58154,28.70450,26.51396,29.55704,29.15246,29.30713,29.29825,31.10792,32.45717,33.94592
1139,29.61804,41.37804,40.80546,32.02250,39.01367,38.04808,30.73104,36.72579,36.28571,28.91083,31.19112,31.02354,30.71029,34.33517,33.43771,33.45471,32.46021,32.36342,33.24333,31.79271,34.52942,31.74462,35.60083,35.14975,35.31275,35.32179,37.68300,39.53988,41.71163
1140,46.57254,81.79258,81.57283,58.37129,79.19575,76.63000,52.46938,74.30992,74.18717,43.05367,54.86817,52.18850,52.01362,68.10075,64.74863,64.12829,61.16142,61.07454,64.55313,57.86287,68.25650,57.78683,71.55204,71.64163,71.29117,71.82575,76.66846,79.03054,81.25504
1141,38.83929,38.92300,37.65925,37.80746,38.02292,39.07037,37.88162,39.01125,38.32988,39.81000,37.80363,38.78312,37.94629,37.93800,37.80829,38.00896,37.61233,37.52679,37.60958,37.70988,38.18925,37.68388,38.63908,37.68146,38.23958,37.97221,38.34929,39.35154,40.70754
1142,85.32617,89.61962,89.76033,86.73862,89.23550,88.68117,86.15179,88.35408,88.52492,84.75821,86.40967,85.95446,86.07150,87.83300,87.43171,87.31996,87.05679,87.06808,87.45108,86.71750,87.77508,86.72037,88.06963,88.44767,88.16875,88.34450,88.81550,89.00371,89.26313
1143,87.16246,91.74446,91.86213,88.68388,91.32400,90.76396,88.06517,90.42029,90.59092,86.55033,88.34767,87.82454,87.96562,89.86908,89.43996,89.30667,89.04412,89.06746,89.47350,88.67904,89.80058,88.68758,90.11492,90.51037,90.21908,90.40429,90.89275,91.11033,91.47446
1144,38.92313,48.17746,47.72617,37.38650,44.59250,42.78517,36.84158,40.88042,40.42042,40.56025,36.67708,39.58479,37.47050,38.27904,37.60121,38.03971,36.81433,36.45742,37.08733,36.73625,38.69358,36.54304,39.68567,39.02129,39.29846,39.22721,42.47629,44.88529,47.83892
1145,23.25221,25.85129,22.90850,22.78529,22.47458,24.13975,22.55996,23.43171,21.80625,23.35154,22.29412,23.71771,23.02804,21.69808,22.08454,22.83417,22.03396,21.64742,21.51687,22.16871,22.35862,21.98508,22.79763,20.45254,21.85658,21.10254,22.49042,25.42108,29.62783
1146,54.71971,93.37000,93.73892,65.30879,90.77046,87.27317,58.39737,84.50621,84.45488,53.42042,60.92679,61.09433,58.43108,76.58862,72.45004,72.02304,67.99708,67.66317,71.92175,64.28771,76.97754,64.06638,81.14979,81.08650,80.74342,81.35929,87.54617,89.99671,92.13783
1147,79.57071,79.80346,80.05896,79.96538,79.96238,79.88467,79.78675,79.94204,80.06321,79.26421,79.81354,79.80217,79.84667,80.01571,79.98788,80.02350,79.95092,79.91863,79.97675,79.87921,79.98400,79.85792,79.95942,80.27100,80.03729,80.12671,79.95496,79.80275,79.65337
1148,53.05500,60.91167,61.36237,53.65967,59.73208,58.46575,52.29925,57.45408,57.37383,53.51679,52.44833,54.55133,52.89963,55.27858,54.43996,54.77946,53.45692,53.10658,54.01163,52.92492,55.55142,52.71829,56.52504,56.62104,56.35429,56.49517,58.44042,59.48850,60.53433
1149,51.80525,77.25750,77.91058,59.45054,75.85700,73.05554,54.96908,71.42846,71.89304,50.25133,56.67888,56.02821,54.89187,66.92758,64.21596,63.74804,61.37908,61.25154,64.01708,58.91425,67.02387,58.80738,69.53958,69.91596,69.52187,70.07521,73.76304,74.53883,75.24050
1150,36.08742,38.60933,37.41050,35.99092,36.96158,38.09287,34.97025,37.64754,36.09988,36.36863,34.75792,37.27117,35.81779,35.28925,35.47992,36.51729,35.03008,34.38346,34.60108,34.88504,36.19650,34.55817,36.97767,34.16946,35.86921,35.02850,36.86583,38.72221,40.13925
1151,83.00383,88.23387,86.39708,84.23546,85.75571,87.05004,83.11479,86.36796,84.46142,82.47133,83.11792,84.20158,83.61554,83.82967,84.09017,84.98879,83.66146,83.13200,83.30625,83.37571,84.76654,83.12562,85.59408,82.04229,84.30329,83.25858,85.59100,87.95362,89.55417
1152,61.49471,89.41975,86.51138,74.08242,86.87912,88.06296,68.49954,87.10579,85.40646,56.83096,70.78121,66.85075,67.88883,81.52917,79.44929,79.25775,76.62971,76.45763,79.05971,73.56883,82.20196,73.48592,85.04358,81.80821,83.82837,83.23412,86.73800,89.33108,91.54838
1153,47.46404,37.75404,37.49667,44.10312,38.39783,39.49146,45.74100,40.23046,40.16558,48.39933,45.03988,45.82083,45.90637,41.59246,42.38387,42.61162,43.24812,43.22971,42.36362,44.18575,41.60737,44.18763,40.88250,40.73333,40.89104,40.73613,39.30346,38.82058,38.88162
1154,53.60663,60.84729,60.07787,57.21958,59.72637,60.86375,54.35392,60.51788,58.65025,51.78300,54.48154,56.64617,55.63171,57.14821,57.26850,58.76671,56.23254,55.16475,55.91004,55.31483,58.50546,54.75575,59.72588,55.61550,58.18921,57.01775,59.64587,61.20587,61.24425
1155,72.78612,86.64938,86.36967,75.08887,84.27321,83.46983,72.10808,81.98687,80.70275,73.07821,72.50821,75.76292,73.16492,77.43300,76.42687,77.40904,74.69104,73.87208,75.32900,73.54296,78.45929,73.10354,80.38058,77.77912,79.25262,78.67329,82.70667,84.99342,86.56346
1156,61.86979,59.75254,55.98925,59.35596,55.92917,59.59967,58.97967,59.08396,55.52900,63.07075,58.17071,62.43375,60.28950,55.81500,57.11058,59.09587,57.22983,56.18229,55.61525,57.71954,57.52300,57.22354,58.26567,52.19075,55.97125,54.00071,56.55708,60.70804,64.29733
1157,28.82338,58.82667,58.88729,34.20254,54.70204,51.51487,29.79254,48.35850,47.64108,29.00300,31.20033,33.05696,30.14163,41.48396,38.59400,38.69558,35.42567,35.00288,37.91721,33.20433,42.05050,32.96425,45.30900,44.57958,44.64200,44.85867,51.14304,54.79921,58.20583
1158,50.56012,39.39867,36.35429,42.46525,35.47363,37.92817,45.67562,37.33663,35.37408,53.92017,44.10600,47.78729,46.27142,37.26229,38.83392,39.83133,40.27129,39.99242,38.32846,42.27467,37.90458,42.17829,37.28583,34.67467,36.30754,35.30362,35.76608,39.40346,44.53429
1159,103.44263,98.50363,98.11738,101.95521,98.76004,99.98287,101.83946,100.40588,99.71333,104.20404,101.45204,103.71817,102.51371,100.20754,100.81029,101.54321,101.02737,100.61950,100.32304,101.24987,100.67196,101.03737,100.57492,99.32213,100.06733,99.59083,99.38042,99.61771,99.44133
1160,43.26354,60.26000,59.91158,48.09183,57.83379,56.27746,46.12371,54.77796,54.72900,41.40867,47.05375,45.32325,45.75462,52.15271,50.69746,50.29038,49.30750,49.40879,50.76329,48.12529,52.08946,48.16783,53.43125,53.78796,53.41613,53.74088,56.21892,57.94000,60.24871
1161,47.38683,46.49229,44.77254,46.09588,44.89742,46.85958,45.67750,46.65096,44.83367,48.27625,45.31392,48.11792,46.42767,44.66262,45.13342,46.17925,45.02117,44.46421,44.34646,45.17221,45.52754,44.90254,46.08850,43.26179,44.92575,43.99992,45.24679,47.37529,49.21571
1162,111.52454,120.22575,120.67575,113.87296,119.72121,118.40529,112.67546,117.75567,118.21887,111.10921,113.27629,112.72962,112.46262,116.61262,115.59183,115.19008,114.72258,114.84762,115.74767,113.96412,116.40612,114.01200,117.12471,118.08579,117.39038,117.82304,118.82283,119.01708,119.50012
1163,64.26192,56.17479,56.36446,60.61017,56.03008,56.62308,61.60100,56.78700,56.25167,65.38813,60.65587,63.74279,62.54196,57.24571,58.24683,59.14454,58.96650,58.50562,57.72308,59.85021,57.67796,59.60300,57.13188,56.24783,56.75471,56.33629,56.17296,56.46104,56.50125
1164,82.79517,86.77567,82.87675,83.81004,83.07029,86.94779,81.83837,86.40825,82.60183,82.43283,81.55775,84.92200,83.16567,81.93142,82.76313,84.81204,82.16629,80.96808,81.07900,81.84550,83.83833,81.26471,85.21221,78.48754,82.67096,80.59683,83.75708,88.06358,91.52354
1165,84.54150,73.46517,73.58696,78.78012,74.29588,75.99067,79.42779,76.66617,75.46854,88.16325,78.44558,84.17029,80.66787,75.76917,76.54371,77.80404,76.84158,76.16375,75.64096,77.67708,76.63267,77.33558,76.76771,74.41308,75.82004,74.99487,75.12092,75.25800,74.25525
1166,135.37733,98.84867,95.94196,131.37983,103.55358,112.30862,133.91217,116.99542,114.62942,134.33962,132.24704,132.83954,134.79408,121.49817,125.62013,127.42933,128.63029,127.92763,124.82517,130.53454,122.54658,130.22362,119.93021,115.06617,118.51312,116.47708,109.92621,107.86096,104.93904
1167,133.01325,122.26983,122.29079,130.94033,124.29521,125.59638,132.15117,126.93271,127.40021,133.68171,131.80742,131.85896,132.04733,129.17246,129.85150,129.71579,130.71029,130.89500,130.15142,131.28729,128.86233,131.38167,127.91471,128.81188,128.30021,128.43871,125.78004,124.24400,123.14179
1168,124.04204,99.49458,97.09204,120.26633,102.17646,107.68546,122.68879,110.71642,109.72787,124.29392,121.66854,121.79962,122.81567,114.40163,116.82038,117.44304,118.95125,118.89950,116.80183,120.38054,114.59671,120.38737,112.69700,111.05412,112.27892,111.39679,106.35987,104.94529,104.12462
1169,114.80679,76.78550,76.27521,104.53758,80.80767,85.51117,109.85621,88.88158,88.55871,117.54608,107.67463,109.98871,110.25971,95.01108,98.42400,99.16708,101.92554,101.97675,98.58029,104.94083,94.93138,105.00367,91.75296,91.37800,91.80992,91.12854,84.83437,82.16125,79.31054
1170,140.56850,136.06812,139.12625,139.92233,138.99150,136.94087,140.93354,137.51663,139.48329,140.43583,140.90046,139.65158,140.51533,140.08146,139.92000,139.13904,140.37167,140.82983,140.62454,140.65000,139.21496,140.86346,138.33725,141.63583,139.58254,140.56954,138.73004,135.86246,132.50600
1171,151.79400,156.19292,156.22913,153.13542,155.64633,155.18421,152.55163,154.82846,154.88858,151.25708,152.79825,152.43842,152.49788,154.20346,153.81304,153.71688,153.43958,153.45271,153.82983,153.10333,154.16738,153.10358,154.49683,154.74679,154.53737,154.66792,155.22188,155.56379,156.08525
1172,156.54542,160.20513,160.32762,157.85704,159.86246,159.42738,157.39275,159.17508,159.32183,155.90417,157.61879,157.08275,157.30267,158.79712,158.45875,158.32629,158.16746,158.21125,158.52196,157.88000,158.71138,157.89608,158.93954,159.34396,159.04342,159.20967,159.52850,159.68796,160.03662
1173,156.60529,160.31500,160.68217,157.30196,159.86742,159.03475,157.01038,158.63192,158.91779,156.38892,157.17613,156.96525,156.94000,158.26408,157.85733,157.68471,157.56542,157.62896,157.94404,157.36071,158.13442,157.38508,158.36254,158.99433,158.54617,158.79296,159.28021,159.41867,159.77025
1174,103.61487,127.40729,130.85042,111.31183,127.99958,122.59529,108.57058,121.06133,123.95092,101.08583,110.41379,106.20850,107.38950,119.74012,116.58917,114.67242,114.38079,115.16954,117.66612,112.30175,118.41404,112.64883,119.83050,125.21417,121.60813,123.65492,125.17029,123.69321,122.71900
1175,57.21121,30.66683,30.32071,50.45763,33.08529,36.13171,54.70413,38.56121,38.59383,57.90096,52.99071,53.49617,54.93400,43.33963,45.83500,46.28400,48.47558,48.54625,45.98829,50.84275,43.23237,50.90233,40.80517,40.59454,40.96292,40.52087,35.92275,33.70333,31.79658
1176,124.27829,152.50188,153.00350,133.99642,150.27008,147.52283,129.47600,145.53179,145.84163,120.39821,131.20050,129.00867,129.31858,141.14838,138.59358,138.18371,135.91987,135.81113,138.46650,133.44650,141.13750,133.34742,143.46450,144.51567,143.52900,144.19908,147.84254,149.56429,151.75433
1177,68.84417,115.52050,116.17342,81.61221,109.98179,104.09746,76.08783,99.84933,100.69079,64.42317,78.68492,74.55308,75.17612,93.26675,88.99133,87.63308,85.07879,85.41296,89.33175,81.72504,92.79667,81.84508,96.30725,98.84400,96.81292,98.19779,104.89567,108.51608,113.56388
1178,110.73529,167.70625,168.22617,132.14192,164.40046,159.69429,122.65537,156.25667,156.86867,102.75087,126.64933,120.45008,121.72537,147.78050,142.49575,141.11200,137.02358,137.11400,142.59587,131.59008,147.56992,131.55208,152.28021,154.02388,152.45012,153.74550,160.37771,163.16488,166.41500
1179,143.30246,172.89413,173.03271,150.37050,170.83304,168.93025,144.06117,166.74963,165.56996,143.55192,145.77292,149.07058,145.00417,158.55421,155.42467,156.05846,151.47400,150.57062,154.15167,148.48000,159.70625,147.97671,163.69883,161.15987,162.43088,162.18808,168.42192,171.01117,172.09550
1180,106.79296,106.47225,110.96292,108.56162,111.69071,108.06596,109.23863,109.13779,113.34104,106.22087,110.08612,106.01017,107.77721,112.85767,111.14462,108.82404,110.93679,112.19321,112.92296,110.49296,110.79246,111.08500,110.06729,117.61833,112.81783,115.25729,111.49704,106.33121,101.90954
1181,83.90604,76.20021,80.31329,83.53546,80.61792,78.00108,85.46142,79.28354,82.47004,82.94500,85.43158,82.12550,84.53679,83.80092,83.60004,82.15021,84.45004,85.30925,84.86292,84.96671,82.34000,85.37796,80.82221,85.88167,82.85417,84.39583,80.80279,76.05729,71.38375
1182,107.17842,125.81458,116.76837,111.73217,117.88687,126.03542,103.95525,124.65046,116.25804,107.92829,104.19046,114.86342,107.64121,111.57858,111.88050,116.69800,108.60296,105.45671,107.54229,106.28467,116.27992,104.70104,121.07979,105.48833,115.08733,110.52879,119.19042,128.60596,136.16600
1183,122.86188,124.38408,131.83262,126.20896,131.67633,125.17250,127.85817,126.28054,132.72037,120.96383,129.17021,120.98254,125.16583,132.43996,130.06238,126.28112,130.08492,132.21092,132.99679,129.60950,129.15867,130.64429,127.74313,139.15325,132.00508,135.68700,130.63975,122.94142,115.52508
1184,47.66367,69.78200,72.21225,50.64500,67.41708,62.40613,48.34333,59.78500,60.84867,47.86196,49.23458,50.09637,48.40083,56.25533,53.83125,53.30462,51.73763,51.75838,53.83271,50.41992,56.03158,50.38737,57.90821,59.89450,58.38346,59.34608,63.68062,64.74313,65.36600
1185,127.61375,118.42767,119.32742,126.15858,121.29333,122.63987,126.14113,124.02896,124.16529,128.17379,125.73542,127.90892,126.83421,124.71246,125.09200,125.62625,125.29283,124.96054,124.77200,125.52471,124.88425,125.33217,124.61254,124.81229,124.59504,124.56312,122.66863,121.07975,118.84392
1186,82.53963,77.25750,70.95871,78.54321,70.73700,76.78517,78.79521,76.02908,70.44404,83.24146,77.19863,82.81662,80.81596,71.69567,74.17846,77.33296,74.86313,73.24142,71.87767,76.08208,74.33004,75.31729,75.02742,65.53129,71.49471,68.36217,71.87975,78.60475,85.04963
1187,104.43092,139.32046,136.77292,113.50025,131.74975,130.01929,108.94371,126.24550,124.20229,100.43058,110.23979,109.46738,109.33517,119.10483,117.07958,117.66950,114.36679,113.75479,116.17313,112.20075,120.03142,111.87058,123.00896,120.55229,121.71333,121.29883,128.22800,134.44617,141.77987
1188,167.90354,173.22658,170.21667,172.41492,172.76992,176.90279,168.47779,177.69929,175.04883,166.71217,168.97604,171.71288,169.77771,173.36937,173.26296,174.90613,171.74913,170.57246,171.71883,170.29679,174.99967,169.68713,176.81200,171.50517,174.79929,173.28696,174.66250,176.44808,177.69196
1189,151.39017,161.88950,160.78633,154.64075,160.85683,162.30300,150.49504,161.94233,159.74463,151.55525,150.96363,155.26625,152.04262,156.57142,155.86679,157.51146,153.85608,152.59258,154.19179,152.33733,158.23700,151.67312,160.52712,155.59375,158.62521,157.34292,160.87500,162.66071,162.68229
1190,122.78892,107.74775,109.69729,119.02913,111.80783,112.21504,121.29321,114.08967,115.61629,124.17600,120.72808,120.57088,120.99367,117.39812,117.80917,117.23767,118.83300,119.25896,118.42471,119.82571,116.68229,120.03629,115.47304,117.85396,116.47433,117.12429,113.39217,110.02800,106.77125
1191,179.88483,137.33867,133.09821,168.97871,138.85604,147.87212,174.41192,151.51917,148.21700,181.89717,171.57012,175.33921,175.55812,155.94929,160.78912,163.00054,164.80071,164.14967,159.93133,168.35042,157.11862,168.09412,154.12354,148.87200,152.38458,150.05675,144.41887,144.87921,145.29071
1192,120.33017,123.46183,122.58037,119.13808,121.96263,123.02467,117.86696,122.49171,120.73833,121.90846,117.61183,122.01767,118.98558,119.03113,118.83096,120.04658,117.97113,117.20233,117.74908,117.77733,120.12013,117.38400,121.45137,118.30392,120.13058,119.23375,121.71712,123.65063,124.48554
1193,203.02483,189.52925,191.26187,200.80683,193.73554,195.15029,201.73117,197.00708,197.25058,203.95750,201.33737,202.10817,201.84067,198.85133,199.58883,199.74200,200.31592,200.31304,199.62771,200.85246,198.81108,200.85692,198.06279,198.06579,198.14983,198.03404,195.50779,192.85171,188.02850
1194,214.49525,222.29371,222.38271,218.20379,221.63471,220.87862,217.29829,220.46387,220.81604,212.11771,217.79121,215.47071,216.98321,220.00808,219.42742,219.09208,218.93100,219.05088,219.60300,218.33496,219.80254,218.38583,220.12617,220.88238,220.37642,220.69888,221.11371,221.33987,222.10379
1195,219.20658,222.24933,222.42404,221.15475,222.11900,221.79817,220.87537,221.71196,221.99896,217.63679,221.07438,219.64267,220.68854,221.81842,221.60446,221.42008,221.48208,221.57700,221.75421,221.26938,221.63496,221.31246,221.64729,222.38446,221.87521,222.11579,221.95529,221.90304,222.17908
1196,218.41237,216.63792,216.48000,217.20312,215.91362,215.88375,218.10304,215.71692,215.72825,218.38975,217.78104,217.78558,218.09213,216.21462,216.47333,216.49150,216.87325,216.94062,216.56079,217.34800,216.10962,217.38642,215.78800,216.20821,215.90104,215.97200,215.75287,216.15963,217.03983
1197,182.47496,190.40567,186.87283,184.24979,187.71354,191.75333,180.48283,191.24975,187.29037,183.33321,180.61771,186.39067,182.27442,184.66908,184.51942,186.80371,182.77725,181.30233,182.48671,181.64138,186.81617,180.89529,189.31875,182.65087,186.56021,184.59642,188.40804,192.75904,195.64283
1198,78.55271,115.10092,110.70042,85.36329,105.43696,105.24946,79.76296,100.91529,96.98983,76.95929,80.72600,84.65775,81.27242,90.47237,88.41150,90.23142,84.98608,83.59704,86.41108,82.74492,92.50621,82.02346,96.68458,91.01458,94.04317,92.67596,101.86200,110.55892,120.07000
1199,215.81992,195.45437,198.18817,212.31675,201.50233,201.84075,215.33062,204.54517,207.19004,216.43075,214.82921,212.86921,214.54629,210.29908,210.95321,209.80462,212.60508,213.44150,212.19804,213.77396,208.89625,214.18746,206.74425,211.54225,208.60508,209.86383,203.76887,198.67279,193.73388
1200,104.32846,73.78475,77.25567,95.02254,80.47454,80.68850,99.93075,83.69138,86.65733,107.78204,98.46767,100.22979,99.73579,90.50175,91.64088,90.82317,94.02496,94.79133,92.82404,96.35204,89.03371,96.71933,86.30908,92.05175,88.38242,89.78442,82.79537,77.19867,72.27958
1201,193.41446,165.34796,161.96358,183.21629,164.16121,169.59413,188.15838,171.03425,168.80525,196.08450,185.81713,189.27225,188.93087,173.88837,177.06842,178.44567,180.04396,179.75058,176.65733,183.06725,174.44475,182.96613,172.32442,169.94438,171.39917,170.14329,166.89400,168.93725,172.31725
1202,185.52612,209.65221,208.89692,194.80579,209.38108,209.47775,188.30079,208.85996,208.06050,183.59875,190.10771,191.81913,189.17587,202.36683,199.64088,200.20488,196.06154,195.22017,198.56217,192.93967,203.29450,192.45092,206.67337,204.90271,205.70446,205.59287,208.94388,210.08713,210.70912
1203,208.60917,201.11171,197.13100,206.00521,199.00271,204.01821,205.94158,204.56546,201.37188,209.53646,205.07258,208.97221,207.18517,202.25867,203.59446,205.43571,203.91442,202.97233,202.28912,204.51871,203.71342,204.06642,204.16450,199.17317,202.19862,200.50192,200.92842,204.14946,207.45346
1204,137.79279,139.92179,133.66213,135.40246,135.36092,142.56433,131.98937,142.12604,135.70067,141.22654,131.31300,141.66421,134.79746,133.17717,133.80604,137.49700,132.16392,129.98000,130.71208,131.70846,136.51962,130.63096,139.66587,128.84537,135.30163,131.99283,137.01971,143.95400,149.28804
1205,226.67867,238.75029,236.58875,229.36671,236.75725,238.21946,225.99483,237.53667,235.60133,227.33362,226.60333,229.88808,226.92513,232.33254,231.19375,232.21504,229.21250,228.39688,230.02492,227.84087,233.53937,227.41667,235.87313,232.21725,234.36529,233.48413,236.67592,239.16150,241.10429
1206,221.20858,208.17092,197.09979,213.09558,198.92600,209.18667,214.93312,208.75921,201.03337,224.41108,212.84625,220.17146,216.79258,203.93538,207.34250,210.91646,208.82333,207.27771,204.94246,210.92513,206.97487,210.25658,207.59021,195.61421,203.07296,198.99725,201.84875,211.46271,222.06154
1207,241.96821,252.68800,250.98058,244.04212,249.81842,250.56012,241.50900,249.54421,247.46104,241.79858,241.68583,243.99521,242.52562,245.05196,244.67846,245.94717,243.29379,242.33971,243.32825,242.44725,246.48321,241.96738,248.26071,243.36654,246.55788,245.30504,249.21325,251.72354,253.23942
1208,245.92833,232.22746,229.09963,240.49392,229.59325,233.34371,242.81108,233.76738,231.25254,246.76071,241.20912,243.69958,243.80008,233.93829,236.25129,237.88550,237.82650,237.10479,235.24033,239.59650,235.11404,239.27533,234.27896,229.66054,232.74821,231.10746,231.03833,233.45975,236.05546
1209,201.20458,154.06004,155.15913,183.17871,157.81187,161.63858,189.88742,164.70175,163.76183,207.89417,186.17433,195.18392,191.97458,169.80658,173.96271,176.19850,177.79450,176.95179,172.94333,182.17875,170.72896,181.78212,167.64242,164.86912,166.87542,165.46138,161.01921,158.24417,153.65887
1210,234.24833,225.73571,224.86050,232.66837,225.86262,227.47067,234.35392,228.24592,228.23346,233.51233,233.77471,233.01696,234.26542,230.16525,231.04067,231.08225,232.10304,232.25204,231.28104,232.98021,229.91450,233.06208,228.92012,229.72125,229.16542,229.22500,226.99012,226.97237,228.00342
1211,212.57033,211.98646,211.22846,220.27979,216.60192,220.40858,216.04492,223.15317,223.05087,209.07679,217.04771,216.68321,216.81692,222.43046,222.02579,222.63621,220.76700,220.09462,221.39938,218.82567,222.89396,218.42004,223.61121,222.97179,223.27858,223.12092,219.99662,217.64717,215.14988
1212,197.49025,197.55075,195.66046,197.91292,194.36283,195.59183,199.15504,194.98671,193.83754,194.63396,198.52179,196.84637,199.23696,195.11617,196.11525,196.68688,196.95617,196.81017,195.90629,197.77617,195.37975,197.72800,194.86542,193.86683,194.40446,193.93725,194.22946,196.71483,200.25392
1213,96.44862,162.75667,176.01112,124.93854,171.48683,156.55663,114.86221,154.50633,163.67367,85.88096,121.08642,106.13067,111.17829,151.39958,141.91429,136.10671,134.88196,137.14138,145.07558,127.65775,147.53771,128.63575,151.83229,167.14933,157.10571,163.05667,165.32529,156.39638,144.98508
1214,234.52317,247.18813,242.30800,239.60638,242.55121,246.97971,235.08608,246.18742,241.54867,232.32188,235.23600,239.11246,237.09492,239.19583,239.56825,242.31858,237.83850,236.01571,237.10246,236.47279,241.84883,235.55229,244.33321,235.43908,241.00246,238.42038,243.21896,248.43454,252.59596
1215,229.70092,213.43088,223.39462,228.60425,224.22196,217.82433,232.01742,220.58492,228.03833,228.45646,232.03150,226.59671,230.42692,230.01992,229.10796,226.05371,230.49992,232.20783,231.73804,231.30683,226.77583,232.08838,223.74371,235.98092,228.43496,232.17633,224.30704,213.48804,202.74067
1216,200.55104,185.07804,189.45750,196.32996,190.00429,187.57104,199.73483,189.11521,192.68117,201.24404,199.04183,197.90871,199.13146,194.80737,194.95917,193.60908,196.45546,197.36800,196.35117,197.81112,193.09242,198.23354,190.97829,197.53937,193.39425,195.25583,190.38725,185.44388,181.23704
1217,110.82563,198.76454,197.50000,130.41596,186.55067,177.56725,119.84688,168.98346,168.66596,107.04825,124.51375,121.60100,118.64483,153.00758,144.40458,142.53925,136.26075,136.54183,144.37671,130.09075,152.88308,130.17058,160.97192,163.34546,160.77925,162.70804,177.17325,186.96483,199.45258
1218,239.14929,258.20246,254.89779,246.41212,256.34642,259.86658,239.24288,259.62625,255.99796,238.48508,240.35679,245.55429,241.39242,250.72133,249.28087,251.63858,245.75396,243.82958,246.70317,242.92192,253.33204,241.91046,257.26758,249.19546,254.21883,252.18896,257.19708,260.40071,262.06971
1219,99.34767,82.82529,87.68508,94.81117,88.92708,86.34675,98.79492,88.26267,92.36383,100.34250,98.26117,95.80033,97.60750,94.33350,94.06396,92.18067,95.50121,96.75546,95.82129,96.94613,92.27938,97.56567,90.22500,97.66829,93.00058,95.18379,89.61754,83.72967,78.24038
1220,204.22096,233.15075,233.92692,216.65379,232.88117,231.76808,208.81758,230.88971,229.83362,199.58333,210.54483,211.63679,210.39996,223.53912,221.13967,222.46300,217.21104,215.71300,219.27483,213.71658,225.20458,212.87896,228.80775,224.59250,227.23217,226.51396,231.71654,232.24242,230.08596
1221,222.69967,193.49904,179.59262,217.96517,185.12158,200.90579,220.81871,202.99908,193.44529,219.50854,217.80142,220.45375,223.07958,201.57429,208.31292,213.19625,212.01313,209.84179,205.25521,215.05108,205.49104,214.09150,203.94858,187.50979,198.31633,192.56979,191.80946,201.04112,211.13192
1222,264.02129,260.03100,256.35025,264.35575,257.96171,262.34621,264.06808,262.93950,260.44771,262.65875,263.52050,264.64296,264.87992,261.45921,262.61575,263.98554,262.92396,262.20954,261.65375,263.23667,262.55083,262.89162,262.75821,258.81942,261.26492,259.93575,259.79604,262.43754,265.66517
1223,238.10458,237.89604,235.06225,239.97862,238.83821,244.15192,236.25979,245.65354,242.73217,238.98137,236.44592,241.94083,237.99083,240.65529,240.39271,242.39042,238.70429,237.33313,238.56458,237.51758,242.50754,236.80858,244.68938,239.12588,242.44837,240.84575,241.57171,242.99104,243.54871
1224,283.17129,264.91087,266.88396,280.55458,270.59963,271.13446,282.92692,273.93083,276.78213,283.65242,282.62383,280.90108,282.23471,279.41208,279.73329,278.53071,281.04271,281.84446,280.96400,281.87488,277.97612,282.25454,276.05975,281.18171,278.01725,279.42046,273.09179,268.00933,264.07100
1225,153.32154,149.10663,139.13133,147.06375,139.02942,148.38612,146.94304,146.85092,138.69200,155.70121,144.87467,155.14096,149.91833,139.14408,141.73067,146.13325,142.06271,139.86279,138.59521,143.52613,142.63042,142.47375,144.39483,132.90483,139.56113,135.65817,140.48971,151.90187,164.21608
1226,250.36921,232.99362,219.25108,246.19742,225.25762,241.20021,244.14450,243.01433,232.09175,251.71808,241.97021,252.23233,248.02212,234.80179,239.44050,245.57542,240.00417,236.63633,234.71537,241.03075,240.28954,239.43200,242.10917,221.51292,234.82921,228.24308,231.64487,241.32433,250.28158
1227,225.48554,231.09979,233.28400,229.47037,232.93033,230.72558,229.65337,231.01096,233.62400,222.30387,230.28058,225.74883,228.62137,232.82142,231.43604,229.94604,231.07392,231.87417,232.57900,230.65854,231.43858,231.03096,231.21167,236.54142,233.03662,234.77875,232.54300,230.30833,229.55354
1228,235.85187,230.84662,227.08021,234.26646,230.32642,236.70554,230.82629,237.92546,233.71379,238.28783,230.19300,239.68525,233.68483,231.99179,232.60217,235.83467,231.25492,229.22062,229.93825,230.69258,234.63137,229.64496,236.80154,229.20763,233.68725,231.33104,233.01533,235.98908,237.54779
1229,215.37475,216.73225,213.08946,210.59425,210.82113,214.40625,209.30650,212.78313,207.80400,217.79996,207.74142,217.57692,212.32217,205.96383,207.09637,210.67742,206.41771,204.32825,204.25508,207.09975,208.81188,206.04808,210.77450,202.43892,207.34575,204.73008,210.24625,216.73754,221.77071
1230,255.39217,247.89071,239.45292,251.84492,242.58163,251.92038,250.26587,252.52217,245.94196,257.57004,248.98967,257.18904,252.85017,246.24437,248.30333,252.03337,248.06379,245.99225,245.38746,248.54308,249.51479,247.54229,251.27842,239.74933,246.95442,243.29158,245.92542,252.63137,259.46692
1231,288.03658,274.73213,278.50425,287.32058,283.06133,283.49717,285.51204,286.87692,289.03608,289.95429,285.60404,288.76929,286.57883,288.30871,287.74887,287.98471,286.96850,286.43654,287.30975,286.25383,288.36279,285.91100,288.42142,289.58387,289.07208,289.59950,285.77046,279.17075,270.71354
1232,248.21342,250.51967,244.89196,249.60954,246.00287,252.06563,246.42321,252.00313,247.10396,247.04554,245.69508,251.70029,249.07038,246.11267,247.39108,250.74604,246.49458,244.40863,244.66129,246.07237,248.92083,245.01042,250.69404,241.85971,247.28946,244.55058,247.69083,253.06417,258.40942
1233,247.16413,249.75692,245.25967,244.68467,244.72554,249.52362,242.97075,248.41317,243.28725,249.13979,242.14062,249.57442,245.05737,241.81692,242.65896,245.56917,241.86367,240.25913,240.36767,242.00100,244.30721,241.22092,246.37754,238.29283,243.05379,240.51929,245.07829,251.40429,256.00908
1234,152.61883,191.21804,194.22171,160.52158,188.29717,181.14458,156.39146,177.52533,180.11321,150.99567,158.39058,157.32479,155.85838,172.12200,167.22804,165.61733,163.38062,163.84908,167.83104,160.75625,171.05021,160.91046,174.32700,180.40446,175.90442,178.36429,183.19100,184.70188,188.13908
1235,112.60396,121.04150,129.63275,103.94167,124.10883,114.10892,104.61267,111.96596,117.27592,121.42967,104.65304,112.06137,104.91704,110.98996,106.84542,105.06617,104.70396,105.36671,107.79117,104.65879,109.22142,104.89029,110.68458,120.28571,113.69700,117.09725,119.01208,115.09425,110.58225
1236,224.01475,231.76171,219.53025,223.16717,220.85171,233.11775,217.10783,231.69187,219.71021,226.14687,215.76633,229.99329,222.01992,216.81571,219.28025,226.17737,217.11229,212.96558,213.47121,216.39596,223.23617,214.36487,227.96433,205.74046,219.68508,212.94275,223.27158,236.22600,245.84367
1237,292.94050,292.36929,292.45463,296.84604,295.94742,298.17738,293.95754,300.10783,300.31763,291.80296,294.55733,295.99638,294.69992,299.00538,298.22871,298.67025,297.00900,296.50871,297.72775,295.72587,299.31071,295.41929,300.20800,300.27925,300.07462,300.17863,298.13833,296.17854,294.25487
1238,163.02479,187.92942,190.90671,172.50179,189.26929,184.49292,169.62379,183.49537,187.04025,159.10412,171.65942,166.55404,168.26179,182.35608,178.53313,176.20971,176.00704,177.01704,179.93467,173.72779,180.60292,174.16096,182.21587,189.45429,184.52721,187.17837,187.16392,185.23775,184.87071
1239,295.91533,302.72654,303.71179,297.69067,303.34996,302.89096,295.42454,302.83446,302.64596,296.09758,295.73867,298.39008,296.26138,299.99900,298.91721,299.49996,297.45146,296.88329,298.18479,296.54963,300.58779,296.22929,302.05271,300.98921,301.55617,301.44037,303.03029,302.72371,301.65446
1240,294.56863,239.63996,236.35962,280.22846,242.69992,251.38596,288.17462,256.01554,254.26421,296.72287,284.50642,287.46550,289.22633,264.24538,269.98704,271.85683,275.40379,275.02938,269.63167,280.17692,264.73750,280.05038,260.04525,257.33642,259.38567,257.70283,248.96354,247.39446,246.97892
1241,205.32358,206.15708,200.50779,205.81846,203.74433,211.14138,200.82379,212.00550,206.37413,207.24296,200.42837,210.12571,204.06142,203.89863,204.60946,208.46975,202.64179,200.10779,201.21542,201.47646,207.43796,200.18375,210.43438,199.00825,206.17208,202.80204,206.57625,210.91671,213.57904
1242,275.96125,265.25792,254.65308,271.84575,260.46021,272.55129,268.19563,274.22833,266.35313,280.01067,266.91408,278.97892,271.96017,265.92596,268.16179,273.08038,267.15821,264.20038,264.10829,267.02375,270.34062,265.56017,272.99046,257.75192,267.44104,262.73825,265.58658,272.30500,278.81225
1243,276.81125,275.75046,272.79137,279.79983,278.68287,284.55442,274.77396,287.13642,284.82138,278.26971,275.42279,281.50333,276.60517,282.13175,281.33637,283.19313,279.03050,277.60283,279.47754,277.13800,283.96842,276.38008,286.51067,281.10446,284.41958,282.96579,282.56792,282.14400,280.92667
1244,281.15150,264.41979,260.12267,280.76992,266.66229,275.37175,279.07867,278.62467,275.01038,281.28458,278.43813,283.17212,280.84088,276.63758,278.36125,280.80975,278.46642,277.08267,276.57713,278.45312,278.56467,277.76313,279.09021,272.58837,276.62958,274.42504,271.85488,272.67867,272.79042
1245,184.39200,193.32517,194.94621,183.22629,191.96508,188.34117,184.05008,187.02325,189.09746,185.31879,184.16925,183.87262,183.57104,186.63017,184.77108,183.65625,183.98221,184.54171,185.46963,184.07229,185.65896,184.32992,186.25646,190.50571,187.64100,189.18379,189.85329,189.66767,191.42475
1246,275.34729,264.88888,264.18567,273.45663,266.41217,269.21483,274.53138,270.71121,270.40521,275.34988,273.93146,274.91213,274.83954,271.52600,272.03158,272.41362,272.58196,272.47388,271.92192,273.28742,271.56454,273.23192,271.19008,271.43704,271.13946,271.08596,268.41013,267.99775,268.36871
1247,173.47458,231.29492,239.05850,192.80167,233.54746,220.49404,187.32967,217.27846,225.64433,167.02733,192.25133,178.86846,183.15567,215.57558,207.05325,200.98342,201.75913,204.60021,210.79467,196.77588,211.26279,198.10246,214.49496,230.78446,219.95687,225.94925,227.37208,222.85925,220.82842
1248,236.46204,233.59317,234.08779,233.21617,232.51717,232.86146,233.56908,232.45467,231.36254,237.32429,232.51146,236.66733,234.97929,230.65096,231.08871,232.47867,231.05058,230.20238,230.00250,231.80896,231.56992,231.36417,231.99863,229.98054,231.12404,230.50117,232.02242,233.31104,233.76896
1249,237.19050,205.07683,204.45733,226.69042,207.82704,212.27708,231.26712,215.00942,214.27213,240.46592,228.98708,233.21704,232.23879,218.53088,221.06542,222.24071,223.57788,223.24187,220.65879,226.40812,218.89567,226.26279,216.92071,215.73733,216.56646,215.82742,211.20713,209.72550,208.44879
1250,281.18633,279.71408,271.12250,272.89900,269.16254,276.81225,272.04712,274.62204,266.10313,285.34879,269.61925,282.50308,275.95104,264.79821,267.21137,272.44654,266.82542,263.89396,263.06467,268.27329,269.23417,266.85225,271.85033,257.26296,266.20992,261.63000,269.46863,280.53079,290.51808
1251,317.17983,320.61479,319.81588,317.34250,319.16204,319.59488,316.86696,319.23750,318.49783,317.04158,316.74363,317.69933,317.27171,317.52429,317.31792,317.80367,316.85192,316.51579,316.82188,316.79179,318.02213,316.62329,318.71421,317.10375,318.13175,317.74404,319.00158,320.10696,321.31025
1252,319.80646,321.68100,321.83375,319.96900,321.29025,320.74925,320.36075,320.57708,321.14937,319.37479,320.38054,319.65342,320.13058,320.75004,320.30654,319.95713,320.21050,320.42421,320.58433,320.29775,320.39646,320.40058,320.44108,321.90200,320.89392,321.37679,321.01279,321.02400,321.85212
1253,324.11275,301.53817,300.18662,317.97500,303.49650,307.47329,320.87467,309.73125,309.05079,325.79808,319.50196,321.46421,321.33700,312.43404,314.32850,315.07096,316.12525,315.95117,314.11725,317.89396,312.68425,317.83258,311.22792,310.05021,310.90850,310.27317,306.49617,305.44654,304.79800
1254,286.50408,268.96921,266.02812,285.72846,273.01733,280.63017,284.36363,284.43650,282.40650,287.38675,283.95850,288.08275,285.70004,283.46350,284.33412,285.94504,284.18183,283.22008,283.12417,284.06492,284.69150,283.57012,285.18846,281.33646,283.70471,282.40629,278.37929,277.17929,276.04233
1255,299.10921,262.37542,257.66104,298.86642,270.22858,283.33112,298.81296,290.27663,287.26196,298.01912,298.12313,299.59087,299.67171,292.66617,295.54754,297.36504,297.11167,296.32342,294.58942,297.65079,293.91396,297.28550,292.80604,287.48371,290.95412,288.86508,279.84246,276.91317,273.67796
1256,336.24129,307.63250,313.27662,335.21279,320.32979,321.70950,336.41729,327.07779,330.92671,336.22883,336.35696,334.90858,336.02704,334.10808,334.55813,333.49125,335.76942,336.36392,335.68287,336.08496,332.63108,336.33654,330.37042,336.16071,332.64225,334.22929,324.85604,315.28696,304.98912
1257,305.61604,301.16300,301.27417,299.44583,298.42358,297.17358,301.41133,296.14012,296.17442,307.57404,299.96133,303.92113,302.62400,296.06400,296.61413,297.49762,297.19617,296.67312,295.99792,298.63708,296.41450,298.34667,296.05808,296.11654,296.00779,295.99279,297.07775,298.42946,300.91529
1258,313.35850,315.72979,317.91121,315.29471,317.88375,316.12508,315.92800,316.45921,318.49092,311.90379,316.42329,312.77633,314.83917,318.00558,316.90646,315.55108,316.73004,317.51404,317.94025,316.56888,316.84958,316.96054,316.65354,320.71992,318.08942,319.42975,317.64608,315.57067,313.93229
1259,259.55575,232.33175,223.70896,243.45671,225.03213,234.78129,246.81746,234.98142,227.54458,266.70942,243.18117,257.08250,250.37979,230.46450,234.54567,239.36671,236.51329,234.17938,231.22663,239.99271,234.09329,238.89308,234.37025,222.06500,229.67063,225.42342,227.94637,236.10029,244.66146
1260,168.93417,220.58617,220.07708,183.65325,217.00192,214.26813,172.90875,211.06821,210.12533,166.91342,176.06892,179.79871,174.17058,198.48838,192.77779,193.31692,186.12167,184.93871,191.19592,180.84504,199.70479,180.14067,206.11275,204.99533,204.89162,205.38154,213.56321,217.69588,221.89775
1261,285.68088,309.48758,310.13154,291.36671,307.69887,305.44063,287.26438,303.59358,303.55462,284.81179,288.46629,290.47758,287.81325,298.04404,295.25025,295.33504,292.33412,291.94563,294.71662,290.30083,298.35521,290.04788,301.20900,301.79025,300.95992,301.50817,305.44667,307.30529,309.09779
1262,272.80000,255.70425,258.12112,270.25992,263.32146,265.37925,269.29183,268.90829,270.87475,275.08800,268.97671,274.45658,270.63988,270.42800,269.81788,270.25483,269.32542,268.88225,269.54650,269.14046,270.16350,268.82800,270.11421,273.65429,271.04967,272.05275,266.55254,261.53150,257.42575
1263,306.50012,269.51100,264.63738,302.88492,274.94404,286.39833,303.51950,292.42463,289.62258,306.83629,302.08783,305.58308,305.15608,294.78862,298.08408,300.45213,299.87187,298.63521,296.58871,301.03850,296.43346,300.43450,295.08950,288.85983,293.11400,290.82283,283.31904,280.98829,279.48962
1264,68.78796,56.24404,57.55221,60.06567,57.32458,57.02842,61.63304,57.52100,57.85758,74.27829,60.35487,67.53658,62.98821,57.51950,57.72542,58.55925,57.99046,57.49492,57.11321,59.22058,57.87954,58.94367,57.83404,57.88946,57.77579,57.77262,57.42983,56.33454,55.33667
1265,261.53971,265.46821,265.38296,262.12129,264.66358,265.46308,260.48792,265.04458,263.65383,261.27292,260.20313,264.16283,261.84008,261.89621,261.67183,263.00954,260.78163,259.90929,260.56183,260.47383,262.87954,260.00221,264.07042,261.89208,263.00129,262.37938,264.34971,265.89679,265.96471
1266,257.85708,247.17521,248.96229,260.59592,252.52429,254.20021,259.48925,257.15283,258.60762,255.01062,259.29708,259.75454,260.43458,259.45771,259.78850,260.27100,259.85513,259.37896,259.48621,259.56642,259.41050,259.25429,258.72046,260.22154,259.30913,259.72142,255.27833,250.91396,247.05004
1267,275.72179,286.12337,287.19983,285.57875,290.03292,292.07188,278.04333,294.05117,292.67604,272.18071,279.10208,282.42858,280.46983,288.70621,287.82937,290.08900,284.77642,282.72129,285.33800,281.80492,291.01583,280.68479,293.70292,286.95025,291.55550,289.95804,292.03746,289.38454,283.56462
1268,262.10704,254.09571,254.19854,258.91425,254.07325,254.78104,260.13037,255.24829,255.18917,262.11450,259.03767,261.47367,261.14021,255.79329,256.49733,257.37296,257.07725,256.58650,255.95412,258.10033,256.12487,257.83050,255.66558,255.52175,255.55204,255.42650,254.53367,254.41221,254.95062
1269,114.99521,112.30400,108.99729,114.69767,109.41992,113.12175,113.74850,113.41758,110.91575,113.63504,112.78500,117.49958,115.67717,111.00808,112.11062,114.31592,112.09075,110.82921,110.53504,112.45167,112.50992,111.79100,113.04038,108.97846,111.32129,109.93587,110.64921,113.47629,117.90608
1270,236.08058,204.46450,200.06754,227.14046,203.64450,212.17446,231.29075,214.40800,210.32621,237.05354,228.57746,233.55308,232.92421,215.77042,219.71175,222.40783,222.68612,221.67896,218.37704,225.77092,217.27558,225.31887,215.51708,210.29396,213.38112,211.13437,207.76892,210.91858,214.30492
1271,207.33258,216.11921,211.06596,210.48404,212.19421,216.17604,208.46912,215.95483,213.47025,205.67738,208.67829,209.91204,209.12875,211.70000,211.19008,212.25500,209.98121,209.32463,210.21054,209.29446,212.77071,208.96825,214.53963,211.04762,213.01883,212.05354,213.40529,217.38142,223.48021
1272,233.37546,225.87500,219.38283,227.89604,219.30775,225.95363,228.49700,225.38225,219.74808,234.66025,226.56642,233.90538,230.88450,220.66679,223.00492,226.43321,223.63067,221.87996,220.54754,225.16067,223.34525,224.32183,224.21796,215.20846,220.69571,217.69838,220.71892,227.76600,235.32504
1273,267.70138,288.37258,283.87358,271.62862,284.82175,289.20471,264.49104,288.28146,283.31892,270.26717,265.44171,274.08842,266.92104,276.57258,274.62062,277.46575,270.48833,268.35975,271.58371,267.83275,279.71700,266.75187,284.82217,275.09479,280.94467,278.45408,285.34200,290.65842,293.87854
1274,312.39579,302.39583,304.82337,316.18117,310.66100,313.40204,313.65238,317.08246,318.04600,311.61754,314.41129,314.92175,313.97008,318.04567,317.59287,317.62433,316.83621,316.62425,317.49687,315.57092,318.00279,315.41833,318.23187,318.94063,318.49554,318.74371,314.31083,309.06771,301.79792
1275,261.68487,239.62683,243.13150,265.05987,252.96792,256.83317,262.94958,263.21367,266.15913,260.96442,263.71054,263.21379,263.09646,267.10192,266.53013,265.99596,266.01412,266.01525,266.84258,264.81392,266.46308,264.74771,265.93908,268.92542,267.25754,268.24521,259.24042,249.55054,239.29167
1276,262.45150,253.87804,249.32567,263.80579,254.01358,261.56092,262.21363,263.60321,260.10742,261.23021,261.80317,264.88800,263.53671,260.99696,262.17612,264.19954,262.05538,260.95275,260.72267,261.92371,262.58646,261.37712,263.36525,258.07979,261.20008,259.40533,257.90571,260.33150,263.03863
1277,306.33725,278.98850,272.24833,299.33021,278.61483,288.92479,300.70983,292.03950,287.46779,309.03821,298.88700,304.90258,302.53304,291.11942,294.15483,296.98233,295.65992,294.28821,292.27000,297.34875,293.27054,296.71217,292.90546,284.95729,290.04529,287.25067,284.28812,286.88488,290.27346
1278,312.48267,322.22475,322.50512,318.62533,321.99442,321.32717,317.23925,321.13833,321.78542,308.04400,317.89392,314.46567,316.91396,320.88037,320.14342,319.76646,319.51800,319.64513,320.39179,318.66942,320.53050,318.70933,320.83904,322.46446,321.30737,321.87313,321.66146,321.58529,322.33492
1279,322.26325,322.16913,322.56637,321.73096,322.26258,321.75992,322.30667,321.77475,322.45171,322.24367,322.22721,321.94563,322.14837,322.20479,321.83925,321.51846,321.83896,322.03929,322.11096,322.04042,321.83767,322.13463,321.77546,323.35213,322.27717,322.78233,322.12721,321.79621,322.23550
1280,321.09521,321.03800,321.38533,320.63575,320.99588,320.49400,321.30154,320.47188,321.11404,320.91129,321.20742,320.70671,321.10367,320.98246,320.68037,320.34946,320.74596,320.96462,320.97217,320.98608,320.60846,321.09179,320.49042,322.01779,320.98446,321.46708,320.83363,320.57775,321.08558
1281,286.36858,281.98925,280.11783,284.09929,280.06750,281.92367,284.98646,282.00883,280.93100,286.45367,284.19233,285.91267,285.65100,281.52992,282.25200,283.09700,282.69688,282.28154,281.69688,283.47725,282.06675,283.27333,281.97458,280.35300,281.34029,280.77513,280.68533,282.29508,285.11046
1282,128.96950,137.73029,137.79475,131.57246,134.75592,133.85913,130.87792,132.61783,132.22554,125.59675,130.53346,130.64437,131.69300,131.04350,130.93067,131.71975,130.55329,130.01129,130.32667,130.53983,131.41975,130.23513,131.82983,131.90304,131.58900,131.61746,133.29913,135.40333,138.79212
1283,277.32133,275.54108,272.04233,285.79867,277.76467,284.68421,282.02000,287.59771,285.24954,271.90517,282.59067,281.63696,282.96583,285.61400,286.19767,287.69579,285.36358,284.33808,284.96483,283.91725,286.93687,283.37950,287.83567,283.33546,286.15604,284.74217,282.25529,282.23200,282.36946
1284,229.09896,235.23517,231.63383,233.38883,232.56787,237.24321,229.37254,237.38379,233.35079,226.42963,229.14338,233.61450,231.71200,231.67508,232.37358,235.31646,231.03221,229.11163,229.88442,230.04063,234.20342,229.05379,236.15804,228.33187,233.16171,230.81921,233.92642,237.60467,240.23350
1285,246.91592,222.39987,222.53608,239.79154,224.76179,227.96875,242.52504,230.15938,229.54733,248.27300,240.52667,244.86942,244.06271,232.56958,234.78029,236.35558,236.57400,235.80096,233.91321,238.64217,233.26083,238.24133,231.75721,230.16488,231.24817,230.48050,227.25550,225.79962,224.13204
1286,152.29725,184.82338,186.06333,163.42838,182.87975,179.90983,157.63004,177.88987,178.15375,147.87950,159.46179,158.68404,158.03267,171.82383,168.59479,168.60742,165.05829,164.57896,168.01212,162.12217,172.12296,161.81367,175.30421,176.15654,175.15750,175.88021,180.24004,181.90117,183.84596
1287,223.11875,220.84187,216.52371,222.80400,220.89129,225.92629,220.62312,227.58642,226.30288,225.39554,220.85317,225.26388,221.58917,224.61667,223.75054,224.56108,222.39429,221.77563,222.92775,221.58279,225.35942,221.24038,226.96537,225.24921,226.07400,225.65171,223.96013,225.11296,229.39342
1288,270.24212,270.43008,271.65325,274.67283,275.48833,276.99438,272.19642,279.18967,280.07804,269.17833,273.16671,272.18175,272.09283,278.49675,277.18288,276.84671,275.81246,275.76029,277.16454,274.42700,278.39867,274.37475,279.39288,280.11633,279.66771,280.10096,277.72308,274.48296,270.26800
1289,217.70571,235.34638,242.89204,229.40683,247.38325,245.25262,219.05487,248.13529,250.35354,217.54558,221.76917,226.37229,220.87350,241.50125,236.93912,237.48883,231.21838,229.75288,235.25721,226.26338,242.58888,225.38804,247.14054,246.32546,246.88021,247.52283,248.66646,240.50208,227.14742
1290,169.48054,208.37658,204.11346,179.00275,205.04792,209.08729,167.22875,207.33500,201.38417,171.90550,169.44400,180.04913,170.28871,189.79654,185.66092,189.00987,178.67033,175.84583,181.63475,173.82000,193.86462,172.36279,201.87838,189.82958,196.96496,194.16596,204.72925,211.26096,214.46892
1291,211.28375,270.92650,266.00700,226.46100,264.32467,265.94383,211.94596,262.24317,256.47583,211.68413,215.27400,225.03062,214.87854,241.86204,236.07671,239.07417,227.43642,224.65079,232.08988,221.04754,245.85200,219.57775,255.32946,244.06650,250.48000,248.11408,261.82025,270.14408,275.66392
1292,241.06429,276.40683,271.75467,251.56475,270.67454,272.85712,244.09317,270.40775,266.78850,238.61279,245.88696,248.99292,245.38146,259.53242,256.58117,258.08812,252.24083,250.92042,254.70225,248.90471,261.41454,248.19987,266.28762,261.27054,263.79796,262.71758,269.42800,276.23033,283.39975
1293,261.70817,303.42529,300.96271,275.20733,298.26342,297.96196,265.98046,295.16771,292.28754,257.50329,268.00542,270.98592,267.86629,283.87412,280.70671,282.55650,275.72692,273.93467,278.33771,271.67546,286.09579,270.69858,291.20629,285.57096,288.70529,287.59379,295.86762,301.14625,305.76883
1294,191.77517,237.17054,238.25750,206.58025,233.95400,228.45521,201.13267,225.33375,227.46588,185.96150,204.13446,197.35675,199.54837,220.02500,215.08812,212.91542,211.01667,211.79825,216.04317,207.40783,218.85221,207.74929,222.22346,227.22725,223.62371,225.82108,229.99750,231.75425,235.87362
1295,243.57008,239.21946,242.66179,240.03133,241.32687,237.66046,242.62521,237.80875,241.16196,244.98408,242.34950,241.24654,241.83192,241.15292,240.21950,238.65725,240.71550,241.65412,241.52163,241.56787,239.54742,242.01458,238.56575,244.78100,240.80504,242.75371,240.32479,237.12754,234.94379
1296,180.52375,183.68912,177.39471,180.89933,175.75358,180.57221,181.33958,179.10667,174.46796,177.13900,180.07600,181.37258,182.65104,175.50821,177.45258,179.82379,178.10904,176.94404,175.80312,179.13621,177.40508,178.58675,177.87692,170.99771,175.21758,172.93292,176.04112,183.35750,192.23321
1297,238.17496,242.36025,241.21692,236.78204,238.16721,237.53733,237.44492,236.15396,235.37238,237.29192,236.65504,238.17325,238.23371,234.86396,235.19821,236.04600,235.32054,234.85317,234.57800,236.01462,235.39717,235.77246,235.58662,234.33258,235.06021,234.68650,236.80937,239.26038,242.75433
1298,263.31775,268.47842,266.14850,268.05712,269.38133,273.69575,262.91325,274.93571,272.51608,262.31254,263.34792,268.03292,265.01950,269.57929,269.02429,271.19742,266.81075,265.13025,266.92658,264.99421,271.52704,264.09633,273.89279,268.74271,271.81321,270.42058,271.58783,272.72737,273.15133
1299,156.31925,122.54942,116.08308,144.49667,121.05537,130.89629,148.01692,133.28967,128.24242,160.83867,145.28371,153.86925,150.14225,133.17900,137.11462,140.28496,139.69033,138.37129,135.27729,142.61708,135.31538,142.01392,134.21563,126.41229,131.25921,128.29150,125.86992,129.54838,133.49087
1300,284.37646,272.97221,273.01012,287.54188,280.48663,285.11829,284.96283,289.14717,289.78917,284.30704,285.75433,286.78825,285.28042,289.74879,289.12017,289.16067,288.23713,288.03696,289.02892,286.94058,289.68013,286.79600,290.11583,291.17317,290.34750,290.65933,285.15292,280.95996,276.75992
1301,187.96758,210.14921,221.30496,194.60775,217.06733,204.23450,194.64879,203.29858,212.87825,185.72904,197.03221,187.97179,191.44871,207.92904,202.40300,197.10850,200.37013,203.06279,206.13496,198.61862,203.43071,199.87583,203.42079,220.77321,209.54529,215.42075,212.44546,203.64646,196.02204
1302,166.34637,142.02075,138.01046,155.21308,138.78242,144.43071,158.61242,145.09225,141.42300,169.91629,155.80500,164.50425,160.99838,144.85783,148.11013,151.05867,150.32342,148.99550,146.37467,153.18908,146.62525,152.53954,145.56763,140.18846,143.39046,141.25625,140.77888,144.60188,148.89304
1303,203.99546,190.75612,192.14246,199.77813,193.96883,194.81996,200.86142,196.43396,197.31633,205.86529,200.03775,203.73050,201.70071,197.86879,198.09450,198.49358,198.51246,198.30138,197.94733,199.30838,197.75354,199.16325,197.26287,198.87963,197.71021,198.10196,195.36417,193.00688,190.65996
1304,147.93162,170.48812,169.55383,155.51058,168.32108,169.08467,149.96613,167.75638,165.45917,145.29429,150.89433,154.28042,151.53917,160.12308,158.24008,159.86517,155.14479,153.81892,156.48358,152.91150,161.73917,152.19650,165.12821,161.32529,163.27408,162.42921,167.27608,170.60300,172.75421
1305,179.45792,216.07208,214.60729,186.67629,210.75433,209.25571,179.64408,206.00738,203.74467,179.46113,181.10008,186.57854,181.35613,195.08233,191.55717,192.97037,186.90396,185.48242,189.57379,183.85071,196.86021,183.07271,201.87038,197.94942,199.89367,199.31196,207.57529,212.87846,217.66433
1306,184.98400,159.79587,159.05246,179.84404,165.32383,171.63267,180.63146,175.24746,173.80721,187.90342,179.63117,184.61671,181.76233,175.87454,177.15892,178.49675,177.90208,177.26208,176.36221,178.80654,176.64625,178.48717,176.31996,174.12608,175.37800,174.46733,169.94900,168.09967,165.08033
1307,191.78917,142.25442,138.50533,175.82967,144.47850,154.57333,180.76721,158.40829,153.83604,197.05312,176.88079,187.83004,183.88233,160.36962,165.54296,169.57117,169.13758,167.31275,163.20138,173.18938,162.79283,172.31575,160.59071,152.69125,157.68996,154.54554,150.22250,151.29021,150.93100
1308,206.47942,214.20129,212.98117,210.59046,214.00004,216.30117,207.15171,216.64138,214.92946,204.98563,207.52963,210.68442,208.44404,212.35846,211.60517,212.97817,209.90383,208.90883,210.31696,208.65675,213.56892,208.12262,215.50142,212.41396,214.10838,213.30054,214.85371,216.07875,216.63871
1309,277.94162,286.25212,287.03846,282.27517,286.46292,285.14383,281.48750,284.92187,286.11096,275.38646,282.23167,278.92858,280.77404,285.21233,284.20354,283.29883,283.64862,284.10454,284.84325,282.90808,284.49438,283.11896,284.69267,287.28296,285.56108,286.45771,285.94954,285.35604,285.54021
1310,273.73121,258.87329,257.51183,266.24371,256.18196,257.50929,270.65350,257.27196,256.32942,274.83000,268.81067,270.18937,270.96279,259.60025,261.69779,262.38346,263.98517,263.97804,261.64954,266.51025,259.69825,266.54621,257.98496,257.38846,257.75575,257.24371,256.30308,258.20862,261.17037
1311,280.76475,278.23317,278.40929,279.70067,278.29462,278.16383,280.62846,278.29529,278.74392,280.71263,280.37767,280.11150,280.51621,279.15812,279.22067,279.03850,279.56342,279.72900,279.45200,279.98908,278.86963,280.07154,278.51013,279.63450,278.88846,279.19867,278.36017,278.08792,278.40283
1312,265.11775,265.24567,265.41746,265.25813,265.00367,264.79129,265.51671,264.82721,265.02167,264.43754,265.37883,264.90067,265.54937,265.00538,265.01942,265.05162,265.07483,265.04521,264.98692,265.23313,264.99763,265.21838,264.92767,265.01763,265.00821,265.06733,264.96204,264.75033,264.68912
1313,251.18713,251.56383,253.92075,252.13242,254.86554,253.88579,251.09892,254.75350,256.22579,251.62450,251.50596,252.28471,251.19004,254.72229,253.55062,253.14183,252.68954,252.76392,253.73125,252.06767,254.31279,252.06675,254.81371,257.18725,255.56225,256.41604,255.17017,252.62592,249.90912
1314,262.26804,258.92908,259.70596,260.11113,259.00483,258.38625,261.49317,258.25800,258.78204,262.78896,261.08708,261.38587,261.39708,259.24096,259.33354,259.13362,259.82483,260.04346,259.63412,260.48433,258.85708,260.59367,258.39029,260.01179,258.87767,259.30592,258.64254,258.52117,258.63563
1315,246.69388,241.05913,241.23654,244.69571,241.45717,241.84688,245.68650,242.33271,242.57783,247.10521,245.21546,245.90767,245.87554,243.26279,243.62271,243.76371,244.09221,244.06350,243.61629,244.67946,243.19754,244.66367,242.75204,243.19208,242.92075,243.00350,241.93079,241.37442,241.11104
1316,189.99242,198.86617,194.44775,197.66071,196.32108,201.45104,193.49350,201.90108,198.23554,185.00971,193.78842,194.67979,195.02725,197.09975,197.65600,199.92417,196.38796,194.88767,195.70779,195.02775,199.17804,194.26329,200.88754,193.95092,198.28450,196.21737,198.23392,201.63292,204.78367
1317,219.10021,230.29375,223.23667,214.16313,220.63971,225.25421,211.03175,222.46488,215.49021,224.07438,209.91917,222.09850,214.34687,211.52092,212.04050,216.20250,210.09292,207.54754,208.37750,209.98646,215.43571,208.73513,219.14908,206.34492,214.22738,210.48442,219.68029,229.08550,236.91342
1318,259.84188,260.86517,260.89887,260.00996,260.60471,260.31325,260.30300,260.22846,260.60671,259.44988,260.30771,259.77154,260.14525,260.43967,260.18579,259.95037,260.16633,260.31842,260.38842,260.23950,260.18829,260.31196,260.16888,261.17600,260.48346,260.80804,260.47192,260.46133,260.99246
1319,242.06525,256.83246,256.49571,246.42075,255.60671,254.82317,243.45317,253.93988,253.51558,241.16187,244.33500,244.62483,243.72471,250.37304,248.92242,249.12658,247.09746,246.72575,248.38662,245.64742,250.87083,245.44388,252.66763,251.38192,252.12942,252.01929,254.69696,255.67075,256.07496
1320,228.32221,255.88733,255.28704,234.99992,253.22117,252.14875,228.92896,250.05863,248.47817,227.90583,230.26829,234.46692,230.30229,241.83904,239.08858,240.18658,235.37808,234.25483,237.57004,232.69337,243.18758,232.06904,247.04150,244.23171,245.56563,245.15162,251.10612,254.30154,256.23583
1321,262.58412,261.94254,261.78467,262.94454,262.46337,262.98212,262.75783,263.44204,263.63196,262.39342,262.80804,262.84858,262.79429,263.39950,263.17012,263.14342,262.98867,262.97867,263.16829,262.89329,263.35396,262.88208,263.49754,263.83517,263.59479,263.72846,263.00971,262.57100,262.57779
1322,260.11296,261.21042,261.49158,260.36492,261.25050,260.88996,260.49046,260.86217,261.30546,259.85142,260.54583,260.16117,260.35850,261.00442,260.67225,260.43262,260.56667,260.70350,260.86329,260.55479,260.74963,260.61704,260.78825,261.88308,261.12446,261.48588,261.12079,260.94925,261.24471
1323,254.25154,257.81279,257.83846,254.68921,257.22242,256.74838,254.47433,256.37913,256.53467,254.12492,254.57625,254.57438,254.44854,255.69833,255.20492,255.10083,254.83654,254.86408,255.22504,254.69817,255.62329,254.70733,255.99725,256.51746,256.11183,256.34058,256.78583,257.18800,257.92229
1324,240.34613,257.43608,256.95567,245.86479,255.60863,255.07000,241.80879,253.98925,253.06108,238.73187,242.60275,244.09608,242.80000,249.40971,248.08679,248.92600,245.93971,245.07038,246.98654,244.18896,250.38758,243.70583,252.47750,250.08187,251.50317,251.07933,254.52879,256.21817,257.54746
1325,254.57438,255.92896,256.19850,254.83521,255.84575,255.37808,255.06500,255.29112,255.78221,254.19642,255.10463,254.54704,254.89454,255.47875,255.13175,254.85433,255.04742,255.21063,255.35267,255.07633,255.19267,255.15292,255.21192,256.40775,255.58646,255.98008,255.64254,255.50550,255.93333
1326,251.75583,253.77471,253.88267,252.34929,253.73763,253.53488,252.07788,253.52392,253.80421,251.43512,252.16300,252.08767,252.10958,253.17183,252.76438,252.68633,252.45017,252.44567,252.77021,252.29829,253.09296,252.28621,253.35362,253.91971,253.51404,253.75042,253.66883,253.59208,253.98283
1327,248.70817,239.84921,239.01192,248.45812,242.24329,244.81404,248.69033,246.65787,246.89783,248.77762,248.67554,248.56137,248.60467,247.99733,248.22117,248.12750,248.52571,248.62925,248.40621,248.60617,247.78946,248.65512,247.39725,248.12175,247.63088,247.76479,244.57313,243.13642,242.75363
1328,233.69846,231.11900,230.65787,234.70808,232.37721,233.81896,234.23117,234.77538,234.81763,233.07421,234.32704,234.31254,234.34671,234.92838,234.85871,234.94875,234.72558,234.65129,234.80854,234.51767,234.92825,234.46900,234.98867,235.23283,235.01879,235.08004,233.60238,232.95612,232.74617
1329,185.58625,196.90783,196.68846,186.20350,194.27517,192.46917,185.71108,190.95542,191.15596,185.84408,185.95292,186.47167,185.66812,188.81433,187.54504,187.27938,186.56787,186.64146,187.56275,186.23996,188.71704,186.26533,189.79050,190.55712,189.92538,190.35896,192.55267,194.17192,196.71500
1330,211.52975,193.16171,194.31379,209.08067,197.74312,199.90667,210.57333,202.46367,203.26571,211.33696,209.82196,210.46154,210.92754,205.76704,206.88508,207.14858,208.09108,208.04254,206.98617,209.00029,205.51421,208.96208,204.11442,205.48333,204.62304,204.81179,200.33108,197.12479,193.56767
1331,181.06671,185.84283,186.68629,182.47629,186.24112,185.42221,181.47900,185.36879,185.81638,180.63871,181.72596,182.51504,181.71254,184.27317,183.42225,183.43404,182.62100,182.51525,183.29662,182.14942,184.28042,182.07467,184.99383,185.58017,185.11492,185.41937,185.90146,185.30321,184.64704
1332,149.60404,156.60879,162.09662,149.80729,161.09433,155.79087,149.58004,155.77754,159.71696,151.74908,150.60487,149.66338,148.44933,156.49392,153.57775,151.44687,152.14712,153.18987,154.93575,151.33342,154.81779,151.82387,155.56358,162.23900,157.89054,160.27138,159.42117,154.90746,149.65771
1333,197.07213,190.12750,187.83496,195.56538,189.71175,193.29183,195.63938,194.22746,192.24992,197.40013,195.08404,197.31425,196.34575,193.04267,193.96971,195.15617,194.23079,193.65083,193.13137,194.67617,194.01646,194.41137,194.27092,190.65333,192.95346,191.75721,191.52350,192.64029,193.43833
1334,192.22575,207.30221,208.36229,196.45275,206.61358,204.20996,194.75183,203.11237,204.11792,190.79513,195.69542,194.00150,194.28638,201.23400,199.34938,198.58208,197.86854,198.14067,199.68175,196.72733,200.77238,196.84271,202.00733,204.17871,202.62117,203.53533,205.03025,205.24650,205.89308
1335,107.07404,82.06025,78.27008,97.94617,80.73454,86.80625,101.20675,88.22992,85.02183,109.95375,98.99725,104.63629,102.69387,88.98692,92.05471,94.24338,94.29013,93.41267,90.86304,96.75358,90.33933,96.35438,89.09129,84.25067,87.26504,85.32937,83.58654,86.07742,88.97563
1336,193.01008,185.68933,182.69892,191.10725,183.60604,187.49067,191.77929,187.84379,185.21592,192.52200,190.82404,192.99250,192.70142,186.76800,188.35779,189.91717,189.13754,188.41413,187.36046,190.02004,187.91067,189.68433,187.78417,183.65650,186.21579,184.75458,185.00104,187.65617,190.10004
1337,171.75308,155.60508,154.74125,170.30929,157.29138,159.91496,172.78808,161.92687,162.55121,169.59371,171.90021,169.90446,172.70637,166.09783,167.64371,167.62583,169.45808,169.66958,168.08033,170.74187,165.58183,170.84200,163.61933,165.36875,164.30379,164.54642,159.75217,158.19792,158.68317
1338,172.66425,171.33167,174.07200,174.12379,173.88496,171.45204,175.31646,172.08067,174.94496,170.51592,175.48421,171.91062,174.47262,175.39800,174.77062,173.42046,175.15346,175.92917,175.92708,175.32833,173.99829,175.68917,172.98404,178.27046,174.91412,176.54204,173.67129,170.48371,168.37842
1339,183.75029,184.79112,184.61729,183.31517,183.41221,183.14379,183.60979,182.68562,182.58150,183.29737,183.30404,183.66092,183.89912,182.52971,182.67483,182.92775,182.79521,182.64592,182.51621,183.06054,182.61013,182.97538,182.53004,182.61854,182.50908,182.52800,182.92104,183.75321,185.13758
1340,83.25342,69.64150,66.25067,75.87825,66.36267,70.49500,77.72508,70.52725,67.06546,85.82875,75.82246,81.91787,79.50525,68.84946,71.12100,73.52129,72.31704,71.13838,69.48262,74.14783,70.62725,73.58754,70.45858,64.33746,68.22071,66.11433,67.49242,71.02217,74.24396
1341,148.40879,133.79146,131.66667,140.14642,131.28817,133.75887,143.18104,133.72504,131.87179,151.25275,141.34621,145.92483,144.28954,133.93958,135.78725,137.21925,137.31404,136.74813,134.99100,139.42079,134.76554,139.16229,133.98283,131.29942,132.94887,131.87967,131.89908,134.26304,137.00042
1342,120.22083,98.87579,96.38708,113.73746,98.88008,103.57883,116.64896,105.15904,103.14204,121.51312,114.93721,117.89187,117.55137,106.68408,109.13129,110.58808,111.08167,110.55629,108.42363,113.10042,107.50904,112.87171,106.22175,103.04367,105.10154,103.78213,101.50029,102.39546,102.96621
1343,139.25133,155.28758,155.17063,143.47621,153.33417,151.86583,140.87117,150.55221,150.62846,137.80342,141.56808,142.30304,141.29479,147.32796,145.69925,145.81346,143.96358,143.66342,145.33850,142.70496,147.49900,142.51071,149.11358,149.74154,149.05200,149.46367,151.81729,153.33233,155.77617
1344,152.63375,152.85917,156.96462,155.45350,157.53592,155.53988,154.20483,156.62537,158.73142,151.06825,154.58754,154.13712,154.40367,157.55300,156.60546,156.23392,155.90888,155.90037,156.78317,155.21688,157.05100,155.15788,157.12475,160.12313,158.16354,159.18912,157.60304,153.70013,148.18396
1345,146.28929,165.37867,166.50550,152.75850,165.66600,164.03900,148.50033,163.16783,163.33308,145.01396,149.88392,150.73967,148.81917,158.92108,156.59687,156.58146,154.02542,153.70687,156.19079,151.85308,159.16967,151.64675,161.50633,161.84492,161.32317,161.74212,164.40071,164.66412,163.82300
1346,163.33742,164.43254,164.59675,165.09317,165.58613,166.52271,163.92692,166.99812,166.64471,162.71288,164.15908,164.27329,164.17083,165.94242,165.66100,165.94392,165.11154,164.84921,165.33687,164.61242,166.22842,164.47154,166.76787,165.99800,166.46021,166.30762,166.19283,166.03008,165.16675
1347,162.07788,162.59854,164.25462,162.48758,163.95500,162.90987,162.31783,163.08008,163.89433,161.85929,162.39088,162.39592,162.34488,163.31471,162.87408,162.67925,162.62775,162.67888,162.98987,162.50258,163.07271,162.51129,163.13900,164.44350,163.57808,164.03408,163.68758,162.46967,160.56808
1348,158.24488,174.17246,173.31983,162.57033,172.68475,172.69483,158.54646,171.78883,170.77854,158.08242,159.43121,162.33850,159.47188,166.80192,165.13896,165.88325,162.81063,162.06846,164.15867,161.03617,167.67058,160.62242,170.05121,168.23642,169.10504,168.81392,171.91658,173.73508,175.39837
1349,136.10262,159.23775,152.56762,135.13354,147.83546,149.45250,133.63983,145.17692,140.32075,138.40800,133.61425,137.85992,134.36117,136.59617,135.84408,137.35425,134.19917,133.39146,134.36213,133.88108,138.43904,133.53175,141.48704,134.65254,138.64067,136.75854,145.04358,155.06525,166.14571
1350,125.18804,126.56608,125.10875,128.75729,127.61463,131.18250,125.29479,132.30275,129.93375,123.91317,125.47296,128.52950,126.80200,128.60154,128.81637,130.67208,127.58221,126.28213,127.13725,126.47692,130.31258,125.80796,131.81354,126.39879,129.83833,128.27646,129.47067,130.05804,128.39813
1351,143.66908,112.04167,114.04558,137.20575,118.54717,121.19133,140.53033,124.87358,126.12996,145.05325,139.04883,140.78246,141.04742,130.77529,133.00796,133.35879,135.41683,135.42529,133.24046,137.32371,130.39450,137.31542,127.75717,129.28537,128.51117,128.59763,122.13900,117.03754,111.24383
1352,161.65654,156.94267,153.61712,163.89292,156.56512,161.77950,162.24450,163.15971,160.03500,159.77779,161.95775,162.91458,163.30471,160.98804,162.43492,164.28471,162.40429,161.28692,160.92475,162.17238,162.74108,161.63738,163.27629,156.45750,161.02879,158.92279,159.26354,160.72429,160.89425
1353,129.74683,152.79342,149.61396,136.24988,147.85067,149.20733,130.81208,147.29554,144.03312,128.12721,131.64396,135.03037,132.41025,139.52867,138.40871,140.29796,135.68850,134.21350,136.40742,133.56558,141.57438,132.79629,144.73179,138.49792,142.25108,140.66121,146.68650,151.60867,155.89367
1354,109.48392,124.02021,114.31858,116.13417,117.17379,126.02004,110.14604,125.67625,118.66863,107.51683,110.65358,115.44079,112.32363,116.15508,116.65842,120.07754,114.39129,112.22004,113.60442,112.43179,119.65154,111.36208,123.13933,110.68296,118.41775,114.72233,119.77625,127.79750,136.07067
1355,160.15100,167.26704,167.18650,162.75737,166.50667,165.97842,161.76604,165.50721,165.58467,158.85421,162.18154,161.24762,161.65488,164.50137,163.87246,163.73462,163.25637,163.26708,163.88592,162.69287,164.45358,162.69042,164.99504,165.37900,165.04938,165.25183,165.98438,166.51342,167.36458
1356,143.97600,133.15675,130.04546,143.47283,133.95733,138.98913,142.92454,140.96304,139.04583,144.03471,142.52113,144.56554,143.74633,140.61683,141.87746,143.12488,142.25004,141.57292,140.99750,142.39433,141.63679,142.06492,141.58587,137.67042,140.26200,138.94154,137.14083,137.37221,137.74517
1357,139.77533,158.34642,157.87475,144.61600,157.10758,156.21392,140.34433,155.11221,154.73279,139.79471,141.48279,143.58654,141.03867,150.15817,148.00442,148.34158,145.37167,144.77225,147.22033,143.32992,150.77988,142.98054,153.29396,152.36658,152.72454,152.80029,155.97763,157.39108,158.84779
1358,103.24321,117.66763,118.07604,109.70904,117.37408,115.66100,108.16158,115.06388,116.42596,100.06250,109.37342,105.30829,107.17083,114.60817,112.91692,111.64408,111.81021,112.43004,113.74767,110.53546,113.71008,110.82063,114.39371,117.54883,115.41671,116.57346,116.52683,116.32363,117.42783
1359,63.20296,104.95012,101.50954,76.13450,100.04750,101.25117,65.40646,98.77913,94.81708,60.89725,67.59279,73.62029,67.92167,85.38829,82.01979,84.56788,76.30500,74.02442,78.97138,71.73283,88.32208,70.51117,94.36054,86.55750,90.98667,89.25042,98.33496,104.16846,108.92196
1360,98.27042,94.75379,92.15504,96.98463,92.32925,94.84421,98.02783,94.80729,92.95571,97.63338,97.37175,97.53800,98.28004,94.13446,95.20600,96.01729,95.86254,95.55246,94.68892,96.65179,94.83550,96.53475,94.72121,91.59329,93.65671,92.61692,93.10733,95.33379,97.88975
1361,86.90200,105.88658,108.96692,92.43996,106.44079,101.75317,90.41104,100.51483,103.05308,85.18758,91.77429,88.98862,89.57592,99.32279,96.61083,95.08375,94.73717,95.34638,97.43683,93.18237,98.25033,93.44408,99.50242,104.01587,101.00642,102.75175,104.04729,102.58212,101.50888
1362,136.42175,136.44387,133.43250,137.27608,133.53908,136.14379,137.10092,135.95867,133.70471,134.77542,136.70350,136.69379,137.58813,134.64717,135.82388,136.95017,136.18967,135.61642,134.99896,136.45971,135.68263,136.20350,135.78158,131.47037,134.34279,132.96558,134.23871,136.74592,139.21700
1363,137.05642,131.30458,128.48192,137.76083,130.65750,134.35362,137.78746,135.33042,133.86192,135.62738,137.48263,137.27125,138.10321,135.42988,136.47975,137.20725,137.03163,136.70704,136.07575,137.27079,135.93679,137.11842,135.62225,133.58108,134.85175,134.07167,132.62804,133.90875,136.15950
1364,134.23579,126.23825,124.08875,134.05896,127.28612,130.95500,133.42150,132.50108,131.24883,134.40754,133.21854,134.65587,134.02308,132.29150,133.11346,133.96837,133.28838,132.78992,132.48862,133.25383,132.99033,133.00575,132.97458,130.34917,132.09813,131.22596,129.70488,129.63571,129.55912
1365,114.87937,125.72858,124.77758,118.36083,124.37633,124.44087,116.46350,123.75542,123.26488,113.93508,117.16746,117.04133,116.43125,121.30867,120.25650,120.23429,119.08037,119.00100,120.10513,118.07704,121.46900,118.02800,122.69004,122.37317,122.39267,122.43121,123.90162,125.30600,127.03012
1366,109.98987,111.16562,112.57700,110.94308,112.50575,111.61650,110.61442,111.80971,112.66792,109.55254,110.80504,110.52892,110.55637,112.09108,111.56996,111.27454,111.27904,111.38954,111.77442,111.03042,111.75875,111.06600,111.83004,113.46425,112.35175,112.89888,112.32875,111.21787,109.95562
1367,109.57538,123.92804,123.16388,114.11296,121.54046,120.56733,111.89904,119.36867,118.99658,107.45242,112.53154,111.58921,112.08242,116.77612,115.84142,116.00346,114.58775,114.28783,115.44096,113.50937,117.14129,113.34083,118.33037,117.35438,117.95146,117.86592,120.35221,121.88679,123.52942
1368,131.34579,138.98496,139.48129,133.74750,138.78042,137.95237,132.13833,137.47037,137.54867,130.75000,132.58983,132.93821,132.35600,135.85113,135.03412,135.10679,134.08367,133.89192,134.80704,133.29979,135.98800,133.18296,136.82638,136.91579,136.75658,136.91217,138.09787,138.37050,138.44254
1369,70.15654,99.76367,99.66383,74.70808,94.01708,89.94058,71.18317,86.39392,85.83096,69.45137,72.06579,73.79467,71.81342,80.22317,77.87204,78.21121,75.19192,74.63483,77.04238,73.54575,80.92471,73.23171,83.70967,82.36879,83.01729,83.05850,89.90504,93.58975,97.64829
1370,70.17162,85.22537,83.77821,72.54558,83.05387,83.50071,68.90100,82.42017,80.72800,71.64079,69.60000,73.75358,69.89658,76.50837,74.88325,75.81683,72.49583,71.66854,73.67692,70.97179,77.71025,70.53596,80.44183,77.03013,79.00083,78.27529,82.30779,84.73429,86.66029
1371,118.18625,113.69537,111.39713,116.98429,111.56983,113.62313,118.16433,113.68492,112.51133,117.36833,117.54746,117.59971,118.35633,114.09800,115.18163,115.73458,116.05400,115.91079,114.97050,116.83717,114.41271,116.78458,113.86775,112.44383,113.32613,112.72104,112.29537,113.99871,116.49629
1372,94.82504,75.02837,74.47088,85.10075,73.24938,74.12600,90.04154,74.23862,73.67117,97.14025,87.84646,90.59421,90.65708,77.33092,79.73796,80.58792,82.31721,82.20008,79.57858,85.21029,77.48771,85.18529,75.43154,74.80467,75.28446,74.73817,73.46904,74.23433,75.66975
1373,73.43050,53.78800,51.47921,65.82012,53.04788,57.37033,68.60196,58.46204,55.99071,76.15417,66.89542,71.13192,69.58958,58.99667,61.33704,62.94154,63.07654,62.46612,60.44742,65.07438,60.06333,64.81596,59.15262,55.02796,57.68279,56.10604,55.10387,56.66096,57.83621
1374,127.16121,118.62550,116.81879,125.07242,117.85833,120.13504,126.39471,120.71100,119.61392,127.26337,125.78617,125.94208,126.49612,121.75712,123.11446,123.63575,124.19908,124.08204,122.93054,125.03250,122.09504,125.00492,121.29892,119.40367,120.72938,119.98329,119.06000,119.81263,120.54433
1375,125.27346,129.25125,129.43958,126.44496,128.86896,128.22917,126.04092,127.92004,128.22083,124.79663,126.28267,125.70096,125.90129,127.58708,127.14929,126.93037,126.82429,126.90846,127.26408,126.54021,127.43342,126.57633,127.67025,128.33633,127.87483,128.13917,128.44238,128.54812,128.97875
1376,118.57975,126.64629,125.82117,120.48604,124.87950,124.81525,119.08633,124.08975,123.30183,118.30663,119.44150,119.60221,119.25671,121.91267,121.46067,121.74437,120.64900,120.36713,121.02771,120.01508,122.40592,119.87658,123.33800,121.45021,122.70687,122.29217,124.31354,125.64958,126.86146
1377,94.65717,119.45179,118.33050,102.51079,117.89233,117.66450,97.21075,116.43746,115.26071,93.80771,99.05579,99.07575,97.27221,110.05362,107.48000,107.57263,104.27579,103.82696,106.74442,101.53779,110.85329,101.30083,114.10142,111.55150,113.02729,112.71829,116.92983,118.98429,120.20438
1378,69.47421,81.13533,85.27163,73.82771,83.73683,79.23500,72.14862,78.94254,81.83083,68.14229,73.22667,71.09733,71.57742,79.13812,77.04912,75.72817,75.66121,76.14396,77.77846,74.38508,78.13708,74.57771,78.77304,83.00579,80.33163,81.93237,82.09433,78.78708,75.09829
1379,85.56946,72.37900,74.52258,83.78187,75.47821,74.21454,87.06533,75.72238,78.64471,84.21617,86.61500,82.48517,85.98642,81.78842,82.49208,81.08317,84.31383,85.30496,83.94537,85.52417,80.19204,86.01763,77.77754,82.97867,79.87738,81.29217,76.38592,72.43054,69.96354
1380,95.75071,87.76500,87.42063,92.03700,87.82279,88.34704,94.19708,88.71462,89.02825,97.45983,93.73783,93.61046,93.73962,90.50988,90.98929,90.57308,91.93308,92.35654,91.49592,92.87808,90.05479,93.11442,89.22950,90.30062,89.66200,89.88942,88.33771,88.12054,88.51842
1381,75.89204,82.53900,83.17521,78.53071,82.73567,81.99800,77.47671,81.65254,81.91733,74.76875,77.96492,77.00729,77.29854,80.66117,79.87292,79.63946,79.16463,79.22179,79.94742,78.53550,80.53183,78.55642,81.13104,81.88238,81.29587,81.62329,82.20975,82.27683,81.96183
1382,102.71275,87.13988,87.63642,100.04629,90.14054,91.70821,102.14887,93.55704,94.43863,102.91554,101.57613,100.81892,101.88571,97.22350,98.27938,97.99158,99.70208,100.04121,98.82608,100.68737,96.62875,100.86171,95.03721,96.96546,95.78975,96.14946,92.09296,89.81475,87.99071
1383,100.82533,94.62267,95.57742,100.00763,96.54496,96.57592,100.87125,97.46158,98.41954,100.81308,100.73733,100.04188,100.63742,99.40925,99.60371,99.22812,100.12063,100.38108,100.01413,100.44525,98.92217,100.57050,98.19321,99.95788,98.86258,99.33575,97.25417,95.55167,94.08042
1384,17.57888,14.46417,14.43742,15.05204,14.10517,14.00833,16.11538,13.90337,13.99688,18.74325,15.72637,16.68338,16.16508,14.23033,14.33800,14.33413,14.65100,14.72088,14.40542,15.21192,14.13238,15.25204,13.93904,14.43333,14.06658,14.17446,13.97650,14.18200,14.73188
1385,39.71867,50.60379,50.49813,39.64196,47.72321,46.15504,38.79017,44.38267,43.81758,40.68225,38.90288,40.73500,39.12108,41.44646,40.51871,40.76483,39.52600,39.29004,40.12508,39.19379,41.79217,39.07004,43.01496,42.38437,42.60596,42.56575,45.76100,48.07713,50.22271
1386,38.64887,17.16550,16.20471,28.23225,17.14183,18.78283,33.05729,19.59575,19.37158,43.43671,31.47813,34.25450,32.90979,22.80217,24.49463,24.50150,26.73975,27.15629,24.92608,29.21908,22.50833,29.47729,20.78346,20.94958,20.94483,20.70092,18.32337,18.15067,18.46992
1387,70.05946,70.59896,70.27600,80.30154,77.06808,81.28146,75.94254,84.59129,84.75279,65.72421,77.69187,74.07354,75.57583,84.44483,83.64375,83.35925,82.30592,82.23425,83.70550,79.89900,84.40129,79.82979,85.13525,85.23346,85.12354,85.21283,81.11475,77.79817,73.61471
1388,33.59975,26.98500,24.64371,31.78579,26.49050,29.83858,31.79896,30.53483,28.65104,34.68692,31.34896,33.65096,32.41567,29.51996,30.41967,31.41100,30.70692,30.21446,29.71946,31.04279,30.36092,30.81292,30.51808,27.31321,29.34004,28.25721,28.07225,29.48887,30.63442
1389,56.04913,43.35729,43.72592,54.02742,46.44421,47.77883,55.52087,49.65571,50.45096,56.59879,55.21212,54.23296,55.16683,52.41662,53.08225,52.73171,53.99396,54.28012,53.47438,54.63425,52.05904,54.79279,51.02096,51.56313,51.49183,51.60471,48.44125,45.69825,43.20875
1390,35.35979,54.84600,54.86388,41.74246,53.74329,51.91571,38.49525,50.80742,51.26358,33.78217,39.92858,38.30900,38.11542,47.73833,45.63883,45.02704,43.55963,43.63729,45.69717,41.65638,47.63987,41.67221,49.45013,50.02604,49.57904,50.09646,52.42792,52.98562,53.76883
1391,60.38579,48.28333,45.12300,58.16204,47.74850,52.68000,58.44396,53.94050,51.23504,60.65892,57.54663,60.32792,59.51379,53.37242,55.28467,56.98350,56.15813,55.31496,54.16421,56.88688,54.67304,56.48796,54.37042,49.50467,52.64279,50.92879,50.21925,51.83704,53.01483
1392,80.17242,75.31054,76.84850,81.48646,79.05588,79.89046,80.87904,81.28950,81.73429,79.81546,81.17387,80.64879,80.76508,82.04792,81.97471,81.83671,81.87888,81.92246,82.08796,81.51200,81.90246,81.52858,81.79483,82.37346,82.00862,82.16975,80.34613,78.12487,74.34033
1393,19.72838,33.86183,34.65058,23.46492,33.06146,31.12208,21.07671,30.08154,30.42442,19.07317,21.90925,22.01617,21.16733,27.47012,25.92950,25.75471,24.33004,24.19458,25.74300,23.05938,27.55521,22.96458,28.98125,29.28896,28.99333,29.34387,31.62625,32.03975,32.29179
1394,75.88929,76.12896,76.22879,77.14746,77.06217,77.54812,76.31250,78.01733,78.05508,75.53342,76.52788,76.68696,76.44950,77.75854,77.58737,77.68058,77.27425,77.15375,77.46683,76.88408,77.84458,76.81292,78.05767,77.94958,78.00533,78.00033,77.57833,77.01938,76.33250
1395,54.20300,56.91625,56.34917,53.10125,54.68533,54.19696,53.31463,53.24646,52.67175,54.64608,53.04500,54.18946,53.60500,52.38454,52.53996,52.90017,52.57092,52.39183,52.27592,52.81742,52.65688,52.73146,52.81467,51.98629,52.46979,52.21408,53.74563,55.28037,56.78129
1396,67.24321,33.30121,33.98429,58.13563,37.45587,39.45896,64.06425,42.47129,44.50288,69.14983,62.27946,61.83592,63.63004,50.72475,53.27637,52.67192,56.80217,57.58333,54.48013,59.67642,49.42296,60.08075,45.67008,49.79733,47.36454,48.11792,40.52450,36.41125,34.19813
1397,71.04696,76.10229,76.26171,72.54508,75.62746,74.96792,71.80117,74.55017,74.67858,70.59458,72.11075,71.79050,71.74258,73.84325,73.37658,73.26225,72.91812,72.92325,73.38558,72.49500,73.80525,72.49113,74.18775,74.48408,74.24975,74.40908,75.09683,75.37763,75.71600
1398,71.21433,71.76300,72.48971,72.12063,72.62450,72.48117,71.75833,72.65729,72.82533,70.79750,71.90829,71.59117,71.72217,72.61725,72.45721,72.40517,72.29838,72.30092,72.47996,72.09454,72.56488,72.09237,72.64696,72.96021,72.73413,72.84571,72.66946,72.17354,71.16721
1399,64.32567,68.79671,68.63629,65.40033,67.89854,67.54279,64.81171,67.07150,66.88138,63.88471,64.97163,64.90533,64.87258,66.15738,65.86900,65.94658,65.49558,65.40438,65.73658,65.22033,66.28000,65.17254,66.67338,66.37475,66.52783,66.49354,67.40871,68.05642,68.68188
1400,56.78467,61.86979,61.56562,58.74075,61.24621,61.18692,57.77804,60.89296,60.72275,55.98346,58.08975,57.77221,57.81254,59.91421,59.52150,59.55983,59.01725,58.92929,59.40888,58.53133,60.01304,58.48017,60.48596,60.29479,60.36104,60.36654,61.00512,61.55562,62.27692
1401,39.69712,31.68671,31.45267,36.13675,32.52546,33.74042,36.86662,34.40450,34.00762,41.94429,36.35021,38.96200,37.31354,34.53408,34.96646,35.40742,35.29083,35.08762,34.68517,35.84371,34.80863,35.74579,34.68079,33.86008,34.37854,34.06729,33.38083,33.07329,32.42775
1402,38.37050,40.37225,40.76492,38.31971,41.37192,41.34221,36.97188,41.57929,41.64767,39.91958,37.24829,39.49279,37.39204,40.07483,39.30592,39.48804,38.38379,38.12754,38.97042,37.78642,40.32767,37.63808,41.20938,40.87496,41.03083,41.05700,41.52954,40.96283,39.94037
1403,25.19629,24.40283,23.38592,24.81154,23.53367,24.69037,24.89075,24.66533,23.82933,25.10908,24.68308,25.29042,25.11621,23.98383,24.26625,24.67875,24.34188,24.15004,23.98250,24.51967,24.31221,24.43229,24.45937,23.31417,23.98154,23.58908,23.85196,24.92700,26.12529
1404,24.87267,22.47413,22.36329,23.47004,22.67067,23.16954,23.71750,23.32687,23.05021,25.78383,23.51337,24.72787,23.91392,23.01675,23.08150,23.29688,23.10612,23.00763,22.92779,23.31775,23.16792,23.27204,23.27679,22.87363,23.08746,22.94754,22.91404,23.03021,22.87379
1405,16.54012,20.83283,20.51033,17.61683,20.04037,19.85429,17.01571,19.47413,19.30496,16.20204,17.20675,17.16750,17.04688,18.54958,18.19433,18.21771,17.78321,17.72333,18.09717,17.48042,18.64379,17.44650,19.07817,18.83083,18.95287,18.94250,19.69908,20.31004,21.14596
1406,17.59404,18.01229,19.77117,18.82658,19.97004,18.49117,19.25121,18.82579,20.62196,16.80942,19.64396,17.34246,18.49129,20.62117,19.92754,18.84458,19.95546,20.58604,20.81992,19.79383,19.60475,20.09575,19.16946,22.90517,20.45675,21.60988,19.80467,17.98362,16.89767
1407,9.17637,11.14637,11.59717,9.78588,11.46283,11.07896,9.34779,11.03258,11.19417,9.08704,9.48267,9.61571,9.39771,10.57625,10.24129,10.21304,9.91075,9.87308,10.19346,9.68567,10.58729,9.66013,10.87433,11.02138,10.90921,11.00933,11.28592,11.04175,10.67013
1408,15.16200,14.58113,15.04738,14.93063,14.75233,14.42613,15.22921,14.39612,14.60063,14.95162,15.12354,14.98350,15.22617,14.69112,14.71958,14.68487,14.83563,14.86863,14.77733,14.98608,14.59783,15.00079,14.45938,14.90767,14.60583,14.73063,14.59338,14.41071,14.19883
1409,39.65704,11.81721,13.89583,32.14900,16.53229,17.25412,36.71079,19.76912,21.80858,41.56921,35.30488,35.43133,36.46617,26.48296,28.38017,27.87671,31.07579,31.66404,29.32146,33.29483,25.40771,33.59171,22.42858,26.07104,23.92700,24.66292,18.70525,14.40250,10.48946
1410,46.77662,34.58192,34.08121,45.34117,36.78450,39.15521,46.29971,40.81125,40.75088,46.80087,45.89833,45.93796,46.36746,42.89250,43.90212,44.08904,44.84679,44.85263,43.98046,45.40100,42.83187,45.40871,41.86075,41.88992,41.91671,41.73971,38.84487,37.53642,36.37900
1411,16.94250,12.00400,11.08863,14.64596,11.62638,13.07596,14.99692,13.31758,12.30104,18.08367,14.50046,16.62275,15.54458,12.76229,13.37817,14.10442,13.64508,13.27608,12.86683,14.09158,13.31267,13.91683,13.33488,11.48417,12.64908,12.01417,12.21012,12.95512,13.41483
1412,30.05721,30.74892,31.61308,30.82600,31.69287,31.06608,30.62600,31.27042,31.93275,29.70483,30.79725,30.26100,30.50233,31.64942,31.32217,31.04712,31.15633,31.26954,31.50404,30.96854,31.40271,31.01471,31.39412,32.41392,31.77233,32.12625,31.65913,30.71254,29.70358
1413,35.64733,30.92879,31.03804,34.78283,31.59963,32.02225,35.47742,32.54779,32.80300,35.61992,35.25529,35.10229,35.44038,33.72125,34.11100,34.06758,34.59475,34.67808,34.25496,34.94192,33.56308,34.98429,33.03212,33.53446,33.24196,33.32050,32.14813,31.48175,31.01171
1414,35.76325,32.54146,32.68129,36.17204,34.05858,34.96417,35.75408,35.77321,35.81071,35.71163,35.81504,36.13983,35.89963,36.06233,36.16050,36.28867,36.13021,36.02804,36.07117,35.96637,36.12583,35.90792,36.07279,35.97938,36.04129,35.99158,34.96717,34.07567,32.86871
1415,28.13179,32.15525,32.72875,28.81562,31.80575,30.67463,28.67692,30.18292,30.66483,27.94892,28.88358,28.32350,28.46229,30.00088,29.50792,29.17167,29.23912,29.40404,29.72304,29.05217,29.73771,29.12946,29.91133,30.98300,30.25100,30.63554,31.06683,31.13529,31.35687
1416,12.46496,6.74762,6.13021,9.50475,6.33479,7.12892,10.64892,7.27512,6.83379,13.76783,10.12229,11.31462,10.82396,7.66679,8.24554,8.52558,8.80204,8.73583,8.12442,9.49221,7.82608,9.47350,7.48667,6.78975,7.25658,6.96483,6.68663,7.09758,7.59179
1417,12.46350,11.98779,11.85138,11.61912,10.88388,11.05571,11.71338,10.64833,9.84167,12.26642,11.27363,12.62121,12.28912,9.95483,10.47963,11.19829,10.65421,10.25704,9.96654,10.97738,10.46017,10.77896,10.48279,9.00996,9.91142,9.40804,10.49208,11.49725,11.97675
1418,21.41567,23.86329,22.49875,20.42762,21.77283,22.37329,20.20621,21.70883,20.65350,22.24863,20.01775,21.65404,20.60087,20.07217,20.11433,20.63575,19.87967,19.57925,19.65888,19.94937,20.57208,19.80479,21.10167,19.44258,20.43292,19.94587,21.42900,23.29858,25.35517
1419,14.28871,16.00700,15.45504,13.20450,14.14521,13.46850,14.29671,12.71292,12.80000,14.51550,14.16379,13.38054,13.89500,13.04321,13.04038,12.68192,13.36758,13.67754,13.38450,13.78358,12.75062,13.95425,12.53400,13.19396,12.76979,12.96046,13.40187,14.41696,16.39517
1420,32.70796,38.33058,39.08754,35.29429,39.26171,38.01388,34.43367,38.06562,39.32771,32.17071,35.17742,33.37596,33.83567,38.33225,37.28525,36.38892,36.64287,37.05337,37.84771,35.87629,37.70838,36.06550,37.98842,40.14858,38.78608,39.58212,39.03262,37.84000,37.31333
1421,24.66325,18.88946,18.77779,22.78958,19.48121,20.09192,23.75667,20.60738,20.74117,25.32900,23.42946,23.73312,23.73979,21.60717,21.98267,21.96487,22.48267,22.56446,22.09458,22.97850,21.49296,23.02488,21.03225,21.33783,21.17154,21.19813,20.08929,19.60813,19.38612
1422,34.79583,21.29975,19.68879,32.25221,21.62992,24.51987,34.43988,25.77462,25.04958,34.56508,33.71275,32.90779,34.25475,28.25517,29.89763,30.10937,31.51042,31.65750,30.08296,32.66779,28.23937,32.77233,26.86233,25.98321,26.66117,26.13533,23.57029,23.55171,23.99642
1423,31.85221,37.98196,37.66600,34.49038,37.19975,36.98108,33.49658,36.59275,36.35338,30.53433,33.89342,32.78863,33.38217,35.69000,35.38125,35.35500,34.92550,34.88367,35.30917,34.38567,35.80487,34.36496,36.23029,35.67342,36.04362,35.94646,36.85879,37.38946,37.68608
1424,30.55033,40.09854,40.23029,33.68521,39.42933,38.44979,32.26783,37.79517,37.97546,29.57900,32.93842,31.85313,32.02075,36.41663,35.47758,35.15571,34.57396,34.64979,35.55500,33.71692,36.32942,33.74638,37.11675,37.51688,37.19875,37.45900,38.64696,39.09983,39.52683
1425,13.09417,19.53867,20.23113,14.47488,19.51788,18.36429,13.60275,17.87383,18.29742,13.16733,14.04929,13.89146,13.44500,16.81050,15.88212,15.55412,15.11575,15.21254,15.98775,14.55542,16.64937,14.59425,17.32083,18.16371,17.54546,17.92779,18.77333,18.77054,18.65417
1426,17.25812,27.82204,28.25554,20.13362,27.71358,26.54717,17.92050,25.97050,26.27408,17.28888,18.69417,19.24246,18.02937,23.75592,22.38025,22.21579,20.94417,20.82492,22.22479,19.76371,23.81838,19.67733,25.08446,25.45425,25.10588,25.42608,26.91008,27.04317,27.16854
1427,26.29533,28.18850,26.65217,28.36383,27.20637,28.66967,27.88042,28.73067,27.78446,24.80658,28.04742,26.76392,27.76804,28.14792,28.45363,28.67938,28.45783,28.36004,28.28454,28.24479,28.44875,28.21304,28.58562,27.01696,28.05367,27.55942,27.77017,28.84129,29.98129
1428,20.11125,25.07604,25.97892,21.80658,25.37996,24.08017,21.18662,23.79312,24.55104,19.51204,21.57646,20.67763,20.96412,23.62517,22.93262,22.51438,22.44996,22.60683,23.16271,21.99225,23.31783,22.05725,23.58646,24.90542,24.03446,24.52792,24.76296,24.23679,23.74904
1429,17.31638,18.29567,17.90983,17.11729,17.54425,17.76125,16.96463,17.50954,17.05771,17.42717,16.87200,17.58188,17.17875,16.84637,16.91075,17.18908,16.82650,16.66746,16.68700,16.84937,17.08012,16.77104,17.27838,16.56367,16.98050,16.75971,17.38600,18.08317,18.71192
1430,23.65371,20.34317,19.24575,23.09838,20.06854,21.66479,23.39029,21.98146,21.21438,23.67029,23.19583,23.51200,23.48129,21.94525,22.42604,22.73329,22.74208,22.64796,22.28492,22.98038,22.15225,22.94529,22.01950,21.14950,21.64900,21.29067,20.80904,21.56325,22.45792
1431,30.22954,30.14538,30.31763,30.71750,30.56908,30.66754,30.50921,30.83400,30.90925,30.02396,30.59500,30.43375,30.49204,30.90879,30.87037,30.84542,30.81921,30.82125,30.88933,30.70233,30.87829,30.70104,30.87871,31.03088,30.92400,30.96954,30.72304,30.46146,30.07121
1432,3.82742,4.20237,4.05979,3.73867,3.97808,4.11579,3.58017,4.04583,3.83125,3.93779,3.53975,4.04892,3.73062,3.65975,3.66313,3.82450,3.57625,3.47342,3.52462,3.55662,3.79633,3.50325,3.93362,3.55054,3.77342,3.66000,3.94842,4.20642,4.37925
1433,14.86679,18.17442,18.32704,15.77604,17.79662,17.20858,15.57129,16.90583,17.17121,14.39379,15.74667,15.10429,15.41829,16.68200,16.32446,16.10758,16.09446,16.19387,16.45250,15.91188,16.52742,15.95733,16.69675,17.31829,16.88958,17.12425,17.39192,17.53267,17.95392
1434,4.77533,17.57817,17.79183,7.97333,16.27283,14.66625,6.12437,13.56546,13.71379,4.15738,6.85667,6.47517,6.04421,11.35096,10.09779,9.86279,8.82654,8.79154,10.01808,7.79275,11.39117,7.76037,12.56096,12.70646,12.54179,12.79604,14.93487,15.74463,16.58579
1435,6.65017,22.96258,22.88929,10.29908,20.73267,18.93871,8.04775,17.31687,17.19029,6.01971,8.87904,8.91354,8.04833,14.23479,12.73971,12.58767,11.18938,11.09775,12.57554,9.97646,14.34817,9.91196,15.85667,15.98788,15.71312,15.96950,18.89917,20.64729,22.64733
1436,27.52050,30.73767,30.74492,28.56025,30.42921,30.16921,27.97858,29.93462,29.88612,27.22004,28.17900,28.08033,27.98946,29.33954,29.07504,29.07346,28.75396,28.71096,29.01683,28.45279,29.39071,28.42742,29.68479,29.58871,29.62637,29.64200,30.16271,30.39742,30.57712
1437,24.76146,17.11587,16.61287,22.85771,17.43633,18.70258,24.11725,19.31850,18.98513,24.99871,23.65233,23.65421,24.09387,20.59475,21.46804,21.63983,22.32696,22.36562,21.51358,23.02246,20.61750,23.05971,19.89296,19.43971,19.78546,19.51125,18.30837,18.17025,18.04287
1438,8.66392,10.53500,9.98579,9.70442,10.48196,11.23892,8.70004,11.34821,10.78196,8.57400,8.86696,9.62829,8.98429,10.20079,10.06508,10.41079,9.62167,9.36104,9.71579,9.22608,10.56729,9.09121,11.07512,9.91475,10.62467,10.30850,10.79525,11.17521,11.30079
1439,18.13125,26.90896,26.95037,21.34425,26.21887,25.61504,19.54192,25.04929,24.85992,16.93354,20.05246,19.92250,19.73883,23.31408,22.64062,22.78338,21.71438,21.48492,22.35738,20.84367,23.55612,20.71079,24.39208,23.92058,24.15158,24.12629,25.56658,26.16062,26.54033
1440,3.30658,7.44963,7.84550,3.84629,6.98017,6.00967,3.59529,5.51192,5.84337,3.34733,3.79896,3.63162,3.45650,5.06408,4.55075,4.29279,4.21029,4.32679,4.69254,3.99375,4.88492,4.04629,5.17108,5.96650,5.39771,5.69892,6.28650,6.49379,6.86400
1441,19.58875,16.50704,15.63671,18.40537,15.44842,16.33696,19.03888,16.26579,15.52054,19.48354,18.60492,19.08792,19.29421,16.41188,17.15321,17.61833,17.67638,17.48725,16.90158,18.16304,16.71138,18.07946,16.37792,15.21833,15.96767,15.51825,15.63775,16.57800,17.59671
1442,8.80888,7.41608,7.49004,8.03800,7.60063,7.68083,8.23562,7.75783,7.77050,9.30567,8.13825,8.60538,8.29358,7.82283,7.85433,7.88571,7.91129,7.90179,7.84042,8.02958,7.82508,8.02454,7.79346,7.84283,7.80246,7.80967,7.67529,7.59954,7.46929
1443,21.16175,23.26825,23.52725,22.10112,23.37171,23.06242,21.66875,22.98046,23.14479,20.75783,21.82958,21.62475,21.66763,22.75387,22.51496,22.45679,22.28433,22.27850,22.52713,22.04625,22.70550,22.03596,22.85888,23.21025,22.94921,23.08271,23.19950,23.11012,23.04879
1444,15.65917,24.90746,24.35600,17.28712,23.10146,22.43917,16.18258,21.40904,20.99204,15.68454,16.62958,16.69033,16.10579,19.39550,18.62025,18.55833,17.78604,17.75142,18.50400,17.17842,19.54550,17.16183,20.47275,19.97033,20.20633,20.18146,22.10875,23.60825,25.25233
1445,15.00629,16.40808,15.47246,15.46250,15.54846,16.32300,15.20525,16.17442,15.53525,14.82854,15.25696,15.35704,15.23046,15.45946,15.51354,15.70208,15.42004,15.34000,15.37204,15.33450,15.66038,15.30367,15.89604,15.08429,15.54817,15.28592,15.68212,16.64892,17.71750
1446,2.94146,3.25129,3.11096,3.05783,3.13683,3.27463,2.99250,3.26004,3.14838,2.88829,3.00225,3.02217,3.00550,3.09325,3.08371,3.12238,3.04496,3.02317,3.04750,3.02250,3.13800,3.01279,3.20346,3.03546,3.13504,3.08662,3.16854,3.31567,3.47175
1447,13.37542,16.96442,16.24821,14.32058,15.84492,16.15608,13.59633,15.78146,15.12788,13.00471,13.67233,14.09100,13.84225,14.56158,14.49871,14.84092,14.15800,13.91692,14.16225,13.90287,14.92675,13.78112,15.37738,14.14888,14.91196,14.57662,15.64096,16.64138,17.53104
1448,2.85704,4.84708,4.60254,3.05983,4.14708,4.01596,2.86454,3.71525,3.53917,2.78629,2.87721,3.09454,2.94858,3.22500,3.14096,3.23383,3.00121,2.93354,3.04346,2.93562,3.32113,2.90046,3.50175,3.24358,3.38329,3.32212,3.86638,4.37646,5.02867
1449,9.37633,14.27421,14.34321,11.16458,14.10183,13.78487,10.12008,13.56283,13.54733,8.82675,10.44450,10.36012,10.19846,12.54412,12.04821,12.06804,11.44767,11.34238,11.91283,10.92167,12.65146,10.85846,13.19300,13.02533,13.09967,13.13537,13.83021,13.98638,14.08462
1450,6.75188,7.78175,7.08858,6.81950,7.13104,7.78633,6.40721,7.64588,6.98388,6.89808,6.37554,7.22325,6.66467,6.69083,6.73487,7.08800,6.54629,6.33321,6.43350,6.45608,7.02042,6.35058,7.35258,6.27829,6.91454,6.58775,7.20587,8.04312,8.72879
1451,9.14458,14.41383,12.97342,9.98175,12.15454,12.70442,9.21771,11.95342,10.80438,8.82554,9.24758,9.97704,9.53458,10.08079,10.06333,10.57983,9.66971,9.35004,9.58800,9.44721,10.62496,9.29292,11.26567,9.36033,10.51979,9.97354,11.73454,13.70287,15.80050
1452,2.02554,2.50379,2.35887,2.16412,2.33042,2.47687,2.02571,2.45175,2.30696,1.95242,2.02279,2.19738,2.10050,2.18296,2.16708,2.25992,2.09296,2.03221,2.08354,2.05596,2.26696,2.02483,2.37154,2.13167,2.26821,2.19854,2.34946,2.52758,2.72158
1453,22.76475,25.58138,25.28350,23.27683,24.73829,24.61833,22.94850,24.23946,23.96433,22.58550,23.01808,23.13408,23.00879,23.57712,23.46971,23.57300,23.27646,23.20233,23.35675,23.14071,23.70200,23.10438,23.94825,23.55088,23.77375,23.67512,24.39704,25.05792,25.74817
1454,17.69487,16.92467,16.22508,17.53258,16.58858,17.38004,17.38083,17.47546,16.98275,17.84808,17.31846,17.85325,17.54367,17.10862,17.29554,17.55063,17.30654,17.17017,17.10667,17.31292,17.33150,17.24742,17.41871,16.59062,17.10933,16.83688,16.91604,17.38617,17.89925
1455,6.57712,4.01471,3.95342,5.57958,4.20871,4.44263,6.17812,4.59667,4.66667,6.94362,6.03050,6.06458,6.08488,5.09379,5.23633,5.15267,5.50496,5.61021,5.36596,5.78013,4.97092,5.83796,4.74087,5.10600,4.85692,4.92488,4.40812,4.32421,4.39329
1456,6.84346,7.31629,7.85492,7.25092,7.89408,7.49696,7.15154,7.58725,7.96746,6.65771,7.24675,6.93304,7.07587,7.76021,7.54958,7.38654,7.44050,7.50746,7.65342,7.33892,7.61713,7.36692,7.63250,8.24125,7.85137,8.06271,7.83696,7.32196,6.75792
1457,19.66396,9.58571,9.61029,16.98875,10.62775,11.46892,18.77429,12.33292,12.62263,20.11167,18.20317,17.96517,18.65813,14.53529,15.41600,15.35487,16.48967,16.66442,15.67025,17.38854,14.29671,17.48808,13.24096,13.76817,13.52675,13.54254,11.58554,10.59963,9.87675
1458,25.24608,27.52279,26.85808,26.03625,26.41246,26.74942,25.65096,26.44704,25.82854,24.62233,25.63296,25.61846,25.83029,25.71758,25.89354,26.21767,25.80613,25.60217,25.61204,25.71554,26.04167,25.61704,26.22992,25.00758,25.80933,25.44837,26.27171,27.15583,28.00246
1459,21.63188,28.25100,27.85971,23.41996,27.17404,26.85571,22.45412,26.24896,25.95017,21.11179,22.80737,22.53942,22.42279,24.87546,24.37037,24.38358,23.76717,23.69996,24.24929,23.26363,25.00771,23.23033,25.64008,25.27025,25.43887,25.40642,26.60962,27.54583,28.50225
1460,26.22604,30.10642,30.32367,27.55171,29.86721,29.30400,26.98029,29.02142,29.21104,25.72800,27.23642,26.80321,26.90392,28.59425,28.22408,28.09767,27.88058,27.90271,28.26150,27.54313,28.52571,27.54925,28.78196,29.16463,28.88875,29.05842,29.47517,29.56471,29.73000
1461,24.35917,30.44504,30.43933,26.22033,29.84271,29.17633,25.49338,28.70233,28.86300,23.77788,25.91267,24.96108,25.23933,27.94392,27.35283,27.07625,26.83671,26.93604,27.46013,26.35233,27.83300,26.40242,28.27621,28.64858,28.38754,28.59604,29.30571,29.67388,30.23929
1462,23.24296,24.48925,25.46733,24.21513,25.29354,24.17663,24.50629,24.23846,25.34946,22.60171,24.78283,22.84421,23.93658,25.36050,24.95971,24.24550,24.98933,25.39279,25.51350,24.88217,24.75117,25.08379,24.46171,26.52008,25.23779,25.90288,25.05083,23.99679,23.29008
1463,20.89050,21.86554,22.37092,20.87304,21.17358,19.89679,21.75258,19.46967,20.25204,20.09583,21.65721,20.10971,21.40183,20.65963,20.69133,20.25825,21.07413,21.35767,21.09317,21.38008,20.20342,21.52304,19.67088,21.23100,20.27438,20.74025,20.47321,20.33779,20.92975
1464,17.19883,24.13292,24.27317,18.93304,23.70363,22.98600,17.93892,22.50125,22.60950,16.60246,18.25796,18.09179,18.00454,20.96533,20.09729,20.03313,19.24796,19.16921,19.96917,18.72654,21.03263,18.67338,21.86608,22.01996,21.84208,22.02450,23.11033,23.47046,23.91542
1465,17.76313,25.26488,24.99988,17.77229,23.86592,22.85108,17.45596,21.89838,21.97725,18.71225,17.77363,17.80633,17.18163,20.21100,19.14471,18.76283,18.35183,18.52071,19.25792,18.04458,20.09688,18.13367,21.00500,21.46175,21.08088,21.37708,22.86421,23.92742,25.38654
1466,18.90892,31.37767,31.54979,21.94729,30.36796,28.80221,20.65325,27.78733,28.25288,18.29879,21.47283,19.94013,20.12733,25.94663,24.43613,23.76721,23.22783,23.49563,24.71167,22.30600,25.64654,22.43650,26.76292,27.92167,27.07425,27.63950,29.16500,29.85463,30.97304
1467,26.29004,27.79429,28.75608,26.00563,27.72279,26.25029,26.12738,25.89679,26.66513,26.37821,26.12271,25.95013,26.10558,26.34817,26.12600,25.91908,26.08883,26.15883,26.26321,26.10600,26.10533,26.13213,25.95863,27.13288,26.40171,26.79967,26.97425,26.46838,26.09104
1468,16.08050,12.23342,12.53225,14.25833,12.58000,12.36025,15.33738,12.54396,13.06071,16.93554,15.16733,14.87733,15.03329,13.74146,13.88071,13.54488,14.33938,14.61321,14.23300,14.77304,13.37729,14.92221,12.88292,14.01008,13.31338,13.61342,12.68442,12.17338,12.03767
1469,13.38608,14.81363,14.34904,13.66808,14.56021,14.99325,13.40496,14.91838,14.64383,13.61008,13.56763,13.51225,13.28633,14.30825,14.09546,14.07125,13.87504,13.89817,14.08492,13.71338,14.34754,13.73600,14.64175,14.44904,14.51854,14.48154,14.65913,15.17271,15.69083
1470,22.75533,24.13467,24.54396,23.23317,24.35188,23.85888,22.98625,23.83729,24.22242,22.79529,23.17071,22.75821,22.84825,23.94729,23.70542,23.50738,23.54296,23.61450,23.81138,23.34825,23.80704,23.38400,23.84700,24.36829,24.06625,24.27508,24.20138,23.82788,23.52746
1471,6.82437,5.83175,5.47762,5.68896,5.31729,5.43775,6.14167,5.32846,5.28321,7.36262,5.97717,6.36646,6.15592,5.35617,5.39421,5.41092,5.51229,5.53746,5.40837,5.75467,5.33508,5.77183,5.29179,5.40483,5.30754,5.32837,5.28633,5.67537,6.49212
1472,20.26350,16.93500,17.90817,18.51604,18.06367,17.09700,20.07279,17.41133,18.80446,20.49992,19.83467,18.61729,19.61946,18.87333,18.45421,17.75567,18.72329,19.16308,19.01854,19.30246,18.19358,19.52400,17.80429,20.31529,18.74071,19.54579,18.08488,16.75342,16.28167
1473,21.94842,18.77767,18.53021,19.30313,18.54238,18.48783,20.96588,18.46758,18.89804,22.85863,20.58208,20.36863,20.65533,19.03596,18.85413,18.49196,19.17638,19.48779,19.18779,19.90879,18.67663,20.07950,18.50558,19.74704,18.91038,19.28104,18.57533,18.70308,19.75979
1474,27.56592,22.58554,22.87529,24.10704,22.47100,21.89350,26.29329,21.91479,22.76171,28.51104,25.70142,25.55792,26.02821,23.21029,23.17958,22.78225,23.76517,24.10767,23.58825,24.77521,22.71738,24.95804,22.21196,24.08933,22.86683,23.40683,22.34029,22.02671,22.96613
1475,30.84979,15.98829,16.06075,26.80704,17.41354,18.55417,29.89650,19.78192,20.40671,31.08504,28.97658,27.98058,29.56458,23.21158,24.41267,24.20783,26.07283,26.43479,24.90683,27.59471,22.70900,27.80342,21.09658,22.53313,21.70246,21.91492,18.75475,17.41658,16.88796
1476,33.18296,31.56867,32.59225,32.58925,32.59329,31.84100,33.16338,32.15392,33.12225,33.59163,33.23667,32.41171,32.76167,33.18571,32.90429,32.39871,33.00071,33.30279,33.29946,33.12375,32.73175,33.28429,32.47242,34.05246,33.08842,33.60217,32.62579,31.43538,30.66650
1477,26.65404,31.81321,31.42296,25.95688,29.97125,29.30588,25.98158,28.36338,28.14971,27.50038,26.03400,26.67033,25.89904,27.01083,26.44929,26.41113,26.03167,26.07196,26.41542,26.02908,27.03300,26.06450,27.62575,27.78154,27.54479,27.65329,29.01142,30.47700,32.53667
1478,35.16963,37.83521,38.10450,34.61333,37.18250,36.33950,34.64738,35.85821,36.11275,35.83113,34.70354,35.03271,34.57025,35.39871,34.98750,34.85667,34.73629,34.80079,35.04275,34.71696,35.29529,34.75513,35.55192,36.15842,35.70996,35.94354,36.52717,36.87629,37.63154
1479,18.08513,19.82525,20.77550,16.37117,19.59971,18.15700,16.64800,17.64658,18.33675,19.47838,16.58113,17.72679,16.69138,17.30408,16.67346,16.47767,16.36500,16.45000,16.77721,16.47442,17.06513,16.51154,17.33342,18.83421,17.74700,18.25463,18.69529,18.65338,19.11521
1480,20.10579,23.52158,23.65917,17.86217,22.18033,21.08196,18.80529,20.16408,20.33050,20.97217,18.42888,19.48771,18.92538,18.77042,17.91863,17.80708,17.50017,17.58071,17.92354,17.97871,18.68125,18.00858,19.38433,20.28129,19.51258,19.86492,21.08579,22.18154,24.01933
1481,40.80613,35.02437,33.10108,37.69783,33.37221,34.85383,39.97354,34.90296,34.30375,40.33292,38.95950,38.88775,40.17917,35.12967,35.70688,36.06633,36.44550,36.38600,35.54054,37.75721,35.32117,37.74029,35.03008,34.29517,34.75508,34.45071,33.94329,35.36833,38.28763
1482,31.48579,32.48421,30.76213,28.87963,30.24542,30.85246,30.43538,30.24975,29.62063,31.53254,29.68750,30.15238,30.66754,28.54138,28.11575,28.35846,27.93733,27.84892,27.82683,28.84450,28.83925,28.80571,29.57583,28.67438,29.17429,28.98575,30.03538,31.99913,35.42021
1483,40.95508,43.81004,43.12921,39.73950,42.02000,41.59854,40.89483,40.85346,40.76733,40.20700,40.37121,40.14979,41.03513,39.78513,39.31692,39.34488,39.15567,39.16600,39.23533,39.78546,39.82829,39.78008,40.31013,40.43546,40.26679,40.37279,41.33500,42.68942,45.13058
1484,15.53488,16.07054,15.44696,13.49963,14.70179,14.59463,14.83763,14.05788,13.99500,15.59388,14.31617,14.52767,14.89808,13.34217,12.97833,12.95613,12.96800,13.04521,12.98688,13.66783,13.29792,13.70450,13.62138,14.06338,13.65375,13.80913,14.26529,15.49879,17.86658
1485,13.22013,12.43258,12.32546,11.92842,12.20717,12.32154,12.10842,12.28263,12.16225,14.20963,11.99133,12.90804,12.20646,11.88867,11.79942,11.91104,11.72154,11.66713,11.69317,11.86083,11.98392,11.84150,12.16150,11.96188,12.05617,12.00604,12.19317,12.43642,12.83017
1486,6.10996,6.94904,6.14429,5.86237,6.07921,6.68321,5.60967,6.50900,5.90900,6.44017,5.55696,6.40004,5.81500,5.68150,5.73579,6.04204,5.60308,5.42946,5.47979,5.57800,5.96617,5.49617,6.24325,5.29433,5.85779,5.56746,6.12583,7.01283,8.05221
1487,9.69350,6.83100,6.52621,8.33367,6.54117,7.01537,8.70417,7.08983,6.73746,10.18354,8.37112,9.47433,9.01012,7.11212,7.49562,7.84342,7.74571,7.57433,7.27600,8.07275,7.33012,7.98742,7.19183,6.52521,6.95004,6.69825,6.71400,6.99071,7.21708
1488,22.62571,17.23700,16.15058,20.80792,16.86500,18.57400,21.12904,18.93283,17.86088,23.32775,20.64279,22.42671,21.66188,18.64858,19.43333,20.17300,19.82075,19.45204,18.94029,20.25104,19.19817,20.07438,19.07288,17.10529,18.37208,17.68246,17.63642,18.36063,18.87183
1489,38.31496,46.13154,45.24633,40.87808,44.28454,44.43008,39.32221,43.68504,42.72900,37.08279,39.55521,39.89654,39.75071,41.58767,41.39425,41.95275,40.70567,40.27271,40.82038,40.10250,42.17871,39.87763,42.96571,41.10500,42.25388,41.76958,43.71817,45.31475,46.69033
1490,6.19562,15.77008,15.75208,8.83392,15.02533,14.31283,7.08021,13.62933,13.49904,5.81417,7.68008,7.84483,7.14592,11.53096,10.53446,10.50725,9.41771,9.29054,10.34354,8.50587,11.68892,8.42896,12.76371,12.55850,12.58525,12.67775,14.26967,15.00971,15.63875
1491,21.26208,30.27425,29.32629,22.18121,27.65754,27.53938,20.61996,26.27517,24.94954,21.49450,20.71713,23.02342,21.31892,23.05838,22.62738,23.42213,21.68183,21.12604,21.84679,21.17288,23.83858,20.88758,25.06600,22.89808,24.10983,23.53813,26.53175,28.99021,31.12867
1492,42.02692,45.02267,44.94613,43.33354,45.16654,45.38633,42.14342,45.42108,45.09675,41.94400,42.39600,43.16800,42.42292,44.25346,43.95017,44.20692,43.38079,43.14417,43.64446,42.86467,44.55317,42.73504,45.12129,44.27263,44.78525,44.59033,45.22513,45.31404,45.07283
1493,41.86975,41.88867,40.98421,44.42283,43.06804,45.50658,42.26092,46.46575,45.14313,41.12650,42.53429,43.87775,42.96317,44.60983,44.73921,45.66379,44.04408,43.38525,43.89275,43.25429,45.50779,42.91671,46.30629,43.32429,45.22471,44.34817,44.52687,44.53325,43.47600
1494,9.06675,39.59750,38.27175,16.84192,35.67138,34.25104,11.63917,31.68813,30.23879,8.11292,13.40625,13.89858,11.78354,24.47321,21.76421,21.91538,18.47967,18.02463,21.00667,15.81704,25.28204,15.57167,28.71579,26.38292,27.58417,27.32921,33.24271,37.05779,40.50079
1495,43.96467,43.56829,42.64146,43.83854,42.32129,43.04525,43.94425,42.85754,42.17638,43.43438,43.67854,44.15738,44.24000,42.56546,43.03283,43.49375,43.25958,43.03375,42.74454,43.47917,42.87129,43.37017,42.78546,41.79379,42.39150,42.02725,42.36708,43.44350,44.82783
1496,59.08883,57.61212,58.02875,59.45008,58.52375,58.50333,59.40704,58.90088,59.32638,58.85729,59.47546,59.08754,59.33963,59.55258,59.54379,59.39892,59.60567,59.67142,59.67304,59.53863,59.38246,59.56500,59.17767,59.83546,59.43875,59.63479,58.83908,58.01692,57.18358
1497,11.62542,16.65613,16.31117,12.46896,15.41408,14.99021,12.11163,14.34113,14.16583,11.35121,12.28796,12.10708,12.03425,13.42375,13.04138,12.97417,12.69842,12.72617,13.04567,12.48225,13.42421,12.49621,13.82454,13.91192,13.76796,13.83654,14.77225,15.77096,17.10942
1498,58.60767,65.01833,64.99292,60.81963,64.34721,63.85142,59.66008,63.38708,63.30154,57.77321,60.03021,59.76763,59.72475,62.25725,61.76558,61.79021,61.15117,61.04642,61.63729,60.56392,62.36013,60.50008,62.90913,62.77208,62.80367,62.84267,63.82092,64.32950,64.86679
1499,53.03033,64.39912,63.45088,56.45513,62.59538,62.64604,53.89158,61.77713,60.72571,52.24546,54.45163,55.51471,54.42121,58.59117,57.87788,58.45017,56.58008,56.06617,57.18575,55.46396,59.29267,55.18858,60.67258,58.60550,59.82625,59.34983,61.90575,63.62979,64.99546
1500,16.90000,26.29192,26.35788,18.82708,24.86533,23.84950,17.61013,22.84238,22.59750,16.41033,17.98167,18.25533,17.71625,20.82179,20.01154,20.07175,19.12300,18.99588,19.80854,18.52275,20.99271,18.45063,21.92629,21.71329,21.71825,21.77267,23.71696,24.89525,26.05317
1501,39.43225,33.76229,31.63913,37.43113,32.48850,35.13963,37.50521,35.46621,33.55342,40.14250,36.86233,39.29529,38.35879,34.43588,35.57146,36.80550,35.95879,35.29696,34.67021,36.43154,35.45258,36.11429,35.49913,31.77975,34.20492,32.97429,33.52825,35.09788,36.30621
1502,23.04038,26.19454,23.56021,23.31579,23.56642,25.63967,22.21754,25.18788,23.15608,23.14658,22.06788,24.21000,22.97513,22.55200,22.86025,23.94413,22.43283,21.78621,21.94654,22.23979,23.57238,21.92213,24.42913,20.93754,23.07833,22.00954,23.85125,26.51450,29.19154
1503,39.10754,40.46921,39.98071,40.74250,40.23113,40.95133,40.14188,41.08083,40.61838,37.78250,40.18554,40.04492,40.35692,40.57108,40.68892,41.01254,40.55963,40.36221,40.44800,40.36442,40.82271,40.26050,40.99175,40.21750,40.67158,40.41846,40.53342,40.89075,41.24608
1504,45.36804,59.90075,59.36283,51.26687,59.12500,59.27846,47.57604,58.68242,57.74400,43.42129,48.52513,49.02371,48.11721,54.82254,53.63188,54.18838,51.76908,51.18413,52.86738,50.06879,55.55692,49.74813,57.39263,55.48721,56.53954,56.16767,58.65467,59.91158,60.65275
1505,28.36021,28.53321,29.08967,28.16008,28.91550,28.41454,28.38754,28.39429,28.84196,28.56725,28.43583,28.24667,28.22433,28.67900,28.42179,28.14288,28.39146,28.55721,28.64354,28.41425,28.41896,28.49258,28.38592,29.38704,28.71283,29.03258,28.73721,28.39538,28.13521
1506,31.41067,17.52421,16.96996,26.41175,17.39221,18.58633,29.58671,19.24346,19.14608,32.33992,28.48258,28.62025,29.49900,22.03704,23.54113,23.63425,25.30729,25.52225,23.81413,26.97113,21.83321,27.10471,20.30029,20.46213,20.46413,20.27279,18.27929,18.08658,18.50563
1507,65.48592,60.81279,58.45600,64.48379,59.89067,62.21838,65.08633,62.77567,61.94725,65.56554,64.79800,64.89646,65.14529,63.01325,63.61583,63.89008,64.06971,64.00729,63.49925,64.45188,63.23288,64.43325,63.00163,61.79371,62.59688,62.14767,61.17754,62.06783,64.01096
1508,67.61792,81.90283,81.89092,72.11621,80.16821,78.77254,70.09779,77.55963,77.48767,65.78242,70.87962,69.73483,69.98904,75.31508,74.19679,74.03479,72.98942,72.93663,74.11046,71.88358,75.37600,71.84212,76.48542,76.57575,76.39354,76.58892,78.78183,80.03904,81.43438
1509,30.42238,39.68133,39.42929,33.21133,38.35571,37.69663,32.12779,36.82908,36.72687,29.17142,32.61733,31.77188,31.96188,35.34854,34.55838,34.38413,33.82350,33.87563,34.60813,33.19083,35.27342,33.20983,35.99217,36.56625,36.01475,36.26250,37.46208,38.72804,40.48133
1510,16.46933,13.15317,13.13829,15.11308,13.51088,13.81883,15.70883,14.05938,14.19271,17.15767,15.51421,16.06988,15.71967,14.58521,14.70150,14.64192,14.95629,15.03696,14.81613,15.24821,14.45129,15.28563,14.22208,14.74742,14.37692,14.49221,13.79363,13.63096,13.80608
1511,44.36458,48.37488,47.53729,43.55542,46.64604,46.82913,43.63329,46.09783,45.46733,44.31596,43.27821,44.78229,44.14138,43.96571,43.40013,43.82088,42.84533,42.58354,42.99004,43.06550,44.30671,42.91771,45.20517,44.64267,44.80467,44.71279,46.09508,47.84662,50.04879
1512,24.86242,29.36638,27.79838,25.03804,27.18517,28.01529,24.88079,27.26196,26.07079,24.58179,24.79096,25.42954,25.06075,25.27167,25.07083,25.44325,24.72546,24.56438,24.75842,24.75650,25.66371,24.68313,26.39783,25.03867,25.74208,25.34129,26.84479,29.09354,31.57617
1513,44.52896,46.02846,44.23679,45.28800,44.97667,47.33050,43.94971,47.31613,45.34296,44.60738,43.92350,46.11254,44.65013,44.77942,45.03346,46.09588,44.54962,43.92346,44.15896,44.22046,45.74783,43.91583,46.62213,43.42671,45.31808,44.31575,45.61242,47.62208,48.98033
1514,60.74367,64.39233,63.66046,61.24263,62.40946,62.59971,61.13383,61.84658,60.87696,59.98254,61.00604,61.23942,61.30908,60.65738,60.86575,61.31696,60.83104,60.62650,60.54388,60.92154,61.04146,60.83508,61.33008,59.99833,60.75988,60.32375,61.79888,63.52346,65.14863
1515,78.81363,71.83758,71.90150,77.60321,73.19946,74.60342,77.53050,75.55233,75.02400,79.30325,77.14554,78.88783,78.14983,75.74933,76.43750,77.12471,76.70875,76.29896,75.94479,76.93800,76.23721,76.72742,76.04021,74.44588,75.54146,74.99821,74.30596,73.51633,71.86542
1516,73.21775,72.40017,71.05267,71.04192,70.84513,72.36633,70.66862,72.02096,70.28792,74.60579,70.13304,73.69496,71.66317,69.58813,69.91562,71.12688,69.62767,68.91625,68.91696,69.88767,70.60779,69.53738,71.37562,68.24092,70.14329,69.19075,70.93413,72.96383,74.49846
1517,71.46717,87.00321,85.94192,73.69963,83.11325,82.01558,72.57800,79.91950,78.74512,70.56933,72.94992,73.04375,72.61183,76.24733,75.17146,75.28079,74.02742,73.94942,74.91279,73.45825,76.61354,73.41337,78.16283,76.84638,77.47338,77.23363,81.08346,84.40258,87.75146
1518,88.40400,91.97379,89.74558,87.11379,88.32292,89.53692,87.48275,88.34383,86.14950,88.60150,87.04754,88.32354,87.82821,85.79125,86.18917,87.04021,86.17542,85.82217,85.54758,86.62812,86.63021,86.48583,87.33787,84.04092,86.03329,84.99696,87.68283,91.15333,94.48825
1519,79.80883,58.98967,55.12854,72.13642,57.21108,62.57333,75.35237,63.65517,60.66096,82.00533,73.53104,76.90887,76.18471,64.38162,67.15538,68.89504,69.24396,68.63450,66.23221,71.48775,65.54883,71.25683,64.40963,59.66150,62.72350,60.88933,59.66113,62.13958,64.89342
1520,85.18258,104.79896,104.01462,89.93350,102.52525,101.81417,86.57496,100.20942,99.04775,85.27946,87.85554,88.08379,86.41542,95.22942,93.41000,93.45612,91.21054,90.97917,92.93017,89.44925,95.80692,89.35187,98.19150,96.18329,97.31317,97.02554,101.05917,103.51583,105.08304
1521,108.98679,79.05408,78.97683,102.38250,82.89592,86.39712,106.49550,89.45237,89.62812,110.08704,104.99442,105.11946,106.44946,95.08812,97.85537,98.22200,100.71346,100.87583,98.13479,102.96067,94.89333,103.09258,92.13312,91.95946,92.36983,91.89462,86.37108,83.21554,79.72488
1522,53.52521,69.51133,69.97917,56.48067,68.17679,65.84763,54.74054,64.45713,65.05550,53.87942,55.81971,55.01046,54.08496,61.77171,59.73329,58.98375,58.05704,58.35183,59.98583,56.88042,61.47350,57.04563,63.06512,64.39258,63.39096,64.08229,66.42967,67.20213,68.29004
1523,41.50775,53.01204,53.37246,44.62908,52.69796,52.22746,41.69946,51.58421,50.76137,41.46388,42.33537,44.44917,42.34563,47.68779,46.49642,47.12717,44.73771,44.14083,45.65938,43.47533,48.48513,43.16238,50.34375,48.22887,49.46413,49.05650,51.93783,52.69117,52.22813
1524,70.13267,65.62638,64.66521,69.03892,65.53558,66.88762,69.45950,67.39504,66.89563,70.31558,69.14008,69.68004,69.68142,67.62617,68.14563,68.50196,68.48788,68.32867,67.93033,68.82950,67.87850,68.75696,67.67258,66.67221,67.34888,66.98250,66.37404,66.51208,66.53942
1525,90.37308,98.98183,96.03867,94.42512,96.31425,99.66171,91.32887,99.09242,95.45700,88.72254,91.59258,93.52058,92.40308,94.16567,94.57221,96.40208,93.49554,92.35358,92.97250,92.49837,95.99942,91.94371,97.69729,91.16367,95.22225,93.27175,96.78071,100.59133,102.38283
1526,64.21158,54.74900,56.30313,61.70842,57.18800,56.88458,63.54471,57.85842,59.08479,64.93342,63.18912,62.29192,63.12496,60.54208,60.88675,60.30000,61.76492,62.19950,61.49767,62.51188,59.87571,62.73237,58.82662,60.94821,59.69600,60.26837,57.85113,55.67925,53.37483
1527,86.16550,104.88779,103.22796,90.73192,101.21333,101.47717,86.43450,99.77171,97.28229,85.36187,87.04629,90.24671,87.78304,93.38775,92.42567,93.97829,90.17879,88.96012,90.75433,88.53337,95.09092,87.90167,97.70250,92.49525,95.68412,94.37962,99.82908,103.35796,105.68233
1528,66.44846,77.74404,74.22671,67.97792,73.18058,74.94304,65.68788,73.62154,70.95617,66.68946,65.85292,68.54396,66.61117,68.81592,68.52487,69.79563,67.27196,66.41883,67.27421,66.52458,70.21171,66.10104,72.02567,67.18167,70.18213,68.85617,72.72129,76.81225,81.12096
1529,88.78483,85.60783,86.76250,88.01587,86.90883,86.15729,89.49096,86.52071,87.67583,88.91704,89.55767,87.41871,88.60954,88.48650,88.30942,87.31917,88.82925,89.51512,89.18279,89.21162,87.63433,89.56654,86.98108,89.39979,87.91379,88.63946,87.00887,85.67196,84.70967
1530,76.96042,56.29313,53.13754,66.14183,54.51496,58.89887,69.12092,59.52500,56.65212,82.56846,67.19146,74.13554,70.45008,59.17529,61.41221,63.21642,63.01521,62.28108,60.31921,65.19763,60.44983,64.87133,59.85792,55.13183,58.12883,56.39046,56.25567,58.78533,60.95071
1531,68.26075,48.29438,44.52029,67.42133,48.58358,55.11804,70.02500,57.32925,54.90250,65.17496,68.91250,66.38275,69.96258,60.31308,63.39900,64.35304,65.91113,65.77858,63.22563,67.49129,60.82571,67.47925,58.83863,55.52454,57.76596,56.28650,52.39533,53.57663,55.11454
1532,90.68762,60.63633,56.96517,82.95217,60.98267,67.36925,87.24196,69.83400,67.53104,91.95879,85.28171,86.70908,87.69554,73.55412,77.16483,78.47358,80.28225,80.01579,76.78129,82.90508,74.23842,82.83592,71.83825,68.06829,70.69800,69.03171,64.93046,65.44917,66.15862
1533,142.15212,146.44767,146.24262,143.68633,146.08646,145.92487,142.77862,145.70650,145.69062,141.86992,143.13733,142.96258,142.74383,144.97892,144.56429,144.48471,144.09721,144.08425,144.55254,143.59496,144.98383,143.58012,145.38262,145.44479,145.36254,145.44150,145.88775,146.17650,146.58783
1534,38.24475,34.56737,34.23121,36.53925,34.35929,34.80458,37.63721,34.93154,34.91263,38.61433,37.31654,37.45567,37.53071,35.56612,35.81800,35.76767,36.27588,36.42204,35.98508,36.82004,35.40758,36.90429,35.07413,35.59433,35.19913,35.27575,34.59533,34.79088,35.46896
1535,78.85700,85.87762,87.52412,84.21663,88.99412,88.46896,81.24379,89.31408,90.26850,77.37333,82.33362,81.73067,81.28517,88.25296,86.90367,86.58633,85.43262,85.34583,86.88400,83.81121,88.14471,83.72342,89.14246,90.06346,89.45371,89.94296,89.49154,87.21608,84.26550
1536,124.91825,106.26058,105.19721,123.41217,108.01242,111.77658,125.15629,113.91254,113.10658,122.86158,124.08529,123.85746,125.70454,117.28192,119.74029,120.68954,121.73833,121.42433,119.49092,122.97450,117.57304,122.82133,115.64150,114.44108,115.27837,114.51121,110.77329,109.79287,108.95042
1537,121.14408,82.33917,79.57800,111.22429,85.14129,92.92108,115.12462,96.45571,93.57283,123.85829,112.66937,117.83196,116.61471,99.89917,104.08558,106.37746,107.28612,106.42029,102.99946,110.10921,101.19175,109.72004,98.79837,93.73362,97.08808,94.91733,90.15675,89.66633,87.80437
1538,138.95787,139.33750,140.59762,140.59021,141.32746,140.76575,139.95312,141.33850,142.32867,138.39067,140.33083,139.55667,139.78279,142.00121,141.51242,141.09358,141.21658,141.37875,141.80262,140.75412,141.61096,140.81337,141.58671,143.21942,142.16829,142.71454,141.60425,139.95662,138.17921
1539,117.48462,98.08071,99.33050,114.24050,101.73108,103.43367,116.27887,105.60675,106.27912,117.13754,115.22021,116.01787,116.79921,109.48362,111.15325,111.58079,112.83187,112.72500,111.20854,114.08675,109.30062,114.01296,107.45037,108.43512,107.88587,107.89575,103.83858,101.08558,98.47767
1540,84.49871,89.78604,83.32704,88.93437,84.61987,90.44746,87.70392,90.02854,85.99683,80.33396,87.67442,86.89137,88.13242,86.90375,88.02175,89.49175,88.10204,87.49075,87.11954,87.88100,88.12646,87.60733,88.84062,84.24558,86.75108,85.06454,86.15417,92.11242,99.72092
1541,138.61712,148.85212,147.26100,145.93487,148.70404,150.44575,142.36800,150.90408,149.89975,135.25604,143.36375,141.91742,142.68312,148.47437,147.95142,148.43067,146.60417,146.08246,147.30396,144.91037,149.19617,144.62508,150.40950,147.75062,149.51871,148.87954,149.70233,150.09208,150.24546
1542,136.16412,136.85225,134.04812,137.26429,135.70583,139.48471,135.28608,139.89942,137.06150,136.34371,135.28079,138.46442,136.29146,136.47804,136.92100,138.43671,136.25279,135.36687,135.66700,135.74262,137.92479,135.31004,139.16029,133.99987,137.19625,135.60975,137.14187,139.37812,140.57421
1543,116.25525,123.98604,122.41267,122.41821,123.60404,125.02425,120.30796,125.36629,125.18579,112.62175,121.11079,118.66562,120.16250,124.55517,124.02462,123.95450,123.28954,123.24246,124.04296,122.15217,124.50708,122.10692,125.01721,125.49992,125.01150,125.17121,124.40975,125.04079,127.00050
1544,154.73037,153.23683,151.60692,157.84429,151.58408,153.72204,158.14271,153.86021,152.60417,149.98162,157.72483,155.09771,158.37162,154.60925,156.02758,156.79854,156.97204,156.66987,155.72437,157.37121,154.96233,157.22783,154.14158,152.91925,153.59608,152.97525,152.26708,154.02075,156.47204
1545,121.09650,131.48179,130.00654,128.64521,131.24262,133.10071,125.79750,133.41258,132.25692,117.11700,126.79346,123.98829,125.65250,131.16787,130.67292,130.89387,129.56737,129.30675,130.29867,128.11771,131.69225,127.98717,132.79800,130.46587,131.97808,131.40196,132.13962,132.94246,133.20221
1546,82.11238,77.51621,77.42025,82.86888,80.01608,82.67254,80.80779,84.04333,82.95958,82.49742,80.76871,84.48046,82.04508,82.39296,82.54367,83.75017,81.89608,81.06763,81.56317,81.30550,83.27392,80.85442,83.98358,81.94996,83.05679,82.39100,81.73963,81.23792,79.59629
1547,134.73267,151.86662,150.27654,140.38875,149.56350,150.31592,136.46900,149.33437,147.44092,133.37358,137.42012,138.59087,137.09129,144.06596,142.85683,143.68846,140.74487,140.01167,141.79125,139.00071,145.23054,138.62212,147.60058,143.71521,146.09329,145.18612,149.00967,151.44758,153.06875
1548,178.86250,185.53879,186.08008,180.93262,185.24867,183.94329,180.30267,183.48567,184.22325,178.10183,180.79408,179.46683,179.92488,183.17142,182.33842,181.78808,181.78946,182.03887,182.67000,181.26787,182.78254,181.38242,183.13604,184.63229,183.62804,184.18958,184.52529,184.36762,184.70475
1549,95.12325,84.09404,88.61129,92.49321,89.33437,85.38242,97.38279,86.68654,92.36937,94.98546,97.54862,90.78996,94.68496,94.63637,93.52054,89.93962,95.16612,97.52833,96.73083,96.41662,91.12471,97.59550,88.52937,100.72475,92.83854,96.42217,89.31058,83.73317,81.56992
1550,162.09104,114.17150,115.06787,150.89379,121.06433,126.21242,157.03175,130.93796,131.55967,164.13904,154.38567,156.45625,157.70158,139.41754,143.46912,144.28442,147.69337,147.68529,143.70829,151.20467,139.08358,151.21508,134.89725,135.93650,135.51633,135.15554,126.21679,121.32187,116.31183
1551,123.07158,143.61400,143.35362,131.55971,142.07121,141.34858,126.75412,140.28787,139.63900,119.38371,127.89146,128.14733,127.62133,135.89046,134.37800,135.08446,132.06458,131.27087,133.44258,129.87825,136.65846,129.42029,138.73108,137.40225,138.00250,137.85112,140.93167,142.45571,143.69867
1552,151.77883,153.97054,155.53592,154.95462,156.64275,156.53000,152.61158,157.39571,157.90246,150.67629,153.05237,153.96246,153.27279,156.57142,155.98083,156.34533,155.00379,154.54179,155.52008,153.98242,156.84075,153.70417,157.45796,157.46637,157.43912,157.56137,157.18608,155.29337,152.59267
1553,140.63121,145.36792,148.40600,142.53675,147.38150,144.14437,143.16196,143.95975,146.86987,139.28179,143.74471,140.72183,142.07775,145.98542,144.46496,142.78542,144.21692,145.19862,145.84712,143.96933,144.32879,144.43204,143.98858,150.62492,146.11008,148.16717,146.21417,144.09237,143.31946
1554,139.43062,174.39383,172.69608,147.38254,168.79654,166.89792,142.13979,163.65375,161.81737,137.95279,143.78783,144.49921,142.44758,155.22112,152.28779,152.68242,148.71075,148.10787,151.27150,146.12375,156.29500,145.81112,160.20625,157.03208,158.75633,158.31700,165.66242,170.46004,175.04321
1555,160.99667,181.16217,184.26021,167.40242,181.61050,175.81200,167.20071,174.37946,178.37921,158.10875,168.95854,161.10258,164.72075,175.69037,172.60392,169.43783,171.37271,173.09275,174.82342,170.10792,173.30637,170.95604,173.70079,181.79712,176.55783,179.37650,178.93446,177.00046,177.44442
1556,137.77167,108.03337,102.41483,122.25338,99.47650,104.54067,129.35792,103.48825,98.56754,139.91771,124.92108,132.31958,131.97300,105.16254,110.83462,114.53408,115.30492,113.82200,108.86808,120.33687,107.30917,119.64975,104.46096,97.00312,101.74329,98.69442,99.90079,106.78433,114.65737
1557,72.78358,83.28658,80.23337,75.37483,79.67567,82.21904,72.50962,81.17813,78.17462,72.05475,72.60408,76.31517,73.86100,75.88300,75.63267,77.34217,74.25075,73.15321,74.13412,73.38421,77.42792,72.82113,79.38850,74.88646,77.39254,76.06204,79.51267,83.84337,88.16350
1558,135.52150,133.37908,135.10175,132.60550,133.66946,131.55425,134.61567,131.17642,132.74329,136.65708,134.30821,134.04642,134.10771,132.84946,132.40171,131.53150,132.86183,133.47496,133.20837,133.61654,131.90504,133.91833,131.33292,134.94533,132.53071,133.61108,132.68329,131.81896,131.53833
1559,211.83125,192.84037,189.47350,208.43354,193.57400,199.59342,210.02171,201.77450,199.34213,212.37638,209.01987,210.30975,210.50229,202.88925,205.17692,206.41675,206.73458,206.28946,204.53762,207.93471,203.80254,207.75883,202.84117,198.58971,201.44050,199.84858,197.18350,197.87629,198.36287
1560,211.59367,202.20050,198.78725,215.08371,204.45196,210.75583,212.90421,213.47579,210.99187,209.64812,213.03579,213.41487,213.69600,212.78854,214.25250,215.69158,214.32133,213.44475,213.13617,213.65504,214.16437,213.22437,214.30400,208.55337,212.48550,210.65062,208.66817,208.21546,206.62025
1561,218.35512,198.87579,196.47217,217.97325,203.69342,209.61137,217.62583,213.35504,212.90379,218.77454,217.53775,218.38404,217.95654,215.68167,216.87892,217.35079,217.60992,217.38696,216.71938,217.57904,215.89029,217.45900,215.02408,213.98796,214.74687,214.22117,208.66275,206.06954,204.04167
1562,226.10546,214.33967,211.55600,226.67362,216.41175,221.31221,226.60392,223.81567,222.92267,225.63396,226.61633,226.10942,226.54854,225.07896,226.01454,226.30921,226.59400,226.53133,225.94433,226.61062,225.31004,226.59558,224.81567,223.25058,224.33908,223.70950,220.08333,219.15996,219.17767
1563,188.81950,178.36992,178.57704,184.48337,180.45254,181.65738,185.15221,182.86737,183.03333,191.73921,184.57987,187.92329,185.77567,183.23004,183.39642,183.79533,183.54258,183.29004,183.08721,184.08250,183.42792,183.94525,183.36129,183.17171,183.30775,183.24112,181.74671,180.35646,178.82687
1564,106.28017,94.53537,94.37017,104.08458,98.41612,101.24717,104.74029,103.43387,103.54046,108.31979,104.60937,105.49187,104.61687,104.11812,104.03421,103.83196,104.11487,104.23721,104.14283,104.37233,104.04287,104.43812,104.06579,103.92633,104.11212,104.10617,101.09300,99.04662,96.73558
1565,215.98867,203.19017,198.72633,211.28837,201.25892,206.33375,212.55704,207.29279,204.55829,218.10708,211.55354,214.87387,213.31154,206.72521,208.45137,209.81125,209.45954,208.91171,207.61546,210.55571,207.82454,210.31975,207.57542,202.92667,205.94829,204.32429,203.69608,205.96758,208.27500
1566,236.73417,235.81179,237.14821,238.02133,237.80004,237.45021,237.74371,238.02046,238.75929,235.93000,237.94950,237.09417,237.59933,238.73167,238.48608,238.20892,238.39350,238.51787,238.71017,238.16221,238.42967,238.21142,238.29696,239.56775,238.74104,239.14075,238.09421,236.64667,234.67475
1567,154.42467,186.87817,184.42829,163.71167,181.31850,181.22371,157.69500,178.38204,175.49042,151.22383,159.06462,160.70304,158.78046,169.57254,167.44175,168.81300,164.06325,162.90075,165.80300,161.43904,171.22425,160.82900,175.00262,170.44200,172.89442,171.87475,178.93192,184.53642,189.54479
1568,99.41262,94.02971,91.78317,98.10896,93.13925,95.95025,98.55058,96.49646,95.20721,99.44171,98.05471,99.52246,99.02233,96.07104,96.76204,97.47696,97.14867,96.84875,96.35304,97.62267,96.53337,97.47729,96.49096,94.92021,95.80725,95.20329,94.45283,95.83242,97.86742
1569,202.08862,192.32879,188.44575,205.87929,196.02037,204.39321,201.17162,208.07342,204.81517,201.42262,201.37754,206.53829,203.35879,204.62987,205.46000,208.04054,204.22846,202.47087,203.27933,202.73842,206.86242,201.81854,208.34896,201.28479,205.73992,203.54637,201.49687,200.97625,199.35612
1570,177.70913,195.26954,193.96717,181.75437,193.90592,195.04192,176.29450,194.22871,191.88908,178.95912,177.21275,183.14617,177.96675,186.50925,184.59396,186.18683,181.40412,180.06787,182.75087,179.20067,188.30687,178.48846,191.87012,186.92075,189.79121,188.65950,193.49137,195.87075,196.53267
1571,216.32775,224.08933,221.02662,218.82558,221.71246,224.71275,215.70713,224.46617,221.76667,216.06342,215.90146,219.55396,217.05754,219.58371,219.30787,220.94983,217.83675,216.71404,217.78087,216.81958,221.17012,216.24187,223.11546,218.17746,221.14442,219.75250,222.40087,225.41100,228.33175
1572,234.31225,231.84825,230.60892,236.35850,233.29204,235.96425,235.14404,237.26196,236.63308,233.44875,235.39750,235.33962,235.37358,236.70467,236.73521,237.08362,236.38804,236.12458,236.41917,235.87092,237.04396,235.73075,237.39500,236.20200,236.95154,236.59767,235.19958,234.82033,234.58096
1573,150.88517,173.81212,169.52087,155.24471,166.88258,168.43433,151.68004,165.83042,162.46825,149.57563,152.16742,154.79392,152.76558,158.22862,156.97246,158.44354,154.69558,153.65825,155.44483,153.36342,159.82379,152.83671,162.82925,158.09667,160.68058,159.47308,165.27746,171.98267,179.86792
1574,238.29079,229.23292,227.76783,237.60117,230.67296,234.36529,236.72346,235.95604,234.52000,238.50592,236.25208,239.11696,237.88096,235.21604,236.10837,237.43483,236.16525,235.34250,235.10862,236.21125,236.19125,235.78262,236.32875,233.38696,235.24692,234.26267,232.99712,232.95008,232.50979
1575,134.05900,195.70658,191.78946,151.60687,186.10767,185.32917,139.84092,180.07342,175.04529,127.42933,141.97737,147.22033,142.81117,162.51942,158.10767,161.29675,151.19437,148.45875,154.38583,146.34967,165.99717,144.89204,173.59754,165.21292,169.59454,167.79412,181.42221,191.38550,200.68083
1576,219.07987,219.91579,217.39200,218.81500,218.08062,220.92675,216.57875,221.19829,218.56100,219.70158,216.05921,221.40129,218.50946,217.08867,217.57921,219.81571,216.61738,215.12317,215.57646,216.31971,219.11517,215.56379,220.60400,214.08792,218.34712,216.49208,219.10412,220.81967,221.69471
1577,185.05233,210.06729,204.48321,191.93954,204.18200,209.12633,183.53838,207.51017,201.13671,184.62212,184.22500,193.61204,186.95896,194.71479,193.70546,197.75358,189.66037,186.79075,189.81067,186.80425,198.72242,185.32550,203.82454,191.48654,198.96104,195.57467,204.20633,211.42929,216.59033
1578,191.54971,166.90379,157.89762,182.41200,160.74879,171.18479,185.02454,172.15650,165.31867,193.52846,182.18342,189.96475,187.60525,169.97971,174.48642,178.55725,176.91617,175.03633,171.88233,179.67250,172.99483,178.79925,172.32708,161.27904,168.22512,164.27550,164.63450,171.78917,179.81746
1579,105.36279,159.05808,151.18292,118.78550,144.68408,147.09604,109.52225,141.28646,133.41350,99.94467,110.91500,115.51142,112.06821,124.56842,122.52800,126.29317,117.55737,114.93292,118.75183,114.06612,128.62350,112.75117,135.05987,122.30021,129.69796,126.28592,140.63875,154.35379,167.44554
1580,240.52096,244.95754,237.40729,241.57804,238.09367,245.23500,238.29196,244.70296,237.97946,239.83425,237.46312,243.80012,241.00408,237.10517,238.96542,242.91471,238.06092,235.67533,235.64296,237.74342,240.82858,236.57887,243.10521,229.68329,238.35337,234.30067,239.84500,246.72021,252.28033
1581,238.07621,243.96821,240.73679,240.36017,241.25908,244.55133,237.65446,244.26458,241.32742,237.05625,237.55858,241.25300,239.18813,239.78008,239.97329,241.88783,238.89062,237.66962,238.35313,238.19017,241.44154,237.56254,243.04508,238.01683,240.98929,239.47675,241.96071,245.33825,248.49000
1582,176.19492,120.18617,107.69196,154.10333,113.19937,130.03571,161.10746,132.42987,121.64950,183.42621,155.57021,170.78383,165.30342,130.95150,139.12754,145.71367,144.28683,141.45383,135.13050,150.19050,135.64821,148.90983,133.57212,116.06521,127.13900,120.69796,119.97183,129.69004,138.92517
1583,199.50371,230.19029,225.87067,206.22325,225.55637,229.00571,197.92583,226.78763,221.57575,201.19058,199.45121,208.19758,200.18754,213.47588,210.67358,213.26317,205.85292,203.90262,207.87808,202.48796,216.35612,201.47537,222.16154,213.97483,218.40708,216.34004,224.66175,231.91546,237.08287
1584,220.01625,225.22358,229.00075,220.41962,229.86833,227.19217,217.64583,227.92604,230.53387,222.66400,218.37296,222.79650,218.45642,226.14033,223.38654,222.97942,221.07096,220.88158,223.30296,219.65029,225.68629,219.45942,227.37129,231.53354,228.54454,230.13242,229.49683,225.81862,222.42562
1585,257.85146,248.82417,249.18808,256.09496,250.88087,251.76821,257.07167,253.10450,254.05146,258.05317,256.64038,256.97983,257.25062,254.95325,255.17062,255.07587,255.65362,255.70558,255.34479,256.17029,254.61167,256.17392,253.94358,255.61879,254.55867,255.01600,252.23279,250.45467,249.94008
1586,284.71442,284.79983,284.45363,284.79604,284.60246,284.91067,284.99954,285.03083,285.06062,284.48129,284.99087,284.67287,284.89096,285.00492,284.88017,284.79021,284.85771,284.93458,284.95579,284.92658,284.93533,284.96862,285.00375,285.15825,285.05575,285.12492,284.83012,284.86792,285.24804
1587,290.66100,290.32987,290.09475,290.24137,290.03071,290.14171,290.60129,290.13454,290.25321,290.62858,290.49962,290.52612,290.57071,290.22863,290.13008,290.06104,290.18004,290.25146,290.22079,290.34637,290.10512,290.38008,290.08637,290.62987,290.23104,290.39567,290.07421,290.24833,290.87567
1588,260.00117,268.93408,265.66633,260.66229,266.01129,268.90179,257.86121,268.19283,265.36854,261.55696,258.05412,263.13258,259.11650,262.36004,261.53433,263.03025,259.77654,258.79512,260.11492,258.86721,263.82442,258.36908,266.24412,262.02400,264.32333,263.15554,266.28179,270.19925,274.06412
1589,236.60071,263.65950,262.66821,240.48700,259.50279,257.80050,235.87008,255.11642,253.72192,237.85392,236.96371,241.51787,236.87183,247.19721,244.32587,245.02079,240.93267,240.16154,243.17404,238.84292,248.22671,238.41354,251.94171,249.89567,250.73704,250.56033,256.78213,260.72583,264.46050
1590,255.59058,263.58500,262.34671,253.00275,261.39508,261.99692,250.76163,260.82283,259.06092,259.64183,250.71100,257.87558,252.23133,255.14388,253.81338,255.11821,251.89050,250.95304,252.47342,251.26154,256.35612,250.77046,258.82333,256.16179,257.44567,256.82862,260.50267,263.42025,265.71812
1591,266.09346,254.84937,257.66204,264.50425,259.37342,258.63612,265.13042,260.56387,262.77817,266.23292,264.70171,265.75196,265.59625,263.51204,263.59221,263.42433,263.99379,263.98175,263.79546,264.36508,262.99042,264.30637,262.04417,264.83850,263.17187,264.01133,260.60071,256.16200,252.10692
1592,282.28317,270.99225,270.77621,278.29325,271.89087,273.69921,279.55796,274.56442,273.90508,283.69579,278.65271,281.17271,280.24504,275.12133,276.07421,276.85717,276.81637,276.45825,275.62862,277.77629,275.52488,277.59979,275.04446,273.94404,274.62283,274.15592,273.01754,272.88604,272.27454
1593,286.80871,278.89950,277.92437,287.10721,280.64833,283.78067,286.70725,285.40708,284.52387,286.14142,286.43338,287.42954,287.27854,285.42908,286.11108,286.88150,286.29696,285.85683,285.57946,286.36958,285.97392,286.14521,285.91013,284.09458,285.26546,284.63483,282.86558,282.26562,281.43867
1594,153.76317,207.75283,212.11825,167.57358,207.04954,198.17062,159.89433,194.37717,198.17383,152.59871,163.74033,162.36983,158.70892,186.67775,179.19758,176.35292,173.09658,174.01208,180.36533,168.18592,185.01863,168.51742,190.10183,198.31983,192.31817,195.75937,201.40933,201.51958,202.78179
1595,134.57221,119.70779,118.36775,130.37983,120.62550,125.19071,130.29208,126.65408,123.94854,135.61567,128.79071,135.37179,132.57262,124.82392,126.52096,129.13687,126.94137,125.45238,124.63642,127.90571,126.62517,127.14558,126.84975,121.76500,124.85712,123.11312,122.87050,123.90087,123.79987
1596,198.14400,232.62496,228.72629,219.00775,227.26833,230.54017,210.74987,229.16487,224.82983,183.71112,212.23342,207.30108,212.38600,221.44371,221.30642,224.05221,218.57604,216.55046,218.79408,215.26000,224.02075,214.20458,226.85712,218.85862,223.71492,221.46383,227.01617,232.53129,237.10887
1597,113.29167,141.29583,147.40837,116.82421,141.26454,131.87783,115.42317,128.94946,133.97254,113.33442,116.87829,115.35771,114.37192,127.33629,122.53633,119.92079,119.76575,120.90967,124.11037,118.24217,125.09887,118.72662,126.93788,137.39958,130.15300,133.85279,135.96404,134.29050,134.37858
1598,215.18929,188.02954,186.52783,206.42225,189.88992,194.55904,209.70017,196.96062,195.56100,218.31029,207.75112,212.39604,210.85629,199.10279,201.48667,202.93550,203.46104,202.88317,200.73112,205.70571,199.90225,205.43750,198.51533,195.53287,197.59600,196.39858,193.14567,192.34087,191.05725
1599,198.32104,216.10437,213.34908,201.43517,213.21367,214.50383,195.89300,213.71746,211.65038,200.10721,196.59762,203.93858,198.01075,205.96925,203.96862,205.74479,200.65221,199.12987,201.92900,198.51896,207.87008,197.68842,211.49229,206.47758,209.46696,208.38304,213.01150,215.57637,218.37629
1600,249.94187,241.04371,244.69088,251.42162,246.44954,246.07162,250.84167,248.18404,250.00000,247.41346,250.46237,250.88204,251.78862,250.29071,250.44237,250.86912,250.50083,250.05283,250.15750,250.48175,250.16321,250.18833,249.49950,251.55150,250.27079,250.88871,247.77225,243.29292,238.25971
1601,306.44825,299.54996,298.09150,311.33200,302.80825,307.18204,309.28687,309.91162,309.24742,302.85008,309.51667,308.12625,309.89733,310.37933,311.10587,311.92400,310.98367,310.35650,310.45129,310.22133,311.01025,309.88062,310.89833,308.78317,310.26817,309.58492,306.37321,304.57621,302.97708
1602,291.25971,285.66900,284.41633,291.49500,286.97425,290.24262,290.50700,291.63479,290.25979,291.27871,290.33375,292.27417,291.24771,290.40854,290.85567,291.85858,290.62213,290.01062,290.04638,290.47062,291.26554,290.16596,291.75096,288.83537,290.70296,289.80279,289.03854,288.95387,288.04804
1603,261.46683,272.70737,273.36812,267.75000,273.84321,272.35108,266.24962,272.51196,274.59779,258.26154,267.48796,262.95508,265.21562,272.90883,271.07583,269.61979,269.97017,270.65346,272.04167,268.67171,271.78417,268.98012,272.27563,276.46296,273.70408,275.18917,273.72387,272.18192,272.29837
1604,304.16596,300.52992,299.96412,302.48212,299.88321,300.47612,303.69763,300.58217,300.57054,304.15471,303.24583,303.31046,303.70596,301.22000,301.51254,301.55383,302.00442,302.08033,301.60812,302.65312,301.08954,302.69629,300.72171,301.28308,300.86362,300.96708,300.15375,300.59942,301.87333
1605,307.03108,310.81083,311.38846,307.60296,310.96717,310.19687,307.40942,310.01625,310.61012,307.07025,307.65583,307.38362,307.18692,309.47900,308.62179,308.21725,308.09692,308.29354,308.85371,307.86325,309.17137,307.95417,309.64117,310.98450,310.03646,310.55275,310.59658,310.35525,310.43567
1606,264.79788,282.89142,282.05450,271.34450,282.53292,283.84004,266.39054,283.34863,281.58375,263.76933,267.63700,270.26592,267.21912,276.89038,274.81379,275.67471,271.91700,271.12292,273.68600,269.66992,277.99754,269.23996,281.13954,278.32983,279.72033,279.16579,282.43487,284.42458,285.14329
1607,251.42421,237.66392,237.84671,254.77250,243.57796,247.27804,254.84979,251.00371,252.61771,248.20500,255.06708,251.97625,254.46629,254.70150,254.86462,254.24329,255.40083,255.76083,255.56112,255.23233,253.82221,255.37496,252.71992,256.15671,253.90921,254.81221,247.76596,243.68017,241.86096
1608,230.23321,235.84504,245.70208,226.70250,242.16725,231.91087,228.23392,231.31600,238.55754,234.60513,229.02179,228.94317,226.80583,234.65708,230.71862,227.32475,229.49175,231.22958,233.12529,229.23658,231.56175,230.02492,231.53971,244.27075,235.98067,240.27312,238.41875,231.00638,223.40333
1609,205.26525,216.03808,214.70583,205.39504,212.44871,211.14017,206.60854,209.49725,210.34025,204.45362,206.75171,205.07850,205.77483,208.44617,206.78650,205.75742,206.24421,206.96642,207.62517,206.50258,207.44929,206.86967,208.13808,212.41454,209.19217,210.56058,210.86600,213.50842,219.79342
1610,286.70275,274.46738,276.36417,283.51908,278.14038,278.16642,285.11658,279.85121,281.61775,287.99387,284.66771,285.44800,285.06546,282.63896,282.66317,282.20179,283.29638,283.61575,283.18379,284.01387,281.91054,284.15508,280.99929,284.10333,282.11383,282.98962,279.44275,276.21946,273.46525
1611,284.50637,294.15154,293.32017,287.33758,293.19937,293.62021,285.23479,293.17100,292.60362,284.01892,285.77242,286.92058,285.59242,290.19387,289.02325,289.29300,287.62992,287.32587,288.59637,286.65350,290.55287,286.47950,292.02950,291.47296,291.59546,291.58600,292.96967,294.28812,295.97658
1612,254.85408,254.24562,256.67442,255.80021,256.58225,254.53746,256.95900,255.04229,257.62400,253.36279,257.12579,254.36029,256.15558,257.56267,256.65242,255.34800,256.80037,257.56817,257.75617,256.97046,256.21596,257.32900,255.57625,260.79867,257.37988,259.01183,256.36804,253.84729,252.36229
1613,287.69354,258.71017,257.49858,276.78858,259.13804,262.08600,282.80450,263.68479,263.58129,290.50850,280.55921,282.64604,282.94254,268.61375,271.18908,271.56783,274.34333,274.64483,271.59042,277.59758,268.21667,277.79083,265.54429,266.65304,265.94225,265.80067,261.26337,260.92217,262.27771
1614,254.52150,293.94542,292.87237,263.93483,288.77483,286.30454,256.75729,282.98175,281.54654,252.77921,258.47712,261.90346,258.14154,273.03950,269.35354,270.29917,264.74308,263.55904,267.74442,261.45029,274.40604,260.77642,279.09512,276.55008,277.66837,277.51729,285.30742,289.94879,294.86800
1615,273.70417,267.94933,265.44342,270.82917,266.41933,270.09892,270.66279,270.59354,267.96137,275.10508,269.79896,274.51738,272.00392,267.92275,268.77721,270.53938,268.72475,267.76454,267.42079,269.28237,269.37513,268.81517,270.16092,265.28654,268.32600,266.79467,267.82975,269.98579,271.72967
1616,272.11779,288.44525,287.63387,272.76579,283.84592,281.55462,272.70433,279.06283,278.90654,272.02546,272.93621,272.58008,272.37629,275.94758,274.37008,273.97688,273.25075,273.44954,274.45383,273.07737,275.82771,273.18637,277.25438,277.95833,277.29496,277.75567,281.21650,284.46837,289.09338
1617,257.87054,280.55325,277.02537,258.74004,273.91346,274.52683,254.38467,271.80037,268.62658,260.19187,254.59908,262.44833,256.52388,262.41167,260.46850,262.53392,257.31492,255.75396,258.26204,255.87796,264.50654,255.05637,268.44021,263.00646,266.00704,264.74050,271.84667,277.97942,284.88387
1618,249.27604,252.67329,247.78038,249.28554,250.02192,257.34854,245.57583,257.31796,251.32183,251.22517,245.30537,254.23021,247.92621,248.55562,248.64683,251.89487,246.79187,244.93325,245.99608,246.00446,251.41058,245.08725,254.67279,245.86175,250.77879,248.03458,251.92554,258.22658,261.83633
1619,314.29083,325.60458,325.21779,319.80358,324.53671,324.33712,317.19387,323.81412,323.47946,311.29475,317.77925,317.17237,317.68100,321.79000,321.15225,321.54775,320.04146,319.59575,320.66404,318.85767,322.18171,318.59192,323.10433,322.35179,322.75237,322.66517,324.04958,324.94888,325.87496
1620,247.78608,269.45079,270.76171,256.84517,269.10121,266.41133,254.22221,265.43829,267.20779,243.23783,255.84154,250.87275,253.18488,263.87404,261.30513,259.88650,259.40650,260.00779,262.12746,257.53892,262.87213,257.80183,264.21942,268.30987,265.45108,267.00896,267.58942,267.42533,268.81392
1621,287.82900,285.96971,284.97567,284.48246,284.05362,285.23196,284.40462,285.06583,283.54654,289.43554,283.49721,288.08942,285.81375,282.46871,282.77275,284.26629,282.41408,281.47596,281.47871,282.97358,283.70612,282.50012,284.58258,280.86908,283.27188,282.24300,284.15254,285.56079,287.01642
1622,174.86054,201.03900,192.88250,180.92687,189.95212,194.43913,177.19742,191.33625,185.63971,171.63221,177.53146,179.46346,178.40075,182.20371,181.81312,184.08942,179.81167,178.46325,179.77342,178.61075,184.55642,177.96321,187.79833,179.62037,184.37858,182.03821,188.94833,199.22775,211.47137
1623,230.81967,240.88521,233.02283,227.75012,229.05196,234.22737,226.49450,231.12829,223.65633,231.42937,224.84088,232.90929,229.35737,222.01400,223.83092,228.02050,223.23958,220.89767,220.43679,224.06637,225.78637,222.94308,228.29258,215.15958,223.35533,219.34246,228.00250,238.71171,248.77192
1624,276.97079,287.28821,287.62938,280.34875,289.70317,290.51900,275.56096,291.27967,291.17192,278.70967,276.64221,281.99171,276.78621,286.25338,283.75679,284.38817,280.75179,279.97700,282.77350,278.59246,286.97583,278.13304,289.86317,289.28329,289.26942,289.42358,290.48600,289.57812,288.08696
1625,295.20513,273.97529,285.72075,290.80037,288.28675,281.20229,294.17133,285.02704,294.03479,298.14729,294.42629,291.79029,292.50767,294.72808,292.58508,288.84629,293.30625,295.31371,295.59979,293.89375,290.94771,294.80217,288.37771,303.07950,293.88717,298.49100,289.02979,275.42054,260.66008
1626,217.06037,248.11954,245.97600,219.14958,244.15021,243.62942,212.97717,240.87479,238.58667,222.39404,214.52937,222.64608,214.24108,229.21421,224.88983,225.77017,219.90175,218.88025,223.23037,217.06925,230.77683,216.52471,236.43479,232.75921,234.50800,234.08733,241.80708,246.77075,251.05592
1627,138.81987,106.05408,93.76333,125.30096,97.17708,110.07612,130.37842,111.06383,103.27329,141.82192,126.54321,135.51571,133.11133,109.64308,115.09746,119.47821,118.65092,116.82762,112.51342,122.77992,112.69833,121.94937,111.36283,99.96717,107.03112,102.78825,101.96621,111.45492,125.09104
1628,200.99150,208.71971,208.91454,204.64433,208.23212,208.29350,203.14871,208.06108,208.18917,198.48929,203.42129,203.55554,203.56513,206.49300,205.57575,205.79583,204.65867,204.43221,205.37783,204.00846,206.46300,203.85233,207.27071,208.75446,207.42312,207.91737,207.94838,208.76308,210.62796
1629,112.78521,134.65971,140.67567,118.59679,136.80942,129.46700,116.19404,128.08967,132.50450,110.77304,117.52767,115.67604,115.74821,127.10308,123.33762,121.53867,120.83454,121.40821,124.26900,119.09583,125.54483,119.28517,127.00225,134.84812,129.53754,132.40575,133.33350,130.12796,127.86617
1630,244.40667,247.56854,245.45571,248.85425,244.89917,247.78462,247.79129,247.58154,245.14408,239.30358,247.42846,246.11487,248.60521,245.95392,247.22262,248.78125,247.46712,246.61721,246.16679,247.44933,247.06692,247.03283,247.16604,243.49896,245.71563,244.46692,245.45392,248.50783,251.48087
1631,314.19808,271.21042,268.30187,303.07883,273.70954,281.14425,309.15817,285.07625,283.50662,316.15863,306.40958,308.78746,309.86575,291.10596,295.41654,296.84817,299.47096,299.21554,295.12996,303.10867,291.55362,303.04021,288.15908,285.57692,287.49183,286.07350,279.08296,277.72800,277.43250
1632,266.08854,213.02850,209.54179,245.64608,214.38404,222.19325,253.65958,225.51329,223.03379,273.84742,249.58146,258.86092,255.52875,230.56837,235.39500,237.80712,239.92837,239.21692,234.45954,244.97967,231.56025,244.68054,228.23208,224.72433,227.00471,225.18250,219.24758,219.54696,220.42317
1633,159.08512,186.79446,180.31129,164.64679,174.91296,178.14538,160.19308,174.19108,167.21912,154.94825,159.75708,164.51058,162.85637,163.11975,163.59200,167.53096,161.47346,159.03175,160.14733,160.56442,166.82342,159.36396,170.43512,158.33071,165.68633,162.14471,172.50492,183.31546,193.09671
1634,286.10421,303.57796,298.31017,293.89671,302.28446,308.98329,284.89358,309.74154,304.54746,286.38829,286.15275,294.42383,287.83692,298.48833,296.99196,300.33137,292.68917,290.13304,293.55071,289.25904,302.02079,287.92796,307.01062,296.04462,302.78508,299.87637,304.89846,308.73796,310.67175
1635,311.24171,306.68250,305.47879,313.04554,309.73846,313.22733,310.55600,315.51800,314.77183,311.69346,310.90296,313.08971,311.38792,313.96929,313.75721,314.59567,312.74050,312.02513,312.84667,311.77804,314.87408,311.40104,315.86454,312.84825,314.93058,314.16037,312.71108,310.85825,308.54221
1636,322.02171,321.62929,322.11875,321.54704,321.79812,321.23692,322.16767,321.28646,322.04833,321.95812,322.11054,321.60096,321.95013,321.96350,321.65137,321.27279,321.72521,321.96587,321.98512,321.92587,321.53721,322.04062,321.36625,323.09504,321.93600,322.47825,321.67375,321.22725,321.57650
1637,293.22008,283.75825,285.96817,290.29304,286.82375,286.08242,291.54525,287.26133,289.06363,294.21696,291.01979,292.59017,291.82800,289.49175,289.36633,289.11821,289.78346,289.93004,289.70037,290.42888,288.86512,290.46642,288.14246,291.40900,289.23454,290.17292,287.43704,284.59588,282.20546
1638,290.47479,259.75858,259.94692,279.76887,262.21283,264.53783,285.57467,266.66213,267.36217,293.64850,283.51733,285.30304,285.59087,272.32479,274.65854,274.70967,277.70908,278.12879,275.26125,280.75100,271.66971,280.99042,268.86833,270.94817,269.68442,269.87592,264.55667,262.51496,261.00233
1639,276.41758,282.92400,278.87825,280.57962,282.25300,287.78129,274.30846,288.91829,285.15596,276.46650,274.58462,282.04425,277.26871,281.50508,281.16733,284.30112,278.46929,276.13467,278.16779,276.43000,284.42700,275.19992,287.54446,278.93800,284.32771,281.96667,284.78754,287.04179,288.28629
1640,275.18583,260.29771,256.36888,272.10550,260.75846,267.60233,271.11683,269.62888,266.31454,276.67871,270.02613,276.69704,273.28187,267.37892,269.00046,271.57271,269.17837,267.71483,267.14096,269.62075,269.25417,268.87025,269.74225,264.07313,267.48908,265.53925,264.36942,266.10658,266.83362
1641,232.21712,215.65304,221.12854,228.19942,221.54763,219.05937,230.93692,220.96888,224.25229,232.21213,229.90296,230.34879,231.17029,225.75396,226.07604,225.58687,227.27154,227.57037,226.70062,228.64817,224.70033,228.75400,222.92887,227.83842,224.80446,226.21642,222.04146,216.25883,209.85762
1642,291.42179,266.46971,269.38012,287.04050,272.50150,273.66388,290.77421,276.59929,278.64175,291.15871,289.66571,288.36967,290.44900,282.62200,284.05858,283.54554,286.26629,286.81108,284.95112,288.05037,281.55050,288.32000,279.02050,282.85817,280.51112,281.37871,275.06088,270.30417,265.31196
1643,299.71046,269.90150,266.60192,292.14083,270.44271,276.66346,295.99558,279.34900,277.48171,300.55071,293.83946,296.34938,297.02025,282.79000,286.14117,287.75412,288.93504,288.36429,285.45258,291.50583,283.57992,291.25217,281.36725,278.12496,280.36737,278.92296,274.46692,274.57796,275.80846
1644,283.31233,262.79175,270.18037,277.55721,270.73700,266.18925,281.24646,268.58717,274.07475,284.71437,280.33375,279.95450,280.93158,275.98750,275.91358,274.37062,277.42421,278.29942,277.37754,278.94779,273.95517,279.32508,271.38450,279.75317,274.64429,277.14592,271.06563,262.57546,254.54646
1645,87.77242,83.20342,78.06050,78.78542,76.11062,79.73850,80.11967,78.06146,73.89850,92.77096,78.29538,87.56471,82.21208,73.59429,74.87387,77.36525,75.20054,73.95708,73.06779,76.81063,75.50483,76.20071,76.51046,70.53688,73.99558,72.01496,75.76583,82.49738,90.60042
1646,245.04567,229.07575,226.05733,235.84250,225.63154,229.57517,239.36654,229.52617,226.58133,247.94187,237.19892,242.48929,240.63837,228.70421,230.78533,232.66917,232.40550,231.67425,229.68467,234.90821,229.90246,234.58846,229.41133,225.36575,227.78017,226.25875,226.61613,230.35646,234.51762
1647,261.53846,259.20683,259.82354,261.12808,261.48425,262.40537,260.46017,263.40675,263.85279,262.40179,260.51821,262.63267,260.85325,262.59062,261.72492,261.83196,261.00346,260.87475,261.59229,260.74533,262.52854,260.65467,263.21304,264.50737,263.42892,263.87817,262.48296,261.38404,260.45767
1648,181.91287,196.11758,198.00933,183.52012,195.81429,193.61850,180.17988,192.51925,192.76654,183.23546,180.60783,185.44312,181.54171,187.80833,185.64808,186.34633,183.16779,182.34275,184.62987,181.81742,188.44412,181.33229,190.82167,190.84321,190.51279,190.88492,194.04200,194.53667,194.62762
1649,271.67396,244.91250,243.65983,263.73146,248.13354,253.57758,266.17017,256.30071,254.77271,274.93862,264.51658,269.80113,267.37812,257.63854,259.53483,261.01642,261.03675,260.43442,258.76883,262.85667,258.37750,262.56946,257.45229,255.35567,256.56100,255.58846,251.79704,251.05487,249.65467
1650,208.19946,190.63825,188.49071,199.10596,188.40446,192.54654,201.00200,192.83521,189.30621,211.26100,198.58379,207.32242,203.58712,190.80008,193.23471,196.33988,194.42508,192.82304,191.11433,196.59496,192.88138,195.80562,192.77346,186.70729,190.37817,188.22675,189.52742,192.63162,194.18700
1651,215.89367,194.81525,191.78137,202.45967,192.21287,196.51150,205.13733,196.80687,193.64579,223.11488,202.64354,214.27062,207.62875,194.85946,196.82488,199.51925,197.97708,196.67825,195.04696,200.41025,196.58946,199.76833,196.61162,191.82925,194.57008,192.80650,193.50212,196.80675,199.99754
1652,198.95654,171.87967,174.50525,191.54546,178.38579,179.48800,195.13158,182.74433,185.35046,201.57621,193.86846,196.19537,195.32613,188.07058,188.76896,188.35192,190.41304,190.82992,189.49917,192.22129,186.99554,192.40325,185.02542,189.80067,186.71608,187.93179,181.22125,175.84971,171.21275
1653,221.06604,197.16321,197.41279,219.09675,202.20225,205.91383,221.25646,209.54033,210.80175,219.61258,220.32954,219.40962,221.48092,214.70792,216.28167,216.33187,218.09042,218.18471,216.66987,219.26887,214.11671,219.28550,211.93442,214.36479,212.89250,213.33754,206.22525,202.37633,200.18813
1654,267.81813,249.85629,248.65387,264.05412,251.32904,255.28587,265.57108,257.07192,255.92529,267.80029,264.27121,267.28021,266.69017,258.58683,260.40717,261.76271,261.78267,261.19900,259.77283,263.08679,259.13167,262.78646,258.04396,256.89904,257.44796,256.75583,253.79008,253.79396,253.83742
1655,230.99825,189.07942,181.24187,221.91692,190.22454,203.23933,225.79892,207.83842,202.75979,233.17438,223.34862,227.49821,227.08692,209.93004,214.60888,217.33850,217.85938,216.84300,213.14775,220.73775,211.89754,220.31850,210.00537,201.20979,207.08058,203.80500,198.00400,199.78587,201.94542
1656,160.43617,99.70958,102.19317,139.37371,107.46862,109.64329,151.43958,114.41375,118.06571,167.97125,148.05887,148.90871,150.21321,127.65746,131.28554,129.72350,137.16479,138.89304,133.59017,142.87133,125.30538,143.80188,119.48687,126.14229,122.40504,123.77708,112.02375,104.49662,98.24312
1657,105.26762,113.82925,115.46483,101.90408,109.65108,104.84675,104.66604,102.33321,103.84721,106.01067,104.17929,103.29608,103.95262,102.67187,101.78733,100.81883,102.03562,102.73096,102.56946,103.15017,101.76875,103.51975,101.63329,104.90687,102.77454,103.91129,106.13842,107.42783,110.78783
1658,224.53396,217.19117,211.96417,225.07546,218.09979,226.64025,222.56062,228.93229,224.89608,225.83021,222.55762,227.20933,223.82379,224.40871,224.78854,226.76092,223.79454,222.65367,223.15846,223.14392,226.25621,222.59137,228.10304,221.67300,225.51012,223.51433,222.57054,225.16192,227.52642
1659,101.37200,134.49225,142.29708,100.55783,132.25062,121.07379,97.49896,115.88983,119.36287,105.41017,98.13000,106.43654,98.88962,109.88146,104.83967,104.16158,101.05429,100.90971,104.85733,99.50354,108.87100,99.26375,112.08312,121.03154,114.13612,117.32158,124.06992,125.66729,127.56500
1660,236.90258,244.28804,241.20487,240.72421,242.98129,246.98829,236.26779,247.32817,244.36083,235.89096,236.43962,241.62325,238.38471,241.48600,241.11617,243.44746,239.13367,237.48137,238.99271,237.71829,243.51887,236.84800,245.90088,240.32946,243.59192,242.02808,244.35800,247.12617,249.38633
1661,270.67454,271.81987,267.98425,267.34312,268.09575,272.13700,265.52417,271.44904,267.22029,273.81875,264.77287,272.72012,267.62292,265.29633,265.75588,268.39625,264.71733,263.15412,263.53787,264.73746,267.63679,263.96750,269.74871,262.28387,266.79487,264.55325,268.62488,273.37975,276.69338
1662,311.55229,300.67787,303.18992,310.78921,305.73196,306.64392,310.94350,308.64529,309.32429,311.89583,310.78162,311.16283,311.11692,310.06050,310.30458,310.38383,310.52708,310.44242,310.26642,310.66117,310.01125,310.61104,309.61300,309.92033,309.84542,309.93867,307.44879,304.08271,298.70762
1663,236.51737,281.96854,275.12208,249.68662,272.27504,276.82675,238.32729,273.15829,264.48358,233.01096,239.80046,247.61192,241.90917,255.19400,253.42583,258.23471,247.74100,244.26375,248.54392,243.56996,260.41021,241.81525,267.57279,250.51129,261.02987,256.47558,270.52142,281.23700,287.56983
1664,169.69042,151.60175,150.63354,167.40612,156.00825,161.60696,166.32192,164.66212,162.98833,170.75225,165.42462,171.40300,168.31821,163.81067,164.91879,166.96817,164.94358,163.69283,163.42987,165.19408,165.14417,164.52871,165.38687,162.07117,164.02079,162.84671,159.94033,158.58662,156.13650
1665,161.72625,210.34133,206.92350,175.17717,205.42804,208.19108,162.43125,205.00554,198.49938,161.42383,165.02642,174.41958,165.40029,186.55983,182.37621,185.79442,175.22696,172.43521,178.43833,169.86946,190.57029,168.41633,198.73821,187.15800,193.70604,190.94921,203.40004,211.73446,215.17904
1666,187.98196,182.01229,186.33729,185.61767,186.48371,184.54704,185.19121,185.49937,187.60383,189.44162,184.72767,189.07508,186.40671,186.05304,185.18767,185.47658,184.61938,184.23483,184.94813,184.67100,185.73000,184.39254,185.82029,189.58042,186.87092,188.05454,186.30758,183.00796,179.25233
1667,241.20200,235.98942,242.28079,246.04167,243.96579,241.16262,244.77429,243.77742,247.49933,237.01671,245.02467,242.45967,245.13896,247.23525,246.67542,246.18412,246.32971,246.22029,246.89158,245.64950,246.54162,245.50862,245.73033,249.41833,247.41625,248.73025,244.99833,237.26746,228.18562
1668,260.42829,279.81942,276.81108,267.60171,276.68379,278.53408,262.61237,277.60354,275.18442,258.01587,263.56354,265.50008,263.79387,271.27317,270.02504,271.41592,267.51358,266.36754,268.47975,265.44142,272.83504,264.83608,275.60654,270.95967,273.71729,272.58246,276.54487,279.87996,282.94800
1669,265.53292,237.11646,235.29604,253.66837,233.61246,237.37933,260.11571,237.31642,234.23696,266.63842,256.74458,260.69687,261.49608,240.32800,244.80837,247.11696,248.80096,248.10758,243.90558,252.95987,241.34450,252.67204,238.48637,234.85700,237.06742,235.27204,234.30287,238.08450,241.46600
1670,177.68687,187.58825,178.51637,185.36275,180.58942,189.84262,180.14575,189.79421,182.43233,172.15804,179.87317,183.16546,182.88025,181.59938,183.50321,187.77700,182.21179,179.57400,179.96458,180.98708,185.49654,179.68442,187.98492,174.37687,182.97846,178.81262,183.37817,191.29383,199.15067
1671,215.66117,194.76329,191.54858,205.66308,191.77333,196.22967,207.97654,196.83917,193.58317,218.77833,205.26217,214.18037,210.80842,195.97917,198.94783,202.14250,200.58867,198.89717,196.78342,203.02996,198.08371,202.17712,197.39896,191.07796,195.10442,192.86158,193.36829,196.17450,198.95838
1672,207.43312,211.42821,207.29350,208.63512,207.17825,211.07071,207.51712,210.38633,207.16171,205.61575,206.95254,209.12467,208.78008,206.54592,207.19975,209.03288,206.81317,205.75133,205.76717,206.88242,208.02071,206.35288,209.10262,204.60063,207.17958,205.74754,207.75612,212.70542,218.53833
1673,244.77383,215.78887,213.04225,233.92742,215.04867,220.29237,238.20733,221.84750,219.50742,247.84858,235.60950,241.23642,239.76204,223.98375,227.22783,229.27887,229.91975,229.12829,226.22788,232.89742,224.99950,232.52858,223.13842,219.90142,221.89617,220.41429,217.70087,219.35779,221.50112
1674,140.69783,138.15617,131.45550,137.67987,132.13742,139.60025,136.50512,139.02700,132.40354,142.23733,135.28296,142.40537,138.73125,132.37900,134.31804,137.84050,134.14150,132.26296,131.60371,134.73296,135.48046,133.84754,137.26746,126.26108,133.03679,129.52179,133.78675,141.30908,147.84921
1675,219.35633,219.76946,220.82712,216.62708,219.18417,218.08033,216.99371,217.43958,217.63783,220.50287,216.35712,219.58954,217.86104,216.23504,215.79546,216.32958,215.44962,215.07562,215.34775,215.91783,216.42196,215.70004,216.88871,217.67775,216.93396,217.21708,218.15129,218.72271,219.34417
1676,217.01404,205.64750,203.30396,215.19350,206.69492,210.98017,216.54767,212.76233,211.64025,217.54517,216.19154,216.00817,216.25771,213.43150,214.15808,214.30587,214.87887,215.01833,214.22150,215.56642,213.57054,215.67608,213.27550,211.79087,212.78046,212.22350,209.52858,209.63058,210.51633
1677,155.93650,160.81287,156.62062,154.58583,155.43054,158.71508,152.91800,157.50829,153.34171,156.45637,152.00250,157.99625,155.07542,151.71687,152.52175,155.25296,151.71412,150.04900,150.20925,151.85721,154.14842,151.02729,155.95504,147.98058,152.98146,150.61642,155.35525,160.56787,165.18087
1678,110.43717,127.46992,130.85246,111.39100,126.82487,122.68325,109.03079,120.72062,121.62167,111.41467,109.39946,113.45346,109.97733,116.25712,113.67054,113.90996,111.29583,110.84887,113.11012,110.29062,116.37383,110.00637,118.67025,120.95887,118.94192,119.93421,123.64175,124.33662,124.37367
1679,140.70104,116.52450,112.70750,131.46592,115.04996,121.11321,134.19446,122.55262,119.07971,143.45908,131.77208,138.87517,136.29525,122.26971,125.25917,128.00683,127.12321,125.83021,123.52821,129.55346,124.09667,128.93362,123.29346,117.21417,121.05612,118.81737,117.87775,120.27158,122.51458
1680,173.50337,186.26537,182.35729,172.03488,178.84175,181.00221,170.60771,178.17600,173.53346,174.49267,169.89979,175.95554,172.32854,170.71725,170.80067,173.24821,169.63258,168.26883,168.76662,169.76133,172.89958,169.10529,175.34854,168.52054,172.40837,170.36667,177.02046,184.63571,191.25179
1681,183.38512,144.29954,143.47813,164.57083,141.99983,144.54300,173.76717,145.18229,143.68179,188.71317,169.72467,175.90792,174.87775,150.38579,154.75017,156.38458,159.43433,159.25571,154.43692,164.81750,150.77021,164.80042,147.25300,145.56479,146.71833,145.53358,142.95817,144.28104,146.20358
1682,215.33850,178.05179,176.94671,204.05429,180.15283,184.73371,210.15471,187.53046,186.94567,217.63562,207.50579,210.01108,210.78471,193.39542,197.02058,198.05175,200.74746,200.65837,196.98267,204.28862,193.45658,204.28500,190.20858,189.55258,190.15046,189.39267,183.66312,182.23413,181.56742
1683,151.43075,146.81250,138.99921,148.58808,141.25308,149.09808,147.46517,149.20462,143.55754,152.65154,146.30092,153.19258,149.66612,143.73796,145.43333,148.62213,145.27704,143.56042,143.01500,145.80779,146.42921,144.97762,147.93083,138.67675,144.33158,141.34550,143.76033,150.27667,157.62262
1684,214.46200,215.63362,216.33079,214.17254,215.69996,215.28358,214.03642,215.17283,215.41937,214.37475,213.84462,215.23637,214.45804,214.49987,214.07550,214.29033,213.73342,213.56704,213.89646,213.78829,214.51946,213.68167,214.87021,215.64592,214.98804,215.26400,215.37954,215.38437,215.48875
1685,199.61158,199.64050,200.44754,196.13375,199.72629,198.98925,195.67450,198.78346,198.98196,202.52758,195.25508,200.43054,196.76825,196.80679,195.94758,196.57583,195.07062,194.58167,195.32433,195.15904,197.17125,194.87733,198.17000,198.45725,198.03525,198.22958,199.18771,199.10529,198.97604
1686,88.54037,125.17100,119.97679,95.49004,117.59317,119.35008,87.55446,116.05871,111.39258,89.75429,89.05467,96.29750,89.62692,103.02796,100.10979,102.34408,95.31658,93.47021,97.45075,92.02450,105.75979,91.05712,111.40025,103.31179,107.94487,106.05525,115.52304,123.51229,131.14767
1687,175.91504,184.58754,182.93892,176.03367,181.27346,181.35992,174.86487,180.13158,179.17737,176.19646,174.73125,177.67412,175.75092,176.96558,176.25858,177.02837,175.25504,174.70229,175.51629,174.97454,177.58058,174.67154,178.85271,177.77187,178.19646,177.98012,180.29350,183.03675,187.08104
1688,209.31742,220.67717,218.49587,215.06787,219.55942,222.35379,210.84921,222.19100,219.72504,207.21379,211.47733,213.71033,212.09500,217.07025,216.45196,217.98033,214.58475,213.45000,214.97592,212.95567,218.53954,212.35871,220.67317,216.45221,218.87812,217.73387,220.19721,222.84271,224.44350
1689,144.34483,163.52650,162.02537,150.90017,162.83600,164.07250,144.87925,163.68667,162.28617,143.81904,146.12154,150.23962,146.37387,156.81446,154.49783,155.67171,151.12321,149.93867,152.97712,148.49762,158.13800,147.83187,161.51942,158.71746,160.14158,159.67800,162.88425,164.64304,166.12950
1690,39.40254,36.93088,36.24204,37.11875,35.04446,34.92046,39.45671,34.45054,34.52233,39.14683,38.90054,37.59463,38.96583,35.58750,35.97504,35.64442,36.85646,37.25617,36.41775,37.92504,35.19500,38.15471,34.54758,35.48771,34.87658,35.08171,34.68046,35.66933,37.93129
1691,83.08796,81.77621,79.61521,78.27663,79.08250,81.51796,77.48271,80.74250,77.91112,86.80571,76.57704,84.19354,79.36579,76.28763,76.54738,78.55762,75.87458,74.67262,74.90054,76.23379,77.88983,75.61921,79.35204,74.95650,77.43338,76.08779,79.00442,82.73408,86.12367
1692,194.69946,207.68054,208.75671,200.00000,207.26571,205.69517,197.88892,204.94808,205.26146,191.81117,198.55767,197.45921,198.00387,203.01692,201.86212,201.81283,200.61975,200.46762,201.70100,199.53842,203.06358,199.42996,204.11262,204.57742,204.16517,204.49521,206.12437,206.26746,205.85913
1693,217.27112,210.71908,212.59846,215.24625,213.22004,212.97733,215.91933,213.81229,214.68421,218.16133,215.57992,216.88767,216.15779,214.77567,214.67142,214.64454,214.83583,214.85367,214.76387,215.22346,214.50788,215.21521,214.23058,215.87717,214.73921,215.21529,213.66325,211.88913,209.84425
1694,138.32625,145.36167,144.61146,141.17533,144.53929,144.69008,140.36892,144.41862,144.80004,136.98187,140.88275,140.07583,140.08167,143.67237,142.66358,142.18962,142.00625,142.27512,143.04200,141.41717,143.20175,141.52721,143.75500,145.97142,144.23812,144.93696,144.43062,145.31875,147.65042
1695,131.85221,118.49917,110.70646,127.48708,113.93692,122.79854,127.76175,123.70058,117.69679,133.05637,126.19662,131.60988,129.67458,120.01517,122.91954,126.17871,123.83212,122.18396,120.54912,125.06804,122.83454,124.31008,123.36962,112.50596,119.52604,115.97233,117.42371,123.00012,127.89725
1696,83.43529,121.22637,124.29217,87.14404,119.91700,113.24642,82.30150,109.76279,111.88754,88.22737,84.81858,87.65700,81.55946,101.88596,95.74792,93.83312,90.77133,91.36433,96.29308,87.63696,100.99704,87.88412,105.71158,110.79708,106.88196,109.22792,115.10700,116.50804,118.45308
1697,193.04900,194.63117,192.48925,197.23358,197.02125,201.99275,192.39650,203.80846,201.32325,193.10817,193.05121,198.03992,194.06567,199.03779,198.52596,200.35608,196.52908,195.19446,196.81579,194.70667,200.74312,193.99900,202.97308,198.06471,200.94812,199.54971,199.89729,200.27412,199.05817
1698,216.88921,218.12804,216.02067,215.79142,215.20642,216.64542,216.06796,215.95925,214.38875,217.04617,215.67133,217.03050,216.45217,214.41329,214.83792,215.54808,214.94737,214.63979,214.35525,215.32421,214.98475,215.18750,215.32754,213.31067,214.46396,213.78733,215.08012,217.79442,220.93692
1699,222.77446,227.20408,227.22342,224.26233,226.63175,226.15975,223.90512,225.83550,226.07954,221.82779,224.11479,223.31508,223.77304,225.39675,224.92650,224.73533,224.58942,224.66887,225.03458,224.33996,225.23862,224.37296,225.51608,226.27754,225.71629,226.00446,226.24075,226.56292,227.41421
1700,204.01671,218.06862,218.84296,206.63196,217.18537,214.77912,205.34458,213.57417,214.58937,204.20904,206.27771,205.31950,204.72854,211.67712,209.66404,208.67354,208.21362,208.64246,210.15412,207.19579,211.10367,207.39396,212.38546,214.68442,213.06079,214.03067,215.56796,215.97737,217.10442
1701,182.64658,197.17104,199.27254,185.84338,196.81542,192.98258,184.60612,191.75113,193.73833,181.78446,185.46054,184.09233,184.11517,190.78417,188.70237,187.61300,187.32954,187.76725,189.30496,186.34725,189.94633,186.52846,190.88029,194.66538,192.08942,193.50804,194.68104,193.99658,194.29375
1702,158.57317,175.79567,175.80171,164.62496,173.59971,172.05171,162.54808,170.62883,170.81996,155.23229,163.42225,161.36054,162.32200,168.39846,166.98883,166.66537,165.69008,165.75792,167.09942,164.50125,168.18183,164.50933,169.31825,170.80192,169.55000,170.14371,171.97496,173.68367,176.26067
1703,136.97000,164.48267,157.21404,141.03812,154.69054,158.92404,135.23937,155.56171,149.00858,137.53975,135.70637,143.07467,137.53825,143.45296,142.51004,145.66817,139.33004,137.27087,139.52642,137.42167,146.69358,136.39546,151.25246,140.85654,146.91050,143.99233,153.23904,163.58071,173.37325
1704,131.25667,129.26408,123.23071,131.62704,127.37258,135.25221,128.02446,136.33167,131.18529,132.59242,127.73625,134.99283,130.31412,129.83946,130.56425,133.62212,129.22417,127.35921,128.01092,128.44058,132.58537,127.51146,134.94167,125.96904,131.40250,128.63525,130.58958,135.03212,138.96504
1705,200.39454,200.13037,198.15596,202.50979,199.80783,202.50212,201.48554,203.17679,201.81829,199.09992,201.60254,201.48442,201.75508,202.07450,202.44492,203.05833,202.26046,201.90354,201.95196,201.91746,202.68863,201.74637,203.07467,200.58175,202.19287,201.42250,201.22275,202.08146,202.84183
1706,172.57996,160.24787,160.22296,170.04900,162.28462,164.16529,171.25487,165.65342,165.94792,172.91004,170.57962,171.81021,171.66854,167.54287,168.28829,168.58779,169.11725,169.02992,168.29121,169.88379,167.40533,169.82237,166.53562,167.59029,166.82458,166.96833,163.99221,162.75708,162.09162
1707,72.66062,113.45054,110.95112,80.31758,105.84846,103.55533,73.70396,99.47287,97.28579,72.35300,75.36088,79.19546,74.85958,89.00471,85.53967,86.50246,81.13638,80.05067,83.94867,78.09979,90.50125,77.50850,95.24754,91.67183,93.46275,92.97167,101.90046,108.19417,115.10717
1708,93.55062,56.20117,55.46808,78.06213,59.29554,63.14871,84.49779,65.72096,65.61463,101.17292,82.17846,87.32750,84.67154,70.39688,72.68063,72.90417,75.65450,76.02454,73.07325,79.06725,70.07296,79.30321,67.74308,68.23000,68.01621,67.75883,62.51029,60.73529,59.26050
1709,124.08846,143.84742,144.20737,127.89208,142.58042,141.21379,122.48371,139.82529,139.03700,125.04229,123.30112,129.60737,124.40137,133.06354,130.72654,132.06217,127.46812,126.17812,129.10917,125.27687,134.33983,124.54546,137.55646,135.68192,136.44796,136.24892,140.86079,142.51350,143.49117
1710,161.62167,175.63829,178.41654,170.04829,179.73767,178.68912,164.55608,179.55454,180.16858,159.42083,166.08554,166.85462,165.29846,176.01346,173.94687,174.24542,171.16717,170.47046,173.14183,168.50517,176.62592,168.08833,178.86587,177.79287,178.50950,178.60000,179.98796,177.00642,171.57167
1711,144.06250,190.44204,188.75892,157.77671,185.12946,183.72625,147.51871,180.36496,177.32358,141.08562,149.86712,153.87467,149.52217,167.77121,164.16975,166.06637,158.57225,156.64900,161.59112,154.00479,170.23846,152.95921,175.96612,169.38596,173.18392,171.90296,181.90000,187.23842,190.80208
1712,80.78417,104.09579,99.73262,69.40450,88.73437,84.61425,71.97804,77.60421,74.39963,88.83817,70.68533,78.63825,72.65650,69.70262,68.46733,69.34908,67.49583,67.18071,67.49788,69.14292,70.84967,69.05342,73.47250,69.61242,71.69587,70.79633,81.89558,92.83754,106.37737
1713,143.30912,174.10758,171.53029,149.46754,168.08337,167.47908,143.95650,164.42358,161.55433,142.65429,145.02512,148.60904,145.27929,155.12412,152.88458,154.35625,149.39842,148.11175,151.01646,147.09783,157.00400,146.43187,161.01417,155.52633,158.73846,157.54858,165.42633,170.95933,175.91758
1714,180.96242,183.84571,182.77875,181.95408,183.12996,184.40008,180.40600,184.44196,183.14792,181.07412,180.46996,182.05283,181.08300,182.11412,182.10204,182.97892,181.38583,180.74404,181.21729,180.90429,183.04775,180.58508,183.97737,180.77008,182.88887,182.02529,183.53529,184.41158,184.18608
1715,123.80550,150.95117,151.62671,134.10867,149.75775,147.13412,131.05583,145.49804,146.56637,119.52529,133.14967,127.37258,129.49758,142.67946,139.72971,138.00217,137.46750,138.29171,140.71317,135.20592,141.70487,135.60487,143.61304,146.90929,144.52171,145.87487,147.80033,148.84246,150.29925
1716,161.90858,164.00708,162.28121,160.48100,162.04721,163.38350,159.83700,162.89371,161.51675,163.49037,159.65579,162.86387,160.50596,160.45258,160.28067,161.03837,159.75321,159.31771,159.64483,159.69812,161.10229,159.47825,162.01854,160.22508,161.15083,160.60967,162.02646,164.23421,166.75350
1717,161.12562,181.59096,181.73950,169.68675,180.38975,179.02371,166.03096,177.93533,177.91792,157.09167,167.33983,164.87908,165.95571,174.69017,173.01012,172.87346,171.04054,170.83387,172.75796,169.10221,174.87200,168.96837,176.57812,176.47708,176.40446,176.65217,179.11875,180.11708,181.12617
1718,173.64867,176.28367,176.42404,175.58721,176.59292,176.58633,175.00762,176.77387,176.92037,172.63192,175.30642,174.08975,174.82317,176.57096,176.29871,176.14479,176.00204,176.03554,176.33558,175.63825,176.54775,175.65575,176.75871,176.65137,176.79037,176.83587,176.77400,176.33458,175.56887
1719,165.00129,177.81100,178.12133,168.94629,176.99317,175.76250,166.67592,174.91525,175.06725,163.98408,167.49921,167.28400,166.69417,172.56950,171.22242,171.08167,169.81046,169.71304,171.09454,168.59821,172.61179,168.52800,173.87542,174.32729,173.87246,174.19883,175.93254,176.59437,177.32192
1720,121.85017,120.84658,116.75079,116.10925,112.95500,114.76375,117.74021,112.71737,108.97471,122.95787,115.90592,120.70592,119.44308,109.67517,111.71104,114.13417,112.59708,111.35067,109.91767,114.32300,111.65346,113.73842,111.87950,104.79667,109.40479,107.14196,111.77008,117.55767,123.84737
1721,121.80562,141.95750,140.55358,126.84062,138.00429,137.49650,122.94812,135.62904,133.88821,120.22167,123.58262,125.80608,124.06246,129.95154,128.72492,129.89258,126.55150,125.56871,127.39804,124.99158,131.22654,124.46887,133.61946,130.14433,132.17075,131.39287,136.29062,139.59354,142.67942
1722,94.42967,117.55350,115.06533,97.41221,111.55200,111.06683,94.44625,108.16133,105.89567,94.79608,95.11354,97.70975,95.03804,101.47183,99.78200,100.51642,97.55233,96.95867,98.81504,96.26687,102.49617,95.96371,105.28825,102.34604,103.83867,103.21771,109.07442,114.56200,120.06458
1723,116.03933,112.07992,110.95300,111.15604,109.65562,110.52937,111.89837,109.86850,108.20167,118.72158,110.94104,115.61429,112.98071,108.22329,109.00804,110.26000,109.29196,108.64962,108.09708,110.15075,109.17246,109.83717,109.44837,106.41042,108.29504,107.30792,109.26283,111.35479,112.66017
1724,112.53108,100.40871,102.61287,109.36167,104.03779,103.26992,112.23308,104.62304,107.01300,113.54654,111.97475,109.62175,111.14992,108.92725,108.94225,107.51196,110.12204,111.11204,110.29300,111.09392,107.46762,111.59354,105.93183,110.74758,107.73712,109.10867,104.93354,101.65775,98.61687
1725,128.50125,141.88525,141.69458,131.69075,140.10567,139.01887,129.44775,137.83642,137.51012,127.94696,130.09812,130.98146,129.72387,134.85042,133.61062,133.75700,132.17446,131.92321,133.25879,131.08408,135.13708,130.93575,136.57137,136.22158,136.25192,136.32767,138.81325,140.24950,141.41683
1726,121.23317,129.58329,130.42342,124.77462,130.60812,129.62729,122.73875,129.62167,130.41325,120.49508,123.55146,123.09446,122.68125,128.35958,127.03212,126.65204,125.77317,125.78333,127.08850,124.60883,128.17796,124.58204,129.12383,130.27946,129.47687,130.03121,130.33983,129.45275,128.53608
1727,110.94550,113.09921,114.74583,112.59058,114.46633,113.65092,111.84429,113.73654,114.15358,110.04471,112.04329,111.87687,111.95600,113.47754,113.11317,113.11642,112.73521,112.65854,113.06629,112.37275,113.42771,112.31842,113.64758,114.26096,113.81837,114.05871,114.16296,113.27400,111.20050
1728,114.78808,116.18196,116.83158,114.42129,115.82962,114.82954,114.83037,114.46400,115.05075,114.74762,114.76767,114.50287,114.73600,114.77667,114.49996,114.23250,114.51029,114.65925,114.72296,114.64412,114.46087,114.70787,114.36296,115.74696,114.81075,115.26087,115.20775,115.20587,115.75475
1729,119.57342,115.02792,113.03708,117.22525,113.66033,116.52558,116.27442,116.79233,114.13512,121.03246,115.51312,120.48667,117.88525,114.05975,115.16229,117.17412,115.02337,113.81712,113.53554,115.27687,115.78096,114.67942,116.50454,110.69108,114.46667,112.67237,114.62142,116.37237,116.63208
1730,139.52425,142.54725,143.02562,141.89942,143.24646,142.71208,141.22125,142.91596,143.66829,138.34271,141.65387,140.19033,140.94571,143.34833,142.90429,142.47662,142.61400,142.79221,143.19437,142.11304,143.00221,142.18650,143.01508,144.27908,143.48812,143.93350,143.28879,142.44525,141.96958
1731,108.65229,114.59729,108.89521,109.13417,109.34800,114.27025,106.28871,113.52771,108.87929,109.20696,105.93167,111.60217,108.24075,107.33737,108.03546,110.70858,106.93192,105.30246,105.77092,106.40346,109.80342,105.59808,111.85779,103.59842,108.68275,106.18029,110.24692,115.87467,121.37079
1732,36.76975,44.14958,44.88254,38.42621,43.44913,41.86208,37.90958,41.13292,41.81825,35.96258,38.22904,37.50342,37.73813,40.45375,39.56308,39.17896,38.95883,39.10558,39.76646,38.57467,40.13746,38.63275,40.59883,42.19075,41.05446,41.64454,42.36879,42.59142,43.44550
1733,52.26988,72.51854,70.83563,57.08025,68.69521,68.09937,53.61754,66.22825,64.98279,51.10750,54.46375,55.88421,54.21821,61.12942,59.55854,60.15221,57.43900,56.85346,58.73125,55.87600,61.90638,55.55938,64.18204,62.38450,63.23779,62.93871,67.03363,70.31863,74.17225
1734,100.79246,100.27929,99.84917,98.66800,99.15242,98.74121,99.75658,98.37992,98.73925,101.89850,99.52379,99.92917,99.57212,98.67829,98.46200,98.15321,98.64229,98.88817,98.74621,99.10133,98.35917,99.22787,98.25942,99.42075,98.62325,98.98379,98.79212,99.30717,100.99004
1735,98.90412,121.26617,122.63992,103.09375,120.02025,116.88287,99.27404,114.97812,115.21229,99.71375,100.54246,102.37762,99.56550,109.85025,107.13933,106.97700,104.32462,104.03275,106.68596,102.33662,110.14767,102.15250,112.84450,112.89308,112.64337,113.10471,117.48262,118.55921,118.85929
1736,37.33537,61.72700,62.76938,37.09542,57.29367,53.09908,34.24246,49.50558,48.94417,40.92729,34.85438,40.20137,35.09038,42.77175,40.06808,40.39108,37.28904,36.77713,39.25829,36.00096,43.38488,35.70671,46.44921,45.96754,45.84792,46.12146,52.96567,56.71500,59.87354
1737,62.71425,59.08050,55.75017,56.87467,54.52575,57.16038,58.57583,55.97492,52.86683,65.81654,57.49542,61.28063,59.19025,53.37996,54.45796,55.71700,55.04313,54.55900,53.58325,56.32138,54.51329,56.13475,54.97308,50.43583,53.22163,51.72821,54.33375,59.02221,63.35300
1738,118.32475,112.76346,113.53483,117.86950,113.95487,114.16796,118.78804,114.80912,115.31775,117.39737,118.46496,117.59650,118.74933,116.44975,116.93362,116.88237,117.57129,117.65921,117.12358,118.04079,116.18596,118.08171,115.43108,116.51358,115.82829,116.06137,114.47021,113.45150,112.55450
1739,40.09658,22.07521,20.89138,35.21888,23.06921,25.75696,38.40563,27.22171,26.87838,40.85508,37.29613,37.14092,38.28596,30.39058,32.15333,32.33142,34.08463,34.27813,32.40213,35.76871,30.24688,35.89804,28.57287,28.34033,28.61450,28.26179,25.09921,24.51037,24.49946
1740,44.60600,14.90825,14.62642,34.48129,16.79888,19.16304,40.04608,21.12675,21.38017,47.57650,38.06033,39.15383,40.01871,26.65367,29.33696,29.49279,32.46546,32.78850,29.77996,35.39733,26.28167,35.59954,23.43879,23.83529,23.86892,23.59400,19.08696,17.25800,15.93442
1741,29.43804,23.71183,22.41675,28.87842,23.93413,26.30913,28.96404,27.09208,25.96850,29.24825,28.61025,29.60500,29.39112,26.93029,27.71708,28.41304,28.07533,27.73771,27.26842,28.35625,27.46100,28.19529,27.34283,25.30446,26.62204,25.90508,25.26833,25.68658,25.86513
1742,20.36367,22.39133,20.35992,20.48500,20.46579,21.95875,20.02717,21.65742,20.39075,20.39467,19.94763,20.88229,20.34379,20.10896,20.26513,20.81571,20.05546,19.75113,19.80663,19.99767,20.65029,19.85458,21.15396,19.16946,20.38054,19.77763,20.72938,22.62404,25.09454
1743,52.86967,59.13546,59.35792,57.82775,60.69817,61.99838,54.64246,62.53150,61.51883,51.11658,55.31983,55.80354,55.27421,59.80308,59.28021,60.03288,57.94254,57.26888,58.43000,56.56954,60.64708,56.21104,61.94900,59.37292,60.99479,60.36504,61.42238,61.27538,59.06946
1744,29.49850,19.02404,18.87721,25.00425,20.20388,21.30933,26.67763,22.11954,22.14450,31.94454,26.07871,27.76992,26.73104,23.21592,23.69146,23.74796,24.37533,24.46933,23.77667,25.26542,23.13600,25.32929,22.63508,22.82533,22.71446,22.67888,21.18629,20.51529,19.89925
1745,72.28700,41.81325,40.51142,62.02883,43.45592,46.67971,68.03300,48.84608,49.01838,75.81767,66.28458,66.38646,67.39971,54.78063,57.38758,57.06588,60.68092,61.38263,58.25467,63.61850,54.10617,64.03225,51.16867,51.94975,51.74254,51.56625,46.29129,44.77304,44.29563
1746,77.31167,68.08063,68.05742,77.82954,71.23908,73.26400,78.03246,75.24563,75.64671,76.79458,78.08796,76.73829,77.79433,77.12579,77.59921,77.41921,78.04929,78.16129,77.79363,78.07333,76.96971,78.13354,76.33933,76.34725,76.54383,76.50933,73.52238,71.16067,68.56229
1747,106.41717,106.00150,106.85450,106.71854,107.01187,106.30562,106.62958,106.60979,107.52383,106.52367,106.81196,106.27333,106.45121,107.47029,107.19354,106.80371,107.13787,107.31050,107.47825,106.96808,107.10083,107.04212,106.89767,108.33304,107.45462,107.92946,107.05746,105.86883,104.97925
1748,65.87613,72.79333,69.65138,62.92750,67.28467,67.55546,63.66188,65.65183,64.16488,68.05125,63.36525,64.97421,63.68858,63.05425,62.77700,63.03646,62.51263,62.44817,62.48892,62.95271,63.47021,62.95375,64.33142,62.56175,63.58775,63.12817,65.98767,70.16500,76.13033
1749,82.09446,83.64958,82.90083,82.74296,82.68500,82.87571,83.16117,82.69367,82.69396,81.43863,83.26104,81.55475,82.71950,82.99508,82.98217,82.64625,83.13921,83.37637,83.25517,83.20371,82.78437,83.33537,82.65046,82.89288,82.79442,82.89183,82.69254,83.25817,84.55571
1750,93.28654,100.48996,99.89117,95.30642,99.05054,98.64417,94.65650,97.97642,97.87079,92.48321,95.06621,93.82704,94.34887,96.97650,96.41987,96.16271,95.92500,96.03562,96.52000,95.47475,96.90637,95.53475,97.40479,97.49371,97.40492,97.52842,98.46046,99.47887,101.07733
1751,90.72658,98.79067,98.42529,93.72933,97.49037,97.13554,92.45071,96.50887,96.13837,89.10971,92.83400,91.98479,92.50025,95.06279,94.64800,94.79246,94.00800,93.83833,94.41604,93.39296,95.29754,93.30512,95.92667,95.22004,95.63575,95.51283,96.88342,97.82929,98.78125
1752,37.67163,21.60983,22.37900,32.81708,23.48708,23.81421,36.89313,24.95788,26.40663,38.42317,36.06321,34.38304,35.97004,29.70533,30.69967,29.75383,32.72396,33.63504,31.91454,34.47479,28.47729,34.95892,26.40088,30.25413,27.77188,28.64788,24.51875,22.71533,22.26358
1753,15.64146,11.17567,11.48933,13.23358,11.46700,10.89042,15.31433,10.92788,12.05946,16.40042,15.11108,14.46829,14.59154,13.03667,12.91379,12.03838,13.67013,14.40546,13.87200,14.42454,12.02392,14.80229,11.21721,14.89042,12.32029,13.27729,11.35542,10.97429,12.14421
1754,32.36325,24.61204,23.37463,29.09792,22.96508,23.98679,31.78192,23.91713,23.35933,32.25700,30.90975,29.89071,31.52808,25.59929,26.84267,26.92863,28.26854,28.46392,27.03904,29.65204,25.52192,29.78629,24.41829,23.94975,24.34229,24.03000,23.25500,24.38271,26.40242
1755,23.81221,19.78596,19.65004,22.97650,20.30058,20.75579,23.82788,21.21571,21.47888,23.72829,23.63467,22.97267,23.64100,22.24917,22.49663,22.32471,22.92196,23.08125,22.70679,23.29563,22.04342,23.38167,21.61096,22.12150,21.84829,21.96617,20.84875,20.33221,20.21683
1756,18.99717,11.15313,11.76125,16.74017,12.55388,12.70713,18.25300,13.43271,14.10979,19.60404,17.87592,17.51246,18.01717,15.37967,15.80833,15.52488,16.56746,16.82842,16.17029,17.25329,14.99054,17.39271,14.17113,15.37808,14.67671,14.96108,13.18450,11.88996,10.78283
1757,36.59263,35.56938,33.90717,36.86896,34.08400,35.63000,36.62338,35.66058,34.65600,35.58938,36.26438,37.13050,37.23896,35.11879,35.76254,36.54492,35.95263,35.50575,35.22263,36.11642,35.65175,35.88479,35.61550,34.03029,34.99071,34.42850,34.57104,35.93796,38.12300
1758,24.30688,23.21696,22.48646,24.54963,23.14546,24.55717,23.68125,24.86075,23.78621,24.24029,23.51808,25.25088,24.36788,23.63063,23.99067,24.83263,23.77838,23.24508,23.29900,23.64163,24.34496,23.36996,24.73329,22.44421,23.89704,23.18854,23.75592,24.29146,24.08825
1759,12.09483,12.39379,11.26275,12.18679,11.58800,12.63100,12.04625,12.58900,11.86904,12.08788,12.02125,12.33621,12.12750,11.92296,12.06158,12.30171,12.03188,11.92700,11.88604,12.02604,12.16542,11.98167,12.36675,11.36075,11.96608,11.64104,11.90229,12.87508,14.01650
1760,53.06354,59.43842,59.57354,55.78217,59.54725,59.43654,53.84238,59.31038,59.05621,52.29608,54.27342,54.90887,54.24746,57.50800,56.89317,57.22692,55.91663,55.55158,56.44150,55.05513,57.89879,54.85204,58.79500,57.90958,58.42929,58.28692,59.38208,59.46492,58.98775
1761,30.86500,47.20542,46.35183,36.54438,45.15763,44.42579,33.96583,43.28754,42.95279,28.59296,34.95188,33.39446,33.81933,40.43392,39.12054,38.98379,37.61888,37.51438,38.94888,36.22117,40.60275,36.15563,42.02588,41.66129,41.76825,41.86950,44.10275,45.76379,47.93888
1762,10.89321,8.83487,8.52429,9.89571,8.78092,9.37325,9.94583,9.50483,9.11071,11.48854,9.73750,10.93463,10.24683,9.19275,9.39662,9.72342,9.44700,9.26600,9.15633,9.59829,9.43496,9.50646,9.49567,8.75862,9.21208,8.96496,9.03792,9.28392,9.42662
1763,63.35250,63.33158,63.52712,63.44946,63.51313,63.55696,63.15000,63.61079,63.56246,63.35308,63.12250,63.74600,63.36967,63.38283,63.37263,63.55371,63.26646,63.13404,63.22775,63.19088,63.48425,63.11638,63.57050,63.48771,63.50167,63.47529,63.52725,63.46404,63.19550
1764,55.01029,57.30908,58.73488,57.16629,58.93079,58.06217,56.24913,58.39300,59.22629,54.07200,56.62967,55.85333,56.19925,58.60429,58.10592,57.84279,57.67338,57.70817,58.22508,57.12779,58.38350,57.12350,58.51321,59.59563,58.92438,59.33533,58.89446,57.45292,55.67746
1765,47.03721,51.97117,53.32833,49.90892,53.05825,52.09321,48.46279,52.13475,52.58229,45.75954,48.88546,48.58417,48.62108,51.49417,50.94088,50.94883,50.25667,50.10946,50.80804,49.53900,51.53725,49.44288,51.98804,52.25775,52.08083,52.26546,52.72438,51.74988,50.02100
1766,7.82254,9.26829,9.56017,8.37625,9.44433,9.12392,8.31304,9.05083,9.33175,7.55325,8.44879,8.00600,8.15175,9.06217,8.78292,8.57246,8.65487,8.77662,8.94504,8.54679,8.87008,8.60587,8.94237,9.73987,9.16900,9.42346,9.28346,9.19787,9.28104
1767,39.93288,42.32554,42.73904,40.77363,42.40025,41.93858,40.07629,41.82946,41.93925,39.61967,40.17038,40.72263,40.33654,41.29283,41.05383,41.21554,40.70029,40.53204,40.86808,40.42217,41.41179,40.32375,41.68771,41.64325,41.64667,41.68021,42.13575,41.94429,41.56025
1768,46.64129,48.03733,46.28313,46.89417,46.51788,47.98071,46.06704,47.84050,46.62650,46.65321,45.95121,47.35233,46.64954,46.29050,46.53321,47.27738,46.25604,45.77546,45.89200,46.09554,46.96663,45.85221,47.45675,45.22217,46.62404,45.95442,46.87504,48.40300,50.17492
1769,54.43558,47.96196,49.28329,53.53108,49.89558,49.41821,54.81042,50.19367,51.41879,54.08983,54.61908,53.24437,54.42767,52.69333,52.97638,52.44129,53.70504,54.08400,53.54758,54.18579,52.04529,54.37237,51.06267,53.30058,51.93029,52.52908,50.36071,48.44112,46.57975
1770,16.97958,42.75633,41.70808,24.38763,39.87846,38.68667,20.13175,36.74950,35.88233,15.19225,21.66246,20.96808,20.09879,31.08963,28.68900,28.62038,25.94183,25.66775,28.21042,23.69621,31.58200,23.53950,34.37646,33.11133,33.67371,33.67592,38.04375,40.83337,43.57733
1771,12.95967,19.76133,18.19450,13.12771,17.22158,17.36671,12.71217,16.38833,15.58658,13.21850,12.79458,13.30488,12.79096,14.25304,13.71288,13.88663,13.10192,12.98517,13.45229,12.93708,14.56108,12.88671,15.45600,14.41996,14.97725,14.75383,16.55629,18.69813,21.63138
1772,20.61746,22.26954,21.61504,20.20738,21.67621,22.06058,20.06129,21.94350,21.62513,21.30754,20.12079,20.61558,20.04829,20.93950,20.59167,20.63225,20.24463,20.21346,20.47746,20.17721,21.08004,20.17254,21.57946,21.05142,21.35921,21.26338,21.73513,22.31217,23.43033
1773,46.20321,49.87496,49.96183,46.22433,48.96563,48.41925,45.89279,47.82963,47.62967,46.45675,45.94150,46.59096,46.00158,46.80258,46.49329,46.63758,46.15025,46.05133,46.33400,46.03875,46.92933,45.99508,47.34988,47.23333,47.20779,47.20725,48.28033,49.02604,49.65104
1774,41.85308,43.66983,44.56067,42.70817,44.69125,43.98450,42.33913,44.13479,44.83654,41.88329,42.67250,42.00296,42.05738,44.21829,43.64879,43.25625,43.29338,43.46783,43.88104,42.96779,43.92600,43.05546,44.10892,45.28383,44.51954,44.94792,44.60108,43.67971,42.60308
1775,34.15083,33.82192,32.21958,33.21446,31.84521,33.13625,33.51979,32.76617,31.52133,34.19642,33.16896,33.91217,33.79104,31.77738,32.28117,32.90342,32.47258,32.18829,31.84192,32.83571,32.29208,32.71896,32.44229,30.56542,31.71546,31.08800,31.94104,33.85392,35.90583
1776,35.79779,39.85071,40.49792,37.43704,40.80379,40.20392,36.39025,40.33013,40.92846,35.82408,36.90721,36.61825,36.21046,39.71408,38.86783,38.55746,38.13008,38.20508,38.96250,37.48867,39.55183,37.52267,40.10767,40.94888,40.38021,40.75504,40.75267,39.95021,39.00900
1777,39.39896,43.79454,43.57308,40.36708,42.79608,42.33408,40.09263,41.82479,41.90417,39.10496,40.35008,39.69842,39.83821,41.39400,41.03217,40.82108,40.78600,40.91071,41.17367,40.55729,41.24508,40.62838,41.46592,42.04504,41.59979,41.80633,42.27567,42.97813,44.21371
1778,29.11463,32.59913,33.17179,30.64192,33.14896,32.77963,29.37267,32.80679,32.93021,28.92775,29.67329,30.36600,29.63817,31.88533,31.41829,31.57308,30.77183,30.56154,31.17638,30.19596,32.05379,30.07575,32.57783,32.41517,32.49113,32.52867,33.02058,32.61783,31.89367
1779,20.79463,27.84654,27.94333,22.38254,26.68079,25.28013,22.15271,24.53292,25.21258,20.10454,22.53650,21.07875,21.71196,24.31471,23.56925,22.97279,23.17342,23.47646,23.95583,22.83917,23.88492,22.98479,24.13379,25.67275,24.64971,25.21508,25.73371,26.11954,27.55804
1780,8.64787,12.21192,12.59129,9.70129,11.99800,11.13325,9.64050,10.82871,11.37333,8.08688,9.88508,8.81717,9.31496,10.91096,10.44100,10.01400,10.23954,10.47425,10.74738,10.05371,10.57058,10.16754,10.66012,11.90525,11.06713,11.49033,11.51675,11.44583,11.81963
1781,12.71825,11.94288,11.02988,12.38592,11.23921,12.31608,12.26158,12.29375,11.43038,12.76871,12.07921,12.98508,12.57067,11.54379,11.85479,12.33483,11.88633,11.63750,11.50671,11.98683,11.93625,11.86796,12.10613,10.75117,11.57017,11.11925,11.52579,12.49988,13.44000
1782,19.08883,10.81633,9.98904,15.11425,10.40162,11.92683,16.04808,12.21208,11.13113,20.91233,15.21679,18.30383,16.81096,12.06096,13.02704,13.94350,13.63033,13.18908,12.43863,14.45938,12.66838,14.24629,12.40925,10.47442,11.68946,10.97250,11.00329,11.76213,12.18563
1783,21.78367,25.45846,24.69383,23.56779,24.81379,25.53008,22.41896,25.41017,24.72133,21.05638,22.61988,22.89317,22.69825,24.08888,23.97179,24.35325,23.50088,23.20971,23.59071,23.03950,24.48613,22.88829,25.01813,23.76108,24.52250,24.18133,24.93517,25.77033,26.50583
1784,22.45558,25.96233,26.46271,23.48125,26.20783,25.36692,23.10646,25.17983,25.78258,22.29046,23.41983,22.89254,22.88083,25.05171,24.43400,24.02888,24.05371,24.24092,24.68842,23.72133,24.74342,23.80363,24.98075,26.21904,25.37971,25.82563,25.83096,25.50004,25.38354
1785,28.96971,33.70542,32.99767,30.60100,33.00671,33.25475,29.54983,33.03204,32.73154,28.58525,29.86067,29.90275,29.64196,31.83221,31.41617,31.50908,30.83800,30.70367,31.22963,30.32554,32.01767,30.25183,32.59846,32.06808,32.36671,32.28238,32.94938,33.59983,34.56863
1786,34.25992,39.82188,39.83983,35.82767,39.20517,38.59033,35.00013,38.10933,38.12533,33.84663,35.33042,35.03979,34.95225,37.20638,36.72208,36.63021,36.21088,36.19621,36.69429,35.74933,37.22254,35.73604,37.68388,37.72367,37.66525,37.75850,38.64833,39.07071,39.48096
1787,27.34588,35.14133,35.04333,29.56679,34.30204,33.73217,28.17950,33.12063,32.94292,26.81038,28.61746,28.75183,28.28071,31.47408,30.77592,30.82079,29.94525,29.81358,30.59254,29.24858,31.63208,29.17100,32.43592,32.17983,32.25417,32.28375,33.63750,34.36438,35.05450
1788,25.60204,29.94683,29.50583,27.26413,29.00050,28.97438,26.77033,28.58871,28.32908,24.54946,26.96504,26.15875,26.69442,27.90463,27.71929,27.73429,27.46529,27.43913,27.67025,27.20338,27.97146,27.19250,28.24863,28.00708,28.11933,28.07488,28.69925,29.47550,30.42188
1789,32.30854,34.12500,33.05708,33.25033,33.26517,34.16417,32.49775,34.09242,33.33229,31.92346,32.55879,33.01054,32.77483,33.12838,33.25583,33.67042,33.03317,32.76071,32.89292,32.78508,33.53246,32.64867,33.85438,32.42554,33.33250,32.90783,33.50242,34.38450,35.31625
1790,31.42475,33.67000,33.40700,32.59308,33.58475,33.84642,31.93746,33.83646,33.63646,31.07658,32.14933,32.04054,31.95971,33.24913,33.06779,33.12375,32.77083,32.70138,32.97400,32.44563,33.35375,32.40888,33.64317,33.29296,33.49617,33.42242,33.66708,33.89125,34.09275
1791,8.83879,10.39175,10.10862,8.64633,9.54421,9.50496,8.54879,9.17983,8.85617,8.91704,8.46000,9.00533,8.72871,8.53296,8.51787,8.72629,8.40117,8.26962,8.32671,8.43071,8.72662,8.36487,8.94108,8.35225,8.70942,8.54821,9.25775,9.89412,10.57521
1792,26.55071,28.94958,28.67413,27.40688,28.53192,28.63613,26.90688,28.47363,28.28254,26.24954,27.04321,27.10904,26.96758,27.89508,27.73283,27.80954,27.48713,27.41779,27.64279,27.25450,27.98117,27.21646,28.23521,28.04917,28.11725,28.07858,28.43575,28.85596,29.33700
1793,32.43442,34.00850,33.77938,32.48133,33.49825,33.33279,32.52996,33.15579,33.23388,32.29563,32.51708,32.33554,32.51888,32.85750,32.64038,32.58600,32.49283,32.50417,32.63708,32.50417,32.84379,32.50754,33.01529,33.11729,33.05204,33.12617,33.34433,33.60271,34.28746
1794,33.57808,35.06029,35.41267,35.01567,35.80521,35.87250,34.20492,36.11571,36.19808,33.17525,34.48642,34.26067,34.21742,35.83483,35.61704,35.60854,35.29346,35.23463,35.56246,34.87158,35.87525,34.83600,36.09296,36.02829,36.07413,36.09325,36.01004,35.52842,34.54175
1795,24.77671,20.30296,19.46371,24.02854,20.12521,21.57950,24.42808,21.98358,21.20558,24.61013,24.09125,24.45613,24.65679,22.19900,22.94246,23.40408,23.40925,23.21025,22.67696,23.76746,22.53471,23.67950,22.23954,20.82521,21.77138,21.25288,20.87346,21.29804,21.61688
1796,28.55204,29.45867,29.85542,28.90779,29.62633,29.28442,28.68842,29.21188,29.34292,28.42054,28.74738,28.77238,28.72642,29.14708,29.05288,29.04896,28.95304,28.93025,29.04217,28.84542,29.12742,28.82908,29.17121,29.38333,29.23242,29.30925,29.43625,29.29063,28.90879
1797,20.02038,22.66675,21.99050,20.67917,21.82008,22.06783,20.37850,21.78321,21.49692,19.81663,20.50867,20.37342,20.33229,21.17983,21.01554,21.01983,20.82483,20.82350,20.99442,20.65896,21.22029,20.65983,21.46650,21.32808,21.35229,21.32150,21.69904,22.50913,23.65013
1798,23.09317,26.09875,26.53092,24.26525,26.32754,25.73813,23.82408,25.63304,26.08350,22.67875,24.08742,23.56046,23.68438,25.48079,25.01533,24.76133,24.68188,24.77863,25.15713,24.37033,25.28696,24.41063,25.49092,26.35654,25.76671,26.08542,26.07621,25.83446,25.87692
1799,20.94563,27.76208,28.26658,22.46904,27.34763,25.88133,22.12621,25.28392,26.17413,20.27833,22.49642,21.34396,21.78746,24.82300,23.81025,23.23071,23.19871,23.46208,24.14654,22.82867,24.38988,22.94763,24.84213,26.68938,25.42675,26.11254,26.48383,26.58538,27.56488
1800,9.79471,12.60421,11.65054,10.19937,11.45933,11.98800,9.69117,11.66792,11.05479,9.87475,9.76171,10.30925,9.84371,10.53775,10.41579,10.65800,10.11092,9.95308,10.17267,9.92700,10.81533,9.85067,11.25575,10.30375,10.86438,10.60400,11.39079,12.52554,13.95608
1801,26.49883,27.89375,28.30813,27.34104,28.22796,27.72563,27.11467,27.75317,28.24288,26.13708,27.30058,26.59396,26.96646,28.05317,27.81338,27.56021,27.68754,27.78896,27.97679,27.48554,27.84604,27.52888,27.81446,28.60008,28.11892,28.39663,28.11825,27.65729,27.43383
1802,15.46067,20.07292,20.23588,16.66333,19.71838,19.09596,16.07071,18.71533,18.88604,15.18913,16.36075,16.07013,15.96713,18.03104,17.51129,17.33858,17.05946,17.10875,17.56500,16.69279,17.95233,16.71242,18.35004,18.76571,18.44896,18.64617,19.23654,19.48613,19.86325
1803,7.84904,6.16171,5.83487,7.11692,6.03750,6.63308,7.00279,6.74104,6.27458,8.27971,6.80858,8.01867,7.36346,6.34667,6.59900,7.00396,6.62554,6.38787,6.29279,6.72087,6.65483,6.59962,6.72975,5.78833,6.37796,6.06642,6.26987,6.55587,6.61667
1804,6.95712,7.36933,6.84471,6.64092,6.75779,7.18671,6.43596,7.04325,6.55867,7.25987,6.35196,7.23162,6.67383,6.37496,6.44646,6.73887,6.34967,6.17854,6.20808,6.35012,6.62696,6.26442,6.83875,6.04929,6.51608,6.27117,6.76108,7.42354,8.09275
1805,3.90117,2.11508,2.11433,3.26171,2.25658,2.40550,3.62537,2.52638,2.54779,4.07196,3.49933,3.57958,3.61925,2.82767,2.96012,2.96337,3.13675,3.16329,2.99283,3.32646,2.79621,3.34250,2.64583,2.72821,2.68033,2.68071,2.39508,2.29179,2.25796
1806,4.12254,7.72887,7.42533,4.89454,7.12450,7.14592,4.19625,6.82379,6.44558,4.12454,4.36496,4.78046,4.31446,5.67550,5.38629,5.54137,4.95058,4.81662,5.18129,4.64275,5.89375,4.57533,6.40137,5.72971,6.11504,5.96504,6.86850,7.51579,8.00150
1807,26.99950,27.22183,26.90179,27.09896,26.79733,26.92408,27.22625,26.86508,26.79142,26.60475,27.15463,26.90625,27.24196,26.86342,26.92975,26.98588,26.98896,26.96750,26.89992,27.07554,26.88950,27.06688,26.85663,26.79167,26.82742,26.79863,26.80654,27.05000,27.53317
1808,9.22571,11.91475,11.76808,8.26592,10.07171,9.24979,8.85171,8.34787,8.09008,9.35717,8.60979,8.82642,8.87625,7.83792,7.86983,7.96267,7.96096,7.95037,7.80442,8.29846,7.91729,8.30375,7.99217,7.70550,7.86862,7.79188,9.07783,10.24004,11.54554
1809,9.20250,11.00683,11.53054,10.41179,11.66692,11.26500,9.90837,11.36317,11.78667,8.69242,10.13533,9.67625,9.85450,11.35263,11.00900,10.83838,10.72942,10.76750,11.09283,10.41850,11.21117,10.42600,11.34079,12.05379,11.57571,11.83300,11.62242,11.08121,10.49896
1810,12.18663,11.10925,11.04413,12.09200,10.99467,11.07858,12.45483,11.13600,11.18408,11.78229,12.33721,11.85371,12.40917,11.56867,11.76279,11.74971,11.99117,12.02163,11.81192,12.17279,11.51896,12.19042,11.28713,11.39050,11.35096,11.35938,11.07088,11.06246,11.29154
1811,13.86046,12.54433,12.78646,12.78233,12.53933,12.02558,13.53900,11.97038,12.52613,14.37792,13.46550,13.15663,13.28008,12.80204,12.72375,12.34829,12.97188,13.23475,13.07179,13.23029,12.42575,13.36175,12.11667,13.40617,12.56988,12.94371,12.37008,12.10321,12.40058
1812,10.64717,10.75175,10.74871,10.46262,10.51396,10.30208,10.69129,10.21733,10.39996,10.58612,10.64625,10.49883,10.64550,10.44158,10.40887,10.31329,10.47692,10.54146,10.50108,10.56542,10.32858,10.59483,10.23771,10.68521,10.38700,10.51833,10.39437,10.42258,10.80271
1813,6.08058,5.35383,4.96429,5.86762,5.10746,5.59583,5.87758,5.63308,5.29400,6.07204,5.77521,6.13750,6.01196,5.41250,5.57637,5.78112,5.62871,5.52600,5.43542,5.70529,5.56942,5.65608,5.59837,5.06317,5.38821,5.20258,5.27742,5.62612,5.98121
1814,3.73612,4.52642,4.23408,3.67642,4.11721,4.30108,3.55537,4.16308,3.89208,3.87050,3.54392,3.87650,3.63358,3.70633,3.68208,3.79729,3.58854,3.52083,3.57596,3.56454,3.82700,3.53225,3.99321,3.58396,3.82254,3.70546,4.06021,4.49767,4.95042
1815,6.94329,7.22083,6.73454,7.07254,6.86700,7.39629,6.84796,7.37879,6.95179,6.88129,6.81608,7.19479,6.99983,6.87737,6.95962,7.18967,6.88704,6.75304,6.77312,6.84962,7.08467,6.78417,7.24475,6.54162,6.96704,6.74662,7.00913,7.49687,7.97579
1816,18.54975,24.06225,23.50471,20.43808,23.05525,23.15246,19.28621,22.72229,22.15896,17.80979,19.53563,19.64033,19.49875,21.27938,21.02913,21.31567,20.48104,20.23533,20.69604,19.98554,21.62833,19.85771,22.22375,21.11338,21.79283,21.52233,22.73979,23.66229,24.46867
1817,12.08871,26.76488,26.84125,17.26221,25.79117,24.56742,14.84279,23.62521,23.71096,10.33708,15.85792,14.42704,14.60863,21.29375,19.92233,19.59646,18.48733,18.49267,19.90938,17.10971,21.28542,17.09575,22.55496,22.82713,22.54075,22.82813,24.70704,25.51717,26.39250
1818,9.72808,7.95083,8.01517,8.59337,7.75587,7.79346,8.82650,7.75604,7.57692,10.16287,8.55492,9.59267,9.12450,7.70742,7.94942,8.24229,8.09087,7.93017,7.75112,8.33308,7.87971,8.25008,7.80400,7.40037,7.64829,7.49621,7.68812,7.81871,7.80983
1819,5.35058,7.22946,7.42683,5.26783,6.88054,6.38250,5.13783,6.07383,6.16562,5.58617,5.16512,5.55179,5.19475,5.70212,5.47154,5.44850,5.28796,5.27804,5.45808,5.22254,5.68250,5.21171,5.86217,6.12037,5.91254,6.01975,6.46533,6.69258,7.02262
1820,19.65188,20.35900,20.53050,20.71679,20.82454,20.99904,20.26517,21.17863,21.16354,19.08896,20.40217,20.07850,20.28642,21.04050,20.97538,21.00908,20.82746,20.77513,20.92488,20.60542,21.08258,20.57533,21.17746,21.07725,21.13971,21.12350,21.00725,20.77004,20.30063
1821,3.60537,3.00754,2.88808,3.07200,2.91925,3.09471,3.09758,3.09179,2.92058,3.97892,3.01092,3.60879,3.22437,2.86108,2.90079,3.03262,2.88650,2.81208,2.79492,2.95100,2.96762,2.91379,3.04129,2.72712,2.91500,2.81608,2.95808,3.11312,3.17829
1822,17.04883,20.93525,20.09075,17.91942,19.66525,20.05425,17.07746,19.62221,18.86408,16.85121,17.16008,17.90500,17.38404,18.19371,18.11146,18.52088,17.71300,17.43008,17.71954,17.42263,18.61004,17.27979,19.13679,17.80683,18.60750,18.23783,19.43292,20.62363,21.79104
1823,21.73100,23.81342,23.93054,22.90392,24.08454,24.03125,22.19458,24.10138,24.16575,21.38433,22.40879,22.35758,22.26079,23.67954,23.42567,23.44238,23.08579,23.00996,23.34396,22.73142,23.73646,22.68500,23.99838,23.93817,23.97125,23.99921,24.12633,23.91571,23.60267
1824,12.35113,18.76429,19.73942,14.24088,18.77283,17.10958,13.63767,16.62446,17.48350,11.68500,14.08979,12.95554,13.31721,16.39404,15.57250,15.03438,15.03263,15.26046,15.88375,14.53842,16.01217,14.63925,16.33096,17.85575,16.85375,17.42800,17.89496,17.46663,17.27433
1825,23.52538,27.66721,27.48212,24.60346,26.92183,26.62825,24.02000,26.22271,26.04542,23.20846,24.22250,24.08046,24.01933,25.41846,25.14400,25.15871,24.79604,24.74654,25.06200,24.49525,25.51125,24.46904,25.87167,25.56046,25.73979,25.69954,26.51679,27.06850,27.62400
1826,6.47696,10.18112,9.81271,7.19842,9.30421,9.19492,6.62329,8.79646,8.49367,6.33196,6.74158,7.07067,6.75267,7.81183,7.56942,7.71146,7.20671,7.08325,7.38946,6.96217,7.99325,6.89725,8.41017,7.89896,8.18425,8.07479,8.95567,9.66779,10.44104
