day,box1,box2,box3,box4,box5,box6,box7,box8,box9,box10,box11,box12,box13,box14,box15,box16,box17,box18,box19,box20,box21,box22,box23,box24,box25,box26,box27,box28,box29
0,4.48833,1.75175,1.59550,4.80314,1.80258,2.06028,4.10248,2.07311,2.00591,4.32832,3.78438,4.88970,4.68459,2.00095,2.19876,4.67597,2.92554,2.71411,2.04810,3.50797,2.11797,3.41351,2.13548,1.52315,2.01461,1.62322,2.00983,1.99894,1.81339
1,4.39650,1.70681,1.52174,4.78781,1.68741,2.01320,2.37886,2.00824,1.91469,4.34505,2.23573,4.82578,4.56628,1.83541,2.02221,4.54735,2.01626,1.89541,1.89821,2.07185,2.03888,1.98761,2.01822,1.37310,1.84188,1.51790,1.87464,1.95299,1.76787
2,4.32281,1.83175,1.64857,4.73433,1.80186,2.12335,2.22934,2.15277,2.05220,4.31868,2.19812,4.77959,4.64639,2.00455,2.23264,4.49691,2.22283,2.16178,2.13723,2.18268,2.17551,2.14136,2.14013,1.53804,1.94247,1.72729,2.00018,2.05293,1.91640
3,4.19310,1.98493,1.83935,4.64261,1.95168,2.23072,2.37090,2.27839,2.20449,4.06935,2.44107,4.62633,4.43937,2.18135,2.37972,4.44047,2.45302,2.41723,2.32650,2.45425,2.30572,2.43608,2.28839,1.78588,2.12341,2.03357,2.14697,2.15113,2.09402
4,3.97295,2.02031,1.90426,4.55534,2.03746,2.26835,2.89933,2.29559,2.25911,3.93971,2.62767,4.51086,4.38420,2.32679,2.43597,4.42648,2.51122,2.49657,2.41268,2.56266,2.38234,2.55494,2.32948,1.94321,2.25051,2.18442,2.23768,2.17719,2.14576
5,4.01838,1.88724,1.73680,4.55181,1.84088,2.14859,4.42420,2.16536,2.08131,3.99548,4.12202,4.54503,4.48413,2.18308,2.52080,4.44296,3.23566,3.16876,2.42285,3.85644,2.24710,3.85972,2.20474,1.74391,2.12035,1.92081,2.06645,2.07934,1.99261
6,4.16134,1.64939,1.44525,4.54669,1.58741,1.94738,4.20945,1.95969,1.83293,4.05256,3.97323,4.60125,4.49649,1.94420,2.62144,4.41982,3.54178,3.40380,2.53157,3.86809,2.02602,3.79633,1.99406,1.44147,1.84686,1.56525,1.85911,1.87365,1.75009
7,4.27388,1.61757,1.41475,4.51015,1.53007,1.92582,3.90194,1.93396,1.80282,4.06262,3.50291,4.52457,4.48315,1.88719,2.21575,4.28944,2.88137,2.76239,2.17246,3.29069,1.98770,3.21664,1.94942,1.38948,1.74730,1.50799,1.82673,1.84154,1.72309
8,4.28928,1.62627,1.42450,4.45300,1.50459,1.92149,4.36334,1.93229,1.77389,4.04466,4.08660,4.54320,4.49300,1.87203,2.44751,4.28987,3.06504,2.96062,2.28790,3.70987,1.99760,3.71784,1.93233,1.35110,1.69633,1.47013,1.79934,1.84352,1.73061
9,4.31939,1.47329,1.24973,4.51532,1.32762,1.78285,3.17614,1.80057,1.61918,4.10445,2.88909,4.58910,4.43119,1.54647,1.94726,4.34254,2.29719,2.15679,1.81870,2.57419,1.76035,2.51034,1.78722,1.14020,1.53725,1.25148,1.65004,1.69786,1.56386
10,4.14669,1.35820,1.11186,4.49144,1.22306,1.71261,2.35512,1.74225,1.55031,4.17709,2.10356,4.50226,4.33617,1.46213,1.74556,4.21618,1.87461,1.78532,1.63104,1.96840,1.70727,1.90724,1.74787,1.02106,1.46723,1.17040,1.58294,1.60002,1.46195
11,4.05266,1.53143,1.32512,4.33091,1.53900,1.88370,2.35099,1.94653,1.81702,4.08413,2.22353,4.36125,4.30421,1.81045,2.05855,4.10530,2.15336,2.14016,1.98812,2.19414,1.98351,2.18929,1.96396,1.33554,1.71453,1.56802,1.84278,1.72781,1.69256
12,3.94509,1.58884,1.46170,4.17897,1.75899,1.89773,4.04913,1.95120,1.84745,3.74780,3.58263,4.22552,4.19965,1.94303,2.09726,4.08248,2.49631,2.45178,2.04506,3.23788,2.01486,3.23648,1.98367,1.47832,1.83194,1.69643,1.90114,1.76632,1.76029
13,3.98412,1.31077,1.17256,4.11474,1.45542,1.58426,4.04261,1.61140,1.44995,3.85771,3.90353,4.18490,4.12722,1.61945,2.63954,4.01505,3.53769,3.44994,2.42960,3.87510,1.74261,3.86610,1.59928,1.08595,1.47064,1.20779,1.55807,1.50196,1.44494
14,3.90572,0.78305,0.58524,4.02649,0.83872,1.04109,3.21426,1.01491,0.76162,3.86159,2.92821,3.99499,3.96874,0.88329,1.80075,3.88807,2.30697,2.13237,1.54922,2.62428,1.17534,2.55295,0.98641,0.37266,0.82474,0.42557,0.96590,1.00029,0.91162
15,3.47604,0.38357,0.18912,3.82375,0.44685,0.68105,1.26469,0.63729,0.37897,3.69782,1.21737,3.81697,3.59469,0.32125,0.59895,3.75089,0.79846,0.62170,0.39600,0.97928,0.55653,0.86952,0.62944,0.01529,0.42639,0.05647,0.60035,0.64898,0.51114
16,2.86782,0.07581,0.01232,3.63644,0.13693,0.37897,0.14901,0.32143,0.16350,3.35646,0.22016,3.65781,3.29395,0.07166,0.10213,3.53123,0.04073,-0.04211,0.00327,0.04297,0.23352,-0.02495,0.33001,0.00160,0.14625,0.00152,0.29895,0.34094,0.18619
17,2.44741,0.01167,0.00914,3.47853,0.02550,0.21003,-0.03730,0.15113,0.09062,3.03448,0.10269,3.46696,3.15459,0.03695,0.05199,3.20436,0.00987,0.00908,0.02105,-0.00600,0.13099,-0.00809,0.17022,0.01086,0.06223,0.01780,0.13055,0.13712,0.05042
18,2.38207,0.06860,0.07399,3.23767,0.08108,0.26079,0.09276,0.22881,0.16802,2.77540,0.22418,3.30625,3.13287,0.15019,0.22708,2.95167,0.19638,0.17986,0.16910,0.16798,0.22976,0.16569,0.21633,0.08053,0.13965,0.10877,0.17820,0.16808,0.10857
19,2.53310,0.11214,0.10726,3.13975,0.12336,0.29956,0.61421,0.29697,0.21404,2.64428,0.36963,3.26110,3.12248,0.21522,0.30833,3.00806,0.30561,0.27263,0.24594,0.30254,0.28169,0.29357,0.26525,0.10910,0.19370,0.15693,0.22281,0.20808,0.16881
20,2.77512,0.03464,0.01497,3.16517,0.02627,0.20974,0.22059,0.20212,0.09220,2.59883,0.24970,3.28882,3.00320,0.06786,0.15091,3.02962,0.15501,0.08066,0.07532,0.15441,0.15091,0.11604,0.16625,0.01230,0.06999,0.02258,0.10691,0.14113,0.10189
21,2.44706,0.02259,0.02108,3.11141,0.01829,0.10240,0.34709,0.10448,0.03507,2.59401,0.07547,3.19641,2.87768,0.02133,0.02716,2.91482,0.02608,0.02639,0.02497,0.01816,0.03524,0.01710,0.07291,0.02009,0.02098,0.02395,0.03001,0.08653,0.05684
22,2.49076,0.01051,0.00637,3.03842,0.00635,0.05626,2.79695,0.07044,0.02189,2.58923,1.93856,3.11211,3.00438,0.02458,0.03128,2.90178,0.05631,0.06379,0.03178,0.84107,0.02746,0.90731,0.03853,0.01949,0.01863,0.02100,0.01297,0.06395,0.04113
23,2.64354,-0.00235,-0.00238,3.08094,-0.00263,-0.00221,2.33521,-0.00305,-0.00362,2.38987,1.51530,3.13365,2.98849,-0.00351,-0.00548,2.87522,-0.00224,0.00067,-0.00375,0.44273,-0.00543,0.50172,-0.00511,-0.00352,-0.00393,-0.00318,-0.00336,0.00207,0.00083
24,2.72337,0.00680,0.00379,3.16011,0.00315,0.00207,0.35114,0.00065,-0.00043,2.47451,0.09962,3.16719,3.01301,0.00067,-0.00007,2.82516,-0.00058,0.00085,0.00119,-0.00624,-0.00060,-0.00796,-0.00071,-0.00445,-0.00099,-0.00209,0.00143,0.00359,0.01117
25,2.46504,0.02085,0.01157,3.01466,0.01321,0.01139,-0.00920,0.01060,0.01063,2.46983,0.03504,3.07535,2.86009,0.01735,0.01891,2.60446,0.02048,0.02661,0.02362,0.01788,0.01342,0.02166,0.00994,-0.00574,0.01023,0.00666,0.01154,0.01449,0.03313
26,2.00437,0.06852,0.06090,2.54933,0.05802,0.04943,-0.00596,0.05164,0.05548,2.15061,0.00838,2.75100,2.55973,0.06269,0.06782,2.12382,0.07255,0.08337,0.07932,0.05849,0.05596,0.06553,0.04636,-0.00573,0.04940,0.04273,0.05295,0.05143,0.08468
27,1.67482,0.13124,0.13239,1.91090,0.11530,0.09688,-0.00591,0.10365,0.11760,1.68013,0.01047,2.23923,2.05898,0.11093,0.11911,1.52386,0.12448,0.13992,0.13769,0.09918,0.10355,0.10716,0.08908,-0.00573,0.10219,0.09199,0.10420,0.09855,0.14856
28,1.37287,0.20333,0.21413,1.41548,0.18106,0.15134,-0.00513,0.16450,0.19052,1.13592,0.03320,1.75744,1.56700,0.16745,0.18037,1.03808,0.18668,0.20990,0.20671,0.15168,0.15843,0.16181,0.14000,-0.00571,0.16509,0.14309,0.16250,0.15262,0.21913
29,1.06796,0.28085,0.30179,1.18672,0.25057,0.21000,-0.00615,0.22988,0.26822,0.75143,0.05304,1.51775,1.30627,0.23027,0.24791,0.60675,0.25597,0.28691,0.28382,0.20921,0.21852,0.22251,0.19636,-0.00570,0.23283,0.19191,0.22485,0.21056,0.29344
30,0.92515,0.35562,0.38597,0.99428,0.31695,0.26652,-0.00461,0.29221,0.34177,0.61180,0.09103,1.35228,1.26422,0.28911,0.31065,0.26470,0.32219,0.36214,0.35711,0.26574,0.27629,0.27931,0.24873,-0.00569,0.29643,0.23316,0.28357,0.26595,0.36484
31,0.73798,0.42781,0.46829,0.74722,0.38133,0.32172,-0.00246,0.35243,0.41306,0.35396,0.08856,1.12396,1.08638,0.34281,0.36920,-0.02011,0.38170,0.42640,0.42599,0.31259,0.33211,0.32802,0.30164,-0.00568,0.35926,0.27301,0.34181,0.31924,0.42895
32,0.54877,0.49927,0.55222,0.74338,0.44715,0.38056,0.04361,0.40692,0.48463,0.11324,0.02741,0.94515,0.99105,0.41388,0.45500,-0.13972,0.44922,0.49702,0.52757,0.33919,0.40334,0.34027,0.35897,-0.00568,0.41875,0.31004,0.40230,0.37072,0.48776
33,0.47672,0.55039,0.60511,0.12387,0.48710,0.41946,0.04154,0.44223,0.52335,0.05087,0.04551,0.52501,0.57828,0.43169,0.48042,-0.34832,0.46351,0.49199,0.55024,0.32965,0.43499,0.32391,0.38062,-0.00563,0.44858,0.30140,0.43308,0.40300,0.52850
34,-0.08552,0.60333,0.64774,-0.41830,0.52440,0.45203,-0.00128,0.47915,0.55281,-0.26847,0.11736,-0.19658,-0.30981,0.41597,0.47575,-0.42518,0.47507,0.50886,0.53489,0.35796,0.44875,0.33820,0.39311,-0.00569,0.47264,0.30709,0.45506,0.43418,0.57194
35,-0.37566,0.68261,0.72962,-0.42615,0.59371,0.49922,0.05768,0.54161,0.61724,-0.41620,0.22256,-0.38335,-0.40466,0.44417,0.48818,-0.42490,0.48456,0.52649,0.52862,0.41432,0.46673,0.41327,0.45426,-0.00567,0.53396,0.35276,0.51811,0.49254,0.65008
36,-0.35338,0.76507,0.81683,-0.42054,0.66369,0.54847,0.09978,0.60317,0.68795,-0.39442,0.24525,-0.34616,-0.40068,0.49481,0.50427,-0.42552,0.48484,0.51393,0.52534,0.41405,0.49958,0.41190,0.52554,-0.00565,0.60056,0.39823,0.58897,0.55710,0.73030
37,-0.35180,0.83478,0.88607,-0.40536,0.71529,0.59349,0.05598,0.65019,0.74613,-0.37302,0.21685,-0.31136,-0.39593,0.54497,0.53210,-0.42633,0.50455,0.52220,0.55420,0.42013,0.55078,0.41522,0.58311,-0.00565,0.65254,0.41715,0.64515,0.61290,0.79272
38,-0.37262,0.88738,0.94149,-0.37259,0.75400,0.63505,-0.32823,0.67902,0.78284,-0.36895,-0.08271,-0.25177,-0.37884,0.58197,0.55581,-0.42468,0.44892,0.45476,0.59586,0.21714,0.58501,0.17168,0.61663,-0.00568,0.66260,0.40975,0.68281,0.65266,0.83399
39,-0.40947,0.94207,0.99931,-0.40096,0.80447,0.68028,-0.16305,0.71392,0.82056,-0.39003,0.04011,-0.30258,-0.40054,0.57680,0.58058,-0.42673,0.48990,0.50204,0.62326,0.30071,0.61753,0.27863,0.64245,-0.00569,0.69145,0.41826,0.71855,0.69225,0.87920
40,-0.41164,1.02589,1.09099,-0.39738,0.87342,0.74211,-0.01954,0.77137,0.88208,-0.40515,0.14696,-0.31824,-0.41152,0.62158,0.64385,-0.42556,0.57284,0.59728,0.68755,0.43208,0.68065,0.41341,0.69895,-0.00565,0.74353,0.44731,0.78289,0.75262,0.95025
41,-0.39032,1.11865,1.19172,-0.37608,0.95257,0.80382,0.22552,0.83732,0.95032,-0.41131,0.33911,-0.29446,-0.37738,0.66259,0.67633,-0.42287,0.62266,0.65087,0.70238,0.51973,0.73408,0.50683,0.75338,-0.00138,0.80855,0.47747,0.85792,0.82113,1.03834
42,-0.36229,1.19713,1.26727,-0.39250,1.02019,0.85001,0.30334,0.89064,1.00684,-0.40345,0.37103,-0.31231,-0.38022,0.70461,0.69632,-0.42440,0.62728,0.64759,0.70495,0.53015,0.77117,0.51555,0.79287,-0.00232,0.84338,0.47366,0.91691,0.87956,1.12028
43,-0.36682,1.27548,1.34603,-0.39483,1.09406,0.90607,-0.18035,0.94282,1.06238,-0.37250,0.20518,-0.33108,-0.40166,0.76954,0.74013,-0.37929,0.62570,0.64304,0.77447,0.46751,0.81969,0.44369,0.83993,0.06134,0.85257,0.48269,0.96658,0.93626,1.19536
44,-0.39035,1.35310,1.43234,-0.38284,1.17279,0.96375,0.18714,0.99459,1.11312,-0.37005,0.34288,-0.32038,-0.39518,0.77695,0.77043,-0.36364,0.66471,0.69166,0.79671,0.52891,0.85656,0.51847,0.89362,0.01737,0.89054,0.50943,1.02358,0.99425,1.27046
45,-0.37261,1.40472,1.47148,-0.40515,1.21575,0.98684,0.23625,1.01966,1.13860,-0.39443,0.36377,-0.35771,-0.39444,0.74133,0.73793,-0.39855,0.62553,0.62495,0.73288,0.50781,0.84679,0.49091,0.92120,-0.00292,0.89299,0.48482,1.04894,1.03286,1.32150
46,-0.38202,1.47179,1.54097,-0.41196,1.27214,1.04008,-0.41208,1.04699,1.16925,-0.39040,-0.29127,-0.36625,-0.41687,0.74590,0.63514,-0.40689,0.40442,0.40863,0.66909,0.05252,0.80364,0.02647,0.92592,0.02558,0.86485,0.51256,1.09567,1.08336,1.38547
47,-0.41794,1.53490,1.60369,-0.41136,1.32779,1.08860,-0.13161,1.08817,1.20225,-0.40614,0.09958,-0.37387,-0.42254,0.71906,0.67609,-0.41939,0.51041,0.50999,0.69471,0.33379,0.83396,0.31096,0.95911,-0.00556,0.90984,0.53397,1.13910,1.13315,1.44958
48,-0.40229,1.57600,1.64241,-0.40118,1.36183,1.11537,-0.24748,1.10303,1.20465,-0.37263,0.03149,-0.35354,-0.40625,0.69953,0.63771,-0.35106,0.45053,0.45141,0.65962,0.27843,0.81253,0.26003,0.96273,0.04705,0.88553,0.51756,1.15970,1.16380,1.49838
49,-0.35443,1.61804,1.67418,-0.33365,1.39592,1.13262,0.28498,1.12390,1.21256,-0.35496,0.29355,-0.31216,-0.35461,0.67021,0.65948,-0.26207,0.52094,0.50986,0.62744,0.40610,0.84156,0.38640,0.99741,0.03633,0.92331,0.53424,1.18559,1.19876,1.54931
50,-0.28692,1.66137,1.70994,-0.23305,1.42539,1.16088,-0.23641,1.14079,1.22236,-0.27487,0.05003,-0.23859,-0.29643,0.69339,0.62452,-0.17153,0.45807,0.46944,0.62639,0.32265,0.82259,0.31588,1.00599,0.13419,0.89013,0.53549,1.20929,1.23309,1.59222
51,-0.25397,1.70917,1.77074,-0.15873,1.47268,1.20316,-0.26525,1.16530,1.24825,-0.19481,-0.12032,-0.17947,-0.21695,0.72774,0.64598,-0.11383,0.47712,0.50747,0.68324,0.27917,0.82872,0.26631,1.01434,0.09377,0.88322,0.57242,1.25508,1.26848,1.63165
52,-0.20749,1.71672,1.78306,-0.07903,1.47891,1.20936,-0.15022,1.16100,1.23018,-0.15562,-0.00600,-0.10965,-0.13675,0.70509,0.62325,-0.00884,0.44681,0.46647,0.65239,0.25360,0.81231,0.24391,1.00307,0.16610,0.84156,0.54543,1.26264,1.27272,1.63228
53,-0.00879,1.73076,1.81178,0.09400,1.49374,1.21949,0.02123,1.14610,1.19337,0.15687,0.04123,0.05059,0.02018,0.66521,0.53085,0.15631,0.31277,0.33247,0.56311,0.11047,0.74338,0.11692,0.96889,0.61278,0.79048,0.62307,1.27284,1.28421,1.64720
54,0.08047,1.74723,1.84255,0.19996,1.50857,1.23260,0.14569,1.12877,1.15991,0.18695,0.13710,0.15478,0.14812,0.64114,0.44076,0.21048,0.19214,0.22107,0.48618,0.09363,0.67320,0.10909,0.92102,0.82855,0.76235,0.71024,1.28663,1.30246,1.67164
55,0.18888,1.78374,1.90763,0.30889,1.56359,1.26743,0.27966,1.12650,1.17080,0.22059,0.27690,0.29227,0.26186,0.65164,0.36890,0.37413,0.21192,0.24977,0.44132,0.23541,0.62278,0.25344,0.87695,1.11271,0.78082,0.87118,1.33876,1.34261,1.71970
56,0.26775,1.86897,2.01902,0.38862,1.65480,1.34505,0.31844,1.17761,1.26172,0.23548,0.32289,0.35683,0.32123,0.75360,0.46699,0.46079,0.36050,0.40728,0.56283,0.33520,0.69117,0.34112,0.91111,1.13083,0.89314,1.06309,1.43847,1.42091,1.81552
57,0.25301,1.96759,2.13089,0.29440,1.74458,1.43341,0.31148,1.25353,1.36447,0.22171,0.34574,0.28725,0.27673,0.87601,0.61947,0.32523,0.49162,0.55393,0.70815,0.41874,0.80335,0.43324,0.99137,0.70449,1.03296,1.08403,1.54303,1.50770,1.91516
58,0.22591,2.04424,2.18783,0.22845,1.80099,1.48220,0.39969,1.33818,1.42512,0.19496,0.39503,0.25069,0.23270,0.91250,0.72787,0.25719,0.58164,0.60783,0.76098,0.47242,0.91164,0.47699,1.08520,0.34160,1.11050,0.94039,1.60614,1.56824,1.99355
59,0.27025,2.12100,2.23620,0.26765,1.86836,1.53156,0.47072,1.41573,1.46878,0.24545,0.47966,0.29569,0.25366,0.93982,0.83341,0.33624,0.68162,0.70304,0.84353,0.57139,1.00901,0.57015,1.18364,0.38303,1.14252,0.83088,1.66557,1.63567,2.08005
60,0.34370,2.20774,2.30694,0.36037,1.95518,1.59290,0.63252,1.49440,1.52361,0.32381,0.60454,0.36931,0.33211,0.94945,0.91556,0.42219,0.76616,0.77342,0.90222,0.66260,1.09123,0.65332,1.28308,0.66677,1.17650,0.86482,1.73939,1.71174,2.17438
61,0.41001,2.27638,2.35529,0.44664,2.01895,1.64545,0.56647,1.54300,1.53794,0.40790,0.63111,0.46459,0.40433,0.97871,0.95293,0.53684,0.80821,0.81014,0.94469,0.69584,1.13632,0.69308,1.33740,0.90412,1.16663,0.93140,1.79127,1.77020,2.23859
62,0.47182,2.38954,2.47707,0.51224,2.12604,1.74656,0.49338,1.60152,1.60145,0.47780,0.56395,0.55298,0.48298,1.08562,1.00179,0.55112,0.82393,0.84326,1.03794,0.69174,1.17585,0.69370,1.37472,1.04944,1.21436,1.10092,1.89556,1.86670,2.34169
63,0.48891,2.53967,2.62992,0.50151,2.25480,1.88196,0.69738,1.74433,1.75569,0.47002,0.71778,0.56301,0.50989,1.18359,1.13522,0.51237,0.98322,1.00747,1.13693,0.83338,1.30649,0.83187,1.51706,0.93563,1.37254,1.20638,2.03995,1.99623,2.48926
64,0.50095,2.69559,2.77310,0.47704,2.38851,1.99345,0.76423,1.87804,1.87864,0.44869,0.75808,0.56041,0.51401,1.26515,1.21277,0.45636,1.03253,0.98870,1.16190,0.87954,1.43390,0.84335,1.64674,0.67232,1.49568,1.18069,2.17402,2.12088,2.64059
65,0.46685,2.80462,2.85554,0.42954,2.47550,2.06570,0.68869,1.96575,1.93425,0.39718,0.67585,0.53732,0.47760,1.26783,1.25799,0.35309,1.04147,0.95353,1.16964,0.84719,1.51622,0.76998,1.73954,0.21612,1.53962,0.99126,2.26423,2.21273,2.74257
66,0.44248,2.91298,2.93628,0.41808,2.57064,2.14062,0.69340,2.04977,1.98273,0.37427,0.68831,0.52857,0.46287,1.23461,1.31279,0.30576,1.07882,0.98618,1.18493,0.88267,1.59100,0.80627,1.83301,0.13863,1.56395,0.83168,2.35820,2.31142,2.85953
67,0.44315,3.06728,3.07146,0.38367,2.73316,2.25086,0.74634,2.16143,2.10218,0.36100,0.73503,0.51538,0.44153,1.25921,1.34019,0.31358,1.09098,1.00292,1.13927,0.92928,1.68827,0.86488,1.96509,0.18520,1.65283,0.81157,2.49838,2.45020,3.03214
68,0.46090,3.20321,3.18763,0.37999,2.87810,2.35019,0.82697,2.26014,2.19375,0.39039,0.77977,0.50610,0.42187,1.29778,1.41807,0.46978,1.14851,1.05974,1.21785,0.94984,1.73948,0.89590,2.08028,0.19764,1.67747,0.78637,2.61284,2.57109,3.15487
69,0.55297,3.22739,3.18383,0.52055,2.91017,2.36565,0.91070,2.24778,2.04184,0.52012,0.86805,0.57095,0.47996,1.53763,1.53956,0.60247,1.31381,1.06770,1.25821,1.07458,1.89663,0.95574,2.04615,0.46075,1.49638,0.74752,2.62474,2.61828,3.12476
70,0.62617,3.23692,3.18325,0.66587,2.89899,2.35250,0.58567,2.10160,1.57705,0.68480,0.66156,0.68259,0.58502,1.58046,1.30966,0.74314,1.00887,0.92463,1.20594,0.74137,1.73194,0.73898,1.81891,0.83878,1.60767,1.02097,2.54924,2.62451,3.03063
71,0.67094,3.33295,3.28472,0.74630,2.98736,2.44676,0.66721,2.11392,1.63387,0.72613,0.75585,0.77749,0.69263,1.74580,1.46198,0.80796,1.15989,1.10629,1.36679,0.98341,1.84853,0.87358,1.81043,1.13818,1.67156,1.22032,2.64345,2.70378,3.06476
72,0.79268,3.43728,3.43060,0.87259,3.11783,2.55033,1.02419,2.21798,1.69559,0.79400,1.14124,0.86338,0.81676,2.06247,1.95329,0.95627,1.64491,1.49672,1.74684,1.45650,2.13456,1.31828,2.00698,1.58125,1.81761,1.52475,2.68621,2.83494,3.16953
73,0.88995,3.54559,3.58782,0.99699,3.23136,2.61519,0.93510,2.25717,1.83014,0.88457,1.07022,0.97053,0.92284,2.21134,2.03512,1.09073,1.77578,1.70917,1.95613,1.36478,2.28661,1.32576,2.12390,1.91042,2.00770,1.79947,2.69151,2.92318,3.24191
74,0.93775,3.56193,3.67399,1.01745,3.28502,2.65715,1.20197,2.24161,2.01395,0.92761,1.34413,1.02015,0.98096,2.04922,2.06350,1.07708,1.87792,1.78961,1.99691,1.64628,2.21034,1.58585,2.11711,1.94144,1.92655,1.85040,2.82462,2.93747,3.18204
75,1.10020,3.60697,3.70527,1.09629,3.29173,2.73276,2.06558,2.46953,2.00474,1.02569,2.06701,1.08949,1.12509,2.19308,2.36232,1.17231,2.32948,2.24126,2.24302,2.26709,2.31489,2.19576,2.34096,2.16836,2.07008,1.98427,2.64940,3.05302,3.29791
76,1.32631,3.70683,3.74695,1.17853,3.27747,2.86170,2.41081,2.68478,2.12404,1.13268,2.37087,1.15713,1.23143,2.38512,2.51531,1.29057,2.55828,2.47815,2.41346,2.55289,2.51547,2.48567,2.60312,2.38114,2.26483,2.19741,2.51455,3.18760,3.46660
77,1.48692,3.80319,3.79666,1.25072,3.26093,2.98530,2.75637,2.87609,2.26686,1.30967,2.69045,1.23002,1.30484,2.60993,2.74624,1.36278,2.79417,2.76015,2.65738,2.82318,2.76151,2.80250,2.79756,2.66034,2.44359,2.40833,2.48257,3.29125,3.62617
78,1.56685,3.89687,3.74415,1.33253,2.98146,3.10986,2.34243,3.07724,2.41166,1.49255,2.64391,1.33414,1.35947,2.80650,2.94275,1.45992,2.97249,2.95662,2.88454,2.93612,2.94534,2.92099,3.00301,2.90942,2.64318,2.55734,2.48883,3.37908,3.79128
79,1.54004,3.55693,3.52563,1.45200,2.69705,2.94591,1.41381,3.01251,2.42929,1.57505,1.57782,1.42792,1.38602,2.69490,2.73831,1.54057,2.64298,2.59778,2.68376,2.05209,2.79753,2.06933,2.88986,2.79806,2.64746,2.56565,2.38563,3.06699,3.51428
80,1.55414,3.69904,3.53928,1.57374,2.61983,3.09373,2.08703,3.21918,2.57547,1.68653,2.48308,1.53355,1.53542,2.95268,3.02123,1.66648,3.01504,3.05139,2.99674,2.88991,3.04698,2.95305,3.08717,3.07661,2.78906,2.66238,2.56458,3.13034,3.71453
81,1.69882,3.95433,3.73535,1.68029,2.88586,3.28604,3.19678,3.44558,2.81065,1.75489,3.23720,1.61775,1.70616,3.21365,3.34170,1.80735,3.38061,3.43156,3.32538,3.40395,3.29690,3.46240,3.30298,3.38852,2.97693,3.01424,2.76210,3.30704,4.00571
82,1.97483,4.26415,4.01592,1.79689,3.13264,3.53544,3.59431,3.70357,3.13412,1.86287,3.63865,1.71654,1.81365,3.58275,3.76699,1.97568,3.86636,3.97049,3.80471,3.84356,3.61789,3.92428,3.59694,3.85920,3.30577,3.42242,3.05466,3.54874,4.30243
83,2.02476,4.47751,4.25785,1.83635,3.40291,3.78184,3.90107,3.85511,3.33774,2.00010,3.99635,1.75772,1.86293,3.86558,4.05963,2.04251,4.21217,4.33105,4.11713,4.23847,3.82189,4.31978,3.73931,4.22522,3.49757,3.70416,3.20601,3.75436,4.54402
84,2.15396,4.63657,4.45310,1.83484,3.59649,3.96403,3.01594,3.96028,3.59538,2.09230,3.41460,1.83017,1.86796,4.08752,4.25170,2.08831,4.37736,4.43407,4.32565,3.89901,3.99095,3.90984,3.87195,4.52823,3.79827,4.11804,3.42804,3.92749,4.71187
85,1.93687,4.52977,4.44049,1.80144,3.72404,3.94444,2.77697,3.81489,3.59680,2.04027,3.23825,1.85230,1.80316,4.10044,4.21021,1.98071,4.31231,4.33453,4.28715,3.85356,3.97178,3.80491,3.78475,4.53050,3.85698,4.20656,3.50158,3.91344,4.61331
86,2.12262,4.90567,4.83794,1.95163,4.08278,4.27013,3.54599,4.15696,4.12138,2.11730,4.38396,1.99949,2.00184,4.58440,4.69590,2.14012,4.91546,5.12198,4.90736,4.90116,4.35269,4.95025,4.10434,5.06444,4.32578,4.84553,3.98884,4.24448,5.01115
87,2.32150,5.28838,5.20820,2.08629,4.44705,4.56539,5.00783,4.50694,4.59106,2.24765,5.22232,2.12225,2.20297,4.92734,4.99073,2.28394,5.28040,5.57608,5.26274,5.42921,4.62430,5.58716,4.39438,5.54078,4.73594,5.37000,4.44351,4.58037,5.38864
88,2.65963,5.68108,5.63044,2.35113,4.87847,4.87184,4.25801,4.85615,5.04255,2.46544,5.55670,2.33819,2.33964,5.28184,5.30179,2.67538,5.61254,5.88129,5.58630,5.88593,4.93816,5.98484,4.72260,5.94731,5.17901,5.75966,4.83035,4.92506,5.70254
89,2.81053,5.84549,5.73302,2.51019,5.08272,5.00634,5.87315,5.03827,5.24545,2.60433,5.68254,2.42918,2.59094,5.29848,5.20679,2.74946,5.45988,5.69915,5.49436,5.62411,4.97376,5.76801,4.87732,6.02694,5.31161,5.85250,5.01274,5.11476,5.81071
90,3.11300,5.87321,5.78344,2.55531,5.21483,5.09165,4.85914,5.14373,5.39758,2.78167,5.32768,2.52316,2.64934,5.41040,5.29904,2.78995,5.49114,5.71360,5.57520,5.54300,5.10335,5.63886,5.03072,6.12768,5.46577,5.97408,5.13182,5.20345,5.77013
91,2.88713,5.60468,5.48759,2.52782,5.03761,4.91816,2.97522,4.89097,5.18442,2.89436,3.47682,2.56963,2.52792,5.14690,5.05374,2.70216,5.04841,5.00553,5.16676,4.22644,4.95200,4.14854,4.87456,5.81403,5.19297,5.56922,4.95760,5.06257,5.49247
92,2.70811,5.33770,5.19697,2.55038,4.79493,4.73425,3.42089,4.65257,4.87528,2.82375,3.96376,2.63520,2.58351,4.75111,4.62749,2.75709,4.72778,4.72233,4.68028,4.58712,4.62871,4.55508,4.63834,5.43357,4.90578,5.13228,4.74054,4.89775,5.25002
93,2.71665,5.15072,4.99254,2.66998,4.64132,4.64948,4.07180,4.55372,4.71043,2.74993,4.35938,2.69269,2.64202,4.61534,4.49770,2.99468,4.49580,4.51913,4.53615,4.52295,4.50929,4.51917,4.52437,5.20958,4.73678,4.94529,4.62959,4.78429,5.08368
94,3.00978,5.04049,4.84895,2.75065,4.59481,4.63452,4.64414,4.57259,4.67740,2.79003,4.60792,2.74346,2.81987,4.67825,4.55902,2.97226,4.59092,4.59972,4.59742,4.60464,4.55879,4.61943,4.51857,5.11222,4.71409,4.92190,4.59888,4.75872,5.00551
95,3.09638,4.82947,4.57259,2.71608,4.45606,4.52844,4.47390,4.45986,4.53597,2.96759,4.47198,2.77735,2.84876,4.54498,4.44655,2.78944,4.43569,4.44033,4.47903,4.46386,4.44817,4.45706,4.42336,4.85730,4.54488,4.71153,4.47063,4.66524,4.84127
96,3.26016,5.05056,4.86142,2.81634,4.75992,4.77645,4.66242,4.71861,4.81723,3.11761,4.73011,2.89662,2.97994,4.85694,4.80143,2.87123,4.83806,4.92305,4.89396,4.82449,4.71776,4.86972,4.67898,5.13910,4.81930,5.08000,4.73351,4.89903,5.11246
97,3.37027,5.22839,5.07838,2.92757,4.96517,4.95380,4.80055,4.93237,5.01664,3.23509,5.10324,2.99223,2.99999,5.13021,5.06833,3.09996,5.15345,5.26652,5.17946,5.15320,4.95046,5.22314,4.90170,5.34383,5.08733,5.33563,4.93003,5.06614,5.33393
98,3.16471,5.07294,4.90142,2.95971,4.78713,4.77914,2.94236,4.73414,4.83432,3.23945,3.24756,3.01878,2.92708,4.85438,4.73767,3.16831,4.09777,4.11193,4.74383,3.49348,4.77929,3.48077,4.74935,5.09633,4.89942,5.00241,4.75883,4.90088,5.17828
99,2.98183,4.92657,4.70754,2.96378,4.61214,4.66531,3.35574,4.58466,4.63223,3.10318,3.66304,3.03747,2.96487,4.67253,4.61594,3.02921,4.36889,4.29079,4.60044,3.97115,4.62726,3.89547,4.60312,4.84260,4.68389,4.74670,4.61516,4.78493,5.07482
100,3.30488,5.24558,5.11021,3.10971,4.96743,4.91834,4.94116,4.86353,4.93772,3.15509,4.98270,3.15285,3.22955,5.05181,5.02123,3.28193,5.07615,5.16821,5.10740,5.09204,4.92552,5.14378,4.85661,5.25312,4.97377,5.17870,4.90634,5.03900,5.42839
101,3.78219,5.69019,5.64918,3.40402,5.44460,5.24814,5.57998,5.22605,5.36564,3.45957,5.58634,3.36587,3.46333,5.55920,5.47240,3.66088,5.61330,5.80808,5.65322,5.68426,5.32713,5.80557,5.23089,5.85746,5.41415,5.76644,5.33591,5.38155,5.93519
102,3.93574,6.14758,6.23434,3.64137,5.95121,5.61379,5.54988,5.60969,5.88702,3.78200,6.06208,3.51207,3.58220,6.19200,6.09634,3.84035,6.27474,6.60929,6.37728,6.28751,5.84841,6.43693,5.67269,6.55955,5.94657,6.46724,5.79793,5.72453,6.42853
103,3.84235,6.61036,6.84748,3.75537,6.50934,6.02791,4.28785,6.06062,6.45560,3.98994,6.08514,3.59152,3.69281,6.89601,6.84480,3.98730,7.09398,7.47407,7.19780,6.82504,6.48507,6.94893,6.20147,7.29536,6.59630,7.23165,6.29488,6.09687,6.87540
104,3.87430,6.79005,7.05118,3.87522,6.72927,6.22623,6.32036,6.29376,6.67292,4.05910,6.93494,3.72539,3.86579,7.06844,6.95059,4.17247,7.23258,7.52704,7.29337,7.30118,6.64573,7.49047,6.42330,7.46989,6.93390,7.42111,6.46122,6.29854,7.04500
105,4.09033,7.03977,7.32833,3.85541,6.97183,6.48474,6.59629,6.56012,7.02193,4.06897,7.30090,3.72568,3.90640,7.36868,7.26995,4.18831,7.51480,7.82397,7.63785,7.57165,6.94578,7.69222,6.69787,7.78985,7.24143,7.73920,6.68912,6.55799,7.32283
106,3.99943,7.10245,7.36460,3.69625,6.98311,6.58773,3.92705,6.67045,7.19021,4.11521,4.57713,3.67377,3.72046,7.55865,7.52939,4.00659,7.08698,7.08506,7.74133,5.51136,7.28529,5.45080,6.92785,7.90706,7.31918,7.72359,6.78865,6.66527,7.34490
107,3.79058,6.95927,7.15103,3.66658,6.80742,6.49822,4.47721,6.56333,6.97850,4.00347,5.02839,3.68988,3.65040,7.24001,7.18924,3.95341,6.76579,6.66193,7.29488,5.66436,7.04305,5.59860,6.75734,7.64322,7.08811,7.43356,6.64667,6.60258,7.11714
108,4.06046,7.19723,7.38959,3.85646,7.04240,6.70838,7.06870,6.75490,7.13910,3.97265,7.14264,3.84149,3.96702,7.32513,7.26678,4.28649,7.39118,7.52689,7.44986,7.40361,7.04508,7.44214,6.85565,7.81083,7.26926,7.66982,6.84277,6.82900,7.31622
109,4.64276,7.44117,7.60940,4.00610,7.28568,6.94027,7.73131,6.97545,7.38274,4.19722,7.62660,3.98783,4.12821,7.66085,7.49818,4.53418,7.68215,7.89055,7.70707,7.74619,7.29239,7.88227,7.07858,8.09765,7.48472,7.93862,7.11078,7.05517,7.64167
110,4.66038,7.64024,7.77672,4.16290,7.43786,7.12869,7.87459,7.16998,7.60734,4.55685,7.91598,4.13439,4.11730,7.90431,7.75149,4.73755,7.91829,8.15311,7.94458,8.05165,7.55373,8.18364,7.29250,8.31912,7.65479,8.13822,7.31577,7.24854,7.92231
111,4.80650,8.08476,8.28882,4.41035,7.88769,7.50903,8.25466,7.56374,8.03926,4.75324,8.27905,4.29279,4.40299,8.33850,8.21433,4.93842,8.38435,8.68949,8.49557,8.46613,7.92417,8.65572,7.65994,8.77895,8.09240,8.70301,7.71220,7.62696,8.39680
112,5.09108,8.94928,9.33724,4.55335,8.77888,8.20073,9.19412,8.26928,8.92029,4.90096,9.35389,4.42795,4.56169,9.29131,9.17499,5.13971,9.46598,10.00572,9.62157,9.61408,8.69088,9.96275,8.35971,9.84112,8.96610,9.84130,8.47673,8.31870,9.30810
113,5.19538,9.30002,9.71900,4.67697,9.09167,8.48214,9.99981,8.55375,9.18687,5.09317,9.86422,4.52173,4.71269,9.48972,9.26316,5.27865,9.62438,10.06019,9.71798,9.85226,8.87609,10.16053,8.56776,10.14724,9.27956,10.09554,8.72270,8.63560,9.67982
114,5.52049,9.47070,9.84833,4.72495,9.27207,8.68062,9.87705,8.76946,9.37002,5.20050,9.74674,4.61864,4.84868,9.67884,9.35415,5.35762,9.65029,10.08913,9.80979,9.83295,9.03725,10.08382,8.76351,10.30093,9.48009,10.25137,8.91125,8.83936,9.87013
115,5.81210,9.78279,10.07704,4.92561,9.55875,8.98614,10.26227,9.02460,9.59904,5.49303,10.08058,4.83054,4.99403,10.05229,9.62153,5.64329,9.84206,10.21930,10.02467,10.02404,9.39996,10.28292,9.10427,10.64704,9.76891,10.47786,9.31777,9.15245,10.21019
116,6.02592,10.21428,10.54958,5.46484,10.08674,9.42534,10.30485,9.47302,10.01329,5.80018,10.31441,5.25569,5.33918,10.53263,10.12055,6.13535,10.30802,10.74815,10.58975,10.44851,9.87201,10.70603,9.56643,11.15544,10.28751,11.00798,9.81054,9.54302,10.65172
117,6.43590,11.00816,11.50186,5.98322,10.99673,10.14774,11.38021,10.20423,10.86782,6.17618,11.30343,5.65865,5.86689,11.49999,11.03126,6.62657,11.33645,11.94914,11.66378,11.46126,10.65069,11.86943,10.33402,12.23100,11.20124,12.09282,10.63710,10.21336,11.48659
118,6.62936,11.72410,12.40582,6.14450,11.74397,10.74086,12.05569,10.81438,11.67780,6.44964,12.16563,5.73578,6.10244,12.39140,11.85617,6.85947,12.23910,13.04852,12.61460,12.42882,11.39817,12.92416,10.95731,13.19174,11.97605,13.08137,11.28068,10.81893,12.26122
119,6.73726,12.69526,13.57057,6.22018,12.80407,11.56541,10.72638,11.65739,12.75550,6.68969,12.89165,5.82935,6.02020,13.59134,13.12883,7.13001,13.64648,14.58848,13.98028,13.72431,12.49846,14.11533,11.91631,14.40730,13.13907,14.36679,12.23140,11.62166,13.29341
120,6.51211,13.53640,14.45038,6.63572,13.56643,12.29428,6.51386,12.42674,13.70292,6.87468,8.58360,6.05110,6.05906,14.46427,14.29176,7.43475,14.46607,14.84332,14.93730,12.40147,13.72127,12.14602,13.01426,15.31302,13.88072,14.96894,13.14620,12.34018,14.15608
121,6.37310,14.03706,14.83136,6.63822,13.79305,12.69097,9.97082,12.90525,14.18110,6.83026,12.42925,6.14988,6.31844,14.74506,14.65590,7.48362,14.90488,15.37801,15.11057,14.54265,14.16578,14.55762,13.41918,15.81274,14.05979,15.23724,13.50545,12.82994,14.58326
122,6.82658,14.20478,14.76314,6.37750,13.79206,12.84818,14.53694,13.02316,14.21765,6.56881,14.57103,6.12061,6.55967,14.48914,14.44987,7.34896,14.74794,15.12205,14.81100,14.89586,13.93719,15.11103,13.34674,15.78803,14.01831,15.12109,13.43895,13.09119,14.59288
123,7.66352,14.45000,14.90950,6.21599,13.99026,13.10826,14.95593,13.21189,14.34825,6.99988,14.68673,6.12509,6.59222,14.44650,14.38205,7.15970,14.72505,15.06736,14.81031,14.87145,13.84335,15.08024,13.43275,15.94142,14.23131,15.36439,13.54911,13.40118,14.76422
124,7.67585,14.59976,14.97236,6.17969,14.06877,13.24854,14.89851,13.26521,14.32810,7.38416,14.61761,6.18295,6.45952,14.36670,14.11530,7.15791,14.41752,14.68970,14.51319,14.60702,13.73458,14.76584,13.43316,15.88547,14.29354,15.31324,13.59021,13.58681,14.88868
125,7.71780,14.67456,15.00656,6.38477,14.12738,13.34474,14.41291,13.32477,14.23914,7.55503,14.19912,6.36827,6.68167,14.34317,13.90740,7.33096,14.13450,14.41985,14.32537,14.26452,13.66913,14.40865,13.43921,15.84522,14.39019,15.31210,13.62327,13.70950,14.96328
126,7.73257,14.32293,14.53337,6.59084,13.79230,13.19751,10.82095,13.16836,13.97766,7.53576,12.61843,6.48887,6.50258,14.01693,13.62217,7.49351,13.77932,13.92271,13.93443,13.77077,13.46290,13.78735,13.28286,15.45578,14.19113,14.92120,13.40306,13.53847,14.55437
127,6.81457,13.70721,13.74029,6.43550,13.14552,12.81388,9.60385,12.70570,13.38222,7.28639,11.69746,6.42310,6.25628,13.33824,12.98180,7.32064,13.05658,13.00309,13.12760,13.00058,12.96594,12.89429,12.86648,14.61764,13.58551,14.06044,12.91797,13.13020,13.84197
128,6.77739,13.76461,13.79104,6.57578,13.25609,12.95965,12.95785,12.84232,13.48246,6.90459,13.04697,6.52231,6.57920,13.52859,13.21660,7.53302,13.22267,13.36715,13.42538,13.21487,13.10104,13.25345,12.96942,14.61456,13.67260,14.24078,13.04249,13.22500,13.87459
129,7.53653,14.08937,14.17255,6.86606,13.63618,13.26883,13.70806,13.18358,13.80407,7.07135,13.84704,6.68228,6.92156,14.09818,13.75825,7.82909,13.90259,14.23469,14.08518,13.98580,13.50822,14.18306,13.25984,15.11644,14.02606,14.75065,13.38903,13.52074,14.30740
130,8.34356,14.65033,14.79307,7.34274,14.23483,13.66166,14.60431,13.62443,14.19555,7.67964,14.59594,7.10461,7.34180,14.77470,14.25686,8.38992,14.52766,14.99917,14.78371,14.69065,13.97376,14.99094,13.66178,15.94505,14.52753,15.39160,13.91512,13.94335,15.04363
131,8.80238,15.33338,15.53746,8.19525,14.94847,14.12426,15.13116,14.09196,14.68124,8.33518,15.19093,7.78916,7.87781,15.30590,14.65277,9.34245,14.93370,15.47054,15.30769,15.15559,14.39284,15.49511,14.13823,16.81754,15.06356,16.01110,14.50684,14.41621,15.82714
132,8.61770,15.17748,15.35641,8.97519,14.73567,14.01625,8.93135,13.94644,14.45029,8.83315,11.72612,8.47436,8.17086,14.61065,14.12756,9.98867,14.47556,14.56482,14.43253,13.92978,14.04141,13.97476,13.95147,16.27373,14.73491,15.31020,14.24966,14.34698,15.45413
133,8.32275,14.52357,14.52918,9.66975,14.00921,13.60454,8.81508,13.52447,13.91287,8.79925,9.18722,8.81916,8.93823,13.57507,13.37964,10.23149,11.60626,11.79663,13.32546,9.19254,13.37949,9.27794,13.47214,15.17710,13.94878,14.27333,13.67426,13.92376,14.56942
134,8.87990,14.62148,14.61733,9.40743,14.08949,13.73148,9.67527,13.62922,14.02539,8.84177,10.62802,8.79392,9.35014,13.80133,13.61929,10.13547,12.87940,12.96352,13.68196,11.45953,13.57048,11.52927,13.60818,15.21441,14.03566,14.56782,13.77770,14.04204,14.67464
135,9.44424,14.45218,14.40606,9.12422,13.97148,13.68838,13.01420,13.60803,13.95918,9.12754,13.37570,8.77377,9.09923,13.99306,13.72628,10.26405,13.83591,13.90052,13.86795,13.74451,13.66550,13.77146,13.61195,15.10694,14.05882,14.58046,13.72028,13.97990,14.58828
136,9.30547,13.93143,13.78186,9.49420,13.47411,13.33535,10.45599,13.26569,13.57520,9.38655,12.03883,8.91835,8.84704,13.60845,13.39452,10.50078,13.50735,13.48833,13.43669,13.09717,13.35889,13.04824,13.33037,14.59996,13.72526,14.06273,13.35638,13.62816,14.17087
137,8.84436,13.03673,12.67529,9.72036,12.52709,12.65944,9.03731,12.50812,12.72151,9.20590,9.41649,9.05659,9.03319,12.49324,12.40078,10.49276,11.33894,11.22284,12.23213,9.40971,12.49486,9.44565,12.61566,13.42536,12.81955,12.84273,12.59899,12.92297,13.30762
138,8.99532,12.65600,12.22266,10.08180,12.14395,12.43974,9.98483,12.26228,12.35397,9.04511,10.71012,9.39647,9.50504,12.22122,12.13015,10.76756,11.95674,11.74917,12.00156,11.35533,12.23971,11.21627,12.24986,12.84291,12.39287,12.37614,12.30543,12.58876,12.96618
139,9.66281,12.84334,12.51090,10.30678,12.38391,12.61666,12.27753,12.54190,12.63316,9.23693,12.43938,9.61887,10.07895,12.73869,12.72207,11.06369,12.77015,12.83944,12.75660,12.69552,12.60917,12.74795,12.45213,13.25080,12.66914,12.90508,12.51050,12.73297,13.21696
140,10.30523,13.34515,13.19968,10.58499,12.97325,12.99821,12.90708,12.96945,13.26182,9.76127,13.30095,9.85210,10.26928,13.59203,13.63084,11.39451,13.83983,14.24655,13.91009,13.83868,13.25431,14.06634,12.95998,14.24494,13.29991,13.90523,13.00118,13.14102,13.81331
141,10.64952,14.38944,14.45214,11.01125,14.03582,13.77547,13.04171,13.79268,14.42088,10.43421,14.25450,10.16964,10.58280,15.02154,15.15564,11.77894,15.59970,16.32065,15.66260,15.41400,14.45897,15.72300,13.94162,15.86725,14.42979,15.44483,13.96167,13.94131,14.98886
142,10.87229,15.52409,15.76288,11.35757,15.16968,14.63354,11.99968,14.71283,15.61636,10.92247,14.04633,10.47122,10.92779,16.49164,16.82885,12.10093,17.43570,18.13238,17.42441,16.28271,15.93387,16.34459,15.07558,17.54170,15.66623,16.97165,15.00361,14.80081,16.23016
143,11.12734,16.41218,16.78093,11.39032,16.05162,15.38535,11.61052,15.57506,16.66944,11.21275,12.15206,10.55993,11.09171,17.82348,18.23038,12.25251,17.19492,17.36549,18.83394,13.66993,17.39422,13.56800,16.19970,18.81013,16.73428,17.90150,15.90042,15.55709,17.17090
144,11.16444,16.59787,16.82032,10.81178,16.17813,15.62228,12.04856,15.83309,16.78892,11.32624,12.82930,10.27680,10.73009,17.74436,18.05301,11.86520,16.87556,16.19112,18.28709,14.15172,17.50686,13.74240,16.39307,18.76892,16.71293,17.60460,16.05302,15.84963,17.24607
145,10.92876,16.66772,16.76709,10.08684,16.24599,15.80526,15.32236,15.92742,16.78199,11.24594,16.22713,9.85352,10.24894,17.31011,17.69602,11.22950,17.94446,17.89290,17.94186,17.53763,17.00176,17.20222,16.22162,18.63291,16.63880,17.57106,16.07570,16.04874,17.22627
146,10.84014,16.72819,16.77390,9.69300,16.31847,15.97076,17.81190,16.01522,16.82462,10.93250,17.67110,9.53067,9.96325,17.15087,17.42033,10.84853,17.89630,18.14255,17.74032,18.04614,16.72433,18.12730,16.18960,18.64833,16.73388,17.71546,16.13843,16.20866,17.28145
147,10.54927,16.78098,16.80900,9.55186,16.38447,16.10052,18.00529,16.10245,16.89603,10.71436,17.82160,9.37952,9.72463,17.16004,17.31149,10.69230,17.79275,18.12935,17.72712,18.03462,16.66904,18.18743,16.22930,18.72610,16.84955,17.89675,16.23284,16.31124,17.36363
148,10.45898,17.01591,17.09996,9.57083,16.63401,16.32962,17.95022,16.30895,17.03359,10.52873,17.77466,9.38684,9.93550,17.17745,17.18404,10.64327,17.61520,18.01072,17.64143,17.85959,16.67407,18.05998,16.35591,18.84117,17.04537,18.11520,16.44607,16.51681,17.55593
149,10.71533,17.23175,17.31643,9.81715,16.85808,16.48971,15.07515,16.47944,17.08212,10.36492,16.87048,9.57941,9.91187,17.20613,17.17822,10.75428,17.54695,17.80141,17.51462,17.71348,16.75970,17.78663,16.50732,18.77925,17.25860,18.14794,16.60565,16.66985,17.68198
150,10.29381,16.55474,16.46947,9.84281,16.09099,15.88575,10.13544,15.78726,16.24338,10.33066,11.36039,9.52622,9.57447,16.11638,16.06425,10.69004,15.62302,15.30929,15.95834,12.62768,15.96519,12.56730,15.87285,17.37682,16.31987,16.62470,15.93437,16.09448,16.77827
151,9.86280,16.37152,16.18997,9.74538,15.89031,15.84280,13.39951,15.73123,16.08329,10.24180,14.51124,9.49359,9.59100,15.94770,15.83756,10.72475,15.83765,15.66025,15.81866,15.48751,15.81313,15.25954,15.79093,16.91480,16.12291,16.36328,15.82806,16.00999,16.55325
152,10.16812,16.18252,15.96050,10.16795,15.74929,15.76530,14.51116,15.67886,15.92847,10.09801,15.55041,9.76257,9.88228,15.83403,15.68538,11.18471,15.66718,15.58809,15.69318,15.64388,15.70672,15.59542,15.68846,16.63330,16.00113,16.22065,15.72152,15.90646,16.35386
153,10.23901,15.23405,14.87243,10.88278,14.79788,15.02988,10.19827,14.90647,15.00341,10.11672,12.12325,10.34041,10.05130,14.75962,14.65869,11.79004,14.58298,14.45701,14.52219,13.41512,14.80368,13.39166,14.89741,15.41277,15.04638,14.92906,14.93267,15.14504,15.35656
154,10.19780,14.66436,14.31258,11.69093,14.22551,14.51185,11.85088,14.37134,14.33819,10.41715,12.82646,11.07205,10.91236,14.08549,13.98219,12.11169,13.86516,13.74414,13.83702,13.52003,14.16565,13.49431,14.25401,14.61357,14.27406,14.10637,14.40674,14.59260,14.76218
155,10.99932,15.02299,14.81304,12.02518,14.66664,14.83548,13.77024,14.79175,14.75876,10.62879,14.03813,11.47301,11.75602,14.64079,14.58981,12.36419,14.42183,14.46869,14.54914,14.28193,14.60946,14.29613,14.62432,15.13870,14.64991,14.82217,14.77698,14.86474,15.17227
156,11.79666,15.32734,15.20504,12.20497,15.05059,15.11010,13.72745,15.12168,15.13522,11.11544,14.30576,11.69897,12.01276,15.11079,15.09343,12.60882,14.99366,15.11456,15.15764,14.71659,15.00818,14.75649,14.96828,15.63877,15.03834,15.40349,15.08967,15.12065,15.52174
157,12.13449,15.48706,15.44923,12.49531,15.30469,15.26655,13.14633,15.31053,15.35424,11.76148,14.32750,11.99303,12.21884,15.42998,15.44157,12.88231,15.38993,15.54724,15.58392,14.97827,15.28233,15.02989,15.18495,15.93958,15.31344,15.73818,15.27151,15.26582,15.67502
158,12.41639,15.92749,16.02842,12.74755,15.86297,15.67870,14.69833,15.79531,15.95620,12.24003,15.42862,12.23573,12.55898,16.12427,16.21550,13.17323,16.30932,16.62204,16.47049,16.14581,15.87020,16.32653,15.69711,16.65588,15.90487,16.53490,15.75110,15.65145,16.10641
159,12.78234,16.18964,16.34882,12.87335,16.18083,15.94182,15.95612,16.07343,16.35912,12.60390,16.49240,12.30998,12.74682,16.60838,16.70355,13.33044,16.93845,17.32594,17.01164,16.96565,16.26779,17.19833,16.04437,17.20889,16.32558,17.02618,16.07212,15.90786,16.38407
160,13.12660,16.82016,17.07406,13.18250,16.79033,16.44316,16.50295,16.58809,16.96669,13.02009,17.43092,12.58251,12.93541,17.36148,17.45170,13.56321,17.80494,18.29899,17.83876,17.95727,16.90257,18.23251,16.61686,18.06784,17.03954,17.87582,16.67173,16.42472,17.09285
161,13.36333,17.63636,18.06544,13.39764,17.63231,17.08964,18.27815,17.28612,17.77628,13.32423,18.55094,12.79863,13.29301,18.28893,18.33233,13.86038,18.77010,19.40429,18.86585,18.96034,17.68437,19.35672,17.31900,19.13161,17.90943,18.97291,17.40482,17.07849,17.93540
162,13.57154,18.12004,18.52364,13.47358,18.04790,17.51053,15.85170,17.66418,18.22590,13.55130,18.14056,12.80657,13.24491,18.73297,18.81306,13.99781,19.23464,19.69227,19.29958,19.28129,18.15374,19.42221,17.71530,19.48026,18.32869,19.28473,17.78380,17.52249,18.47588
163,13.41391,18.66028,19.06511,13.31257,18.54054,17.98263,16.81573,18.12884,18.73601,13.67851,18.64188,12.69605,13.12391,19.13830,19.26665,14.04213,19.66792,20.06541,19.72215,19.71419,18.60464,19.82746,18.13117,19.83341,18.72787,19.70332,18.21905,18.01670,19.00802
164,13.44388,19.01320,19.40043,13.29657,18.88092,18.30986,17.19126,18.42150,19.08370,13.55839,19.41464,12.67996,12.95409,19.43530,19.59533,14.18391,20.00909,20.38618,20.01033,20.15466,18.93393,20.26411,18.45088,20.14073,19.03944,19.96732,18.54531,18.36166,19.32663
165,13.21662,19.48002,19.92098,13.30457,19.33443,18.71361,14.37664,18.76507,19.48672,13.53241,17.93994,12.63290,12.89830,19.89395,20.09662,14.20129,20.45388,20.71361,20.48641,20.23002,19.44187,20.20185,18.86452,20.62044,19.42326,20.33938,18.96498,18.79052,19.70276
166,13.04347,19.40270,19.72733,12.95068,19.15666,18.71555,13.74765,18.72434,19.32083,13.35806,16.37412,12.47677,12.67794,19.68107,19.79888,14.04119,20.06780,20.12600,20.06459,19.34497,19.28969,19.18332,18.79573,20.38862,19.29569,19.96563,18.89712,18.82874,19.53726
167,12.95970,19.47358,19.71523,12.76850,19.17457,18.78430,18.81518,18.79870,19.26644,13.15556,19.35215,12.38723,12.76462,19.37823,19.37545,13.89685,19.62498,19.76499,19.67010,19.70416,19.01238,19.72043,18.76797,20.23681,19.26532,19.85538,18.93931,18.94486,19.55471
168,13.71106,19.94608,20.25686,13.28408,19.70111,19.15682,19.87605,19.18184,19.60793,13.21407,19.76747,12.79633,13.10102,19.70830,19.55120,14.20588,19.76303,20.02361,19.88031,19.87251,19.27448,20.01448,19.13074,20.68233,19.68962,20.32570,19.37555,19.33074,20.01987
169,14.20554,20.35944,20.71208,13.87187,20.15747,19.51829,19.94538,19.55528,19.94414,13.77596,19.89642,13.35558,13.64558,20.00729,19.81182,14.65069,19.98913,20.27907,20.15636,20.04759,19.59540,20.19875,19.52034,20.98610,20.05688,20.68817,19.74100,19.70481,20.38710
170,14.44623,20.59121,20.89719,14.37808,20.39850,19.73754,15.48269,19.74652,20.10776,14.15575,17.83431,13.88657,13.89052,20.14913,20.00214,15.22342,20.25853,20.42939,20.23431,20.02689,19.79765,20.03974,19.72766,21.11680,20.22074,20.73595,19.96328,19.93923,20.62044
171,14.18376,20.39766,20.61424,14.90427,20.13445,19.64888,14.94864,19.63435,19.92563,14.40763,17.49894,14.30323,14.35404,19.85733,19.70744,15.63664,19.88903,19.90153,19.84242,19.70481,19.63603,19.63473,19.61747,20.71302,19.99522,20.31784,19.75977,19.86813,20.36132
172,14.40090,20.24181,20.39688,14.76456,19.98880,19.60050,14.83166,19.57447,19.85159,14.35717,15.79922,14.19932,14.51418,19.73345,19.63198,15.65252,19.67199,19.60042,19.67518,18.10682,19.58315,17.84907,19.56854,20.47372,19.86097,20.13915,19.68994,19.80263,20.20533
173,14.43468,19.71360,19.70719,14.18385,19.45006,19.29147,14.75304,19.26079,19.44045,14.50768,15.37380,13.82986,14.01950,19.34083,19.26165,15.34597,18.50990,18.29846,19.20726,15.92614,19.27526,15.82086,19.28727,19.87209,19.46310,19.54442,19.32748,19.47090,19.71270
174,14.11354,19.38959,19.30898,14.33348,19.12572,19.05720,15.33773,18.97552,19.09705,14.49363,16.20104,13.95213,13.80368,19.02455,18.95212,15.45552,18.56083,18.51141,18.90385,17.15409,18.99683,17.17860,19.00679,19.37493,19.11999,19.12778,19.05456,19.23013,19.39452
175,14.28593,19.67161,19.65744,15.10909,19.40546,19.28012,18.20822,19.19048,19.31273,14.47096,18.67003,14.44216,14.54006,19.26583,19.22058,15.91125,19.19834,19.22994,19.24811,19.09397,19.18786,19.09972,19.14666,19.63911,19.28864,19.44841,19.28551,19.44082,19.68870
176,15.01950,19.60408,19.61785,15.47404,19.37169,19.16587,19.23291,19.06152,19.11930,14.56945,19.01833,14.85242,15.14570,19.02256,18.89169,16.14270,18.87131,18.82743,18.89994,18.90879,18.94438,18.89285,18.97481,19.48138,19.10553,19.21419,19.18140,19.35390,19.59158
177,15.44152,18.68289,18.56676,15.92126,18.43255,18.36861,16.98548,18.20108,18.10745,15.04291,17.27835,15.44561,15.65629,17.85797,17.70402,16.09791,17.65214,17.50890,17.60899,17.39877,17.90799,17.32989,18.09817,18.32793,18.08631,17.90827,18.27955,18.57825,18.64813
178,15.64225,18.00985,17.81117,15.95829,17.67588,17.79876,15.89473,17.58865,17.43412,15.28651,16.01924,15.58486,15.87614,17.06154,16.99175,16.05359,16.30730,16.37836,16.89979,15.91723,17.14919,15.94739,17.43540,17.63078,17.33625,17.20052,17.63399,17.96888,18.03028
179,15.89666,17.86811,17.67646,16.01801,17.55181,17.70724,16.04215,17.56709,17.38023,15.59363,16.26372,15.69361,16.01777,17.15958,17.12339,16.11892,16.71376,16.83426,17.13368,16.43412,17.22426,16.51963,17.38883,17.65005,17.28969,17.30694,17.53949,17.81948,17.94842
180,16.16929,18.45081,18.40206,16.15967,18.19041,18.18851,16.82301,18.13505,18.03446,15.96686,17.37195,15.84364,16.14828,17.97060,18.03888,16.33698,17.98908,18.21499,18.14523,17.74723,17.94608,17.90915,17.94556,18.42246,17.91642,18.23529,18.09623,18.26201,18.55840
181,16.42851,19.09390,19.19181,16.37843,18.87170,18.64024,18.54398,18.60908,18.66586,16.27871,18.65130,16.00157,16.39025,18.65304,18.64185,16.49316,18.76850,19.00156,18.79759,18.79987,18.50054,18.97108,18.46445,19.24424,18.53133,19.03976,18.69351,18.74289,19.20948
182,16.74937,19.64047,19.87505,16.50823,19.45997,19.04845,18.77902,19.04257,19.22696,16.45117,19.15030,16.10663,16.57588,19.30395,19.24943,16.53617,19.39777,19.72695,19.52020,19.42104,19.01874,19.58772,18.94011,20.05956,19.14509,19.84737,19.22141,19.16746,19.76394
183,16.93153,20.07497,20.36301,16.59242,19.89225,19.41053,17.46370,19.42318,19.67284,16.72203,19.16692,16.23399,16.65771,19.86623,19.85262,16.68271,20.01968,20.32273,20.17820,19.81912,19.53502,19.87736,19.34715,20.62043,19.66399,20.40093,19.59643,19.53998,20.23563
184,16.88501,20.12472,20.37165,16.60250,19.91909,19.50057,18.92748,19.50809,19.78454,16.89777,19.78307,16.27742,16.68520,19.90002,19.88066,16.79818,20.04639,20.25974,20.14455,20.11092,19.60064,20.19122,19.42726,20.67494,19.74778,20.40079,19.62495,19.64300,20.26300
185,16.78995,20.23976,20.50840,16.54090,20.03637,19.58532,16.92500,19.52485,19.92485,16.83992,18.07333,16.21139,16.50544,19.96361,19.91011,16.83823,19.97255,20.04975,20.08493,19.73071,19.71483,19.69522,19.51545,20.76873,19.80048,20.37898,19.75319,19.73404,20.30762
186,16.75030,20.77257,21.15176,16.71466,20.60308,20.00728,17.60945,19.95402,20.50162,16.89929,19.12790,16.26085,16.54869,20.62206,20.60665,16.91973,20.72882,21.01610,20.88631,20.57116,20.28660,20.66828,19.99550,21.53762,20.34892,21.13459,20.26511,20.15738,20.85178
187,16.92973,21.69529,22.21960,16.90072,21.56370,20.78070,20.71452,20.75884,21.49820,17.01866,21.45440,16.34340,16.82985,21.74157,21.78567,17.14230,22.05400,22.64895,22.21461,22.09394,21.22055,22.43573,20.82127,22.81596,21.30297,22.39586,21.13536,20.91796,21.79172
188,17.39375,22.77952,23.40070,17.10712,22.65472,21.70977,22.86539,21.72387,22.60530,17.23053,23.15661,16.52716,17.13952,22.99969,23.01750,17.47249,23.43536,24.13983,23.51686,23.62872,22.30012,24.09112,21.82914,24.19453,22.45642,23.76881,22.23169,21.82733,22.92555
189,17.95169,23.39879,24.02370,17.40971,23.25489,22.27733,24.15728,22.31224,23.09004,17.43822,23.94822,16.70622,17.42161,23.49731,23.34069,17.60454,23.76645,24.23582,23.81298,24.02863,22.77889,24.38020,22.40277,24.71991,23.12902,24.35788,22.85647,22.40259,23.52596
190,18.38436,23.71205,24.31332,17.57019,23.55576,22.58577,24.02560,22.64800,23.27494,17.77573,23.64947,16.98453,17.64748,23.57535,23.28542,17.98992,23.62073,23.93114,23.75601,23.75964,22.94034,23.95393,22.66524,24.78296,23.41852,24.47797,23.08920,22.75025,23.81356
191,18.47605,23.72288,24.25108,17.84745,23.63207,22.68501,23.60056,22.73455,23.21792,18.12034,23.27190,17.33448,17.80680,23.42111,23.06593,18.66094,23.25064,23.44184,23.43573,23.34242,22.89584,23.43245,22.74264,24.52311,23.47311,24.19777,23.12095,22.86742,23.72536
192,18.58058,23.71771,24.17622,18.30870,23.72767,22.80012,22.98208,22.81590,23.22912,18.35569,22.88093,17.71171,18.11681,23.40954,23.00262,19.28938,23.07553,23.25970,23.30414,23.05644,22.92844,23.12857,22.85741,24.34922,23.50041,24.00660,23.21486,22.96835,23.63136
193,18.62753,23.61715,23.98382,18.86257,23.69046,22.86138,19.51629,22.86457,23.24724,18.50279,22.11357,18.06023,18.26111,23.35981,23.02105,19.65402,23.09751,23.20258,23.22192,23.02006,22.98225,23.03282,22.93658,24.21415,23.49418,23.83818,23.25636,22.98929,23.50578
194,18.31820,22.79041,22.94301,19.09900,22.84146,22.26268,20.62496,22.17013,22.42988,18.45064,21.83556,18.26862,18.61089,22.33923,21.94311,19.72961,21.89001,21.74811,21.94846,21.93622,22.15647,21.82474,22.22895,23.10014,22.60339,22.58716,22.51057,22.42397,22.65184
195,18.68730,22.33955,22.41114,19.34845,22.39064,21.92785,21.42512,21.78520,21.99859,18.41268,21.33068,18.56459,19.09078,21.88834,21.52119,19.91039,21.34327,21.25482,21.51817,21.28884,21.72850,21.19924,21.78023,22.57328,22.05083,22.03064,22.11107,22.09612,22.20174
196,18.98538,21.39510,21.31523,19.45506,21.33615,21.12430,20.72076,20.91174,20.96085,18.61611,20.76774,18.87174,19.27767,20.69858,20.41653,19.75301,20.23257,20.10259,20.32639,20.36381,20.70319,20.26297,20.82135,21.38204,20.92205,20.77162,21.17809,21.31530,21.28362
197,18.91980,20.59766,20.40988,19.15876,20.33745,20.33591,19.31659,20.07289,19.90872,18.69096,19.62293,18.75716,19.19281,19.33843,19.16654,19.35489,19.35739,19.15842,18.94962,19.71115,19.58690,19.68504,19.89802,20.23662,19.79031,19.61527,20.21686,20.57836,20.54632
198,18.91721,19.81522,19.57454,18.83340,19.45740,19.62169,19.04265,19.35428,19.03170,18.57020,18.90889,18.53123,18.94351,18.46111,18.37438,18.96879,18.44712,18.22880,18.12981,18.62173,18.79634,18.52492,19.11912,19.32757,18.90306,18.71077,19.38534,19.84208,19.76036
199,18.84876,19.24476,19.01223,18.57976,18.87236,19.09486,18.85074,18.82634,18.49610,18.53461,18.96247,18.35267,18.69199,17.92061,17.90081,18.69353,18.13049,17.98987,17.72634,18.67800,18.18693,18.67544,18.57622,18.81662,18.34208,18.24766,18.83433,19.28348,19.23498
200,18.68003,18.92277,18.69241,18.36568,18.51872,18.76602,18.48408,18.54869,18.14448,18.46772,18.33440,18.18992,18.47536,17.66447,17.60943,18.45266,17.61826,17.46364,17.42241,17.90887,17.93907,17.80570,18.26346,18.36078,17.99621,17.91123,18.47192,18.92917,18.95368
201,18.55705,18.64539,18.45812,18.22860,18.28052,18.48190,18.38464,18.31824,17.93474,18.42533,18.26677,18.08591,18.31654,17.56991,17.54344,18.30397,17.55116,17.45810,17.42203,17.80524,17.78613,17.77128,18.05790,18.12169,17.81108,17.78509,18.20405,18.62849,18.71601
202,18.48396,18.51538,18.36374,18.11163,18.15578,18.33132,18.32601,18.22116,17.85463,18.38709,18.16994,17.98124,18.23301,17.62389,17.63519,18.08412,17.68299,17.66116,17.59175,17.85806,17.77030,17.83305,17.97847,18.08280,17.77653,17.81038,18.06915,18.44272,18.61989
203,18.44256,18.54366,18.43197,17.99739,18.20933,18.35980,18.33749,18.28729,17.97088,18.40712,18.14656,17.92625,18.17060,17.85724,17.89971,17.97849,17.95750,18.01487,17.93007,17.99741,17.94886,17.99169,18.07541,18.25345,17.92029,18.03628,18.12424,18.43255,18.66182
204,18.40256,18.79681,18.75467,17.99344,18.49957,18.56691,18.21791,18.54990,18.29964,18.44445,18.33590,17.94188,18.14315,18.24576,18.29831,18.01211,18.31785,18.44469,18.35085,18.34627,18.29419,18.41008,18.36229,18.60649,18.24803,18.46002,18.39744,18.62168,18.91392
205,18.44412,19.42852,19.53916,18.09911,19.19994,19.07828,18.76475,19.14010,19.00677,18.54551,18.91990,18.02398,18.22946,19.04644,19.14193,18.12956,19.22923,19.47162,19.28522,19.14841,19.00691,19.32077,19.01750,19.43946,18.96644,19.40107,19.00576,19.11931,19.53962
206,18.66126,20.41809,20.72533,18.33601,20.28791,19.90880,19.03936,20.01830,20.10393,18.71208,19.59157,18.15840,18.40492,20.35485,20.52814,18.31294,20.73052,21.22400,20.87354,20.44028,20.11680,20.68959,19.95654,20.82490,20.07316,20.82343,19.98505,19.92306,20.53940
207,18.81883,21.28868,21.71252,18.50673,21.19895,20.66695,18.86431,20.78721,21.04582,18.91716,19.34363,18.28942,18.57687,21.56074,21.77126,18.51145,21.77970,22.24272,22.21074,20.45606,21.24750,20.46477,20.83643,21.97588,21.08516,21.95965,20.89608,20.66092,21.42686
208,18.93566,22.00287,22.57245,18.67151,21.97536,21.29439,19.02531,21.38941,21.81999,19.09112,19.42969,18.41453,18.72806,22.50028,22.63799,18.76157,21.82820,22.17078,23.11217,20.05373,22.17717,20.15051,21.53682,22.94328,21.89029,22.82596,21.60965,21.28329,22.10771
209,19.05855,22.79219,23.46776,18.80887,22.80722,21.96494,21.02950,22.05434,22.64595,19.23033,21.87278,18.48963,18.87129,23.19601,23.38771,19.03831,23.53922,24.04366,23.83517,22.98547,22.74171,23.23127,22.16184,23.97650,22.58341,23.73846,22.32748,21.96939,22.88455
210,19.38243,23.59049,24.24161,19.10492,23.61800,22.68946,23.95217,22.79824,23.39648,19.36723,24.14093,18.68867,19.19550,23.96305,24.00052,19.28940,24.42314,24.92571,24.43074,24.58340,23.35873,24.91612,22.90763,24.91605,23.45384,24.64363,23.20014,22.69314,23.73694
211,19.73462,23.66421,24.19577,19.31979,23.74138,22.90697,22.21357,23.01748,23.48164,19.52927,24.40570,19.06706,19.40683,23.97105,23.89503,19.62871,24.27441,24.49681,24.15306,24.71276,23.44959,24.82164,23.14625,24.87915,23.75773,24.52200,23.42385,22.89156,23.75532
212,19.77732,23.50203,23.94734,19.38859,23.59498,22.84449,24.11831,22.91100,23.28147,19.70363,23.93340,19.24384,19.46489,23.60571,23.39272,20.02959,23.61558,23.67099,23.60117,23.82152,23.20185,23.84449,23.01277,24.43904,23.57585,24.06807,23.26281,22.85459,23.51199
213,19.92533,23.58917,23.99454,19.53878,23.67019,22.95068,23.85224,22.99225,23.36393,19.81050,23.51541,19.28480,19.47730,23.59037,23.33989,20.29855,23.45623,23.52234,23.55338,23.53188,23.22288,23.54467,23.08283,24.38138,23.60863,24.05795,23.30872,22.99293,23.57320
214,19.91297,23.57446,23.89872,19.74510,23.59108,22.96852,23.36031,22.96462,23.28826,19.88183,23.18376,19.32350,19.54943,23.46156,23.20540,20.42777,23.24713,23.30037,23.37191,23.25371,23.14228,23.25337,23.03557,24.10823,23.46958,23.80881,23.27652,23.03514,23.53393
215,20.07630,23.58898,23.79294,20.06193,23.46902,22.99380,21.95593,22.92730,23.18885,19.94744,22.83835,19.45264,19.66908,23.32214,23.03875,20.46042,23.03831,23.07769,23.16058,23.07668,23.05573,23.05688,22.98447,23.86280,23.31349,23.54016,23.27325,23.07894,23.61393
216,19.93476,23.51227,23.67121,20.20284,23.33779,22.93342,19.96067,22.83622,23.05987,20.10986,20.84011,19.56404,19.82537,23.09898,22.89614,20.51100,22.90305,22.88975,22.95377,22.48081,22.94251,22.43564,22.90511,23.65417,23.17467,23.32478,23.13026,23.05197,23.53160
217,19.90836,23.70717,23.87627,20.06381,23.55626,23.14968,21.80480,23.07511,23.28065,20.07219,22.70928,19.54909,19.94823,23.36350,23.23389,20.64118,23.24137,23.30586,23.32170,23.16976,23.20059,23.20308,23.10930,23.80711,23.36432,23.59604,23.30743,23.27176,23.71619
218,20.09909,23.93518,24.09888,20.13431,23.79355,23.36842,22.81190,23.29432,23.51207,20.11484,23.27830,19.59980,19.96115,23.65495,23.54499,20.78056,23.58489,23.71382,23.66339,23.56027,23.45032,23.62065,23.32728,24.05097,23.58393,23.85507,23.56289,23.48875,23.97408
219,20.07767,23.55730,23.63048,20.31266,23.35067,23.02804,21.22962,22.89755,23.00973,20.11058,22.75779,19.77476,19.97038,22.98638,22.80600,20.79227,22.78250,22.70451,22.79912,22.81050,22.90218,22.73598,22.89481,23.43423,23.08886,23.11851,23.13371,23.20335,23.56439
220,19.86010,22.33397,22.22205,20.38105,21.98044,21.98589,21.46164,21.75145,21.64990,19.89961,21.69796,19.96014,20.11000,21.32601,21.14286,20.75228,20.99428,20.74675,20.94388,21.17132,21.46149,21.02523,21.63241,21.83195,21.63526,21.34444,21.86446,22.20592,22.26448
221,19.88718,21.28823,21.06851,20.31214,20.86606,21.07214,20.16615,20.80403,20.54916,19.73809,20.50409,19.92850,20.17898,20.03662,19.93114,20.38126,20.08674,19.80938,19.68589,20.62579,20.31165,20.56946,20.60846,20.67755,20.44149,20.13093,20.85773,21.27413,21.23682
222,19.96733,20.51082,20.27404,20.04912,20.13640,20.38262,20.16486,20.10727,19.87765,19.73935,20.23774,19.78505,20.11311,19.30642,19.45006,20.08404,19.78597,19.66967,19.20921,19.96124,19.49591,19.96207,19.87795,20.01460,19.70369,19.49988,20.18409,20.56126,20.50530
223,19.84581,19.88103,19.61383,19.58890,19.52485,19.71444,19.71303,19.47297,19.24950,19.69046,19.55259,19.37645,19.71390,18.69893,18.72928,19.71517,18.87270,18.69969,18.51980,19.07344,18.82472,19.00114,19.22791,19.30392,19.15560,18.89899,19.55893,19.93397,19.89370
224,19.47284,19.41471,19.09596,19.01974,19.04843,19.28096,18.45330,19.05886,18.76760,19.58156,18.43486,18.83850,19.04858,18.40099,18.23058,19.30956,18.13764,17.92289,18.06280,18.16140,18.55214,18.02801,18.91262,18.73274,18.79397,18.45226,19.10939,19.48955,19.44214
225,18.95491,19.13815,18.80488,18.79318,18.79937,19.04604,18.01541,18.84993,18.51912,19.24432,18.02923,18.59432,18.55263,18.27047,18.10449,19.11437,17.90382,17.70737,17.94409,17.82520,18.44426,17.70871,18.73899,18.42872,18.57702,18.27631,18.86545,19.22642,19.18629
226,18.56688,18.93741,18.60931,18.42004,18.63947,18.86471,18.33568,18.69801,18.40771,18.87961,18.34897,18.20000,18.30485,18.13765,17.99091,18.84025,17.89413,17.86155,17.87936,18.07924,18.23116,18.11427,18.55823,18.33366,18.43152,18.25226,18.71647,19.01682,19.02903
227,18.25152,18.90995,18.61021,17.88598,18.66904,18.88010,18.36089,18.73861,18.52726,18.56363,18.43000,17.68983,17.83511,18.35611,18.25169,18.48384,18.17613,18.19720,18.20591,18.22377,18.39912,18.28327,18.62747,18.45473,18.53280,18.43826,18.77901,18.97973,19.04096
228,17.91662,19.14044,18.91701,17.67810,18.94876,19.09116,18.44587,18.97111,18.84586,18.27611,18.60835,17.45923,17.48579,18.76007,18.70172,18.29775,18.63868,18.68112,18.69725,18.59820,18.78927,18.64009,18.89481,18.81420,18.80366,18.82231,19.03487,19.16594,19.31295
229,17.69329,19.28880,19.12144,17.61043,19.14870,19.24290,18.81598,19.14741,19.08078,17.99770,18.97351,17.42056,17.36016,19.06077,19.06803,18.20516,19.06524,19.13718,19.09112,19.03214,19.07662,19.09107,19.09911,19.11622,19.02735,19.11026,19.20974,19.30056,19.48651
230,17.61721,19.49012,19.37235,17.67694,19.38121,19.43058,19.20763,19.35838,19.31729,17.84573,19.36294,17.52384,17.45149,19.33541,19.38368,18.20392,19.41901,19.51144,19.42952,19.42491,19.32805,19.48914,19.31242,19.36529,19.26890,19.39682,19.39795,19.46975,19.71397
231,17.79424,19.91534,19.91508,17.95214,19.82389,19.74630,19.70511,19.70466,19.71622,17.81722,19.82288,17.80090,17.72799,19.75461,19.80938,18.40884,19.89188,20.05832,19.92573,19.91926,19.68519,20.02901,19.64246,19.92194,19.67410,19.94417,19.73609,19.78498,20.14300
232,18.02276,20.42259,20.54840,18.36391,20.35221,20.14037,18.69254,20.13888,20.22035,17.98068,19.60493,18.14598,18.01679,20.35730,20.42648,18.77252,20.56181,20.77031,20.62602,20.38159,20.19533,20.41414,20.08137,20.60299,20.19970,20.59287,20.15339,20.17631,20.59745
233,18.06570,20.56952,20.67090,18.52436,20.45029,20.22256,18.91171,20.17025,20.23177,18.03189,19.59769,18.23349,18.26154,20.30633,20.34179,18.89643,20.41687,20.46366,20.43394,20.24126,20.21253,20.19650,20.11860,20.51712,20.21641,20.47138,20.24161,20.28211,20.68619
234,18.27978,20.48308,20.55189,18.69594,20.36459,20.13722,19.74715,20.07401,20.08387,18.14210,20.05017,18.43363,18.46286,20.10995,20.08069,19.00440,20.10688,20.11175,20.11467,20.12678,20.03911,20.11616,20.01764,20.31454,20.11228,20.24710,20.17704,20.21762,20.53451
235,18.36942,19.99633,20.00037,18.82441,19.80366,19.69970,18.72897,19.59011,19.54341,18.21251,19.25286,18.60449,18.56376,19.41176,19.32257,18.97801,19.27198,19.16362,19.25307,19.32853,19.43842,19.26436,19.51524,19.70972,19.54441,19.48935,19.64852,19.82529,19.96820
236,18.49246,19.72159,19.69470,18.89491,19.48931,19.49843,19.11471,19.39967,19.29849,18.33259,18.97682,18.68405,18.78204,19.13719,19.07515,18.91069,18.97723,18.89641,18.99528,18.91133,19.20457,18.85525,19.29495,19.45171,19.26097,19.20778,19.39633,19.60707,19.66945
237,18.70174,19.73861,19.71913,18.88126,19.52270,19.53809,18.88735,19.46019,19.35358,18.46512,19.02716,18.72000,18.85876,19.19988,19.14871,18.91901,19.02305,18.98454,19.09980,18.90834,19.26511,18.90738,19.35083,19.51397,19.30500,19.32788,19.43755,19.62784,19.70117
238,18.75045,19.58243,19.52794,18.81466,19.38076,19.40848,18.74541,19.32974,19.17804,18.56306,18.73094,18.70058,18.78364,19.01388,18.94827,18.87902,18.81202,18.69314,18.84371,18.68768,19.10548,18.62021,19.21758,19.17959,19.13010,19.06507,19.29357,19.50593,19.52981
239,18.72433,19.41110,19.32138,18.80577,19.20705,19.23695,18.66852,19.14915,18.99004,18.62881,18.67573,18.70583,18.74575,18.80885,18.74553,18.86214,18.61474,18.52043,18.64287,18.58330,18.90896,18.53974,19.03952,18.92931,18.93496,18.84635,19.12301,19.35174,19.39416
240,18.61759,18.91323,18.72706,18.68157,18.63838,18.78304,18.63439,18.61553,18.43259,18.56178,18.66451,18.58070,18.66036,18.15999,18.03838,18.69631,17.99133,17.90457,17.89694,18.41226,18.27073,18.43908,18.50216,18.33552,18.39665,18.19018,18.63761,18.91462,18.93510
241,18.65957,19.06399,18.87881,18.64812,18.77793,18.93256,18.45416,18.76099,18.59900,18.63252,18.40720,18.53914,18.62864,18.45331,18.39071,18.72762,18.29343,18.24020,18.29962,18.28865,18.53831,18.28668,18.67988,18.48514,18.56646,18.43804,18.78589,19.03129,19.14368
242,18.62425,19.17474,19.01601,18.68537,18.91910,19.03690,18.41645,18.89356,18.74379,18.66270,18.53188,18.54915,18.59069,18.69512,18.70867,18.76801,18.64406,18.62185,18.64699,18.58729,18.76371,18.57708,18.82176,18.62980,18.71184,18.63597,18.90064,19.12538,19.26181
243,18.55296,19.22843,19.11804,18.69625,19.02125,19.01359,18.61712,18.88619,18.78292,18.60589,18.61699,18.53720,18.61559,18.70453,18.72180,18.71800,18.68647,18.64353,18.68397,18.63326,18.76845,18.61931,18.81172,18.69261,18.72209,18.67987,18.93385,19.14028,19.29317
244,18.59182,19.25468,19.18349,18.68328,19.09304,18.99389,18.60866,18.89190,18.84008,18.55584,18.62816,18.52891,18.66845,18.75034,18.75506,18.63694,18.72260,18.70723,18.74416,18.65991,18.78747,18.64089,18.82385,18.81297,18.76950,18.78602,18.97903,19.13290,19.31139
245,18.57392,19.04673,18.96372,18.55900,18.86700,18.80333,18.64548,18.70100,18.60303,18.47873,18.62803,18.46429,18.62156,18.48291,18.44114,18.52564,18.34901,18.29476,18.38165,18.41729,18.54236,18.42629,18.62294,18.57842,18.55653,18.51354,18.74501,18.95020,19.07386
246,18.54264,18.90917,18.83148,18.44145,18.68909,18.67377,18.45520,18.56184,18.40272,18.45858,18.20757,18.37905,18.51315,18.25570,18.20762,18.42514,18.09738,17.98811,18.11045,18.01897,18.35953,17.97016,18.46161,18.32040,18.35499,18.25481,18.55936,18.81545,18.89905
247,18.51109,18.84998,18.78847,18.40579,18.62243,18.65016,18.49759,18.55818,18.38418,18.48830,18.48143,18.34722,18.44458,18.23413,18.19710,18.36586,18.07847,18.06195,18.13237,18.29862,18.33304,18.32757,18.44673,18.32645,18.33431,18.28703,18.51404,18.75901,18.84067
248,18.44348,18.74221,18.68084,18.34207,18.52651,18.58284,18.43571,18.52102,18.33001,18.45515,18.32615,18.29258,18.38992,18.18708,18.15354,18.30041,18.03976,18.00252,18.07966,18.08418,18.29378,18.07528,18.40678,18.30327,18.28614,18.24774,18.44633,18.67105,18.74261
249,18.27897,18.21600,18.08852,18.15462,17.96125,18.10909,18.24211,17.97818,17.77179,18.29141,18.23337,18.16759,18.23161,17.50264,17.43335,18.10752,17.61617,17.52578,17.31769,18.03152,17.63337,18.02051,17.86847,17.75701,17.72889,17.57668,17.94742,18.20143,18.21183
250,18.06787,17.41337,17.17070,17.89704,17.12908,17.43200,17.91592,17.23471,16.99330,18.07777,17.68607,17.97093,18.00858,16.64815,16.60307,17.82608,16.90721,16.70241,16.42013,17.23930,16.84224,17.13199,17.12332,16.86739,16.91941,16.61600,17.22963,17.50878,17.42301
251,17.85009,16.70159,16.41861,17.62426,16.47503,16.82414,17.73397,16.62238,16.32622,17.84639,17.63847,17.74043,17.75173,15.94946,15.99947,17.55686,16.37035,16.17872,15.82368,17.12656,16.18825,17.10660,16.48127,16.15758,16.22576,15.93330,16.61402,16.85288,16.72413
252,17.59081,16.27235,15.99864,17.36406,16.09698,16.38339,17.36656,16.15161,15.84500,17.59225,17.22269,17.45746,17.49777,15.44618,15.53623,17.24456,16.08420,15.92438,15.36469,16.79435,15.63437,16.76250,15.97710,15.64810,15.73282,15.45276,16.18441,16.40849,16.30548
253,17.39637,16.35439,16.13418,17.29611,16.19528,16.44323,15.95017,16.26408,15.99449,17.49947,15.94441,17.36415,17.33421,15.74372,15.73379,17.17717,15.66126,15.58170,15.59161,15.73003,15.93143,15.68820,16.10798,15.70942,15.86377,15.63686,16.27551,16.44566,16.39370
254,17.21321,16.73429,16.62261,17.29976,16.60098,16.72514,16.04690,16.65053,16.45527,17.47494,16.24904,17.31518,17.28184,16.32615,16.45567,17.17712,16.40570,16.42498,16.38694,16.32145,16.46567,16.35713,16.50950,16.25076,16.28924,16.29830,16.61525,16.73741,16.79258
255,17.17158,17.03604,17.00445,17.28173,16.93356,16.95965,16.89960,16.94322,16.80607,17.40867,16.80956,17.29580,17.34402,16.76068,16.91820,17.20583,16.92075,16.99891,16.91252,16.87144,16.82924,16.89444,16.83802,16.72357,16.67511,16.82090,16.91556,16.98438,17.10450
256,17.13905,16.81789,16.77404,17.16029,16.72747,16.77424,17.21114,16.73849,16.58879,17.21817,16.79645,17.21396,17.27846,16.54455,16.61981,17.11540,16.58352,16.54062,16.58472,16.46773,16.61507,16.42490,16.63982,16.50362,16.51498,16.55055,16.72549,16.81245,16.85776
257,17.07892,16.38882,16.29384,16.98618,16.29699,16.41418,16.26926,16.35092,16.17605,17.01864,16.06515,17.06185,17.06426,16.05264,16.06092,16.95354,15.98416,15.84427,15.96166,15.93722,16.16968,15.83736,16.26914,16.00016,16.12185,15.99510,16.33142,16.45675,16.39444
258,16.87187,16.05574,15.93840,16.84303,15.94011,16.07858,16.13216,16.00466,15.83745,16.86533,15.89169,16.86458,16.83707,15.71049,15.71363,16.82211,15.62336,15.51724,15.60917,15.61960,15.84762,15.56703,15.94117,15.65369,15.77915,15.61124,15.96569,16.14136,16.06927
259,16.72925,15.92251,15.81239,16.73191,15.77940,15.91506,16.72595,15.81990,15.65476,16.70920,16.66064,16.75149,16.76024,15.48453,15.45372,16.68133,15.62040,15.56476,15.36589,16.47012,15.59422,16.46830,15.73905,15.49512,15.58522,15.45394,15.79962,15.97433,15.94569
260,16.71466,16.01879,15.96443,16.68685,15.89240,15.97544,16.17992,15.92217,15.77624,16.63944,16.04851,16.66088,16.70415,15.66802,15.68839,16.62814,15.64759,15.64518,15.62752,15.80900,15.76757,15.81080,15.83457,15.64360,15.69079,15.66004,15.87982,16.02136,16.03859
261,16.72633,16.24156,16.23161,16.71351,16.15909,16.17200,16.14851,16.17898,16.06750,16.66406,16.03213,16.67345,16.72696,16.08251,16.18823,16.66551,16.17895,16.25247,16.19229,16.10406,16.13217,16.12444,16.12053,16.00814,16.01161,16.10305,16.11830,16.20973,16.29002
262,16.68857,16.27714,16.29285,16.66802,16.21663,16.17832,16.61434,16.18127,16.09309,16.66024,16.36200,16.67092,16.69728,16.13911,16.17728,16.64304,16.09576,16.10889,16.18536,16.17954,16.16745,16.17694,16.14689,16.07720,16.07880,16.13557,16.15477,16.22867,16.30566
263,16.50747,15.71855,15.65267,16.46174,15.60935,15.67172,16.45681,15.59375,15.46913,16.45135,16.28502,16.50494,16.50371,15.39013,15.29673,16.42489,15.24111,15.08652,15.20071,15.81478,15.48026,15.73333,15.55564,15.40016,15.47407,15.31596,15.58628,15.74324,15.70928
264,16.33750,15.28764,15.17161,16.30200,15.17079,15.32643,15.63680,15.22766,15.06335,16.30757,15.23016,16.33900,16.31330,14.93233,14.86012,16.26780,14.69886,14.50815,14.69619,14.80502,15.07247,14.66337,15.16425,14.89728,15.03561,14.79062,15.20293,15.37874,15.24325
265,16.05823,14.88206,14.74073,16.14080,14.78843,14.95741,14.45973,14.87392,14.64870,16.11670,14.33176,16.16042,16.07136,14.48628,14.45903,16.05274,14.26143,14.02995,14.24839,14.16913,14.67461,14.02536,14.77857,14.35211,14.59148,14.28599,14.79738,15.02268,14.79395
266,15.81660,14.42212,14.24642,15.93335,14.35097,14.50511,15.90541,14.40695,14.18861,15.91178,15.61901,15.97930,15.98058,13.89029,13.89222,15.81024,14.39245,14.27819,13.72555,15.20082,14.05356,15.20198,14.28022,13.86284,14.08393,13.81546,14.34698,14.60097,14.35595
267,15.72994,14.12732,13.90195,15.73698,13.98854,14.17944,15.76116,14.01331,13.80740,15.65115,15.66376,15.79263,15.81601,13.42002,14.05511,15.63330,15.04438,14.93876,13.88909,15.53786,13.53429,15.53442,13.83823,13.48783,13.65228,13.43039,14.03438,14.28198,14.11899
268,15.67268,13.95485,13.70014,15.66023,13.77959,14.00741,15.11060,13.82962,13.58210,15.60929,14.79842,15.69534,15.68683,13.26047,13.43962,15.55496,14.00327,13.87953,13.32947,14.40863,13.40784,14.34996,13.69038,13.21986,13.49116,13.20006,13.83804,14.10761,13.98527
269,15.56781,14.11213,13.91434,15.64875,13.96893,14.12144,14.03848,13.98445,13.76607,15.61942,14.04835,15.65600,15.58269,13.56058,13.59587,15.55520,13.69217,13.67104,13.51244,13.87082,13.71050,13.85265,13.87086,13.39606,13.67234,13.46285,13.96311,14.21481,14.13749
270,15.43036,14.54905,14.47016,15.69755,14.45849,14.46488,14.42372,14.38575,14.27773,15.65349,14.28242,15.64914,15.62750,14.17862,14.26927,15.58171,14.26694,14.34214,14.25207,14.25053,14.26005,14.31231,14.30335,14.05695,14.15168,14.15976,14.39238,14.54649,14.57154
271,15.37633,14.47517,14.43060,15.55915,14.40274,14.38999,14.23968,14.33904,14.21791,15.46971,14.20719,15.50964,15.57281,14.14132,14.19086,15.33873,14.18788,14.18718,14.17082,14.16957,14.21611,14.17723,14.27099,14.08651,14.14383,14.15146,14.33062,14.46992,14.46425
272,15.29728,14.27084,14.21066,15.33217,14.20131,14.25462,13.94864,14.21788,14.06359,15.28828,13.99588,15.34531,15.38739,14.01613,14.04849,15.16442,14.02035,13.97743,13.99641,13.97803,14.11209,13.94863,14.16982,13.92291,14.03076,13.97235,14.15501,14.30632,14.25365
273,15.18796,14.11085,14.05138,15.19266,14.04072,14.10346,14.92228,14.06725,13.91747,15.15791,14.51771,15.21532,15.25723,13.84950,13.85726,15.06059,13.84892,13.79552,13.79129,14.07068,13.94568,14.06082,14.01965,13.80179,13.89654,13.81407,14.00759,14.14962,14.08993
274,15.11175,13.88071,13.80936,15.03071,13.81523,13.92451,14.38192,13.88326,13.73871,14.98521,14.09976,15.06287,15.08014,13.66878,13.67278,14.91899,13.62580,13.56463,13.58896,13.74251,13.77347,13.70113,13.83549,13.62053,13.71107,13.60249,13.82284,13.94288,13.85572
275,14.99038,13.98049,13.93096,15.04257,13.91923,13.99091,14.09962,13.97212,13.83782,14.99019,13.79690,15.04551,15.01719,13.79985,13.84047,14.95844,13.76545,13.72961,13.75862,13.72754,13.89240,13.70292,13.91821,13.72613,13.79367,13.74039,13.90264,14.01175,13.97491
276,14.99117,14.06335,14.03082,15.10045,14.02046,14.06972,14.04146,14.07024,13.93465,14.96170,13.76689,15.06391,15.06438,13.91381,13.99230,15.03735,13.93669,13.90441,13.92171,13.82471,14.00696,13.80938,14.02128,13.77985,13.88725,13.85557,13.99135,14.08545,14.05023
277,14.96216,14.05146,14.02461,15.09101,14.02488,14.06334,13.77154,14.08108,13.95966,14.94037,13.87441,15.03399,15.02981,13.93206,14.03623,15.00313,14.00703,13.96334,13.96571,13.94461,14.02663,13.92091,14.05116,13.78341,13.91550,13.88468,14.00359,14.07929,14.03656
278,14.81680,13.93036,13.91069,14.90846,13.90226,13.91965,14.70226,13.90916,13.81760,14.79630,14.40207,14.86548,14.96679,13.76095,13.80481,14.68745,13.80979,13.75718,13.73714,14.03379,13.83497,14.02088,13.89279,13.70553,13.79399,13.73666,13.88037,13.95163,13.90713
279,14.66143,13.28673,13.18199,14.44164,13.21603,13.33791,14.60173,13.25579,13.12795,14.50534,14.22243,14.54747,14.63603,12.97290,12.95393,14.28829,12.97517,12.83038,12.82195,13.50556,13.09549,13.45087,13.22564,12.96406,13.10440,12.89520,13.25445,13.38771,13.24828
280,14.40932,12.76227,12.60346,14.19983,12.65774,12.86171,14.22679,12.72768,12.56282,14.19028,13.97671,14.32057,14.27501,12.30795,12.26944,14.08008,12.38325,12.17235,12.08033,13.24395,12.49268,13.12824,12.66695,12.33419,12.49484,12.22780,12.74506,12.90936,12.73119
281,14.11778,12.31669,12.10959,14.00327,12.19951,12.46768,13.89286,12.33470,12.09624,14.08382,13.58844,14.13206,14.05322,11.80336,11.81046,13.85102,12.09336,11.89595,11.61243,12.96695,12.03216,12.89153,12.22477,11.84611,12.00737,11.76129,12.32059,12.49495,12.32507
282,13.87283,11.82254,11.58893,13.75331,11.69964,12.01878,13.48695,11.88902,11.59470,13.86403,13.13059,13.90973,13.81604,11.29688,11.32439,13.63610,11.74133,11.47431,11.10828,12.56506,11.54020,12.40166,11.76040,11.30237,11.48913,11.22779,11.83888,12.03031,11.85125
283,13.59069,11.24517,10.98660,13.52700,11.10630,11.46758,13.46763,11.30398,11.00229,13.57085,13.32624,13.70193,13.58955,10.59693,10.89129,13.43575,11.97863,11.83857,10.64876,13.03584,10.80498,13.02400,11.12898,10.65190,10.85568,10.58312,11.28985,11.48660,11.29147
284,13.42499,10.91555,10.63709,13.46427,10.81064,11.18428,12.78356,10.99312,10.72469,13.40145,12.38644,13.56276,13.49205,10.32571,10.42905,13.32332,10.91619,10.88442,10.24420,11.74029,10.54282,11.70946,10.85303,10.28685,10.54363,10.23879,11.01398,11.15824,10.96775
285,13.27159,10.67701,10.39244,13.44459,10.55196,10.96182,11.16466,10.78460,10.50473,13.28517,10.91802,13.47650,13.38832,10.12027,10.17126,13.23213,10.17166,10.03681,9.96291,10.40274,10.39157,10.36045,10.67317,9.94909,10.32980,9.95055,10.79948,10.92511,10.73511
286,12.85325,10.33048,10.03199,13.27798,10.17657,10.66174,9.84401,10.50878,10.18641,13.08141,9.90583,13.32453,13.17629,9.82870,9.94091,13.04876,9.75871,9.50710,9.68199,9.67361,10.20114,9.53053,10.42808,9.50690,10.04236,9.55828,10.45663,10.62717,10.36303
287,12.56049,10.05259,9.76402,13.01988,9.91461,10.42724,9.46407,10.32396,9.98555,12.81053,9.66610,13.08302,12.90282,9.71397,9.91521,12.71310,9.73834,9.52872,9.63727,9.61083,10.09927,9.47535,10.22001,9.27892,9.79124,9.38268,10.19209,10.37956,10.03861
288,12.33562,10.12684,9.92751,12.86252,10.03357,10.43897,9.75194,10.40384,10.10013,12.57591,9.93132,12.96691,12.77386,9.84021,10.14959,12.59250,10.03345,9.85810,9.90230,9.93001,10.21438,9.83298,10.29733,9.44147,9.90050,9.63116,10.20137,10.41215,10.07931
289,12.42441,10.24262,10.08356,12.79626,10.19856,10.51314,10.27150,10.53522,10.26406,12.41656,10.23113,12.90216,12.76694,10.10432,10.42858,12.59509,10.37953,10.28631,10.25643,10.29291,10.40087,10.25125,10.46622,9.70088,10.09522,9.93471,10.31777,10.49188,10.20477
290,12.51288,10.31549,10.17584,12.84369,10.30260,10.57243,11.74959,10.61504,10.35996,12.50423,10.74290,12.91999,12.81167,10.26076,10.53390,12.67265,10.53296,10.48466,10.41086,10.51692,10.49157,10.51343,10.55615,9.86115,10.22099,10.08021,10.42028,10.53223,10.29529
291,12.54215,10.32701,10.20072,12.80449,10.32106,10.57898,10.47949,10.63193,10.39946,12.52107,10.53739,12.83075,12.69349,10.28977,10.54194,12.63132,10.57636,10.49836,10.41779,10.56369,10.55208,10.52161,10.61413,9.86678,10.28371,10.12065,10.44338,10.52097,10.30164
292,12.38196,10.53936,10.46254,12.77588,10.53750,10.74112,10.74382,10.81768,10.64766,12.55146,10.83285,12.75257,12.68065,10.57884,10.86743,12.49285,10.90524,10.89002,10.75780,10.90410,10.82722,10.90519,10.83277,10.16565,10.55232,10.47016,10.63014,10.68544,10.53543
293,12.51650,10.74273,10.70333,12.73148,10.75956,10.92334,11.68667,11.02411,10.89761,12.54059,11.05594,12.75000,12.79857,10.93493,11.23942,12.42572,11.30770,11.34497,11.17879,11.24079,11.11267,11.25716,11.06104,10.49523,10.83915,10.81326,10.83984,10.86214,10.75139
294,12.73821,10.87665,10.85698,12.68176,10.90899,11.06137,11.84835,11.17918,11.06239,12.62330,11.17137,12.74829,12.78988,11.16104,11.47693,12.40536,11.54505,11.56469,11.42420,11.39762,11.30793,11.41424,11.23256,10.68175,11.04082,11.00435,10.98648,10.98888,10.87407
295,12.76832,10.99555,10.99177,12.69704,11.01942,11.15520,12.70624,11.25745,11.15706,12.72883,12.38653,12.77138,12.77183,11.32242,11.54535,12.45938,11.40448,11.41854,11.52366,11.80865,11.42938,11.86070,11.29790,10.81545,11.14660,11.07156,11.08279,11.08422,10.99867
296,12.70774,10.91005,10.86655,12.71385,10.88547,11.04112,12.17144,11.09269,10.95521,12.68182,11.63554,12.75632,12.74637,11.01196,11.18938,12.52514,11.11363,11.00651,11.10813,11.13379,11.15624,11.11941,11.10223,10.59223,10.95512,10.77585,10.94614,11.00219,10.92428
297,12.59295,10.72531,10.63646,12.68047,10.67066,10.85533,10.83956,10.86879,10.69159,12.60555,10.74226,12.71431,12.64035,10.66527,10.79641,12.50579,10.76104,10.60107,10.67581,10.70893,10.82888,10.59262,10.86307,10.28942,10.69648,10.42165,10.74255,10.83727,10.74272
298,12.35219,10.36163,10.21312,12.47369,10.28555,10.52821,11.67836,10.49380,10.29439,12.42483,10.89192,12.51967,12.53306,10.16931,10.21040,12.23159,10.12594,9.94166,10.03882,10.33200,10.35738,10.26972,10.47073,9.85880,10.25182,9.93271,10.41195,10.50811,10.37794
299,12.07855,9.33658,9.06160,11.94142,9.22797,9.53955,12.06339,9.37644,9.10884,11.94951,11.78910,12.04601,12.16169,8.64842,8.75655,11.50677,10.08762,9.86238,8.48512,11.39507,8.89135,11.34812,9.29250,8.59195,9.00891,8.52370,9.40618,9.56872,9.32470
300,11.77257,8.50848,8.15474,11.46009,8.39952,8.83722,9.76572,8.60196,8.33924,11.71595,9.33791,11.66544,11.69478,7.91577,7.89291,11.04245,8.04682,7.89531,7.59421,8.65651,8.25259,8.58671,8.52168,7.67788,8.11457,7.57354,8.63086,8.83334,8.53485
301,11.28627,7.96881,7.55835,11.24923,7.84454,8.34951,8.10188,8.15063,7.75193,11.52589,7.79311,11.48983,11.34929,7.38121,7.37790,10.85965,7.13786,6.80871,7.02158,7.18311,7.78602,7.06644,8.05209,7.02465,7.66241,7.01682,8.09626,8.35670,8.00030
302,10.79054,7.48624,7.03044,11.22323,7.39035,7.94532,6.62982,7.76942,7.25399,11.07639,6.70631,11.35487,11.04297,6.95721,7.02188,10.81655,6.68334,6.24834,6.64282,6.50603,7.43248,6.23838,7.68878,6.38643,7.26768,6.46968,7.68964,7.94033,7.47454
303,9.86174,6.82580,6.32993,10.92319,6.72950,7.35708,5.91788,7.17150,6.66996,10.46584,6.08823,11.01805,10.66135,6.33829,6.56597,10.47706,6.23954,5.78322,6.10846,6.02800,6.90560,5.72833,7.07676,5.59160,6.54951,5.68053,6.99512,7.36056,6.77991
304,9.71333,6.36858,5.86466,10.52870,6.27075,6.93126,6.20424,6.79378,6.30654,9.95433,5.83201,10.70054,10.58394,5.93244,6.27472,9.97531,5.96428,5.53770,5.82061,5.74485,6.53072,5.51183,6.66154,5.14468,6.03327,5.29205,6.52773,6.94558,6.31806
305,9.62406,6.17471,5.75797,10.11232,6.10038,6.66583,5.63597,6.62333,6.13150,9.72966,5.81957,10.40566,10.02107,5.71522,6.21521,9.67526,6.03894,5.67706,5.79321,5.87242,6.33374,5.64868,6.47683,5.00455,5.89017,5.31234,6.27199,6.70596,6.07290
306,9.37969,6.45411,6.18464,9.91650,6.47023,6.78528,7.19888,6.82812,6.42915,9.82886,6.28481,10.11668,9.93228,6.15393,6.68180,9.55235,6.58033,6.41110,6.39544,6.35924,6.63073,6.26769,6.75098,5.47773,6.23921,5.91474,6.50029,6.85007,6.28868
307,9.69783,6.44478,6.20558,9.76407,6.49463,6.77473,9.08114,6.85559,6.47053,9.71768,6.96822,9.99267,9.91285,6.38888,6.80401,9.37764,6.64668,6.58270,6.61770,6.32831,6.74994,6.32714,6.82952,5.61514,6.32149,6.03548,6.54830,6.81317,6.28204
308,9.78402,6.40335,6.18366,9.55130,6.43764,6.72929,9.18505,6.80000,6.44709,9.72138,8.06819,9.85839,9.72492,6.50300,6.76833,9.20399,6.58283,6.58388,6.65925,7.01637,6.76744,7.05678,6.81725,5.66411,6.37729,6.08040,6.53481,6.72303,6.27963
309,9.64426,6.38359,6.16694,9.40648,6.39583,6.70403,9.11271,6.76576,6.42361,9.63498,8.12424,9.77105,9.53498,6.47670,6.66221,9.13093,6.52865,6.47667,6.54076,7.01348,6.73204,7.02891,6.77996,5.62249,6.37679,6.03747,6.51069,6.67628,6.29491
310,9.47567,6.30186,6.08650,9.23481,6.27618,6.61835,9.28944,6.66859,6.33626,9.62537,9.04882,9.67353,9.39934,6.34297,6.53246,9.00599,7.76504,7.62333,6.40511,8.94222,6.51994,8.92253,6.64277,5.55307,6.27324,5.92260,6.43923,6.57225,6.25438
311,9.30869,6.10935,5.87452,9.06407,6.09096,6.45154,8.90161,6.47075,6.20287,9.40668,8.48592,9.45935,9.16002,6.18462,6.38610,8.90375,7.32132,7.23518,6.31342,8.15212,6.37224,8.07517,6.47279,5.46985,6.11871,5.80822,6.32940,6.36985,6.12171
312,9.14840,6.16897,5.97756,9.03179,6.30386,6.53043,8.86712,6.56683,6.34164,9.28656,8.64292,9.34175,9.02292,6.40794,6.69579,8.97596,7.57259,7.52541,6.73713,8.37596,6.53377,8.34977,6.58502,5.69371,6.30526,6.07383,6.46582,6.41305,6.26172
313,9.01586,6.22912,6.10651,9.17697,6.46238,6.60971,7.93940,6.68265,6.53146,9.20207,7.63260,9.36542,8.98003,6.60485,6.73917,9.16185,6.94241,7.07040,6.76407,7.28601,6.73817,7.34415,6.71773,5.93010,6.47494,6.27643,6.59404,6.47513,6.35433
314,8.71264,6.22692,6.10292,9.38164,6.40585,6.59562,6.92013,6.66035,6.55206,9.02949,6.90458,9.42602,8.97402,6.48938,6.70397,9.32840,6.71815,6.72336,6.62823,6.76502,6.69653,6.79497,6.70908,5.95756,6.46220,6.22558,6.57590,6.46430,6.36256
315,8.45705,6.26170,6.15057,9.47469,6.33089,6.60624,6.68960,6.66231,6.58694,8.85448,6.73889,9.41114,9.08627,6.44916,6.71232,9.23941,6.72739,6.65863,6.58247,6.71949,6.69703,6.68453,6.70022,6.04997,6.49392,6.28020,6.53671,6.48532,6.37646
316,8.54362,6.33466,6.24219,9.44760,6.40946,6.68225,6.80408,6.76060,6.70227,8.76467,6.88055,9.40513,9.23263,6.62766,6.88167,9.23684,6.91862,6.87344,6.77747,6.90527,6.81650,6.88227,6.79090,6.22087,6.60660,6.43462,6.62927,6.55187,6.45658
317,8.66915,6.19646,6.08827,9.39447,6.35024,6.58364,8.42379,6.64723,6.54906,8.58264,7.43123,9.39468,9.30287,6.54416,6.71136,9.19712,6.71585,6.63244,6.60020,6.82019,6.68634,6.80758,6.69273,6.08777,6.48903,6.25719,6.58467,6.44786,6.30665
318,8.90939,5.95843,5.80260,9.38371,6.13504,6.41046,7.18854,6.44848,6.34409,8.60682,6.76537,9.39443,9.22387,6.35104,6.52740,9.21078,6.54180,6.42877,6.40424,6.55513,6.53036,6.49499,6.52157,5.83630,6.28018,5.98335,6.41061,6.26612,6.04834
319,8.67721,5.62164,5.39717,9.29288,5.78275,6.15366,6.38603,6.15802,6.04985,8.68789,6.38801,9.26508,9.08347,6.10940,6.32065,8.98625,6.34672,6.22465,6.18131,6.34293,6.28981,6.26654,6.21378,5.51524,5.97813,5.66351,6.13321,6.00056,5.70436
320,8.65424,5.49113,5.24119,9.12442,5.61788,6.06050,6.66147,6.06973,5.94071,8.69278,6.27405,9.21348,9.13370,6.02316,6.23637,8.87336,6.23673,6.10785,6.09374,6.19547,6.18710,6.12614,6.11377,5.42325,5.85072,5.55675,6.03075,5.90610,5.60413
321,8.60791,5.24709,4.97785,9.03227,5.28165,5.83266,5.98786,5.81560,5.67327,8.60096,5.96597,9.13557,8.86978,5.62684,5.88390,8.80374,5.89850,5.72290,5.73283,5.89088,5.86204,5.78324,5.83938,5.15691,5.56747,5.25345,5.72963,5.69105,5.34691
322,8.23724,4.98193,4.70949,8.89027,4.95691,5.54694,5.42082,5.51595,5.31496,8.44265,5.42410,8.96412,8.66363,5.13483,5.43188,8.60277,5.39823,5.18070,5.22203,5.35644,5.46427,5.21017,5.48876,4.73424,5.20208,4.84359,5.30491,5.43952,5.02677
323,8.17272,4.87894,4.60617,8.76363,4.82525,5.40820,6.80413,5.38837,5.14889,8.28711,5.35493,8.83830,8.74502,4.99003,5.29262,8.46128,5.22390,5.04031,5.07964,5.15974,5.31481,5.08194,5.33524,4.57626,5.00198,4.69891,5.12779,5.32765,4.90836
324,8.39668,4.83549,4.56346,8.75545,4.77901,5.34118,5.35493,5.33976,5.08350,8.19622,5.16433,8.84083,8.62962,4.91044,5.23905,8.50435,5.20109,5.03089,5.03165,5.13215,5.23320,5.03693,5.28438,4.51831,4.94812,4.65388,5.06030,5.26655,4.84622
325,8.10330,4.75036,4.48023,8.74837,4.73744,5.22195,5.02426,5.23968,4.96508,8.21009,5.06299,8.75270,8.51800,4.78753,5.09285,8.44041,5.07381,4.88248,4.87737,5.03506,5.12060,4.92042,5.18914,4.41482,4.85124,4.54210,4.96148,5.16008,4.74037
326,7.88103,4.62787,4.36811,8.52110,4.63070,5.04195,4.87875,5.07545,4.79750,8.02172,4.89340,8.54163,8.41469,4.62431,4.91682,8.07047,4.88194,4.68510,4.68940,4.84844,4.96830,4.73001,5.03431,4.28908,4.70905,4.40198,4.78525,5.01320,4.60614
327,8.01949,4.61862,4.36212,8.28250,4.60926,4.99813,7.12564,5.04673,4.75410,7.85510,5.12685,8.38864,8.45012,4.66464,4.95080,7.85991,4.88120,4.74267,4.75329,4.81263,4.96991,4.77544,5.00603,4.28114,4.65585,4.40641,4.75926,4.97656,4.59607
328,8.24106,4.57530,4.31336,8.25521,4.56231,4.95118,5.56653,5.01978,4.71818,7.91152,4.88087,8.38414,8.29020,4.64535,4.95210,7.88179,4.90671,4.76519,4.75154,4.83438,4.94762,4.77382,4.99013,4.24305,4.63104,4.37732,4.72772,4.92598,4.55181
329,8.15083,4.52635,4.24696,8.28305,4.50163,4.91086,7.36690,4.98608,4.67659,7.95527,5.80961,8.37441,8.30964,4.63042,4.90525,7.88158,4.83704,4.73881,4.73120,4.85430,4.90183,4.85446,4.94792,4.19050,4.58578,4.33250,4.68773,4.87454,4.51291
330,8.16196,4.48728,4.20380,8.26927,4.45258,4.87237,6.46173,4.96054,4.65272,8.00237,5.03950,8.32329,8.31794,4.61887,4.90332,7.85414,4.85563,4.74808,4.73628,4.80531,4.88275,4.78370,4.94326,4.17324,4.58160,4.32868,4.65108,4.83177,4.47911
331,8.04847,4.40733,4.10851,8.10821,4.35988,4.79205,4.91195,4.88768,4.57090,7.95920,4.74845,8.20722,8.13628,4.50450,4.79891,7.58916,4.77719,4.61210,4.60925,4.71794,4.81386,4.63633,4.88550,4.04048,4.50428,4.21122,4.56585,4.75480,4.40167
332,7.96809,4.40984,4.09707,8.02108,4.35173,4.78297,5.55438,4.89207,4.56843,7.89388,4.73214,8.15801,8.14512,4.51736,4.82828,7.49373,4.79279,4.64820,4.64381,4.71702,4.82760,4.66183,4.88601,4.03055,4.48675,4.20866,4.55400,4.74978,4.40836
333,8.02000,4.36301,4.04049,8.15799,4.28719,4.71952,6.48135,4.81446,4.48170,7.90495,5.09002,8.22956,8.16385,4.42330,4.69888,7.77051,4.65536,4.51875,4.51793,4.65179,4.70887,4.62137,4.77319,3.96494,4.40373,4.11732,4.49079,4.69310,4.35605
334,7.97203,4.12977,3.77514,8.16679,3.99957,4.45306,8.03326,4.45694,4.08596,7.84986,7.48408,8.15749,8.16815,3.97145,4.08904,7.89275,4.61980,4.51279,3.87239,6.62261,4.20263,6.63996,4.33531,3.55930,4.06836,3.70089,4.19821,4.45496,4.11026
335,7.85189,3.64186,3.23363,7.93843,3.47642,4.03377,5.75974,3.98777,3.65338,7.72770,5.00409,7.93319,7.92231,3.45905,3.52991,7.69703,3.52567,3.32901,3.30538,4.14222,3.72389,4.05978,3.90018,3.04631,3.57697,3.10384,3.79635,4.00082,3.64677
336,7.13978,3.13718,2.71769,7.52348,2.88972,3.57349,2.89430,3.51452,3.19236,7.54594,2.97237,7.61890,7.32972,2.93233,3.11144,6.94702,2.93988,2.68168,2.85240,2.83868,3.30059,2.66834,3.42654,2.53173,2.99570,2.54058,3.30452,3.51021,3.17955
337,6.42134,2.77511,2.36371,6.98711,2.49520,3.19871,2.91442,3.15077,2.76752,7.03563,2.63007,7.26069,7.08982,2.47567,2.72399,6.38925,2.54638,2.23449,2.41106,2.44422,2.91831,2.27116,3.04100,2.12254,2.55501,2.13827,2.88412,3.16047,2.78763
338,6.28219,2.28270,1.82768,6.79586,1.99655,2.75449,1.85037,2.70007,2.26813,6.44925,1.87749,7.07978,6.65502,1.87704,2.16798,6.33845,1.94404,1.53275,1.78230,1.77906,2.40273,1.51556,2.60488,1.51856,2.07935,1.53589,2.38066,2.72482,2.25208
339,5.59743,1.94180,1.50204,6.42012,1.67201,2.33579,1.58814,2.34429,1.87347,6.23374,1.59696,6.61699,6.26850,1.56989,1.94447,5.86735,1.75331,1.40472,1.53253,1.60684,2.12572,1.38952,2.23741,1.13219,1.68875,1.21350,1.90699,2.36908,1.90909
340,5.66630,1.55755,1.08886,5.97541,1.27582,1.94859,3.37781,1.96513,1.46612,6.00042,1.49230,6.31151,6.18443,1.19109,1.51682,5.49514,1.30339,0.97999,1.12905,1.19749,1.71902,1.06764,1.85495,0.76801,1.27244,0.84024,1.52790,1.98030,1.53033
341,5.52183,0.82929,0.37045,5.73307,0.57608,1.35668,0.90052,1.35307,0.78297,5.64037,0.61848,6.16967,5.70572,0.44080,0.81921,5.23377,0.58758,0.15725,0.34650,0.39497,1.07329,0.16171,1.25678,0.03837,0.57256,0.09039,0.88615,1.34711,0.76966
342,5.20043,0.31769,0.08635,5.54292,0.22663,0.91266,0.16229,0.92124,0.40039,5.41949,0.18702,6.00924,5.44691,0.08027,0.37892,4.97027,0.14135,-0.00422,0.05429,0.01312,0.60768,-0.00547,0.81487,-0.00575,0.17281,-0.00548,0.43182,0.87072,0.36430
343,4.51310,0.03310,0.00089,5.01205,0.03179,0.31156,-0.00165,0.33251,0.06391,5.14548,0.10769,5.54846,4.91767,-0.00360,0.02465,4.55961,-0.00440,-0.00564,-0.00549,-0.00561,0.12463,-0.00563,0.23163,-0.00575,0.01161,-0.00568,0.06303,0.32295,0.08648
344,3.93077,-0.00553,-0.00555,4.73324,-0.00557,-0.00492,1.45132,-0.00313,-0.00561,4.61853,0.35890,5.25327,4.63278,-0.00569,-0.00562,4.25769,-0.00562,-0.00566,-0.00568,0.00404,-0.00561,0.00597,-0.00559,-0.00575,-0.00564,-0.00568,-0.00558,-0.00207,-0.00526
345,4.23571,-0.00556,-0.00556,4.83282,-0.00557,-0.00558,4.47852,-0.00559,-0.00562,4.08996,3.74655,5.22609,4.95950,-0.00569,-0.00595,4.17142,0.28764,0.27778,-0.00600,2.53163,-0.00563,2.55663,-0.00561,-0.00575,-0.00565,-0.00569,-0.00558,-0.00557,-0.00555
346,4.63141,-0.00049,-0.00094,4.32856,-0.00105,-0.00019,2.54769,0.00059,-0.00047,4.11218,1.38294,4.80330,4.67950,-0.00065,-0.00212,3.68322,0.00568,0.01240,-0.00025,0.36582,-0.00206,0.41224,0.00030,-0.00549,-0.00081,-0.00132,-0.00082,-0.00066,0.00132
347,4.45230,0.00902,0.00906,4.05666,0.00749,0.00878,0.63594,0.01061,0.00802,4.25753,0.20483,4.57431,4.29476,0.00680,0.00322,3.49479,0.00489,0.01004,0.01033,-0.00137,0.00280,0.00668,0.00902,-0.00072,0.00609,0.00841,0.00734,0.00792,0.01284
348,3.85384,0.04139,0.04743,3.90196,0.03862,0.03298,0.00377,0.03645,0.04003,4.11844,0.05828,4.45093,3.85517,0.03424,0.00269,3.23885,0.01211,0.04948,0.04037,0.00791,0.00341,0.03309,0.03123,-0.00574,0.03382,0.03814,0.03483,0.03161,0.04636
349,3.01060,0.06844,0.07702,3.43428,0.06183,0.05212,-0.00344,0.05845,0.06517,3.52668,0.01475,3.95727,3.42856,0.04771,-0.00230,2.75507,0.00318,0.04398,0.03892,0.00437,0.00101,0.02650,0.03969,-0.00574,0.05303,0.05111,0.05551,0.05120,0.07344
350,2.77731,0.07939,0.08597,2.89059,0.06983,0.05823,-0.00335,0.06642,0.07333,2.95607,-0.00265,3.36625,3.06396,0.04811,0.00433,2.44381,0.00468,0.03223,0.03175,0.00443,0.01261,0.01902,0.04276,-0.00521,0.05743,0.04959,0.06170,0.05950,0.08579
351,2.56884,0.09824,0.10438,2.56827,0.08394,0.07082,-0.00237,0.07985,0.08896,2.24196,-0.00696,2.99585,2.68092,0.05013,0.00043,2.10937,0.00437,0.03652,0.04084,0.00447,0.00463,0.02501,0.04937,-0.00574,0.06719,0.05631,0.07381,0.07307,0.10626
352,2.26733,0.12016,0.12655,2.24663,0.10001,0.08675,0.66765,0.09375,0.10715,1.63956,-0.00675,2.70532,2.38812,0.05535,0.00038,1.84685,0.00532,0.03864,0.04734,0.00554,0.00213,0.02269,0.04351,-0.00574,0.07835,0.06484,0.08749,0.08769,0.12739
353,2.10732,0.13418,0.14074,2.03033,0.11126,0.09796,1.73864,0.09732,0.11678,1.62140,0.60745,2.57183,2.14383,0.05810,0.00062,1.72084,0.00576,0.03604,0.04570,0.02642,0.00183,0.02361,0.03659,-0.00575,0.08563,0.06759,0.09637,0.09737,0.14068
354,1.96978,0.14670,0.15462,2.01186,0.12253,0.10806,0.68099,0.10575,0.12517,1.65578,0.11616,2.51238,1.98202,0.06633,0.00201,1.65801,0.01024,0.05038,0.05587,0.00887,0.00456,0.02874,0.04384,-0.00574,0.09739,0.07168,0.10636,0.10673,0.15360
355,1.69287,0.16827,0.17858,1.93697,0.14101,0.12279,-0.01053,0.12363,0.14208,1.56780,-0.00484,2.41730,1.84321,0.07939,0.00372,1.45842,0.01599,0.07031,0.07000,0.01159,0.00772,0.04145,0.06258,-0.00574,0.11250,0.08259,0.12288,0.12141,0.17498
356,1.38994,0.19863,0.21152,1.87022,0.16595,0.14289,-0.00544,0.14637,0.16659,1.28952,-0.00035,2.28433,1.81204,0.09732,0.00694,1.14316,0.02306,0.09361,0.09169,0.01901,0.01130,0.05700,0.08233,-0.00573,0.13095,0.09768,0.14499,0.14226,0.20570
357,1.18242,0.22645,0.23902,1.56271,0.18707,0.16002,-0.00510,0.16779,0.18814,0.94863,0.00178,2.04372,1.68210,0.10563,0.00708,0.76978,0.02519,0.10121,0.10030,0.02536,0.01808,0.06026,0.10792,-0.00574,0.15118,0.10870,0.16362,0.16140,0.23332
358,1.04173,0.24159,0.24624,0.93363,0.19351,0.16658,0.18109,0.17794,0.19693,0.83549,0.00387,1.52295,1.22589,0.10209,0.00749,0.61082,0.02100,0.07707,0.08342,0.01971,0.03531,0.03720,0.12210,0.01649,0.15707,0.10606,0.16681,0.17140,0.24650
359,1.08033,0.25360,0.25853,0.97209,0.20591,0.17238,0.31374,0.18025,0.19853,0.45912,0.06981,1.29443,1.03723,0.09959,0.02494,0.64766,0.03293,0.07112,0.07801,0.03909,0.05698,0.05126,0.13229,0.24332,0.15321,0.15528,0.17178,0.18103,0.25930
360,1.04205,0.26724,0.27620,1.16391,0.22076,0.18022,0.35164,0.18521,0.20421,0.41225,0.10312,1.41886,1.11197,0.10805,0.04299,0.87914,0.04088,0.07137,0.07896,0.05165,0.08005,0.06927,0.14789,0.54478,0.16081,0.25410,0.18166,0.19167,0.27442
361,1.02731,0.28015,0.29352,1.43123,0.23461,0.18920,0.38688,0.19203,0.21360,0.49037,0.14609,1.63261,1.26491,0.13041,0.06195,1.34698,0.05178,0.07843,0.08743,0.06375,0.10072,0.07972,0.16236,0.82660,0.18207,0.37609,0.19347,0.20203,0.28734
362,1.09609,0.30501,0.32585,1.74882,0.26018,0.20868,1.22590,0.20505,0.24501,0.89955,0.91629,1.92904,1.49141,0.13720,0.08513,1.83015,0.17256,0.17753,0.10691,0.58066,0.10975,0.59415,0.16933,0.74068,0.21858,0.46731,0.21572,0.22084,0.31063
363,1.31704,0.32766,0.35367,1.97073,0.28148,0.22776,0.78858,0.22139,0.27034,1.08690,0.53803,2.04313,1.65382,0.19662,0.11043,2.01022,0.14518,0.15741,0.13090,0.32498,0.13787,0.32971,0.18448,0.35055,0.26725,0.44429,0.23819,0.23856,0.33134
364,1.40666,0.35020,0.37745,2.19637,0.30268,0.24215,0.12902,0.23899,0.28782,1.22433,0.12518,2.12139,1.78889,0.26561,0.14178,2.04390,0.11330,0.12690,0.16361,0.09885,0.17988,0.10405,0.20879,0.18960,0.29359,0.37884,0.25709,0.25580,0.35304
365,1.43001,0.37715,0.40648,2.32223,0.32925,0.25992,0.21712,0.25890,0.31029,1.12831,0.18584,2.24243,2.00839,0.29336,0.17406,2.16204,0.13867,0.15226,0.20428,0.12184,0.21054,0.13008,0.23330,0.25948,0.31457,0.34817,0.27845,0.27719,0.37924
366,1.46842,0.39512,0.42825,2.55726,0.34721,0.27028,0.23248,0.26786,0.32125,1.35372,0.20072,2.43310,2.20433,0.30179,0.18519,2.41976,0.14601,0.15647,0.21730,0.12497,0.22624,0.13108,0.24814,0.63687,0.33118,0.44419,0.29164,0.29102,0.39538
367,1.67798,0.41363,0.44885,2.75226,0.36534,0.28357,1.35638,0.27970,0.34730,1.73009,0.38391,2.63495,2.49525,0.33104,0.19781,2.58080,0.15730,0.17089,0.22972,0.15860,0.24321,0.16837,0.26498,0.81397,0.38317,0.57127,0.30732,0.30578,0.41301
368,2.03495,0.41981,0.46180,2.89069,0.37695,0.29114,2.52802,0.28417,0.37572,1.80810,1.78536,2.77640,2.74160,0.36293,0.19275,2.69251,0.17012,0.18697,0.22559,0.54583,0.25023,0.62445,0.28097,0.98217,0.45042,0.69736,0.31953,0.31337,0.42527
369,2.44364,0.43288,0.48564,2.97768,0.39812,0.32035,2.66410,0.32753,0.41547,2.06127,2.23829,2.97743,2.92868,0.42152,0.24140,2.85011,0.39682,0.33578,0.23719,1.49647,0.30930,1.44642,0.34329,1.23994,0.52911,0.87652,0.33974,0.33593,0.47351
370,2.81311,0.45502,0.51233,3.14093,0.41862,0.36417,2.71018,0.37880,0.42571,2.45379,2.14327,3.11700,3.06731,0.60582,0.33733,2.99276,0.53664,0.33135,0.31337,1.34594,0.40945,1.17512,0.41541,1.17311,0.54847,0.94772,0.35826,0.37509,0.49578
371,2.89508,0.46700,0.52892,3.24740,0.42973,0.34135,1.10667,0.33790,0.41196,2.78786,0.70290,2.92512,3.00984,0.63075,0.28679,3.10795,0.26852,0.24337,0.44668,0.40102,0.35360,0.28808,0.34702,0.78659,0.49603,0.84197,0.36568,0.37162,0.41699
372,2.43137,0.46289,0.53640,2.98052,0.42878,0.27596,0.07103,0.23574,0.40690,2.65825,0.10528,2.73468,2.45212,0.46456,0.06160,3.00349,-0.00312,0.10471,0.38015,0.00155,0.17717,-0.00499,0.25667,0.19234,0.44906,0.58694,0.37153,0.30873,0.21710
373,1.78512,0.41775,0.50220,2.89582,0.40527,0.25290,-0.00779,0.17583,0.38559,2.19364,0.03606,3.28751,2.28515,0.31905,0.02447,3.61739,-0.00449,0.07462,0.24728,-0.00539,0.14990,-0.00578,0.14493,-0.00565,0.39961,0.35584,0.37560,0.26848,0.12807
374,1.70311,0.35501,0.43178,3.47771,0.36735,0.24509,0.00357,0.13918,0.35797,1.95858,0.03098,3.53999,2.54315,0.25039,0.04529,4.37717,0.01610,0.08773,0.18268,0.01074,0.10235,0.01935,0.09937,-0.00228,0.34046,0.23416,0.36096,0.24952,0.11818
375,2.00296,0.31891,0.38666,4.13334,0.34281,0.24621,1.44180,0.14542,0.33507,1.95628,0.57102,3.48443,3.20708,0.21572,0.08006,3.99583,0.04452,0.10008,0.16015,0.12977,0.10848,0.15892,0.12867,-0.00568,0.28775,0.15993,0.33658,0.24767,0.12498
376,2.58159,0.31630,0.39221,3.97132,0.34314,0.24131,3.16598,0.16222,0.32475,2.10808,2.60084,3.89214,3.70183,0.18108,0.07157,3.67163,0.43161,0.40753,0.11713,2.01989,0.11020,2.02543,0.14174,-0.00571,0.23993,0.12012,0.33528,0.25711,0.14441
377,3.05729,0.33065,0.40755,3.89321,0.34283,0.26198,1.21572,0.17710,0.32794,2.25959,0.73096,4.04166,3.76080,0.17298,0.11074,3.51802,0.12952,0.15067,0.15429,0.38094,0.15082,0.39675,0.17039,-0.00573,0.25277,0.11031,0.34614,0.27019,0.16362
378,2.96335,0.35514,0.43008,3.57791,0.35455,0.28647,-0.00468,0.19565,0.33666,2.54442,0.03182,2.93607,3.24503,0.18805,0.15712,3.44141,0.12887,0.15133,0.17763,0.09967,0.19483,0.10612,0.19246,-0.00573,0.26789,0.10985,0.36355,0.28739,0.18696
379,2.20442,0.38265,0.45324,2.84180,0.37309,0.30871,0.00184,0.21706,0.34936,2.58048,0.04346,2.09571,2.17975,0.20408,0.18801,2.97940,0.15540,0.16153,0.18696,0.12022,0.21867,0.11962,0.20883,-0.00573,0.27490,0.10914,0.38253,0.30647,0.21620
380,1.32819,0.40803,0.46925,2.35752,0.38871,0.32512,-0.00269,0.23622,0.35678,1.98749,0.03363,1.58683,1.86776,0.20638,0.20342,1.73626,0.16970,0.16268,0.19571,0.12446,0.22809,0.11822,0.22281,-0.00567,0.27103,0.10143,0.39206,0.32303,0.24362
381,1.22603,0.43222,0.48772,1.89318,0.40805,0.34080,0.02005,0.25667,0.36492,1.45615,0.06630,1.37931,1.89184,0.20248,0.21772,0.76258,0.18718,0.17907,0.21054,0.14864,0.23634,0.13920,0.24558,-0.00573,0.26477,0.09422,0.40351,0.34085,0.26982
382,1.21823,0.45543,0.50318,1.40374,0.41806,0.35831,-0.00329,0.27366,0.37225,1.05565,0.03295,1.12360,1.51744,0.20198,0.23296,0.89316,0.20539,0.19607,0.22808,0.15439,0.24886,0.15354,0.27065,-0.00573,0.26241,0.09119,0.41775,0.35826,0.28922
383,1.02795,0.47868,0.52317,1.00228,0.42846,0.37623,-0.00021,0.29070,0.38251,0.93228,0.05903,0.94055,1.00959,0.20394,0.25243,0.92810,0.22988,0.22394,0.25201,0.17285,0.26720,0.17553,0.29698,-0.00573,0.26288,0.09464,0.43368,0.37657,0.30763
384,0.70167,0.51089,0.55555,0.71007,0.45071,0.40177,0.01636,0.31624,0.40377,0.69577,0.08907,0.81179,0.75272,0.20467,0.25550,0.61410,0.23426,0.23061,0.24805,0.18710,0.28773,0.17854,0.31427,-0.00573,0.28259,0.10561,0.45665,0.39883,0.33656
385,0.38970,0.54726,0.59031,0.46283,0.47783,0.42809,-0.00302,0.34464,0.42503,0.33036,0.06384,0.64230,0.60881,0.22122,0.26847,0.25810,0.24063,0.23700,0.25200,0.18612,0.31553,0.18294,0.32876,-0.00572,0.29950,0.11471,0.48295,0.42291,0.37071
386,0.32282,0.58151,0.62316,0.32406,0.50070,0.45140,0.00547,0.36824,0.44276,0.13044,0.08368,0.54694,0.54551,0.23374,0.29376,-0.03152,0.26199,0.26052,0.27622,0.20334,0.33753,0.20601,0.35063,-0.00573,0.30557,0.11997,0.50598,0.44606,0.39914
387,0.27988,0.61640,0.65215,0.38329,0.51765,0.47594,0.02157,0.39255,0.46311,0.08029,0.10256,0.57056,0.54375,0.23489,0.29891,-0.08336,0.25939,0.24637,0.26575,0.20556,0.34809,0.19445,0.36093,-0.00573,0.32841,0.12465,0.52455,0.46726,0.42422
388,0.29692,0.65692,0.68637,0.53141,0.54469,0.50439,0.01828,0.42488,0.48765,0.05351,0.10470,0.68547,0.65952,0.25943,0.31972,0.00855,0.27596,0.25966,0.27980,0.21771,0.37041,0.20561,0.37915,-0.00572,0.34994,0.13473,0.55092,0.49401,0.46156
389,0.44650,0.71267,0.74239,0.57314,0.59395,0.54397,0.00935,0.47146,0.52775,0.16215,0.10214,0.73214,0.76125,0.30386,0.37059,0.03894,0.32746,0.32174,0.33839,0.26489,0.40994,0.25328,0.41689,0.00922,0.37388,0.16436,0.59318,0.53479,0.51966
390,0.51509,0.76828,0.80241,0.51167,0.64732,0.58626,0.04694,0.51858,0.57128,0.24367,0.15096,0.72106,0.74932,0.34004,0.42622,-0.03232,0.38746,0.39427,0.40456,0.32003,0.44969,0.31778,0.46113,-0.00403,0.40080,0.18849,0.63638,0.57797,0.57680
391,0.50474,0.81849,0.84740,0.25929,0.68853,0.61852,0.15595,0.55887,0.60688,0.31417,0.20125,0.57327,0.54939,0.33862,0.41231,-0.20966,0.37100,0.35576,0.38090,0.30920,0.45289,0.29165,0.49019,-0.00572,0.43266,0.18909,0.66519,0.61219,0.62826
392,0.17255,0.85823,0.86210,-0.23076,0.71580,0.63318,0.04025,0.58643,0.62579,0.04024,0.12980,0.09228,0.00902,0.33392,0.38295,-0.41897,0.32459,0.29218,0.33500,0.25460,0.44634,0.22429,0.51212,-0.00573,0.45166,0.17766,0.67517,0.63717,0.67106
393,-0.18005,0.88539,0.85753,-0.41992,0.73134,0.63952,0.04350,0.60297,0.63217,-0.28636,0.11985,-0.23526,-0.34592,0.33058,0.36908,-0.41700,0.29928,0.25959,0.31263,0.22957,0.44612,0.19575,0.53318,-0.00573,0.45192,0.16159,0.67624,0.65650,0.70395
394,-0.27371,0.91104,0.86246,-0.35498,0.75128,0.65022,0.14498,0.61908,0.63617,-0.32490,0.16512,-0.24779,-0.38415,0.33171,0.37352,-0.27325,0.30069,0.26605,0.31853,0.23948,0.45791,0.21264,0.55758,0.03336,0.43968,0.15917,0.68386,0.67830,0.73855
395,-0.27609,0.92786,0.87050,-0.20491,0.76466,0.65802,0.17047,0.62715,0.62628,-0.23365,0.19418,-0.18092,-0.30791,0.31827,0.37650,-0.20014,0.30154,0.27321,0.32665,0.24114,0.46103,0.22357,0.56402,0.13360,0.41178,0.17903,0.68436,0.69243,0.75764
396,-0.17450,0.92671,0.87447,-0.07460,0.76744,0.65242,-0.13482,0.60846,0.57647,-0.05683,0.00519,-0.04047,-0.15167,0.29701,0.28303,-0.03771,0.18090,0.17721,0.26145,0.06621,0.39365,0.06984,0.52057,0.44206,0.35430,0.25656,0.67336,0.69141,0.75836
397,-0.09609,0.94759,0.91865,0.03526,0.79318,0.67541,-0.13847,0.61843,0.57966,0.10241,-0.08529,0.08126,-0.05237,0.32277,0.27853,0.09346,0.18445,0.19750,0.28145,0.02583,0.38165,0.03486,0.51219,0.53670,0.37057,0.38947,0.69875,0.71119,0.78820
398,-0.07752,0.98943,0.97522,0.11287,0.83340,0.71800,-0.03684,0.66137,0.63258,0.04272,0.08969,0.12748,0.01669,0.38644,0.35764,0.14030,0.28148,0.30359,0.35996,0.20326,0.43342,0.20813,0.55465,0.54412,0.42970,0.48546,0.74712,0.74718,0.83961
399,-0.03064,1.02459,1.02221,0.13565,0.86634,0.74960,-0.02810,0.68018,0.65947,-0.05324,0.06788,0.14230,0.07708,0.43908,0.39503,0.13232,0.31126,0.33551,0.41040,0.21885,0.46022,0.21542,0.55682,0.36121,0.47116,0.49226,0.78740,0.77659,0.88215
400,0.02011,1.06988,1.07448,0.11575,0.89972,0.79194,0.18845,0.72356,0.70200,-0.04978,0.22001,0.13184,0.09360,0.45921,0.43416,0.11842,0.37118,0.38645,0.44027,0.30420,0.49208,0.30503,0.59745,0.16535,0.51129,0.41362,0.83484,0.81315,0.92973
401,0.10381,1.11624,1.11959,0.17267,0.93616,0.82611,0.27439,0.75528,0.72125,0.09208,0.26873,0.20286,0.13754,0.45067,0.44602,0.20288,0.38318,0.39054,0.44905,0.32383,0.51686,0.32234,0.63151,0.26134,0.52101,0.38255,0.87076,0.84674,0.97458
402,0.19766,1.16975,1.17249,0.25744,0.98131,0.86373,0.26117,0.78761,0.74758,0.26979,0.29656,0.29406,0.20444,0.46190,0.46160,0.27988,0.38816,0.39840,0.46629,0.32754,0.54282,0.33160,0.66417,0.39638,0.53791,0.43789,0.91145,0.88726,1.02843
403,0.19388,1.22396,1.22666,0.27233,1.02641,0.90864,0.26065,0.82953,0.78952,0.30603,0.27767,0.31573,0.22128,0.49067,0.50719,0.26206,0.44378,0.45779,0.51084,0.36500,0.58383,0.36613,0.70377,0.21427,0.56691,0.42701,0.96047,0.93005,1.08263
404,0.18862,1.26693,1.27334,0.29505,1.06980,0.94194,0.21597,0.84632,0.80805,0.24383,0.23321,0.33158,0.25633,0.52527,0.55208,0.25491,0.47255,0.49540,0.57379,0.35864,0.61360,0.35147,0.71130,0.12524,0.55922,0.37965,1.00506,0.96697,1.13126
405,0.23436,1.30387,1.31976,0.30412,1.10457,0.97824,0.24778,0.86980,0.83968,0.21143,0.27429,0.33953,0.28989,0.51080,0.57867,0.25691,0.50039,0.53023,0.60269,0.39150,0.62289,0.39040,0.72378,0.09785,0.57360,0.34993,1.04948,1.00480,1.18217
406,0.28321,1.35162,1.36106,0.31767,1.14345,1.02349,0.38114,0.92285,0.87742,0.24730,0.38224,0.35373,0.31663,0.48805,0.59226,0.27381,0.54092,0.56829,0.59494,0.46686,0.63964,0.47322,0.77454,0.12207,0.60010,0.33322,1.09421,1.04547,1.23953
407,0.29469,1.41356,1.41356,0.31188,1.19450,1.07127,0.40845,0.98125,0.92248,0.26466,0.39226,0.34237,0.31614,0.48292,0.59046,0.27084,0.53880,0.55097,0.56343,0.47298,0.67949,0.47283,0.82895,0.07832,0.63221,0.32628,1.14559,1.09381,1.30935
408,0.27985,1.47973,1.47213,0.27423,1.25780,1.11633,0.38275,1.04166,0.97171,0.24773,0.36935,0.31071,0.28913,0.49810,0.60115,0.23843,0.52368,0.51628,0.53348,0.45438,0.73387,0.44602,0.88849,0.06760,0.67387,0.32402,1.20255,1.14760,1.38513
409,0.25614,1.53626,1.51819,0.23063,1.31189,1.15253,0.38366,1.09079,1.01252,0.22198,0.36028,0.27283,0.25965,0.50799,0.62543,0.19980,0.52120,0.49083,0.52687,0.44447,0.77663,0.42688,0.93978,0.08247,0.69975,0.31903,1.25104,1.19571,1.45208
410,0.28908,1.58036,1.54839,0.23182,1.35981,1.17979,0.39243,1.12996,1.04629,0.26080,0.35943,0.26141,0.26344,0.52129,0.64501,0.17812,0.52353,0.46861,0.52121,0.43692,0.81100,0.40965,0.98806,0.18149,0.72089,0.33635,1.29117,1.23879,1.51117
411,0.29718,1.63023,1.58371,0.22760,1.41319,1.21168,0.37931,1.16912,1.08304,0.28131,0.35481,0.26240,0.25569,0.54737,0.66966,0.13231,0.53541,0.46265,0.52792,0.43831,0.84978,0.40019,1.03841,0.20515,0.74379,0.35892,1.33543,1.28798,1.58085
412,0.27536,1.69659,1.63937,0.22314,1.48279,1.25793,0.37027,1.21842,1.13110,0.28050,0.36032,0.26258,0.24404,0.58669,0.71355,0.12872,0.56856,0.48818,0.56554,0.46082,0.90192,0.41764,1.09621,0.11714,0.77532,0.37200,1.39423,1.34943,1.66641
413,0.24362,1.75829,1.69102,0.21040,1.54624,1.29989,0.37955,1.25853,1.16441,0.25201,0.36665,0.25232,0.22976,0.60309,0.73202,0.13119,0.58450,0.49279,0.58351,0.47063,0.94011,0.42017,1.14253,0.01800,0.79396,0.33624,1.44788,1.40576,1.74471
414,0.21552,1.79476,1.71348,0.17282,1.57501,1.32027,0.33402,1.27186,1.15044,0.21044,0.33725,0.22636,0.20301,0.58723,0.71574,0.08767,0.56116,0.46767,0.57718,0.44203,0.94294,0.39151,1.15747,-0.00271,0.76148,0.26898,1.47137,1.43807,1.79034
415,0.19812,1.82043,1.73472,0.12977,1.59391,1.32974,0.17370,1.25908,1.08623,0.21588,0.24722,0.22667,0.17374,0.58892,0.64220,0.06592,0.46215,0.43001,0.58291,0.35413,0.86582,0.34599,1.10243,0.04733,0.66364,0.24984,1.47768,1.45060,1.80712
416,0.06476,1.86816,1.78319,0.06904,1.61792,1.37730,0.07106,1.28727,1.13620,0.06719,0.21046,0.14322,0.08429,0.58324,0.62066,-0.01225,0.54523,0.53521,0.65742,0.41531,0.85240,0.41949,1.08585,0.00238,0.67909,0.28444,1.52589,1.48658,1.84305
417,-0.10895,1.95110,1.86183,-0.04828,1.66577,1.45275,0.27309,1.35934,1.23120,-0.14233,0.35993,-0.00251,-0.03344,0.59112,0.60691,-0.13228,0.61275,0.64923,0.68531,0.53452,0.92270,0.52025,1.16469,0.03058,0.78735,0.33834,1.59503,1.54979,1.90646
418,-0.12525,2.03375,1.94066,-0.10748,1.73524,1.51321,0.43293,1.42886,1.31015,-0.20714,0.41208,-0.06713,-0.06337,0.63633,0.72465,-0.17955,0.55895,0.61932,0.66319,0.49806,0.99511,0.52111,1.23841,0.04283,0.88445,0.37146,1.66339,1.61716,1.99196
419,-0.11330,2.12146,2.02269,-0.14789,1.82171,1.57825,0.39479,1.50123,1.38925,-0.23482,0.40188,-0.10201,-0.09488,0.71609,0.78971,-0.22974,0.64021,0.62876,0.68807,0.53069,1.09298,0.52428,1.31703,0.14638,0.96845,0.42593,1.74103,1.69521,2.08956
420,-0.01786,2.22792,2.13190,-0.06467,1.93616,1.66346,0.52665,1.59237,1.49517,-0.13311,0.50218,-0.04451,-0.03539,0.82490,0.94219,-0.13190,0.73718,0.71829,0.79604,0.61697,1.20452,0.60756,1.42054,0.31893,1.06547,0.54297,1.84152,1.79001,2.20338
421,0.00666,2.31919,2.21995,-0.06337,2.02842,1.73542,0.53405,1.66984,1.57570,-0.09891,0.53463,-0.02805,-0.02444,0.89099,0.95791,-0.14810,0.82306,0.78024,0.86662,0.67771,1.27947,0.65337,1.49727,0.20769,1.11476,0.57450,1.92028,1.86825,2.29509
422,0.05607,2.38175,2.27454,-0.00916,2.08946,1.78391,0.61608,1.71992,1.61502,-0.02672,0.58156,0.02327,0.01502,0.89973,1.03345,-0.11910,0.81741,0.80859,0.90422,0.71299,1.31268,0.68231,1.54327,0.31968,1.11231,0.57433,1.97022,1.92126,2.35275
423,0.13083,2.46409,2.35328,0.07276,2.16640,1.85025,0.66970,1.78948,1.68204,0.07405,0.62776,0.08225,0.09786,0.93524,1.14145,-0.05605,0.90218,0.87053,0.98237,0.73704,1.35591,0.73079,1.61035,0.42643,1.15227,0.63726,2.04304,1.99214,2.44215
424,0.18598,2.57389,2.46971,0.09649,2.26418,1.93673,0.64507,1.87804,1.76421,0.14636,0.69389,0.11299,0.14895,1.02628,1.18797,-0.03135,1.00842,0.99265,1.11484,0.84171,1.39899,0.83362,1.69221,0.44235,1.20156,0.72302,2.13647,2.07677,2.55126
425,0.22662,2.69232,2.60816,0.07801,2.37348,2.01610,0.22146,1.92491,1.77057,0.19835,0.48402,0.15439,0.15495,1.14372,1.13512,0.05330,0.87855,0.95099,1.17093,0.66941,1.33937,0.66389,1.68571,0.62326,1.18821,0.83424,2.22009,2.15293,2.65277
426,0.21477,2.78561,2.72443,0.15704,2.45392,2.08752,0.20560,1.93901,1.78784,0.24017,0.26722,0.19393,0.16575,1.21274,0.96813,0.13968,0.66905,0.80854,1.15238,0.36362,1.27836,0.37042,1.59404,0.79167,1.21253,0.96867,2.30045,2.22094,2.74233
427,0.22704,2.87609,2.83218,0.22497,2.52083,2.15332,0.24071,1.96434,1.80619,0.26082,0.31448,0.22592,0.21498,1.17353,0.95737,0.22706,0.69497,0.82869,1.04126,0.40880,1.24446,0.41272,1.58881,0.92134,1.25325,1.06096,2.35223,2.28564,2.82972
428,0.18752,3.00364,2.97149,0.21115,2.61785,2.25187,0.33383,2.03667,1.91318,0.19158,0.40797,0.20626,0.20286,1.20036,0.84043,0.20399,0.62542,0.85129,1.00382,0.50844,1.28731,0.57462,1.64080,0.68283,1.36665,1.10907,2.44985,2.38487,2.95917
429,0.30464,3.15956,3.13878,0.29810,2.77071,2.35879,0.66044,2.18391,2.09687,0.27589,0.65362,0.28213,0.29788,1.29761,1.36969,0.30810,1.13707,0.98355,1.21992,0.79263,1.46992,0.77046,1.83161,0.98832,1.54984,1.22951,2.58421,2.51290,3.13803
430,0.45390,3.30888,3.29793,0.40356,2.94104,2.46283,0.91147,2.32221,2.27503,0.39452,0.93955,0.35346,0.40503,1.43692,1.57948,0.42074,1.57834,1.24790,1.39210,1.25714,1.65943,1.05072,2.01529,1.40404,1.72482,1.45389,2.72166,2.65177,3.32669
431,0.49094,3.47178,3.46403,0.41212,3.10514,2.58845,1.07818,2.46917,2.43168,0.44099,1.12619,0.36564,0.42424,1.60398,1.47795,0.41808,1.46234,1.33517,1.41745,1.37963,1.81347,1.23615,2.18050,1.40818,1.88057,1.62196,2.84635,2.79585,3.50478
432,0.45827,3.63524,3.63031,0.35443,3.25501,2.71580,1.13042,2.60712,2.58924,0.42956,1.06269,0.34722,0.39748,1.70701,1.33665,0.37542,1.20568,1.20179,1.42517,1.15023,1.93656,1.11862,2.32456,1.13778,2.03475,1.67985,2.98647,2.92882,3.64466
433,0.35757,3.80290,3.80221,0.23876,3.41659,2.85116,0.86702,2.75114,2.74091,0.31417,0.87463,0.28064,0.30527,1.75688,1.16414,0.23005,1.03517,0.89848,1.37938,1.00235,1.99797,1.03017,2.46739,0.53046,2.17728,1.61253,3.14340,3.06509,3.78951
434,0.17328,3.95288,3.94904,0.12927,3.53051,2.96896,0.69618,2.85913,2.82534,0.11390,0.66027,0.19522,0.20238,1.55157,1.18332,0.00708,0.73938,0.43271,0.87347,0.70782,1.93490,0.65396,2.51951,0.01069,2.20593,1.41513,3.26375,3.17519,3.88353
435,0.05390,4.08600,4.07571,0.10738,3.62699,3.07579,0.36530,2.94307,2.87259,-0.05861,0.39258,0.16643,0.15423,1.45188,1.29053,-0.06017,0.69072,0.36513,0.79200,0.56564,1.79033,0.48036,2.48380,0.11157,2.22862,1.30392,3.36988,3.27202,3.94955
436,0.05289,4.23446,4.22067,0.13368,3.74360,3.20784,0.28260,3.03990,2.95534,-0.09560,0.44958,0.20216,0.17448,1.48781,1.49393,-0.04896,0.85561,0.49418,1.03731,0.69220,1.77806,0.64469,2.48894,0.11819,2.28014,1.27400,3.49902,3.38455,4.04716
437,0.15315,4.40709,4.39418,0.21901,3.89417,3.34955,0.38068,3.15264,3.06373,0.00788,0.50695,0.28074,0.26296,1.60736,1.64667,0.02584,1.12147,0.74987,1.25267,0.75500,1.86378,0.66334,2.56127,0.24911,2.34853,1.28209,3.64769,3.51556,4.19844
438,0.25391,4.60347,4.61583,0.30262,4.07536,3.50684,0.37450,3.26570,3.21749,0.10674,0.54237,0.34067,0.34192,1.72633,1.76281,0.11276,1.25751,0.97850,1.46244,0.88243,1.98912,0.81625,2.61313,0.31990,2.39821,1.32039,3.82002,3.66337,4.38010
439,0.27619,4.83062,4.85244,0.35133,4.25432,3.69058,0.58374,3.44847,3.40006,0.14623,0.73412,0.35383,0.36764,1.76369,1.87528,0.15610,1.57033,1.26740,1.56328,1.19904,2.04847,1.09004,2.78495,0.21046,2.50303,1.32384,4.00250,3.83532,4.58730
440,0.27562,5.05290,5.05908,0.42954,4.39163,3.86972,0.63843,3.57436,3.49518,0.19263,0.87034,0.36767,0.38222,1.77990,1.81349,0.29104,1.66278,1.47748,1.47350,1.39796,2.03034,1.31645,2.83949,0.26333,2.49612,1.33438,4.17022,4.00114,4.74508
441,0.34869,5.30076,5.30704,0.48861,4.57588,4.04167,1.22859,3.78166,3.66744,0.27167,1.13040,0.38533,0.44586,2.00094,1.84417,0.45641,1.56013,1.39617,1.66402,1.35051,2.25137,1.25330,3.14270,0.37367,2.67310,1.34652,4.35224,4.18413,4.96148
442,0.40760,5.54521,5.56661,0.46150,4.81934,4.19170,1.09603,3.99902,3.87584,0.27505,1.03465,0.37145,0.45105,2.15804,1.98429,0.45199,1.58639,1.41602,1.80050,1.30922,2.63944,1.21377,3.38839,0.30213,2.89592,1.43586,4.55862,4.38055,5.22121
443,0.33458,5.68522,5.67387,0.38188,4.95728,4.27218,0.96629,4.11351,3.99642,0.19671,0.92580,0.32131,0.36282,2.00177,2.09021,0.32381,1.50668,1.27067,1.77825,1.21417,2.77624,1.06452,3.51321,0.03009,3.03079,1.44278,4.67199,4.50448,5.34758
444,0.27407,5.75766,5.70584,0.39525,5.01125,4.31215,0.40253,3.98847,3.86626,0.17467,0.57046,0.33692,0.34443,1.52234,1.90569,0.31597,1.10961,1.02597,1.59982,0.83369,2.23435,0.81223,2.88303,0.25755,2.70868,1.63550,4.68285,4.55521,5.33182
445,0.27297,5.84835,5.81496,0.44316,5.11684,4.40714,0.30444,3.89874,3.84412,0.18030,0.38542,0.39054,0.40492,1.55550,1.91276,0.36204,1.12519,1.10713,1.65223,0.81384,1.94846,0.78252,2.43427,0.28503,2.64657,1.79236,4.78399,4.63937,5.37252
446,0.24326,6.03156,6.01194,0.44339,5.26004,4.58504,0.45228,4.02976,4.02649,0.12224,0.69857,0.39851,0.40295,1.50127,1.90594,0.33181,1.51664,1.29223,1.68661,1.13748,1.83764,1.08279,2.61842,0.15251,2.65410,1.94174,4.93876,4.79448,5.51954
447,0.19058,6.30376,6.26721,0.40325,5.43872,4.78762,0.80294,4.25965,4.21697,0.06878,0.93719,0.35708,0.37107,1.61159,1.81063,0.28294,1.68460,1.26419,1.59459,1.42647,2.10795,1.27305,3.04757,0.27126,2.60701,1.99934,5.13368,4.98952,5.71939
448,0.28291,6.55065,6.49509,0.46074,5.61207,4.97289,1.07803,4.47060,4.25963,0.16886,1.16179,0.40392,0.42795,1.88367,1.81953,0.37994,1.61774,1.39706,1.72105,1.50170,2.25424,1.36613,3.37089,0.29862,2.54974,1.96414,5.31566,5.17235,5.91421
449,0.42326,6.78377,6.70165,0.53936,5.77795,5.13180,1.29004,4.69553,4.41065,0.30656,1.15167,0.47066,0.51707,2.11294,1.87491,0.49801,1.64923,1.51072,1.84163,1.38423,2.55002,1.29251,3.62801,0.45480,2.70586,1.95309,5.48637,5.35166,6.11139
450,0.55430,7.05288,6.96344,0.60508,6.01020,5.31860,1.25610,4.94747,4.61146,0.44498,1.21282,0.53495,0.57689,2.35368,2.12953,0.60784,1.84996,1.79424,2.07429,1.53571,2.90807,1.46506,3.91238,0.70585,2.97673,2.03840,5.70503,5.56752,6.36669
451,0.63160,7.34485,7.26384,0.68823,6.28450,5.53145,1.44393,5.21704,4.85508,0.56534,1.43099,0.62025,0.65358,2.52735,2.39717,0.70887,2.05233,2.07704,2.36344,1.76494,3.15818,1.74404,4.21550,1.00837,3.25029,2.20992,5.95707,5.80404,6.64225
452,0.74223,7.61288,7.53409,0.78782,6.56373,5.72089,1.69588,5.45748,5.07197,0.66930,1.66072,0.70527,0.76351,2.67931,2.70717,0.83257,2.36938,2.38815,2.56967,2.02867,3.39545,2.04600,4.47215,1.38712,3.60389,2.49342,6.16610,6.03344,6.92441
453,0.86183,7.82195,7.69097,0.84372,6.78752,5.85823,1.95689,5.36175,4.99175,0.74469,1.88660,0.75829,0.83694,2.85600,2.64851,0.91077,2.37474,2.23817,2.36659,2.13375,3.15060,2.13091,4.11974,1.59631,3.86926,2.78960,6.21816,6.22265,7.16909
454,0.89706,7.95780,7.73996,0.87153,6.91139,5.87598,1.23970,4.74017,4.62727,0.65165,1.56207,0.80156,0.83653,2.72338,2.20915,1.06600,1.94822,1.92654,2.05626,1.80506,2.67159,1.85800,3.41304,1.66123,3.64395,2.76639,6.12054,6.32188,7.27748
455,0.88631,7.98516,7.78179,0.90724,6.95618,5.81303,0.85334,4.51792,4.21757,0.70959,0.98507,0.84859,0.85470,2.33548,1.95580,1.08349,1.64061,1.69237,1.87520,1.28807,2.52784,1.29575,3.35795,1.76061,3.24950,2.50201,6.07294,6.34014,7.27416
456,0.87684,7.93681,7.71780,0.94795,6.86360,5.73762,0.89306,4.48352,3.37538,0.83843,0.98362,0.89964,0.89539,2.03052,1.82829,0.96934,1.50095,1.43895,1.64453,1.16108,2.53421,1.15413,3.55446,1.68655,2.84651,2.21185,5.78307,6.32774,7.21132
457,0.91503,7.93160,7.71841,1.03740,6.78988,5.64806,0.94817,4.24002,2.82767,0.90721,1.02672,0.97857,0.96341,1.98590,1.92224,1.02588,1.46107,1.34661,1.61780,1.14167,2.75591,1.15811,3.64462,1.73369,2.67005,2.01016,5.34200,6.34522,7.19358
458,1.00638,8.17092,7.94295,1.15447,6.92723,5.87322,1.44714,4.39193,2.90005,0.98824,1.61391,1.07074,1.06911,2.60989,2.64629,1.18354,2.15813,2.18390,2.33838,1.88280,3.29776,1.99218,3.71560,2.06818,2.96184,2.29132,5.61952,6.53663,7.44614
459,1.11253,8.34241,8.06674,1.22829,7.04229,6.00782,2.23354,4.51015,3.14233,1.06085,2.27528,1.14606,1.17166,2.81866,2.97046,1.28535,2.62977,2.60167,2.71537,2.40727,3.34522,2.54184,3.53782,2.37925,2.92472,2.48575,5.93032,6.65504,7.59206
460,1.17297,8.42879,8.07236,1.27015,7.04655,5.95727,2.07998,4.32224,3.28289,1.12031,2.29198,1.21285,1.21314,2.69902,2.85137,1.31253,2.61745,2.55360,2.64103,2.43789,3.08725,2.47396,3.21376,2.40094,2.79912,2.42751,5.99180,6.68829,7.59660
461,1.25175,8.59727,8.26098,1.37926,7.13759,5.91916,1.74918,4.33317,3.23432,1.22688,2.36502,1.32055,1.29477,2.89758,2.99621,1.41101,2.84561,2.91497,2.91937,2.68324,3.11782,2.76303,3.39836,2.72156,2.96376,2.64857,6.03128,6.78302,7.63368
462,1.42216,8.79597,8.48672,1.51588,7.22295,5.90570,3.04577,4.59576,3.43150,1.35753,3.10138,1.43700,1.49735,3.30115,3.33645,1.56205,3.32538,3.47147,3.38299,3.28027,3.41311,3.43457,3.83459,3.22148,3.34506,3.05860,6.12406,6.95399,7.77753
463,1.67938,8.65456,8.39019,1.62705,6.71888,5.82166,3.14205,4.60529,3.44225,1.48196,3.34413,1.55854,1.64312,3.52531,3.40466,1.73098,3.42235,3.51044,3.46414,3.38815,3.65524,3.45966,4.12042,3.41074,3.55571,3.26542,5.26851,6.85020,7.83090
464,1.80921,8.60730,8.41288,1.72020,6.53981,5.62581,2.87807,4.40688,3.58434,1.62767,3.33263,1.64066,1.68939,3.62823,3.54338,1.85030,3.52698,3.61563,3.59687,3.48814,3.77781,3.51029,4.18152,3.56259,3.68805,3.47378,5.20024,6.78490,7.85115
465,1.95063,8.58293,8.45078,1.80830,6.76422,5.62768,3.80322,4.47097,4.01655,1.85510,3.82203,1.72218,1.83399,3.89192,3.99020,1.92339,4.01016,4.20854,4.04286,4.01456,4.03626,4.15270,4.17172,3.98035,3.76051,3.73172,5.51692,6.64128,7.63186
466,2.08414,8.50489,8.40005,1.90594,6.96978,5.76669,4.23976,4.60034,4.46275,2.02088,4.39584,1.80750,1.93264,4.25010,4.49356,2.04869,4.57484,4.88532,4.60098,4.65891,4.30095,4.86317,4.30539,4.58358,4.03130,4.14888,5.73715,6.45819,7.48659
467,2.24759,8.53832,8.42671,2.09246,7.16435,6.07743,5.07997,5.02196,4.93856,2.15550,5.16255,1.96298,2.16677,4.86890,5.16137,2.26647,5.40068,5.81276,5.37422,5.46982,4.76641,5.76468,4.73034,5.50163,4.60451,4.91892,5.87458,6.51413,7.62066
468,2.62134,8.52623,8.58277,2.35017,7.25466,6.26911,6.00614,5.78245,5.34224,2.31011,6.05288,2.20610,2.42082,5.52548,5.71481,2.67672,6.08213,6.53182,6.05976,6.29443,5.29103,6.60894,5.33709,6.44245,5.25454,5.87769,5.45712,6.71589,7.93084
469,2.80310,8.37956,8.52638,2.48562,7.32428,6.26172,5.87990,6.00065,5.64114,2.58295,6.38314,2.34118,2.44076,5.83927,5.92461,2.79082,6.31893,6.70815,6.31088,6.62753,5.57030,6.85029,5.66130,6.75513,5.66860,6.38957,5.56666,6.79915,7.95491
470,2.92971,8.38136,8.57918,2.63549,7.53677,6.44086,6.79691,6.27238,6.06848,2.82157,6.68372,2.47669,2.79212,6.31946,6.19719,2.90302,6.52474,7.00239,6.58510,6.76364,5.99374,7.05244,6.03721,7.01204,6.22991,6.94998,5.90518,7.00535,8.09223
471,3.77661,8.73901,9.05134,2.95034,8.20045,6.87223,7.39361,6.92207,6.83728,3.10966,7.30254,2.80306,3.20791,7.41063,7.01705,3.33500,7.22857,7.73234,7.42506,7.41114,6.85217,7.74886,6.81452,7.63609,7.20867,7.79889,6.82497,7.46554,8.66615
472,4.29949,9.35916,9.81689,3.39617,9.05703,7.50174,8.38809,7.60187,7.85780,3.44832,8.27263,3.24358,3.59372,8.41568,7.97828,3.92136,8.20627,8.76068,8.49501,8.38613,7.81322,8.75544,7.66253,8.33605,8.20640,8.57146,8.07351,8.03193,9.37489
473,4.79112,10.08553,10.74606,3.74172,9.96863,8.21978,9.20775,8.29675,8.82601,4.07296,9.09907,3.53489,3.97058,9.20003,8.84187,4.16247,9.03755,9.64222,9.36488,9.21562,8.62816,9.61076,8.40787,9.02265,9.02812,9.31605,8.93842,8.67702,10.13021
474,5.33369,10.65951,11.49695,4.02440,10.77459,8.88221,9.89990,8.91882,9.61488,4.63255,9.70993,3.84951,4.40980,9.77365,9.40398,4.39977,9.59011,10.09530,9.89465,9.76064,9.22632,10.09028,9.05610,9.69574,9.70069,9.89332,9.68266,9.27472,10.63473
475,5.59911,10.59365,11.37661,4.12134,10.60562,8.98856,9.76566,8.98741,9.56903,5.07111,9.36795,3.96911,4.45376,9.54601,9.16055,4.47980,9.24968,9.47038,9.47171,9.32035,9.14600,9.47497,9.09481,9.73707,9.58723,9.66539,9.46790,9.46488,10.35854
476,5.49494,10.50110,11.09089,4.15446,10.25082,9.09431,9.21611,9.01894,9.50860,5.31425,9.17846,3.98334,4.46687,9.54979,9.27349,4.47458,9.27052,9.48425,9.49650,9.29685,9.23520,9.40682,9.14702,9.72878,9.55728,9.69040,9.30179,9.59331,10.18681
477,5.60757,10.74265,11.24644,4.14053,10.48924,9.42256,9.79149,9.32022,9.82943,5.34990,9.73684,4.04604,4.54817,9.96933,9.72788,4.55816,9.80432,10.04658,9.96973,9.85075,9.63847,10.00989,9.44400,10.03266,9.90168,10.09156,9.63624,9.85080,10.47797
478,6.01708,11.06642,11.58864,4.43054,11.02133,9.79685,10.37665,9.70606,10.21942,5.54123,10.23698,4.34525,4.86156,10.36377,10.08702,4.92215,10.18669,10.44149,10.36828,10.27529,9.98250,10.44522,9.80017,10.47400,10.33467,10.53688,10.19200,10.15842,10.89711
479,6.35863,11.07965,11.53606,4.87560,10.94568,9.89222,10.05247,9.77770,10.19644,5.81151,9.90917,4.78050,5.13055,10.17686,9.88240,5.43317,9.89123,10.04911,10.09587,9.92598,9.84207,10.02004,9.81115,10.51674,10.25550,10.45476,10.13521,10.35850,10.79692
480,6.56963,11.47025,11.89824,5.35037,11.13804,10.26525,10.32295,10.16657,10.54342,6.18228,10.27128,5.09230,5.46441,10.49555,10.23335,5.71004,10.30264,10.52774,10.48040,10.34208,10.15837,10.49076,10.11851,10.88415,10.57517,10.88901,10.37006,10.78875,11.16549
481,6.55591,11.68508,12.08569,5.38768,11.29232,10.46870,10.42033,10.36604,10.68456,6.34637,10.29351,5.19383,5.71249,10.64428,10.27562,5.72984,10.28126,10.43082,10.48181,10.29985,10.28863,10.38616,10.27848,11.02076,10.73639,10.98479,10.52417,10.99606,11.37200
482,6.50752,11.56890,11.90045,5.26942,11.21124,10.38795,9.61758,10.23637,10.54462,6.34842,10.15884,5.15714,5.50251,10.42125,10.01494,5.67714,9.91472,9.93300,10.10948,9.99507,10.14632,10.03372,10.18584,10.89253,10.58387,10.74790,10.46510,10.88468,11.26796
483,6.13283,11.42425,11.63383,5.14831,11.03776,10.41834,9.96412,10.21839,10.51020,6.28799,9.93667,5.07390,5.43729,10.48325,10.16923,5.51986,10.07290,10.11428,10.27427,10.02005,10.25695,10.03260,10.21294,10.84667,10.54715,10.74981,10.45590,10.85424,11.18237
484,6.28682,11.35732,11.48752,5.18001,10.96776,10.48491,10.13832,10.26443,10.51069,6.10904,10.14846,5.11041,5.54441,10.54999,10.30486,5.57539,10.25177,10.31563,10.41751,10.21887,10.30658,10.24865,10.24173,10.84392,10.56473,10.76533,10.48347,10.87984,11.15054
485,6.66217,11.43798,11.61335,5.45146,11.13861,10.57141,10.25502,10.37952,10.59625,6.14811,10.23549,5.40629,5.79434,10.61010,10.34824,6.07290,10.31096,10.39523,10.49587,10.29009,10.33964,10.33093,10.31624,10.98643,10.65510,10.90343,10.60072,10.95239,11.23029
486,6.90451,11.81445,12.07876,5.84762,11.49861,10.89024,10.57065,10.75824,10.99229,6.47790,10.56393,5.69263,5.88194,10.99045,10.77674,6.57243,10.80717,11.00278,11.00764,10.73409,10.68458,10.85645,10.65614,11.42185,11.03519,11.41146,10.91501,11.27069,11.60300
487,6.72185,12.12254,12.44364,6.03832,11.79712,11.19346,11.00182,11.10171,11.37706,6.73409,11.12500,5.80887,6.06039,11.45461,11.24588,6.69539,11.35591,11.64737,11.53454,11.35853,11.08681,11.52404,11.00138,11.81804,11.44796,11.85198,11.21768,11.54342,11.89867
488,6.59745,12.30185,12.63944,6.02364,11.95304,11.38979,11.15349,11.26650,11.66443,6.72854,11.49711,5.79082,5.99156,11.78498,11.60827,6.63882,11.73606,12.06798,11.91871,11.80085,11.39910,11.95826,11.23797,12.17037,11.71393,12.14465,11.45088,11.69793,12.04732
489,6.53022,12.85995,13.27303,6.03540,12.51936,11.87077,12.19582,11.73670,12.30857,6.65047,12.39185,5.78119,6.19190,12.50765,12.33269,6.67274,12.55457,13.05144,12.71658,12.65477,12.01649,12.95079,11.74248,12.91938,12.29266,12.93853,12.01228,12.14948,12.62115
490,7.07552,13.40681,13.88870,6.23671,13.01589,12.29738,13.11124,12.16999,12.77519,6.70279,12.99612,5.91043,6.46423,12.90662,12.65209,6.93345,12.90698,13.31821,13.06633,13.06084,12.35117,13.34477,12.12063,13.46841,12.79752,13.46837,12.45496,12.59946,13.17338
491,7.61202,13.93365,14.49811,6.59664,13.53505,12.74350,13.37022,12.66658,13.27670,6.97477,13.29965,6.22563,6.71312,13.38461,13.10259,7.32240,13.34110,13.79670,13.57963,13.44654,12.77933,13.71774,12.59313,13.98468,13.36744,14.02939,12.90274,13.06975,13.66857
492,7.95669,14.72047,15.42260,6.84111,14.44757,13.43909,14.18538,13.39184,14.16284,7.45474,14.31759,6.45933,6.96343,14.47703,14.12110,7.60011,14.45606,15.15681,14.71649,14.61324,13.67721,15.03883,13.36744,14.97634,14.29275,15.10986,13.71197,13.72444,14.49024
493,8.13243,15.52540,16.29464,6.96880,15.27390,14.10094,15.24387,14.00222,14.97110,7.81743,15.25293,6.64910,7.11479,15.39220,14.89042,7.86431,15.23661,15.95722,15.49193,15.43676,14.52454,15.90699,14.07946,15.92807,15.04096,15.96466,14.56710,14.37285,15.36378
494,8.46558,16.27337,17.06222,7.41880,16.17524,14.80153,16.03385,14.70816,15.68825,8.16926,15.98675,7.12331,7.59256,16.24680,15.64902,8.43595,15.93428,16.62169,16.28900,16.17858,15.37132,16.63512,14.85995,16.85536,15.91709,16.86542,15.47446,15.02355,16.22901
495,9.00191,16.81663,17.73755,7.87006,16.93154,15.33947,16.64763,15.25558,16.26708,8.46543,16.57497,7.46719,7.78446,16.85279,16.17375,8.91011,16.40486,17.07476,16.86960,16.63236,15.92751,17.07161,15.42229,17.59594,16.64982,17.55058,16.10407,15.51578,16.82141
496,8.64275,16.77013,17.59172,8.03178,16.70833,15.34143,15.85914,15.23825,16.22738,8.75661,16.62024,7.52728,7.72228,16.66165,16.06853,9.12000,16.29346,16.77279,16.64034,16.61045,15.87043,16.88430,15.41390,17.54410,16.59598,17.28759,15.93132,15.58888,16.76298
497,8.34949,16.41022,16.86719,7.86550,15.99528,15.13939,16.71901,15.00348,15.83064,8.55118,16.27264,7.37903,7.78357,16.02105,15.55661,8.94231,15.69974,15.88908,15.89761,15.93268,15.43345,16.10084,15.09882,16.91234,16.04364,16.56025,15.46160,15.48459,16.44749
498,8.23698,16.19425,16.37916,7.59054,15.57785,15.04336,16.18776,14.86659,15.57300,8.23320,15.69858,7.20378,7.54190,15.54810,15.19243,8.71902,15.22151,15.27500,15.37956,15.37088,15.11139,15.43088,14.93001,16.46522,15.63740,16.09887,15.22833,15.42477,16.22519
499,8.48006,16.19950,16.27506,7.55930,15.55318,15.14070,15.09152,14.92894,15.52270,8.13718,15.08267,7.22211,7.75722,15.50434,15.21995,8.75950,15.23506,15.35901,15.44148,15.20002,15.07818,15.23885,14.96054,16.32828,15.59247,16.05974,15.24057,15.50388,16.18341
500,8.98758,16.56979,16.70630,7.82257,16.02588,15.54339,15.50663,15.37141,15.99092,8.37408,15.70305,7.38947,7.82966,16.09899,15.85151,9.04119,15.97661,16.29510,16.16657,15.95950,15.59107,16.13093,15.39509,16.77115,16.04927,16.64814,15.67900,15.85530,16.52928
501,9.04419,17.10573,17.31315,7.82204,16.63028,16.05057,16.39125,15.91197,16.65569,8.79813,16.57668,7.50288,7.82701,16.85901,16.60492,9.18027,16.81125,17.26388,16.98391,16.85816,16.26558,17.13044,15.96016,17.48686,16.59737,17.33704,16.29490,16.32847,17.06499
502,8.99028,17.96263,18.28987,7.90008,17.51295,16.79224,17.41344,16.70538,17.63110,9.00751,17.72793,7.64590,7.88380,17.96948,17.72215,9.44222,18.02779,18.71232,18.23848,18.15609,17.23841,18.57982,16.81418,18.64550,17.54906,18.52798,17.20099,17.03878,17.97730
503,9.11508,18.89674,19.30269,8.23968,18.45588,17.63625,18.78044,17.60527,18.62761,9.12440,19.05878,7.87785,8.14025,19.15164,18.90448,9.81005,19.28326,20.08038,19.49572,19.48549,18.32265,20.00737,17.80338,19.86009,18.64600,19.76349,18.19185,17.84809,18.96682
504,9.43626,19.57447,20.05446,8.65955,19.22866,18.33505,19.95119,18.35926,19.34987,9.27933,20.06162,8.21682,8.42624,20.01955,19.73498,10.20362,20.14423,20.85732,20.33417,20.37636,19.17139,20.85649,18.63024,20.74207,19.56959,20.65492,18.95045,18.49659,19.63162
505,9.64381,20.11297,20.65970,8.97164,19.78521,18.88197,18.96174,18.92987,19.94774,9.49637,20.47096,8.42659,8.47292,20.58049,20.30105,10.45665,20.65754,21.24223,20.86147,20.80877,19.79362,21.11295,19.24069,21.30429,20.11770,21.12394,19.51587,19.02359,20.13298
506,9.15747,20.23067,20.74152,9.24565,19.94767,19.08612,16.44077,19.13871,20.07789,9.45280,20.26595,8.73830,8.46974,20.58003,20.30900,10.74757,20.58885,20.87124,20.69976,20.65895,19.96771,20.71819,19.46557,21.32128,20.27121,21.03434,19.66747,19.23950,20.19713
507,9.63731,20.15868,20.60871,10.03328,20.07006,19.16585,20.06005,19.17695,19.92854,9.72455,19.88928,9.45070,9.51656,20.29027,19.94384,11.52540,20.04830,20.23961,20.25109,20.07482,19.74515,20.14243,19.39198,20.99527,20.21955,20.76251,19.65494,19.31902,20.05722
508,10.50649,19.85344,20.22949,10.70478,19.92354,19.10749,13.27275,19.12076,19.80686,9.79046,17.35708,9.96364,9.76699,20.06695,19.78955,12.48824,19.94639,20.05521,19.98147,19.87293,19.62860,19.84742,19.36038,20.77654,20.11922,20.47007,19.54517,19.22458,19.70652
509,10.08903,18.85879,18.96646,11.23368,18.76588,18.34635,10.59578,18.30158,18.79227,10.13130,14.84516,10.20212,10.11690,18.77610,18.47722,12.86923,18.57927,18.36940,18.42632,18.29781,18.61661,18.06890,18.54805,19.49588,19.03457,19.02313,18.58959,18.56189,18.70564
510,10.10440,18.37789,18.37521,10.98734,18.23765,17.95923,10.60737,17.97046,18.29221,10.08307,11.50278,9.88123,10.28374,18.08352,17.85692,12.46352,17.36900,16.99296,17.71315,13.30940,18.02926,13.00217,18.13650,18.84292,18.41419,18.43314,18.12565,18.18752,18.24452
511,10.21171,17.90530,17.80140,10.94784,17.76034,17.61387,14.03442,17.54939,17.73046,10.17142,15.29446,9.90995,10.25443,17.64794,17.35971,12.22469,17.19059,16.94610,17.26736,16.58056,17.62344,16.27282,17.67590,18.12586,17.84843,17.77737,17.66702,17.81095,17.82527
512,10.73717,17.72503,17.63688,11.30480,17.62799,17.45688,16.71080,17.38332,17.51298,10.35156,16.82949,10.22844,10.79737,17.48698,17.25157,12.46264,17.06261,16.95952,17.20742,16.98316,17.45066,16.89813,17.47218,17.90687,17.59851,17.59503,17.50158,17.61434,17.66170
513,11.24066,17.68865,17.66491,11.14854,17.68259,17.49056,16.97718,17.46176,17.60316,10.77312,17.20317,10.18655,11.01329,17.68335,17.53482,12.37689,17.43787,17.50223,17.59743,17.39920,17.58089,17.41825,17.55063,18.09893,17.67451,17.82397,17.57089,17.56288,17.64119
514,11.93380,17.74319,17.80592,10.86652,17.79089,17.58934,17.69140,17.58820,17.76955,11.30005,17.71316,10.20918,11.01693,17.96133,17.89349,12.29021,17.94653,18.10969,18.03848,17.90760,17.80537,18.01231,17.67265,18.37310,17.83178,18.13539,17.70981,17.59528,17.68130
515,12.00293,18.36072,18.58253,11.04730,18.41250,18.07816,18.13750,18.10024,18.42911,11.70766,18.38964,10.39065,10.77759,18.68831,18.66562,12.49451,18.77979,19.13305,18.91145,18.78057,18.41904,18.97155,18.20171,19.14462,18.42837,18.97542,18.28824,18.05966,18.30159
516,11.56534,19.07111,19.37031,11.19895,19.01879,18.58616,17.77538,18.61916,19.10386,11.62417,18.86256,10.50071,10.76847,19.31883,19.29499,12.44816,19.41646,19.76056,19.53321,19.36228,19.02196,19.49256,18.72982,19.85508,18.97474,19.57188,18.89120,18.60599,19.05389
517,11.24090,19.65334,19.94974,10.97646,19.51901,19.07785,16.11823,19.15104,19.73493,11.55869,19.20231,10.45451,10.66712,19.95030,20.00466,12.28391,20.17834,20.51778,20.25502,20.00330,19.68819,20.08526,19.28691,20.51326,19.53681,20.14501,19.45288,19.11598,19.67187
518,11.21199,20.27470,20.60045,10.75255,20.10319,19.62034,19.67376,19.72481,20.43590,11.38780,20.41728,10.35650,10.71680,20.61813,20.71655,12.06758,20.91514,21.39051,21.00763,20.99166,20.28488,21.22788,19.85759,21.34100,20.18986,20.94705,20.04354,19.67614,20.35447
519,11.19577,20.94406,21.33804,10.67982,20.79958,20.20104,19.70416,20.32783,21.14816,11.27266,20.95011,10.23662,10.45621,21.41141,21.55532,11.96755,21.81535,22.38713,21.94517,21.81972,20.98675,22.06787,20.47954,22.22538,20.92758,21.84507,20.63712,20.26851,21.06025
520,10.75590,21.22367,21.61496,10.66630,21.12566,20.49347,14.76913,20.61255,21.41836,10.95684,18.43497,10.02879,10.31190,21.69371,21.78289,11.88427,21.87863,22.16958,22.10340,20.85637,21.34372,20.81226,20.81672,22.45284,21.26301,22.01460,20.91030,20.57479,21.25116
521,10.19170,20.64182,21.11857,9.73246,20.75512,20.08625,10.94797,20.17633,20.76607,10.42522,12.51904,9.03048,9.68516,20.85834,20.67027,11.07866,19.55571,19.15669,20.72836,14.77388,20.69759,14.43429,20.41491,21.81136,20.70250,21.14046,20.43948,20.18680,20.36541
522,9.76277,20.86937,21.47374,8.77017,21.15130,20.36385,17.07980,20.42432,21.04541,9.94315,18.89682,8.38193,8.91085,21.10816,21.01489,10.53253,20.96652,21.04515,21.22263,20.50519,20.85529,20.34973,20.60242,22.19969,20.97394,21.66042,20.73520,20.41854,20.49794
523,9.83641,21.08108,21.72227,8.79221,21.39312,20.57974,21.07413,20.60308,21.27653,9.64344,21.05416,8.13935,9.03551,21.34346,21.24717,10.56671,21.38709,21.64075,21.51694,21.41298,20.99338,21.54654,20.74768,22.52635,21.24018,22.03897,20.95285,20.63882,20.69268
524,10.45437,21.12158,21.69501,9.04873,21.31706,20.58777,21.36810,20.56207,21.20242,9.60803,21.17123,8.09773,9.44276,21.23211,21.08224,10.39511,21.25031,21.48016,21.35606,21.35105,20.87180,21.48015,20.67222,22.45780,21.19827,21.95768,20.89988,20.71294,20.75016
525,11.35931,21.55254,22.07244,9.22534,21.57680,20.88769,21.50055,20.83524,21.48285,10.08992,21.34929,8.26234,9.68871,21.44663,21.31295,10.24052,21.45613,21.71270,21.59876,21.51938,21.07925,21.67361,20.89489,22.64583,21.44055,22.26567,21.15816,21.06781,21.20851
526,11.64265,21.68904,22.07121,9.24636,21.58898,21.03019,18.63655,20.97383,21.58767,10.76234,21.18075,8.45707,9.45102,21.52060,21.41189,10.00167,21.53688,21.71261,21.65610,21.58315,21.19470,21.65187,21.01954,22.58912,21.54313,22.28004,21.24713,21.22693,21.39097
527,10.51721,21.39523,21.56387,9.09624,21.14512,20.81164,15.47699,20.70533,21.18097,11.08462,20.20506,8.50620,9.04930,21.07606,20.96281,9.76213,21.03975,21.00879,21.07638,21.03950,20.86892,20.98597,20.76232,21.95656,21.15444,21.58599,20.94284,21.03480,21.15950
528,9.85134,21.62994,21.76671,9.05577,21.33366,21.02046,20.58422,20.88475,21.33361,10.71351,20.97075,8.59846,9.25561,21.20794,21.12368,9.75589,21.16124,21.22888,21.25779,21.16904,20.99738,21.17213,20.92161,21.98915,21.27386,21.73064,21.12420,21.23731,21.42323
529,10.78261,21.80328,21.95667,9.16328,21.55469,21.19478,21.19904,21.06091,21.44277,10.46314,21.14320,8.99897,9.83657,21.35357,21.17008,9.93482,21.20592,21.29920,21.31618,21.21256,21.10585,21.25579,21.05334,22.07368,21.44678,21.87518,21.30718,21.39500,21.58759
530,11.84931,21.47022,21.58507,9.78424,21.30514,20.92527,18.20961,20.77508,21.00722,11.49944,20.67491,10.53203,10.22024,20.92690,20.55087,11.01519,20.51158,20.46708,20.61594,20.57262,20.70765,20.55622,20.74682,21.59250,21.09838,21.25402,21.06076,21.13266,21.26862
531,11.85007,21.01950,21.05913,11.22673,20.78413,20.54815,19.42161,20.34217,20.49368,13.28587,19.86743,11.82560,10.38790,20.29898,20.04814,12.95889,19.91756,19.84602,20.00907,19.81066,20.23317,19.75401,20.30666,20.98861,20.51140,20.58288,20.57416,20.76955,20.84078
532,11.66221,21.22396,21.30853,12.49075,21.00305,20.68753,17.26928,20.51123,20.67204,13.37125,19.92271,12.41743,11.44531,20.56716,20.40550,13.73608,20.27151,20.34778,20.43650,20.15326,20.45427,20.14974,20.44695,21.17127,20.65818,20.89722,20.73421,20.90731,21.09054
533,11.83401,21.02387,21.08199,13.23556,20.73355,20.44305,16.39052,20.23901,20.29149,13.52141,19.56391,12.93800,12.32445,20.07313,19.87583,14.26083,19.69998,19.64113,19.82406,19.63245,20.05950,19.57315,20.12535,20.70256,20.28030,20.38881,20.43216,20.70908,20.88038
534,12.41150,20.94901,20.97126,13.80878,20.61835,20.41351,16.56804,20.22225,20.22658,12.88241,19.32507,13.24475,13.11803,20.00734,19.87199,14.74265,19.71803,19.68878,19.83924,19.53728,20.02503,19.49426,20.09711,20.57381,20.18918,20.34519,20.33732,20.66155,20.83741
535,13.20307,21.33854,21.46935,14.01974,21.07799,20.75721,14.80338,20.59272,20.74431,13.00635,18.67005,13.34301,13.54494,20.71033,20.67814,15.04907,20.61111,20.82549,20.83925,20.13851,20.60802,20.20108,20.52477,21.23147,20.69391,21.10094,20.75361,20.96237,21.22518
536,13.79966,22.10502,22.39831,14.02764,21.89369,21.34759,20.19410,21.20326,21.54915,13.49135,21.13087,13.43891,13.71246,21.63361,21.60158,15.33283,21.68571,22.10660,21.85618,21.64611,21.32044,21.89131,21.15351,22.25033,21.45217,22.13020,21.48484,21.54079,22.01914
537,14.51120,22.77571,23.15296,14.66853,22.64794,21.91508,20.58868,21.79441,22.25398,14.01595,22.10712,13.97157,14.02199,22.46116,22.29883,15.98833,22.47860,22.89118,22.64657,22.46434,21.98981,22.68516,21.78584,23.23177,22.24258,23.05324,22.25052,22.08646,22.75853
538,14.61760,23.45601,23.94835,15.42065,23.41219,22.52340,17.10912,22.44513,22.98949,14.61223,21.37766,14.45209,14.42350,23.34821,23.23731,16.64761,23.41270,23.82226,23.66418,23.12704,22.83658,23.23283,22.50700,24.14357,23.09185,23.97616,22.96082,22.66295,23.45806
539,14.88968,23.75718,24.20761,15.61283,23.64452,22.82757,23.39467,22.76182,23.27147,14.77238,23.55791,14.44027,15.06618,23.56024,23.43803,16.88541,23.70721,24.05055,23.79505,23.79734,23.07540,24.01801,22.76766,24.31651,23.32663,24.14057,23.17805,22.98795,23.77830
540,15.49011,23.99931,24.41768,15.82475,23.85844,23.09756,20.48920,23.02489,23.57591,15.04227,22.99105,14.52305,15.07027,23.87146,23.75828,17.10182,24.00290,24.27079,24.08194,23.96967,23.40764,24.06188,23.08324,24.57565,23.66640,24.38427,23.43249,23.25747,24.03248
541,15.08969,23.55407,23.85064,15.11127,23.34073,22.79535,15.72370,22.69848,23.19985,15.24008,17.70002,13.89248,14.72437,23.35188,23.26350,16.68076,23.28163,23.20360,23.38017,21.48579,23.09543,21.18723,22.82396,24.09929,23.24564,23.70367,23.01486,22.99435,23.47258
542,14.73640,23.56965,23.85772,14.26765,23.43706,22.92146,19.42095,22.86334,23.32096,14.94992,21.93197,13.52787,14.05067,23.47684,23.37329,16.27378,23.46685,23.52898,23.53476,23.30557,23.21346,23.26991,22.97302,24.16585,23.35746,23.84442,23.14467,23.08126,23.41666
543,14.77278,22.87296,22.98087,14.92101,22.78739,22.44511,21.61115,22.33072,22.57287,15.23802,22.39151,14.44717,14.22711,22.66965,22.48156,16.72358,22.51954,22.38867,22.48116,22.57286,22.53429,22.47875,22.43442,23.19259,22.74876,22.80009,22.58654,22.60355,22.76435
544,15.12977,22.36972,22.34674,15.70388,22.25687,22.06682,22.00202,21.89853,22.00869,15.40558,21.70625,14.85634,14.82840,22.00723,21.79465,17.40759,21.70188,21.46481,21.69131,21.67439,21.95676,21.50966,21.95381,22.33056,22.15359,21.99851,22.10696,22.24150,22.28297
545,15.35202,22.22335,22.15704,16.03277,22.09671,21.97961,21.65379,21.81806,21.89385,15.34859,21.56994,14.89139,15.18283,21.91031,21.78541,17.50111,21.67794,21.54287,21.69620,21.64811,21.87546,21.53452,21.86506,22.09274,22.00662,21.91342,21.98552,22.14141,22.16655
546,15.61143,21.93366,21.83349,16.60833,21.80778,21.75218,19.01303,21.57636,21.62015,15.48713,21.18480,15.44847,15.67528,21.56969,21.46161,17.83089,21.38904,21.26714,21.35767,21.53238,21.57319,21.46136,21.59360,21.76758,21.68931,21.55781,21.72829,21.91438,21.88275
547,15.70388,20.90694,20.68735,17.25846,20.71229,20.83518,19.54035,20.59051,20.53619,15.69438,20.23282,16.22792,16.37214,20.34382,20.15137,18.23408,20.00791,19.73157,19.97999,20.02847,20.43300,19.86803,20.52046,20.55140,20.51993,20.15695,20.71254,21.02230,20.85885
548,16.34620,20.85017,20.72844,17.84594,20.64770,20.68820,19.81806,20.47713,20.40622,16.13561,19.73379,16.84843,17.19111,20.18605,20.07060,18.54886,19.88665,19.77320,19.96110,19.70601,20.24843,19.62828,20.32136,20.48688,20.26935,20.14370,20.57972,20.86796,20.81341
549,17.18688,21.41705,21.48242,18.19075,21.28597,21.11278,19.85717,20.98030,21.01019,16.66829,20.11875,17.08649,17.72104,20.98313,21.00173,18.88377,20.93399,21.14402,21.09682,20.65439,20.88674,20.76849,20.83183,21.36644,20.86408,21.13515,21.09776,21.25929,21.37513
550,17.78718,22.12995,22.33761,18.48787,22.05234,21.66481,20.05258,21.56523,21.76638,17.29792,20.89552,17.35165,18.07495,21.90313,21.96362,19.19067,22.04114,22.44628,22.21320,21.77347,21.65428,21.97425,21.47783,22.40097,21.63810,22.20370,21.78765,21.79418,22.13485
551,18.14105,22.76739,23.08601,18.86914,22.72879,22.15968,19.05192,22.09249,22.40792,17.88938,20.31570,17.77921,18.38793,22.71509,22.75384,19.50259,22.80197,23.18264,23.11185,21.74813,22.40159,21.75896,22.08000,23.33204,22.38288,23.09372,22.40290,22.28890,22.80287
552,18.35842,22.81444,23.09766,19.02744,22.69308,22.20392,19.00134,22.15609,22.39187,18.25013,19.71436,17.93729,18.64587,22.66225,22.62051,19.61341,22.43415,22.57457,22.86635,21.05169,22.38318,21.00286,22.10314,23.25426,22.44620,22.94564,22.33582,22.37056,22.81624
553,18.53151,22.77780,22.96841,18.85400,22.52584,22.18355,19.11786,22.08743,22.29481,18.44280,19.52714,17.72628,18.64249,22.43566,22.32195,19.58970,21.57597,21.47860,22.38752,19.89375,22.25529,19.88665,22.03666,22.94787,22.30670,22.62055,22.21459,22.37924,22.75534
554,18.69332,22.89336,23.01748,18.63076,22.56104,22.33234,19.72508,22.23055,22.40794,18.64409,20.50409,17.58106,18.38592,22.49229,22.46125,19.54266,22.35336,22.26887,22.56625,21.50390,22.31568,21.39141,22.15649,22.96731,22.38191,22.69814,22.33052,22.52105,22.87597
555,18.52454,22.91751,23.00092,18.58063,22.51754,22.32210,19.07910,22.17238,22.34501,18.68375,19.87969,17.42848,18.23394,22.40055,22.31564,19.53551,21.86410,21.76632,22.35474,20.72177,22.27151,20.67947,22.12207,22.86154,22.31550,22.56092,22.31044,22.52880,22.85894
556,18.32207,22.83000,22.85809,18.06512,22.41965,22.29111,20.87658,22.12037,22.24246,18.37773,21.39927,16.93264,17.93352,22.20570,22.14453,19.19710,22.11793,22.04107,22.20779,21.86330,22.09902,21.77058,22.05198,22.67180,22.20699,22.40433,22.25194,22.49055,22.74446
557,18.14683,22.79098,22.86720,18.38355,22.44609,22.28920,18.64310,22.12046,22.27386,18.11676,20.27697,17.33829,17.79465,22.22147,22.11717,19.48070,21.97088,21.93758,22.17312,21.36250,22.11167,21.29351,22.05912,22.74149,22.23074,22.47020,22.27487,22.46353,22.64878
558,17.85924,22.43726,22.47268,18.48503,22.13974,22.00327,18.31061,21.84766,21.98218,17.99370,18.68385,17.28161,17.97835,21.87378,21.67714,19.55700,20.95789,20.85521,21.66196,19.21350,21.81345,19.13120,21.81750,22.42054,21.94601,22.07936,22.00817,22.18390,22.27575
559,17.81617,21.79500,21.79317,17.34728,21.59501,21.52237,18.58292,21.41620,21.48409,17.75255,19.09266,15.95888,17.37680,21.38735,21.20519,18.61977,20.67577,20.48801,21.18143,19.64015,21.36104,19.50310,21.41694,21.85583,21.49057,21.51001,21.54089,21.67130,21.58082
560,17.16406,21.69613,21.73003,16.27924,21.54913,21.45831,20.11417,21.36050,21.45609,17.54817,20.61279,14.92146,16.12719,21.42170,21.33830,17.89813,21.25557,21.23828,21.37822,21.07808,21.37014,21.00683,21.38735,21.84955,21.45983,21.54840,21.50434,21.58580,21.48591
561,16.34092,21.59923,21.64360,16.75096,21.51320,21.42250,19.94103,21.31879,21.47436,16.75801,21.22380,15.32821,15.97703,21.52946,21.50739,18.02209,21.53504,21.61340,21.60243,21.50437,21.43841,21.50284,21.39271,21.96825,21.50396,21.65566,21.47047,21.54164,21.44996
562,16.22147,21.27234,21.25713,17.42863,21.16988,21.15785,20.45136,20.99376,21.12307,16.45650,21.09818,16.09658,16.58105,21.14054,21.08520,18.55675,21.12979,21.11514,21.12640,21.17805,21.08040,21.15491,21.07122,21.55669,21.16612,21.20872,21.13855,21.27059,21.18181
563,16.84566,21.20634,21.17860,18.31701,21.10642,21.12788,20.95119,20.97903,21.08263,16.41500,21.07070,16.97950,17.51387,21.13050,21.11143,19.15202,21.16989,21.20532,21.17304,21.16362,21.05823,21.17440,21.01054,21.48021,21.11744,21.19511,21.07900,21.20590,21.19111
564,17.79150,21.46484,21.48521,18.95932,21.36132,21.31707,21.13917,21.22885,21.30887,17.04694,21.29556,17.75903,18.41536,21.39957,21.40262,19.37839,21.48359,21.59474,21.52125,21.49211,21.28009,21.55279,21.18615,21.71961,21.33708,21.51970,21.28419,21.38228,21.49358
565,18.54479,21.27989,21.26122,19.25776,21.14779,21.14112,20.20675,21.08012,21.09159,17.80981,20.77287,18.45270,18.98159,21.13831,21.11206,19.47132,21.20184,21.20018,21.15649,21.05052,21.04825,21.04387,21.02071,21.43511,21.14444,21.19628,21.08460,21.21606,21.30281
566,18.71520,20.42757,20.25515,18.79097,20.19826,20.31084,18.97856,20.18631,20.11496,18.30297,19.13446,17.89396,18.78459,19.91396,19.75661,19.11562,19.09691,19.05912,19.59418,18.93657,19.95856,18.93995,20.12763,20.28709,20.15183,19.96468,20.23608,20.45021,20.45880
567,18.53602,20.14275,19.92400,18.28542,19.91047,20.05020,18.74072,19.87038,19.80776,18.57940,18.91135,17.52299,18.14634,19.64382,19.48294,18.90899,19.07245,19.00006,19.36031,18.87980,19.70154,18.85650,19.86448,19.92600,19.84003,19.66820,19.96364,20.17540,20.22410
568,17.91351,19.74103,19.49686,18.13757,19.51529,19.66313,18.07210,19.45479,19.35614,18.15296,18.46477,17.15011,17.83786,19.12121,18.91978,18.65696,18.60966,18.46508,18.75330,18.38951,19.21378,18.35301,19.42274,19.41811,19.37760,19.17414,19.55250,19.79501,19.85324
569,17.06993,19.07693,18.82905,17.05085,18.91295,19.06009,17.47574,18.87276,18.73629,17.32262,17.84981,15.72970,16.65405,18.34625,18.09440,17.98001,17.80621,17.73498,17.92210,17.77570,18.43447,17.77961,18.77953,18.74324,18.74153,18.48313,18.98429,19.19629,19.15706
570,15.93456,19.01828,18.83964,16.00295,18.94392,19.03877,17.85621,18.87856,18.79403,16.31206,18.10007,14.91149,15.50250,18.61048,18.43305,17.54420,18.23940,18.18532,18.34437,18.13062,18.64621,18.11879,18.83804,18.77034,18.80462,18.62958,19.01909,19.11232,19.08488
571,15.85207,19.33407,19.27648,16.55859,19.34549,19.33563,18.77466,19.21428,19.23286,15.62318,18.91793,15.48627,15.83175,19.20275,19.15099,17.74528,19.08264,19.10854,19.15404,19.00755,19.18567,19.03277,19.20274,19.32214,19.20140,19.23135,19.35785,19.35860,19.41516
572,16.52221,19.80680,19.86507,17.51262,19.85056,19.72748,19.54405,19.65005,19.73457,15.88183,19.63223,16.41983,16.85486,19.71683,19.73895,18.40614,19.76519,19.85902,19.80246,19.74724,19.66339,19.81154,19.60716,19.91776,19.64918,19.86008,19.77692,19.73279,19.89597
573,17.42135,20.48525,20.65914,18.20323,20.50294,20.23611,20.16266,20.20137,20.33579,16.73928,20.22470,17.20140,17.68866,20.27459,20.33024,18.78949,20.39695,20.54670,20.43583,20.38628,20.18580,20.48498,20.10786,20.57167,20.18216,20.56485,20.31303,20.25676,20.59022
574,18.15527,21.33972,21.65349,18.61177,21.33978,20.89302,20.89765,20.88850,21.15123,17.68203,21.03629,17.77944,18.25893,21.09936,21.18043,19.04719,21.32894,21.62338,21.38640,21.32890,20.91327,21.51303,20.78285,21.56859,20.93226,21.52812,21.03215,20.92655,21.45223
575,18.65605,22.07511,22.44617,18.92918,22.03225,21.46818,21.70580,21.44291,21.87636,18.34577,21.87738,18.27051,18.64487,21.91920,21.95732,19.27413,22.19170,22.59557,22.24827,22.24256,21.59098,22.49887,21.40659,22.54977,21.67650,22.39792,21.74018,21.51709,22.21959
576,18.88453,22.54816,22.94010,19.18642,22.48017,21.86439,21.22215,21.82048,22.28669,18.66091,22.12532,18.64575,18.97157,22.45908,22.45750,19.49954,22.72151,23.02398,22.71208,22.67607,22.10613,22.83262,21.85359,23.16394,22.23677,22.94223,22.24427,21.92390,22.67815
577,19.10077,22.46182,22.81145,19.35943,22.43346,21.85954,21.28703,21.82684,22.12610,18.86584,22.07670,18.85391,19.22870,22.32645,22.27785,19.70508,22.47911,22.61552,22.46301,22.47793,22.04156,22.52001,21.84684,22.97809,22.26776,22.72663,22.13229,21.94654,22.47767
578,19.35515,22.29328,22.54453,19.51070,22.24903,21.75690,20.95879,21.71952,21.94621,19.14333,22.09204,19.07621,19.35072,22.05207,21.96027,19.91338,22.11758,22.14887,22.06775,22.27449,21.83401,22.27989,21.72185,22.67022,22.09660,22.34976,21.91348,21.89892,22.24634
579,19.44440,22.19608,22.34308,19.67231,22.03126,21.70910,20.75591,21.65101,21.85707,19.35955,21.66891,19.23045,19.48292,21.84687,21.76219,20.05394,21.88782,21.87823,21.82591,22.01132,21.69928,21.97138,21.64896,22.41632,21.90853,22.07803,21.76172,21.88685,22.14874
580,19.57991,22.41488,22.51990,19.74147,22.15199,21.92482,20.93737,21.84760,22.05106,19.53233,21.72813,19.26677,19.61410,22.04579,22.03510,20.12630,22.14099,22.21509,22.12570,22.18538,21.90725,22.19138,21.83479,22.54940,22.03379,22.28439,21.94217,22.09964,22.40261
581,19.81294,22.91457,23.09382,19.87046,22.67812,22.37729,22.50924,22.32626,22.59029,19.70083,22.57460,19.41110,19.78979,22.62506,22.65879,20.28636,22.78053,23.00070,22.84052,22.79052,22.41483,22.92574,22.28933,23.16428,22.53452,22.98998,22.42497,22.52479,22.89173
582,20.01251,23.42348,23.66129,20.14898,23.17244,22.78604,22.81133,22.76056,23.04147,19.86197,23.01034,19.61087,19.98671,23.11940,23.14737,20.51527,23.31591,23.59129,23.40427,23.33034,22.85341,23.49712,22.68723,23.71373,22.99637,23.56279,22.85393,22.94075,23.41726
583,20.18235,23.85054,24.10637,20.24376,23.60894,23.18506,23.49504,23.18671,23.45326,19.98129,23.56894,19.69130,20.26826,23.54304,23.56018,20.67510,23.76694,24.04466,23.81793,23.79592,23.26561,23.96523,23.09796,24.09920,23.41251,24.01028,23.27314,23.32864,23.83401
584,20.41062,24.28202,24.57107,20.47063,24.09673,23.59488,23.71814,23.60448,23.89564,20.09458,24.02439,19.91286,20.42981,24.11216,24.05223,20.87712,24.27886,24.57568,24.33165,24.30022,23.75362,24.45991,23.57628,24.67331,23.93374,24.55099,23.80054,23.71783,24.27598
585,20.54343,24.77026,25.16011,20.72211,24.65900,24.05264,20.89645,24.07261,24.46175,20.08760,22.93836,20.13377,20.50685,24.83537,24.86023,21.12327,25.04877,25.34757,25.19560,24.61271,24.45607,24.66727,24.13343,25.44424,24.56133,25.25706,24.34812,24.14578,24.75526
586,20.50765,24.67631,25.01948,20.89729,24.58620,24.01969,20.96863,24.02196,24.33744,20.08494,21.75875,20.33555,20.64589,24.68053,24.64678,21.30543,24.64379,24.73685,24.85495,23.41659,24.39283,23.40777,24.11249,25.26971,24.53984,24.96119,24.26574,24.13825,24.60925
587,20.52118,24.09628,24.26901,20.88127,23.91580,23.56310,21.86159,23.51131,23.66813,20.17163,22.93433,20.38201,20.72535,23.74867,23.57767,21.27776,23.60418,23.40941,23.59180,23.47010,23.58878,23.37686,23.54589,24.25848,23.86625,23.91356,23.64567,23.73885,23.97353
588,20.51763,23.17000,23.17288,20.74087,22.98225,22.84612,22.33405,22.71533,22.75576,20.19058,22.58430,20.33064,20.58950,22.65435,22.41423,21.14131,22.35125,21.99720,22.28432,22.38939,22.64577,22.18048,22.75025,23.01363,22.91124,22.66063,22.82617,23.03105,22.99759
589,20.48695,22.33392,22.21940,20.76881,22.05439,22.10113,21.64923,21.86042,21.84804,20.12326,21.32895,20.41049,20.61290,21.56677,21.33006,20.99554,21.11347,20.81577,21.12823,21.07028,21.65536,20.84717,21.79299,21.94547,21.82717,21.46783,22.00272,22.29739,22.15686
590,20.47943,21.66636,21.48674,20.63952,21.39128,21.52182,20.67840,21.29651,21.15727,20.10494,20.65547,20.35123,20.57578,20.82404,20.60133,20.76609,20.30985,20.03016,20.34883,20.33348,20.95783,20.18573,21.13147,21.13368,21.05154,20.68800,21.35964,21.71288,21.53219
591,20.25479,20.53702,20.26415,20.35200,20.22830,20.51593,20.20531,20.26347,19.98318,19.93466,19.94785,20.17456,20.33977,19.49508,19.28715,20.40994,18.96397,18.66668,18.97355,19.20448,19.77311,19.03697,20.05995,19.81667,19.81988,19.40634,20.28105,20.69803,20.44669
592,20.13129,19.90820,19.66776,20.13510,19.59559,19.89731,20.17707,19.65485,19.32433,19.80172,20.13902,19.99462,20.18312,18.79423,18.63753,20.12092,18.71531,18.55258,18.43535,19.59688,19.07557,19.59636,19.42691,19.23948,19.13952,18.90627,19.64564,20.05768,19.91860
593,20.09319,19.85329,19.67978,19.98125,19.56313,19.80603,19.76497,19.62105,19.29593,19.80099,19.61954,19.87372,20.05555,18.89681,18.81494,19.99078,18.76780,18.72113,18.66585,19.18824,19.11947,19.15769,19.37829,19.28805,19.10516,19.05861,19.57514,19.92585,19.89060
594,20.06703,20.14559,20.08306,19.98534,19.93569,20.02107,19.27978,19.94867,19.70772,19.97733,19.43975,19.86521,19.98305,19.52600,19.56395,20.00584,19.45122,19.50620,19.48732,19.39576,19.64747,19.45845,19.75605,19.83186,19.54420,19.71774,19.87365,20.12450,20.19261
595,20.01918,20.52314,20.56117,20.02673,20.37700,20.27008,19.82491,20.25413,20.11962,20.03913,19.89368,19.87969,20.02231,20.07427,20.14593,20.01542,20.14805,20.24926,20.17029,20.03828,20.08772,20.12685,20.14531,20.38334,20.01003,20.31816,20.23574,20.38960,20.57075
596,20.15030,21.09747,21.25538,20.09360,21.00967,20.70798,20.19121,20.72839,20.73138,20.10877,20.14253,19.93152,20.13927,20.85597,20.93302,20.08666,20.93900,21.17468,21.10086,20.49394,20.73350,20.54134,20.67442,21.21206,20.68234,21.15771,20.78834,20.82316,21.17256
597,20.14134,21.27158,21.46859,20.03976,21.22080,20.86070,20.19350,20.85970,20.93170,20.12900,20.25649,19.91359,20.07245,21.12139,21.04380,20.07837,20.58002,20.68318,21.22965,20.20595,20.99850,20.20742,20.83382,21.47236,20.93462,21.35524,20.97705,20.96825,21.34210
598,20.05766,21.06684,21.23755,19.98506,21.04808,20.71618,20.10898,20.66705,20.75539,20.06959,20.18224,19.90075,19.99815,20.90403,20.64923,20.05698,20.18553,20.19898,20.76162,20.12636,20.81469,20.13641,20.66850,21.26983,20.80565,21.07446,20.80942,20.82552,21.09346
599,19.99267,20.90389,21.03528,19.90146,20.85242,20.60803,20.08597,20.53732,20.61091,20.03083,20.09375,19.85157,19.92849,20.66276,20.51091,20.00717,20.19983,20.13672,20.53264,20.00607,20.60499,19.98160,20.51360,21.04471,20.64075,20.81424,20.63700,20.72326,20.89203
600,19.85238,20.60612,20.66139,19.77277,20.46002,20.30845,19.82498,20.19923,20.24163,19.89073,19.89827,19.73566,19.78464,20.13678,19.86322,19.86820,19.58428,19.52379,19.78025,19.80848,20.13118,19.82341,20.17161,20.55142,20.24485,20.27719,20.29800,20.46168,20.56608
601,19.66905,20.26879,20.23790,19.56712,20.06835,20.00497,19.45413,19.87423,19.83000,19.71012,19.38147,19.48118,19.61256,19.66977,19.44587,19.66565,19.19579,19.02402,19.33872,19.18121,19.71837,19.12630,19.83207,19.97410,19.83343,19.74789,19.96199,20.16460,20.21680
602,19.50896,19.90168,19.79966,19.41316,19.71299,19.72705,18.88866,19.59823,19.46774,19.55703,18.89566,19.25341,19.34272,19.34156,19.22377,19.48895,19.01809,18.81005,19.11388,18.86957,19.43977,18.72744,19.55395,19.47904,19.50437,19.33627,19.64799,19.85639,19.82911
603,19.34410,19.68075,19.55126,19.28241,19.51828,19.56589,18.71274,19.45410,19.27209,19.44768,18.81296,19.07734,19.07373,19.19737,19.15519,19.39142,19.00874,18.84893,19.05270,18.87207,19.30935,18.75051,19.40997,19.19966,19.32821,19.16256,19.47295,19.66267,19.58717
604,19.18192,19.73542,19.61805,19.15045,19.59077,19.62920,18.88353,19.53392,19.35733,19.35877,19.04960,18.93741,18.86488,19.33240,19.35309,19.38569,19.26166,19.18577,19.28372,19.16013,19.42637,19.09403,19.48721,19.26121,19.39310,19.29337,19.54872,19.70142,19.66219
605,19.00197,19.81970,19.71716,19.04773,19.69161,19.72421,19.19584,19.64454,19.47734,19.22639,19.32009,18.82439,18.75306,19.49814,19.57020,19.40552,19.53772,19.50458,19.51462,19.45200,19.58019,19.42797,19.59804,19.35575,19.49507,19.43314,19.65335,19.77881,19.76938
606,18.88361,19.95848,19.90715,18.99301,19.87866,19.87455,19.31123,19.81130,19.67732,19.08947,19.53406,18.77934,18.70065,19.73480,19.84100,19.44207,19.84109,19.84864,19.81162,19.74004,19.79140,19.73257,19.76758,19.54183,19.67960,19.66890,19.82806,19.90818,19.88209
607,18.76270,19.92724,19.88835,18.90693,19.83825,19.83000,19.42235,19.76008,19.62806,18.94985,19.52065,18.72420,18.64153,19.66330,19.73165,19.37847,19.73072,19.69222,19.69019,19.66992,19.72178,19.64326,19.71345,19.47719,19.63047,19.56916,19.78501,19.88457,19.82986
608,18.65298,19.85425,19.81874,18.85559,19.75306,19.74853,19.46468,19.66750,19.54075,18.79957,19.52570,18.69075,18.57387,19.53699,19.56627,19.30226,19.54899,19.47500,19.50805,19.53325,19.60150,19.49079,19.62163,19.37786,19.53274,19.43429,19.69215,19.82139,19.74915
609,18.54084,19.49460,19.42976,18.91588,19.34512,19.37972,18.78905,19.23958,19.12238,18.74661,19.04770,18.76082,18.58719,19.00992,18.98008,19.21672,19.01382,18.91254,18.87685,19.10923,19.10175,19.07604,19.19905,19.00898,19.10538,18.94224,19.29396,19.49057,19.39030
610,18.31131,18.23444,18.00485,18.80617,18.00713,18.28012,18.31420,18.05412,17.84416,18.41556,18.12955,18.69561,18.57456,17.56947,17.46877,18.83879,17.45318,17.16816,17.23545,17.74375,17.77436,17.60973,17.97701,17.61572,17.79209,17.37161,18.09449,18.40978,18.17292
611,18.29288,17.13195,16.77703,18.51504,16.90104,17.20216,18.44489,16.97724,16.67525,18.15876,18.36181,18.39039,18.49897,16.08541,16.41797,18.45738,17.52370,17.44593,16.17794,18.20383,16.26852,18.19863,16.75746,16.39291,16.58928,16.19472,17.05866,17.36341,17.14088
612,18.27505,16.98063,16.63693,17.85069,16.81695,17.08803,17.83043,16.86619,16.58851,18.26448,17.68241,17.62644,17.91231,16.25757,16.30269,18.22835,16.78279,16.82911,16.16285,17.31434,16.37377,17.35436,16.73763,16.25559,16.60131,16.21514,16.97195,17.18401,17.03580
613,17.76859,17.15102,16.90749,17.35148,17.05532,17.26344,16.89211,17.06317,16.83163,18.18007,16.92210,17.34074,17.30252,16.74077,16.65285,17.98418,16.61168,16.60224,16.54606,16.69738,16.83418,16.74007,17.00063,16.51524,16.84883,16.56327,17.16731,17.30431,17.20226
614,17.29677,17.42575,17.27004,17.38723,17.37732,17.51879,16.93013,17.36738,17.18413,17.88996,17.09258,17.51149,17.16284,17.19988,17.21767,18.21396,17.15343,17.14841,17.15759,17.08258,17.27464,17.10605,17.30773,16.90865,17.16937,17.01451,17.44741,17.52187,17.46562
615,17.17310,17.59504,17.47998,17.59909,17.55403,17.65660,17.21949,17.54311,17.37787,17.58754,17.39137,17.67082,17.25006,17.40969,17.49288,18.42762,17.47611,17.47816,17.45536,17.42939,17.47754,17.44024,17.47670,17.12060,17.35207,17.24882,17.59116,17.65305,17.64929
616,17.25429,17.70905,17.63468,17.79441,17.68970,17.76258,17.49484,17.68551,17.53102,17.43691,17.61698,17.79531,17.38414,17.57702,17.69749,18.52957,17.72814,17.74018,17.67566,17.68564,17.63782,17.69698,17.62034,17.27644,17.50387,17.42808,17.70712,17.75109,17.75043
617,17.38616,17.81052,17.76765,18.04239,17.79832,17.84079,17.70911,17.78355,17.63878,17.39547,17.79174,17.91639,17.50805,17.66564,17.79594,18.52838,17.84041,17.84090,17.76396,17.83237,17.73377,17.83482,17.72196,17.36963,17.60316,17.53386,17.79071,17.83120,17.82839
618,17.60381,17.73684,17.69925,18.29231,17.74611,17.78198,17.56848,17.72633,17.61275,17.54072,17.67519,18.02849,17.69014,17.62169,17.74641,18.36919,17.77039,17.73744,17.68341,17.76062,17.69840,17.75609,17.68735,17.35407,17.58252,17.47848,17.74861,17.78072,17.72596
619,17.71896,17.49408,17.46241,18.29346,17.53092,17.57943,17.48731,17.51485,17.41346,17.76547,17.46659,18.06380,17.92396,17.35847,17.44458,18.19860,17.44402,17.34390,17.37102,17.42206,17.46083,17.37218,17.48104,17.13675,17.37477,17.21879,17.54571,17.58152,17.41169
620,17.75363,17.47481,17.48748,18.22749,17.53689,17.54340,17.67223,17.47908,17.40776,17.80494,17.41978,18.08889,18.09627,17.29669,17.33648,18.14888,17.29189,17.19875,17.26124,17.31041,17.39118,17.27012,17.43414,17.17009,17.34576,17.22391,17.52935,17.54448,17.35163
621,17.84501,17.36852,17.37508,18.17368,17.44982,17.46832,17.79262,17.41124,17.34397,17.83046,17.30903,18.08115,18.13980,17.22898,17.25014,18.12383,17.20646,17.12160,17.19276,17.20487,17.31096,17.17180,17.36083,17.13895,17.29050,17.17488,17.45231,17.46106,17.24812
622,17.94031,17.30623,17.29475,18.05526,17.37618,17.41303,17.82653,17.36462,17.28328,17.87760,17.38103,17.90678,18.08890,17.19510,17.21526,18.09191,17.17813,17.10225,17.16237,17.15669,17.26336,17.12818,17.31399,17.10233,17.26215,17.15233,17.38479,17.40138,17.22250
623,17.90735,17.10753,17.04058,17.73799,17.13295,17.21090,16.93999,17.15262,17.00770,17.87400,16.90037,17.62095,17.79402,16.91857,16.91612,17.90680,16.86726,16.74251,16.83190,16.83826,17.01888,16.75519,17.09671,16.76739,17.02423,16.82360,17.14176,17.21534,17.06448
624,17.74311,16.88745,16.77825,17.59560,16.88303,16.98818,16.52027,16.91209,16.73996,17.79380,16.50531,17.57279,17.53052,16.61628,16.61194,17.77715,16.50497,16.34545,16.47881,16.44283,16.76037,16.33540,16.84684,16.39921,16.71627,16.44139,16.88135,17.01382,16.85974
625,17.60528,16.69890,16.56618,17.60814,16.68481,16.79791,16.76257,16.71834,16.55291,17.72959,16.46488,17.60697,17.46352,16.37754,16.36514,17.70724,16.23514,16.08055,16.21508,16.23757,16.53997,16.16183,16.64670,16.18351,16.48074,16.21042,16.68975,16.84442,16.67423
626,17.45637,16.26516,16.06670,17.53709,16.21396,16.37698,17.34565,16.27056,16.08574,17.56777,17.19247,17.52537,17.41312,15.81346,15.72227,17.52715,15.70739,15.58237,15.54387,16.48546,15.97601,16.50375,16.18641,15.72091,16.01098,15.67982,16.26801,16.45618,16.24650
627,17.27323,15.97324,15.70716,17.30509,15.85555,16.07127,17.24508,15.94606,15.70010,17.39043,17.08392,17.27673,17.30728,15.36074,15.26335,17.36062,15.49755,15.38077,15.05070,16.51123,15.55027,16.52179,15.84344,15.30114,15.64639,15.25891,15.95083,16.17682,15.99696
628,17.09025,15.58084,15.26036,17.03553,15.42749,15.67326,17.07473,15.52860,15.25294,17.19831,16.98198,16.97929,17.02405,14.81897,14.84359,17.09994,15.73866,15.69521,14.67942,16.63850,14.98751,16.63820,15.38888,14.83585,15.19708,14.79323,15.54068,15.79291,15.64490
629,16.72463,15.34616,15.03425,16.64906,15.21457,15.44808,16.86843,15.28816,15.02721,16.93446,16.72571,16.40262,16.46352,14.67333,14.65306,16.85230,15.13264,15.43510,14.63441,16.07047,14.81102,16.15857,15.17702,14.62852,15.01183,14.62543,15.32448,15.53973,15.44025
630,16.21672,15.15940,14.89230,16.02724,15.07567,15.31195,15.93242,15.10743,14.90571,16.51739,15.50338,15.91366,15.88737,14.69335,14.59977,16.53336,14.61680,14.78721,14.53155,14.90215,14.82793,15.07162,15.07910,14.53402,14.87646,14.54194,15.17219,15.34358,15.26619
631,15.70768,14.89506,14.67478,15.92636,14.81980,15.01706,15.65297,14.80886,14.57692,15.96513,15.58337,15.86053,15.62760,14.27740,14.30976,16.25233,14.72774,14.69634,14.25230,15.25419,14.40013,15.26227,14.70483,14.28461,14.51803,14.27485,14.85185,15.05787,15.00209
632,15.22602,14.23092,13.99504,15.37840,14.14850,14.35575,15.36432,14.13011,13.90247,15.32566,15.28134,15.06670,15.18063,13.52593,13.84530,15.70052,14.42701,14.29568,13.66985,14.92328,13.59694,14.90700,13.94606,13.58653,13.83612,13.49658,14.22970,14.43783,14.31431
633,14.61796,13.62888,13.32781,14.54051,13.51700,13.77901,14.05257,13.55301,13.28811,14.76476,13.76153,14.25576,14.30830,12.98323,12.92145,15.15032,13.06556,12.87457,12.75129,13.29199,13.12145,13.18907,13.45338,12.86938,13.30605,12.79411,13.68221,13.86783,13.70863
634,13.81726,13.17463,12.82123,14.18221,13.06473,13.39625,12.46580,13.16511,12.85216,14.14795,12.51975,13.89609,13.66778,12.68624,12.55868,14.82067,12.34581,12.11533,12.34597,12.29308,12.90135,12.15262,13.15083,12.31703,12.89699,12.29116,13.28817,13.46346,13.25599
635,13.19892,12.48207,12.05508,14.13851,12.36876,12.75799,11.84234,12.50057,12.15472,13.45271,11.74959,13.83578,13.56386,11.92308,11.76985,14.64052,11.48053,11.13979,11.47030,11.39666,12.20836,11.20945,12.50976,11.54444,12.15639,11.47487,12.61516,12.82399,12.56944
636,13.10423,12.14594,11.71999,14.27680,12.06436,12.49934,11.01772,12.17265,11.88764,13.10300,11.22750,13.93912,13.72717,11.70191,11.69894,14.66942,11.36757,11.05365,11.41273,11.17623,12.01487,10.97152,12.25224,11.26023,11.80627,11.20053,12.31521,12.49081,12.25826
637,13.18362,11.88560,11.45141,14.37444,11.76238,12.22507,10.92033,11.98424,11.59764,13.00036,11.07580,14.03224,13.91184,11.39401,11.50731,14.72019,11.24047,10.89762,11.21703,11.03590,11.78306,10.81746,12.00609,10.93985,11.57504,10.94598,12.04311,12.23274,12.01019
638,13.34144,11.62796,11.20253,14.33532,11.50995,11.97642,10.79094,11.81467,11.33396,13.06243,10.94821,14.03927,13.94369,11.16927,11.32082,14.62542,11.10816,10.78404,11.03699,10.94395,11.59562,10.72429,11.78925,10.65408,11.37937,10.71913,11.80047,11.98317,11.72295
639,13.31980,11.26022,10.81339,14.27982,11.12896,11.62576,10.62197,11.49749,10.92700,13.20983,10.67447,14.00311,13.89466,10.78671,10.92776,14.53799,10.71823,10.36571,10.60760,10.58623,11.24223,10.35508,11.44119,10.21881,11.02010,10.32056,11.41370,11.64220,11.36440
640,13.11331,10.68875,10.22268,14.15580,10.57851,11.09930,10.03244,10.98317,10.31803,13.13579,10.04039,13.82032,13.77176,10.18371,10.29087,14.34736,10.03507,9.61732,9.93217,9.90794,10.67138,9.63611,10.90782,9.60540,10.47795,9.73938,10.81991,11.12618,10.81085
641,12.95776,10.42304,10.01703,14.05098,10.37797,10.87184,9.60790,10.76415,10.09474,12.95829,9.75996,13.67681,13.67699,10.04957,10.19481,14.21762,9.90957,9.55695,9.83536,9.74383,10.51375,9.50536,10.69662,9.40752,10.24391,9.55916,10.59459,10.87267,10.52670
642,12.76564,10.07186,9.72384,13.96421,10.09425,10.59681,9.56216,10.45593,9.88659,12.78529,9.69369,13.59558,13.51089,9.85231,10.04594,14.08011,9.81002,9.46785,9.67185,9.66395,10.28962,9.45264,10.41855,9.15826,9.91998,9.25104,10.34125,10.56709,10.09106
643,12.43135,9.69980,9.39361,13.81634,9.76000,10.21254,9.30968,10.06007,9.63604,12.38869,9.44966,13.34752,13.36186,9.48216,9.77148,13.44884,9.59580,9.27752,9.43362,9.46678,9.91523,9.26304,9.97493,8.84540,9.49026,8.90575,9.90357,10.19572,9.66046
644,12.55203,9.66331,9.38221,13.49273,9.71467,10.09601,11.32549,10.01611,9.62230,12.29345,10.31717,13.21093,13.54248,9.55434,9.90171,12.88951,9.79340,9.62792,9.65584,9.74866,9.90980,9.68577,9.89621,8.93655,9.45018,9.08240,9.80160,10.10857,9.65642
645,13.15117,9.90298,9.65985,13.20658,9.94884,10.26888,13.57091,10.24359,9.87491,12.44864,13.12657,13.23376,13.56250,10.02314,10.29588,12.81281,10.27264,10.28897,10.22901,11.92878,10.22504,12.01720,10.13761,9.30971,9.76021,9.56870,10.02232,10.26809,9.95856
646,13.48906,10.26618,10.10871,13.07445,10.35333,10.57228,13.51740,10.62216,10.30065,12.85915,13.13056,13.21762,13.37564,10.62378,10.84198,12.84717,11.06842,11.11849,10.91983,12.51960,10.63967,12.49811,10.53525,9.88601,10.26747,10.23939,10.39361,10.53423,10.37957
647,13.42968,10.48176,10.38857,13.03577,10.58004,10.73389,12.19849,10.80910,10.55012,13.13316,11.65706,13.18852,13.15862,10.81214,11.01868,12.91696,11.17744,11.30239,11.11889,11.31570,10.83035,11.39124,10.79466,10.20555,10.54105,10.55770,10.59529,10.68582,10.62598
648,13.15499,10.59442,10.52475,13.07862,10.69096,10.82122,11.84269,10.90257,10.69317,13.16597,11.42934,13.19018,13.02224,10.91545,11.11124,13.07009,11.27473,11.35750,11.18006,11.33288,10.96537,11.37474,10.93240,10.37574,10.71417,10.68588,10.70350,10.77247,10.75003
649,13.04231,10.75229,10.67988,13.20181,10.80788,10.92614,12.94487,11.00449,10.81291,13.10614,12.64721,13.25691,13.07468,11.12020,11.35785,13.24124,11.51374,11.54692,11.40117,12.16460,11.13984,12.20036,11.03656,10.47471,10.85258,10.76173,10.81129,10.89184,10.92810
650,12.99245,10.90612,10.84306,13.29286,10.93141,11.02572,12.85410,11.08015,10.92085,13.00950,12.61842,13.28407,13.12518,11.17223,11.44276,13.30807,11.63014,11.66013,11.46244,12.31801,11.24255,12.34135,11.09954,10.60373,10.93967,10.85044,10.93125,11.01000,11.07689
651,12.93252,10.89741,10.83175,13.26371,10.91212,10.99684,12.09506,11.02497,10.89118,12.84945,11.66959,13.22488,13.16672,10.99531,11.26208,13.23768,11.37228,11.34934,11.23325,11.43106,11.11403,11.43164,11.05634,10.57022,10.89367,10.78399,10.92185,11.00208,11.02831
652,12.93968,10.90258,10.83156,13.19125,10.90492,10.97863,12.32470,11.00732,10.86960,12.75835,11.61918,13.18940,13.23487,10.92770,11.18453,13.18284,11.24449,11.18296,11.11054,11.31475,11.07344,11.31229,11.02444,10.51449,10.86620,10.71951,10.91280,11.00318,11.01766
653,12.94744,10.72644,10.64398,13.13470,10.75352,10.86927,11.24674,10.90189,10.75547,12.72687,11.16042,13.14123,13.10590,10.76571,10.97895,13.10245,11.05301,10.96821,10.89401,11.08041,10.91635,11.02865,10.92574,10.37717,10.75518,10.54335,10.79643,10.87425,10.79166
654,12.82983,10.56846,10.44027,13.06189,10.57702,10.75009,11.98785,10.76886,10.56309,12.78521,11.18526,13.11693,13.06507,10.52676,10.70479,13.00978,10.71569,10.57390,10.54807,10.83552,10.71728,10.78800,10.78378,10.05818,10.55643,10.24073,10.64198,10.75078,10.60069
655,12.85423,10.47059,10.34352,12.97526,10.47884,10.66202,11.51165,10.67439,10.47481,12.74369,10.87754,13.07133,13.01276,10.37757,10.54089,12.94692,10.51682,10.35733,10.37819,10.56858,10.59267,10.49471,10.67560,9.91758,10.42826,10.10223,10.54100,10.66302,10.48461
656,12.67431,10.32977,10.18886,12.84056,10.29344,10.48484,11.80439,10.47245,10.27426,12.63871,11.36885,12.88480,12.80102,10.15168,10.25111,12.81830,10.36890,10.24184,10.10126,10.94783,10.34964,10.91231,10.44643,9.77236,10.21182,9.92067,10.36213,10.50529,10.35126
657,12.48416,9.73458,9.48274,12.58786,9.64931,9.94351,12.01463,9.84287,9.55317,12.33184,11.53188,12.66754,12.67440,9.33561,9.31324,12.47932,9.87129,9.62469,9.05153,10.93950,9.56310,10.83391,9.78873,8.94142,9.53155,9.02635,9.79622,9.97492,9.72520
658,12.34286,9.31909,9.01177,12.38754,9.19937,9.57771,9.82568,9.44027,9.12372,12.27741,9.24376,12.42663,12.41826,8.92744,8.87739,12.23993,8.66556,8.35743,8.58242,8.70191,9.20816,8.56357,9.37358,8.42616,9.03272,8.47539,9.37318,9.60651,9.30948
659,12.06715,9.08351,8.74813,12.12237,8.90221,9.25190,9.30641,9.09994,8.70540,11.96541,8.50953,12.20490,12.14872,8.38364,8.34190,11.93212,8.08046,7.71152,8.04902,8.03750,8.72411,7.87982,8.97386,7.92187,8.62077,8.05191,8.98540,9.34505,9.08602
660,11.64960,8.77093,8.39793,11.80953,8.52904,8.84623,8.05523,8.66982,8.19207,11.67637,7.66960,11.90072,11.75261,7.84417,7.79217,11.68884,7.50168,7.15535,7.54168,7.37396,8.18479,7.17837,8.49303,7.33556,8.17952,7.57175,8.54626,8.97942,8.77521
661,10.93456,9.04769,8.76365,11.72914,8.83129,9.03011,7.79817,8.90650,8.55358,11.20497,8.08886,11.62007,11.34603,8.32799,8.52775,11.66668,8.35193,8.23884,8.31078,8.20860,8.64796,8.13448,8.78211,7.65723,8.41088,8.01543,8.80322,9.14102,9.06985
662,10.87034,9.50648,9.31259,11.85657,9.33149,9.39766,9.57846,9.38025,9.10820,10.88723,8.86496,11.63673,11.57660,9.04951,9.35786,11.75307,9.31762,9.34915,9.26153,9.12390,9.27245,9.14258,9.31589,8.32152,8.94246,8.82680,9.26656,9.50570,9.56014
663,10.99616,9.50319,9.34195,11.83640,9.37125,9.46078,10.74695,9.48564,9.19736,10.73620,9.14825,11.58278,11.71526,9.31330,9.46075,11.69832,9.38970,9.41763,9.44079,9.10659,9.42637,9.12909,9.45305,8.54371,9.16089,9.02940,9.29701,9.53523,9.58002
664,11.26342,9.55915,9.41368,11.77900,9.42901,9.52209,9.79139,9.56307,9.28293,10.81479,9.13795,11.62263,11.73967,9.40105,9.54176,11.64690,9.50727,9.50096,9.50452,9.29737,9.53545,9.32073,9.54244,8.65807,9.26807,9.09332,9.36374,9.58218,9.64292
665,11.31970,9.77426,9.67157,11.78449,9.67349,9.73790,9.40727,9.83008,9.60583,10.87800,9.66240,11.66774,11.71374,9.77012,9.95140,11.72822,10.00234,10.08143,9.96340,9.93769,9.87032,9.99994,9.82087,9.03437,9.57861,9.49838,9.61708,9.77058,9.88635
666,11.27963,10.09960,10.07466,11.84020,10.03723,10.03194,10.43757,10.15270,10.01550,11.03681,10.18283,11.72008,11.73602,10.19918,10.38132,11.85419,10.48223,10.59588,10.44058,10.45834,10.24194,10.52152,10.17632,9.60266,10.01129,10.05353,9.97972,10.03479,10.20949
667,11.21160,10.32474,10.34987,11.87638,10.28848,10.23934,10.75681,10.32766,10.27660,11.15919,10.59756,11.69897,11.71966,10.40545,10.49700,11.86412,10.59812,10.63879,10.54342,10.66333,10.42273,10.68326,10.37172,9.99275,10.30693,10.32307,10.23365,10.22419,10.39107
668,11.30470,10.03925,10.00714,11.74428,10.00645,10.04236,11.00254,10.06675,10.00516,11.08363,10.57283,11.64027,11.72245,10.03945,10.06464,11.69862,10.11459,10.01704,10.00204,10.30819,10.10139,10.25906,10.09658,9.67985,10.03281,9.85542,10.01639,10.02423,10.04524
669,11.40481,9.78143,9.70693,11.57837,9.73284,9.83188,11.55857,9.81160,9.72793,11.09257,11.33577,11.54430,11.61369,9.65866,9.74225,11.52815,10.23443,10.08652,9.61058,11.14234,9.75985,11.10369,9.81935,9.40166,9.72082,9.49566,9.79781,9.81939,9.77478
670,11.37251,9.46031,9.33835,11.41494,9.40739,9.57651,10.62129,9.53892,9.41714,10.97735,10.08395,11.37592,11.43141,9.34264,9.38475,11.32945,9.44145,9.27010,9.24042,9.69739,9.48385,9.58301,9.52033,9.04135,9.36196,9.09929,9.49390,9.56804,9.43631
671,11.25498,9.17472,9.02769,11.22353,9.10338,9.31503,10.02592,9.26253,9.09173,11.01249,9.45718,11.23235,11.27761,9.01373,9.07556,11.11198,9.03678,8.85132,8.90932,9.11626,9.18476,9.01161,9.22634,8.70721,9.02272,8.75197,9.18612,9.32378,9.14420
672,11.18224,9.17002,9.05916,11.09307,9.09670,9.25870,11.08424,9.20828,9.04337,11.04917,10.58490,11.15909,11.17973,8.95150,9.01319,11.02566,9.09926,9.00247,8.88955,9.81978,9.10258,9.84386,9.15682,8.71180,8.95311,8.78328,9.12992,9.28775,9.14839
673,11.06980,8.97020,8.84634,10.93513,8.89305,9.07553,10.54590,9.03371,8.85984,10.84995,10.24005,10.98044,11.00302,8.77803,8.85149,10.84046,9.19441,9.05657,8.73426,9.91354,8.92066,9.83113,8.98323,8.57210,8.78930,8.63174,8.95209,9.10121,8.96153
674,10.80010,8.78265,8.64916,10.72390,8.67568,8.86995,8.85014,8.84416,8.65659,10.66708,8.70130,10.75307,10.71597,8.55769,8.65366,10.61241,8.57539,8.45890,8.52535,8.54436,8.73285,8.47863,8.78969,8.33658,8.58291,8.42322,8.72938,8.90874,8.79216
675,10.56761,8.65429,8.51755,10.56960,8.53160,8.74064,9.77627,8.71278,8.50071,10.37775,9.12394,10.61888,10.60380,8.42198,8.48568,10.48061,8.40262,8.31261,8.36237,8.53391,8.58496,8.52231,8.66001,8.20110,8.44829,8.27155,8.60236,8.77143,8.66556
676,10.46285,8.42848,8.26574,10.43178,8.28613,8.54051,10.37931,8.50385,8.26562,10.49657,9.95342,10.57427,10.49950,8.14927,8.18436,10.35259,8.15616,8.03314,8.04576,8.92979,8.33229,8.87920,8.44882,7.93147,8.20436,7.98360,8.37675,8.56967,8.45376
677,10.40077,8.30731,8.13897,10.31233,8.16244,8.43585,9.83945,8.40741,8.16652,10.44229,9.17800,10.45798,10.36992,8.04445,8.11611,10.21995,8.03943,7.91282,7.96812,8.33410,8.24959,8.26108,8.34487,7.82783,8.07772,7.88622,8.26703,8.45242,8.34671
678,10.17296,8.00055,7.80401,10.13696,7.85942,8.17776,8.29221,8.14914,7.86297,10.28213,7.84565,10.32312,10.12621,7.69321,7.81457,10.08334,7.68523,7.47904,7.61306,7.61524,7.97230,7.50876,8.08040,7.43025,7.77729,7.49254,7.97462,8.19468,8.00363
679,9.87624,7.68518,7.47380,9.97641,7.54408,7.88626,7.62540,7.84825,7.54080,9.87682,7.43567,10.07000,9.87484,7.40164,7.54569,9.89826,7.40217,7.21360,7.32778,7.31586,7.68775,7.21032,7.78426,7.09773,7.44382,7.14135,7.66832,7.90495,7.66258
680,9.56181,7.45147,7.22672,9.82794,7.30935,7.65763,9.13400,7.62135,7.27578,9.88435,8.27959,9.94359,9.81778,7.15047,7.28262,9.73901,7.16349,7.01763,7.06670,7.48001,7.44248,7.47513,7.54853,6.81480,7.17425,6.87810,7.41353,7.68828,7.43525
681,9.51482,7.20259,6.95294,9.65897,7.03874,7.41255,8.65305,7.36578,7.00904,9.77195,8.19721,9.80292,9.67226,6.81516,6.94538,9.56892,6.85971,6.70391,6.72943,7.44107,7.12752,7.41122,7.27596,6.47621,6.88340,6.55545,7.14876,7.45345,7.20109
682,9.29434,6.89358,6.61641,9.45846,6.70897,7.13138,7.56065,7.09015,6.73297,9.54447,7.06869,9.61449,9.38662,6.60645,6.78823,9.32365,6.65743,6.48704,6.56883,6.62754,6.92513,6.55644,7.01793,6.21517,6.62193,6.29402,6.87572,7.15294,6.91754
683,9.15682,6.63585,6.32555,9.25989,6.46218,6.93608,8.89226,6.88198,6.50237,9.43067,8.41280,9.54315,9.29908,6.37857,6.48284,9.19923,6.32248,6.19831,6.28452,7.10106,6.66281,7.12971,6.80632,5.94802,6.39810,6.05167,6.71212,6.90686,6.67823
684,9.06710,6.36261,6.05489,9.14397,6.17955,6.70570,6.85841,6.65502,6.29576,9.24439,6.42927,9.42707,9.14103,6.15341,6.32326,9.14808,6.18830,5.99041,6.09363,6.11238,6.47996,6.01039,6.57976,5.70936,6.14841,5.79588,6.48135,6.65475,6.40762
685,8.92951,6.14421,5.82172,9.08064,6.09183,6.57069,7.56259,6.55701,6.21283,9.12306,6.83075,9.25556,8.96767,6.24968,6.46160,8.99993,6.33473,6.25000,6.30409,6.25732,6.49220,6.22607,6.50566,5.68048,6.15167,5.87826,6.38964,6.46007,6.23754
686,9.02110,6.30002,6.08436,9.01237,6.47880,6.71140,8.69103,6.75049,6.47545,9.09890,8.25505,9.19909,9.03690,6.66281,6.80113,8.91344,6.66902,6.67974,6.76785,7.30125,6.75620,7.31313,6.72405,6.04043,6.50134,6.33083,6.60214,6.57092,6.43659
687,8.93621,6.08567,5.87566,8.87874,6.26369,6.51234,6.98423,6.54159,6.27100,9.00049,6.63212,9.10359,8.86866,6.32094,6.47042,8.86617,6.43264,6.30223,6.36410,6.37585,6.50045,6.29841,6.53582,5.71620,6.26057,5.95196,6.39273,6.38664,6.20826
688,8.65639,5.89806,5.66974,8.77503,5.96839,6.27853,6.05171,6.27498,6.04108,8.84158,6.09745,8.88163,8.47870,5.92700,6.14384,8.80811,6.08262,5.93411,5.97817,6.04051,6.21015,5.94053,6.26512,5.43181,5.95104,5.62072,6.12238,6.20053,5.99173
689,8.58601,5.81439,5.59249,8.71700,5.85267,6.16661,6.94022,6.16319,5.91931,8.75672,6.16577,8.76306,8.44459,5.81434,6.02196,8.68838,5.94174,5.80575,5.84694,5.91540,6.09434,5.85868,6.12848,5.33931,5.81152,5.51178,6.00516,6.11530,5.88597
690,8.65217,5.78380,5.56218,8.63897,5.79196,6.09465,8.03074,6.08933,5.83491,8.73322,7.91893,8.71464,8.51415,5.77246,5.92325,8.62477,6.04020,5.99558,5.80430,7.28189,5.99671,7.30749,6.04492,5.31417,5.73821,5.47175,5.92862,6.07154,5.83971
691,8.65391,5.72476,5.48761,8.58343,5.72039,6.03085,8.01454,6.03053,5.76425,8.69250,7.79401,8.70812,8.53106,5.67913,5.85924,8.54306,5.94627,5.90270,5.73743,6.96099,5.92373,6.98908,5.97867,5.25181,5.65631,5.38277,5.86551,6.01287,5.75790
692,8.68138,5.70596,5.45021,8.54875,5.66627,6.00201,7.70355,6.00051,5.73169,8.68536,7.16318,8.75912,8.54993,5.59807,5.83937,8.58691,5.86229,5.79558,5.71306,6.35031,5.86158,6.36331,5.93139,5.22598,5.61595,5.33988,5.83258,5.99010,5.74055
693,8.61927,5.58884,5.32043,8.46676,5.53242,5.87487,6.59741,5.85219,5.57855,8.59882,6.07082,8.69277,8.46127,5.39297,5.62146,8.48732,5.58458,5.45580,5.47364,5.65185,5.64817,5.61043,5.77288,5.08783,5.47087,5.16192,5.71023,5.86931,5.61298
694,8.45589,5.00782,4.65423,8.27698,4.94175,5.33760,7.96839,5.26031,4.86923,8.40600,7.47776,8.56196,8.42552,4.63594,4.69288,8.13193,4.84854,4.69187,4.43911,6.33700,4.87076,6.39332,5.11093,4.34278,4.83925,4.37316,5.15052,5.35419,5.04924
695,8.31959,4.37894,3.95608,8.25785,4.31155,4.77142,7.86986,4.64811,4.15318,8.22939,7.23406,8.43737,8.41995,3.82442,3.82113,7.88123,4.57113,4.46044,3.51612,6.30565,4.06974,6.31948,4.44576,3.52461,4.19590,3.60271,4.55865,4.79040,4.43517
696,8.10936,3.93640,3.49488,8.26536,3.95116,4.48007,4.24704,4.35994,3.92021,8.10429,4.08827,8.30948,8.06354,3.81040,3.79691,7.93809,3.61717,3.39664,3.53348,3.66304,4.07488,3.56327,4.27460,3.16805,3.93018,3.29551,4.29354,4.41693,4.02136
697,7.65491,3.98470,3.64479,8.04589,4.21472,4.56459,5.97649,4.52827,4.14354,8.01570,5.33050,8.07803,7.91289,4.23552,4.32881,7.93517,4.19654,4.14900,4.19368,4.68897,4.42647,4.68083,4.45269,3.50157,4.12552,3.79087,4.41988,4.42482,4.14718
698,7.64949,3.82292,3.61330,7.88800,4.15149,4.36583,7.84081,4.32263,3.99388,7.62615,7.47654,7.87466,7.99401,3.97442,4.01518,7.69146,5.64672,5.55876,3.92319,7.22063,4.12003,7.19699,4.24153,3.34560,3.98274,3.63690,4.25571,4.24292,3.97993
699,7.74781,3.68208,3.51152,7.86327,4.00507,4.22048,5.27114,4.19125,3.90285,7.66975,4.85522,7.86596,7.80725,3.79678,3.87334,7.68677,3.85107,3.78499,3.75073,4.18989,4.01519,4.21533,4.12750,3.19784,3.84281,3.42178,4.14380,4.09376,3.82609
700,7.36637,3.58862,3.42537,7.70764,3.89192,4.11095,4.65987,4.08993,3.81057,7.38345,4.17029,7.62899,7.57596,3.71753,3.83765,7.43933,3.70789,3.59973,3.69528,3.69590,3.95378,3.65377,4.05007,3.11238,3.73119,3.32900,4.03339,3.98918,3.73341
701,7.28119,3.37442,3.23729,7.49497,3.65294,3.81935,7.29028,3.77802,3.45044,7.04887,6.84727,7.43185,7.54557,3.33302,3.38245,7.21293,4.66777,4.53002,3.23919,6.35638,3.48529,6.33566,3.67985,2.80036,3.43323,3.02116,3.73903,3.74771,3.48625
702,7.23606,3.01103,2.83441,7.40792,3.28704,3.53262,4.36440,3.50841,3.22078,7.21748,4.07663,7.35026,7.29338,3.15172,3.22027,7.19143,3.21605,3.11577,3.06277,3.52590,3.36221,3.49171,3.47248,2.47064,3.14981,2.66665,3.46898,3.42584,3.10457
703,6.68074,2.97420,2.76869,7.18187,3.27918,3.54408,3.44316,3.57586,3.35678,6.98157,3.56555,7.05581,7.03772,3.40619,3.59755,6.78407,3.56424,3.48345,3.45764,3.50337,3.59772,3.46622,3.58683,2.64424,3.22521,2.91151,3.50619,3.40301,3.09642
704,6.49508,2.94473,2.75867,6.73912,3.30176,3.46648,5.66435,3.48813,3.31260,6.58142,4.33153,6.75976,6.94859,3.39598,3.56383,6.36131,3.53125,3.45441,3.45138,3.54306,3.55267,3.52689,3.53215,2.66438,3.23276,2.97429,3.46255,3.33884,3.04914
705,6.15981,2.66175,2.44465,6.17973,2.91238,3.11111,4.34501,3.05632,2.94742,6.17119,3.96145,6.33675,6.21711,2.93594,3.07822,6.07513,3.12268,3.01414,2.95764,3.50197,3.10180,3.46124,3.08015,2.36886,2.87443,2.64164,3.09427,3.03515,2.72517
706,5.93977,2.41846,2.17525,5.93434,2.58571,2.76412,5.93955,2.71546,2.52114,5.92005,5.75891,6.17548,5.99837,2.57167,3.74220,5.90391,5.16229,5.04016,3.49696,5.77409,2.70895,5.76060,2.66663,1.96183,2.47567,2.17432,2.72329,2.75548,2.50095
707,5.91281,1.96705,1.76746,5.81411,2.16486,2.32243,5.42586,2.22671,2.05040,5.74186,5.13720,5.97748,5.96034,2.36404,3.79130,5.61514,4.46326,4.31913,3.59061,4.88843,2.60678,4.83944,2.17721,1.47425,1.97543,1.58884,2.25817,2.30501,2.03033
708,5.67144,1.60919,1.36048,5.65820,1.72249,1.96603,3.27269,1.82799,1.59232,5.64119,3.08914,5.79953,5.71842,1.39558,1.98101,5.29827,2.48172,2.27020,1.79525,2.76655,1.69861,2.62655,1.76888,0.90453,1.50194,0.99170,1.84722,1.95839,1.70747
709,5.01680,1.11746,0.76686,5.51931,1.15213,1.54713,1.41251,1.41173,1.01772,5.29396,1.42950,5.60577,5.34070,0.78199,1.04368,5.00437,1.06501,0.80697,0.74152,1.14969,1.19857,0.98267,1.36119,0.14986,1.00760,0.28038,1.35744,1.52781,1.19718
710,4.38110,1.05869,0.69863,5.34864,1.10012,1.55279,0.86712,1.44922,1.07508,5.02421,1.08592,5.46059,5.19571,0.94564,1.25638,4.85801,1.13566,0.91132,0.92961,1.04592,1.33999,0.91459,1.38695,0.15855,0.90229,0.33407,1.33902,1.48523,1.16078
711,4.35462,1.21019,0.91553,5.24198,1.38469,1.76224,1.33515,1.76929,1.40639,4.78581,1.55803,5.45045,5.13972,1.30825,1.71088,4.87038,1.68609,1.50892,1.45893,1.60259,1.65926,1.50995,1.67130,0.48800,1.14968,0.75321,1.61978,1.62464,1.34773
712,4.33867,1.20344,0.97213,5.19373,1.52304,1.81343,1.96279,1.89948,1.52289,4.57995,1.90877,5.31837,5.02218,1.52039,1.89850,4.95410,1.97483,1.83866,1.72512,1.94275,1.82259,1.86546,1.85902,0.65029,1.30833,0.97427,1.73286,1.64019,1.35598
713,4.62308,1.04460,0.80498,5.14152,1.38292,1.68218,3.05905,1.77212,1.33941,4.58722,1.89631,5.29248,5.30328,1.31864,1.68706,4.92305,1.73026,1.56020,1.49273,1.71022,1.64948,1.64264,1.72352,0.43743,1.15321,0.72167,1.59375,1.51730,1.18115
714,4.94967,0.97020,0.71163,5.06487,1.24829,1.60098,1.53732,1.66657,1.26894,4.73523,1.58192,5.24054,5.03813,1.08401,1.53389,4.84505,1.55969,1.38410,1.32817,1.55622,1.54594,1.44322,1.65455,0.35123,1.05034,0.60046,1.47880,1.44535,1.11586
715,4.74717,1.09561,0.86801,5.04260,1.40278,1.72313,1.65659,1.78578,1.44399,4.96637,1.75474,5.21185,4.81628,1.26534,1.76772,4.79871,1.79292,1.67852,1.54137,1.78347,1.75902,1.71632,1.79290,0.52857,1.19879,0.81292,1.61722,1.55518,1.27081
716,4.69441,1.28765,1.12869,5.01127,1.64287,1.89276,2.16993,1.96483,1.69251,4.68550,2.09619,5.06361,4.64532,1.58298,2.07756,4.71645,2.13438,2.04041,1.84975,2.13865,2.01682,2.10435,1.98479,0.82424,1.46691,1.16623,1.82662,1.71265,1.48900
717,4.69709,1.34235,1.22330,4.92032,1.73300,1.92999,3.57956,2.00334,1.72131,4.74919,2.44812,5.03925,4.75765,1.71405,2.15424,4.58785,2.18887,2.11980,1.97766,2.15246,2.06391,2.13796,2.03664,0.91765,1.54440,1.22743,1.88044,1.75729,1.53434
718,4.65802,1.28876,1.14878,4.78845,1.60042,1.86239,2.11987,1.91412,1.67473,4.69419,2.09965,4.93890,4.64208,1.54534,1.99657,4.38660,2.05907,1.93072,1.79926,2.07852,1.94613,2.01921,1.95370,0.90485,1.50924,1.17363,1.79554,1.70095,1.46837
719,4.53541,1.26510,1.08068,4.53007,1.44998,1.80465,1.92979,1.83696,1.62278,4.54543,1.92539,4.75119,4.48456,1.44435,1.89497,4.29810,1.92896,1.77385,1.66558,1.92706,1.86608,1.83881,1.85382,0.86495,1.45580,1.13761,1.68877,1.66934,1.42232
720,4.58841,1.39097,1.21787,4.42721,1.59413,1.91047,3.33274,1.96325,1.75300,4.44989,2.25281,4.68463,4.48811,1.71108,2.11220,4.30340,2.13521,2.05275,1.94964,2.06406,2.01681,2.04392,1.97183,1.03146,1.59605,1.33893,1.82039,1.76772,1.54657
721,4.45069,1.51682,1.37974,4.43742,1.75217,2.01073,2.30677,2.06443,1.91479,3.80801,2.33953,4.57483,4.31154,1.92725,2.25854,4.37302,2.36173,2.30112,2.14402,2.38251,2.15388,2.35700,2.09225,1.26016,1.78217,1.60750,1.96398,1.85821,1.68226
722,4.18857,1.76400,1.67638,4.53756,2.02565,2.21691,2.71318,2.27408,2.18751,3.82997,2.57584,4.60771,4.34487,2.27000,2.55761,4.47411,2.67920,2.67426,2.51210,2.68901,2.40436,2.69151,2.31451,1.59233,2.09394,1.96879,2.20310,2.06196,1.93636
723,4.12791,1.84582,1.76828,4.57339,2.07296,2.25327,2.65530,2.28309,2.22426,3.98446,2.65295,4.62646,4.35329,2.29949,2.52390,4.48291,2.64322,2.62599,2.50234,2.68834,2.40889,2.67675,2.33043,1.67655,2.16857,2.01199,2.23767,2.12049,2.00646
724,4.17013,2.13500,2.06385,4.58957,2.19045,2.42770,2.82573,2.45747,2.43154,4.11090,2.81490,4.61262,4.39364,2.41272,2.67436,4.40550,2.78009,2.79377,2.64249,2.83057,2.54792,2.84811,2.47680,1.97466,2.38480,2.30714,2.37199,2.33560,2.29921
725,4.18103,2.25264,2.16445,4.47916,2.22968,2.47991,3.91706,2.52466,2.47459,4.12239,3.29306,4.53138,4.49104,2.49109,2.76506,4.16161,2.85273,2.83979,2.70023,2.95898,2.61847,2.97548,2.54419,2.04489,2.44933,2.33043,2.37878,2.42660,2.39732
726,4.25105,2.41570,2.33581,4.30810,2.36527,2.57987,4.47705,2.64745,2.58997,4.20271,4.25429,4.49502,4.47054,2.67608,2.97358,3.97754,3.10183,3.07415,2.91587,3.81524,2.79843,3.78199,2.67603,2.20594,2.57664,2.45907,2.47141,2.55148,2.54522
727,4.31507,2.62935,2.58505,4.20352,2.58978,2.74941,3.68802,2.84721,2.80222,4.19069,3.47025,4.45925,4.32999,2.85808,3.11911,3.97680,3.24934,3.25437,3.08980,3.34923,2.94669,3.35232,2.87927,2.48300,2.79437,2.73036,2.66445,2.72387,2.74810
728,4.26074,2.80403,2.78348,4.19110,2.76187,2.88333,3.76695,2.99081,2.95085,4.15674,3.48848,4.45478,4.25337,3.01337,3.23494,4.06650,3.35986,3.36802,3.21947,3.41047,3.07386,3.42103,3.02418,2.66406,2.94235,2.88423,2.81664,2.85872,2.91306
729,4.22623,2.84760,2.83524,4.22689,2.81202,2.92548,3.99199,3.01476,2.97583,4.14324,3.63303,4.42916,4.22463,3.07907,3.24333,4.10840,3.36859,3.36156,3.25071,3.42136,3.10122,3.41864,3.05032,2.72930,2.96951,2.89495,2.88040,2.88790,2.95779
730,4.12713,2.61233,2.57472,4.18129,2.59991,2.75187,3.28753,2.80065,2.74783,4.06622,3.11482,4.37296,4.14904,2.80272,2.87861,4.07206,2.96988,2.90201,2.86334,3.02273,2.85792,2.97310,2.84071,2.48130,2.74569,2.57535,2.71210,2.70419,2.69026
731,3.87503,2.28590,2.18019,4.07069,2.24351,2.45724,2.47309,2.45801,2.34165,3.94490,2.40457,4.25657,3.99409,2.26602,2.35674,3.91099,2.30759,2.16969,2.24469,2.30358,2.43937,2.20594,2.46048,1.99572,2.30967,2.03783,2.34043,2.43187,2.33442
732,3.80577,2.16818,2.05185,3.96638,2.13227,2.33525,2.28109,2.33334,2.18093,3.89220,2.18446,4.15565,3.97027,2.06241,2.19170,3.75156,2.09946,1.96239,2.05390,2.07221,2.27503,1.97966,2.30004,1.82537,2.11685,1.87196,2.19379,2.32726,2.18945
733,3.73756,2.09368,1.98511,3.84548,2.08095,2.24889,1.97371,2.25874,2.08822,3.78840,1.98955,4.05881,3.86035,1.94127,2.11513,3.66289,2.01943,1.88104,1.95796,1.94909,2.16809,1.86017,2.20764,1.73148,2.00891,1.79365,2.11468,2.25368,2.08002
734,3.68743,2.09818,1.99163,3.78767,2.09516,2.24655,2.07753,2.27229,2.09724,3.72619,1.97085,3.98240,3.76826,1.96853,2.16759,3.57152,2.08904,1.97463,2.01802,1.99338,2.17734,1.92953,2.22451,1.73645,2.00658,1.83394,2.12857,2.24991,2.08019
735,3.57640,2.06104,1.94586,3.74180,2.05632,2.21073,2.36652,2.24108,2.04183,3.63134,2.07611,3.95045,3.71320,1.93457,2.12440,3.57557,2.06875,1.94937,1.97700,1.99085,2.14079,1.93407,2.19599,1.66630,1.95935,1.78041,2.09342,2.21632,2.03542
736,3.59883,2.16900,2.06819,3.76220,2.17154,2.30017,3.61629,2.34039,2.15258,3.67331,3.28694,3.91688,3.75790,2.12574,2.27676,3.64932,2.21576,2.20530,2.19853,2.67849,2.26741,2.70695,2.29094,1.81915,2.07384,1.95393,2.20064,2.29995,2.15919
737,3.66787,2.29920,2.20760,3.80209,2.29582,2.41864,2.50472,2.48183,2.32192,3.64972,2.46898,3.89555,3.73016,2.30251,2.49372,3.68861,2.51763,2.49853,2.43184,2.48464,2.44773,2.48837,2.46754,2.00042,2.24833,2.17032,2.33615,2.40582,2.33047
738,3.72664,2.51189,2.44908,3.87070,2.52848,2.62196,2.82624,2.70956,2.59175,3.66838,2.86918,3.93306,3.75710,2.62668,2.81708,3.74596,2.89820,2.92996,2.79801,2.93107,2.74464,2.95953,2.72314,2.30378,2.54184,2.52270,2.56715,2.59087,2.58843
739,3.79054,2.74507,2.72571,3.89125,2.77486,2.81510,3.51689,2.89987,2.82224,3.78129,3.15537,3.98291,3.85660,2.93001,3.08658,3.79832,3.18424,3.23704,3.11193,3.16692,2.97512,3.18937,2.92683,2.59239,2.80999,2.81266,2.78466,2.77798,2.85600
740,3.88292,2.97063,2.97239,3.95858,2.97635,2.98445,3.72257,3.04576,3.01390,3.87316,3.55919,4.06931,3.88542,3.16107,3.27033,3.93538,3.38547,3.40659,3.29507,3.51893,3.15257,3.52686,3.08514,2.85139,3.03682,3.03995,2.97181,2.95179,3.07674
741,3.85898,2.91050,2.89043,3.96869,2.87878,2.92227,3.77507,2.95089,2.91720,3.84526,3.66352,4.06133,3.87982,3.05804,3.13595,3.94509,3.40354,3.34476,3.09817,3.61438,3.05234,3.59684,2.98411,2.72949,2.96044,2.84772,2.90104,2.89965,3.00536
742,3.85255,2.86306,2.81767,3.98565,2.81367,2.87741,3.73163,2.89184,2.84488,3.87722,3.59851,4.07707,3.87557,2.94228,3.00867,3.98057,3.17206,3.12407,2.97058,3.44498,2.94801,3.43577,2.90948,2.67054,2.86595,2.73772,2.85278,2.86077,2.95527
743,3.73354,2.41509,2.29386,3.85915,2.33152,2.45951,3.52302,2.45044,2.32481,3.74452,3.34576,3.98357,3.79931,2.29373,2.38015,3.79916,2.66018,2.52078,2.23914,3.09277,2.38456,3.05538,2.44322,2.12267,2.34058,2.08725,2.41435,2.46882,2.46189
744,3.59615,2.09310,1.91640,3.77370,1.97721,2.16719,2.05550,2.13763,1.96200,3.66446,2.00925,3.95327,3.69605,1.87271,1.94243,3.69782,1.87501,1.71476,1.81299,1.87851,2.05640,1.76958,2.13475,1.72247,1.95952,1.66282,2.09668,2.18794,2.12249
745,3.27476,1.70942,1.47564,3.61892,1.57461,1.79351,1.30557,1.74900,1.47127,3.48327,1.31548,3.85772,3.50064,1.33174,1.42540,3.63768,1.28584,1.08053,1.24671,1.21928,1.60167,1.08233,1.71878,1.21442,1.48664,1.14435,1.64632,1.84148,1.72936
746,2.97765,1.37182,1.07908,3.51917,1.24507,1.47109,0.61692,1.41323,1.03372,3.19086,0.66883,3.72988,3.30442,0.88312,0.93928,3.31992,0.64618,0.49469,0.74313,0.56460,1.21562,0.45065,1.37261,0.62689,1.07915,0.66881,1.28265,1.50780,1.37089
747,2.41379,0.99633,0.64782,3.33482,0.85303,1.09037,0.03468,1.04788,0.57680,2.77231,0.12358,3.46748,2.98616,0.41840,0.41463,2.94309,0.02161,0.02190,0.27173,0.01018,0.81960,0.00515,0.98863,0.00602,0.61371,0.13659,0.88943,1.09319,0.90216
748,2.13279,0.84370,0.51773,3.02935,0.70741,0.90507,-0.00580,0.91515,0.43956,2.33764,0.04435,3.09847,2.52826,0.30963,0.27251,2.63387,-0.00555,0.04504,0.24605,0.00675,0.70647,0.02040,0.85621,-0.00574,0.42997,0.05423,0.74069,0.88004,0.61474
749,1.73544,0.82292,0.55120,2.60128,0.69003,0.84726,-0.00548,0.88415,0.47906,1.86146,0.00652,2.73894,2.09030,0.33434,0.32820,2.28239,-0.00373,0.12201,0.31445,0.01504,0.71403,0.05624,0.86418,-0.00573,0.40602,0.08257,0.75297,0.78648,0.49621
750,1.27745,0.78350,0.59057,2.22084,0.66902,0.80090,-0.00558,0.83542,0.52872,1.32086,-0.00618,2.35467,1.70461,0.34261,0.34336,1.90715,-0.00297,0.15231,0.33832,0.02093,0.71414,0.07478,0.87381,-0.00573,0.42808,0.10884,0.75667,0.69708,0.39487
751,0.89738,0.75925,0.63001,1.81075,0.66849,0.78316,-0.00581,0.81400,0.56560,0.97063,-0.00613,1.94472,1.40851,0.36010,0.39906,1.48196,0.00837,0.18218,0.37170,0.03245,0.73200,0.09071,0.87493,-0.00572,0.45426,0.13200,0.76333,0.66098,0.35843
752,0.49752,0.76673,0.67537,1.51017,0.69116,0.80200,-0.01172,0.83993,0.58855,0.69350,-0.00627,1.67611,1.33444,0.39329,0.46976,1.10506,0.06805,0.24580,0.44967,0.07317,0.75720,0.13817,0.87732,-0.00571,0.45729,0.15625,0.78681,0.69123,0.37901
753,0.29344,0.78601,0.71890,1.41092,0.70866,0.83217,-0.00639,0.87068,0.62344,0.36319,0.03221,1.49835,1.15651,0.39075,0.57358,0.85905,0.23260,0.35144,0.50939,0.13324,0.75165,0.19384,0.88213,-0.00571,0.46442,0.17353,0.81628,0.72582,0.41289
754,0.10579,0.82684,0.76214,1.20240,0.73447,0.86569,0.01027,0.87963,0.67163,0.02332,0.11419,1.26816,1.03916,0.38781,0.62671,0.70408,0.48111,0.43277,0.48302,0.30744,0.74365,0.29833,0.88480,-0.00571,0.51762,0.19844,0.84875,0.74685,0.45706
755,-0.03264,0.88556,0.81349,0.97640,0.77966,0.90172,0.03951,0.89008,0.72764,-0.22426,0.19261,1.00747,0.96264,0.43558,0.62945,0.50619,0.53280,0.44546,0.47349,0.41354,0.77162,0.35938,0.89855,-0.00570,0.58335,0.23349,0.89641,0.77124,0.51685
756,0.00392,0.92863,0.84182,0.70785,0.80937,0.92034,0.07658,0.88795,0.77169,-0.32126,0.20039,0.74102,0.76209,0.46689,0.62387,0.30408,0.50366,0.40436,0.45893,0.39170,0.78078,0.32783,0.89880,-0.00572,0.62922,0.24714,0.92298,0.78418,0.56094
757,-0.01935,0.95163,0.84275,0.31264,0.82758,0.92098,0.05200,0.87649,0.79636,-0.26643,0.17105,0.50172,0.40646,0.47372,0.61323,0.19547,0.47798,0.36734,0.44864,0.35743,0.77112,0.28761,0.88489,-0.00573,0.65068,0.24368,0.92041,0.78596,0.58529
758,-0.15300,0.97841,0.84902,0.00139,0.85242,0.92706,0.02919,0.88058,0.82111,-0.34709,0.16140,0.23987,0.03214,0.48440,0.62351,-0.13732,0.48663,0.37718,0.46861,0.35763,0.77337,0.28903,0.88248,-0.00573,0.66577,0.24898,0.92174,0.79818,0.61433
759,-0.29728,1.00920,0.86107,-0.12732,0.87351,0.94008,0.00025,0.89140,0.85306,-0.36301,0.12167,0.03833,-0.18367,0.49402,0.63566,-0.35006,0.50278,0.39539,0.49083,0.35996,0.78160,0.29778,0.88217,-0.00572,0.68487,0.25950,0.92833,0.81568,0.64043
760,-0.33811,1.04930,0.88764,-0.34517,0.90207,0.96287,-0.00606,0.91908,0.88928,-0.36532,0.09692,-0.23233,-0.35270,0.50759,0.66814,-0.41501,0.53913,0.44314,0.53816,0.37659,0.80349,0.31408,0.88792,-0.00572,0.70134,0.28004,0.93134,0.84167,0.67508
761,-0.34385,1.08425,0.90589,-0.42169,0.92709,0.97716,-0.00602,0.93986,0.90727,-0.37473,0.12244,-0.37006,-0.39830,0.50077,0.66547,-0.42214,0.54025,0.44307,0.53613,0.38316,0.79938,0.31225,0.88824,-0.00564,0.70839,0.28518,0.92706,0.86278,0.70615
762,-0.36940,1.11058,0.91833,-0.42377,0.94789,0.98224,-0.01547,0.95322,0.90020,-0.37629,0.09976,-0.35677,-0.40953,0.48144,0.65463,-0.40401,0.51917,0.42754,0.53224,0.34990,0.78554,0.29123,0.88260,-0.00560,0.68202,0.28171,0.91721,0.88256,0.72948
763,-0.37309,1.14766,0.94524,-0.40179,0.97975,1.00093,0.00931,0.97638,0.90697,-0.30713,0.15410,-0.27217,-0.41038,0.47615,0.67057,-0.32589,0.54959,0.47539,0.55193,0.40001,0.78568,0.33987,0.89979,-0.00207,0.67350,0.29023,0.93298,0.91100,0.76902
764,-0.36931,1.16953,0.96572,-0.28389,0.99600,1.01457,-0.27270,0.98364,0.89570,-0.24746,0.00981,-0.15138,-0.40302,0.47826,0.63934,-0.18850,0.47019,0.42353,0.56052,0.26372,0.75998,0.22768,0.88170,-0.00331,0.62495,0.28185,0.93909,0.93373,0.79504
765,-0.40025,1.22534,1.03455,-0.18771,1.03748,1.06259,-0.12058,1.02373,0.92725,-0.32786,0.03978,-0.15745,-0.35927,0.49316,0.67452,-0.23727,0.52664,0.49287,0.61496,0.32925,0.77056,0.30547,0.90603,0.02142,0.65171,0.33110,0.98172,0.97930,0.85521
766,-0.40213,1.32093,1.15097,-0.21509,1.12071,1.14064,-0.03472,1.09861,1.00120,-0.36838,0.13395,-0.18734,-0.34432,0.56289,0.76033,-0.28483,0.63557,0.63084,0.72452,0.43368,0.82526,0.41489,0.96704,0.03670,0.71640,0.40840,1.06279,1.05254,0.95632
767,-0.37514,1.41033,1.25922,-0.21709,1.20153,1.20927,-0.14464,1.15941,1.06380,-0.33670,0.10107,-0.18267,-0.29302,0.64590,0.83493,-0.27665,0.69457,0.71070,0.83244,0.43846,0.87652,0.41347,1.01320,0.11057,0.75464,0.46592,1.13866,1.12037,1.05101
768,-0.28619,1.47416,1.34444,-0.16132,1.25239,1.25691,0.16097,1.19711,1.09841,-0.21323,0.30564,-0.10642,-0.19135,0.64131,0.81800,-0.21758,0.70525,0.72356,0.80976,0.52445,0.87115,0.50921,1.04392,0.24998,0.80411,0.52234,1.19696,1.16931,1.12137
769,-0.11562,1.53512,1.41134,-0.04737,1.30109,1.29013,0.47628,1.22949,1.12469,-0.00228,0.49226,0.01361,-0.06019,0.64142,0.76161,-0.08487,0.67306,0.67424,0.72866,0.56219,0.86764,0.55632,1.08191,0.62851,0.84798,0.62615,1.24461,1.20934,1.18956
770,0.02527,1.59598,1.46841,0.04575,1.35220,1.31833,0.51286,1.26493,1.16157,0.13027,0.47503,0.11896,0.02626,0.67973,0.72799,0.04836,0.62962,0.61239,0.66229,0.53130,0.90595,0.51101,1.12428,0.76504,0.90276,0.72541,1.29642,1.25146,1.26252
771,0.08594,1.64300,1.50515,0.12820,1.39070,1.34317,0.50027,1.29538,1.18903,0.14866,0.47367,0.18873,0.08353,0.72835,0.75491,0.15510,0.63229,0.61755,0.67820,0.54134,0.94969,0.52505,1.15642,0.81690,0.92560,0.79091,1.33097,1.28911,1.32025
772,0.09699,1.67658,1.53316,0.18689,1.40872,1.36493,0.43060,1.31389,1.20331,0.11175,0.46995,0.19789,0.12572,0.75187,0.77236,0.17451,0.63155,0.61442,0.69567,0.53255,0.96550,0.51925,1.17092,0.65967,0.92931,0.78677,1.35151,1.31730,1.35366
773,0.16850,1.71939,1.59771,0.25820,1.44611,1.39389,0.19455,1.31334,1.20766,0.17609,0.33761,0.25184,0.19130,0.74864,0.67754,0.28684,0.49284,0.50344,0.65749,0.43257,0.89360,0.43592,1.14122,0.75974,0.91376,0.82907,1.37466,1.35874,1.40072
774,0.21801,1.78764,1.68490,0.33299,1.49318,1.45202,0.40408,1.36964,1.26835,0.23630,0.42528,0.30041,0.25849,0.80773,0.75159,0.36117,0.58897,0.58744,0.71868,0.46637,0.95244,0.46601,1.19699,0.90071,0.97920,0.91863,1.43754,1.41592,1.48342
775,0.24233,1.83755,1.72851,0.34772,1.51991,1.47997,0.36969,1.39526,1.28894,0.21712,0.40783,0.29575,0.28851,0.82432,0.75188,0.36160,0.57833,0.55283,0.70334,0.45405,0.97340,0.43767,1.21754,0.76984,1.00659,0.89930,1.47063,1.44930,1.54139
776,0.27922,1.88151,1.78074,0.38060,1.54807,1.50419,0.35030,1.39928,1.29436,0.23589,0.37335,0.32582,0.31903,0.82069,0.71783,0.39741,0.52840,0.51224,0.68741,0.40222,0.94990,0.38955,1.20631,0.81087,1.00619,0.89844,1.49627,1.48341,1.58822
777,0.37934,1.95175,1.84777,0.49260,1.59825,1.54792,0.44299,1.45311,1.35160,0.33878,0.44235,0.42666,0.43341,0.87045,0.79200,0.52566,0.61383,0.58564,0.73426,0.48872,1.02372,0.46685,1.26681,1.15903,1.06940,1.01008,1.55374,1.53389,1.66518
778,0.48299,2.03121,1.92129,0.63339,1.67042,1.59850,0.55516,1.50266,1.40934,0.39527,0.54829,0.53522,0.55871,0.94766,0.86600,0.73931,0.68222,0.67173,0.82072,0.55085,1.09218,0.54932,1.31816,1.41936,1.12638,1.17677,1.61176,1.59330,1.74677
779,0.56300,2.11582,2.02531,0.82056,1.74797,1.65557,0.65307,1.52874,1.46787,0.35150,0.63594,0.64085,0.68389,1.02968,0.89995,0.92926,0.69018,0.71853,0.90494,0.57411,1.11898,0.59024,1.33536,1.54346,1.19037,1.33718,1.67390,1.65636,1.82407
780,0.67206,2.19284,2.11947,0.94738,1.81043,1.71762,0.67791,1.58700,1.54488,0.41726,0.61204,0.74865,0.82159,1.12794,0.97821,1.03778,0.78469,0.80338,0.97208,0.62343,1.17895,0.63056,1.39068,1.72233,1.27871,1.48627,1.74534,1.71773,1.90760
781,0.78545,2.21920,2.16276,0.99214,1.84035,1.73511,0.81697,1.58068,1.57148,0.58865,0.67570,0.82724,0.91303,1.17671,0.95432,1.09757,0.73427,0.76143,0.98335,0.57937,1.17961,0.58965,1.36914,1.81080,1.32750,1.58128,1.77869,1.74740,1.94770
782,0.91100,2.27060,2.22575,1.06493,1.87504,1.77697,0.64294,1.62314,1.62911,0.75073,0.62150,0.91944,0.98312,1.32376,1.04141,1.19071,0.82631,0.82622,1.05482,0.65460,1.22760,0.64616,1.41282,2.03212,1.40405,1.69734,1.82730,1.79060,2.00989
783,1.00145,2.36189,2.30782,1.17482,1.95875,1.83947,0.67923,1.70526,1.73207,0.89240,0.70259,1.03194,1.07813,1.49369,1.20381,1.32954,0.92388,0.89893,1.25191,0.74032,1.30198,0.71786,1.49565,2.39226,1.51884,1.92395,1.90765,1.85905,2.11386
784,1.02421,2.47528,2.40915,1.21676,2.07676,1.91763,0.73107,1.80844,1.86673,0.96900,0.77893,1.06667,1.11706,1.58278,1.27326,1.37976,1.07187,1.06357,1.38637,0.85797,1.40611,0.82888,1.59641,2.28828,1.66656,2.08260,2.01546,1.95175,2.24588
785,1.09120,2.61306,2.54583,1.27063,2.22410,2.00892,0.88406,1.92462,2.02024,1.03861,0.89793,1.08285,1.18210,1.75206,1.43080,1.44411,1.15713,1.19640,1.56769,0.95412,1.53580,0.94364,1.71772,2.32828,1.82332,2.20891,2.14580,2.06683,2.40369
786,1.16363,2.75063,2.68140,1.33439,2.37164,2.10076,0.92558,2.03711,2.17267,1.08855,0.94049,1.12291,1.25130,1.82606,1.63855,1.52156,1.31409,1.36787,1.80338,1.03353,1.63808,1.02018,1.84073,2.39705,1.96294,2.31062,2.27420,2.18684,2.56681
787,1.15779,2.89792,2.82088,1.35151,2.51400,2.21073,0.92324,2.15748,2.32572,1.01149,0.96826,1.11521,1.25397,1.75441,1.59437,1.48126,1.49740,1.54097,1.65583,1.19422,1.59683,1.19389,1.95925,2.09125,2.09399,2.30917,2.39078,2.30972,2.72729
788,1.17929,2.99986,2.91828,1.37578,2.60452,2.29259,1.06389,2.20894,2.41181,0.95685,0.93696,1.13398,1.28336,1.74129,1.58304,1.42075,1.50739,1.55581,1.58975,1.15895,1.51936,1.18057,1.96807,1.87335,2.14225,2.21054,2.46788,2.39093,2.82404
789,1.25054,3.05963,2.98210,1.38405,2.64568,2.35816,1.00574,2.26031,2.45656,1.01001,1.08829,1.16355,1.32703,1.81506,1.64355,1.42195,1.49567,1.52141,1.68178,1.25563,1.56322,1.29098,2.00125,1.84200,2.18278,2.11478,2.52729,2.45001,2.89852
790,1.29227,3.12524,3.05135,1.36348,2.70097,2.42503,1.17122,2.32967,2.50956,1.12015,1.20535,1.17563,1.32376,1.85679,1.73766,1.43361,1.48081,1.59451,1.77921,1.31303,1.64577,1.34868,2.06273,1.89607,2.21288,2.08169,2.59045,2.50765,2.97344
791,1.33532,3.20149,3.13201,1.39458,2.76256,2.49250,1.29100,2.39209,2.55894,1.21249,1.32515,1.20629,1.33735,2.02009,1.94324,1.47741,1.60014,1.90541,2.07920,1.40863,1.76933,1.57036,2.12301,2.14602,2.24660,2.12812,2.65605,2.56912,3.06134
792,1.38021,3.32708,3.24268,1.44488,2.85788,2.58470,1.56672,2.49442,2.60991,1.32396,1.64458,1.25619,1.38864,2.16332,2.17157,1.54280,2.04013,2.32583,2.34715,1.77647,1.94332,2.04526,2.23475,2.39419,2.33680,2.25574,2.74405,2.66526,3.20504
793,1.41822,3.46419,3.36206,1.47055,2.98467,2.68475,1.93062,2.58479,2.65280,1.35868,1.99705,1.28582,1.41705,2.23044,2.24396,1.58395,2.28961,2.46399,2.36550,2.14075,2.04459,2.35049,2.32158,2.47893,2.39946,2.39473,2.84772,2.77736,3.36578
794,1.45866,3.58557,3.46207,1.47157,3.08772,2.77657,2.07715,2.60490,2.67934,1.40287,2.21052,1.28860,1.40356,2.34273,2.39814,1.62330,2.48326,2.63347,2.49708,2.38944,2.16803,2.56112,2.36444,2.62915,2.43299,2.49841,2.93505,2.87109,3.48167
795,1.43496,3.65562,3.52144,1.43704,3.13185,2.83485,2.22133,2.60267,2.70763,1.44690,2.35187,1.27887,1.35063,2.40734,2.46233,1.63242,2.57655,2.71609,2.57303,2.53564,2.22561,2.67487,2.38752,2.73363,2.45811,2.56965,2.99659,2.92944,3.53953
796,1.45856,3.76297,3.61515,1.40434,3.20297,2.91378,2.69853,2.70183,2.79564,1.46498,2.67678,1.26672,1.38742,2.50524,2.45143,1.63452,2.67347,2.83670,2.67292,2.75203,2.28289,2.84571,2.45050,2.93251,2.54706,2.71723,3.07704,3.01889,3.65180
797,1.64991,3.87387,3.69370,1.44832,3.28820,2.96304,2.88031,2.79480,2.85699,1.52364,2.82327,1.29540,1.46461,2.62026,2.54370,1.67207,2.77626,2.99439,2.81754,2.90818,2.43142,2.97544,2.55293,3.22552,2.65732,2.93448,3.10189,3.12762,3.78548
798,1.72744,3.96276,3.80655,1.58136,3.33912,3.03728,3.00633,2.85680,2.89077,1.60893,2.99046,1.40459,1.51282,2.75247,2.66048,1.82752,2.87701,3.07878,2.91770,3.05076,2.57423,3.07391,2.72850,3.35010,2.79571,3.13470,3.07775,3.23150,3.85724
799,1.84279,4.11503,3.89092,1.73856,3.28864,3.14760,3.14713,2.93740,2.97577,1.55527,3.04543,1.46071,1.68449,2.94142,2.91890,1.96698,3.12735,3.28101,3.14855,3.18693,2.86198,3.11131,2.89704,3.66138,2.98851,3.35408,2.89780,3.40221,4.02671
800,1.86780,4.26986,4.08046,1.87502,3.26184,3.20430,1.96555,3.06959,3.12692,1.67618,2.40616,1.54091,1.73425,3.16828,3.39260,2.05486,3.41674,3.32455,3.52395,2.87662,3.17509,2.74535,3.07627,4.00226,3.14548,3.64146,2.83325,3.52839,4.20045
801,1.74394,4.27546,4.23277,1.82627,3.42041,3.16978,1.89369,3.11283,3.22558,1.79633,2.07410,1.59751,1.74925,3.36894,3.58735,2.05277,3.26090,3.14897,3.64857,2.34591,3.37180,2.30422,3.19018,4.12356,3.31643,3.82549,2.96145,3.55025,4.25080
802,1.78489,4.32500,4.38454,1.83817,3.61582,3.27557,2.43501,3.25657,3.40868,1.78838,2.89586,1.65453,1.75277,3.49125,3.61803,2.09327,3.74369,3.74895,3.74376,3.49334,3.40126,3.44293,3.29749,4.25414,3.47714,3.94416,3.14997,3.65204,4.34031
803,1.86328,4.52397,4.67103,2.01936,3.85708,3.52876,2.87976,3.55238,3.70244,1.86723,3.51793,1.79028,1.86107,3.76075,3.83265,2.27973,4.03149,4.16246,4.00700,4.00505,3.60530,4.05407,3.51125,4.52293,3.74690,4.23094,3.41906,3.83348,4.50769
804,1.96376,4.61099,4.75537,2.19601,3.92527,3.72342,3.30051,3.77803,3.82422,1.89483,3.57275,1.93201,2.07596,3.82107,3.83466,2.36096,3.98574,4.04871,3.94254,3.80915,3.68411,3.84685,3.68240,4.56742,3.89581,4.25608,3.59104,3.95630,4.52367
805,1.97465,4.20931,4.15926,2.20300,3.44221,3.54672,2.05742,3.48629,3.54007,1.86634,2.19114,1.98151,2.02508,3.38065,3.20753,2.28046,2.49750,2.51886,3.15710,2.18097,3.36890,2.18092,3.38781,4.02234,3.46592,3.62889,3.43375,3.69367,4.08792
806,1.93419,4.08314,3.91547,2.17367,3.34465,3.49605,1.98131,3.40003,3.39394,1.91779,2.00861,1.99334,1.99364,3.20882,2.94695,2.28569,2.36737,2.33769,2.89408,2.01254,3.25421,1.98314,3.30329,3.72884,3.32614,3.45809,3.39687,3.62398,4.02500
807,1.99543,4.15099,4.02787,2.31633,3.50579,3.59110,2.21895,3.54687,3.48425,2.01386,2.39701,2.12665,2.12884,3.36359,3.23066,2.38364,2.88412,2.86113,3.18420,2.59533,3.37550,2.57958,3.41382,3.77462,3.45167,3.61064,3.50832,3.68794,4.09684
808,2.17383,4.23984,4.19163,2.41616,3.69206,3.67675,3.14181,3.69906,3.62438,2.13058,3.24864,2.23378,2.34922,3.60560,3.56641,2.44085,3.53263,3.55549,3.58866,3.43675,3.53976,3.46218,3.56865,4.00134,3.64172,3.85461,3.62988,3.77219,4.17213
809,2.37812,4.46788,4.49514,2.54151,3.99818,3.88940,3.33122,3.93595,3.91782,2.35710,3.69157,2.38837,2.52308,3.95465,3.93938,2.62298,4.00564,4.12479,4.03742,3.97531,3.83519,4.03408,3.84308,4.37534,3.95700,4.24170,3.86125,3.98209,4.40037
810,2.70024,4.96432,5.09562,2.72473,4.60378,4.31585,4.57011,4.41395,4.46015,2.68480,4.58026,2.57160,2.82379,4.58296,4.50438,2.84123,4.62062,4.85368,4.69083,4.70013,4.38364,4.84769,4.38816,4.99739,4.53770,4.96344,4.35546,4.41571,4.92156
811,3.05842,5.57763,5.88956,2.88538,5.36655,4.80609,5.03821,4.91154,5.08034,2.83689,5.28520,2.73719,2.92825,5.24163,5.10841,3.01897,5.25426,5.57686,5.36604,5.38544,4.94513,5.57620,4.89213,5.75268,5.19198,5.74309,4.95369,4.90449,5.49927
812,3.25271,5.99210,6.40931,3.01929,5.90894,5.18337,5.45538,5.27745,5.55904,2.97335,5.72426,2.85058,3.04307,5.80206,5.61382,3.14907,5.81410,6.19271,5.93082,5.93010,5.40652,6.14316,5.28255,6.33014,5.71977,6.31536,5.40748,5.27528,5.94093
813,3.28706,5.94925,6.31388,3.04475,5.82143,5.21245,4.91693,5.28727,5.62139,3.11941,5.67204,2.88424,3.06046,5.83081,5.66566,3.17306,5.89286,6.16494,5.94333,6.03584,5.46947,6.14768,5.31565,6.32337,5.78667,6.25181,5.38681,5.31502,5.92168
814,3.03399,5.70032,5.93042,2.97098,5.46801,5.05429,3.14584,5.07273,5.43630,3.10505,3.54134,2.83934,2.96648,5.54260,5.47429,3.11787,5.54644,5.53048,5.59287,4.49365,5.31472,4.42353,5.17272,6.00815,5.51825,5.85384,5.18389,5.17172,5.67693
815,2.86811,5.67755,5.89878,3.00908,5.51590,5.08293,3.48772,5.10037,5.41988,2.93913,4.13469,2.88882,2.94766,5.54767,5.39879,3.20144,5.47075,5.47134,5.49165,5.05928,5.32892,4.99329,5.21652,5.97416,5.53789,5.82744,5.22945,5.18907,5.67727
816,3.04783,5.82632,6.06724,3.14320,5.70319,5.24346,5.38078,5.26946,5.63058,2.98308,5.59889,3.00689,3.15646,5.88262,5.71051,3.34115,5.81958,6.00258,5.89154,5.86847,5.58904,5.95127,5.38442,6.27240,5.74493,6.15653,5.41443,5.34172,5.84279
817,3.49058,6.20032,6.50506,3.31415,6.11306,5.58617,6.34034,5.62420,6.09905,3.11448,6.34601,3.14255,3.40947,6.41923,6.26645,3.49950,6.42539,6.74078,6.53343,6.50486,6.00852,6.70805,5.72767,6.82196,6.16711,6.75020,5.79088,5.67357,6.21117
818,3.92582,6.59166,6.91039,3.44284,6.47704,5.92248,6.84770,5.94353,6.50679,3.35566,6.77636,3.25199,3.62356,6.76801,6.57407,3.61443,6.76445,7.06261,6.86404,6.87312,6.29811,7.07233,6.02461,7.18690,6.47108,7.11412,6.15322,6.01798,6.59835
819,4.32727,6.98453,7.32829,3.52564,6.83662,6.24711,7.14750,6.26453,6.89552,3.70852,7.04445,3.31740,3.76164,7.05082,6.83912,3.71818,7.04520,7.34819,7.18945,7.14172,6.53826,7.33472,6.32250,7.56033,6.83925,7.51824,6.50481,6.36108,6.97979
820,4.31914,7.25231,7.57521,3.57855,7.02312,6.44596,7.28380,6.42867,7.03805,3.93943,7.09237,3.34469,3.77484,7.05577,6.80650,3.77513,6.96487,7.18734,7.11270,7.06055,6.59633,7.20033,6.44781,7.61618,6.97786,7.55273,6.68080,6.59909,7.22730
821,3.81790,7.23246,7.42785,3.54956,6.89059,6.41780,6.77066,6.34272,6.86600,3.86779,6.58701,3.32920,3.73911,6.79280,6.49708,3.73795,6.56831,6.66867,6.70781,6.59384,6.43181,6.63407,6.34806,7.33853,6.78961,7.20186,6.59233,6.61994,7.19450
822,3.76636,7.17889,7.25886,3.52797,6.74453,6.39038,6.49815,6.28134,6.70293,3.64570,6.40394,3.33837,3.70664,6.58402,6.32194,3.71354,6.32802,6.39764,6.47247,6.37719,6.30223,6.40200,6.27501,7.09958,6.65336,6.95860,6.49394,6.62262,7.15704
823,3.68937,7.11287,7.11574,3.54477,6.64326,6.34623,6.11231,6.21839,6.54779,3.54565,6.11752,3.35519,3.68486,6.47690,6.22514,3.74013,6.22432,6.26543,6.35363,6.17078,6.22817,6.18215,6.21011,6.88100,6.55283,6.75901,6.40672,6.59359,7.10242
824,3.42801,6.99273,6.95022,3.55889,6.51089,6.25913,5.19251,6.13329,6.40588,3.48599,5.90043,3.34917,3.47827,6.30364,6.10287,3.74701,6.07696,6.07890,6.15829,6.09087,6.13624,6.11488,6.14471,6.70729,6.41145,6.57740,6.31787,6.51078,6.94781
825,3.42711,7.09901,7.03272,3.57611,6.64244,6.41035,6.18655,6.27585,6.50276,3.38752,6.20547,3.33720,3.52927,6.48970,6.30919,3.77977,6.29333,6.35185,6.39956,6.27704,6.31189,6.30024,6.26937,6.78833,6.50355,6.70696,6.45493,6.63992,7.04779
826,3.65287,7.43394,7.44768,3.73379,7.06734,6.73674,6.67568,6.63647,6.87413,3.51508,6.72029,3.50924,3.80643,6.96159,6.81951,4.06870,6.87997,7.05029,6.99722,6.86783,6.70830,6.97483,6.62156,7.25062,6.90289,7.22695,6.84160,6.93890,7.40423
827,3.68873,7.69439,7.78292,3.92478,7.33950,6.92873,7.00446,6.84591,7.08086,3.64489,7.09231,3.65898,3.94234,7.14867,6.98177,4.39717,7.04998,7.23662,7.18168,7.15229,6.87294,7.26488,6.81532,7.54116,7.14709,7.48985,7.04946,7.15923,7.69056
828,3.79392,7.97094,8.11618,4.12566,7.55396,7.10372,6.83130,7.00768,7.23206,3.76227,7.12416,3.79772,3.99188,7.24570,7.05767,4.64842,7.13494,7.29667,7.26544,7.18302,6.98301,7.27582,6.96066,7.74003,7.30337,7.65202,7.16972,7.37202,7.99117
829,4.04324,8.25614,8.48276,4.42204,7.88830,7.35222,5.28680,7.29317,7.52736,3.92365,6.89142,3.97796,3.97398,7.56269,7.41754,4.93384,7.51487,7.68877,7.65550,7.42516,7.28635,7.48124,7.22935,8.10748,7.59871,8.00342,7.40980,7.61720,8.21457
830,4.00381,8.26658,8.47308,4.63420,7.99403,7.41278,5.55415,7.35572,7.56300,4.09008,6.99949,4.12269,4.06819,7.56288,7.41142,5.03437,7.47711,7.57808,7.56804,7.43882,7.33021,7.47370,7.30020,8.04978,7.63264,7.93994,7.49511,7.66218,8.19151
831,3.96108,8.21895,8.34558,4.71423,7.95498,7.43289,7.28674,7.35319,7.50760,4.09789,7.34103,4.19588,4.43830,7.57929,7.38974,5.04854,7.41036,7.50067,7.50192,7.43527,7.35747,7.47440,7.31201,7.88506,7.57326,7.79907,7.56217,7.67798,8.21594
832,4.48858,8.43866,8.58553,4.90120,8.23175,7.66165,7.73902,7.61130,7.77885,4.09423,7.68456,4.35126,4.76859,7.90319,7.71403,5.30000,7.76565,7.91282,7.87759,7.76293,7.63819,7.87185,7.57796,8.20678,7.84613,8.13721,7.86614,7.88774,8.49565
833,4.83506,8.53209,8.68887,5.09817,8.38654,7.78320,7.91392,7.74057,7.90915,4.27356,7.85960,4.55727,4.99105,8.01297,7.78251,5.54384,7.83114,7.95763,7.95585,7.88034,7.74496,7.96206,7.71976,8.36455,7.98302,8.26153,8.02267,7.99372,8.58972
834,5.13226,8.47385,8.62107,5.36648,8.35347,7.79274,7.42536,7.74551,7.88459,4.57518,7.72958,4.89882,5.08616,7.85467,7.64336,5.78938,7.65213,7.70455,7.74955,7.69830,7.69225,7.70176,7.72661,8.26878,7.93484,8.13008,7.94856,7.99804,8.46242
835,5.19287,8.69577,8.86546,5.58045,8.53586,8.02564,5.29151,7.98570,8.18432,4.91474,5.83093,5.03795,5.19652,8.16048,8.02094,5.88655,7.52950,7.61094,8.14925,6.50423,8.02241,6.48435,7.97703,8.56582,8.16851,8.46432,8.11210,8.21557,8.69807
836,4.91893,8.66126,8.81238,5.50635,8.41278,8.03498,5.40258,7.97131,8.19571,4.98804,5.64189,4.97036,5.13426,8.14641,7.29179,5.74251,5.81026,5.94284,7.42879,5.69427,8.04995,5.75403,8.00863,8.57759,8.15208,8.39592,8.09176,8.23771,8.62736
837,4.84476,8.93344,9.10590,5.29152,8.65926,8.33327,6.50051,8.27086,8.51230,4.94079,6.85453,4.87603,4.91986,8.50422,8.28503,5.75546,7.67066,7.74006,8.37394,7.18032,8.36752,7.23784,8.27919,8.95966,8.46439,8.83767,8.38778,8.52271,8.87128
838,5.25347,9.26696,9.49444,5.33264,9.07615,8.63404,8.29740,8.60389,8.83394,5.07472,8.47821,5.05312,5.10960,8.92859,8.79489,5.99586,8.86606,9.02557,8.97074,8.81455,8.67431,8.88461,8.59446,9.41062,8.88112,9.32054,8.75581,8.80945,9.21834
839,5.46704,9.77146,10.09255,5.65258,9.63339,9.07344,6.03225,9.06459,9.44482,5.37958,7.91277,5.29186,5.09498,9.66171,9.57705,6.33044,9.75347,10.04430,9.87685,9.40476,9.31439,9.46800,9.12095,10.15797,9.49937,10.07828,9.31087,9.21028,9.78825
840,5.28655,10.48985,10.92556,5.89955,10.31907,9.66373,8.40516,9.66163,10.27041,5.58894,9.82073,5.40428,5.27286,10.57594,10.49349,6.50791,10.71179,11.26256,10.87024,10.72962,10.10319,10.97606,9.77523,11.15260,10.18932,10.99179,10.02495,9.79135,10.57144
841,5.35029,11.23429,11.76896,6.05050,11.00951,10.28498,10.20174,10.31798,11.17202,5.57983,11.02702,5.52237,5.41286,11.49889,11.45655,6.69249,11.75395,12.46732,11.87813,11.81980,10.94852,12.19178,10.47038,12.21606,10.93126,11.92097,10.75861,10.42182,11.35768
842,5.45930,11.99638,12.68134,6.27853,11.76360,10.91065,11.92454,10.97483,11.98685,5.68876,12.29939,5.68904,5.67802,12.33736,12.32366,6.92814,12.69443,13.47286,12.77594,12.90205,11.69494,13.38568,11.14630,13.25409,11.76647,12.95510,11.44046,11.06021,12.14121
843,5.54672,12.61744,13.33610,6.59514,12.36198,11.42381,11.07866,11.49161,12.56808,5.80431,12.61532,5.84182,5.91503,12.99318,13.02774,7.18996,13.38641,14.10220,13.50965,13.52179,12.35063,13.80263,11.71670,13.98639,12.41782,13.61344,11.94422,11.59798,12.77725
844,5.57871,12.93436,13.43266,6.75640,12.52028,11.71993,11.82781,11.76790,12.77246,5.81228,12.77987,5.93157,6.15676,13.03127,13.05563,7.31159,13.29419,13.65453,13.32113,13.35261,12.59621,13.45675,12.00939,13.96489,12.51675,13.36721,12.22528,11.94964,13.03580
845,5.73035,13.13656,13.39820,6.72977,12.57546,11.97964,13.26123,11.99795,12.89966,5.88225,13.04682,6.02248,6.79862,12.91712,12.90351,7.42009,13.13190,13.33430,13.14088,13.23123,12.48760,13.37071,12.16383,13.86607,12.64211,13.31503,12.44961,12.25027,13.20716
846,6.12890,13.56530,13.76008,6.94391,12.99318,12.43274,13.53521,12.44801,13.34724,6.07458,13.40604,6.23888,7.32846,13.31715,13.25886,7.67060,13.51659,13.82092,13.58703,13.61628,12.81198,13.79935,12.59902,14.27417,13.13968,13.82574,12.89438,12.70936,13.62286
847,6.98798,14.20379,14.45321,7.26258,13.65401,13.01231,14.06449,13.04118,13.98985,6.30283,14.03891,6.48330,7.58663,14.02650,13.89007,7.86587,14.21083,14.66398,14.30937,14.33032,13.42014,14.60647,13.20040,14.97183,13.83800,14.63320,13.49978,13.28598,14.24443
848,8.09973,14.67270,14.89840,7.52705,14.18916,13.52121,14.61497,13.56864,14.53342,6.85344,14.69405,6.62353,7.46023,14.69080,14.51912,8.00768,14.88596,15.42131,15.00537,15.05185,14.01609,15.36712,13.74833,15.53516,14.46350,15.31913,13.96900,13.79387,14.76012
849,7.47284,15.04689,15.32540,7.65033,14.63798,13.90938,15.04404,13.91725,14.84151,7.48101,15.03365,6.62975,7.33010,14.98678,14.79180,8.16959,15.13651,15.60356,15.28162,15.29680,14.35785,15.57204,14.05136,15.86671,14.78063,15.64212,14.29511,14.19162,15.06900
850,6.68526,15.32477,15.64908,7.66725,14.94348,14.19411,14.92729,14.18671,14.99763,7.18944,15.28392,6.62389,7.20712,15.08938,14.90828,8.40494,15.25604,15.63804,15.35173,15.45359,14.53820,15.66496,14.24261,15.96142,14.97818,15.76863,14.50719,14.48931,15.26080
851,6.40203,15.14973,15.47835,7.77661,14.78557,14.08518,12.71585,14.03795,14.66662,6.82970,13.98528,6.67006,7.14861,14.70372,14.48407,8.66396,14.74475,14.85293,14.73731,14.76408,14.28838,14.78366,14.08153,15.57907,14.76146,15.25445,14.31878,14.40832,14.98321
852,6.18272,14.27350,14.34099,6.57679,13.73282,13.41603,7.42326,13.27936,13.68264,6.52720,9.00077,6.00230,6.30918,13.44166,13.20606,7.92534,13.16982,12.88882,13.07956,11.03624,13.30352,10.80664,13.34874,14.32235,13.69663,13.79675,13.50763,13.76592,14.05631
853,5.99849,13.94487,13.83202,5.57288,13.36958,13.27191,10.32419,13.08141,13.36192,6.21649,11.62713,5.51893,5.71132,13.19403,12.98257,6.52799,12.91000,12.73308,12.92457,12.65959,13.11551,12.42839,13.15247,13.92628,13.38350,13.45727,13.29679,13.58258,13.77751
854,6.25955,13.53601,13.32553,5.45803,12.99548,13.03228,10.57827,12.74682,12.93710,6.11498,11.81099,5.56333,5.79418,12.76490,12.58275,5.93401,12.43908,12.27751,12.51388,12.32394,12.75662,12.23387,12.79243,13.38177,12.95527,12.94818,12.97551,13.30915,13.40567
855,6.18769,12.88299,12.51920,5.45867,12.34024,12.52779,6.18737,12.19352,12.21912,6.26699,7.62155,5.66161,5.55461,11.88969,11.68492,5.62996,11.46820,11.24343,11.45922,10.11980,12.00743,9.87609,12.20645,12.45038,12.22795,12.03359,12.38012,12.78726,12.86436
856,5.97063,12.82751,12.46179,5.50299,12.33577,12.54954,8.62388,12.18984,12.15221,6.29976,10.04397,5.79210,5.66356,11.92390,11.79460,5.68088,11.59345,11.41688,11.60983,11.23883,12.04379,11.06549,12.18737,12.30439,12.16308,12.02089,12.37244,12.74785,12.89715
857,6.39463,13.02908,12.76697,5.68983,12.57958,12.64368,11.66483,12.31915,12.29700,6.23527,11.64434,6.00678,6.17655,12.15888,12.04431,5.82761,11.89617,11.76830,11.96130,11.76557,12.19374,11.70788,12.24027,12.48836,12.25558,12.25269,12.52261,12.85361,13.10176
858,6.88183,13.51096,13.42622,5.92407,13.11870,12.94056,11.69149,12.66916,12.74060,6.87154,11.95445,6.37524,6.48171,12.62492,12.53106,6.07709,12.42325,12.51948,12.58813,12.29517,12.56114,12.33531,12.54806,13.08968,12.63247,12.91514,12.91898,13.17497,13.57964
859,7.48083,13.65494,13.64118,6.04223,13.35245,13.07417,12.55782,12.87920,12.93219,7.19578,12.61881,6.51474,6.50205,12.84658,12.73777,6.34607,12.71480,12.79048,12.80333,12.69987,12.72989,12.77449,12.73187,13.35826,12.86716,13.20084,13.12014,13.30376,13.71238
860,7.51642,13.82895,13.88225,6.34486,13.59985,13.20248,10.56346,13.05399,13.14668,7.58810,12.67189,6.80572,6.34626,13.09181,12.96426,6.85529,12.99046,13.11627,13.09181,12.93889,12.92784,12.99514,12.92003,13.63716,13.11328,13.49394,13.31786,13.43034,13.88490
861,7.14630,13.81683,13.87569,6.73771,13.63365,13.21535,12.46626,13.10126,13.15604,7.73879,12.83883,7.11475,6.63343,13.11538,12.94102,7.31736,12.94471,13.02540,13.04673,12.95043,12.95143,12.99072,12.98352,13.59748,13.17147,13.46390,13.34278,13.43548,13.84596
862,7.32846,14.07713,14.22095,7.28597,13.96005,13.43613,11.86671,13.35458,13.46855,7.94263,12.88304,7.55958,6.95424,13.46924,13.29621,7.95641,13.30500,13.46351,13.47265,13.15311,13.26252,13.19757,13.26968,13.94259,13.48392,13.84166,13.62509,13.63526,14.08234
863,7.32550,14.38882,14.60943,7.77352,14.31472,13.70362,7.44851,13.65172,13.81169,7.67783,10.70565,7.80585,7.33049,13.86756,13.72687,8.34385,13.65325,13.84678,13.95737,13.00739,13.63228,13.00682,13.57649,14.37540,13.84694,14.27464,13.90827,13.89927,14.38105
864,7.48358,14.35349,14.57628,8.35863,14.26998,13.69114,8.24179,13.64987,13.76798,7.73174,10.86050,8.35643,7.81105,13.78511,13.61513,9.42777,13.54730,13.68284,13.79851,12.95638,13.58559,12.97047,13.58256,14.35174,13.84233,14.15522,13.80511,13.91068,14.28244
865,7.93583,14.67708,14.94004,9.01840,14.57451,13.99923,8.27490,13.95317,14.18769,7.84680,8.82999,8.60186,8.43894,14.21149,14.03925,9.80682,13.15844,13.24056,14.25173,10.20664,14.00356,10.10396,13.91013,14.79415,14.17084,14.59056,14.08852,14.20275,14.59350
866,8.50871,14.84150,15.08091,8.76501,14.64021,14.17818,8.81827,14.09124,14.42255,8.31332,9.50409,8.31901,8.76104,14.45618,14.30658,9.36969,13.17507,12.74989,14.45551,10.54592,14.26541,10.29276,14.10382,15.04752,14.32414,14.72246,14.29201,14.37152,14.71588
867,8.81230,15.35076,15.63035,8.34770,15.15050,14.65472,11.21888,14.59261,15.06532,8.81597,12.81325,7.96537,8.64340,15.13954,15.15029,8.95470,15.14981,15.27585,15.42232,14.55413,14.84861,14.34019,14.61973,15.88036,14.89257,15.47164,14.85310,14.81452,15.20389
868,8.80535,16.01856,16.33499,8.36693,15.79751,15.20669,14.70170,15.16503,15.80072,9.01080,15.32288,8.00661,8.66430,15.86496,15.84925,8.83069,16.06294,16.49372,16.17619,16.06544,15.46406,16.23812,15.19738,16.80514,15.54516,16.27039,15.49071,15.36063,15.91695
869,8.77986,16.82261,17.25165,8.60736,16.60000,15.83817,16.63299,15.80358,16.56403,9.14018,16.64526,8.22720,9.19177,16.63759,16.55158,8.92868,16.85994,17.39826,16.98013,17.03706,16.08871,17.38685,15.83869,17.80105,16.34883,17.33279,16.22673,15.99862,16.77188
870,8.93358,17.42668,17.91867,8.84428,17.24152,16.37744,17.63541,16.35097,17.07438,9.21028,17.39066,8.46605,9.83281,17.27280,17.03828,9.08041,17.38324,17.88733,17.52610,17.59623,16.61705,17.95165,16.39842,18.51064,17.07213,18.13758,16.85549,16.51600,17.46309
871,9.38823,18.13839,18.71990,9.03065,17.94349,16.97309,18.04975,16.96093,17.73632,9.31309,17.96924,8.68576,10.19779,18.04862,17.73753,9.34806,18.11213,18.71921,18.30468,18.31538,17.29324,18.70025,16.99985,19.26012,17.77775,18.97100,17.49567,17.11086,18.27041
872,10.19884,19.02513,19.70308,9.32946,18.94088,17.77633,19.06603,17.78168,18.62605,9.61461,19.02892,9.00205,10.67278,19.15745,18.70715,9.78364,19.11237,19.86308,19.36874,19.36524,18.22714,19.83518,17.83862,20.37148,18.77191,20.10552,18.40976,17.88306,19.24741
873,11.08353,19.79416,20.40838,9.70697,19.70200,18.59451,20.14739,18.58103,19.42360,10.33890,19.95218,9.63669,11.19103,20.16336,19.53963,10.64801,19.90470,20.57333,20.19899,20.16525,19.19059,20.60787,18.72629,21.28707,19.61469,20.89822,19.32902,18.64235,20.11932
874,11.79850,20.42205,20.90614,10.27511,20.18547,19.29184,20.32563,19.24519,20.05208,11.36907,20.41545,10.57615,11.17982,20.80964,20.17088,12.10542,20.45946,21.00415,20.78529,20.65042,19.96340,20.99933,19.48189,21.89517,20.25050,21.40865,20.00163,19.30465,20.79851
875,12.13837,20.90392,21.36113,11.18821,20.60212,19.80866,13.54970,19.77766,20.56531,11.84037,17.45280,11.19521,10.75252,21.25042,20.82742,13.42916,21.14945,21.47202,21.30829,20.31371,20.55937,20.28503,20.16401,22.37342,20.90069,21.87470,20.43468,19.81199,21.26996
876,11.92603,21.08285,21.55733,11.68321,20.80048,20.00275,11.18848,20.01079,20.79502,11.92346,12.43158,11.23786,10.82975,21.34869,21.14677,13.91117,20.90299,21.05052,21.51564,16.01513,20.81215,15.85550,20.40298,22.42585,21.15479,21.96267,20.48386,20.07602,21.30244
877,11.14192,20.95845,21.38857,11.24036,20.69443,19.93511,11.03492,19.98429,20.69946,11.64734,11.91449,10.42594,10.76514,20.94208,20.07000,13.21811,15.55157,15.64261,20.16925,12.07383,20.64716,12.10413,20.36195,21.99919,20.85468,21.42439,20.33891,20.06535,20.92212
878,10.22932,20.02355,20.16294,10.13093,19.68982,19.22996,10.68235,19.27129,19.62452,10.62615,11.53108,9.28743,9.81545,19.40257,17.19501,11.26725,13.20392,12.85834,16.75613,11.62213,19.31018,11.59245,19.48639,20.42034,19.64414,19.76075,19.47495,19.41537,19.75847
879,9.38384,18.86498,18.69275,9.04322,18.46102,18.31379,10.67930,18.27394,18.33567,9.86204,11.66390,8.64739,8.72062,17.90783,16.33294,10.07677,14.17530,12.84245,15.43320,12.21893,17.91217,11.99269,18.34249,18.77707,18.37726,18.19999,18.39429,18.54289,18.50521
880,8.82665,18.13731,17.85094,8.45386,17.74151,17.75676,12.55574,17.62017,17.58411,9.29247,13.41409,8.39092,8.57735,17.30238,16.59613,9.28088,15.32045,14.29996,16.11869,14.30519,17.39584,13.67463,17.68349,17.83929,17.65878,17.37103,17.76405,17.99770,17.81309
881,9.09436,18.05322,17.78217,8.52270,17.67238,17.73812,15.18019,17.49766,17.50345,9.13028,15.56176,8.62783,9.31752,17.43922,17.25939,9.04484,16.82814,16.45020,17.08939,16.30713,17.51101,15.95559,17.57392,17.68928,17.52513,17.37037,17.69268,17.94456,17.83271
882,9.45494,17.98440,17.73297,8.95071,17.63716,17.70238,14.54535,17.45129,17.45990,9.34868,16.23912,8.86695,9.82448,17.42337,17.36119,9.22824,17.16562,16.99887,17.24388,16.86030,17.47953,16.72688,17.49433,17.67257,17.47015,17.41236,17.62741,17.88605,17.85903
883,9.42568,17.52999,17.25679,9.11894,17.22432,17.30839,10.35780,17.11459,17.07728,9.52861,12.86341,8.67666,9.29307,16.96005,16.82056,9.30592,16.54032,16.33977,16.68861,15.64527,17.02352,15.45166,17.11955,17.26913,17.09740,16.99270,17.26468,17.48685,17.44085
884,9.15491,17.40832,17.18658,8.91811,17.15823,17.22160,14.79133,17.06391,17.05318,9.42639,15.92582,8.59323,8.89217,16.95314,16.83131,9.37421,16.68862,16.57627,16.79472,16.52218,16.97887,16.42701,17.05589,17.27571,17.05034,17.04595,17.22022,17.35706,17.32244
885,9.34893,17.47908,17.30550,8.82154,17.25700,17.27751,16.81505,17.13887,17.18104,9.42472,16.80213,8.61936,9.45336,17.15567,17.09807,9.30033,17.04731,17.09418,17.13040,17.01817,17.12239,17.03900,17.12322,17.48492,17.15634,17.27344,17.28400,17.39056,17.45056
886,10.06811,17.87144,17.83124,8.94732,17.72724,17.61232,17.37874,17.50227,17.67026,9.45020,17.47190,8.67171,9.85420,17.73278,17.71881,8.88536,17.76955,18.00988,17.87488,17.77570,17.57691,17.92007,17.48786,18.16706,17.61579,17.99592,17.67620,17.69782,17.88694
887,10.52944,18.31673,18.43343,9.14903,18.26305,17.99526,18.14314,17.93432,18.21409,9.81249,18.31599,8.88413,10.15495,18.37296,18.35408,8.66040,18.48155,18.83290,18.60622,18.59485,18.08982,18.79993,17.93651,18.95453,18.19709,18.76809,18.15073,18.05609,18.31861
888,10.67688,18.67383,18.89300,9.33846,18.66621,18.29542,18.76110,18.27038,18.57930,10.20907,18.74982,9.17171,10.76959,18.74906,18.69123,8.95418,18.89709,19.22334,18.98227,18.97124,18.42891,19.17444,18.25936,19.37015,18.59294,19.24356,18.48292,18.36166,18.65653
889,11.01254,19.35043,19.66463,9.59495,19.37903,18.84391,19.05221,18.84674,19.20376,10.76905,19.43472,9.82429,11.42389,19.47899,19.37635,9.71634,19.60863,19.99867,19.73307,19.68478,19.05456,19.89167,18.86019,20.13357,19.32024,20.02331,19.12503,18.90249,19.34754
890,11.35520,19.96711,20.35168,9.77220,19.97205,19.30665,19.23214,19.31691,19.67274,11.26252,19.69948,10.15356,11.54787,19.90599,19.75610,10.56376,19.94999,20.26064,20.11192,19.98022,19.48547,20.14140,19.30214,20.55412,19.81305,20.48063,19.58905,19.40348,19.97193
891,11.72274,20.53531,20.99238,10.08684,20.52814,19.79212,14.31807,19.81283,20.25563,11.51139,17.38595,10.40625,11.26341,20.51617,20.45218,11.35252,20.51473,20.73864,20.80015,19.50153,20.11688,19.44030,19.82368,21.10597,20.35014,21.02031,20.04983,19.90037,20.52280
892,11.45128,20.93256,21.41952,10.48773,20.83057,20.11547,13.21029,20.07322,20.61395,11.69829,15.03625,10.26638,10.66563,20.85063,20.80120,11.73822,20.32245,20.31762,21.07806,17.17413,20.52225,17.05733,20.13955,21.48211,20.58943,21.22888,20.33846,20.25713,20.83310
893,10.63056,21.06684,21.45402,10.39106,20.82664,20.22899,15.96623,20.15799,20.61024,11.30360,18.39321,9.97441,10.03508,20.67758,20.62548,11.56743,20.67018,20.70223,20.82642,20.17242,20.39210,20.06879,20.14944,21.43441,20.55684,21.09392,20.38847,20.43652,20.94088
894,10.26331,20.48045,20.61654,10.36758,20.10243,19.80342,12.58933,19.68160,19.93931,10.87325,16.02678,10.16699,9.91104,19.88055,19.76849,12.07682,19.65860,19.54954,19.75354,18.51941,19.74268,18.40839,19.66322,20.54379,19.96400,20.12075,19.84679,20.07958,20.30332
895,10.04083,19.43518,19.32076,9.97658,18.97220,18.92412,10.31917,18.76393,18.85640,10.41948,11.10302,9.91592,9.89428,18.44227,17.30915,11.62486,13.89695,14.00716,17.26725,11.21398,18.50740,11.21305,18.72395,19.26050,18.84304,18.71430,18.90783,19.23622,19.24721
896,9.88832,18.51522,18.30515,9.10556,18.14372,18.20185,10.67377,18.04984,18.04142,10.11273,11.58200,8.88683,9.34971,17.54614,15.55768,10.00153,12.72808,12.77901,15.65166,11.67526,17.60116,11.73290,18.00788,18.37426,18.06024,17.86943,18.19249,18.45619,18.31029
897,9.70003,18.40761,18.21271,8.62446,18.09201,18.15109,13.64155,17.90470,17.93454,9.87035,14.47324,8.50388,8.96542,17.77877,17.35691,9.49306,16.33818,16.13009,17.25079,15.31369,17.79906,15.16073,17.94358,18.25761,17.96660,17.86845,18.12094,18.34740,18.26339
898,9.61177,18.46208,18.28466,8.80096,18.08726,18.10648,15.23742,17.78234,17.80154,9.66899,15.95389,8.58065,8.95297,17.58999,17.36684,9.68297,16.96966,16.69592,17.20564,16.47629,17.65044,16.31072,17.77299,18.07921,17.77723,17.70889,18.02678,18.31631,18.38925
899,9.68872,18.31661,18.12841,9.14706,17.90768,17.99888,15.96923,17.63824,17.60049,9.63890,16.21372,8.91025,9.25601,17.39760,17.26218,10.13701,17.00793,16.82297,17.12106,16.70013,17.47674,16.57396,17.57509,17.82001,17.55023,17.49603,17.83852,18.17495,18.30661
900,10.29983,18.54109,18.47777,10.33381,18.19243,18.20362,16.95894,17.96623,17.87564,9.78966,17.09543,9.94722,9.83848,17.75599,17.70035,12.27230,17.55877,17.54481,17.66028,17.43167,17.75561,17.42708,17.77304,18.15646,17.79821,17.94624,18.05080,18.33375,18.53098
901,10.70571,18.22302,18.17906,12.43079,17.90866,17.90363,13.98436,17.71928,17.56185,10.24456,15.33019,11.29553,10.92054,17.37429,17.27108,13.75427,17.17837,17.11979,17.22004,16.68302,17.39359,16.59343,17.51426,17.85836,17.52227,17.57564,17.74018,18.05036,18.18527
902,11.12497,17.98674,17.84562,13.38187,17.61919,17.72759,11.63042,17.52040,17.37552,10.65516,13.61266,12.01215,12.41788,17.21198,17.13455,14.05718,17.07659,17.03132,17.09539,16.06446,17.23896,15.94815,17.35946,17.63529,17.34357,17.35947,17.53968,17.86652,18.05247
903,12.28849,17.80109,17.65560,13.82515,17.48019,17.57380,13.50263,17.38732,17.27662,11.25674,14.72206,12.71697,13.31510,17.15586,17.11258,14.38679,17.08043,17.08295,17.09409,16.21301,17.16300,16.14789,17.25738,17.53940,17.25079,17.28857,17.41006,17.70003,17.88061
904,13.25235,17.68093,17.54255,14.27504,17.35879,17.45403,13.72154,17.28294,17.17166,12.19905,13.86363,13.33036,13.87134,17.05020,17.01331,14.71930,16.81453,16.87035,17.01678,14.93852,17.06148,14.95430,17.14543,17.44567,17.13735,17.18852,17.29733,17.56478,17.77043
905,13.82211,17.44695,17.28391,14.52965,17.09656,17.21432,14.18454,17.02292,16.89639,13.03929,14.17104,13.76366,14.23523,16.71963,16.59394,14.83314,15.58378,15.65537,16.55721,14.20140,16.74498,14.21977,16.87211,17.15631,16.85473,16.85940,17.04683,17.32811,17.53639
906,14.23170,17.31888,17.13501,14.57486,16.94121,17.06064,14.33016,16.85572,16.77472,13.78868,14.48900,13.96014,14.43721,16.62748,16.49175,14.81511,15.66972,15.55951,16.46482,14.72083,16.63322,14.70557,16.74338,17.04297,16.73129,16.74705,16.92827,17.18191,17.43256
907,14.41557,17.33616,17.19753,14.44456,16.96753,16.98435,14.48657,16.80623,16.78274,14.28332,14.92992,13.86634,14.40752,16.62659,16.52037,14.74397,16.24854,16.01401,16.50220,15.53167,16.60396,15.42675,16.70617,17.07337,16.71475,16.77602,16.92954,17.14104,17.41999
908,14.37885,17.50009,17.38653,14.32401,17.15517,17.13776,15.76588,16.97518,17.01010,14.43739,16.18309,13.75830,14.26267,16.91163,16.87348,14.73847,16.83837,16.82471,16.92414,16.67952,16.85612,16.60725,16.91473,17.35674,16.92850,17.07769,17.10440,17.29280,17.62249
909,14.48595,17.90143,17.88825,14.53843,17.62046,17.50747,17.20798,17.37056,17.48227,14.39885,17.29867,13.94371,14.42485,17.45802,17.47384,14.94498,17.56007,17.73713,17.59979,17.57290,17.35091,17.66677,17.32162,17.91440,17.38572,17.70162,17.51632,17.63452,17.99877
910,14.91488,18.35555,18.44789,14.91617,18.15244,17.88269,18.10205,17.77857,17.94824,14.49438,17.99840,14.39815,14.82431,17.98618,17.92315,15.36318,18.04181,18.23629,18.07948,18.10570,17.79141,18.25720,17.73155,18.52145,17.90169,18.34274,18.00217,18.00101,18.43471
911,15.08941,18.63435,18.77108,15.24127,18.48210,18.11914,15.62302,18.03757,18.23285,14.60344,16.94744,14.72435,14.99072,18.29819,18.23520,15.65556,18.37736,18.52918,18.40185,18.19446,18.08372,18.19790,18.00502,18.87169,18.25065,18.69483,18.28382,18.23685,18.72802
912,15.15511,18.85843,18.99779,15.44086,18.70818,18.35771,15.31907,18.29799,18.50162,14.79898,15.84188,14.92625,15.22463,18.64751,18.67282,15.85461,18.81740,18.96015,18.86966,17.79231,18.43336,17.68788,18.27476,19.12922,18.53902,18.98186,18.46810,18.46974,18.97573
913,15.32172,19.06000,19.23202,15.64213,18.90065,18.53531,16.49089,18.49123,18.65097,14.96904,17.39207,15.14118,15.44015,18.75000,18.74202,16.08121,18.85841,18.98424,18.92700,18.49529,18.54559,18.49809,18.41416,19.26424,18.69890,19.09345,18.59772,18.66960,19.11423
914,15.60661,19.09908,19.24296,15.88925,18.88837,18.56882,18.64251,18.53280,18.60752,15.20224,18.57290,15.40195,15.74274,18.61943,18.55121,16.31356,18.64871,18.72869,18.69447,18.70594,18.45390,18.75437,18.44971,19.14810,18.67711,18.93830,18.56966,18.73409,19.12048
915,16.04550,19.36249,19.52012,16.16184,19.10730,18.78415,18.70894,18.76271,18.82409,15.48423,18.59630,15.65932,16.08397,18.82162,18.74532,16.48337,18.81906,18.95006,18.91232,18.79890,18.66927,18.86918,18.69223,19.33865,18.87329,19.15113,18.76801,18.96197,19.38607
916,16.42825,20.01530,20.25867,16.37940,19.85042,19.36177,18.53620,19.37510,19.55631,15.97648,18.99724,15.92272,16.32118,19.70189,19.69221,16.72758,19.82126,20.14739,19.97671,19.61234,19.44735,19.73232,19.35096,20.18625,19.58584,20.08782,19.46093,19.50645,20.07092
917,16.66845,20.83769,21.20440,16.67698,20.78900,20.13057,17.69928,20.19560,20.56570,16.48281,19.27780,16.20264,16.55529,20.96248,21.03996,17.04522,21.26825,21.71960,21.42928,20.51890,20.60900,20.63990,20.28613,21.49145,20.61164,21.36804,20.43732,20.21574,20.93124
918,16.80295,21.75687,22.25248,16.92797,21.75804,20.97436,18.23863,21.09494,21.58131,16.61716,19.88195,16.44338,16.76849,22.15804,22.29750,17.34173,22.59720,23.10578,22.70329,21.73450,21.76364,21.97929,21.26406,22.74192,21.64758,22.61040,21.43198,21.00511,21.89456
919,17.03108,22.63261,23.15236,17.15461,22.56979,21.79113,20.09779,21.92710,22.52975,16.77873,21.60992,16.65824,16.99033,23.14006,23.27043,17.66458,23.63112,24.09667,23.62506,23.25595,22.72557,23.53323,22.15895,23.76271,22.50787,23.52430,22.32816,21.79920,22.80686
920,17.32065,23.19444,23.54848,17.28615,22.92732,22.35251,20.85584,22.48501,23.16177,17.06514,22.85435,16.80332,17.08103,23.61565,23.75013,17.92915,24.08297,24.38688,23.97439,24.04656,23.32799,24.18609,22.74017,24.23968,22.97664,23.77370,22.89109,22.40345,23.36630
921,17.31191,23.43992,23.60930,17.19628,23.05470,22.65906,17.95117,22.80306,23.38911,17.38612,20.49173,16.76863,16.92936,23.74149,23.91577,18.01574,24.08330,24.12706,24.01958,23.10252,23.64593,22.88631,23.07606,24.25039,23.19965,23.66186,23.12815,22.77417,23.58742
922,17.05945,22.85680,22.73559,16.71538,22.42729,22.25987,17.44840,22.34101,22.60127,17.42728,18.62884,16.43342,16.60036,22.74611,22.81027,17.63298,22.67890,22.24965,22.69611,21.12611,22.84846,20.40868,22.55769,23.10024,22.54772,22.52001,22.51390,22.46026,22.98669
923,16.61240,21.63300,21.27644,15.90861,21.25297,21.32177,18.47161,21.29937,21.19892,17.02199,19.88745,15.76928,15.99679,21.10025,20.99955,16.73004,20.88137,20.30317,20.75797,20.69904,21.31187,20.27569,21.37634,21.33181,21.30053,20.97280,21.32467,21.55561,21.69595
924,16.25594,21.14855,20.80063,15.60473,20.89595,20.99634,20.01260,20.93584,20.74175,16.61407,20.09355,15.53029,15.86287,20.67695,20.59854,16.33104,20.40361,20.10189,20.45847,20.27514,20.85922,20.01585,20.95914,20.71155,20.85854,20.57040,20.91134,21.16141,21.13402
925,16.57894,21.09565,20.84116,15.76818,20.89249,20.95737,20.10195,20.87994,20.77595,16.70856,20.19746,15.83169,16.14316,20.75186,20.77011,16.50974,20.61458,20.53912,20.66910,20.46019,20.87522,20.38454,20.89534,20.70512,20.77655,20.59776,20.88351,21.08624,21.05765
926,17.03897,21.75156,21.71772,16.05557,21.61135,21.44345,20.67084,21.38889,21.46293,16.97324,20.97484,16.09285,16.08811,21.49201,21.57330,16.89591,21.50670,21.68414,21.64119,21.40354,21.46009,21.49423,21.38612,21.66167,21.37382,21.57836,21.48702,21.54964,21.71791
927,16.93750,22.31015,22.42637,16.24311,22.19059,21.86013,21.42174,21.83255,21.97111,17.23376,21.63481,16.21634,16.12526,22.00305,22.06008,17.11221,22.06502,22.26849,22.20540,21.97745,21.88728,22.12075,21.78644,22.36464,21.86885,22.27588,21.94874,21.99105,22.28946
928,16.72515,22.83771,23.05277,16.34255,22.73841,22.31530,18.83550,22.32009,22.52673,17.32937,21.44212,16.30019,16.04313,22.62293,22.66641,17.27736,22.66816,22.90482,22.87065,22.38959,22.42858,22.46082,22.26142,23.04546,22.42112,22.96263,22.41813,22.44880,22.84286
929,16.37443,23.10048,23.29553,16.34049,22.91376,22.53466,17.10869,22.51194,22.71308,17.15750,20.44606,16.27595,16.01151,22.81427,22.82117,17.30253,22.78585,22.90656,22.99607,22.30491,22.61704,22.23005,22.42930,23.22782,22.61216,23.07742,22.59924,22.69224,23.14346
930,16.21914,23.47055,23.66308,16.32048,23.20127,22.85502,18.26876,22.80353,23.02500,16.84419,21.27288,16.15973,15.96095,23.12645,23.16076,17.26861,23.18259,23.31424,23.34613,22.84407,22.90092,22.82993,22.70259,23.55078,22.89692,23.37090,22.90529,23.02027,23.52429
931,16.10334,23.90388,24.11163,16.21415,23.60536,23.23429,20.07488,23.14303,23.42048,16.58516,22.26924,15.94235,15.73648,23.52478,23.60611,17.25154,23.67578,23.84721,23.82018,23.45291,23.28489,23.47313,23.06449,23.95859,23.26539,23.77183,23.29660,23.39561,23.91826
932,15.84851,24.03039,24.16707,15.84929,23.71718,23.38878,18.15107,23.27172,23.54044,16.29178,22.00007,15.57049,15.30035,23.62780,23.72439,17.13323,23.74044,23.81193,23.85676,23.39560,23.45646,23.32791,23.23669,23.99175,23.39737,23.76907,23.45506,23.55643,24.00667
933,15.48747,24.14442,24.20609,15.43748,23.81764,23.53665,19.60240,23.42106,23.66131,16.02623,22.51742,15.20158,14.94841,23.72246,23.81568,16.84841,23.82987,23.86967,23.90325,23.62228,23.59832,23.56093,23.39871,24.03651,23.52706,23.82406,23.60420,23.71031,24.12341
934,15.17446,24.03287,23.99215,14.96671,23.69833,23.50330,19.99762,23.38568,23.53730,15.70186,22.61350,14.77617,14.65789,23.56013,23.62578,16.30170,23.63402,23.57994,23.64314,23.48110,23.50463,23.39409,23.36631,23.81112,23.44927,23.58644,23.55030,23.68417,23.99102
935,15.12978,24.08028,24.00739,14.49682,23.80077,23.64867,23.47505,23.55798,23.67339,15.38691,23.53277,14.43673,14.74114,23.69461,23.76445,15.66741,23.83953,23.86842,23.81142,23.80270,23.62365,23.79961,23.52763,23.88653,23.60569,23.75866,23.68509,23.80341,24.04318
936,15.31680,24.41858,24.40552,14.22009,24.22050,24.01830,24.02971,23.95480,24.13595,15.33511,24.13963,14.22534,14.66946,24.21100,24.30642,15.22916,24.42614,24.60626,24.43040,24.45451,24.06173,24.54276,23.93044,24.42125,24.05361,24.34026,24.08878,24.14666,24.41214
937,15.10864,24.84033,24.91649,14.10921,24.69041,24.39560,24.65732,24.34066,24.60280,15.38933,24.67300,14.17006,14.84876,24.67709,24.73785,14.97664,24.89167,25.10916,24.89626,24.93014,24.47066,25.06963,24.32391,24.98644,24.49296,24.86802,24.52407,24.51278,24.84103
938,15.06170,25.17781,25.29524,14.17655,25.05547,24.72584,25.13261,24.68592,24.97909,15.36953,25.10165,14.24483,15.20163,25.05344,25.07246,14.87526,25.22935,25.42832,25.23404,25.29912,24.82399,25.43350,24.68667,25.44067,24.89118,25.29326,24.91391,24.82514,25.17636
939,15.19408,25.50796,25.62204,14.38075,25.37635,25.04631,25.11274,25.01704,25.27532,15.43105,25.23975,14.43869,15.53241,25.39136,25.38841,14.90562,25.52963,25.68844,25.55094,25.49392,25.16878,25.59183,25.03446,25.75801,25.25534,25.65709,25.25824,25.12866,25.55187
940,15.39199,26.07735,26.25944,14.62748,25.96715,25.55743,24.95255,25.55409,25.85595,15.60317,25.49409,14.60033,15.42271,26.10546,26.16591,15.02853,26.35327,26.60414,26.38272,26.14690,25.84593,26.29698,25.61791,26.46641,25.87771,26.39522,25.81777,25.61282,26.15816
941,15.46204,26.29628,26.47032,14.78209,26.20258,25.81133,25.62738,25.81590,26.07045,15.75077,25.90127,14.71728,15.38083,26.33702,26.37601,15.19230,26.53673,26.66313,26.50097,26.42987,26.11383,26.55101,25.90978,26.68182,26.14071,26.55880,26.07163,25.84671,26.35623
942,15.57596,25.98792,26.06056,14.99591,25.88539,25.63182,23.21239,25.60294,25.73432,16.19877,25.37463,15.30369,15.53825,25.87071,25.82674,15.42272,25.91671,25.82815,25.79301,26.06699,25.76342,26.03022,25.69272,26.15400,25.85481,25.94703,25.80880,25.66922,26.01086
943,15.68006,25.52910,25.53802,15.05718,25.41014,25.24628,18.58961,25.15254,25.23881,16.95491,22.36289,15.43784,15.29374,25.21218,25.12559,15.49972,25.20326,25.02703,25.00107,25.16482,25.21295,25.03085,25.23726,25.52078,25.34156,25.24410,25.33748,25.32537,25.50844
944,15.44150,25.51617,25.56634,14.95865,25.42358,25.22036,19.57687,25.13148,25.24013,16.23011,23.18392,15.09681,15.04203,25.19419,25.09086,15.46362,25.10886,25.00500,25.04022,25.09209,25.17654,24.99046,25.19343,25.54785,25.29154,25.29443,25.31312,25.30876,25.46389
945,15.36600,25.67237,25.78001,15.07105,25.62155,25.37167,23.68705,25.31741,25.45686,15.90236,24.95328,15.12541,15.36973,25.47732,25.40368,15.50142,25.41681,25.46279,25.45775,25.39447,25.39498,25.41166,25.35664,25.82699,25.46284,25.60435,25.50380,25.42691,25.60027
946,15.60216,25.80387,25.93834,15.24226,25.76813,25.51667,24.51740,25.45959,25.59640,15.97558,25.33950,15.41374,16.02408,25.62756,25.56997,15.60753,25.56519,25.62383,25.62805,25.52518,25.54010,25.53005,25.49164,25.95711,25.58123,25.74348,25.65689,25.53870,25.70145
947,15.85631,26.14102,26.28810,15.31849,26.05189,25.76327,19.20058,25.68424,25.80795,16.14890,23.98810,15.55704,16.06640,25.83076,25.78794,15.73422,25.71580,25.75695,25.83576,25.39283,25.77108,25.34198,25.70962,26.10762,25.77497,25.93866,25.90216,25.79799,26.08620
948,16.04719,26.12475,26.25236,15.36548,26.07030,25.81232,17.70280,25.74926,25.85276,16.28872,19.93848,15.55131,15.90043,25.92829,25.90899,15.79566,25.74813,25.80407,25.96302,24.10927,25.88349,23.93433,25.79405,26.12432,25.85703,25.99099,25.94247,25.84089,26.07038
949,16.11136,25.70849,25.75772,15.45599,25.65329,25.48980,19.00521,25.41394,25.47468,16.44568,22.31038,15.55798,15.76639,25.53622,25.49533,15.89357,25.44708,25.42262,25.50372,24.94340,25.51604,24.92174,25.46416,25.73620,25.52523,25.53946,25.56754,25.54318,25.66414
950,15.85622,25.26463,25.28059,15.37129,25.21282,25.11318,19.58606,25.03121,25.04559,16.35412,23.08671,15.21040,15.41620,25.04605,24.96378,15.88678,24.93494,24.79992,24.91232,24.71541,25.05999,24.62830,25.06828,25.26694,25.10665,25.01893,25.15450,25.18830,25.15377
951,15.15659,24.78182,24.76219,14.91434,24.72276,24.67981,17.96252,24.61436,24.58705,15.79708,21.52189,14.42872,14.65234,24.55049,24.45163,15.69365,24.40738,24.26680,24.37167,23.73958,24.57349,23.59212,24.63846,24.80455,24.65708,24.52869,24.70552,24.77566,24.65793
952,14.54657,24.72444,24.67997,14.29189,24.64497,24.63225,23.00678,24.55646,24.51211,15.21524,24.01438,14.06438,14.15352,24.48708,24.42691,15.36657,24.38115,24.26341,24.36183,24.36021,24.53241,24.28729,24.57671,24.63061,24.56305,24.44921,24.63446,24.72640,24.64617
953,14.39595,24.66757,24.68217,14.05975,24.62255,24.55772,24.04005,24.45754,24.47064,15.15397,24.10407,14.20290,14.49501,24.44327,24.38015,15.05565,24.31047,24.24082,24.36360,24.21857,24.46328,24.16378,24.48174,24.59678,24.48243,24.43002,24.57418,24.64773,24.54231
954,14.71954,24.20463,24.21045,14.07645,24.14365,24.08726,23.83073,23.88489,23.93246,15.62964,23.58006,14.56694,14.66350,23.78950,23.62670,14.91045,23.50420,23.34153,23.56021,23.45185,23.82893,23.34849,23.90512,24.09754,23.91837,23.77066,24.08489,24.20738,24.01040
955,15.46440,23.52005,23.43922,14.44266,23.42817,23.48094,22.78363,23.22901,23.19960,15.55300,22.61485,15.11828,14.74360,22.97634,22.79759,15.23065,22.58647,22.35654,22.63942,22.49168,23.06635,22.32744,23.16707,23.23550,23.13562,22.84760,23.39938,23.61911,23.32992
956,15.77234,22.87862,22.75175,15.30311,22.78275,22.83332,18.39434,22.57755,22.46501,15.76157,20.35858,16.05335,14.80565,22.09221,21.86247,16.91688,21.66560,21.41635,21.65151,21.29157,22.23037,21.13627,22.43696,22.34754,22.35752,22.01234,22.71060,23.01350,22.70905
957,15.25767,22.32135,22.16215,16.73941,22.15287,22.24144,14.92573,21.92863,21.80435,16.21369,15.71318,16.89852,15.44841,21.22790,20.99420,19.25239,20.45817,20.52090,20.77690,16.72728,21.40984,16.99730,21.77429,21.65467,21.61440,21.32983,22.10893,22.44981,22.20261
958,15.57237,21.96237,21.80761,18.08992,21.76374,21.87603,15.76680,21.58317,21.38553,15.65926,15.91669,17.34086,16.61525,20.77654,20.52591,19.92533,18.65676,19.44673,20.38711,15.89533,21.02054,16.21136,21.39019,21.28379,21.18594,20.97888,21.71837,22.07995,21.85730
959,16.45226,21.05465,20.85318,19.15112,20.85186,21.08714,16.58500,20.81508,20.55031,15.79819,16.65598,17.93260,17.76307,19.98378,19.48619,20.21323,17.34873,18.11584,19.53383,16.10626,20.25996,16.35443,20.61648,20.51453,20.38019,20.14614,20.88674,21.25610,20.97450
960,17.25322,20.45186,20.28737,19.77393,20.26647,20.47967,17.38664,20.27967,19.98165,16.72953,18.01094,18.80733,18.79034,19.58579,19.45869,20.12425,18.90476,18.85187,19.21762,18.31031,19.84247,18.41322,20.06017,19.88041,19.80073,19.58442,20.25937,20.63929,20.37966
961,17.93356,19.67355,19.49288,19.79514,19.50020,19.68618,18.22187,19.51109,19.16347,18.30556,18.24184,19.29767,19.34599,18.80055,18.73640,19.82773,18.40673,18.16927,18.45796,18.20367,19.09040,18.08987,19.32883,18.98379,19.01378,18.73604,19.44885,19.87177,19.61545
962,18.55763,18.88589,18.67032,19.53169,18.70512,18.92199,17.99013,18.76892,18.37844,18.78274,17.72711,19.26486,19.43525,18.05230,18.01732,19.48952,17.70086,17.46782,17.74081,17.54414,18.38406,17.42583,18.59885,18.10215,18.25254,17.92259,18.65248,19.10862,18.85035
963,18.70664,18.20834,17.96984,19.15899,17.94235,18.22459,19.13093,18.04318,17.58943,18.61222,18.52804,18.97557,19.21567,17.16573,17.09083,19.09725,17.00508,16.84863,16.86350,17.71348,17.55441,17.70112,17.87542,17.34289,17.49277,17.16780,17.91888,18.39503,18.17547
964,18.73285,17.94591,17.73961,18.91073,17.65889,17.92965,19.00098,17.75320,17.29562,18.52219,18.91989,18.79250,18.99787,16.78971,16.88632,18.89027,17.92826,17.70411,16.69789,18.82363,17.11995,18.80304,17.56082,17.11762,17.14540,16.96594,17.61998,18.07055,17.90535
965,18.81931,18.06314,17.96237,18.85242,17.83511,17.96748,18.89922,17.86773,17.49233,18.57300,18.75476,18.75817,18.89310,17.14113,17.39602,18.89213,18.21955,17.98998,17.24163,18.67100,17.36660,18.59939,17.69047,17.40837,17.32851,17.36134,17.73048,18.10014,18.04512
966,18.81526,18.28304,18.27775,18.83519,18.11133,18.08538,18.81177,18.01486,17.72400,18.58727,18.78203,18.72750,18.83086,17.49542,17.97605,18.90898,18.51373,18.41706,17.83241,18.71825,17.58983,18.71394,17.82517,17.76326,17.55844,17.74566,17.92487,18.22496,18.25387
967,18.75238,17.94840,17.88469,18.71822,17.74781,17.81046,18.72517,17.69791,17.42336,18.62633,18.66508,18.65994,18.73511,17.39074,17.90658,18.75391,18.25800,18.16761,17.78012,18.54174,17.43126,18.52193,17.48768,17.51312,17.33711,17.39927,17.61588,17.92713,17.93065
968,18.56371,17.50393,17.37581,18.50778,17.23508,17.41017,18.16963,17.27929,16.96978,18.49733,17.81605,18.47431,18.53752,16.92004,17.07221,18.47068,17.32512,17.16751,17.03525,17.53355,16.96653,17.42076,17.10503,16.98581,16.92608,16.81929,17.18013,17.50829,17.47993
969,18.43138,17.19865,17.05950,18.33740,16.93762,17.14901,18.36897,16.99930,16.72703,18.36290,18.20660,18.32156,18.40852,16.68599,16.88447,18.27785,17.37882,17.28880,16.80259,17.90119,16.72471,17.89454,16.84488,16.74725,16.69456,16.58525,16.93615,17.22540,17.18818
970,18.34585,17.15035,17.02626,18.25481,16.92723,17.11588,18.30080,16.94671,16.75619,18.29646,18.24931,18.24514,18.32241,16.74853,17.05559,18.19004,17.72261,17.69496,17.03671,18.03855,16.76640,18.04654,16.80751,16.77033,16.71134,16.66734,16.95467,17.15825,17.16142
971,18.30448,17.32381,17.24224,18.23097,17.13636,17.27710,17.94041,17.14825,16.99032,18.28804,17.83435,18.19756,18.26124,16.96947,17.09589,18.18896,17.37834,17.51077,17.14696,17.65778,16.96826,17.70572,17.02276,16.98675,16.92311,16.95114,17.15185,17.28850,17.35162
972,18.21190,17.38775,17.31375,18.19653,17.20702,17.32179,17.62635,17.23282,17.06283,18.25608,17.54113,18.15681,18.18173,17.02978,17.09826,18.17930,17.22190,17.28875,17.11759,17.33740,17.06315,17.40694,17.11123,17.02256,17.00743,17.01239,17.21272,17.33729,17.40414
973,18.10098,17.40575,17.35488,18.15195,17.24770,17.30434,17.35166,17.23004,17.10075,18.15818,17.36004,18.10336,18.12219,17.07301,17.12027,18.14170,17.19619,17.24577,17.14185,17.25361,17.09998,17.29334,17.13200,17.08511,17.05461,17.06738,17.22483,17.33866,17.40098
974,17.94963,17.31050,17.21277,18.05185,17.14254,17.19291,17.22080,17.11432,16.95825,17.98308,17.12000,17.99321,18.01831,16.89722,16.91822,18.04687,16.93261,16.88275,16.87545,16.95722,16.95972,16.93967,17.02243,16.86918,16.93509,16.85714,17.10217,17.25700,17.31145
975,17.86728,17.32207,17.19815,17.91363,17.14243,17.18658,16.93718,17.10163,16.93601,17.88129,16.91118,17.85261,17.90510,16.87776,16.89635,17.97171,16.88955,16.82313,16.84867,16.84686,16.94630,16.80693,17.01557,16.80998,16.92695,16.84006,17.08973,17.26451,17.35622
976,17.77957,17.20802,17.06512,17.75029,17.03517,17.10235,16.77678,17.01281,16.83036,17.82519,16.80327,17.71750,17.71399,16.77107,16.78588,17.85146,16.75807,16.67392,16.71580,16.74065,16.85819,16.68182,16.93463,16.68043,16.83595,16.71166,17.00102,17.18345,17.25303
977,17.61492,17.11193,16.97478,17.57518,16.96624,17.04073,16.64399,16.95792,16.76724,17.74711,16.66880,17.57104,17.53173,16.71208,16.72404,17.70864,16.67705,16.58751,16.64948,16.63340,16.80900,16.57174,16.88121,16.61006,16.77766,16.65466,16.93987,17.11455,17.15746
978,17.47619,17.11959,17.01874,17.46197,17.02246,17.05804,16.61108,16.98695,16.81988,17.65129,16.67389,17.47361,17.39392,16.80133,16.84683,17.61833,16.81101,16.77138,16.79663,16.73472,16.88564,16.70545,16.91987,16.67528,16.81708,16.73632,16.96580,17.11808,17.15044
979,17.37777,17.32204,17.28086,17.47593,17.27109,17.23509,16.75300,17.18139,17.06441,17.58229,16.82501,17.46844,17.37977,17.08662,17.18092,17.64775,17.15922,17.18267,17.16867,16.99885,17.14323,16.97915,17.13290,16.92518,17.03357,17.02864,17.17933,17.28004,17.32807
980,17.38596,17.58109,17.59256,17.49759,17.55893,17.46564,17.00340,17.42598,17.35681,17.52577,16.83322,17.48429,17.40204,17.43065,17.56895,17.70016,17.56499,17.62137,17.59700,17.21369,17.47063,17.19377,17.39603,17.20853,17.31144,17.36303,17.45422,17.49768,17.56289
981,17.45807,17.80618,17.84548,17.47484,17.78769,17.65783,16.94484,17.62070,17.58945,17.58950,17.16166,17.50001,17.36267,17.65351,17.81555,17.72827,17.85757,17.92359,17.83370,17.63634,17.68355,17.65632,17.59890,17.44369,17.53074,17.61009,17.68668,17.68920,17.79224
982,17.48854,18.15974,18.29278,17.53631,18.16502,17.93080,17.20819,17.91642,17.97233,17.75210,17.40455,17.51115,17.39647,18.07201,18.21091,17.79874,18.26011,18.40035,18.30747,18.00768,18.02073,18.04358,17.89784,17.98289,17.90410,18.11721,18.02723,17.96110,18.14046
983,17.38938,18.08974,18.25636,17.43571,18.13799,17.89233,17.42256,17.88940,17.94475,17.65051,17.70389,17.43033,17.31856,18.00850,18.08247,17.73333,18.11505,18.18746,18.15656,18.01763,17.94164,18.03163,17.88310,18.02821,17.90979,18.07778,17.99307,17.91440,17.99005
984,17.35167,18.16442,18.34685,17.49097,18.23427,17.97579,17.39742,17.98335,18.04173,17.64826,17.50115,17.43910,17.30475,18.13464,18.19638,17.77229,18.13445,18.17546,18.25139,17.83247,18.08080,17.84755,17.98727,18.12902,18.03123,18.17919,18.08353,17.98581,18.02355
985,17.33818,18.46414,18.68833,17.39672,18.49224,18.18993,17.58961,18.18030,18.31103,17.58717,17.83160,17.32247,17.31756,18.36768,18.41235,17.74630,18.38259,18.46277,18.48654,18.18921,18.29139,18.20204,18.18164,18.48195,18.25259,18.46966,18.33670,18.20681,18.32936
986,17.39462,18.77126,19.02237,17.19250,18.75241,18.41672,17.64842,18.39532,18.62025,17.55696,18.03150,17.22445,17.22098,18.65447,18.68534,17.65115,18.67509,18.80276,18.79590,18.48911,18.54967,18.51697,18.40465,18.89919,18.50845,18.78770,18.61327,18.44471,18.66318
987,17.45723,18.97908,19.19640,17.03477,18.88674,18.57537,18.32715,18.54774,18.80013,17.59575,18.55641,17.10142,17.13835,18.77582,18.80170,17.49542,18.82239,18.94285,18.87363,18.79854,18.68397,18.84334,18.55247,19.07146,18.65714,18.88663,18.78560,18.62557,18.90384
988,17.33647,18.68324,18.73075,16.60842,18.46741,18.28423,18.41786,18.22313,18.33093,17.45540,18.21001,16.73001,16.86562,18.18422,18.13442,17.05245,18.12506,18.00630,18.08761,18.11969,18.19099,18.06438,18.18801,18.40903,18.24082,18.19881,18.41608,18.38943,18.61408
989,17.12441,18.12837,18.01949,16.22690,17.88794,17.83720,17.58448,17.75897,17.66586,17.26731,17.33090,16.41365,16.52449,17.45687,17.36487,16.56892,17.26087,16.98654,17.22750,17.20482,17.57607,17.02477,17.68523,17.49266,17.65710,17.39168,17.85472,17.95400,18.02922
990,16.92723,17.76799,17.59734,16.04121,17.55655,17.55687,16.76924,17.46492,17.24680,17.12945,16.67107,16.27682,16.29985,17.04484,16.97910,16.24848,16.80730,16.53775,16.80965,16.67190,17.22967,16.47300,17.35732,16.88886,17.25843,16.91873,17.49228,17.66252,17.64774
991,16.79477,17.61447,17.46455,15.97632,17.47382,17.46984,16.51321,17.37615,17.14404,17.09409,16.59341,16.22735,16.20309,16.98097,16.98208,16.11303,16.81450,16.63376,16.82478,16.68333,17.17145,16.54048,17.26704,16.72222,17.12699,16.82154,17.38668,17.54509,17.46568
992,16.64559,17.39337,17.25094,15.89961,17.29177,17.29697,16.49578,17.18543,16.96663,17.04247,16.51614,16.24168,16.11822,16.77856,16.80728,16.01732,16.66511,16.48376,16.64456,16.55061,16.98267,16.43480,17.08101,16.49162,16.90270,16.58166,17.20739,17.36057,17.24120
993,16.70083,17.31953,17.18338,15.89093,17.21792,17.20284,16.30981,17.07245,16.87646,17.03176,16.45061,16.33708,16.02593,16.64660,16.66496,16.02424,16.52552,16.39123,16.52856,16.45207,16.83428,16.39079,16.95360,16.37619,16.76516,16.48464,17.12438,17.28042,17.19752
994,16.60700,17.33543,17.21948,15.90312,17.24117,17.20095,16.25316,17.05963,16.88253,17.03672,16.31118,16.30077,15.91614,16.64258,16.68184,16.06020,16.55856,16.44325,16.57114,16.40604,16.81806,16.34851,16.93325,16.34012,16.75565,16.50559,17.14303,17.28217,17.21411
995,16.43947,17.30652,17.22171,15.95050,17.22303,17.14626,16.00660,17.01621,16.88366,17.10733,16.21025,16.30744,15.88219,16.68973,16.69194,16.14727,16.52409,16.50143,16.64280,16.29829,16.80842,16.28651,16.89710,16.45709,16.74293,16.59715,17.11848,17.24466,17.19642
996,15.92876,16.38713,16.18804,15.83151,16.23703,16.29078,15.70113,16.11191,15.87892,16.62248,15.74675,15.91793,15.70633,15.44784,15.26335,16.03597,15.29512,15.18273,15.10929,15.52728,15.57549,15.51452,15.93235,15.48771,15.79364,15.46365,16.20351,16.45671,16.25727
997,15.24894,15.21193,14.86488,14.87234,14.97253,15.23834,14.62914,14.96468,14.65499,15.63840,14.47765,14.70843,14.85689,14.16833,13.86734,15.29167,13.83324,13.54584,13.61935,14.04220,14.34044,13.89949,14.81305,14.09783,14.65396,13.99412,15.11624,15.41699,15.05604
998,14.62347,14.53337,14.18175,14.34798,14.30288,14.65710,13.07864,14.34758,14.09091,15.20175,13.23620,14.52567,14.24616,13.80108,13.68691,14.96649,13.34115,13.07350,13.42796,13.16099,14.04399,12.98621,14.21296,13.40587,13.93161,13.29511,14.42538,14.80808,14.37752
999,14.29845,14.25630,13.94654,14.56989,14.03606,14.37854,13.09477,14.14286,13.86206,15.31333,13.20429,14.73034,14.18054,13.55536,13.56072,15.13176,13.25118,13.00843,13.29676,13.09904,13.83116,12.96342,13.96529,13.18073,13.60476,13.16070,14.12846,14.53044,14.15790
1000,14.15069,14.20099,13.92690,14.88420,13.98743,14.30102,13.81689,14.12143,13.80552,15.01111,13.62491,14.81238,14.28466,13.57894,13.63723,15.11864,13.41327,13.30020,13.45557,13.35435,13.80270,13.31963,13.93633,13.25099,13.60912,13.34617,14.07089,14.40858,14.17739
1001,14.11528,14.06328,13.81574,14.99469,13.91389,14.21760,14.17366,14.09746,13.72197,14.42183,14.02120,14.84626,14.57078,13.58839,13.62502,15.02455,13.41487,13.37005,13.49647,13.50773,13.77768,13.50308,13.90938,13.29790,13.61847,13.45526,13.99380,14.23959,14.10580
1002,14.36805,14.17984,14.00822,15.04985,14.09352,14.33054,13.93603,14.29623,13.94150,14.31480,13.73446,14.95375,14.83356,13.93521,14.03664,15.01702,13.94347,13.95782,13.97162,13.78430,14.07546,13.81419,14.14799,13.65744,13.88361,13.85786,14.13756,14.29985,14.27123
1003,14.62060,14.27525,14.15495,15.08441,14.22493,14.41927,14.78730,14.40432,14.09777,14.44542,14.29530,15.04184,14.99272,14.18241,14.27010,15.07553,14.13741,14.19582,14.28442,14.00307,14.25700,14.02573,14.28639,13.91044,14.09411,14.09035,14.23987,14.36975,14.37295
1004,14.76603,14.04102,13.90013,15.00910,13.97597,14.19164,14.54306,14.13028,13.84302,14.51476,14.21776,14.96948,14.94508,13.87990,13.91128,14.98909,13.74816,13.66815,13.86937,13.79586,13.98606,13.75395,14.03138,13.59910,13.85874,13.71822,14.00773,14.16804,14.09209
1005,14.71554,13.65485,13.44903,14.84548,13.56745,13.82217,13.18427,13.74464,13.40291,14.58369,13.16447,14.83267,14.74651,13.32997,13.38101,14.80682,13.26383,13.06657,13.22672,13.15204,13.53357,13.00972,13.64846,12.98002,13.40660,13.09365,13.60715,13.84355,13.67054
1006,14.66232,13.55719,13.32438,14.79192,13.45666,13.71029,13.11218,13.64635,13.30628,14.69064,13.13747,14.78978,14.71205,13.20423,13.32033,14.71617,13.19246,13.01987,13.13373,13.13752,13.44534,13.01244,13.55746,12.77512,13.25878,12.92342,13.49312,13.75933,13.58951
1007,14.59701,13.46641,13.24017,14.74628,13.39305,13.63338,13.01326,13.59116,13.25883,14.66164,13.01803,14.75885,14.69195,13.12766,13.28661,14.67814,13.15975,12.97182,13.08457,13.03563,13.39442,12.91883,13.50673,12.66198,13.17641,12.84566,13.43391,13.68637,13.45817
1008,14.52007,13.30460,13.08914,14.70490,13.28827,13.51771,12.91726,13.49005,13.15279,14.61599,12.97593,14.73034,14.66080,13.01516,13.19509,14.64220,13.08594,12.88824,12.98397,12.98864,13.29519,12.86319,13.41625,12.54509,13.08444,12.74656,13.32780,13.56345,13.25843
1009,14.26713,12.65988,12.38363,14.46618,12.64508,12.90391,12.44081,12.81793,12.35131,14.29876,12.27187,14.49375,14.41515,12.12871,12.18512,14.35681,12.03859,11.62803,11.91416,11.98390,12.46535,11.75719,12.70269,11.64371,12.40169,11.88458,12.64956,12.98188,12.57831
1010,13.89637,12.07557,11.83734,14.12971,12.10023,12.31725,11.15509,12.17935,11.70470,13.97969,11.21079,14.14450,14.01693,11.49355,11.49677,14.02549,11.28183,10.97602,11.25826,11.15140,11.81357,10.91429,12.04415,10.90919,11.73666,11.18067,12.05438,12.38458,11.94535
1011,13.52676,12.06229,11.87872,13.92467,12.07342,12.20361,11.11579,12.07657,11.74783,13.49333,11.26588,13.89444,13.75494,11.50080,11.65697,13.75363,11.47448,11.29337,11.43670,11.31711,11.82136,11.20386,11.97615,10.93721,11.60303,11.20736,12.03142,12.28010,11.93980
1012,13.43775,12.27575,12.12457,13.83394,12.25464,12.29787,12.37974,12.21224,11.95555,13.39238,11.69658,13.83955,13.83596,11.75981,11.95855,13.70399,11.80473,11.75017,11.82594,11.59753,12.02451,11.55230,12.12542,11.25158,11.76735,11.58203,12.19963,12.40038,12.19299
1013,13.71565,12.46830,12.33925,13.84501,12.43351,12.42192,13.85751,12.38796,12.15357,13.49127,13.42370,13.88865,13.88369,12.11390,12.20726,13.74269,12.01062,12.09194,12.22141,12.46162,12.27247,12.52855,12.32023,11.57888,12.00651,11.94481,12.35805,12.53500,12.43326
1014,13.83682,12.54357,12.42412,13.88696,12.49722,12.48055,13.81399,12.48376,12.23433,13.59025,13.56130,13.94019,13.87862,12.26765,12.33876,13.79809,12.23677,12.32609,12.37550,13.04337,12.39192,13.06751,12.42531,11.70771,12.13569,12.07070,12.41063,12.59032,12.52829
1015,13.85208,12.62324,12.53307,13.92890,12.56861,12.52453,13.80029,12.50772,12.30833,13.71148,13.62857,13.95483,13.90311,12.34241,12.37553,13.81756,12.64159,12.61799,12.41725,13.43750,12.43824,13.42282,12.45382,11.84837,12.22497,12.15607,12.47446,12.63368,12.61147
1016,13.84398,12.67058,12.61016,13.89020,12.62720,12.57200,13.64095,12.57973,12.39154,13.72190,13.41418,13.93733,13.88458,12.43983,12.49024,13.80284,12.74577,12.72676,12.51265,13.22459,12.51131,13.18271,12.52987,12.01636,12.33599,12.28548,12.51335,12.66710,12.65257
1017,13.81401,12.69253,12.64180,13.87853,12.63546,12.57129,13.56522,12.56896,12.39620,13.74165,13.21416,13.91548,13.86909,12.39180,12.46383,13.78497,12.53034,12.52480,12.44569,12.85736,12.48419,12.85952,12.52711,12.03468,12.33917,12.26995,12.52608,12.67033,12.67053
1018,13.76576,12.68080,12.62971,13.81186,12.59479,12.51470,13.76528,12.47956,12.32365,13.67239,13.61511,13.87041,13.83706,12.28653,12.35960,13.72509,12.81295,12.73121,12.29401,13.44976,12.34823,13.44029,12.40171,11.97310,12.26697,12.15531,12.48495,12.62953,12.66142
1019,13.69838,12.59339,12.54080,13.77018,12.51069,12.45123,13.41834,12.39360,12.24784,13.60577,13.08808,13.80832,13.76991,12.13217,12.15202,13.67893,12.33379,12.20403,12.06710,12.72785,12.22762,12.66399,12.30765,11.87272,12.18114,12.02335,12.43057,12.55303,12.54503
1020,13.51119,12.25902,12.12918,13.60260,12.13136,12.14866,12.26161,12.04055,11.81135,13.44656,11.87358,13.65924,13.60211,11.57329,11.52339,13.47643,11.41943,11.13611,11.35198,11.48106,11.76566,11.32023,11.93502,11.32757,11.77218,11.44617,12.08063,12.26925,12.20964
1021,13.20696,11.54905,11.23577,13.34467,11.36718,11.55020,10.77232,11.39517,10.96420,13.17460,10.49923,13.42405,13.30292,10.66684,10.57827,13.17632,10.31492,9.83497,10.28046,10.19778,11.00036,9.88755,11.27893,10.24555,11.03285,10.42492,11.36962,11.68840,11.50517
1022,12.76103,11.22105,10.86776,13.13036,11.04095,11.28622,9.69874,11.11731,10.69801,12.97885,9.92619,13.20146,12.92712,10.49038,10.55396,13.04046,10.22911,9.91053,10.21434,9.99847,10.84784,9.76108,11.01320,9.75294,10.63744,9.97792,11.04432,11.41347,11.17124
1023,12.61260,11.50119,11.24751,13.10365,11.33351,11.51473,12.36633,11.43083,11.08081,12.97456,11.54842,13.11693,13.01466,11.02855,11.11702,13.05912,10.79677,10.77550,10.98315,10.92425,11.24700,10.91751,11.30826,10.32116,10.95550,10.67348,11.30889,11.60446,11.52077
1024,12.76879,11.46434,11.24634,13.09021,11.29985,11.51082,12.96521,11.46063,11.10251,12.83774,12.76350,13.11666,13.03842,11.08723,10.95696,13.11984,11.32282,11.27471,10.94709,12.61300,11.23159,12.58769,11.31984,10.52205,11.05415,10.85416,11.29870,11.54006,11.52949
1025,12.69206,11.05852,10.75929,12.96914,10.79712,11.05999,11.81829,10.94347,10.51895,12.55763,11.10711,12.98665,12.87693,10.30510,10.23263,12.91931,10.01857,9.76637,10.05705,10.31279,10.55817,10.20299,10.77173,9.79668,10.48323,10.05855,10.80503,11.15535,11.12837
1026,12.21308,9.58365,9.06190,12.53037,9.30847,9.66751,9.04732,9.44132,8.70409,12.06336,8.37598,12.56318,12.44875,8.33668,8.10573,12.27312,7.75134,7.04829,7.75725,7.63307,8.73159,7.23934,9.21000,7.66167,8.87976,8.03391,9.26042,9.86009,9.59810
1027,11.27738,7.95821,7.27969,11.85113,7.69542,8.18986,5.73164,7.88774,7.01585,11.57632,5.88672,12.00633,11.59301,6.63076,6.50394,11.59589,5.95855,5.32175,6.01218,5.66790,7.24478,5.19489,7.61427,5.55597,7.06936,5.83728,7.66220,8.40623,7.91655
1028,10.11819,6.64581,5.89561,11.21209,6.41188,6.94145,4.66407,6.65242,5.88410,10.60567,4.94406,11.27017,10.80974,5.34210,5.66372,10.95445,5.17313,4.55090,5.04743,4.85771,6.12419,4.45178,6.42440,4.16838,5.64326,4.36566,6.41824,7.20443,6.50456
1029,9.76393,6.18308,5.48168,10.87581,5.97122,6.36643,5.57967,6.19309,5.45955,9.69570,4.86520,10.87416,10.71217,5.00101,5.48949,10.61593,5.09820,4.64738,4.95518,4.78725,5.76709,4.53305,5.96899,3.87318,5.10452,4.23202,5.94591,6.66181,5.99705
1030,10.12208,6.41124,5.82978,10.77935,6.26188,6.48728,5.50091,6.44970,5.73319,9.58941,5.22378,10.80359,10.73189,5.65691,6.16562,10.50855,5.87978,5.80504,5.87962,5.46855,6.22132,5.46629,6.28284,4.38771,5.47416,5.01995,6.17530,6.74953,6.28681
1031,10.29282,6.62665,6.15557,10.71052,6.54866,6.67921,8.66045,6.74370,6.09164,9.83851,5.81728,10.80978,10.74015,6.37551,6.78507,10.52568,6.53120,6.69881,6.74327,5.82297,6.72143,5.89163,6.69046,4.92712,6.04854,5.71485,6.41086,6.88553,6.58273
1032,10.28555,6.37613,5.91529,10.55192,6.27923,6.44083,6.93079,6.52292,5.95480,9.86025,5.86339,10.65608,10.49673,6.17105,6.54245,10.39144,6.44130,6.40518,6.39027,6.11991,6.57633,6.14738,6.55693,4.79959,5.95725,5.52025,6.22211,6.62593,6.33566
1033,10.24576,6.18302,5.68421,10.47494,6.02852,6.30366,10.31883,6.40602,5.84348,9.98263,9.39242,10.58117,10.49212,6.15648,6.45106,10.32788,7.32437,7.21603,6.32782,8.63819,6.45211,8.65610,6.46752,4.60791,5.90400,5.31782,6.05088,6.43143,6.16229
1034,10.39147,6.25738,5.77348,10.46888,6.05160,6.37698,10.35437,6.48973,5.94657,10.16728,10.04314,10.67659,10.50558,6.42870,8.07588,10.36386,9.91047,9.76395,7.75671,10.22523,6.56792,10.21136,6.51528,4.65461,6.02172,5.37006,6.10878,6.46170,6.23474
1035,10.47119,6.32365,5.85963,10.47730,6.08527,6.42314,10.26130,6.54226,6.03021,10.28617,9.91382,10.68215,10.52679,6.62709,8.85840,10.35479,9.75589,9.55065,8.40160,9.92346,6.86207,9.86047,6.55297,4.75284,6.06605,5.40734,6.17643,6.49832,6.30032
1036,10.38294,6.33009,5.90235,10.34372,6.09655,6.40567,9.18888,6.52261,6.09472,10.28502,8.84432,10.53977,10.35527,6.22750,7.34022,10.19155,8.35107,8.00660,7.09240,8.73836,6.59902,8.55099,6.57719,4.90928,6.05840,5.52334,6.20544,6.48900,6.32954
1037,10.10156,6.44810,6.08103,10.22721,6.22659,6.50787,7.94735,6.64313,6.28974,10.13648,7.71932,10.32814,10.14945,6.25679,6.85312,10.06168,7.21788,7.08031,6.66360,7.50504,6.72368,7.40013,6.71600,5.12874,6.20160,5.81740,6.32958,6.57065,6.44495
1038,9.90725,6.69791,6.41264,10.17141,6.51628,6.74327,7.51023,6.90139,6.62217,9.79217,7.51626,10.19538,10.07492,6.63266,7.17329,10.04609,7.32986,7.28262,6.98223,7.44464,7.04654,7.42495,6.97780,5.53717,6.52784,6.28621,6.60183,6.76924,6.69804
1039,9.84018,6.90380,6.69251,10.14023,6.75428,6.92556,9.46191,7.08207,6.83695,9.65116,8.67585,10.15049,10.11983,7.00347,7.47601,10.02956,7.68610,7.66053,7.35792,8.22821,7.29176,8.24180,7.16659,5.85824,6.78214,6.57130,6.80406,6.92639,6.89339
1040,9.94666,7.09768,6.95982,10.13118,6.96861,7.09182,10.05499,7.24465,7.01334,9.80019,9.85554,10.17478,10.12872,7.47085,8.26968,10.02611,9.52893,9.39859,8.10274,9.97316,7.61293,9.96259,7.35175,6.12727,7.04783,6.75898,6.97735,7.07591,7.07513
1041,10.05358,7.15559,7.04160,10.15423,7.03525,7.14826,10.01360,7.31096,7.09414,9.80216,9.81201,10.17818,10.11867,7.67420,8.73779,10.03648,9.69314,9.60467,8.64213,9.85083,7.74391,9.82202,7.43542,6.26123,7.16588,6.80780,7.04101,7.12918,7.14605
1042,10.03799,7.07058,6.95182,10.14901,6.94946,7.08294,9.78029,7.22887,7.00602,9.92910,9.48965,10.22778,10.10373,7.44833,8.23901,10.03800,9.09211,8.94494,8.22599,9.35207,7.56005,9.27750,7.33498,6.16439,7.04209,6.62890,6.96872,7.06658,7.04802
1043,9.96096,7.04483,6.93060,10.12417,6.93754,7.06777,8.88169,7.18553,6.97595,9.93392,8.64568,10.21116,10.04062,7.12658,7.61604,10.00809,8.09332,8.05255,7.60530,8.43779,7.36351,8.37622,7.27254,6.15926,6.97301,6.55279,6.95716,7.05344,7.01022
1044,9.77645,7.06475,6.96543,10.07519,6.99225,7.09646,7.97880,7.18889,6.99506,9.86453,7.87466,10.13247,9.94155,6.97075,7.39225,9.93912,7.55292,7.51600,7.28400,7.68643,7.28104,7.67322,7.26526,6.23688,6.98236,6.60965,6.99517,7.09092,7.03192
1045,9.68683,7.23641,7.17581,10.04762,7.19155,7.24565,8.01066,7.34509,7.19365,9.83976,7.79212,10.05905,9.96707,7.17904,7.58130,9.85319,7.69535,7.69498,7.47376,7.74573,7.44280,7.75295,7.41022,6.49821,7.14494,6.86771,7.18037,7.24730,7.22463
1046,9.82105,7.36080,7.32121,10.06278,7.31884,7.34982,8.28106,7.44106,7.29903,9.78736,7.81386,10.08559,10.04992,7.28834,7.69432,9.89783,7.80325,7.79768,7.58801,7.81181,7.54107,7.81647,7.49198,6.65623,7.23707,7.00401,7.30127,7.35715,7.36469
1047,9.83790,7.18351,7.09364,9.93074,7.10455,7.16257,7.93902,7.20616,7.02061,9.70481,7.66982,9.98430,9.96181,6.88895,7.21693,9.73730,7.23775,7.08544,6.99958,7.40197,7.18738,7.34562,7.20138,6.38501,6.98921,6.69066,7.09587,7.21336,7.20788
1048,9.73777,7.00877,6.89075,9.72845,6.91116,6.96870,7.82825,6.97330,6.75896,9.65104,7.28226,9.83029,9.80101,6.56727,6.76793,9.49914,6.70983,6.50371,6.54594,6.87656,6.81880,6.80191,6.90651,6.13711,6.74182,6.41931,6.88623,7.04316,7.04239
1049,9.43387,6.71191,6.55630,9.56827,6.62083,6.71236,6.49437,6.67985,6.42924,9.49896,6.40492,9.69136,9.51686,6.24102,6.32647,9.30894,6.26801,5.99103,6.11676,6.21576,6.48060,6.04952,6.60549,5.78986,6.43677,6.04322,6.60407,6.78770,6.72887
1050,8.90617,6.19886,6.00844,9.33940,6.14301,6.27758,5.66203,6.21100,5.89961,9.13445,5.68688,9.46535,9.23193,5.71418,5.75394,9.02748,5.61490,5.32655,5.53203,5.54015,5.97301,5.34362,6.13051,5.20918,5.92869,5.45515,6.12248,6.34520,6.16361
1051,8.61304,5.82371,5.64687,9.07991,5.82450,5.95543,5.27240,5.87139,5.55686,8.77125,5.31768,9.18675,9.08355,5.36335,5.39039,8.69129,5.21965,4.99104,5.20599,5.16292,5.60650,4.99032,5.78297,4.84295,5.56214,5.10426,5.79424,6.00460,5.73322
1052,8.51199,5.39498,5.19840,8.79881,5.40441,5.54915,4.94881,5.43095,5.08366,8.40683,4.90331,8.92313,8.85966,4.84947,4.81274,8.30280,4.64068,4.37512,4.63589,4.59938,5.07648,4.43236,5.30952,4.36561,5.10221,4.61492,5.37360,5.60715,5.28875
1053,8.32783,4.60114,4.31693,8.57782,4.58532,4.78540,6.53336,4.59666,4.09248,8.06756,4.80198,8.71132,8.73121,3.72327,3.51911,7.99226,3.27320,2.92638,3.25845,3.74191,3.92402,3.65606,4.38553,3.25271,4.16162,3.54499,4.53204,4.88201,4.48669
1054,8.39412,4.05063,3.73960,8.43955,4.06451,4.25132,8.48807,4.01035,3.46742,7.87268,7.48847,8.59366,8.70892,2.99537,2.72578,7.84064,3.07650,2.80098,2.45244,5.19058,3.09993,5.35985,3.68964,2.60648,3.49444,2.95914,3.98490,4.36132,3.93165
1055,8.49060,3.71212,3.38017,8.42821,3.74299,3.93130,8.09876,3.65545,3.14965,7.94566,6.91635,8.56123,8.65922,2.69734,2.39606,7.81935,2.70224,2.29584,2.16545,4.58574,2.75766,4.50528,3.30532,2.23994,3.11213,2.54201,3.68171,4.03877,3.59623
1056,8.52075,3.58045,3.23636,8.33523,3.63435,3.82905,6.26969,3.57966,3.11910,8.09101,4.39521,8.45830,8.58742,2.72609,2.45510,7.74306,2.41949,2.06673,2.28900,2.85837,2.82805,2.67738,3.26325,2.15007,2.98435,2.39441,3.60942,3.92959,3.49323
1057,8.35217,3.47217,3.10885,8.27082,3.50814,3.73821,3.52130,3.50946,3.06219,8.05860,2.92505,8.39181,8.34922,2.68550,2.52447,7.65192,2.32654,2.07693,2.35912,2.34898,2.87280,2.14827,3.22581,2.05324,2.88019,2.27051,3.54733,3.83146,3.38813
1058,7.42578,3.26787,2.92032,8.09987,3.24128,3.54723,2.23756,3.36040,2.95097,7.75680,2.48325,8.11964,7.79560,2.59799,2.69528,7.38851,2.48543,2.29742,2.48403,2.34996,2.94579,2.22467,3.19250,1.91128,2.77891,2.17478,3.33791,3.61693,3.17667
1059,6.80924,3.06247,2.69702,7.32816,2.97007,3.27508,2.94694,3.14764,2.75954,7.15586,2.45767,7.50565,7.58280,2.37243,2.63712,6.51323,2.46253,2.23224,2.34236,2.35173,2.84769,2.23127,3.02536,1.67889,2.52472,2.03854,3.03871,3.38615,2.97680
1060,7.18301,3.05464,2.66261,6.76944,2.91293,3.18782,7.15126,3.08513,2.68303,6.95148,5.55263,7.26028,7.27151,2.34838,2.52375,6.42638,2.40414,2.30471,2.32598,3.55472,2.74627,3.64345,2.93328,1.60709,2.44171,2.06863,2.96835,3.32799,2.97319
1061,7.10172,2.85989,2.41534,6.58236,2.64550,2.94419,6.79764,2.81602,2.40286,6.92087,5.70183,7.10712,6.79051,1.99480,2.14150,6.34149,2.09535,1.86459,1.92076,3.64735,2.40332,3.41833,2.63105,1.28488,2.21869,1.79034,2.70931,3.10638,2.79045
1062,6.55512,2.08955,1.55526,6.31172,1.85703,2.21634,4.17283,2.04019,1.51641,6.58954,2.28438,6.84173,6.43973,0.99160,1.05612,6.03139,0.83602,0.39506,0.71631,0.94360,1.47198,0.68630,1.78670,0.28577,1.43915,0.74033,1.88605,2.41260,2.00527
1063,6.04665,1.10660,0.57508,6.12559,0.99653,1.37797,1.44262,1.16688,0.61331,6.10624,0.55844,6.63838,6.21928,0.14689,0.07182,5.66731,0.01968,-0.00660,0.01465,0.00237,0.42303,-0.00741,0.84823,-0.00575,0.53490,0.07301,0.95335,1.56398,0.98832
1064,5.79933,0.48126,0.15483,6.02719,0.53814,0.82272,0.59785,0.58664,0.19182,5.60674,0.25862,6.45514,6.21238,-0.00524,-0.00677,5.32207,-0.00731,-0.00661,-0.00642,-0.00879,0.00302,-0.00844,0.24089,-0.00575,0.05995,-0.00627,0.43327,0.98671,0.41878
1065,5.54715,0.22391,0.06682,5.77809,0.36750,0.54107,-0.00873,0.29836,0.05684,5.29681,0.16366,6.17577,5.99176,-0.00384,-0.00302,5.02123,-0.00274,-0.00118,-0.00212,-0.00421,-0.00440,-0.00330,0.04577,-0.00575,0.00023,-0.00428,0.24521,0.67138,0.19678
1066,5.18874,0.17286,0.08538,5.36306,0.35810,0.45892,-0.00332,0.22276,0.04821,4.95830,0.11171,5.77311,5.60384,0.02550,0.02900,4.51066,0.03079,0.04197,0.03668,0.02390,0.01990,0.03010,0.03337,-0.00575,0.01880,0.02661,0.23220,0.56241,0.15254
1067,4.84624,0.21272,0.15229,4.81488,0.42458,0.48966,0.80074,0.25659,0.10323,4.50212,0.07707,5.27125,5.15430,0.08195,0.08645,3.97202,0.08670,0.10699,0.10601,0.05528,0.06745,0.06174,0.08692,-0.00419,0.06801,0.07962,0.29724,0.56988,0.19098
1068,4.92666,0.24625,0.19472,4.50041,0.45706,0.50296,2.28632,0.27107,0.13614,4.27822,0.14569,4.97553,4.97315,0.11856,0.12137,3.76037,0.10939,0.12960,0.14882,0.05340,0.10030,0.05523,0.11012,-0.00288,0.10052,0.10495,0.32769,0.58545,0.22504
1069,4.85530,0.26900,0.21515,4.32287,0.47037,0.51446,0.98646,0.28289,0.15592,4.33465,0.04817,4.84238,4.68223,0.13486,0.13863,3.61922,0.13136,0.15222,0.16767,0.08483,0.11657,0.08755,0.12673,-0.00101,0.11880,0.11018,0.34790,0.59431,0.24878
1070,4.59379,0.29271,0.23399,4.02834,0.48462,0.52467,0.39182,0.29366,0.17254,4.04008,0.09404,4.58464,4.36151,0.14471,0.14921,3.54133,0.14822,0.17280,0.17874,0.11297,0.12970,0.11898,0.14496,0.05395,0.13423,0.12277,0.36482,0.60463,0.27122
1071,4.42140,0.32296,0.26000,3.94939,0.50276,0.52066,3.17411,0.29016,0.19184,3.97284,0.66922,4.42910,4.15373,0.16900,0.16542,3.64110,0.14818,0.17051,0.19718,0.12229,0.15001,0.13628,0.16175,0.17295,0.15324,0.17775,0.37425,0.61684,0.29929
1072,4.07323,0.34643,0.28386,3.92661,0.51457,0.53635,0.76790,0.31175,0.21498,3.84845,0.18531,4.27504,3.90022,0.17000,0.16235,3.61524,0.15250,0.17015,0.18640,0.12863,0.15856,0.13348,0.18865,0.13227,0.17449,0.20153,0.40695,0.62515,0.31998
1073,3.86086,0.37258,0.31087,3.87776,0.53199,0.53030,3.62874,0.32164,0.23915,4.03775,2.22459,4.19734,3.92343,0.18815,0.17724,3.58980,0.15248,0.16459,0.19144,0.55961,0.18170,0.65572,0.21218,0.18787,0.19546,0.23749,0.40754,0.63633,0.34500
1074,3.83042,0.37983,0.31455,3.85984,0.52692,0.52224,2.09074,0.35197,0.25690,3.76867,1.20643,4.13317,3.81125,0.21542,0.20596,3.57934,0.19251,0.20061,0.21877,0.36091,0.21301,0.39631,0.25233,0.12548,0.22470,0.25297,0.41817,0.63694,0.35319
1075,3.51710,0.37983,0.30545,3.78178,0.49684,0.50085,0.21072,0.39212,0.27893,3.59324,0.25055,4.01393,3.67159,0.23031,0.23806,3.46738,0.23246,0.23626,0.23232,0.21375,0.26560,0.20488,0.31936,0.09087,0.24697,0.24401,0.43693,0.62465,0.36293
1076,3.50966,0.45243,0.38034,3.66668,0.54166,0.53322,2.30705,0.48054,0.36891,3.66282,0.60401,3.91185,3.72683,0.28157,0.38905,3.27523,0.38537,0.40330,0.33248,0.33426,0.38975,0.33015,0.42539,0.30453,0.29191,0.32621,0.50434,0.65678,0.45100
1077,3.62160,0.73600,0.69861,3.49727,0.80788,0.75783,3.60437,0.77269,0.62107,3.15982,3.01182,3.77711,3.68762,0.49428,0.82544,3.16848,1.05024,1.00352,0.74082,2.20892,0.70456,2.14001,0.69306,1.07265,0.46467,0.69064,0.74009,0.84955,0.75941
1078,3.51574,0.82628,0.79104,3.49616,0.89635,0.86374,3.48133,0.90081,0.70417,2.98896,3.29504,3.76212,3.52868,0.69717,1.08247,3.44088,2.17223,1.84041,1.04230,3.21185,0.84717,3.07405,0.81864,1.31291,0.63123,0.88565,0.80312,0.91730,0.85778
1079,3.49215,0.74490,0.68279,3.70398,0.80370,0.82988,2.96395,0.86107,0.67835,3.27898,2.49020,3.85333,3.47819,0.73698,0.91693,3.62847,1.50036,1.44041,0.97655,2.15811,0.80570,2.00463,0.81322,1.08286,0.68117,0.84080,0.75534,0.85971,0.77053
1080,3.44176,0.88231,0.84027,3.99066,0.94810,0.97052,2.14992,1.01337,0.87535,3.46098,1.67988,3.96491,3.64610,0.80658,1.04574,3.74951,1.22197,1.31049,1.01284,1.44499,0.96082,1.41445,0.97857,1.26773,0.78136,0.95145,0.91738,0.97501,0.91957
1081,3.47113,0.97149,0.93836,4.10986,1.04562,1.08219,3.55706,1.13010,0.97849,3.54534,2.76641,4.06088,3.90671,0.90295,1.25888,3.86606,1.56632,1.54030,1.20202,2.10394,1.09105,2.06494,1.08046,1.37586,0.86185,1.05968,1.03479,1.05559,1.01457
1082,3.60240,0.98839,0.93827,4.18124,1.07349,1.15469,3.83801,1.20639,1.02619,3.64591,3.51248,4.16266,4.06538,1.03782,1.46456,3.98692,2.26603,2.06203,1.44741,3.29713,1.19825,3.14731,1.14979,1.38980,0.94093,1.12182,1.09773,1.09328,1.03367
1083,3.80849,1.47700,1.48567,4.36079,1.57990,1.60521,4.01062,1.70427,1.52741,3.66761,3.70387,4.29660,4.24454,1.39450,2.07975,4.15057,3.05731,2.97230,2.06151,3.68214,1.69521,3.52948,1.64272,1.94760,1.29656,1.58697,1.57591,1.51489,1.57340
1084,3.93253,1.80014,1.86228,4.39394,1.94019,1.89710,4.11732,2.01118,1.82854,3.69151,3.79737,4.36610,4.34368,1.82744,2.36407,4.23587,3.34875,3.27146,2.48223,3.72606,2.02114,3.63796,2.02899,2.30498,1.72629,1.98098,1.89268,1.80754,1.88143
1085,4.00071,1.87012,1.90591,4.41514,1.98102,1.96318,4.23084,2.05185,1.89646,3.87176,3.99609,4.46299,4.36345,2.00955,2.67546,4.30552,3.38877,3.26078,2.60756,3.84864,2.11641,3.83353,2.10171,2.24445,1.87990,1.99548,1.94426,1.89215,1.89558
1086,4.17390,2.05325,2.06798,4.50529,2.11403,2.11182,4.26151,2.18668,2.09471,3.94531,4.06539,4.50652,4.42779,2.19816,2.87138,4.35718,3.60709,3.47672,2.83581,3.95206,2.31545,3.91706,2.26658,2.39025,2.05424,2.09976,2.10777,2.05128,2.07315
1087,4.24097,2.37590,2.38885,4.55346,2.34843,2.32649,4.33286,2.38509,2.33866,4.02917,4.15218,4.52009,4.50682,2.40597,3.09931,4.47074,3.73335,3.61229,3.09891,3.98662,2.56176,3.98451,2.48922,2.73134,2.27054,2.33825,2.33295,2.28657,2.38155
1088,4.28574,2.50340,2.51194,4.61507,2.41205,2.38684,4.07201,2.41390,2.41163,4.06432,3.69003,4.56372,4.52359,2.36504,2.81890,4.59642,3.31160,3.18272,2.84270,3.47409,2.54184,3.42027,2.52132,2.82406,2.34180,2.43543,2.39857,2.36573,2.45715
1089,4.24585,2.36298,2.35785,4.60823,2.27481,2.26561,4.17872,2.27124,2.23944,4.05034,3.63703,4.58536,4.50185,2.13750,2.42843,4.59804,2.62152,2.46643,2.36302,2.89306,2.24029,2.89148,2.31286,2.44730,2.18094,2.26557,2.26569,2.26816,2.27659
1090,4.09630,1.85985,1.80893,4.53700,1.88911,1.96275,1.96827,1.94922,1.86057,3.90066,1.77806,4.53763,4.32199,1.76232,1.68571,4.41808,1.70024,1.55082,1.65709,1.63370,1.80656,1.48928,1.95724,1.40200,1.87071,1.80545,1.93347,1.97937,1.74784
1091,3.65378,1.28829,1.11001,4.32694,1.47607,1.70039,0.99229,1.63425,1.53304,3.75382,1.05132,4.36307,4.06885,1.48972,1.26574,4.13583,1.08698,1.01368,1.27261,0.97251,1.49506,0.88574,1.66041,0.32170,1.56132,1.17597,1.62856,1.68330,1.15685
1092,3.34833,0.87954,0.57728,4.05353,1.15839,1.50921,1.41850,1.41646,1.28358,3.55370,0.73806,4.10107,3.96966,1.29510,1.03253,3.84237,0.79069,0.70332,1.03187,0.64942,1.28532,0.57693,1.43111,-0.00327,1.24907,0.65661,1.39011,1.46743,0.76008
1093,3.27365,0.64657,0.41561,3.81693,1.00785,1.39368,0.79181,1.30893,1.13225,3.24270,0.44990,3.92361,3.74104,1.02373,0.87234,3.64625,0.61464,0.53982,0.89643,0.42396,1.13766,0.36366,1.27050,-0.00574,1.05374,0.42363,1.25703,1.33997,0.56095
1094,2.96423,0.46998,0.32472,3.73018,0.92624,1.31407,0.22541,1.23677,1.03505,2.95328,0.35470,3.77681,3.44924,0.79877,0.83746,3.47580,0.62068,0.60161,0.83408,0.44233,1.04544,0.39643,1.17842,-0.00575,0.96954,0.29814,1.19928,1.20330,0.36129
1095,2.83306,0.40725,0.18378,3.52250,0.68491,1.25631,0.37791,1.16103,0.96346,2.93052,0.44950,3.48350,3.39830,0.76825,0.83554,3.16760,0.65506,0.64547,0.77185,0.51797,0.98959,0.47927,1.16145,0.06200,0.86756,0.23016,1.14108,1.09231,0.38841
1096,2.93015,0.57359,0.32409,3.36913,0.49536,1.25772,2.17472,1.15719,0.89197,3.02229,0.76041,3.35012,3.45047,0.74442,0.78210,3.12642,0.60008,0.58404,0.72681,0.53456,0.95275,0.49140,1.12975,0.38420,0.76759,0.27958,1.07108,1.06896,0.67309
1097,3.01945,0.79270,0.62182,3.30529,0.50291,1.28968,1.69535,1.24252,0.82460,2.63354,0.83669,3.27662,3.35483,0.74350,0.77430,3.11603,0.60502,0.56634,0.70645,0.58242,0.95662,0.53389,1.12353,0.84725,0.75886,0.44291,1.03759,1.02945,0.95515
1098,2.77058,1.00676,0.97595,3.26859,0.66502,1.28781,3.25289,1.24669,0.73886,2.39687,2.84817,3.24210,3.26792,0.75639,0.70949,3.16627,0.93637,0.80329,0.67178,2.16235,0.94177,2.07488,1.11329,1.26208,0.82956,0.68369,0.94778,1.05962,1.14566
1099,2.94947,0.99326,1.00294,3.29725,0.79298,1.15295,3.14385,1.03021,0.72747,2.54876,2.90609,3.36817,3.22934,0.71058,0.82518,3.24295,1.65018,1.35722,0.71353,2.63826,0.81650,2.50476,0.97335,1.18435,0.80048,0.79442,0.83786,1.07763,1.09890
1100,3.10439,0.83097,0.80479,3.34411,0.76980,0.86499,2.89908,0.76362,0.64506,2.91132,2.57422,3.32692,3.26081,0.62775,1.12526,3.27409,1.98074,1.53656,0.81545,2.38606,0.60235,2.24628,0.68779,0.80671,0.67746,0.71867,0.73080,0.92709,0.91034
1101,2.87102,0.27299,0.30205,3.02317,0.47864,0.44752,1.03950,0.40953,0.46341,2.90032,0.84555,3.07388,2.90485,0.36479,0.25697,2.97578,0.48229,0.33886,0.21960,0.65810,0.28955,0.54498,0.35645,0.05488,0.44752,0.47763,0.50461,0.46844,0.31588
1102,2.05140,-0.00482,0.01808,2.58042,0.07976,0.02929,-0.06912,0.02040,0.13957,2.44685,-0.02066,2.64088,2.34708,0.02198,-0.01975,2.42317,-0.03787,-0.01380,-0.00460,-0.05911,-0.01093,-0.04705,0.00518,-0.00566,0.09200,0.24638,0.10987,0.02296,-0.00612
1103,1.77677,0.00295,0.00498,2.22677,0.02424,0.00614,-0.01172,0.00887,0.02064,2.07182,0.00495,2.27141,2.12429,0.00567,0.01141,2.01862,0.01324,0.00894,0.00842,0.00794,0.00800,0.00256,0.00790,-0.00209,0.01724,0.08442,0.01385,0.00404,0.00500
1104,1.87301,0.12985,0.11554,2.20316,0.11430,0.14426,1.54883,0.16777,0.10324,1.86061,1.08393,2.25022,2.13888,0.16359,0.23384,2.07557,0.23297,0.18175,0.21211,0.54993,0.19339,0.54287,0.16043,0.14527,0.12818,0.11895,0.09563,0.12441,0.15666
1105,1.99407,0.25012,0.22330,2.28741,0.18876,0.24487,2.10941,0.27408,0.16880,2.03832,1.87898,2.37780,2.20496,0.26942,0.34687,2.24856,0.67301,0.58487,0.30496,1.67081,0.30934,1.59659,0.26224,0.22344,0.21237,0.18626,0.15890,0.22399,0.29655
1106,1.97389,0.50071,0.45533,2.53027,0.37958,0.48887,2.19025,0.53308,0.38158,1.76645,2.06273,2.46133,2.29838,0.66975,1.08011,2.50382,1.79994,1.33960,0.97999,2.08785,0.64652,1.96789,0.54844,0.55801,0.49653,0.39927,0.33927,0.44989,0.57112
1107,1.92731,0.54718,0.49036,2.69265,0.41987,0.55264,2.19873,0.57778,0.44135,1.67369,1.95561,2.58528,2.47355,0.78494,1.34697,2.61015,1.66270,1.29765,1.15266,1.87515,0.77192,1.71747,0.60415,0.57798,0.56186,0.47474,0.43515,0.50547,0.61376
1108,2.00042,0.90869,0.83733,2.89896,0.69839,0.88395,1.72799,0.94540,0.70406,1.75047,1.66864,2.66615,2.61048,1.06288,1.27739,2.75140,1.63490,1.52077,1.33846,1.79424,1.05207,1.54686,0.95864,1.04641,0.81837,0.73730,0.73332,0.83505,1.02417
1109,2.09933,1.21706,1.12121,3.08646,0.91181,1.16129,1.77098,1.24016,0.94674,1.85496,1.72598,2.87268,2.82728,1.27528,1.48142,2.99994,1.67000,1.65399,1.50583,1.78790,1.33609,1.65031,1.26259,1.41628,1.05225,1.03526,0.98258,1.12020,1.35330
1110,2.16062,1.21894,1.10182,3.19899,0.90240,1.17796,1.60578,1.24076,1.01212,1.94282,1.54394,3.00180,2.93558,1.24827,1.37104,3.09882,1.48355,1.47094,1.38232,1.55699,1.30916,1.46527,1.27407,1.40030,1.11639,1.16297,1.02220,1.14761,1.34306
1111,2.19998,1.26370,1.12658,3.28215,0.94437,1.18411,1.37809,1.24361,1.08047,2.09589,1.37494,3.06265,2.99743,1.21656,1.34835,3.11965,1.39245,1.35319,1.28556,1.41496,1.30282,1.32535,1.26924,1.39317,1.15787,1.22175,1.02969,1.19405,1.37559
1112,2.30194,1.27661,1.12364,3.31901,0.96444,1.18545,1.78516,1.26768,1.11411,2.22846,1.38898,3.12623,3.15843,1.19728,1.33176,3.15867,1.37534,1.27592,1.22498,1.37728,1.28452,1.28063,1.28148,1.35744,1.18670,1.24430,1.04099,1.21509,1.38162
1113,2.57068,1.19722,1.04256,3.32137,0.91755,1.15201,1.65177,1.24495,1.11625,2.19013,1.29968,3.17589,3.24306,1.15156,1.27329,3.15017,1.32216,1.23042,1.18429,1.30089,1.23497,1.20034,1.24293,1.26494,1.15800,1.18707,1.03846,1.15977,1.28530
1114,2.77594,0.97049,0.80595,3.30241,0.74364,0.99121,1.22348,1.06856,0.95799,2.20056,1.12730,3.19902,3.24635,1.01650,1.02724,3.07640,1.05045,0.96222,0.97791,1.06906,1.06744,1.01538,1.10573,0.91928,1.07680,1.02437,0.89638,0.98281,1.02060
1115,2.84219,0.65744,0.48874,3.20117,0.50387,0.69976,0.84243,0.75065,0.68904,2.18310,0.75398,3.16441,3.14201,0.79649,0.69812,2.91483,0.65295,0.55953,0.69264,0.63679,0.83551,0.58301,0.81564,0.50932,0.89268,0.81380,0.59728,0.73061,0.69346
1116,2.63100,0.43459,0.27457,3.01056,0.32877,0.44670,0.34825,0.46828,0.48866,2.28602,0.32293,2.99745,3.02921,0.56025,0.45210,2.70726,0.32023,0.26516,0.45597,0.24740,0.61547,0.18163,0.52796,0.16633,0.62808,0.56856,0.34591,0.52520,0.45149
1117,2.51615,0.38137,0.21820,2.85685,0.28548,0.38353,0.18365,0.40896,0.42770,2.07711,0.21794,2.85044,2.91621,0.48333,0.43378,2.57037,0.29413,0.26755,0.41638,0.19573,0.55831,0.14990,0.47606,0.08224,0.55181,0.41142,0.29804,0.46665,0.38960
1118,2.44983,0.31380,0.14972,2.84128,0.23657,0.33472,0.15752,0.35764,0.36027,1.95694,0.23276,2.82604,2.79850,0.40879,0.44620,2.49787,0.32706,0.29867,0.39393,0.24241,0.50904,0.21323,0.45166,0.03032,0.51368,0.28549,0.25973,0.41297,0.32046
1119,2.35587,0.18758,0.06046,2.80008,0.14350,0.23613,0.14558,0.24172,0.23639,1.92239,0.19136,2.80489,2.72201,0.28667,0.38194,2.40558,0.27630,0.20531,0.26782,0.19346,0.43916,0.14683,0.38482,0.00787,0.44937,0.17580,0.17389,0.30513,0.18496
1120,2.18160,0.06030,0.01533,2.69431,0.06319,0.11695,0.07609,0.09449,0.10114,1.90588,0.10618,2.72008,2.68057,0.20108,0.28046,2.23625,0.19071,0.08948,0.11246,0.11646,0.37123,0.05433,0.23093,0.00353,0.35179,0.12619,0.05378,0.18196,0.08207
1121,2.23545,0.01411,0.02361,2.49659,0.03773,0.02689,0.01586,0.01398,0.05587,1.90477,0.05857,2.60862,2.62245,0.11914,0.21449,2.00417,0.12361,0.05863,0.05687,0.06670,0.29465,0.03537,0.16744,0.02365,0.28155,0.09001,0.02997,0.06737,0.02992
1122,2.05831,0.00252,0.00700,2.16378,0.01370,-0.00103,0.13934,-0.00006,0.02477,1.80958,0.02936,2.37542,2.30644,0.08745,0.11543,1.69505,0.06101,0.03207,0.03065,0.02771,0.21180,0.02112,0.07879,0.01139,0.15903,0.06673,0.00285,0.00132,0.00828
1123,2.04925,0.02094,0.02187,1.90934,0.02077,0.01738,1.55183,0.02102,0.03500,1.74060,0.41511,2.19403,2.18134,0.06246,0.07369,1.50709,0.03713,0.03759,0.04197,0.03391,0.13646,0.03668,0.09896,0.02117,0.13436,0.07207,0.01615,0.01728,0.02988
1124,1.88527,0.04814,0.04198,1.75230,0.04194,0.05775,0.07447,0.07602,0.07011,1.50521,0.09532,2.05664,1.81242,0.12844,0.13659,1.43843,0.10978,0.10050,0.11227,0.09899,0.16657,0.09277,0.10662,0.03716,0.11748,0.09197,0.04629,0.05422,0.07776
1125,1.53044,0.06986,0.08513,1.66529,0.07188,0.05834,0.08679,0.06585,0.08041,1.34665,0.07142,1.94711,1.64635,0.10998,0.11875,1.42649,0.11444,0.11056,0.11034,0.09718,0.13737,0.08933,0.09225,0.09656,0.11836,0.11815,0.06331,0.05538,0.07458
1126,1.54090,0.13658,0.15558,1.68133,0.13544,0.13022,1.42612,0.13906,0.14753,1.39988,0.92489,1.95100,1.72188,0.18110,0.18553,1.45110,0.21739,0.20109,0.18436,0.59344,0.17985,0.58764,0.13520,0.17829,0.14790,0.16526,0.13894,0.12007,0.14707
1127,1.64954,0.03262,0.04242,1.61743,0.04271,0.06348,1.52589,0.08246,0.09091,1.51452,1.34085,1.88266,1.67436,0.13367,0.14384,1.39191,0.36322,0.42333,0.12937,1.07292,0.15023,1.17021,0.13600,0.06386,0.13520,0.11130,0.06274,0.04852,0.05057
1128,1.65637,0.01124,0.01613,1.52986,0.01409,0.00826,1.21687,0.02104,0.02852,1.61077,0.79124,1.83809,1.56018,0.05469,0.04899,1.34601,0.12646,0.22255,0.04244,0.29401,0.09298,0.49085,0.11095,0.01488,0.09539,0.05613,0.01027,0.00812,0.01569
1129,1.53841,0.02531,0.03043,1.50384,0.02370,0.01569,1.19528,0.01984,0.03391,1.51318,0.73830,1.80567,1.50501,0.03548,0.03285,1.31380,0.03254,0.15357,0.05553,0.09858,0.04465,0.29093,0.09570,0.02011,0.08819,0.06701,0.01791,0.01715,0.03125
1130,1.45144,0.04415,0.05704,1.48930,0.04451,0.02888,1.20612,0.03710,0.07217,1.50368,0.86247,1.79941,1.51465,0.07857,0.06918,1.28092,0.06788,0.20383,0.11053,0.29040,0.06958,0.46264,0.12085,0.06072,0.13003,0.12494,0.03673,0.03179,0.05141
1131,1.45235,0.09908,0.13043,1.49318,0.10844,0.07975,0.70105,0.09250,0.14274,1.42721,0.38899,1.81476,1.54354,0.16271,0.14045,1.26280,0.15827,0.26023,0.18379,0.16801,0.14264,0.26667,0.16282,0.03362,0.18827,0.17524,0.09580,0.07957,0.10669
1132,1.42332,0.13776,0.18769,1.51831,0.16569,0.12518,0.19181,0.13992,0.19602,1.40235,0.18831,1.81871,1.56625,0.21736,0.18661,1.24453,0.19010,0.25382,0.21733,0.18998,0.21095,0.23030,0.18703,0.07196,0.22847,0.19548,0.14543,0.12379,0.14934
1133,1.46230,0.19781,0.23163,1.47848,0.21797,0.17594,0.76026,0.19700,0.24261,1.50192,0.35632,1.80148,1.63681,0.26278,0.24936,1.26433,0.23815,0.26294,0.25542,0.22949,0.26187,0.24526,0.22581,0.20058,0.25905,0.23123,0.19082,0.17298,0.20894
1134,1.59910,0.20643,0.22881,1.47265,0.23747,0.19170,1.48682,0.21440,0.25924,1.55839,1.29086,1.78200,1.58838,0.25250,0.26567,1.31786,0.55090,0.50233,0.29518,1.00386,0.25100,1.00123,0.24237,0.15496,0.26062,0.26780,0.20891,0.18671,0.22184
1135,1.65496,0.14134,0.17009,1.73315,0.21487,0.16138,1.17022,0.19468,0.24298,1.63172,0.97928,1.85119,1.74451,0.21351,0.32653,1.48948,0.67969,0.51649,0.28603,0.91490,0.20801,0.81713,0.21756,0.08846,0.25304,0.25034,0.18986,0.15286,0.17025
1136,1.70498,0.26219,0.27249,1.89365,0.30021,0.27895,0.57525,0.32009,0.32689,1.73373,0.51729,1.92376,1.85610,0.34898,0.36816,1.58991,0.44196,0.36735,0.32579,0.51294,0.33029,0.42700,0.33449,0.27364,0.33936,0.33258,0.27320,0.26045,0.29978
1137,1.63341,0.34336,0.37135,1.75342,0.38529,0.34956,0.41582,0.39609,0.41433,1.72402,0.40841,1.83343,1.83269,0.41822,0.40521,1.38757,0.41889,0.39754,0.41304,0.41943,0.40213,0.38697,0.40978,0.35041,0.40648,0.42965,0.35307,0.33306,0.39080
1138,1.59105,0.43511,0.45649,1.56174,0.44200,0.41790,0.47792,0.46337,0.48042,1.69346,0.47969,1.74421,1.70490,0.48464,0.49574,1.30832,0.52026,0.47838,0.49239,0.51650,0.46865,0.46234,0.48623,0.45541,0.47336,0.49736,0.41877,0.41428,0.49992
1139,1.53534,0.45136,0.48927,1.46845,0.45282,0.42808,0.47227,0.45802,0.49786,1.62093,0.46123,1.68576,1.56142,0.48474,0.46565,1.28467,0.48279,0.47486,0.49424,0.47956,0.48301,0.44951,0.48898,0.42329,0.48924,0.50353,0.44215,0.43179,0.51779
1140,1.46995,0.40089,0.52444,1.43806,0.48743,0.42418,0.44457,0.44763,0.53307,1.56085,0.41027,1.65090,1.48742,0.48624,0.41665,1.26208,0.41947,0.45843,0.48871,0.41247,0.50815,0.42401,0.49095,0.29303,0.51629,0.51223,0.47324,0.40265,0.42696
1141,1.45425,0.35004,0.57008,1.47016,0.53266,0.42876,0.62014,0.46361,0.57742,1.49509,0.38078,1.64923,1.51664,0.44288,0.32799,1.25102,0.33192,0.43556,0.45440,0.34914,0.47938,0.38039,0.52088,0.12892,0.54645,0.49027,0.51247,0.37258,0.33389
1142,1.22674,0.19413,0.51486,1.42645,0.49417,0.33345,0.06538,0.41814,0.54869,1.29044,0.07115,1.54120,1.38668,0.33519,0.08941,1.10037,0.04315,0.15225,0.21407,0.05314,0.41025,0.09893,0.54059,0.02046,0.53568,0.36467,0.48484,0.18445,0.05218
1143,0.90929,0.16876,0.24489,1.04983,0.32944,0.35210,0.03381,0.49981,0.29836,0.86885,0.06208,1.19542,1.13703,0.24602,0.21039,0.78867,0.11108,0.18748,0.17158,0.09386,0.50317,0.13005,0.55836,0.03310,0.31618,0.10209,0.36258,0.17850,0.06065
1144,0.82847,0.21068,0.21101,0.85454,0.32084,0.43329,0.46947,0.56830,0.37025,0.46616,0.25885,0.94341,0.97056,0.30312,0.32933,0.69792,0.21321,0.24745,0.27044,0.18251,0.53054,0.21372,0.57600,0.15277,0.32128,0.17742,0.41547,0.25679,0.15736
1145,0.97355,0.37682,0.44239,0.87491,0.34441,0.50658,0.95343,0.55418,0.38771,0.45151,0.85673,0.88722,0.96624,0.37311,0.28576,0.71846,0.27849,0.28945,0.30605,0.61623,0.39635,0.61784,0.53277,0.53019,0.35478,0.32117,0.39925,0.35775,0.24826
1146,0.99721,0.42698,0.53160,0.91451,0.45169,0.55250,0.59880,0.58565,0.46864,0.39188,0.42407,0.92462,0.93913,0.46613,0.37100,0.79335,0.33531,0.36478,0.39851,0.34513,0.47678,0.34897,0.53461,0.63577,0.40550,0.47260,0.44215,0.43521,0.35007
1147,0.98400,0.60473,0.72151,1.04612,0.59200,0.64484,0.40707,0.69162,0.60121,0.66916,0.40974,1.05070,0.99247,0.58749,0.53158,0.89413,0.50263,0.54080,0.56264,0.42550,0.58707,0.43276,0.62122,0.87664,0.53559,0.67690,0.57375,0.56620,0.52655
1148,1.05285,0.86043,0.97912,1.12070,0.72610,0.78412,0.82987,0.79182,0.69829,0.83693,0.57520,1.20828,1.12918,0.70834,0.63850,1.02159,0.63045,0.63808,0.68351,0.51143,0.65103,0.50666,0.68279,1.24623,0.69205,0.90457,0.72334,0.74679,0.74878
1149,1.11121,0.99840,1.11396,1.23676,0.84689,0.87051,0.54522,0.88016,0.79838,0.97403,0.57064,1.27018,1.19616,0.81710,0.68987,1.10154,0.69875,0.71996,0.74510,0.62628,0.72875,0.61250,0.75528,1.40491,0.79873,1.07162,0.82479,0.86104,0.89524
1150,1.18721,1.23237,1.28263,1.30660,0.93897,1.02814,0.76398,1.00558,0.90046,1.17568,0.65319,1.34465,1.32243,0.94430,0.77846,1.18632,0.80546,0.82233,0.84262,0.72423,0.83850,0.70483,0.83538,1.67957,0.91648,1.25541,0.93822,1.04823,1.12120
1151,1.30795,1.38664,1.41851,1.32705,1.03867,1.15460,0.80509,1.11519,1.00325,1.26855,0.72522,1.41596,1.39255,1.07801,0.88814,1.28150,0.92324,0.94723,0.96369,0.77980,0.93833,0.75783,0.90781,1.82901,1.04157,1.42856,1.03691,1.19036,1.30130
1152,1.40492,1.57617,1.59562,1.40121,1.18777,1.30211,1.01469,1.24895,1.15456,1.35173,0.79996,1.50351,1.44596,1.23253,1.03238,1.38178,1.06238,1.09636,1.12818,0.85640,1.07587,0.84748,1.01571,1.98355,1.20016,1.64296,1.16349,1.34812,1.51297
1153,1.44306,1.67036,1.67204,1.47663,1.30446,1.37448,0.86562,1.33275,1.28261,1.41893,0.91574,1.56008,1.48014,1.34837,1.08607,1.44133,1.13692,1.16804,1.17721,1.05246,1.16600,1.05598,1.10009,2.05233,1.26967,1.76945,1.23886,1.42489,1.62244
1154,1.46787,1.80700,1.76583,1.55200,1.41550,1.46632,1.04822,1.41648,1.43531,1.49391,1.06234,1.61683,1.57106,1.45923,1.18045,1.50615,1.23733,1.27742,1.28330,1.20250,1.23619,1.21755,1.18467,2.18319,1.39235,1.94033,1.33450,1.52693,1.77478
1155,1.55230,2.01584,1.96147,1.60977,1.57645,1.62555,1.21406,1.59509,1.56879,1.53798,1.22740,1.67158,1.62291,1.70530,1.30579,1.57991,1.30583,1.40820,1.41769,1.29695,1.37131,1.34082,1.29539,2.38386,1.59507,2.15738,1.47314,1.69770,2.00956
1156,1.64427,2.28242,2.19768,1.70844,1.80558,1.83993,1.42269,1.89910,1.76021,1.64763,1.34214,1.76475,1.69991,2.07323,1.71889,1.71842,1.47798,1.63810,1.84291,1.32745,1.67085,1.47294,1.57236,2.66004,1.80773,2.40855,1.63430,1.94675,2.33970
1157,1.72687,2.38122,2.37283,1.81464,2.00167,1.94910,1.75351,2.04866,1.96880,1.74135,1.67060,1.86062,1.77685,2.17293,1.84076,1.85907,1.48953,1.68540,1.97461,1.51780,1.98942,1.58166,1.78470,2.75711,2.10629,2.52087,1.79838,2.05310,2.44982
1158,1.76038,2.22827,2.23243,1.91215,1.91158,1.88768,1.71380,1.96339,1.94790,1.77647,1.56183,1.94134,1.82794,1.99096,1.77329,1.92417,1.52600,1.62003,1.81717,1.46766,1.94500,1.51300,1.83115,2.53119,2.08477,2.29118,1.78876,1.94514,2.27493
1159,1.80552,2.13630,2.13029,1.96457,1.87000,1.86128,1.66260,1.91666,1.92135,1.77580,1.45746,1.99117,1.89634,1.95450,1.77323,1.97340,1.56748,1.61788,1.79436,1.43865,1.90263,1.46708,1.82991,2.40170,2.05507,2.22966,1.76471,1.89140,2.18375
1160,1.86431,2.18443,2.18696,2.01772,1.94798,1.91524,1.56682,1.96449,1.96422,1.81359,1.60503,2.04200,1.93408,2.07445,1.93364,2.04079,1.80820,1.83470,1.93409,1.70618,1.92859,1.73052,1.90949,2.39043,2.09799,2.26288,1.82436,1.94278,2.23869
1161,1.91476,2.34123,2.38151,2.11473,2.14144,2.05840,1.97457,2.12941,2.12952,1.90553,2.00916,2.13801,2.03055,2.30017,2.15623,2.15426,2.16608,2.19682,2.22241,2.12445,2.08506,2.15291,2.10008,2.54400,2.25592,2.44172,2.00000,2.08112,2.40543
1162,2.09886,2.77194,2.89644,2.29240,2.61457,2.42787,2.60634,2.53706,2.59798,2.15230,2.65690,2.28813,2.21630,2.80092,2.67511,2.38404,2.77037,2.95182,2.87821,2.80783,2.56487,2.90899,2.54242,3.05712,2.70628,3.02307,2.43481,2.44215,2.85883
1163,2.27620,3.13756,3.33813,2.49517,3.01310,2.74991,2.89639,2.88864,3.02522,2.31354,3.08218,2.45935,2.37346,3.18833,3.08987,2.62000,3.21724,3.44153,3.32938,3.25360,2.95652,3.34894,2.91683,3.48207,3.13573,3.49354,2.80773,2.75835,3.22576
1164,2.35083,3.23917,3.47303,2.66355,3.14872,2.85757,2.84353,2.99311,3.16156,2.29956,3.09691,2.55425,2.45008,3.34280,3.23906,2.75286,3.37574,3.55772,3.45974,3.37616,3.09506,3.43034,3.03745,3.59433,3.29546,3.58844,2.93683,2.85761,3.29299
1165,2.48995,3.50388,3.78410,2.82591,3.44512,3.10760,3.21712,3.25068,3.46539,2.43280,3.43147,2.66139,2.60329,3.66885,3.56566,2.90572,3.70541,3.92431,3.80485,3.70294,3.40431,3.78077,3.31166,3.89994,3.60620,3.91750,3.21434,3.10344,3.55988
1166,2.56922,3.64719,3.94793,2.94393,3.61157,3.29280,2.67383,3.43135,3.72579,2.47756,2.75349,2.72023,2.68503,3.93910,3.92435,3.01496,3.74421,3.79881,4.10356,3.05334,3.71772,3.06520,3.53122,4.09237,3.80948,4.10065,3.40244,3.26533,3.68799
1167,2.53895,3.72444,3.98410,2.95820,3.63064,3.35196,2.94568,3.44368,3.75481,2.51480,3.13432,2.77402,2.70907,3.90112,3.85795,3.05795,3.85800,3.88960,3.97761,3.55614,3.71807,3.49772,3.54697,4.08494,3.75391,4.02190,3.47171,3.36303,3.75723
1168,2.63664,4.01611,4.24322,2.98132,3.85801,3.59160,3.89573,3.66678,4.05102,2.60914,4.04023,2.82216,2.83488,4.18362,4.16207,3.14380,4.28316,4.46943,4.31833,4.30559,3.95646,4.38322,3.76383,4.43696,3.98906,4.33752,3.74227,3.63766,4.06670
1169,2.78841,4.15328,4.30437,2.97168,3.93764,3.72658,4.53933,3.78955,4.21790,2.68420,4.45563,2.84714,2.98407,4.31550,4.27642,3.16387,4.44107,4.62576,4.45317,4.53386,4.04783,4.66255,3.89311,4.62239,4.15730,4.50320,3.88459,3.79738,4.22310
1170,3.07614,4.42915,4.57265,3.01847,4.19165,3.96687,4.75789,4.02705,4.49277,2.77706,4.68576,2.92344,3.12820,4.60079,4.51070,3.23890,4.68458,4.90486,4.73210,4.77718,4.27895,4.91392,4.15371,4.96257,4.48182,4.86618,4.15208,4.05100,4.50074
1171,3.38741,4.66415,4.78279,3.11209,4.42249,4.17602,4.91740,4.23131,4.65414,2.90884,4.82479,3.04060,3.23184,4.81813,4.64556,3.39636,4.80258,5.01126,4.87035,4.89083,4.49069,5.02157,4.36821,5.15612,4.71985,5.08084,4.36870,4.27415,4.72143
1172,3.56322,4.91092,5.02316,3.23093,4.67808,4.40335,5.09467,4.46267,4.86680,3.07780,4.99485,3.17230,3.26215,5.07405,4.87245,3.61158,4.99846,5.22384,5.10222,5.06393,4.75122,5.20974,4.59179,5.37089,4.94019,5.31734,4.59701,4.50275,4.96769
1173,3.53978,5.19736,5.35580,3.33463,4.97958,4.66972,5.24349,4.73986,5.15836,3.24886,5.25494,3.23864,3.28543,5.40120,5.20895,3.76557,5.33204,5.60146,5.45404,5.39577,5.05979,5.55791,4.86187,5.64963,5.23348,5.64413,4.86878,4.76111,5.23804
1174,3.53535,5.40087,5.61417,3.44975,5.22265,4.87692,5.56298,4.96414,5.36044,3.32034,5.49064,3.31166,3.37013,5.58424,5.40115,3.91633,5.52019,5.74886,5.63788,5.57808,5.24608,5.73481,5.05708,5.81970,5.46718,5.85072,5.07172,4.96280,5.41315
1175,3.54941,5.40736,5.63616,3.58441,5.28268,4.91542,4.56592,5.00989,5.39359,3.35156,5.05140,3.37674,3.35571,5.50993,5.34655,4.01634,5.45399,5.55721,5.50875,5.42187,5.23628,5.46753,5.09716,5.80820,5.50633,5.76894,5.09688,5.00089,5.40447
1176,3.24725,4.69572,4.74929,3.28831,4.49051,4.32547,3.21635,4.34711,4.54134,3.19417,3.34773,3.23163,3.14557,4.42697,4.21752,3.60610,3.93413,3.69700,4.06685,3.35458,4.38395,3.31021,4.43909,4.74971,4.61728,4.58167,4.39860,4.44571,4.64407
1177,3.17257,4.48236,4.46243,3.16507,4.22249,4.15646,3.57654,4.07692,4.22366,3.15335,3.65622,3.15576,3.16088,4.19558,4.02690,3.37194,3.86888,3.71935,3.96729,3.76406,4.15012,3.63481,4.13516,4.41171,4.28409,4.21814,4.16659,4.29881,4.44125
1178,3.22976,4.49617,4.49945,3.30231,4.26141,4.18601,3.70153,4.10468,4.21724,3.12366,3.78246,3.24786,3.21771,4.23327,4.15974,3.63956,4.09990,4.06646,4.17182,3.97412,4.13183,3.93739,4.07983,4.41861,4.21944,4.24313,4.17171,4.31461,4.47744
1179,3.32985,4.85416,4.93191,3.55683,4.64423,4.48906,3.38393,4.43342,4.60147,3.18026,3.64555,3.38251,3.31492,4.66181,4.62566,3.83922,4.55767,4.64784,4.72485,4.15607,4.52358,4.16252,4.40572,4.88845,4.57004,4.79360,4.51322,4.59755,4.86690
1180,3.41908,5.29913,5.45544,3.68204,5.12365,4.86407,4.05345,4.81649,5.10346,3.35964,4.51947,3.46711,3.46115,5.21163,5.21504,3.97267,5.23678,5.46338,5.36748,5.06431,5.01188,5.16011,4.83928,5.48627,5.03463,5.40112,4.97152,4.96397,5.32820
1181,3.56977,5.74585,6.01330,3.87812,5.65807,5.25738,5.79702,5.24432,5.65880,3.53676,5.91328,3.64559,3.70195,5.84538,5.84108,4.15663,6.03298,6.38776,6.10072,6.12328,5.51190,6.37232,5.30457,6.28082,5.62940,6.19554,5.48623,5.33766,5.78720
1182,3.78410,5.93146,6.25925,4.06578,5.85945,5.42556,6.26559,5.43422,5.84495,3.58836,6.23181,3.74723,3.87411,6.02710,5.95711,4.25683,6.20700,6.49705,6.26559,6.33754,5.66778,6.55448,5.46612,6.54516,5.88367,6.44989,5.63611,5.51253,5.95948
1183,4.04191,6.03865,6.37377,4.14788,5.97839,5.53078,6.33850,5.55573,5.90481,3.63591,6.20106,3.82166,4.11557,6.04685,5.88344,4.31105,6.08269,6.34619,6.17787,6.21870,5.68861,6.36958,5.55402,6.62244,5.99888,6.51356,5.72440,5.62859,6.02420
1184,4.35184,6.19752,6.49654,4.30181,6.22849,5.72393,6.19811,5.71232,5.97029,3.84714,6.09862,4.06932,4.29988,6.23028,5.85833,4.42229,5.97291,6.15002,6.09558,6.06737,5.81541,6.17950,5.74372,6.73675,6.14938,6.51578,5.97752,5.79105,6.18613
1185,4.12895,6.08648,6.32138,4.43201,6.19882,5.71460,5.36134,5.68960,5.95401,4.19609,5.96864,4.22707,4.37048,5.95374,5.71809,4.52395,5.82455,5.89320,5.82358,6.01479,5.73414,6.04409,5.72053,6.58168,6.04441,6.25522,5.91445,5.79849,6.00813
1186,4.29035,5.88015,6.01942,4.42778,5.96815,5.58120,4.54731,5.54829,5.74498,4.24335,4.89015,4.28261,4.40789,5.58672,5.53529,4.50386,5.41297,5.42671,5.52066,5.08061,5.49273,5.07713,5.57193,6.23793,5.78597,5.92573,5.74116,5.67459,5.82915
1187,4.36994,5.80364,5.88222,4.45136,5.76344,5.51442,4.46305,5.46599,5.62484,4.21746,4.55792,4.31487,4.41358,5.42819,5.33169,4.53773,4.70922,4.77903,5.36237,4.57182,5.39813,4.59306,5.47676,6.02000,5.61305,5.75547,5.58070,5.65305,5.78748
1188,4.44951,5.93945,5.99872,4.52711,5.79232,5.61110,4.54092,5.54302,5.69832,4.30379,4.71597,4.35883,4.48090,5.54628,5.31418,4.61016,4.93245,5.00383,5.36643,4.78260,5.50097,4.82351,5.53402,6.09181,5.66516,5.86974,5.63402,5.76477,5.94315
1189,4.52020,6.02981,6.04950,4.52364,5.80074,5.69420,4.79291,5.60041,5.76305,4.43393,4.99048,4.36181,4.51252,5.64695,5.53827,4.62235,5.28575,5.30990,5.54929,5.10565,5.58240,5.12770,5.60054,6.14506,5.72411,5.95142,5.68502,5.83737,6.05210
1190,4.46103,6.02472,6.03616,4.51203,5.79579,5.70649,4.88477,5.61513,5.80029,4.50556,5.11410,4.31763,4.45344,5.72711,5.64767,4.61415,5.51294,5.53405,5.68772,5.31955,5.65103,5.32429,5.62996,6.21189,5.76907,6.02294,5.71649,5.83489,6.02265
1191,4.40174,5.93289,5.91575,4.48997,5.71489,5.64604,5.40908,5.56286,5.73967,4.44003,5.50296,4.29678,4.41900,5.71183,5.64853,4.59616,5.64957,5.69609,5.71248,5.61935,5.61325,5.63720,5.58038,6.17143,5.72938,5.98669,5.65899,5.76809,5.93776
1192,4.56794,6.11034,6.11156,4.53729,5.90923,5.82536,5.95154,5.74805,5.92814,4.46155,5.93954,4.34432,4.52154,5.93599,5.87430,4.67123,5.92961,6.02308,5.96339,5.96849,5.79954,6.03186,5.74748,6.36224,5.93474,6.24023,5.83674,5.92968,6.13573
1193,4.82068,6.37262,6.43274,4.68047,6.18822,6.05785,5.88312,5.99912,6.18258,4.57178,6.02059,4.48853,4.65645,6.23994,6.18077,4.83820,6.25660,6.37545,6.32356,6.18488,6.06863,6.23113,5.98782,6.62359,6.23806,6.56260,6.06847,6.14236,6.37988
1194,4.93065,6.72746,6.86731,4.78793,6.57015,6.36441,6.19418,6.33264,6.56320,4.80835,6.42748,4.58560,4.72968,6.62403,6.58689,4.98184,6.67426,6.85269,6.76374,6.66324,6.41530,6.73229,6.30610,7.01802,6.59036,6.98368,6.39969,6.44288,6.70962
1195,5.16904,7.30578,7.56039,4.92547,7.15359,6.82007,7.20158,6.85823,7.10221,5.00051,7.20052,4.73174,4.96045,7.14039,7.06797,5.16419,7.23498,7.49092,7.32107,7.30977,6.87373,7.47422,6.80865,7.63889,7.16665,7.64408,6.88725,6.91869,7.28126
1196,5.49060,7.91307,8.29045,5.13886,7.76261,7.29861,7.75665,7.37674,7.68765,5.16035,7.76238,4.91829,5.14210,7.75422,7.63051,5.38024,7.82644,8.19350,7.95308,7.91046,7.41636,8.13749,7.35579,8.30403,7.77103,8.35580,7.40351,7.41425,7.88351
1197,5.63701,8.44738,8.86983,5.38243,8.31461,7.73779,7.70194,7.83936,8.17455,5.43051,8.39373,5.15290,5.25484,8.26354,8.09382,5.61666,8.31569,8.65059,8.39778,8.55800,7.90723,8.72292,7.85593,8.83476,8.31483,8.85589,7.87320,7.88070,8.39853
1198,5.72522,8.39898,8.69321,5.59054,8.25165,7.74671,7.06828,7.79660,8.05768,5.52408,7.43854,5.36778,5.53037,7.98545,7.77872,5.78028,7.89461,7.96902,7.93262,7.84710,7.80128,7.87169,7.85750,8.54416,8.20797,8.40457,7.83336,7.93644,8.25261
1199,5.69698,8.20218,8.38064,5.73179,8.00699,7.66670,5.56406,7.68112,7.90945,5.44739,5.79288,5.45146,5.54242,7.70483,7.62101,5.87763,7.30667,7.34038,7.63308,6.07502,7.60880,6.13782,7.71112,8.23893,7.92648,8.03115,7.73531,7.87201,8.01671
1200,5.69310,8.24723,8.40313,5.89215,8.02340,7.75212,5.99814,7.74803,7.96112,5.64072,6.44878,5.58413,5.73718,7.82304,7.73329,5.97935,7.57177,7.63488,7.79556,6.91377,7.72481,7.01472,7.76924,8.35558,7.96523,8.13080,7.82635,7.97052,8.07163
1201,5.76556,8.22561,8.35039,6.00571,7.99558,7.78424,6.41643,7.76245,7.94000,5.70965,7.02801,5.70406,5.90200,7.82005,7.73473,6.07236,7.72300,7.78228,7.79480,7.50059,7.73639,7.54591,7.75840,8.36813,7.94378,8.12314,7.83655,7.99026,8.06959
1202,5.88089,8.26388,8.36376,6.08715,8.03567,7.84490,6.78591,7.81320,7.96850,5.77365,7.19832,5.76000,6.01137,7.87490,7.80260,6.12674,7.79061,7.82742,7.86645,7.55047,7.79605,7.54511,7.79956,8.38828,7.97742,8.16672,7.87868,8.03575,8.14455
1203,5.82354,8.17385,8.20122,6.03603,7.89907,7.78001,6.02824,7.71492,7.86641,5.82137,6.32167,5.73901,5.83067,7.76289,7.68730,6.12996,7.22868,7.15477,7.69739,6.45764,7.70235,6.49168,7.71508,8.25913,7.84014,8.00963,7.79123,7.96774,8.08798
1204,5.72973,8.12930,8.06998,5.82107,7.82161,7.79740,6.62181,7.69615,7.81994,5.81842,6.89179,5.68566,5.70746,7.73320,7.67157,6.07342,7.61635,7.49618,7.68497,7.29193,7.68682,7.17612,7.69719,8.16969,7.79141,7.93777,7.77519,7.96490,8.09517
1205,5.72387,8.21204,8.14443,5.72299,7.94436,7.90788,5.90712,7.80640,7.94296,5.77658,6.36537,5.63257,5.63482,7.85416,7.81826,5.96018,7.69829,7.68769,7.84085,7.03535,7.80325,6.98987,7.80120,8.28136,7.88163,8.06447,7.91048,8.03850,8.19561
1206,5.70696,8.45685,8.42364,5.65072,8.22627,8.14224,7.08332,8.04612,8.21590,5.75714,7.52349,5.56709,5.62535,8.16975,8.18011,5.89234,8.18960,8.27329,8.24798,8.02528,8.08847,8.03689,8.04331,8.60075,8.13997,8.40435,8.16359,8.25200,8.45388
1207,5.99464,8.91544,8.94971,5.66332,8.70394,8.53338,8.62543,8.45793,8.66532,5.84217,8.64759,5.59509,5.81846,8.63787,8.65940,5.93048,8.76400,8.93061,8.77505,8.81214,8.50759,8.92189,8.43048,9.06161,8.56220,8.95209,8.57690,8.63274,8.92553
1208,6.46350,9.39231,9.51404,5.87102,9.16870,8.91301,9.24520,8.88502,9.05155,6.12172,9.17247,5.83558,6.11741,9.04109,9.03074,6.20822,9.19459,9.37971,9.21464,9.28185,8.87484,9.41994,8.81812,9.55549,9.03372,9.47769,8.95239,9.03078,9.40672
1209,6.83465,9.67208,9.83967,6.31084,9.40302,9.12313,9.54983,9.11989,9.23926,6.38388,9.45669,6.19493,6.30577,9.23667,9.16373,6.72554,9.29365,9.45753,9.35277,9.45309,9.05687,9.56000,9.06350,9.77585,9.32593,9.65201,9.12428,9.26898,9.61705
1210,7.01713,10.09565,10.33910,6.65233,9.85535,9.47364,9.59596,9.49963,9.67719,6.73345,9.59450,6.42401,6.56746,9.71801,9.65163,7.02614,9.78122,10.07076,9.91194,9.80948,9.49984,9.97367,9.47127,10.26124,9.75747,10.19138,9.50656,9.62437,10.00407
1211,7.17841,10.94323,11.33750,6.90126,10.80040,10.15293,10.41542,10.22688,10.54023,7.08044,10.67097,6.64144,6.80982,10.74021,10.67857,7.31360,10.88844,11.41785,11.06965,11.02582,10.34965,11.35012,10.20008,11.41556,10.64137,11.36258,10.30848,10.30240,10.90501
1212,7.35902,11.61451,12.09870,7.23318,11.52612,10.71683,11.35991,10.83153,11.22720,7.28513,11.54874,6.83707,7.08802,11.55058,11.43388,7.53397,11.75370,12.33305,11.91113,11.86466,11.03514,12.25920,10.81828,12.31516,11.38937,12.24379,10.96080,10.86797,11.64075
1213,7.43745,12.07435,12.67798,7.45838,12.17013,11.18840,7.78530,11.28031,11.86578,7.30241,9.21743,7.01346,7.22315,12.31215,12.26998,7.65948,12.32632,12.65224,12.74338,10.90103,11.79154,10.87909,11.42495,13.13339,12.09333,12.95736,11.59205,11.26857,12.05002
1214,7.17907,11.98717,12.60306,7.40323,12.12026,11.22191,7.57847,11.26154,11.83971,7.25686,8.01890,7.01258,7.27554,12.20772,12.03134,7.65455,10.52564,10.45597,12.24467,8.34720,11.85317,8.40164,11.47956,13.05849,12.03340,12.67186,11.53811,11.34625,11.83941
1215,7.24825,12.06675,12.58836,7.51175,12.04678,11.32453,10.47155,11.34878,11.80892,7.25010,10.96285,7.12723,7.50159,12.05352,11.92019,7.82043,11.99831,12.08918,12.18617,11.73871,11.66025,11.67438,11.43991,12.91277,12.03285,12.59508,11.54039,11.52633,11.83272
1216,7.77474,12.28854,12.80548,7.76662,12.38236,11.59342,12.17435,11.60628,12.04118,7.36883,12.11188,7.35991,7.94347,12.42798,12.10970,8.18996,12.30246,12.55695,12.40980,12.34997,11.91037,12.50029,11.69759,13.20788,12.30717,12.89549,11.90802,11.73562,12.05735
1217,8.10876,12.01942,12.42087,8.02077,12.06960,11.37932,11.47497,11.31096,11.66715,7.47943,11.80968,7.67399,7.93191,11.84193,11.44769,8.45040,11.54859,11.58137,11.60428,11.74017,11.48505,11.73998,11.38730,12.65945,11.92269,12.19440,11.63551,11.55671,11.76463
1218,8.18598,12.06414,12.40941,8.30367,12.00501,11.41361,9.13546,11.32453,11.69468,7.73719,11.42187,7.90861,8.06241,11.61601,11.34443,8.72568,11.43718,11.46741,11.41766,11.78060,11.41226,11.83311,11.36780,12.51624,11.78701,12.07277,11.57512,11.65644,11.79821
1219,8.32687,12.11941,12.41346,8.31814,12.11124,11.54161,11.74462,11.46703,11.76567,8.01585,11.59580,7.99754,8.40321,11.82351,11.53214,8.84536,11.52296,11.57564,11.62722,11.56594,11.55012,11.59762,11.48395,12.49662,11.86640,12.17330,11.70598,11.74935,11.86806
1220,8.70774,12.45428,12.80307,8.46456,12.54246,11.87970,11.72955,11.83084,12.18594,8.22912,11.83516,8.20544,8.51087,12.38048,12.08328,9.13812,12.09387,12.33073,12.30506,12.08184,11.99553,12.20173,11.85143,13.00730,12.27374,12.75277,12.14699,12.01468,12.25585
1221,9.02969,13.19390,13.61540,8.84535,13.31147,12.53269,12.26548,12.50350,12.95396,8.54114,12.96361,8.54705,8.71471,13.26487,13.04790,9.58652,13.18818,13.61417,13.39420,13.31461,12.77628,13.54231,12.53698,13.98647,13.04167,13.74550,12.91342,12.62172,13.13266
1222,9.16180,13.77936,14.26389,9.14616,13.89258,13.04096,12.43587,13.05060,13.52365,8.79081,13.60212,8.82195,8.89398,13.86891,13.72948,9.90825,13.93238,14.38248,14.13984,14.01006,13.35971,14.21297,13.06927,14.58707,13.64376,14.44297,13.42777,13.13173,13.75070
1223,9.19143,14.04873,14.53634,9.33674,14.08670,13.25519,13.35410,13.27323,13.68862,9.06098,13.74605,8.99285,9.01564,13.93795,13.77309,10.09955,13.96416,14.24127,14.12951,14.04457,13.48356,14.18825,13.27080,14.67949,13.84722,14.49475,13.54247,13.41336,13.96377
1224,9.40942,14.39965,14.91183,9.58514,14.36326,13.53841,14.00060,13.55536,13.99499,9.30365,13.96446,9.15294,9.26483,14.13155,13.96496,10.33622,14.13355,14.39385,14.31812,14.16919,13.69462,14.32616,13.56142,14.91336,14.10428,14.73720,13.76242,13.74766,14.24982
1225,9.68056,14.58239,15.02789,9.86047,14.56110,13.74675,12.56418,13.75477,14.16884,9.52775,13.91238,9.32339,9.44594,14.30157,14.12553,10.51305,14.29459,14.51999,14.42615,14.36603,13.88763,14.44682,13.78580,15.07938,14.32487,14.87838,14.00157,13.94471,14.47721
1226,9.72906,14.44768,14.77585,10.20808,14.37225,13.69769,9.85192,13.69433,14.05560,9.70490,11.17352,9.56367,9.61602,14.12665,14.00140,10.68965,14.14629,14.21235,14.16052,13.38341,13.82612,13.32813,13.73110,14.82677,14.21455,14.57883,13.87982,13.91592,14.34695
1227,9.90156,14.71495,15.00536,10.50492,14.66749,14.00322,13.67440,13.99781,14.29598,9.89527,14.14301,9.79526,10.16977,14.49499,14.30118,10.94956,14.43860,14.62866,14.52214,14.50056,14.14273,14.59568,14.02709,15.06987,14.46708,14.88362,14.18722,14.21256,14.64837
1228,10.53767,14.71489,14.95351,10.89000,14.69973,14.07909,12.52038,14.04267,14.28873,10.17254,14.41179,10.21012,10.60599,14.36123,14.14397,11.10122,14.28934,14.36479,14.26510,14.65858,14.10085,14.67648,14.06885,15.01777,14.44169,14.67961,14.26415,14.28998,14.61693
1229,10.65939,14.42574,14.54945,10.94142,14.23688,13.81955,12.42604,13.71886,13.88275,10.48115,13.38615,10.43816,10.85216,13.70893,13.54562,11.10762,13.73529,13.66007,13.54012,13.87704,13.62779,13.79354,13.69877,14.41311,13.92117,13.97235,13.86671,14.10063,14.29679
1230,10.79077,14.32577,14.39008,10.96667,14.03648,13.74296,11.07956,13.61632,13.73899,10.43228,11.35112,10.42076,10.92984,13.51076,13.56216,11.13944,13.09579,13.08988,13.51028,11.53909,13.47859,11.54007,13.56063,14.20694,13.70562,13.81688,13.74179,14.02237,14.22403
1231,10.88761,14.25019,14.25356,11.01567,13.89380,13.75875,11.19977,13.61487,13.69825,10.69539,11.53358,10.48690,10.97321,13.52074,13.52430,11.22453,12.45694,12.47804,13.50493,11.58312,13.48848,11.62812,13.55559,14.10036,13.64473,13.79837,13.70771,13.99923,14.17510
1232,11.00650,14.23253,14.23010,11.14589,13.85363,13.75216,11.78053,13.64059,13.64424,10.82362,12.24747,10.69984,11.10835,13.48966,13.45266,11.39912,13.26608,13.21395,13.46006,12.65536,13.45542,12.68985,13.51571,14.07508,13.61533,13.76600,13.67617,13.97964,14.15825
1233,11.04745,13.70757,13.59214,11.15015,13.23682,13.29952,12.12803,13.16854,13.02649,10.93013,12.31954,10.79436,11.13264,12.79292,12.71120,11.28638,12.60285,12.50355,12.63113,12.38879,12.85796,12.38818,13.01448,13.36238,12.99245,12.95843,13.14344,13.50887,13.66362
1234,11.22888,13.82093,13.74107,11.11768,13.35102,13.35152,12.30035,13.25071,13.09267,11.07203,12.41869,10.76974,11.19529,12.90253,12.82557,11.30617,12.72563,12.67957,12.78388,12.59023,12.95726,12.55915,13.06864,13.40683,13.01731,13.10398,13.21185,13.55161,13.80540
1235,11.36037,14.11524,14.16893,11.20153,13.73517,13.54626,12.34396,13.45235,13.42278,11.16727,12.70465,10.80433,11.19759,13.28847,13.20922,11.47301,13.13505,13.20696,13.26401,13.00588,13.25010,13.01841,13.29583,13.88528,13.32192,13.60234,13.50445,13.75024,14.05498
1236,11.20211,14.11998,14.20655,11.05830,13.77287,13.54912,11.54604,13.41438,13.49890,11.25719,12.16703,10.68037,11.07330,13.33786,13.24074,11.39849,13.15307,13.20049,13.29927,12.83261,13.27592,12.84197,13.30799,13.99659,13.37278,13.65816,13.55493,13.75684,14.01886
1237,11.01913,14.66059,14.77696,11.10778,14.28567,14.02016,13.44593,13.90403,14.06424,11.18097,13.68292,10.67856,11.13454,13.94643,13.93335,11.39787,13.96381,14.14815,14.06887,13.93265,13.82380,14.04418,13.79372,14.62504,13.90250,14.38951,14.03676,14.22245,14.61546
1238,11.25586,14.99923,15.17335,11.27836,14.68447,14.34471,14.31563,14.28503,14.43167,11.13498,14.30799,10.90323,11.40109,14.33644,14.29725,11.65114,14.40228,14.57049,14.45849,14.42374,14.18603,14.54107,14.16557,15.05929,14.34737,14.90453,14.38523,14.53299,14.93375
1239,11.65655,15.25702,15.51408,11.46612,14.98496,14.57231,12.56963,14.53257,14.70911,11.24049,14.30279,11.14470,11.37986,14.65958,14.62160,12.10905,14.73714,14.92295,14.81939,14.72220,14.46326,14.81334,14.41823,15.40971,14.67240,15.25222,14.62824,14.74740,15.14895
1240,11.71501,15.76269,16.06750,11.82842,15.52416,15.04205,14.57004,15.04803,15.26790,11.60732,15.04598,11.42090,11.61397,15.34319,15.33157,12.58354,15.49076,15.81310,15.61302,15.48590,15.06224,15.66520,14.94299,16.08727,15.27194,15.97012,15.12572,15.20003,15.69758
1241,11.88164,16.19366,16.51585,12.18476,15.97622,15.43361,12.81275,15.44470,15.73891,11.80325,14.02916,11.65152,11.79578,15.96487,15.99399,12.94235,16.11182,16.38041,16.30097,15.32509,15.63919,15.34503,15.40475,16.64298,15.81974,16.51465,15.57796,15.57907,16.18897
1242,11.86658,16.14213,16.39136,12.53179,15.84460,15.44038,12.09419,15.44299,15.72428,11.92691,12.36690,11.76827,11.93846,15.97860,15.95348,13.14603,15.07211,15.13261,16.14010,12.78412,15.71738,12.80474,15.41092,16.54662,15.81698,16.29792,15.50285,15.60796,16.10354
1243,11.92441,16.14992,16.31044,12.86227,15.80080,15.52431,12.76363,15.53554,15.75633,11.95232,13.47563,11.88491,12.17483,15.95402,15.93860,13.28445,15.67882,15.66819,16.11531,14.46212,15.69068,14.49481,15.46970,16.50623,15.85856,16.25160,15.55231,15.69866,16.08606
1244,12.26009,16.34245,16.48025,13.14456,16.04253,15.74363,15.49074,15.77978,15.95084,12.09211,15.73167,12.14108,12.63482,16.10520,16.06640,13.53117,16.22736,16.36120,16.28783,16.17429,15.82081,16.21505,15.71837,16.66762,16.07314,16.48039,15.77859,15.91369,16.30048
1245,12.80499,16.37339,16.49246,13.32260,16.11076,15.78597,15.40217,15.79808,15.93235,12.32438,15.94744,12.38960,12.99944,16.04879,15.91926,13.68354,16.05288,16.14331,16.08615,16.10879,15.79941,16.14155,15.76310,16.55251,16.05056,16.36012,15.83820,15.96435,16.32817
1246,12.95826,16.22615,16.34476,13.44204,15.99060,15.66045,15.16624,15.61174,15.72497,12.57190,15.45087,12.66924,13.18980,15.72294,15.53861,13.76744,15.56296,15.56876,15.63282,15.55022,15.55791,15.52546,15.58514,16.24087,15.81069,15.97755,15.70316,15.85049,16.12951
1247,13.37534,16.36114,16.52336,13.64280,16.25462,15.81905,15.21013,15.78416,15.92479,12.86079,15.49242,12.95019,13.48549,15.96364,15.77675,13.94246,15.75423,15.84998,15.91674,15.64979,15.77324,15.67011,15.75717,16.46366,15.98143,16.21797,15.92170,15.98165,16.24391
1248,13.55094,16.68005,16.91206,13.83237,16.58948,16.07326,13.81761,16.03575,16.26379,13.04723,14.58151,13.15836,13.64441,16.33656,16.16768,14.06531,16.09146,16.23908,16.37875,15.66912,16.11074,15.67813,16.01878,16.95908,16.29777,16.68578,16.21531,16.22933,16.59559
1249,13.76021,17.12107,17.42078,14.00877,17.08502,16.45376,15.36968,16.45173,16.70396,13.45717,16.06127,13.46833,13.93102,16.83271,16.68547,14.26808,16.72741,16.99067,16.95204,16.63189,16.52953,16.76886,16.42702,17.56887,16.78010,17.29421,16.66083,16.60713,17.05691
1250,13.92295,16.78297,16.96499,14.08770,16.55334,16.18029,14.26729,16.11653,16.28001,13.64806,14.87988,13.66189,13.99863,16.18978,16.04621,14.30343,16.09577,16.11371,16.09971,15.55791,16.04808,15.55008,16.08553,16.90706,16.30622,16.48924,16.22519,16.39080,16.65810
1251,14.09246,16.88276,17.02358,14.15405,16.54427,16.29401,14.31875,16.23227,16.37108,13.94979,14.52177,13.78173,14.12237,16.28223,16.23919,14.40929,16.19260,16.34774,16.31092,15.12058,16.17874,15.30317,16.17626,16.92109,16.33985,16.57261,16.30131,16.49715,16.76372
1252,14.33458,17.53086,17.76244,14.29261,17.24314,16.85163,15.57126,16.84522,17.03761,14.26749,16.28427,13.90517,14.25757,17.08975,17.08469,14.62576,17.20062,17.47201,17.28399,16.99553,16.87673,17.21341,16.77471,17.69849,17.01140,17.49655,16.93297,17.03097,17.44404
1253,14.59474,18.18564,18.52361,14.54743,17.96880,17.40427,15.75393,17.45365,17.71944,14.56552,17.09535,14.12208,14.44040,17.88931,17.87248,14.91949,18.06737,18.41420,18.18436,18.02023,17.55243,18.16543,17.39300,18.55689,17.73956,18.36611,17.56977,17.57334,18.11606
1254,14.61708,18.18352,18.45104,14.66748,17.87681,17.45914,16.48258,17.50058,17.71359,14.66949,17.45089,14.26184,14.56586,17.80753,17.70262,15.09678,17.87309,18.03059,17.95466,17.96670,17.51842,18.02481,17.45841,18.42437,17.74657,18.16273,17.52859,17.65553,18.06952
1255,14.69358,18.20303,18.37682,14.67427,17.83127,17.54583,15.68773,17.55817,17.80276,14.73696,17.16020,14.24573,14.61669,17.85790,17.76862,15.19862,17.91088,18.01603,17.96960,17.85564,17.60133,17.83449,17.53360,18.42536,17.76693,18.12652,17.58977,17.73820,18.11165
1256,14.68969,18.23228,18.38741,14.17770,17.90800,17.63660,16.41314,17.60861,17.88531,14.77016,17.21888,13.80470,14.38029,17.92322,17.87998,14.90668,17.97372,18.07649,18.06265,17.85807,17.71055,17.85086,17.60735,18.52275,17.82482,18.18643,17.69342,17.81621,18.11972
1257,14.77614,18.29353,18.41686,14.03241,17.95163,17.71960,18.06655,17.66396,17.89925,14.75396,17.85673,13.72617,14.16669,17.87515,17.81855,14.76085,17.94444,18.05715,17.99228,17.95562,17.69818,18.03656,17.64342,18.52659,17.86090,18.19776,17.75639,17.90719,18.18375
1258,14.80397,18.75121,18.93680,14.47467,18.40401,18.09473,18.08518,18.04859,18.29925,14.86780,18.19124,14.03141,14.32066,18.34208,18.32392,15.05185,18.46963,18.72503,18.57743,18.48081,18.11024,18.61893,18.01307,18.99448,18.28073,18.75264,18.15434,18.27503,18.64824
1259,14.89111,19.47396,19.76310,14.72203,19.16373,18.66741,18.37017,18.62116,18.97821,14.96318,18.97852,14.22853,14.56134,19.10496,19.11904,15.30378,19.29251,19.71524,19.44522,19.39792,18.77275,19.59928,18.59316,19.85280,18.95134,19.62734,18.81757,18.84979,19.42573
1260,14.82865,19.83738,20.14096,14.91619,19.52861,18.97177,18.13613,18.93865,19.25991,14.97110,19.25821,14.45646,14.72679,19.36017,19.30588,15.52915,19.44664,19.72954,19.57820,19.55192,19.03643,19.67628,18.88047,20.10463,19.25763,19.89332,19.13262,19.17443,19.80741
1261,14.82519,19.64554,19.89068,15.24420,19.25592,18.80798,15.34239,18.74282,18.96015,14.92297,16.96166,14.77895,14.89306,18.90197,18.76345,15.95798,18.85862,18.86808,18.85959,18.30124,18.69973,18.23563,18.65698,19.65484,18.97303,19.30624,18.86050,19.05415,19.53748
1262,14.93958,19.37711,19.51762,15.49308,18.92939,18.68073,15.27203,18.58904,18.76070,14.93165,15.87008,14.89421,15.16736,18.65701,18.54451,16.14402,18.59787,18.53282,18.58365,17.49480,18.52966,17.36951,18.52458,19.33642,18.74748,18.95853,18.66222,18.91529,19.23005
1263,15.23895,19.31361,19.39300,15.61201,18.90817,18.75614,15.97443,18.68949,18.85928,15.10593,17.16080,14.99513,15.38640,18.81049,18.74125,16.23837,18.80271,18.83451,18.83044,18.46389,18.67229,18.43822,18.65023,19.43507,18.84685,19.11232,18.73310,18.94404,19.20864
1264,15.46903,19.03914,19.06704,15.70901,18.68413,18.54911,18.15066,18.47097,18.54451,15.24329,18.25012,15.19068,15.58038,18.40324,18.24657,16.28199,18.21433,18.15414,18.27156,18.24924,18.32832,18.20637,18.39387,19.02314,18.55962,18.68470,18.50953,18.74584,18.91873
1265,15.65227,18.63725,18.65931,15.87186,18.32811,18.19501,16.08124,18.06883,18.10947,15.34519,17.40126,15.40791,15.61373,17.81665,17.63179,16.43483,17.61523,17.52660,17.59044,17.87316,17.82438,17.86217,17.97232,18.51047,18.06860,18.11246,18.14810,18.38436,18.49318
1266,15.68580,18.69662,18.78750,16.07383,18.47504,18.24040,16.01905,18.13272,18.19798,15.56822,16.84405,15.57083,15.83170,17.94331,17.79357,16.59679,17.81634,17.80008,17.82288,17.82290,17.92199,17.75928,18.02157,18.68534,18.12378,18.30496,18.23163,18.41152,18.55874
1267,15.93907,19.15858,19.35150,16.22383,19.01896,18.63784,16.22623,18.55780,18.70675,15.77233,16.45082,15.63479,16.01497,18.58768,18.52588,16.77423,18.48239,18.58467,18.67613,17.24451,18.48700,17.23013,18.46353,19.32207,18.62043,19.02888,18.69375,18.78064,19.05122
1268,16.08982,19.49691,19.74806,16.09940,19.36468,18.91579,16.77892,18.84751,19.02043,16.03323,17.41183,15.51706,15.95183,18.98125,18.95463,16.74728,18.94998,19.11801,19.13038,18.30360,18.82449,18.34310,18.74799,19.69267,18.95026,19.44333,18.99270,19.05953,19.39162
1269,16.10191,19.33959,19.48887,16.04449,19.23975,18.81769,18.70033,18.75151,18.82147,16.07238,18.71126,15.54904,15.89458,18.79672,18.66159,16.57015,18.70810,18.75175,18.72817,18.75581,18.64698,18.79333,18.64334,19.37955,18.82876,19.11937,18.91191,18.97451,19.28137
1270,16.11401,18.75854,18.77556,16.27472,18.67769,18.35770,18.11874,18.25092,18.25623,16.02041,18.26440,15.89603,16.00816,18.18302,17.99148,16.75986,17.99616,17.92439,17.98565,18.07770,18.10329,18.03080,18.17924,18.64630,18.29328,18.30914,18.42779,18.52813,18.73980
1271,16.08454,18.40136,18.38134,16.54511,18.23867,18.01990,17.49181,17.88043,17.83948,16.03974,17.57693,16.14815,16.21393,17.66446,17.49290,16.91661,17.41793,17.31407,17.44072,17.40626,17.67629,17.33832,17.78926,18.14673,17.82495,17.76546,17.99326,18.21803,18.35990
1272,16.15438,18.17867,18.11089,16.71663,17.89130,17.79753,16.45649,17.64119,17.51454,16.03417,16.90491,16.27440,16.34684,17.22993,17.09991,16.90147,17.05331,16.98122,17.01494,17.16067,17.32623,17.14182,17.49904,17.76393,17.45460,17.39859,17.68017,18.00244,18.15531
1273,16.28647,18.30664,18.25283,16.86082,17.97043,17.92542,16.48008,17.81179,17.65170,16.18067,16.80030,16.38220,16.56916,17.42090,17.36731,16.91500,17.34065,17.35468,17.32722,17.31448,17.50576,17.31393,17.63803,17.88581,17.56657,17.63122,17.78130,18.09581,18.32016
1274,16.58535,18.89226,18.94899,17.05926,18.58613,18.44963,16.79363,18.39861,18.32380,16.45008,17.07278,16.49552,16.84643,18.24411,18.29455,17.04575,18.29362,18.50102,18.40171,18.04642,18.22745,18.10448,18.22081,18.70611,18.21407,18.55199,18.35149,18.57585,18.93209
1275,16.85093,19.38025,19.53880,17.20646,19.15082,18.92903,17.41044,18.91176,18.95986,16.73835,18.15207,16.48128,17.00714,18.99008,19.11048,17.20937,19.16338,19.49352,19.30867,19.03134,18.87425,19.16253,18.75214,19.51515,18.83227,19.35429,18.89450,19.01332,19.40384
1276,17.01947,19.74964,19.95506,17.32864,19.54587,19.26716,18.84365,19.32894,19.37928,16.92364,19.35177,16.57993,17.08571,19.42607,19.52550,17.29281,19.66585,19.93185,19.73511,19.63908,19.27136,19.78901,19.14086,19.98198,19.27478,19.84419,19.27147,19.35884,19.76931
1277,17.11391,20.00872,20.21151,17.44744,19.81342,19.54615,17.52218,19.59232,19.68817,17.05825,18.14714,16.70943,17.21394,19.88155,19.98867,17.48337,20.00527,20.14617,20.19742,19.26320,19.69326,19.21873,19.45975,20.29832,19.64066,20.14409,19.54910,19.62018,20.04145
1278,17.17267,20.38709,20.60208,17.16619,20.17004,19.89965,18.07121,19.89451,20.10492,17.16629,18.79100,16.45057,17.11879,20.30456,20.46307,17.66094,20.52279,20.67121,20.68745,19.87240,20.10593,19.82671,19.82371,20.71842,20.00004,20.51385,19.93225,19.97549,20.40068
1279,17.19466,21.15437,21.47539,16.73016,20.95417,20.53578,20.84398,20.55508,20.92193,17.23396,21.13906,16.18713,16.67568,21.02400,21.20806,17.73744,21.50081,21.89801,21.53140,21.57039,20.72168,21.78719,20.47166,21.71166,20.71857,21.47800,20.64699,20.62524,21.15820
1280,17.23177,22.15866,22.62467,16.82111,22.02604,21.37839,22.42038,21.45060,21.96890,17.20058,22.38526,16.21932,16.57918,22.08502,22.24001,17.92102,22.67430,23.23092,22.70915,22.78155,21.65253,23.14762,21.37416,23.02189,21.76827,22.82945,21.59210,21.46256,22.17720
1281,17.19307,23.18156,23.79318,17.22720,23.09205,22.24451,21.71028,22.36023,22.99274,17.21206,22.77643,16.41625,16.57634,23.30830,23.49015,18.12996,23.95021,24.60703,24.10134,23.77703,22.72555,24.07459,22.31086,24.26373,22.85323,24.12559,22.56898,22.30583,23.19642
1282,16.83733,23.56392,24.15016,17.54933,23.45175,22.63221,18.47720,22.73502,23.27831,17.09923,21.54481,16.67589,16.74055,23.69023,23.81086,18.30774,24.05156,24.38638,24.23812,23.29759,23.18069,23.29175,22.73489,24.47955,23.27540,24.28328,22.97022,22.69614,23.51942
1283,16.78790,22.59918,22.88339,18.06739,22.31223,21.88145,19.34240,21.88057,22.13396,17.15847,20.51097,17.44136,17.36264,22.23322,22.09733,18.98340,22.11514,22.02241,22.20106,21.66348,21.96989,21.58637,21.89889,22.86448,22.25732,22.45227,21.97212,22.07775,22.45627
1284,17.76753,22.51136,22.69437,18.58370,22.15350,21.82892,20.50581,21.75951,21.92171,17.17080,21.50072,17.95294,18.15990,21.84293,21.67654,19.51993,21.64797,21.58905,21.75237,21.62057,21.70590,21.55864,21.73442,22.38813,21.97215,22.04108,21.85136,22.06070,22.35886
1285,18.11356,21.95840,22.06463,18.98426,21.56193,21.35492,20.26638,21.20277,21.23778,17.72997,20.75317,18.40347,18.44188,20.98373,20.76388,19.56958,20.63236,20.47135,20.70577,20.59025,20.98602,20.48923,21.11488,21.50887,21.21768,21.10951,21.30839,21.60893,21.73021
1286,18.26247,20.50550,20.41506,19.08429,20.07434,20.15165,19.06286,19.89520,19.76861,17.90563,19.51987,18.51347,18.74595,19.26737,19.08417,19.12235,19.14168,18.92844,18.88836,19.39815,19.44604,19.34160,19.75569,19.90911,19.66817,19.35166,20.00388,20.40311,20.31884
1287,18.47916,19.53703,19.32029,18.85408,19.11380,19.31380,18.81389,18.97555,18.83166,18.11402,18.87618,18.40011,18.77203,18.14254,18.27992,18.74101,18.51366,18.48221,18.12261,18.70172,18.27189,18.70502,18.75471,18.99842,18.61969,18.40464,19.13796,19.53105,19.48035
1288,18.57247,19.46156,19.23076,18.68860,19.09546,19.28706,18.76686,18.93507,18.84674,18.48506,18.90318,18.22293,18.47614,18.37305,18.46269,18.75861,18.68430,18.77311,18.47091,18.82757,18.40204,18.84788,18.76424,19.06365,18.65664,18.58777,19.09850,19.42389,19.49211
1289,18.40824,19.71207,19.59960,18.67976,19.43991,19.53392,19.10202,19.29394,19.20541,18.57134,19.19481,18.19964,18.29691,18.93097,18.89471,18.80657,19.00059,19.16264,18.97058,19.09864,18.93328,19.21981,19.11586,19.53629,19.05184,19.16643,19.38381,19.61337,19.73849
1290,18.34807,19.92410,19.88507,18.79204,19.68196,19.69840,19.27226,19.53121,19.43905,18.46411,19.38642,18.28324,18.48226,19.26272,19.21840,18.78759,19.29165,19.46060,19.31081,19.37334,19.25694,19.48597,19.32351,19.84733,19.30842,19.53020,19.57846,19.77141,19.97072
1291,18.43583,19.99711,19.98047,18.79117,19.74898,19.73113,19.23838,19.58156,19.47894,18.38023,19.38445,18.39646,18.66700,19.35130,19.31059,18.71349,19.36555,19.48139,19.39386,19.40791,19.33502,19.45494,19.37478,19.88468,19.39188,19.60904,19.61663,19.81103,20.05041
1292,18.56834,19.93590,19.91558,18.69277,19.66681,19.65345,19.20030,19.54263,19.39573,18.40855,19.24501,18.45457,18.76497,19.28485,19.22192,18.65937,19.23705,19.27931,19.27473,19.25542,19.26817,19.27632,19.32756,19.77057,19.35325,19.49835,19.53429,19.74696,19.96793
1293,18.71579,19.89124,19.86332,18.61154,19.57127,19.57447,19.06026,19.47731,19.31022,18.50315,19.14951,18.49204,18.72927,19.17719,19.10634,18.62469,19.06982,19.07246,19.12754,19.06048,19.18108,19.04559,19.29615,19.62597,19.26614,19.35186,19.44231,19.68586,19.90734
1294,18.78606,20.13313,20.15186,18.64484,19.80984,19.74976,19.00170,19.66734,19.55255,18.64872,19.16047,18.51057,18.69345,19.44057,19.39306,18.68089,19.34715,19.40522,19.44590,19.26363,19.41721,19.27414,19.50182,19.88305,19.47799,19.65391,19.64867,19.86791,20.14368
1295,18.81299,20.35009,20.44963,18.71070,20.04740,19.88238,19.25824,19.81243,19.74806,18.69493,19.46883,18.54001,18.73267,19.65630,19.60802,18.70255,19.57202,19.67937,19.68504,19.56733,19.60524,19.62033,19.66764,20.18043,19.68402,19.93633,19.82177,20.01737,20.31480
1296,18.73069,19.95589,19.94741,18.63792,19.57147,19.52756,18.77043,19.38917,19.30402,18.62603,19.00888,18.43801,18.67395,19.15744,19.09306,18.59149,19.17018,19.13317,19.06367,19.18122,19.15688,19.16237,19.26913,19.66039,19.26416,19.30799,19.42037,19.69992,19.91349
1297,18.65413,19.80931,19.76308,18.60329,19.40090,19.44040,18.70658,19.28470,19.19224,18.53748,18.89652,18.42870,18.66225,19.06785,19.02857,18.52600,19.08113,19.09085,19.01571,19.04015,19.07563,19.03382,19.16560,19.47171,19.14352,19.18171,19.30477,19.58251,19.79175
1298,18.73624,20.20484,20.25792,18.66034,19.84247,19.76482,19.29806,19.68584,19.61020,18.55095,19.50219,18.49906,18.73762,19.53126,19.51494,18.65945,19.50172,19.60757,19.56278,19.56428,19.49458,19.62007,19.52239,19.95065,19.53925,19.75156,19.66978,19.88634,20.19082
1299,18.79574,20.29831,20.34813,18.71641,19.96842,19.88087,19.40923,19.85850,19.73070,18.58416,19.62970,18.56236,18.77981,19.66110,19.65197,18.81521,19.64919,19.69008,19.67918,19.67179,19.64302,19.69657,19.69776,20.03723,19.69121,19.88665,19.77782,19.99573,20.29003
1300,18.76873,20.09370,20.09214,18.75046,19.74718,19.73713,18.91547,19.68367,19.55363,18.53807,19.30003,18.56852,18.74881,19.45986,19.44060,18.88713,19.43879,19.44232,19.43531,19.49383,19.46956,19.49375,19.56148,19.79665,19.52249,19.61664,19.61085,19.84588,20.09127
1301,18.85615,20.28125,20.31897,18.88584,19.98477,19.91451,19.62323,19.87686,19.82528,18.67072,19.73522,18.60812,18.83180,19.79713,19.80890,18.98040,19.84658,19.93319,19.86628,19.83048,19.77017,19.87908,19.79595,20.13202,19.78118,19.97077,19.84533,20.02035,20.26928
1302,18.86213,20.40254,20.50591,18.94741,20.20489,19.99210,19.44263,19.94061,19.96489,18.63939,19.76177,18.64957,18.91556,19.95310,19.90975,18.91230,19.95156,20.01548,19.98259,19.91189,19.88193,19.92877,19.89461,20.37057,19.95102,20.15714,20.02395,20.11476,20.34655
1303,18.66576,19.91449,19.95384,18.77504,19.73013,19.59577,19.21128,19.49791,19.45230,18.43881,19.14598,18.56924,18.85379,19.36434,19.25543,18.85145,19.20491,19.14333,19.24270,19.15614,19.37039,19.10670,19.44695,19.73864,19.46706,19.44145,19.56161,19.73142,19.82602
1304,18.70280,19.87588,19.92989,18.81487,19.75278,19.58067,18.88776,19.50282,19.49225,18.39113,19.00593,18.58690,18.80545,19.39961,19.29879,18.90621,19.24167,19.23053,19.30910,19.10752,19.38772,19.09710,19.44675,19.77829,19.47586,19.51809,19.57745,19.70572,19.79512
1305,18.59086,19.76871,19.81657,18.81574,19.66315,19.46636,18.80531,19.38293,19.37340,18.32862,18.85160,18.57746,18.78004,19.22559,19.11036,18.92788,18.98251,18.98539,19.10125,18.80657,19.22881,18.81287,19.30803,19.64218,19.33607,19.38194,19.46790,19.60240,19.70680
1306,18.51312,19.32800,19.31587,18.75136,19.25454,19.11141,18.60192,19.02136,18.95478,18.26062,18.58739,18.51186,18.71230,18.78527,18.65964,18.83753,18.54296,18.45918,18.59524,18.49617,18.82894,18.45952,18.94048,19.16451,18.92729,18.86308,19.07680,19.24932,19.26080
1307,18.35404,18.69462,18.58749,18.59441,18.61744,18.58199,18.62790,18.48201,18.37537,18.23039,18.54365,18.36609,18.62480,18.18169,18.10739,18.58467,18.12531,18.03488,18.02898,18.32529,18.27014,18.30588,18.40376,18.52181,18.33430,18.19229,18.50401,18.71395,18.68238
1308,18.23581,18.35275,18.22740,18.37440,18.24591,18.28794,18.53411,18.18571,18.05983,18.13087,18.40187,18.19750,18.48891,17.85455,17.81769,18.35566,17.90051,17.80818,17.73587,18.10360,17.96103,18.04285,18.09332,18.18334,17.99738,17.88720,18.19081,18.39725,18.36085
1309,18.28271,18.64129,18.59594,18.31919,18.54995,18.52574,18.10489,18.46744,18.37401,18.13101,18.17775,18.14297,18.43636,18.26805,18.28800,18.31313,18.25067,18.30425,18.26568,18.23880,18.32346,18.25711,18.35848,18.53337,18.28197,18.35417,18.46039,18.60944,18.66441
1310,18.49765,19.28020,19.36860,18.43137,19.23709,19.04554,18.54703,19.05434,19.07095,18.34361,18.76143,18.24965,18.52863,19.18322,19.30210,18.41622,19.35226,19.58289,19.44015,19.11889,19.10419,19.16606,18.99248,19.45212,19.00906,19.34990,19.07860,19.10508,19.31385
1311,18.65884,20.03989,20.27473,18.55154,20.01769,19.66179,18.84162,19.65137,19.83462,18.49752,19.05315,18.35694,18.63889,20.10339,20.25904,18.55304,20.28162,20.54568,20.52569,19.55193,19.94170,19.57950,19.65578,20.38989,19.75834,20.29653,19.79474,19.70500,20.07214
1312,18.89935,20.89638,21.25112,18.74517,20.87738,20.37666,19.55287,20.37460,20.76918,18.77443,20.21579,18.54011,18.80740,21.06598,21.27346,18.73428,21.46350,21.90695,21.58367,21.16568,20.78921,21.29091,20.42698,21.48344,20.61089,21.33927,20.64000,20.41670,20.94723
1313,19.11888,21.58109,22.04456,18.95100,21.55437,20.94888,19.54818,20.96979,21.42472,19.03705,20.41585,18.73007,18.97293,21.86305,22.09177,18.95658,22.27729,22.68283,22.49241,21.63433,21.54013,21.66374,21.04215,22.37116,21.33613,22.18164,21.23098,20.98741,21.61398
1314,19.31903,22.30644,22.85723,19.14624,22.27062,21.55039,21.89901,21.62554,22.12533,19.30365,22.49698,18.88508,19.20291,22.47308,22.72321,19.20235,23.09090,23.61238,23.15499,23.13324,22.06104,23.41747,21.59526,23.23331,21.97840,23.02476,21.81279,21.59792,22.30787
1315,19.68455,23.04099,23.61254,19.40302,23.00320,22.19243,23.24288,22.31981,22.84996,19.56945,23.51498,19.10751,19.55518,23.18930,23.36390,19.48809,23.81992,24.32399,23.81971,23.90245,22.70105,24.18371,22.28867,24.09772,22.76258,23.89565,22.54418,22.23756,23.05876
1316,19.95995,23.50059,24.04202,19.61787,23.41646,22.66514,19.98129,22.72475,23.32700,19.76974,20.92560,19.23167,19.61125,23.85131,24.05715,19.77654,24.11254,24.29107,24.41456,22.68734,23.45038,22.61078,22.83981,24.54026,23.31373,24.23178,23.00739,22.69344,23.46359
1317,19.87796,23.53459,23.94876,19.59515,23.35425,22.74648,20.24015,22.76236,23.27459,19.91537,21.09891,19.19346,19.50780,23.64790,23.79966,19.86771,23.84401,23.84469,24.02836,22.77943,23.35136,22.64096,22.83591,24.29384,23.22005,23.91788,22.95825,22.82398,23.45304
1318,19.74306,23.89802,24.24437,19.55119,23.63943,23.05547,22.24433,23.05334,23.55202,19.95029,23.09218,19.16849,19.43025,23.75822,23.90344,20.03755,24.10365,24.22246,24.14649,23.94951,23.45941,23.93816,23.06772,24.45776,23.41471,24.09523,23.23606,23.17834,23.80945
1319,19.69285,24.46034,24.82249,19.60507,24.19055,23.55378,22.29575,23.53837,24.10933,19.95888,23.45253,19.18958,19.36671,24.33805,24.51048,20.25253,24.70378,24.91597,24.80884,24.45428,24.01439,24.46365,23.57540,25.06897,23.93224,24.67123,23.76892,23.69084,24.35269
1320,19.49350,24.48385,24.75136,19.47487,24.12790,23.61393,19.70204,23.54449,24.03132,19.81642,21.18790,19.10379,19.21647,24.25407,24.32700,20.19732,24.21815,24.15051,24.47813,23.05988,24.04572,22.93075,23.62164,24.92614,23.89727,24.40201,23.78715,23.79939,24.34728
1321,19.12613,23.82003,23.83877,19.05114,23.37531,23.10201,20.82554,22.98366,23.22767,19.38162,21.65787,18.83567,18.97686,23.24673,23.24744,19.59599,23.14898,22.90593,23.24596,22.62894,23.19936,22.37147,23.02615,23.83070,23.16333,23.27948,23.16445,23.33870,23.64523
1322,19.08047,23.44609,23.35135,18.88927,23.04019,22.84661,22.55777,22.71315,22.79288,19.15954,22.42557,18.74383,19.05517,22.72613,22.72144,19.28304,22.69183,22.54937,22.69675,22.58193,22.72177,22.46420,22.69803,23.16304,22.78333,22.76510,22.85525,23.06836,23.25308
1323,19.01575,23.14935,23.01266,18.87637,22.81897,22.64214,22.22139,22.50223,22.47949,19.10395,22.14993,18.70161,19.01528,22.39876,22.35606,19.15987,22.31311,22.15590,22.31095,22.23570,22.42675,22.12629,22.46201,22.69710,22.49777,22.42446,22.63144,22.83047,22.94360
1324,18.82670,22.50086,22.28254,18.78663,22.21642,22.11014,21.80232,21.94788,21.77947,18.95561,21.55857,18.56565,18.88914,21.63733,21.51573,18.93527,21.42720,21.15191,21.40383,21.39850,21.72230,21.23796,21.87182,21.80998,21.84314,21.62470,22.04122,22.28868,22.29786
1325,18.65047,21.55804,21.28690,18.57301,21.36736,21.32399,20.78570,21.16546,20.81950,18.77044,20.45945,18.40016,18.77452,20.69489,20.53569,18.67303,20.40196,20.07177,20.39837,20.27973,20.83222,20.07432,21.04930,20.70563,20.96873,20.64747,21.18098,21.47719,21.35321
1326,18.56258,21.03426,20.79311,18.44997,20.91680,20.88937,20.18851,20.72979,20.32983,18.63601,20.00040,18.27843,18.57577,20.22506,20.07711,18.52586,19.93055,19.64945,19.95028,19.83898,20.35298,19.66093,20.60410,20.14120,20.48590,20.19402,20.71795,21.00849,20.83106
1327,18.49318,20.69551,20.49168,18.35398,20.64519,20.60303,19.66024,20.44373,20.03860,18.57008,19.65530,18.21045,18.50256,19.98524,19.88508,18.42121,19.73499,19.54240,19.77839,19.60757,20.11734,19.46476,20.31490,19.80223,20.16016,19.89925,20.44409,20.69270,20.49912
1328,18.50878,20.72551,20.59690,18.31854,20.72669,20.65199,19.51638,20.52111,20.17268,18.56905,19.72597,18.17040,18.47745,20.20967,20.21456,18.42351,20.10860,20.06081,20.16841,19.91521,20.32126,19.83994,20.41021,19.98082,20.25313,20.11792,20.53637,20.70337,20.54411
1329,18.52058,20.94830,20.90057,18.25572,20.94056,20.83321,19.41198,20.71785,20.46228,18.61177,19.83722,18.07459,18.36849,20.55626,20.62076,18.40697,20.56764,20.60182,20.65099,20.23374,20.61292,20.18996,20.63162,20.35169,20.50125,20.48611,20.76342,20.87310,20.77849
1330,18.43326,21.00942,21.00418,18.10941,20.99032,20.86523,19.51698,20.75641,20.58291,18.58004,20.05050,17.93054,18.19356,20.67596,20.76891,18.31721,20.76499,20.81083,20.80783,20.50282,20.70872,20.47208,20.68587,20.50516,20.58659,20.60024,20.83614,20.90796,20.83281
1331,18.35970,21.18575,21.24504,17.98572,21.19717,20.99651,20.50509,20.90989,20.84431,18.54307,20.81703,17.86624,18.18256,20.89441,20.99238,18.22641,21.04174,21.14188,21.03231,21.01863,20.88763,21.06253,20.84525,20.83583,20.78774,20.87813,21.02972,21.02551,21.02015
1332,18.34246,21.19269,21.27973,17.93843,21.21972,21.00196,20.78352,20.90761,20.89216,18.44690,20.86342,17.88198,18.28567,20.86228,20.89742,18.11118,20.93356,20.94094,20.91969,20.88370,20.85321,20.89204,20.84185,20.92782,20.81530,20.89370,21.07617,21.01559,21.01854
1333,18.39015,21.09382,21.18140,17.97782,21.11121,20.89885,20.51980,20.78627,20.79099,18.46743,20.66348,17.94544,18.34441,20.74365,20.72203,18.02571,20.72295,20.71239,20.74243,20.67747,20.72110,20.65832,20.72925,20.91594,20.74046,20.80581,20.95879,20.93922,20.92485
1334,18.56870,21.26160,21.37116,18.01864,21.29321,21.03821,20.76636,20.95398,20.98450,18.52540,20.86374,18.00748,18.47277,20.97121,20.98212,18.06585,21.00204,21.08200,21.04080,20.97702,20.91504,21.01471,20.89662,21.17292,20.93869,21.08792,21.12021,21.08626,21.12403
1335,18.77579,21.11659,21.16557,18.03257,21.12564,20.91348,20.16910,20.80939,20.80143,18.58908,20.79594,18.09087,18.43994,20.73819,20.70061,18.03863,20.73737,20.70808,20.67794,20.90700,20.71849,20.90506,20.75591,20.97158,20.79399,20.81795,20.99166,20.98731,21.02300
1336,18.65411,20.44940,20.35461,17.93427,20.33861,20.30826,18.55475,20.12088,20.01719,18.60116,18.90406,18.10470,18.19824,19.72799,19.70243,17.93699,19.79011,19.66090,19.52390,19.27929,19.86410,19.26118,20.06203,20.01142,19.98535,19.76338,20.24122,20.44167,20.35560
1337,18.41403,20.25770,20.14330,17.92671,20.11606,20.16992,18.52643,20.00290,19.86105,18.59654,18.74042,18.04758,18.06611,19.61104,19.63304,18.00054,19.60980,19.53971,19.51320,19.02135,19.77732,19.00457,19.91689,19.82720,19.80578,19.62690,20.04846,20.28042,20.17550
1338,18.25530,20.27925,20.18770,17.90883,20.13926,20.19187,18.31847,20.05376,19.92886,18.50478,18.81389,17.93444,17.95791,19.79591,19.87744,18.06849,19.70778,19.72753,19.84289,18.98334,19.90710,19.00898,19.98804,19.94865,19.89859,19.82415,20.08124,20.27960,20.20772
1339,18.11607,20.55684,20.54621,17.84345,20.40819,20.30840,18.37861,20.15709,20.10655,18.36182,18.89782,17.81794,17.84167,20.02375,20.05185,18.08612,19.89558,19.93878,20.07521,19.27687,20.04700,19.24871,20.08816,20.17824,20.04937,20.08094,20.25979,20.42615,20.49688
1340,18.04265,20.53116,20.53058,17.83864,20.35807,20.24073,17.91031,20.07300,20.04134,18.34283,18.18633,17.80438,17.75855,20.00498,19.84190,18.05746,18.99226,19.01323,19.87834,18.25599,20.01069,18.24842,20.01984,20.14780,20.00309,20.01803,20.19986,20.38182,20.46045
1341,17.78673,19.87764,19.76045,17.62629,19.64710,19.74199,17.80383,19.52676,19.39445,18.07083,18.04149,17.59625,17.58684,19.29674,19.17901,17.85196,18.74656,18.51122,19.05415,18.20970,19.38316,18.10543,19.46949,19.34214,19.38644,19.15681,19.59436,19.86798,19.77017
1342,17.59876,19.56249,19.38472,17.44695,19.33465,19.53127,18.23185,19.33549,19.13642,17.78346,18.49019,17.41298,17.40277,19.05511,19.02745,17.70718,18.84073,18.62096,18.87560,18.64580,19.17341,18.48092,19.25124,18.93905,19.13471,18.82763,19.33880,19.62988,19.46066
1343,17.41586,18.98016,18.76359,17.31961,18.78292,19.01246,18.26117,18.83669,18.62457,17.56388,18.25915,17.35506,17.29772,18.45728,18.40941,17.54208,18.25121,18.00484,18.22793,18.16938,18.62066,18.00112,18.72235,18.30933,18.55180,18.17202,18.79306,19.13224,18.90482
1344,17.32931,18.24493,18.01109,17.29852,18.06423,18.30198,17.68312,18.13468,17.88160,17.55255,17.57468,17.47096,17.23089,17.64719,17.57677,17.69058,17.37811,17.12341,17.36450,17.31798,17.84611,17.16150,17.99626,17.51008,17.76302,17.35635,18.07073,18.44448,18.14572
1345,17.23344,17.83184,17.60288,17.48802,17.64118,17.82381,17.13741,17.63426,17.33925,17.56131,17.25273,17.52718,17.18762,16.89824,16.86863,17.71047,16.94442,16.84539,16.68236,17.10626,17.09386,17.10060,17.43917,16.99691,17.20754,16.85488,17.60222,18.00281,17.72951
1346,17.07387,17.32629,17.03256,17.32094,17.05841,17.26724,17.13684,17.02217,16.73086,17.24783,17.13691,17.26658,17.21503,16.17963,16.35567,17.45342,16.61959,16.53839,16.20110,16.92833,16.31521,16.92245,16.71556,16.41412,16.56660,16.26277,17.10143,17.48436,17.26173
1347,17.07688,17.03975,16.73339,16.91317,16.76263,16.99607,17.02818,16.74804,16.46558,17.04876,16.95768,16.86043,16.95916,15.99973,16.14993,17.13320,16.45510,16.35808,16.02125,16.64067,16.11743,16.60749,16.45343,16.13100,16.35642,16.05584,16.86750,17.18615,16.99140
1348,16.89537,16.98515,16.72691,16.61371,16.75558,16.98523,16.48746,16.77535,16.49428,17.00759,16.49707,16.58302,16.62829,16.20182,16.19486,16.87405,16.25258,16.19638,16.10246,16.34506,16.29745,16.31388,16.58765,16.14067,16.46605,16.17089,16.86518,17.12054,16.91837
1349,16.62464,16.81650,16.57152,16.38953,16.65834,16.89174,16.29536,16.73533,16.42587,16.83629,16.34531,16.41207,16.37180,16.28933,16.25003,16.61987,16.22476,16.15843,16.15705,16.22877,16.41037,16.19937,16.58662,16.07763,16.44947,16.16729,16.74324,16.97836,16.74573
1350,16.40126,16.59958,16.41167,16.18774,16.55378,16.71444,16.12897,16.59400,16.28743,16.61191,16.19014,16.28216,16.20280,16.20461,16.17483,16.36508,16.10339,16.01181,16.08218,16.08836,16.34047,16.03608,16.45030,15.95331,16.31158,16.06075,16.54030,16.76286,16.50709
1351,16.21670,16.28742,16.15504,16.04163,16.33244,16.44348,15.82953,16.32519,16.04735,16.40532,15.86889,16.19731,16.06427,15.93487,15.92699,16.15679,15.82454,15.68927,15.81583,15.77656,16.09716,15.68810,16.19816,15.66603,16.03727,15.75741,16.27629,16.46214,16.14679
1352,16.07880,16.11817,16.02783,15.98228,16.18356,16.25891,15.62647,16.14370,15.91703,16.32463,15.73585,16.16382,15.98811,15.78007,15.84309,16.00960,15.74690,15.64151,15.72816,15.69811,15.95686,15.62269,16.04106,15.51463,15.86541,15.60219,16.12395,16.27467,15.97792
1353,16.02650,16.39793,16.39073,16.02270,16.43427,16.37713,15.85300,16.26522,16.13875,16.31420,15.84597,16.13377,15.98880,15.99019,16.07362,15.88870,15.97375,15.95914,16.03365,15.85108,16.10545,15.81636,16.15815,15.78939,16.02670,15.94692,16.32388,16.42333,16.31531
1354,16.12255,16.88876,16.95653,16.16604,16.91168,16.71997,16.08573,16.63071,16.61006,16.39321,16.05572,16.23747,16.13032,16.57387,16.66285,16.02638,16.58544,16.72188,16.76477,16.24899,16.58574,16.26950,16.53279,16.44256,16.47078,16.62148,16.75939,16.78807,16.87969
1355,16.30330,17.45707,17.61479,16.32233,17.48813,17.17434,16.32723,17.10698,17.23105,16.38850,16.48203,16.38940,16.35309,17.32488,17.47513,16.30720,17.50318,17.84803,17.70118,17.02662,17.23328,17.18928,17.05540,17.30380,17.08994,17.47620,17.31977,17.23474,17.52576
1356,16.50988,17.80714,18.01890,16.45436,17.86252,17.48618,16.71554,17.47882,17.61035,16.52554,17.16591,16.51208,16.48631,17.77852,17.88799,16.42387,18.01454,18.29054,18.10967,17.81288,17.59948,17.95213,17.46738,17.88303,17.57726,18.00452,17.66099,17.54096,17.86584
1357,16.53172,17.62520,17.76306,16.45662,17.67161,17.37482,17.53177,17.36921,17.40792,16.52641,17.44151,16.53663,16.49305,17.42676,17.39462,16.42031,17.47844,17.47481,17.51054,17.42779,17.36213,17.42417,17.38635,17.55740,17.45913,17.59545,17.44942,17.44536,17.59733
1358,16.54437,17.56138,17.65442,16.50397,17.61326,17.36704,16.54077,17.37407,17.38375,16.51059,16.90674,16.57812,16.50964,17.36488,17.33812,16.48378,17.29240,17.24797,17.34148,17.12508,17.34382,17.10296,17.38363,17.37858,17.40694,17.43931,17.41152,17.42819,17.49001
1359,16.49163,17.09367,17.08783,16.47020,17.14364,17.01167,16.43322,16.98743,16.96625,16.46713,16.44690,16.54599,16.48752,16.87229,16.76927,16.42098,16.41853,16.35562,16.68418,16.28450,16.90286,16.27531,16.98363,16.91904,16.98989,16.85840,17.02364,17.08463,17.03173
1360,16.38218,16.51903,16.38499,16.36466,16.49806,16.53035,15.98906,16.43609,16.35618,16.35434,15.88696,16.45259,16.38230,16.14824,15.99933,16.27874,15.68217,15.49435,15.83012,15.65509,16.27512,15.55519,16.41505,16.11809,16.33050,15.98792,16.46151,16.62313,16.46790
1361,16.25034,16.26821,16.15614,16.30585,16.25093,16.26654,15.42602,16.16382,16.06387,16.28045,15.33634,16.37205,16.29874,15.83834,15.77457,16.20912,15.56989,15.37526,15.64191,15.36315,15.99835,15.23529,16.09461,15.74139,16.00427,15.69218,16.18385,16.36557,16.17374
1362,16.29618,16.43375,16.39793,16.34713,16.44233,16.37322,16.17135,16.28071,16.22695,16.28324,15.64846,16.38238,16.37922,16.03633,15.97711,16.27121,15.75591,15.72978,15.95153,15.46287,16.13612,15.46364,16.20495,15.95959,16.12797,15.98875,16.33681,16.45759,16.32747
1363,16.40327,16.54938,16.51943,16.39236,16.54984,16.48223,16.11252,16.40977,16.34682,16.33432,15.69821,16.38951,16.41609,16.23608,16.24587,16.35994,16.08805,16.10624,16.24775,15.74430,16.30984,15.74807,16.34021,16.09134,16.26584,16.18020,16.44807,16.55110,16.44757
1364,16.41024,16.57961,16.55994,16.34824,16.55911,16.50387,16.39618,16.42275,16.37242,16.37140,16.28499,16.30905,16.36976,16.32555,16.24606,16.38246,15.92403,15.94624,16.27579,16.00409,16.35880,16.01925,16.37342,16.18801,16.31636,16.26350,16.46681,16.56931,16.47894
1365,16.25911,16.20852,16.11393,16.12887,16.12838,16.17379,16.21081,16.06721,15.93628,16.27076,16.19352,16.07540,16.15288,15.82130,15.60941,16.22685,15.58210,15.47557,15.52792,15.97819,15.89303,15.94869,16.01512,15.67817,15.92941,15.71465,16.10328,16.26276,16.09164
1366,15.97436,15.65385,15.46577,15.73465,15.52080,15.66082,15.88357,15.53990,15.31288,16.04592,15.89418,15.68032,15.78558,15.00690,14.86838,15.90808,15.23425,15.09053,14.67202,15.71168,15.11698,15.69444,15.44229,14.93798,15.32640,14.96980,15.56709,15.78080,15.53183
1367,15.61220,15.14638,14.89312,15.24022,14.99176,15.22111,15.31494,15.08403,14.76979,15.74007,15.09440,15.23154,15.35073,14.46949,14.29851,15.46055,14.43714,14.23432,14.08547,14.74534,14.62312,14.64617,14.98837,14.27398,14.84759,14.37464,15.10775,15.32743,15.02490
1368,15.26928,14.81555,14.53003,14.92927,14.65400,14.95739,13.96297,14.79351,14.42996,15.42898,13.95638,15.00121,15.00778,14.30379,14.14473,15.07604,13.88538,13.62909,13.91047,13.81474,14.52105,13.65513,14.74833,13.79173,14.53623,13.97511,14.82425,15.03156,14.68780
1369,15.07641,14.52724,14.22586,14.81157,14.41889,14.76702,13.73310,14.57316,14.27632,15.20195,13.80824,14.98475,14.86806,14.20819,14.18311,14.87945,13.92676,13.74134,13.94033,13.74718,14.43094,13.64047,14.53652,13.59773,14.27654,13.79035,14.61517,14.78636,14.41296
1370,14.97571,14.36117,14.09752,14.76702,14.32284,14.58725,13.67608,14.43484,14.12026,15.08158,13.76408,14.98581,14.74491,14.02644,14.07411,14.91143,13.86860,13.74440,13.86139,13.70779,14.24195,13.66041,14.31447,13.57398,14.08560,13.78464,14.41767,14.58801,14.30930
1371,14.74262,14.22143,13.99171,14.91766,14.21827,14.47386,13.89605,14.36651,14.04207,14.98212,13.74258,14.98560,14.74713,13.98151,14.06831,14.93343,13.91426,13.81597,13.90221,13.71836,14.17721,13.67410,14.25385,13.59326,14.01951,13.80011,14.28997,14.45022,14.23875
1372,14.69073,14.15574,13.94183,14.98938,14.13054,14.40801,13.82860,14.32747,14.00256,14.81976,13.62653,14.99924,14.88081,13.96636,14.07422,14.92999,13.96418,13.84671,13.91365,13.72925,14.16132,13.67490,14.22908,13.49199,13.96104,13.70545,14.21265,14.39086,14.16605
1373,14.76113,14.09113,13.87665,14.97834,14.03352,14.31559,14.79530,14.23906,13.93408,14.70449,14.34016,14.98572,14.97579,13.86376,13.90799,14.88405,13.68254,13.61434,13.77185,13.84173,14.05053,13.84963,14.13759,13.38196,13.87395,13.60606,14.12953,14.33175,14.10489
1374,14.65097,13.50533,13.18232,14.74851,13.35106,13.68650,14.55549,13.53685,13.11635,14.47942,14.23236,14.76510,14.80958,12.87418,12.72506,14.61860,12.67529,12.45061,12.49143,13.50103,13.10544,13.48188,13.38459,12.43088,13.14712,12.67907,13.43183,13.77864,13.50569
1375,14.26839,12.11195,11.66296,14.26938,12.04699,12.42593,11.49416,12.23707,11.50453,14.14490,11.11131,14.28930,14.29504,11.30839,11.11277,14.10416,10.76779,10.21112,10.78894,10.64712,11.70285,10.29599,12.04814,10.64093,11.77484,11.03844,12.01179,12.52713,12.03408
1376,13.65679,11.00165,10.53502,13.85921,11.05287,11.44398,9.65694,11.22412,10.25967,13.80154,9.60147,13.93126,13.74908,10.14630,9.99079,13.64598,9.54922,8.91729,9.55421,9.29759,10.67507,8.88119,10.99421,9.22059,10.60924,9.76678,10.93612,11.51296,10.86601
1377,13.40922,10.12270,9.65290,13.59063,10.26810,10.67967,9.09652,10.43396,9.36273,13.47150,8.92962,13.69404,13.56615,9.25784,9.10114,13.32980,8.67569,7.95855,8.60182,8.47350,9.82790,8.06715,10.20381,8.25418,9.76635,8.90415,10.13330,10.71571,9.96549
1378,13.44783,9.67477,9.21029,13.40559,9.83658,10.30005,8.96360,10.03915,8.92816,13.32330,8.55053,13.53656,13.45916,8.79025,8.62129,13.18921,8.19518,7.46881,8.10337,7.97299,9.37280,7.62383,9.80717,7.69303,9.31975,8.41525,9.75503,10.29946,9.48433
1379,13.36560,9.27405,8.79202,13.16788,9.41881,9.90147,8.46552,9.60827,8.52194,13.23673,8.07568,13.36378,13.24918,8.30967,8.13529,12.93733,7.72707,7.03158,7.63872,7.53564,8.87992,7.20311,9.36052,7.24037,8.83078,7.94794,9.36458,9.90364,9.09169
1380,12.95517,8.53490,8.06180,12.88129,8.74992,9.21696,6.99900,8.94517,7.78850,12.94400,6.99570,13.10144,12.73813,7.63375,7.53800,12.62945,7.07076,6.40132,7.07461,6.78715,8.24399,6.34637,8.67408,6.48415,8.11584,7.26703,8.62760,9.18886,8.34261
1381,12.30452,8.13011,7.76262,12.68920,8.42617,8.79402,6.51342,8.55234,7.42727,12.64375,6.81526,12.86323,12.46963,7.39938,7.42639,12.42951,7.00896,6.53377,7.02490,6.76354,7.96089,6.42794,8.27647,6.24104,7.72900,7.04652,8.22882,8.73671,7.99031
1382,12.10665,7.83002,7.50862,12.48276,8.08695,8.42127,6.45640,8.16154,7.16140,12.21370,6.69268,12.65927,12.33447,7.12389,7.16874,12.19614,6.82960,6.40040,6.81096,6.59775,7.59383,6.30998,7.91307,6.02396,7.35729,6.74579,7.94755,8.37871,7.73273
1383,12.22490,7.66411,7.41643,12.31568,7.89573,8.19513,6.37214,7.93066,7.06553,12.00970,6.64162,12.49339,12.08934,7.02635,7.11268,12.05671,6.88619,6.53705,6.82529,6.65152,7.41618,6.40861,7.70661,5.97229,7.19097,6.65939,7.80977,8.15384,7.58670
1384,11.82543,7.42576,7.22724,12.10643,7.60667,7.88058,6.58438,7.61213,6.91030,11.93194,6.70842,12.30433,11.94736,6.78287,6.86991,11.84582,6.68069,6.37163,6.60908,6.58650,7.13032,6.39055,7.40087,5.83475,6.93536,6.40171,7.58128,7.85829,7.38582
1385,11.86301,7.38986,7.20578,11.97899,7.52160,7.73088,10.23228,7.46263,6.89264,11.77111,7.88410,12.19092,12.25112,6.70286,6.73887,11.63924,6.56223,6.42906,6.55604,6.69229,6.95239,6.70911,7.23051,5.85921,6.82856,6.38653,7.50125,7.75990,7.37073
1386,12.25615,7.47104,7.27441,12.05038,7.55327,7.72999,12.20040,7.45722,6.96312,11.90373,11.12855,12.22872,12.42078,6.79711,6.81273,11.72087,7.17056,7.14192,6.71967,9.52146,6.97162,9.63007,7.20796,6.00982,6.87396,6.50840,7.54448,7.79053,7.46816
1387,12.34330,7.51899,7.31096,12.15157,7.57205,7.73546,12.21783,7.45314,7.04326,12.08644,11.56974,12.20049,12.40955,6.86721,6.95925,11.79660,8.38543,8.19231,6.88771,10.86842,6.99513,10.89975,7.18830,6.14433,6.93401,6.61534,7.58217,7.80664,7.53296
1388,12.29279,7.41100,7.20062,12.11639,7.46743,7.65784,10.97946,7.39984,7.04006,12.13545,9.72903,12.12086,12.29126,6.86361,6.94429,11.82959,7.31103,7.20660,6.87882,8.43303,7.00041,8.42050,7.16792,6.20915,6.96651,6.63441,7.52504,7.70447,7.42562
1389,12.18248,7.41389,7.22358,12.06772,7.49375,7.67578,8.57638,7.45943,7.10268,12.11900,7.87495,12.06309,12.12350,6.98432,7.07942,11.86249,7.11565,7.11285,7.02652,7.30842,7.12055,7.30889,7.25566,6.33317,7.06012,6.74601,7.55143,7.69108,7.44424
1390,11.88866,7.44536,7.27773,11.98550,7.53302,7.71608,7.38229,7.55140,7.21711,12.02710,7.43443,11.97829,11.82007,7.13480,7.25945,11.81954,7.27376,7.27978,7.19347,7.29151,7.28018,7.30585,7.38016,6.48777,7.14958,6.85951,7.59450,7.70694,7.49476
1391,11.45732,7.72434,7.59726,11.85697,7.80999,7.95445,9.64749,7.90014,7.61642,11.81404,8.76747,11.78074,11.76421,7.70379,7.88443,11.48192,7.89294,7.96265,7.90460,8.14380,7.77755,8.18863,7.78225,7.00876,7.54755,7.43650,7.82918,7.93062,7.82538
1392,11.63160,7.94214,7.84500,11.77950,8.04924,8.18632,11.66803,8.16823,7.91294,11.62245,11.21347,11.74731,11.87349,8.20942,8.35523,11.35957,9.38881,9.33992,8.42681,11.08933,8.21756,11.08904,8.07542,7.35928,7.90482,7.86016,8.03711,8.11803,8.07118
1393,11.75848,8.04929,7.97719,11.77842,8.15617,8.27926,11.20483,8.31329,8.05991,11.62481,10.47426,11.76567,11.82791,8.28417,8.47845,11.52458,8.81036,8.88722,8.53113,9.72971,8.30717,9.78213,8.21674,7.55276,8.04593,8.00900,8.15507,8.20139,8.16715
1394,11.62615,8.01998,7.96323,11.67555,8.13176,8.26318,11.66166,8.30716,8.07398,11.53576,11.27193,11.58094,11.70462,8.31659,8.61147,11.44976,9.76343,9.68073,8.57353,10.98576,8.32849,10.97925,8.23189,7.56791,8.10786,7.99133,8.15076,8.17504,8.10267
1395,11.48361,7.99196,7.92971,11.55485,8.10887,8.27045,11.30521,8.33348,8.10358,11.45223,10.80588,11.37829,11.52519,8.29950,8.56838,11.46397,9.46762,9.48624,8.54792,10.45654,8.34036,10.38274,8.25716,7.53297,8.13048,7.95921,8.18374,8.16599,8.05559
1396,11.27554,7.95594,7.87183,11.33646,8.04651,8.22584,10.57698,8.27839,8.03690,11.26435,9.96336,11.18445,11.27609,8.14128,8.28351,11.33340,8.60756,8.64738,8.23626,9.28874,8.21788,9.27353,8.19197,7.42524,8.05282,7.81281,8.13535,8.13594,8.01639
1397,10.75529,7.46577,7.26626,10.90386,7.45542,7.72076,7.83913,7.69820,7.32432,10.84476,7.50806,10.84552,10.78526,7.18383,7.23153,10.92222,7.13602,6.78684,7.00814,7.12396,7.45489,6.91804,7.59135,6.49598,7.34512,6.83425,7.51709,7.70664,7.49644
1398,10.34777,7.06193,6.78608,10.62498,7.02597,7.33366,8.77659,7.27420,6.80136,10.49325,7.12154,10.63420,10.59905,6.51336,6.52523,10.63486,6.30883,5.89347,6.18547,6.46016,6.87203,6.34917,7.12176,5.75377,6.79079,6.12622,7.06463,7.36797,7.04642
1399,10.22910,6.69357,6.36043,10.42196,6.66437,7.02097,6.60793,6.94979,6.43691,10.22509,6.16856,10.46290,10.31878,6.12128,6.17733,10.42254,5.93643,5.50740,5.83629,5.82750,6.53119,5.58412,6.79612,5.21678,6.40841,5.63422,6.71256,7.06816,6.66139
1400,9.82037,6.74998,6.45878,10.34472,6.72539,7.05132,5.97169,7.03061,6.60454,10.17810,6.18094,10.29665,10.06308,6.41695,6.66157,10.19834,6.47260,6.27677,6.38296,6.29218,6.79290,6.15509,6.94107,5.38127,6.46779,5.85231,6.78182,7.09449,6.73095
1401,9.66468,7.01625,6.77946,10.27065,7.01669,7.28409,9.55066,7.32738,6.95120,10.08519,7.89398,10.22988,10.22548,6.98615,7.22391,9.86180,6.95700,6.99529,7.14905,6.71033,7.21155,6.75265,7.25180,5.90945,6.81224,6.48314,7.07240,7.29338,7.06417
1402,9.89345,7.14147,6.93340,10.10309,7.16302,7.41656,9.94733,7.49766,7.12862,9.95876,8.72991,10.17196,10.24179,7.26474,7.48164,9.76075,7.18899,7.29369,7.47358,7.07743,7.41366,7.18383,7.41866,6.19108,7.02223,6.78957,7.23972,7.38258,7.23779
1403,10.10012,7.04633,6.83461,10.05216,7.09523,7.38402,9.04751,7.47898,7.12288,9.98384,7.56431,10.12963,10.14293,7.28393,7.52289,9.82950,7.43748,7.49078,7.49738,7.15418,7.43195,7.21574,7.43534,6.25110,7.04157,6.77475,7.21445,7.32467,7.15752
1404,10.10391,7.02013,6.79737,10.05287,7.05413,7.37016,9.97007,7.46208,7.10477,10.06144,8.82266,10.10700,10.09366,7.28747,7.48806,9.86149,7.29278,7.33666,7.46316,7.45039,7.42199,7.54067,7.41852,6.25099,7.04057,6.72535,7.19287,7.30256,7.13882
1405,9.98527,6.84212,6.60284,9.94940,6.85035,7.19122,7.91316,7.26074,6.92908,9.99115,7.30917,10.02387,9.97395,6.95093,7.18982,9.75905,7.15032,7.06281,7.09388,7.05278,7.18944,7.01949,7.24875,6.10448,6.85135,6.48965,6.99908,7.14432,6.94212
1406,9.59578,6.44318,6.14430,9.72175,6.39832,6.80904,6.70146,6.84895,6.50246,9.79283,6.67241,9.82448,9.66101,6.35165,6.65420,9.44651,6.62179,6.38798,6.43801,6.57660,6.75435,6.42982,6.85064,5.59971,6.42160,5.94917,6.55668,6.80475,6.50730
1407,9.36126,6.73166,6.50160,9.53060,6.70728,7.04201,8.47573,7.11930,6.83858,9.71010,7.97722,9.65350,9.60288,6.88128,7.13347,9.13244,7.30737,7.23953,7.03236,7.72359,7.14567,7.68395,7.11194,6.00254,6.77922,6.52822,6.84494,7.00065,6.82519
1408,9.51253,6.90525,6.76765,9.41098,6.99581,7.21631,9.50830,7.31698,7.09858,9.58979,9.25599,9.58333,9.56499,7.34866,7.47202,9.14630,8.40749,8.33612,7.49262,9.18790,7.42341,9.14058,7.30446,6.44357,7.12462,6.98692,7.14106,7.10485,7.02179
1409,9.55697,7.19127,7.12422,9.34043,7.33792,7.45646,9.47712,7.56375,7.44666,9.56422,9.30360,9.44994,9.47036,7.76399,7.98951,8.90101,8.77286,8.69637,8.05337,9.26657,7.73729,9.24579,7.59502,6.92739,7.50399,7.45659,7.43394,7.33471,7.34896
1410,9.52867,7.63211,7.63933,9.09222,7.76335,7.77273,9.40544,7.89759,7.83959,9.58714,9.31943,9.37691,9.38118,8.26656,8.75220,8.73299,9.37858,9.35961,8.80592,9.47256,8.15940,9.47222,7.92821,7.39444,7.92776,7.93225,7.77859,7.67476,7.82880
1411,9.45181,7.89729,7.92270,9.00986,7.99454,7.97964,9.34884,8.12762,8.08621,9.55195,9.32029,9.36585,9.22428,8.49503,8.86052,8.90609,9.35463,9.35966,8.95768,9.44722,8.36447,9.43795,8.14742,7.68411,8.17322,8.18020,7.99900,7.89380,8.07914
1412,9.32654,7.89758,7.90533,9.07529,7.98058,7.99881,9.13791,8.11982,8.11986,9.42271,9.06179,9.35940,9.08689,8.45696,8.69750,9.10973,9.00911,8.97328,8.77098,9.08458,8.34020,9.05003,8.19030,7.72566,8.20652,8.13163,8.02797,7.91969,8.01247
1413,9.13067,7.81822,7.78797,9.26946,7.87861,7.92767,8.94676,7.98206,8.01175,9.30278,8.84657,9.36678,9.07758,8.16307,8.24234,9.22370,8.46357,8.43778,8.30133,8.67403,8.11746,8.65304,8.07224,7.65462,8.06088,7.92609,7.95463,7.86426,7.88338
1414,8.93905,7.43939,7.34180,9.28712,7.50172,7.62140,8.57162,7.60547,7.62031,9.06134,8.34261,9.38047,9.12938,7.67031,7.69491,9.28176,7.81707,7.66331,7.62838,8.03874,7.69661,7.94429,7.67133,7.20710,7.62770,7.38215,7.64289,7.57506,7.46272
1415,8.89279,7.14031,6.98338,9.40656,7.17848,7.39690,8.42822,7.36803,7.32559,8.88953,7.86683,9.44094,9.21003,7.29864,7.30218,9.36811,7.29710,7.11171,7.16166,7.45008,7.39253,7.38878,7.40033,6.80749,7.30097,6.96648,7.38001,7.34764,7.15649
1416,8.94458,7.08708,6.92299,9.52571,7.07127,7.34912,7.27462,7.32388,7.26551,8.84022,7.25455,9.47527,9.29328,7.23651,7.31350,9.38960,7.26386,7.13549,7.19720,7.21364,7.34279,7.12190,7.32237,6.72454,7.18221,6.91975,7.27547,7.29899,7.12162
1417,9.02476,7.24877,7.12064,9.57282,7.21193,7.45603,8.14114,7.45248,7.38251,8.91814,7.70894,9.55422,9.47131,7.40964,7.51509,9.45927,7.44133,7.39728,7.45182,7.42335,7.48451,7.40362,7.43750,6.91639,7.30585,7.16607,7.38836,7.40885,7.31294
1418,9.21961,7.29243,7.18084,9.57958,7.27319,7.46603,9.22247,7.47265,7.38686,8.94209,8.55633,9.57117,9.51628,7.47574,7.55456,9.51222,7.45083,7.44834,7.52332,7.62565,7.51549,7.61526,7.46903,7.02137,7.36302,7.26943,7.41946,7.41614,7.38411
1419,9.29458,7.15062,7.03252,9.55060,7.14824,7.31836,9.35047,7.31084,7.22494,9.04647,9.05600,9.55286,9.50550,7.33872,7.37129,9.48944,7.63418,7.56194,7.33545,8.56367,7.36659,8.54429,7.33113,6.92832,7.25584,7.12400,7.27039,7.27338,7.24473
1420,9.26778,6.76528,6.59217,9.47189,6.71673,6.96384,9.11608,6.94031,6.78742,8.99246,8.71457,9.52681,9.42814,6.77591,6.76042,9.39056,7.25590,7.03872,6.61599,8.20622,6.89214,8.10923,6.94862,6.36860,6.81927,6.50499,6.88791,6.93290,6.81870
1421,9.13525,6.20351,5.93942,9.40733,6.09348,6.44049,8.45881,6.40526,6.06894,8.91478,7.58076,9.41731,9.36128,5.92111,5.84217,9.18156,5.84843,5.50562,5.58352,6.51561,6.16440,6.39738,6.35946,5.49836,6.15121,5.65839,6.26690,6.44658,6.22008
1422,9.07974,5.78394,5.45884,9.27656,5.62505,6.00095,8.40139,5.92163,5.44255,8.84661,7.33040,9.26330,9.32312,5.17182,5.03145,8.93213,5.01872,4.65767,4.72096,5.93466,5.44409,5.90159,5.79963,4.79596,5.54250,4.98435,5.74089,6.04209,5.76676
1423,8.82785,5.20126,4.80291,8.93464,4.96534,5.49640,4.75168,5.37962,4.92447,8.73224,4.55350,9.03406,8.86143,4.66844,4.62815,8.63094,4.30952,3.90562,4.31488,4.19734,5.04980,3.92881,5.29681,4.12092,4.89877,4.19599,5.19481,5.53887,5.17440
1424,7.75126,4.37953,3.94065,8.43531,4.11236,4.72916,3.62051,4.61836,4.17331,8.26644,3.77187,8.53087,8.16064,3.89651,4.13122,8.14407,3.85772,3.45788,3.73085,3.68038,4.38297,3.43113,4.50092,3.25886,4.00363,3.30291,4.34403,4.81303,4.34377
1425,7.15738,3.76500,3.28753,8.03734,3.52479,4.05836,3.92346,4.00271,3.47051,7.62731,3.26940,8.11109,7.91489,3.10613,3.48674,7.83393,3.24612,2.80595,3.04812,3.10291,3.70745,2.85712,3.84643,2.48725,3.27416,2.62236,3.61630,4.20982,3.70648
1426,7.33945,3.42031,2.91164,7.86214,3.17959,3.71138,4.03232,3.70024,3.11826,7.18282,3.12613,7.87057,7.75423,2.87224,3.29275,7.61273,3.08406,2.75740,2.87600,2.94726,3.44502,2.78737,3.55949,2.12616,2.91577,2.36621,3.28606,3.85192,3.37391
1427,6.87052,2.86385,2.32740,7.59069,2.62048,3.20086,2.74689,3.22843,2.63920,6.78988,2.83120,7.57974,7.31511,2.45019,2.91051,7.28935,2.81726,2.42478,2.46425,2.74345,3.04547,2.52019,3.14362,1.59798,2.47861,1.90658,2.77282,3.32231,2.84704
1428,6.63569,2.61499,2.11765,7.34882,2.37371,2.93657,6.27709,2.98365,2.41596,6.62576,4.35857,7.38137,7.34469,2.36115,2.76070,7.03880,2.61584,2.38620,2.42568,2.76353,2.85763,2.71703,2.91846,1.43003,2.30156,1.79613,2.53054,3.01898,2.62245
1429,6.61830,2.79288,2.39747,7.13639,2.58642,3.07829,6.38115,3.15984,2.70184,6.18728,5.22258,7.16266,7.18621,2.88675,3.17533,6.85494,3.49024,3.39488,3.03401,4.42282,3.15804,4.41577,3.14145,1.86780,2.69238,2.37863,2.77896,3.07067,2.88103
1430,6.71943,2.81277,2.48728,6.94917,2.75457,3.13469,6.92952,3.20328,2.86654,6.15755,6.68326,7.05156,7.01821,3.30708,4.59577,6.77959,6.25270,6.09288,4.40040,6.76865,3.37932,6.75265,3.23186,2.10349,2.97627,2.65332,2.94692,3.04180,2.94893
1431,6.84565,2.65295,2.36851,7.00104,2.72361,3.05058,6.74351,3.12994,2.84075,6.50053,6.52361,7.13685,6.94353,3.88583,5.57462,6.85815,6.13142,5.99369,5.35476,6.49747,3.94611,6.47405,3.17499,2.00598,2.95405,2.52269,2.92910,2.93161,2.79894
1432,6.91120,2.74359,2.50519,7.20978,2.88831,3.17482,6.36160,3.27254,3.05254,6.84778,6.07599,7.22045,7.04445,3.80763,4.92532,6.97520,5.75494,5.63907,5.04415,6.01082,3.70361,5.93625,3.32400,2.17351,3.05755,2.66626,3.10120,3.03580,2.93275
1433,6.91698,2.99431,2.84891,7.19274,3.21461,3.41402,5.87146,3.52484,3.41310,6.87747,5.71442,7.18825,7.12002,3.77451,4.31499,6.78503,5.16668,5.31901,4.66116,5.59751,3.73299,5.61052,3.59710,2.59894,3.34143,3.10332,3.39904,3.26040,3.22298
1434,6.73530,3.40913,3.38599,6.98326,3.69314,3.74763,5.46783,3.85493,3.83717,6.12950,5.35396,6.97956,7.01253,4.16089,4.33095,6.80134,4.75520,5.01787,4.64341,5.14545,4.07185,5.24498,3.93715,3.25724,3.81301,3.80463,3.79626,3.60580,3.65393
1435,6.31453,3.69391,3.72477,7.04299,3.99156,3.96332,5.17337,4.04581,4.12698,5.98029,5.13385,6.92022,6.84025,4.41905,4.50799,6.95823,4.75724,4.96743,4.75276,4.96674,4.28614,5.08722,4.14257,3.74199,4.17075,4.19960,4.04672,3.85446,3.92575
1436,6.29538,4.09361,4.18106,7.17532,4.37635,4.27794,6.54191,4.38116,4.55401,6.15106,6.02653,6.99377,6.99769,4.96149,5.01802,7.07555,5.28153,5.35824,5.18704,5.70713,4.71666,5.73440,4.47669,4.28630,4.63433,4.67854,4.39987,4.20015,4.30548
1437,6.71198,4.00695,4.03888,7.22917,4.23966,4.20809,6.95296,4.32152,4.44586,6.26088,6.72440,7.19349,7.14510,4.84611,5.05741,7.11321,5.96660,5.79162,4.97961,6.63400,4.73648,6.60282,4.44902,4.06708,4.59630,4.40105,4.31138,4.14604,4.15290
1438,6.88705,3.85879,3.79838,7.27571,4.00970,4.10361,5.89846,4.16533,4.22946,6.35777,5.52499,7.22758,7.14640,4.44825,4.59138,7.07431,4.86408,4.69735,4.55665,5.20606,4.43780,5.07936,4.27020,3.77406,4.30905,4.03128,4.12130,4.03402,3.97591
1439,6.93943,3.81862,3.71232,7.23399,3.93990,4.10495,6.38016,4.14952,4.18906,6.39856,5.49658,7.18648,7.21402,4.38221,4.51669,6.95340,4.69823,4.57241,4.47285,4.95372,4.36483,4.90616,4.22998,3.69073,4.20663,3.95084,4.10944,4.01951,3.92787
1440,6.79484,3.55833,3.37944,7.03059,3.62793,3.91880,4.86186,3.93380,3.92413,6.23233,4.56708,7.03568,6.99665,4.05688,4.16913,6.80237,4.29387,4.20039,4.13891,4.38490,4.06308,4.32043,3.98933,3.40132,3.90445,3.63900,3.88367,3.82244,3.65278
1441,6.60887,3.37946,3.16102,6.84006,3.42563,3.73962,6.76485,3.72255,3.64785,6.26815,6.29927,6.89881,6.88492,3.79280,3.98115,6.70622,4.60782,4.49096,3.87045,5.73056,3.84265,5.72717,3.76510,3.11502,3.67289,3.37647,3.71154,3.65724,3.45018
1442,6.69516,3.28474,3.05203,6.80013,3.34778,3.64192,6.62957,3.62247,3.52531,6.29335,6.41448,6.87437,6.77858,3.65533,4.06238,6.67639,5.46592,5.30830,3.92387,6.29830,3.74117,6.25543,3.67060,2.97621,3.54397,3.22082,3.61834,3.56663,3.36189
1443,6.62650,3.03841,2.78802,6.81131,3.09400,3.39127,6.49191,3.37692,3.21487,6.37417,6.25831,6.86728,6.75255,3.33089,4.27219,6.61821,5.46421,5.30693,4.03428,6.05241,3.45737,6.01859,3.40863,2.63204,3.23736,2.82327,3.35207,3.33696,3.10037
1444,6.59982,2.77290,2.49998,6.85084,2.81893,3.17680,5.22971,3.15701,2.97318,6.47582,4.88959,6.85511,6.77206,2.95660,3.34755,6.60741,3.97806,3.81697,3.19848,4.47707,3.15460,4.38445,3.19555,2.29491,2.95492,2.46614,3.12277,3.10173,2.81643
1445,6.36015,2.28181,1.96249,6.67204,2.32405,2.79800,3.48351,2.73770,2.51970,6.43049,3.29813,6.74974,6.57563,2.38881,2.59634,6.40256,2.68649,2.46371,2.38358,2.88395,2.70563,2.74586,2.79080,1.65992,2.45582,1.82763,2.69598,2.69649,2.23194
1446,5.92756,1.98813,1.64661,6.42893,1.99585,2.54161,2.32991,2.46042,2.23799,6.23103,2.38968,6.55388,6.31712,2.05649,2.31075,6.06103,2.20838,1.96034,2.03303,2.17321,2.43733,2.01691,2.46391,1.27095,2.07400,1.47955,2.38081,2.43381,1.92277
1447,5.99448,2.21908,1.89346,6.30640,2.27803,2.76788,3.59428,2.74986,2.50396,6.08923,2.42228,6.45174,6.40985,2.44368,2.76148,5.99200,2.63523,2.49837,2.55326,2.41450,2.75997,2.35590,2.70867,1.54433,2.28662,1.90869,2.62891,2.63724,2.20666
1448,6.25495,2.72271,2.49719,6.29724,2.97985,3.19795,2.89133,3.27328,3.08647,6.05609,3.22291,6.41416,6.29569,3.22838,3.53825,6.11394,3.56957,3.62636,3.50881,3.43701,3.34312,3.49272,3.26351,2.34254,2.92798,2.85313,3.17394,3.03656,2.79051
1449,6.10409,3.10185,3.02462,6.38374,3.50200,3.50734,3.84093,3.60135,3.51821,6.16171,4.09064,6.47006,6.22525,3.75671,3.96886,6.26500,4.16245,4.28487,4.07660,4.18765,3.75927,4.27760,3.66453,2.95743,3.46357,3.50673,3.54026,3.35905,3.23696
1450,5.97910,3.38699,3.42038,6.48986,3.83481,3.76173,4.48207,3.84393,3.84738,6.11880,4.44620,6.51648,6.29203,4.02392,4.16666,6.37248,4.35461,4.50205,4.31217,4.44005,4.00835,4.52647,3.90646,3.41024,3.82455,3.89414,3.82376,3.62703,3.57615
1451,6.05550,3.67839,3.80065,6.54776,4.11921,4.03196,5.75469,4.10006,4.12989,6.12629,5.29916,6.55431,6.43796,4.31039,4.37223,6.48200,4.48228,4.54700,4.49578,4.75214,4.22134,4.79099,4.12384,3.88215,4.12893,4.20795,4.11087,3.92015,3.87968
1452,6.23554,4.11576,4.27543,6.68090,4.54072,4.45638,6.40760,4.51052,4.54059,6.19483,5.88748,6.62500,6.56762,4.66967,4.68426,6.64764,4.73045,4.79525,4.80699,5.03830,4.54312,5.06248,4.46459,4.54322,4.50720,4.63215,4.55062,4.36413,4.31457
1453,6.30950,4.26479,4.38061,6.74639,4.63124,4.58482,6.13143,4.60966,4.61753,6.20427,5.67162,6.65533,6.62810,4.65863,4.58742,6.71364,4.62020,4.60133,4.65185,5.12084,4.57201,5.09945,4.54431,4.74505,4.59193,4.66075,4.66230,4.52040,4.35698
1454,6.34276,4.19219,4.25052,6.76301,4.52046,4.54660,4.25134,4.55155,4.55012,6.19184,4.13529,6.68366,6.58011,4.46332,4.31164,6.68086,4.23845,4.20141,4.38089,4.06744,4.41638,4.00392,4.49409,4.60627,4.49186,4.47739,4.59891,4.47880,4.23760
1455,6.14285,4.08061,4.05999,6.73196,4.43547,4.50309,4.76220,4.46483,4.46574,6.10153,4.19122,6.62590,6.54239,4.31693,4.06723,6.67218,3.88869,3.87752,4.16533,3.77279,4.28126,3.73588,4.36624,4.53861,4.32330,4.31946,4.54555,4.42417,4.04958
1456,6.21881,3.90585,3.87673,6.69281,4.17613,4.26999,6.42334,4.19215,4.17823,6.02352,5.82048,6.63621,6.63473,3.90107,3.46122,6.61156,3.07431,3.01489,3.49245,4.11040,3.86092,4.16799,4.07115,4.13860,4.07485,4.05450,4.27866,4.22604,3.85677
1457,6.34901,3.70282,3.64537,6.56867,3.88254,4.05058,6.20385,3.92450,3.86359,6.02375,5.52537,6.56300,6.55558,3.52097,2.96954,6.45518,2.70133,2.61895,2.98762,3.98496,3.47604,4.06119,3.77099,3.62730,3.79504,3.70848,3.98852,4.04846,3.70317
1458,6.01325,2.97878,2.99491,6.32290,2.93803,3.17686,2.52731,3.13152,3.09795,5.82538,2.18428,6.31348,6.17402,3.01310,2.57204,6.11025,2.11161,1.94517,2.51494,1.83379,3.04652,1.70816,3.18781,2.19785,3.26542,2.95414,2.96853,3.22562,2.99124
1459,5.23493,2.41991,2.55973,6.06429,2.32765,2.44369,1.31731,2.42747,2.53424,5.59387,1.52889,6.05891,5.74112,2.59606,2.34175,5.82041,1.90507,1.72492,2.23454,1.54877,2.65374,1.40351,2.63665,1.14335,2.76877,2.34071,2.20214,2.53174,2.37582
1460,4.44481,1.87070,2.16783,5.58040,1.52075,1.54450,1.08482,1.58159,1.87800,4.95897,1.26288,5.61205,5.27663,2.13215,2.00740,5.22361,1.67271,1.47463,1.89980,1.34813,2.20199,1.19362,2.06519,0.08208,2.19184,1.65839,1.34269,1.66493,1.60459
1461,4.00929,1.17388,1.86500,4.95037,0.92580,0.53181,0.79916,0.64455,1.28663,4.22569,0.99926,5.07737,4.86148,1.78326,1.75732,4.57072,1.48256,1.29621,1.67223,1.17894,1.81193,1.02762,1.29250,-0.00544,1.56579,1.13628,0.44906,0.75086,0.75996
1462,3.78022,0.52160,1.48178,4.39441,0.77455,0.01563,0.47622,0.13109,0.83398,3.52216,0.79015,4.63006,4.42345,1.58496,1.66721,4.01779,1.44479,1.27970,1.63129,1.13233,1.42017,0.98900,0.51969,-0.00558,1.06001,0.85780,0.09845,0.09195,0.19217
1463,3.59129,0.28820,1.17687,4.14761,0.75601,0.00914,1.88772,0.07133,0.66251,3.08496,0.45722,4.34965,4.23079,1.42946,1.53853,3.58190,1.26669,1.12134,1.53599,0.87280,1.15113,0.73319,0.23098,-0.00565,0.78214,0.70228,0.09903,0.01574,0.10607
1464,3.84864,0.27377,1.10332,3.92912,0.82190,0.04649,1.55024,0.12325,0.67228,3.26883,0.34007,4.21921,4.19510,1.31590,1.45985,3.31561,1.16981,1.05011,1.47780,0.75045,1.13323,0.64056,0.24770,-0.00570,0.77064,0.59971,0.17553,0.04235,0.12792
1465,3.71764,0.29734,1.10014,3.60542,0.85120,0.08154,0.54357,0.16259,0.67830,3.35506,0.26495,3.98338,3.85695,1.17749,1.38704,2.98716,1.16870,1.05233,1.43119,0.80086,0.99490,0.68256,0.26623,-0.00570,0.76071,0.52131,0.22480,0.07113,0.16276
1466,3.42555,0.33323,1.11558,3.31485,0.87704,0.11762,0.06963,0.19895,0.68120,3.21934,0.36416,3.70283,3.50519,1.04799,1.31835,2.61033,1.18866,1.08759,1.39603,0.82668,0.91455,0.72049,0.29892,-0.00570,0.77447,0.47180,0.27004,0.10294,0.20303
1467,2.85425,0.38309,1.14527,3.13057,0.89853,0.14991,0.34103,0.22531,0.67392,2.90655,0.53638,3.45326,3.15619,0.85189,1.10356,2.34128,1.14344,1.09433,1.25034,0.91347,0.70456,0.81331,0.30821,-0.00569,0.76829,0.44261,0.30682,0.13622,0.24451
1468,2.28011,0.42956,1.15434,2.94756,0.89080,0.16755,0.41327,0.23256,0.64430,2.32086,0.52320,3.12341,2.95518,0.65934,0.78008,2.08006,0.90892,0.93735,0.94558,0.80335,0.50610,0.74596,0.30221,-0.00572,0.73107,0.40746,0.32054,0.15967,0.27171
1469,2.26003,0.46015,1.15061,2.48259,0.86267,0.18324,1.80448,0.25252,0.65304,1.96496,0.33528,2.69390,2.84209,0.61851,0.69763,1.52036,0.71799,0.71760,0.83265,0.50368,0.49388,0.44023,0.31665,-0.00571,0.68646,0.36939,0.32610,0.17598,0.28785
1470,2.43779,0.49177,1.16866,2.08294,0.88448,0.20598,0.48612,0.27169,0.63921,1.90004,0.28516,2.42988,2.46315,0.55975,0.60505,1.12567,0.63975,0.67023,0.71202,0.51461,0.48002,0.47960,0.33498,-0.00566,0.67683,0.35672,0.35647,0.19908,0.31240
1471,2.15965,0.52773,1.17893,1.76621,0.88920,0.21688,0.37749,0.27336,0.61300,2.08961,0.35344,2.14725,2.10380,0.50224,0.47115,0.91655,0.49683,0.54756,0.53864,0.46063,0.41986,0.46308,0.33389,-0.00565,0.64297,0.33828,0.37450,0.21968,0.33794
1472,1.92974,0.55352,1.18141,1.38214,0.86784,0.22823,1.02525,0.28776,0.61938,1.74545,0.41264,1.86516,1.86309,0.48641,0.43694,0.74551,0.41017,0.43457,0.49419,0.33016,0.41240,0.32261,0.34761,-0.00565,0.60865,0.30729,0.37693,0.23701,0.35401
1473,1.86126,0.55955,1.18160,1.61598,0.87825,0.25692,1.60050,0.32234,0.64177,1.78908,1.33780,2.00756,1.83964,0.46747,0.37321,1.04790,0.40245,0.39267,0.41753,0.98245,0.42037,0.99809,0.38567,-0.00564,0.57117,0.28564,0.40517,0.25786,0.36796
1474,1.95080,0.55041,1.15969,1.95059,0.88789,0.29369,1.71548,0.35671,0.64145,1.72761,1.34276,2.02884,2.13001,0.42935,0.39076,1.41713,0.84464,0.77754,0.38400,1.17419,0.39293,1.16820,0.42022,-0.00423,0.53037,0.26166,0.45507,0.27918,0.38189
1475,1.98727,0.56716,1.16015,1.96481,0.90532,0.31761,0.69418,0.36689,0.62437,1.86357,0.51705,2.00986,2.08753,0.43124,0.35145,1.49913,0.39270,0.38592,0.37738,0.48749,0.42341,0.46908,0.42241,-0.00570,0.54552,0.25801,0.49700,0.30129,0.40749
1476,1.68910,0.61267,1.18091,1.88562,0.91558,0.33832,0.16121,0.38098,0.62767,1.70497,0.18319,1.90553,1.92127,0.45092,0.38920,1.40783,0.32645,0.33834,0.40914,0.27896,0.45179,0.27209,0.42377,-0.00296,0.56450,0.27202,0.52227,0.33137,0.44346
1477,1.59518,0.67405,1.21626,1.85754,0.93175,0.36767,0.11320,0.40737,0.64598,1.56897,0.16371,1.79561,1.86384,0.48867,0.43149,1.34835,0.36504,0.37912,0.44948,0.29583,0.47527,0.28857,0.44552,-0.00272,0.58399,0.27670,0.55083,0.37165,0.49308
1478,1.58278,0.73703,1.26071,1.79076,0.96058,0.40263,0.11481,0.44062,0.67039,1.49773,0.18320,1.66193,1.77624,0.52641,0.47211,1.30149,0.41026,0.42658,0.49391,0.33538,0.50331,0.32768,0.47539,0.01247,0.59774,0.28290,0.58726,0.41389,0.54543
1479,1.44805,0.79078,1.29150,1.45881,0.98467,0.42830,0.24766,0.46574,0.69201,1.38059,0.19101,1.34520,1.59821,0.54126,0.48444,0.68607,0.42352,0.43267,0.50638,0.34454,0.51605,0.33398,0.48895,-0.00570,0.59493,0.26778,0.61414,0.44745,0.58426
1480,1.26965,0.82506,1.30388,0.51455,0.98957,0.44643,0.34643,0.48932,0.70255,0.93170,0.09771,0.86313,1.17307,0.53539,0.47786,-0.04870,0.39555,0.39143,0.50172,0.27149,0.52306,0.24923,0.49504,-0.00565,0.56548,0.24444,0.61802,0.46859,0.60405
1481,0.85249,0.85464,1.32451,0.08020,1.01250,0.48042,0.61933,0.52162,0.71879,0.30980,0.14841,0.53402,0.46903,0.52278,0.46290,-0.12174,0.32651,0.32018,0.49456,0.12151,0.53120,0.10868,0.51637,-0.00565,0.55936,0.25964,0.64325,0.49715,0.63675
1482,0.46466,0.89932,1.36127,0.25063,1.05649,0.51996,0.01709,0.55671,0.74735,0.30436,0.07467,0.52072,0.18259,0.51751,0.50443,-0.02524,0.42034,0.42353,0.53687,0.28432,0.56322,0.26837,0.55066,-0.00260,0.59298,0.28700,0.68792,0.53718,0.68899
1483,0.16678,0.96204,1.40426,0.32452,1.10155,0.55282,0.17086,0.58410,0.77519,0.29087,0.20793,0.44625,0.27459,0.51064,0.51713,-0.05547,0.45017,0.45752,0.53280,0.36219,0.57475,0.34843,0.57646,-0.00531,0.62839,0.31079,0.73065,0.58327,0.75057
1484,0.12317,1.01685,1.42033,0.06709,1.11575,0.57245,0.13907,0.60098,0.79355,0.10174,0.18274,0.23133,0.22722,0.51252,0.50739,-0.21448,0.43180,0.42406,0.50818,0.33436,0.57190,0.31549,0.59227,-0.00161,0.63700,0.31104,0.74637,0.62075,0.79697
1485,0.20023,1.03673,1.42331,-0.05223,1.11271,0.58350,0.10163,0.61199,0.78424,0.06409,0.15192,0.14370,0.14624,0.49942,0.47330,-0.11258,0.36834,0.36030,0.48281,0.25773,0.55769,0.24255,0.59496,0.03697,0.60602,0.30024,0.74375,0.63610,0.81016
1486,0.23194,1.05097,1.42705,0.01351,1.12520,0.59146,0.23169,0.61398,0.77394,0.14741,0.26666,0.15985,0.06522,0.46967,0.47300,0.00670,0.37979,0.37568,0.46193,0.31892,0.55133,0.29980,0.60331,0.15475,0.59560,0.30929,0.75200,0.64889,0.82078
1487,0.29305,1.05954,1.42114,0.19418,1.11897,0.59107,0.34155,0.60675,0.74584,0.28545,0.45197,0.26129,0.15962,0.43681,0.47297,0.23349,0.34192,0.34086,0.43704,0.39448,0.52105,0.36968,0.59988,0.64398,0.56444,0.39044,0.74738,0.65749,0.82546
1488,0.50651,1.07199,1.42778,0.45892,1.12146,0.59928,0.60170,0.61025,0.73148,0.64922,0.67209,0.49318,0.39013,0.44642,0.49564,0.53402,0.37283,0.37770,0.49323,0.56756,0.50297,0.54284,0.60285,1.44190,0.54798,0.59791,0.75295,0.67019,0.83487
1489,0.61507,1.10162,1.46201,0.66157,1.14767,0.63319,0.54112,0.63830,0.74677,0.85469,0.65618,0.68213,0.55247,0.50189,0.47210,0.72855,0.47122,0.47180,0.49759,0.69800,0.50607,0.67646,0.61279,1.61268,0.57594,0.82239,0.78479,0.69881,0.86586
1490,0.88191,1.14415,1.50118,0.94543,1.18577,0.66388,0.79327,0.66129,0.78230,1.11351,0.74385,0.96175,0.81164,0.56458,0.60983,0.98496,0.50558,0.44961,0.60919,0.54271,0.54452,0.51079,0.64497,2.05977,0.67095,1.15591,0.82509,0.73383,0.91554
1491,1.06071,1.17258,1.50846,1.18035,1.17946,0.67875,0.85240,0.66776,0.83426,1.23157,0.72965,1.20592,1.03313,0.59679,0.67027,1.20429,0.64008,0.46718,0.59398,0.60428,0.61616,0.53733,0.66180,2.23117,0.79255,1.50963,0.82584,0.76440,0.94284
1492,1.10021,1.16957,1.53722,1.37436,1.19244,0.71976,0.99688,0.69941,0.93480,1.28610,0.86526,1.38609,1.20618,0.65152,0.74131,1.38935,0.71007,0.51837,0.66277,0.70122,0.68470,0.64229,0.69689,2.10024,0.97933,1.70684,0.83817,0.80771,0.92649
1493,1.26619,1.32742,1.57197,1.67805,1.15460,0.88156,1.13971,0.89737,1.11468,1.44748,1.07408,1.64245,1.45543,0.74459,1.11060,1.64947,1.27408,0.89530,0.89572,1.15983,0.94509,1.01331,0.91443,2.37438,1.07912,1.85569,0.87671,0.97991,1.17772
1494,1.54838,1.50383,1.55706,2.06633,1.00880,1.07033,1.48526,1.13040,1.20374,1.69773,1.42536,2.00605,1.78396,0.90544,1.31352,2.04475,1.60134,1.37062,1.17371,1.59967,1.15777,1.46398,1.14985,2.57397,1.05058,1.88218,0.99537,1.15049,1.38891
1495,1.63151,1.47941,1.50512,2.34994,1.05961,1.09449,1.42166,1.15239,1.26125,1.65179,1.37586,2.28418,2.08384,1.01309,1.14630,2.30229,1.34224,1.19889,1.13120,1.40745,1.13216,1.25501,1.16149,2.35828,1.19091,2.00092,1.04935,1.12820,1.38739
1496,1.73750,1.28919,1.36004,2.53750,1.16021,1.04382,1.20661,1.09799,1.36832,1.57769,1.12715,2.45764,2.26628,1.16509,1.01154,2.45071,1.04828,1.02292,1.02632,1.09910,1.09467,1.01250,1.09706,2.03576,1.32174,1.97538,1.07781,1.03293,1.22099
1497,1.91715,1.20812,1.26441,2.71164,1.15853,1.02994,0.98326,1.08976,1.41720,1.63209,0.98757,2.60671,2.39723,1.16826,1.07367,2.54247,1.02106,0.96721,1.02137,0.99904,1.10464,0.94456,1.10546,1.82623,1.33117,1.82667,1.12207,1.02134,1.15585
1498,1.99600,1.36041,1.26221,2.85246,1.08631,1.15605,1.16449,1.22020,1.40297,1.76215,1.20066,2.70256,2.58400,1.22651,1.22471,2.63111,1.23512,1.16007,1.12936,1.23434,1.26188,1.20158,1.25455,1.89382,1.33177,1.75351,1.17978,1.18786,1.32000
1499,2.06736,1.58789,1.29679,2.93178,1.11698,1.35049,1.36147,1.40484,1.41327,1.76905,1.35864,2.75585,2.75819,1.38034,1.29392,2.77975,1.24848,1.33430,1.27328,1.26837,1.44173,1.40147,1.43607,2.06326,1.41405,1.83116,1.24307,1.40997,1.60445
1500,2.13508,1.88892,1.43210,3.05034,1.16813,1.60659,1.56534,1.67481,1.47746,1.90156,1.55340,2.82915,2.87595,1.56806,1.41963,2.92208,1.33160,1.55254,1.46375,1.38689,1.68280,1.63331,1.67726,2.40375,1.55893,2.00398,1.31370,1.67048,2.00915
1501,2.26031,2.07011,1.53763,3.15404,1.26662,1.77435,2.21502,1.85842,1.59488,2.06335,1.73668,2.92929,3.02271,1.70616,1.46915,3.02209,1.43544,1.65003,1.58619,1.47452,1.76169,1.62714,1.83753,2.61551,1.71596,2.17496,1.41531,1.83978,2.28669
1502,2.63771,2.11185,1.62205,3.26875,1.32062,1.84200,2.73155,1.89238,1.67249,2.15191,2.02004,3.07326,3.19577,1.70664,1.39570,3.12240,1.43640,1.62765,1.55779,1.59413,1.73328,1.69981,1.84517,2.60830,1.81352,2.28608,1.46895,1.87871,2.35576
1503,3.06197,2.05650,1.73806,3.36820,1.34099,1.84352,2.98366,1.78264,1.65668,2.46455,2.55513,3.23467,3.31827,1.69246,1.37205,3.20098,1.44964,1.55657,1.51112,1.89942,1.63209,1.96661,1.75178,2.49747,1.88254,2.25187,1.48689,1.82390,2.27457
1504,3.15773,1.93503,1.71552,3.32456,1.32576,1.76773,1.63712,1.80493,1.65028,2.74317,1.46747,3.24778,3.27441,1.82496,1.41371,3.06037,1.32846,1.38082,1.49086,1.32566,1.69555,1.36659,1.74784,2.36797,1.89743,2.13017,1.47617,1.72814,2.13231
1505,3.05642,1.93986,1.73935,3.33089,1.39673,1.73225,1.32869,1.80172,1.72705,2.96612,1.36764,3.27996,3.26950,1.96041,1.50118,3.01858,1.36860,1.41570,1.60455,1.33559,1.82557,1.34811,1.77778,2.33645,1.87909,2.15510,1.49333,1.75992,2.12852
1506,3.04124,1.93340,1.71356,3.33183,1.43156,1.68457,1.34225,1.75630,1.77580,2.97283,1.37114,3.27387,3.32579,1.98856,1.58972,2.98540,1.40283,1.47254,1.68371,1.34915,1.85737,1.37870,1.76834,2.28505,1.86468,2.14691,1.49990,1.77915,2.11860
1507,3.15943,1.87859,1.64468,3.37051,1.42325,1.63228,2.36068,1.68675,1.80169,3.01185,1.47593,3.28984,3.41342,1.84681,1.58629,3.06130,1.39127,1.42373,1.59721,1.33695,1.82491,1.37066,1.73175,2.18719,1.82016,2.07385,1.49347,1.74247,2.05072
1508,3.10375,1.71797,1.45556,3.38631,1.29966,1.52676,1.22724,1.60140,1.68501,3.05467,1.24301,3.26380,3.24253,1.64854,1.53880,3.16917,1.36111,1.31335,1.50252,1.23487,1.61462,1.22549,1.66544,1.90240,1.70532,1.81220,1.39911,1.62685,1.85344
1509,2.70579,1.58445,1.30936,3.27070,1.19180,1.37877,1.09310,1.43095,1.47839,2.91086,1.14750,3.12320,3.10563,1.48011,1.39080,3.02690,1.30386,1.23133,1.36715,1.21762,1.48140,1.15286,1.51902,1.58598,1.52855,1.49063,1.25619,1.52908,1.72128
1510,2.65339,1.62757,1.36625,3.14764,1.26343,1.39076,1.35083,1.41978,1.45691,2.61728,1.36762,2.99158,3.11697,1.51852,1.47720,2.78978,1.44157,1.40965,1.47276,1.40142,1.52778,1.37908,1.50122,1.57051,1.52078,1.52140,1.26909,1.55472,1.75501
1511,2.78397,1.58712,1.32774,3.09482,1.23982,1.36383,1.35339,1.39173,1.37868,2.60757,1.35056,3.02284,3.08469,1.44806,1.43233,2.75369,1.39801,1.35906,1.41502,1.37398,1.47857,1.34297,1.45970,1.47906,1.45177,1.44415,1.24246,1.52002,1.70359
1512,2.70712,1.63862,1.43192,2.94569,1.30871,1.39865,1.44078,1.41572,1.34560,2.56478,1.36338,2.91857,2.98099,1.43667,1.45123,2.57375,1.43349,1.40012,1.42741,1.39953,1.46246,1.37925,1.43776,1.44528,1.41175,1.40759,1.28981,1.53916,1.75227
1513,2.73310,1.77403,1.60887,2.73045,1.44910,1.53620,2.11287,1.54459,1.47323,2.55159,1.62580,2.83170,2.91750,1.56511,1.60336,2.44173,1.59253,1.58707,1.59659,1.51226,1.56973,1.50179,1.51873,1.53231,1.51109,1.53184,1.43143,1.63690,1.90487
1514,2.81795,1.82865,1.70820,2.58996,1.53792,1.63535,1.90289,1.67558,1.58932,2.59110,1.65448,2.74594,2.76944,1.68038,1.72055,2.36978,1.75361,1.77768,1.74648,1.70827,1.64698,1.72642,1.61852,1.65515,1.62296,1.65575,1.55077,1.68439,1.96443
1515,2.75047,1.89389,1.81142,2.52028,1.64356,1.72475,1.83543,1.78928,1.71192,2.69617,1.86853,2.72594,2.60681,1.79673,1.83280,2.37413,1.91025,1.96317,1.89036,1.93144,1.74917,1.96563,1.75324,1.79461,1.74677,1.79943,1.65986,1.73980,2.02780
1516,2.58887,1.84092,1.76600,2.50217,1.62421,1.70014,1.88178,1.76144,1.67880,2.69098,1.83805,2.70860,2.50909,1.72741,1.72413,2.38798,1.78112,1.80128,1.76073,1.82452,1.71769,1.83622,1.74549,1.74328,1.71672,1.72360,1.63715,1.69990,1.93743
1517,2.47812,1.70711,1.61587,2.51742,1.52113,1.62526,1.74731,1.67431,1.58837,2.68375,1.71095,2.71143,2.46170,1.63519,1.64661,2.42198,1.66628,1.67616,1.64959,1.69497,1.66613,1.69658,1.67971,1.63183,1.62375,1.59545,1.55517,1.61088,1.79123
1518,2.40450,1.64884,1.55007,2.58768,1.48229,1.60965,1.70455,1.65595,1.57183,2.64770,1.69360,2.74159,2.49049,1.62668,1.66751,2.49771,1.67570,1.68202,1.65160,1.69014,1.66763,1.69566,1.65971,1.60287,1.59744,1.57615,1.54110,1.58142,1.74623
1519,2.37631,1.67490,1.58613,2.68997,1.52456,1.64359,1.70574,1.69108,1.60433,2.52599,1.69530,2.78660,2.56644,1.65362,1.71440,2.58295,1.72835,1.71054,1.68472,1.71770,1.69817,1.71335,1.68895,1.60832,1.62008,1.60553,1.57570,1.61325,1.77124
1520,2.44294,1.62272,1.52180,2.77962,1.48414,1.61953,1.64636,1.66041,1.55450,2.42801,1.64636,2.82753,2.67723,1.58202,1.64581,2.63383,1.64892,1.60267,1.59709,1.65023,1.64268,1.62081,1.65231,1.51243,1.56571,1.51966,1.53898,1.59034,1.71511
1521,2.51813,1.65590,1.57835,2.88616,1.54812,1.64839,1.60445,1.67726,1.59418,2.43199,1.59729,2.85086,2.77126,1.60033,1.65995,2.74031,1.65622,1.61675,1.62520,1.62742,1.65250,1.59863,1.66988,1.55029,1.59706,1.56839,1.57972,1.63572,1.74269
1522,2.59802,1.76331,1.72112,2.94667,1.68016,1.73529,1.67414,1.75979,1.71236,2.50643,1.70546,2.87180,2.82007,1.71280,1.76418,2.82826,1.76874,1.76530,1.74705,1.75648,1.74211,1.74651,1.75512,1.68370,1.70377,1.71307,1.68570,1.73677,1.85099
1523,2.61381,1.94726,1.93606,2.93756,1.86765,1.86899,1.88798,1.90213,1.88193,2.60698,1.90217,2.86793,2.84759,1.88999,1.93307,2.72515,1.95953,1.98244,1.93515,1.95664,1.89865,1.97357,1.90030,1.87453,1.86933,1.92280,1.84552,1.88352,2.04720
1524,2.68518,2.10827,2.10942,2.87863,2.02781,1.99092,2.07422,2.02831,2.03158,2.65567,2.08784,2.87237,2.90053,2.06002,2.09722,2.61638,2.13554,2.17480,2.10989,2.14565,2.04490,2.17464,2.03928,2.03242,2.02734,2.09453,1.99370,2.01787,2.22536
1525,2.76172,2.20435,2.19691,2.80401,2.10525,2.04832,2.16858,2.07545,2.08276,2.67716,2.13799,2.87093,2.87846,2.10338,2.11896,2.59359,2.15143,2.16296,2.12279,2.16537,2.08364,2.17881,2.08858,2.07030,2.08200,2.11995,2.06298,2.09816,2.34424
1526,2.78062,2.29238,2.27745,2.80777,2.18061,2.10401,2.16180,2.11788,2.12598,2.72897,2.13084,2.88030,2.85012,2.13951,2.16027,2.61068,2.18644,2.19057,2.16246,2.17932,2.12572,2.18130,2.12477,2.08298,2.12026,2.13653,2.12963,2.17061,2.42440
1527,2.85994,2.62031,2.67076,2.83615,2.52870,2.37470,2.36502,2.40347,2.47734,2.83439,2.48485,2.92121,2.90211,2.52547,2.57417,2.69348,2.63333,2.75125,2.64153,2.64902,2.45285,2.71346,2.41376,2.48335,2.45686,2.57873,2.44560,2.42810,2.75569
1528,2.89963,2.86458,2.95935,2.88506,2.76923,2.57373,2.81252,2.60297,2.71657,2.89161,2.81298,2.97625,2.92531,2.78481,2.83132,2.79205,2.91483,3.05463,2.92636,2.94540,2.67693,3.00727,2.61746,2.77603,2.70324,2.85923,2.66513,2.62475,3.02827
1529,2.96019,2.98085,3.09088,2.98257,2.87295,2.67379,2.95438,2.70078,2.82651,2.94528,2.97841,3.02774,2.98430,2.91849,2.94420,2.87829,3.06276,3.20301,3.05937,3.10214,2.79087,3.17660,2.70823,2.94432,2.82569,2.99535,2.75161,2.73205,3.16958
1530,2.99898,3.00838,3.08559,3.05046,2.87802,2.71019,3.20291,2.71857,2.84809,2.98066,3.08334,3.05963,3.04936,2.90584,2.88034,2.93122,2.98849,3.07084,2.96005,3.05714,2.79094,3.12331,2.72475,2.95935,2.83494,2.97236,2.77346,2.78085,3.20688
1531,3.04873,2.99841,3.03726,3.09883,2.85017,2.71942,3.16317,2.71289,2.84565,3.00652,3.06390,3.08346,3.09576,2.89561,2.86552,2.98899,2.94904,3.01437,2.92904,3.01544,2.79901,3.06401,2.72513,2.95570,2.82727,2.94396,2.77890,2.80247,3.17943
1532,3.09398,2.99078,3.00621,3.13394,2.84456,2.73285,3.08740,2.71808,2.84556,3.04203,2.99363,3.11037,3.12849,2.89101,2.86083,3.05041,2.92085,2.98028,2.91545,2.97229,2.80249,3.01084,2.73301,2.96602,2.83321,2.94117,2.77899,2.81909,3.15380
1533,3.11180,3.05092,3.05645,3.15543,2.89311,2.78100,2.89866,2.75068,2.86211,3.06986,2.86512,3.13336,3.13935,2.88349,2.85132,3.09765,2.87964,2.92106,2.89968,2.89343,2.79923,2.91430,2.75542,2.96182,2.85052,2.94784,2.81156,2.87403,3.19532
1534,3.12495,3.03314,3.02021,3.17281,2.87771,2.80738,3.01470,2.77208,2.86131,3.11011,2.93515,3.15723,3.16251,2.87127,2.84093,3.12909,2.87682,2.89978,2.87948,2.90146,2.79830,2.92587,2.77165,2.94770,2.86498,2.93136,2.81474,2.89463,3.16661
1535,3.14738,2.98363,2.96074,3.17908,2.84290,2.79971,2.94149,2.76612,2.84276,3.12950,2.86884,3.17274,3.18246,2.84554,2.81209,3.13498,2.83441,2.85052,2.84456,2.85372,2.78682,2.86251,2.76753,2.92859,2.84621,2.91084,2.80180,2.87286,3.08255
1536,3.19173,3.08791,3.08956,3.23902,2.99341,2.94361,3.00476,2.93613,3.03437,3.18500,3.03632,3.22149,3.22370,3.06206,3.04597,3.20872,3.09063,3.16685,3.11140,3.10123,2.97909,3.14752,2.93600,3.13556,3.02796,3.15602,2.95572,2.99384,3.17062
1537,3.27788,3.22617,3.25793,3.31305,3.17747,3.10864,3.39373,3.14062,3.25402,3.28092,3.43564,3.27086,3.31454,3.33212,3.34819,3.25398,3.45932,3.61028,3.46617,3.51133,3.21591,3.61140,3.14376,3.40311,3.28081,3.45402,3.13776,3.13671,3.31203
1538,3.34510,3.40810,3.46749,3.31264,3.34791,3.24301,3.50409,3.27037,3.40871,3.32711,3.53970,3.27857,3.34885,3.49366,3.49764,3.21048,3.59142,3.68209,3.61846,3.58989,3.36835,3.62545,3.27790,3.58526,3.44177,3.59660,3.27946,3.27323,3.48602
1539,3.26556,3.13030,3.09118,3.24319,2.99102,2.99608,3.05021,2.96468,3.02862,3.25601,2.99374,3.23661,3.26356,3.05874,3.02661,3.16801,2.97893,2.83873,3.01626,2.92076,3.02788,2.84716,2.98761,3.13843,3.06017,3.04268,2.98442,3.05671,3.20290
1540,3.26453,3.27304,3.23059,3.29368,3.13667,3.14004,3.06427,3.11352,3.17459,3.29041,3.12949,3.27121,3.28338,3.21738,3.21881,3.21660,3.22718,3.25044,3.25090,3.21209,3.16497,3.20165,3.12570,3.27559,3.19297,3.25382,3.12567,3.18160,3.35793
1541,3.32409,3.58741,3.59602,3.33371,3.47040,3.39825,3.48642,3.40636,3.50174,3.35776,3.57503,3.31173,3.36756,3.59125,3.60757,3.26909,3.69412,3.83719,3.71607,3.70905,3.47689,3.79519,3.39763,3.67855,3.51649,3.71401,3.41062,3.42786,3.69383
1542,3.43634,3.97844,4.06602,3.37609,3.87260,3.69528,4.02435,3.72539,3.88445,3.40783,4.10404,3.35261,3.42910,3.96888,3.97397,3.36649,4.08938,4.30534,4.13775,4.16659,3.79775,4.30457,3.69283,4.13934,3.88884,4.18512,3.73949,3.72800,4.08679
1543,3.49616,4.05378,4.11594,3.39142,3.92859,3.75334,4.10409,3.75828,3.91149,3.41950,4.04436,3.36852,3.44165,3.96917,3.89580,3.38755,4.00217,4.12539,4.00880,4.06502,3.79916,4.14225,3.72785,4.11554,3.90477,4.13153,3.78717,3.79729,4.16803
1544,3.54715,4.10149,4.14974,3.40564,3.97310,3.77242,4.06158,3.76987,3.89298,3.47739,3.93685,3.38500,3.44736,3.95892,3.82442,3.39426,3.88052,3.95042,3.92517,3.91067,3.78228,3.97000,3.74714,4.10662,3.93354,4.09679,3.83830,3.83359,4.23920
1545,3.61022,4.39472,4.48112,3.47501,4.28334,4.01681,4.11595,4.03858,4.17812,3.56233,4.19139,3.42785,3.51369,4.33412,4.22243,3.48111,4.29012,4.47509,4.38193,4.31833,4.11130,4.41885,4.02931,4.42902,4.24496,4.48242,4.12717,4.07228,4.57146
1546,3.68614,4.70700,4.85328,3.54432,4.63786,4.28358,4.49059,4.32625,4.50668,3.64675,4.67229,3.49562,3.57039,4.71212,4.60912,3.57440,4.72834,4.97511,4.81024,4.80845,4.44414,4.94838,4.33703,4.83712,4.60214,4.88939,4.44257,4.33413,4.92510
1547,3.73542,5.01489,5.21771,3.61855,4.97341,4.54625,4.98644,4.59854,4.81460,3.71715,5.04330,3.56859,3.66928,5.05291,4.93127,3.67668,5.07736,5.35061,5.16661,5.16145,4.75686,5.33174,4.61847,5.22671,4.90492,5.26170,4.74501,4.60051,5.27364
1548,4.00098,5.40873,5.65561,3.75145,5.39227,4.91569,5.49130,4.97169,5.23377,3.82688,5.44544,3.70009,3.83186,5.50194,5.33541,3.87276,5.50658,5.80305,5.61243,5.57341,5.15679,5.76030,5.02877,5.72616,5.32953,5.76591,5.19066,4.95724,5.68383
1549,4.16536,5.73215,5.98697,3.91639,5.69841,5.24346,5.85885,5.27840,5.59116,3.95076,5.84867,3.83372,3.93550,5.89558,5.68214,4.07285,5.85160,6.14868,5.96683,5.92894,5.51742,6.12871,5.38542,6.15234,5.70603,6.14500,5.56141,5.26068,6.03632
1550,4.20666,6.00137,6.33402,4.09559,6.05804,5.54479,4.47378,5.61071,5.96540,4.14420,5.77957,3.96200,4.01431,6.32725,6.20906,4.22835,6.42655,6.72631,6.52486,6.38720,5.94749,6.49082,5.75998,6.62825,6.16136,6.60505,5.86999,5.54368,6.25915
1551,4.19221,6.16051,6.50374,4.23457,6.30232,5.75225,4.78462,5.82352,6.18928,4.27772,6.05397,4.08534,4.16239,6.50204,6.39802,4.37522,6.67321,6.89505,6.67015,6.71219,6.15226,6.80231,5.96606,6.82507,6.40520,6.76040,6.02951,5.77644,6.31919
1552,4.23189,6.33066,6.66110,4.34952,6.43453,5.91311,4.65577,5.98162,6.35815,4.28225,5.48075,4.17406,4.27610,6.56641,6.48917,4.49213,6.63491,6.71700,6.68717,6.22751,6.27096,6.22435,6.09434,6.87288,6.49906,6.76365,6.11019,5.98584,6.35915
1553,4.30964,6.42344,6.72496,4.38445,6.41539,6.01046,4.68442,6.06797,6.42993,4.30511,5.14359,4.20163,4.33418,6.57523,6.53745,4.51738,6.50242,6.51435,6.67129,5.79834,6.33646,5.76662,6.16788,6.89529,6.51226,6.76531,6.14862,6.12307,6.35019
1554,4.54115,6.92874,7.30123,4.46718,6.94067,6.41667,6.80452,6.49463,6.88945,4.44474,6.93295,4.29177,4.52766,7.05210,6.96529,4.66877,7.13855,7.38759,7.21953,7.19452,6.71476,7.32145,6.55467,7.47104,6.97603,7.41964,6.59991,6.53554,6.85668
1555,4.88783,7.47593,7.92217,4.62886,7.57483,6.88284,7.57716,6.97382,7.43024,4.63385,7.60838,4.41374,4.64564,7.70327,7.53648,4.83385,7.75968,8.16990,7.88459,7.85226,7.23814,8.10366,7.04290,8.15830,7.56832,8.14334,7.17209,6.97446,7.45444
1556,5.09894,7.95530,8.43365,4.79724,8.09060,7.30343,8.31464,7.35938,7.88482,4.93321,8.36127,4.56504,4.84233,8.31032,8.04404,4.98636,8.33316,8.81513,8.43453,8.52587,7.75595,8.84786,7.48326,8.76709,8.04197,8.69728,7.69099,7.36479,8.04130
1557,5.33212,8.23423,8.67434,4.93783,8.35003,7.59053,8.02922,7.62010,8.08605,5.12267,8.64416,4.73994,4.96828,8.47593,8.16616,5.15912,8.39830,8.67565,8.47211,8.64483,8.01207,8.80470,7.74092,8.91765,8.26323,8.81524,7.99441,7.63342,8.40146
1558,5.43012,8.36263,8.79863,5.00077,8.48402,7.72241,8.35422,7.73824,8.13735,5.21194,8.16283,4.83583,5.12287,8.41529,8.12006,5.23598,8.20086,8.39676,8.40525,8.24363,8.00764,8.34093,7.81924,8.90165,8.35333,8.78493,8.07839,7.78992,8.48439
1559,5.57816,8.73667,9.24620,5.08887,8.88492,8.06240,8.42690,8.09462,8.55698,5.44578,8.46253,4.94649,5.14399,8.86769,8.63993,5.39713,8.73223,9.08040,8.99039,8.72560,8.39035,8.91732,8.17120,9.36975,8.73755,9.29178,8.44112,8.12492,8.83019
1560,5.50037,9.21546,9.77283,5.25757,9.35099,8.50066,7.43412,8.57279,9.13540,5.60613,8.52436,5.04640,5.15217,9.47731,9.31259,5.60929,9.41262,9.80240,9.73325,9.16749,8.95794,9.29652,8.66016,9.92767,9.28647,9.93482,8.86440,8.55311,9.29371
1561,5.35112,9.54931,10.04853,5.31315,9.53343,8.80750,5.36577,8.86282,9.51759,5.58991,5.93790,5.09994,5.18170,9.83726,9.69853,5.68978,9.18605,9.26755,10.00986,7.25754,9.46779,7.17730,9.04402,10.21521,9.56328,10.14440,9.12320,8.86771,9.57592
1562,5.29926,9.79437,10.15394,5.22969,9.62308,9.02318,5.55696,9.09251,9.72082,5.47980,6.08250,5.10080,5.16535,10.00777,9.86410,5.63614,8.94585,8.68097,10.04570,6.77068,9.76127,6.61996,9.31856,10.37615,9.66481,10.17204,9.32640,9.13194,9.78660
1563,5.32052,10.21724,10.54256,5.24620,9.96787,9.34951,7.41207,9.40219,10.04261,5.46348,8.34200,5.13731,5.21356,10.20601,10.19217,5.68016,10.11833,10.16095,10.39292,9.55803,9.92579,9.36777,9.55784,10.74564,9.90169,10.47686,9.65233,9.50160,10.16541
1564,5.53975,10.56069,10.85376,5.40576,10.27765,9.65311,9.84722,9.69389,10.39760,5.48377,10.15871,5.24626,5.38520,10.49179,10.49417,5.87136,10.65703,10.91205,10.75262,10.64020,10.12216,10.74450,9.81751,11.18977,10.23641,10.87333,9.96410,9.82467,10.50963
1565,5.72305,10.65578,10.92204,5.56141,10.36730,9.78636,6.00258,9.82363,10.49579,5.62258,7.71603,5.37123,5.39151,10.62525,10.65397,6.00565,10.71909,10.83748,10.87627,9.61404,10.32347,9.51120,9.96414,11.32007,10.36310,10.94892,10.09409,9.96551,10.55653
1566,5.57245,10.71737,10.98203,5.51724,10.43666,9.87279,7.63034,9.85353,10.43443,5.69741,8.54450,5.38474,5.46453,10.49428,10.51223,5.91472,10.54751,10.60273,10.68002,9.84124,10.26032,9.71099,9.98740,11.24005,10.33026,10.85285,10.10753,10.07467,10.55327
1567,6.11755,11.09050,11.38036,5.60718,10.85387,10.20519,10.73733,10.14208,10.65490,5.71761,10.57732,5.52015,5.87915,10.70106,10.55747,6.06580,10.70909,10.87339,10.76108,10.76656,10.36288,10.85794,10.21137,11.47456,10.63821,11.20423,10.46230,10.39705,10.98197
1568,6.78480,11.32268,11.66765,5.92354,11.20174,10.45900,11.00501,10.38695,10.82899,6.01168,10.80103,5.79758,6.04706,10.95064,10.62752,6.52363,10.73710,10.92162,10.87057,10.83297,10.53628,10.95785,10.42257,11.73312,10.94506,11.50273,10.79322,10.62038,11.25271
1569,6.84733,10.90805,11.14227,6.31380,10.73729,10.18629,10.43622,10.07420,10.36586,6.32801,10.10617,6.09487,6.18480,10.32466,10.01138,6.86978,9.99180,9.98710,10.10322,10.03039,10.08829,10.02266,10.09620,11.06562,10.51450,10.73092,10.36401,10.40601,10.78158
1570,6.87183,10.69306,10.83558,6.72494,10.44238,10.05937,9.54265,9.95259,10.12475,6.59010,9.61492,6.38863,6.54755,9.96147,9.73682,7.05193,9.62898,9.59162,9.75176,9.58561,9.84428,9.55902,9.90790,10.61917,10.17618,10.24687,10.10213,10.31988,10.52699
1571,6.82446,10.38532,10.41030,6.86923,10.01227,9.83731,6.75066,9.70196,9.77492,6.61076,7.40133,6.50321,6.68429,9.40462,9.23120,7.05361,8.67241,8.67420,9.18572,7.83543,9.41982,7.81940,9.60017,10.14788,9.70336,9.74473,9.79734,10.09304,10.24338
1572,6.77094,10.29149,10.21073,6.84303,9.84083,9.83208,6.85343,9.66464,9.67182,6.74269,7.18993,6.52777,6.76804,9.32794,9.13570,7.03998,8.03117,8.05460,9.11216,7.24084,9.36599,7.29831,9.55770,9.98115,9.56794,9.65756,9.73389,10.04897,10.20584
1573,6.83345,10.11758,10.00658,6.94386,9.67036,9.71801,7.03214,9.56467,9.50169,6.81566,7.38444,6.69097,6.86159,9.23923,9.05956,7.21152,8.42090,8.46374,9.04419,7.67131,9.26549,7.69248,9.42374,9.86355,9.44293,9.53987,9.58889,9.89321,10.07160
1574,6.91182,10.02041,9.87217,7.03052,9.58129,9.69497,7.39477,9.55863,9.45799,6.87959,7.89348,6.75560,6.94091,9.29742,9.19850,7.26600,8.88537,8.89847,9.18525,8.41767,9.30971,8.41311,9.40906,9.75858,9.40720,9.53256,9.55085,9.82059,10.02272
1575,7.00936,10.21673,10.14495,7.04760,9.81538,9.82848,7.76108,9.69568,9.64334,6.92397,8.48013,6.81873,7.00063,9.47544,9.38703,7.33241,9.21231,9.23308,9.36280,9.03180,9.45856,9.00881,9.53709,9.96529,9.57572,9.78834,9.72235,9.95124,10.23111
1576,7.01751,10.28027,10.24098,6.96365,9.90038,9.87308,8.17723,9.72443,9.71703,6.98798,8.69025,6.80994,6.95100,9.53973,9.44647,7.28225,9.30405,9.29970,9.43174,9.13103,9.51724,9.10662,9.58869,10.01439,9.63262,9.86250,9.79148,9.99299,10.28022
1577,7.21855,10.63891,10.67134,7.04541,10.30264,10.17636,9.61091,10.06973,10.13267,7.12789,9.71050,6.89455,7.08177,10.04956,10.00693,7.44191,9.99603,10.09526,10.06188,9.94037,9.94918,10.00428,9.94016,10.47302,10.03483,10.39477,10.14110,10.28771,10.65663
1578,7.45645,10.68373,10.68028,7.14180,10.35913,10.21395,10.01071,10.12145,10.17446,7.24950,9.94309,6.98845,7.15731,10.12019,10.03388,7.52404,10.07112,10.11174,10.08359,10.06727,10.00348,10.09930,10.00282,10.45307,10.10265,10.37268,10.20122,10.35339,10.74591
1579,7.56005,10.78608,10.75571,7.33790,10.45483,10.29213,10.17780,10.21846,10.22018,7.40283,10.13967,7.13428,7.21446,10.19273,10.09015,7.74796,10.10245,10.12487,10.11652,10.16661,10.07852,10.18254,10.10079,10.43870,10.20993,10.40763,10.29192,10.45557,10.90714
1580,7.63856,10.94122,10.95434,7.61235,10.66778,10.42575,10.05628,10.38525,10.37819,7.51701,10.06489,7.31858,7.50016,10.40458,10.31646,8.03866,10.33032,10.40291,10.38626,10.28914,10.28075,10.31698,10.28935,10.53925,10.38328,10.57027,10.46449,10.58647,11.04011
1581,7.90907,11.34985,11.43679,7.80385,11.12276,10.80340,10.59630,10.78766,10.87636,7.72961,10.70975,7.46565,7.70569,11.01187,10.99578,8.18697,11.08130,11.32738,11.15764,11.04600,10.81137,11.19378,10.73045,11.09490,10.86533,11.18209,10.90203,10.94686,11.46791
1582,7.93208,11.62257,11.71640,7.79753,11.37477,11.05813,9.98009,11.02768,11.20472,7.95185,10.93188,7.54088,7.70980,11.41919,11.45505,8.23972,11.61787,11.91585,11.65861,11.53172,11.18432,11.66779,11.01687,11.49716,11.19975,11.54316,11.16931,11.21072,11.79451
1583,7.89445,11.96306,12.09835,7.82588,11.71914,11.36258,10.93883,11.31949,11.58466,8.03664,11.56344,7.60664,7.74130,11.83528,11.90362,8.29554,12.09978,12.47457,12.15014,12.12780,11.56737,12.31187,11.32470,11.95573,11.54720,11.99193,11.48355,11.51825,12.14714
1584,8.11562,12.53494,12.79831,7.81834,12.33384,11.83687,12.34031,11.78238,12.20180,8.04781,12.48015,7.66095,7.87101,12.41314,12.44474,8.36462,12.69076,13.12697,12.75120,12.77353,12.05517,13.04873,11.77744,12.75024,12.08016,12.72419,12.00850,11.99081,12.68707
1585,8.42557,13.25406,13.65387,7.96213,13.08812,12.42867,12.30781,12.38215,12.98725,8.24697,13.12631,7.79637,7.91623,13.24294,13.28348,8.59604,13.59780,14.14801,13.70952,13.62626,12.75835,13.88720,12.39662,13.74388,12.82984,13.68537,12.67308,12.57785,13.39459
1586,8.35660,13.88150,14.39825,8.23700,13.72612,12.98456,11.32737,12.93266,13.64505,8.48806,13.28096,7.97832,7.98720,13.96430,14.08172,8.82356,14.37391,14.85984,14.57071,14.19346,13.47388,14.27221,12.99716,14.54810,13.49365,14.43027,13.26380,13.12904,13.93482
1587,8.35550,14.43477,14.98423,8.29140,14.23566,13.46208,13.47419,13.40422,14.18106,8.49560,14.13718,8.07830,8.23873,14.37110,14.49273,8.89355,14.79473,15.25652,14.94895,14.81256,13.89378,14.97387,13.45683,15.14929,13.95358,14.91673,13.75569,13.63514,14.37373
1588,8.92670,15.03118,15.56443,8.30921,14.78519,13.96918,15.18176,13.91022,14.73542,8.56674,15.11627,8.14667,8.53010,14.79587,14.80167,8.97683,15.21882,15.71569,15.23723,15.37876,14.25957,15.67235,13.93181,15.76307,14.48887,15.48529,14.27324,14.16731,14.93430
1589,9.43686,15.72706,16.26603,8.43504,15.44256,14.54455,15.85133,14.48071,15.39558,8.97423,15.77435,8.27675,8.67695,15.46868,15.35092,9.18309,15.76245,16.35022,15.84312,15.98819,14.81365,16.35266,14.50445,16.51774,15.15718,16.24007,14.89242,14.76380,15.64030
1590,9.68499,16.43566,16.95602,8.59081,16.09685,15.15154,16.51591,15.08974,16.10893,9.35694,16.43182,8.41026,8.76971,16.21934,16.01684,9.36794,16.43652,17.08518,16.56102,16.65665,15.46262,17.07051,15.13183,17.28910,15.85241,16.98200,15.55309,15.39191,16.34897
1591,9.76273,17.17119,17.76559,8.69825,16.83872,15.78036,17.12020,15.72364,16.83750,9.59278,17.10276,8.56910,8.87846,16.97160,16.69206,9.57652,17.10232,17.79436,17.28458,17.34738,16.13119,17.78645,15.78093,18.11137,16.59765,17.80670,16.25720,16.03336,17.05400
1592,9.90661,17.89350,18.58727,8.89452,17.58946,16.43423,14.64298,16.39558,17.59158,9.74228,17.30435,8.72187,8.88181,17.76327,17.55263,9.83236,17.97315,18.63231,18.21565,18.08680,16.91331,18.35011,16.47422,18.98322,17.38288,18.69552,16.96276,16.68287,17.73741
1593,9.41888,18.21957,18.79960,8.98444,17.85084,16.79753,11.32431,16.74344,17.85222,9.69445,15.45447,8.80419,8.78213,18.00566,17.91363,9.92900,18.17153,18.44556,18.36126,17.93424,17.38964,17.87292,16.88618,19.05517,17.63075,18.65033,17.30002,17.06143,17.98839
1594,9.39914,18.57504,19.03960,8.99382,18.14353,17.16117,18.06131,17.10408,18.13812,9.52787,18.02158,8.88437,9.17158,18.19491,17.98922,9.96779,18.23850,18.55660,18.36155,18.29915,17.57922,18.46000,17.21956,19.23191,17.93224,18.83258,17.64986,17.44186,18.33706
1595,9.83986,18.59929,18.97873,8.99008,18.15479,17.27339,16.89176,17.22089,18.13419,9.48065,17.97793,8.92227,9.13218,18.15490,17.87367,9.98936,18.05326,18.25962,18.16818,18.14767,17.61273,18.23354,17.33521,19.16729,18.02177,18.74617,17.74521,17.56037,18.32606
1596,9.67377,17.76445,17.94931,9.18015,17.31189,16.74104,13.83284,16.60950,17.20779,9.62265,17.01947,9.08839,9.04183,17.10947,16.81553,10.11447,16.87812,16.75728,16.86555,17.07966,16.82654,16.98370,16.72256,18.00065,17.26567,17.51151,16.99176,17.06849,17.48380
1597,9.88448,16.29946,16.27509,10.01785,15.96389,15.66508,15.40139,15.44040,15.66142,9.78061,15.07563,9.89986,9.72395,15.45326,15.05878,10.90010,14.87455,14.60106,14.97516,14.83475,15.30772,14.61410,15.38945,16.08616,15.70639,15.44334,15.68363,16.00094,16.01446
1598,10.39115,15.14729,15.04023,11.05646,14.96275,14.75390,13.71890,14.53758,14.53885,10.31115,13.76587,10.71617,10.42279,14.24120,13.92328,11.43044,13.68362,13.45766,13.80196,13.55020,14.23229,13.37703,14.39930,14.77750,14.40592,14.16464,14.69318,15.04139,14.94423
1599,10.57100,15.06063,15.00058,11.35833,14.94679,14.68072,13.26277,14.50066,14.49311,10.56253,13.63500,11.00228,11.05965,14.20911,13.98681,11.62048,13.76729,13.67771,13.92832,13.56581,14.21803,13.49750,14.34373,14.75839,14.32142,14.37571,14.66636,14.93005,14.91423
1600,11.19339,15.36204,15.40328,11.53347,15.31817,14.95788,13.69980,14.83115,14.88480,10.80808,14.01685,11.21219,11.44487,14.73213,14.65950,11.86810,14.51283,14.62109,14.69286,14.31196,14.65533,14.35483,14.69053,15.20523,14.72767,15.03163,15.02246,15.15724,15.22966
1601,11.69609,15.95238,16.12398,11.79218,15.97874,15.49039,13.49312,15.41408,15.60981,11.30404,14.44010,11.43323,11.62135,15.68304,15.71205,12.21018,15.68155,16.03879,15.94951,15.23934,15.45046,15.34636,15.32675,16.06799,15.50816,16.06987,15.65806,15.62996,15.86503
1602,11.87694,16.55847,16.82363,12.04956,16.56149,15.98114,13.92512,15.93832,16.20258,11.79853,15.07980,11.66614,11.83066,16.39838,16.46550,12.49689,16.53997,16.95941,16.81395,16.17633,16.06578,16.32283,15.84839,16.76948,16.16859,16.81688,16.15642,16.12767,16.51270
1603,12.22807,17.38170,17.80021,12.32000,17.36295,16.61897,16.61506,16.65430,17.01302,12.11895,17.14967,11.91300,12.22301,17.19534,17.24047,12.82751,17.55209,18.10365,17.71587,17.58792,16.75903,17.92110,16.49686,17.76149,16.95956,17.82128,16.82342,16.79932,17.34324
1604,12.95720,18.20048,18.68543,12.53246,18.15141,17.29151,18.31944,17.31607,17.86627,12.51355,18.33370,12.12644,12.56791,18.08417,18.01951,13.18435,18.44904,19.07589,18.53469,18.60514,17.51442,19.00908,17.23252,18.84927,17.76212,18.77677,17.61424,17.45937,18.21038
1605,13.27239,18.95057,19.41643,12.87270,18.79717,17.96202,16.93268,17.94710,18.66333,13.05797,18.63518,12.37169,12.60164,19.02039,18.96060,13.54434,19.38039,19.94876,19.44720,19.34134,18.42395,19.57985,17.99198,19.78768,18.56633,19.56000,18.43640,18.10267,19.00196
1606,12.99727,19.58918,20.06191,13.17068,19.37697,18.53533,12.98851,18.52617,19.36219,13.28450,14.01259,12.51482,12.73217,19.88183,19.92475,13.75041,19.14710,19.37604,20.36556,16.05493,19.44091,15.96473,18.75984,20.53319,19.32712,20.18083,19.03981,18.68040,19.60932
1607,12.77469,19.46053,19.87597,12.77403,19.24631,18.47977,13.19176,18.46384,19.15024,12.99348,13.75612,12.17130,12.61553,19.58352,18.91205,13.58124,15.47186,15.54591,19.04954,13.73917,19.34590,13.82676,18.77663,20.20971,19.16300,19.70015,18.87238,18.68761,19.36460
1608,12.64468,19.42718,19.79171,12.20561,19.21047,18.52191,14.85713,18.46742,19.07204,12.81824,15.78523,11.86611,12.20375,19.24061,19.14934,13.31821,18.47050,18.23740,19.26610,17.07341,19.01462,16.85355,18.62610,20.03097,19.01039,19.57795,18.80518,18.74757,19.26258
1609,12.58802,19.84037,20.23465,12.34324,19.62105,18.86662,17.69072,18.79948,19.43431,12.73866,18.32316,11.90295,12.14366,19.53388,19.49363,13.42869,19.46952,19.60470,19.70856,19.18629,19.19826,19.15329,18.90825,20.41229,19.34605,20.01002,19.19620,19.08131,19.64602
1610,12.82300,20.42795,20.80199,12.66107,20.14176,19.37831,19.23137,19.32674,20.02191,12.79196,19.46075,12.05112,12.41732,20.14816,20.04507,13.54276,20.15861,20.49719,20.33526,20.08947,19.72060,20.25042,19.42126,21.03352,19.87912,20.62537,19.80267,19.57201,20.26562
1611,13.11806,21.19884,21.52298,12.65968,20.80476,20.04859,20.13130,20.02231,20.83798,13.00331,20.47021,12.19959,12.46312,20.96896,20.88536,13.68548,21.04917,21.55423,21.22403,21.09730,20.49661,21.35906,20.11593,21.92089,20.57476,21.38836,20.56826,20.24581,21.09236
1612,13.02798,21.86567,22.14011,12.58476,21.42013,20.68008,19.21477,20.69038,21.58881,13.21865,21.00651,12.28390,12.34043,21.72589,21.71083,13.76828,21.94016,22.42665,22.03956,21.93018,21.30698,22.13321,20.81501,22.73468,21.24214,22.03188,21.27615,20.88303,21.78733
1613,12.83058,22.28040,22.43987,12.47331,21.79886,21.13625,21.29707,21.16542,22.01760,13.23204,21.86757,12.29595,12.47066,22.09203,22.15373,13.67168,22.34154,22.75317,22.39607,22.48082,21.77208,22.66373,21.29371,23.11830,21.67624,22.33137,21.71772,21.36675,22.23983
1614,13.26422,22.83532,23.00160,12.43069,22.35299,21.68795,22.77858,21.72957,22.59734,13.11556,22.65336,12.29838,12.69839,22.58638,22.66312,13.59020,22.85370,23.24349,22.94887,22.95167,22.21162,23.23449,21.83127,23.67582,22.27861,23.03077,22.26470,21.93372,22.84260
1615,13.54218,23.43690,23.66614,12.46143,23.02367,22.27442,23.16609,22.32222,23.22483,13.32038,23.20907,12.29031,12.60826,23.26026,23.32327,13.55809,23.56790,24.02148,23.68522,23.65391,22.77906,23.94827,22.41771,24.35128,22.94356,23.81112,22.83174,22.53012,23.46502
1616,13.18248,23.45085,23.68038,12.38406,23.08051,22.34766,15.31950,22.33320,23.07099,13.36863,19.49825,12.16974,12.28598,23.03598,23.01546,13.48993,23.16066,23.27121,23.18554,22.36707,22.70997,22.27928,22.42150,24.03993,22.86514,23.46275,22.79081,22.62393,23.34453
1617,12.38156,22.40830,22.38357,11.85982,21.92309,21.52678,12.14622,21.41859,21.75325,12.90227,13.33030,11.60414,11.79685,21.48526,21.27185,12.83174,19.83347,19.06666,21.01265,14.34958,21.46305,14.18407,21.47924,22.37507,21.65665,21.66801,21.71015,21.86857,22.20283
1618,11.58853,20.94275,20.61707,11.04003,20.37267,20.38399,12.21008,20.18750,20.16040,12.11007,13.43614,10.82058,11.06240,19.75621,19.32022,11.77296,17.42756,16.17283,18.83234,14.26167,19.88574,13.84311,20.21163,20.47112,20.22268,19.82022,20.36648,20.72824,20.74173
1619,11.21314,20.38701,19.99520,10.68478,19.84230,19.98551,16.00019,19.71040,19.57537,11.57620,17.03562,10.57619,10.89126,19.38729,19.11505,11.22808,18.66307,18.11721,18.88558,18.12151,19.52987,17.54215,19.74673,19.70922,19.69349,19.27746,19.91668,20.27404,20.21383
1620,11.71049,20.29327,19.99397,10.80290,19.82278,19.94702,18.11047,19.58216,19.53568,11.48875,18.39852,10.79328,11.42118,19.48495,19.33900,11.19164,19.10897,18.92941,19.22097,18.79908,19.55781,18.66249,19.59852,19.62729,19.53712,19.30649,19.85765,20.18341,20.12724
1621,11.77970,19.79596,19.51773,10.95610,19.35209,19.45189,13.40075,19.10355,18.98947,11.60066,16.17469,10.80958,11.19690,18.74119,18.49577,11.29471,18.13356,17.89939,18.28093,17.75237,18.89640,17.70271,19.07160,19.02829,18.98709,18.70772,19.34041,19.71872,19.65284
1622,11.46754,19.16719,18.82525,10.97684,18.71625,18.93717,14.75831,18.53687,18.35798,11.73723,16.57046,10.88312,11.06400,18.06310,17.83698,11.22021,17.51967,17.20522,17.58911,17.24641,18.27359,17.10393,18.49434,18.21666,18.33353,17.93424,18.73618,19.18472,19.06115
1623,11.22699,17.92125,17.44840,10.94739,17.42911,17.72985,11.19114,17.34706,17.02856,11.65634,12.08205,10.68793,10.84355,16.22891,15.80237,11.12123,14.29153,14.23473,15.48475,12.55524,16.50050,12.53353,17.17446,16.70910,16.93602,16.37948,17.51374,18.04766,17.88884
1624,10.86057,17.37690,16.87527,10.48938,16.92760,17.28211,11.60732,16.84993,16.53029,11.27164,12.52099,10.21018,10.43204,15.91353,15.51569,11.01628,14.39034,14.07087,15.23437,13.09154,16.14674,12.95911,16.75586,16.18376,16.50462,15.95921,17.03473,17.51068,17.44335
1625,10.76183,17.62189,17.30906,10.38723,17.33884,17.59135,14.81170,17.20636,17.01093,11.01980,15.49222,10.17355,10.45241,16.86412,16.70257,11.01845,16.40941,16.36699,16.57570,16.09994,16.98340,16.02607,17.17659,16.85543,17.00054,16.75851,17.40615,17.68658,17.66831
1626,11.20947,18.03005,17.93054,10.43538,17.87838,17.90213,16.97060,17.64749,17.60134,10.94063,17.06242,10.20000,10.68360,17.58071,17.53404,11.10175,17.46803,17.57158,17.55890,17.35615,17.57301,17.45284,17.56384,17.73231,17.51899,17.58860,17.84844,17.96916,18.03126
1627,11.40190,18.23543,18.15815,10.46608,18.08121,18.03868,16.77732,17.84713,17.85810,11.15732,17.49484,10.31374,10.63135,17.80858,17.78105,11.16113,17.76162,17.87435,17.82905,17.78188,17.76824,17.83169,17.74514,18.05111,17.73909,17.84734,18.03403,18.11377,18.30002
1628,11.16281,18.44551,18.42745,10.64677,18.32645,18.20861,17.42703,18.05684,18.13530,11.31078,17.80849,10.46190,10.76425,18.09730,18.08873,11.24710,18.09630,18.26447,18.19107,18.10108,18.01075,18.19381,17.96329,18.39129,18.00982,18.25357,18.25259,18.27721,18.52752
1629,11.44249,18.75056,18.82726,10.79245,18.68203,18.44131,18.35116,18.32640,18.46175,11.40519,18.28974,10.69699,11.19702,18.40380,18.36280,11.34562,18.40483,18.56449,18.48914,18.41861,18.27164,18.53413,18.22937,18.81717,18.35332,18.70944,18.56808,18.50407,18.78539
1630,12.07007,18.62676,18.70792,11.42486,18.58595,18.31400,18.27376,18.20011,18.32109,12.63379,18.15082,11.81169,11.74093,18.21984,18.12443,12.19266,18.16262,18.24482,18.21438,18.21861,18.11039,18.26014,18.12730,18.71255,18.27627,18.50176,18.42649,18.41398,18.60080
1631,12.77979,19.18289,19.40854,12.17562,19.19142,18.73264,16.23518,18.67786,18.86466,13.54550,18.06645,12.57984,11.88668,18.87245,18.83932,12.85539,18.85646,19.06887,19.07098,18.58322,18.69665,18.61857,18.61136,19.37948,18.81158,19.25036,18.87017,18.84000,19.12997
1632,12.55257,19.69417,20.04499,12.57488,19.74184,19.17977,12.16027,19.14059,19.48280,13.24598,13.55536,12.88037,12.32270,19.77594,19.74784,13.14738,19.08205,19.31514,20.11890,16.05817,19.50551,15.94811,19.16209,20.25244,19.43562,20.05291,19.35267,19.26007,19.61461
1633,12.77257,19.66674,19.95241,12.77733,19.59490,19.16950,12.61118,19.09246,19.38895,12.99374,13.38925,13.02372,12.82008,19.63927,19.53511,13.23972,18.21897,18.01326,19.71241,14.55103,19.44134,14.44606,19.12101,20.11724,19.35183,19.77606,19.26317,19.28585,19.60545
1634,13.21478,20.06848,20.38946,13.02862,19.99195,19.47880,14.86739,19.43105,19.69568,13.15473,16.90404,13.22852,13.11959,19.83726,19.84354,13.46513,19.74992,19.81422,20.06362,18.91838,19.60071,18.82395,19.38641,20.42323,19.68383,20.19289,19.58730,19.62296,20.00054
1635,13.59780,20.89787,21.32726,13.41656,20.90409,20.19692,18.27326,20.23171,20.56834,13.57038,19.49846,13.49673,13.49044,20.80456,20.87409,13.94246,20.98449,21.39061,21.23967,20.73967,20.42884,20.91844,20.17253,21.47685,20.57672,21.37326,20.40395,20.31902,20.86766
1636,14.14849,21.91400,22.45936,13.82286,22.00832,21.07872,20.88635,21.16682,21.60385,14.03306,21.44307,13.83109,13.97544,22.01870,22.00198,14.44864,22.28113,22.89009,22.48881,22.29319,21.45247,22.65607,21.17217,22.83065,21.68994,22.72156,21.49828,21.15183,21.94225
1637,14.69414,22.96338,23.61026,14.24613,23.09047,22.02413,18.72846,22.13051,22.70720,14.49149,21.87364,14.17346,14.15864,23.31800,23.28789,14.98893,23.68696,24.27788,23.81965,23.40384,22.65347,23.61310,22.26496,24.26067,22.87271,24.02518,22.64008,22.03218,23.06712
1638,14.78232,23.81496,24.51402,14.66256,23.95204,22.88475,15.14121,23.00385,23.67271,14.91623,18.48069,14.49617,14.34594,24.43790,24.45981,15.58957,24.30975,24.73346,24.91111,21.66966,23.89506,21.59791,23.27771,25.37875,23.89264,24.98590,23.59319,22.82570,23.95619
1639,14.72274,23.67710,24.22706,15.01659,23.69798,22.85254,14.74999,22.96026,23.46507,15.10611,15.51435,14.78424,14.59399,24.04751,23.92106,16.13472,21.77912,21.96142,24.04135,16.63033,23.73074,16.82546,23.18304,24.82493,23.75962,24.29740,23.26252,22.90395,23.67137
1640,14.80891,23.92942,24.35048,15.11617,23.78180,23.06952,16.52182,23.14510,23.60273,15.05122,18.60322,14.85270,14.74708,23.93151,23.90236,16.37357,23.53797,23.29198,24.00631,21.31861,23.61166,21.29347,23.25378,24.62770,23.75121,24.22921,23.32286,23.21329,23.89480
1641,14.95886,24.14918,24.50836,15.11867,24.04385,23.36122,19.90174,23.42205,23.83235,15.10157,21.90011,14.82371,14.79104,24.13002,24.18013,16.46347,24.19014,24.15736,24.31193,23.72309,23.80688,23.58425,23.51588,24.71655,23.97704,24.45086,23.59601,23.49453,24.11458
1642,15.11859,24.31107,24.71180,15.28532,24.33197,23.58723,21.73520,23.63419,24.03992,15.21920,23.13648,14.89707,14.83169,24.35290,24.36614,16.63663,24.44648,24.57855,24.54947,24.30833,24.00877,24.32104,23.74244,24.94478,24.21968,24.69413,23.89073,23.68851,24.22544
1643,15.21123,24.84327,25.33967,15.43680,24.94889,24.07125,22.21062,24.10359,24.58651,15.37777,23.83828,14.95020,14.93988,24.97148,24.99087,16.86074,25.12400,25.40572,25.25954,25.02169,24.56582,25.12905,24.23926,25.61890,24.73817,25.35860,24.46963,24.14515,24.75673
1644,15.64789,25.14649,25.62320,15.66258,25.29548,24.42261,24.63269,24.42983,24.87854,15.55201,24.82182,15.13609,15.41846,25.22049,25.07902,17.09247,25.25181,25.47929,25.34211,25.28175,24.80930,25.41597,24.54176,25.88049,25.01334,25.59846,24.88696,24.46274,25.06355
1645,16.05809,24.42469,24.69897,15.93673,24.50488,23.90604,16.42747,23.83823,24.11220,15.76440,19.63636,15.38296,15.24788,24.17708,23.98749,17.37855,24.04381,23.88291,23.91918,22.58629,24.01000,22.40796,23.96682,24.88485,24.31828,24.38388,24.22900,23.99142,24.29230
1646,15.37544,22.91908,22.83336,15.85301,22.75778,22.62285,15.46452,22.36341,22.46112,15.73072,16.24682,15.33424,15.12585,22.06052,21.83462,17.31562,20.69253,20.61821,21.44968,16.81718,22.23761,16.88933,22.49361,22.72712,22.56591,22.09124,22.65287,22.83163,22.78896
1647,15.21337,22.03625,21.81303,16.44185,21.74282,21.85342,15.92930,21.49761,21.50799,15.54927,16.94913,15.72580,15.45287,20.94794,20.79627,17.98894,19.85173,19.70745,20.40121,17.78466,21.26785,17.97018,21.49185,21.55948,21.41126,20.94436,21.74516,22.07190,21.94687
1648,15.55545,21.68491,21.49162,17.41683,21.42116,21.54862,17.25541,21.28874,21.18345,15.49268,18.73872,16.37815,16.27182,20.77597,20.64709,18.75503,20.29579,20.07434,20.35438,19.74008,21.01004,19.62081,21.09167,21.21270,21.02607,20.75171,21.40482,21.73895,21.62580
1649,16.10395,21.09418,20.89894,18.16792,20.86112,21.00146,16.99496,20.74590,20.60289,15.86414,17.18623,16.98485,17.15508,20.09216,19.72945,18.89362,18.43724,18.53997,19.65414,17.28946,20.28221,17.29402,20.57804,20.72796,20.46688,20.30241,20.85681,21.18648,21.08148
1650,16.92373,20.43801,20.19586,18.39977,20.20250,20.44701,17.30247,20.17872,19.97535,16.27317,17.51913,17.34611,17.83044,19.55430,19.20331,18.74475,18.12998,18.16399,19.11240,17.49648,19.74928,17.53437,20.02131,20.08562,19.85517,19.65912,20.24164,20.56421,20.46643
1651,17.71084,20.45072,20.28205,18.47590,20.22148,20.41824,18.01429,20.24044,20.01176,17.04890,18.39114,17.63691,18.25633,19.78481,19.71753,18.72498,19.34221,19.32796,19.60271,18.85074,19.93335,18.87585,20.02803,20.13782,19.88374,19.83931,20.22314,20.50153,20.51803
1652,18.16082,20.46071,20.37098,18.55596,20.26192,20.37489,18.40179,20.24464,20.03235,17.63888,18.69243,17.92895,18.41964,19.88688,19.85413,18.70144,19.59378,19.66364,19.82147,19.18224,19.97209,19.23134,20.04218,20.25784,19.94427,20.01367,20.21350,20.44343,20.52332
1653,18.49333,20.82747,20.86780,18.62223,20.69522,20.64225,19.49550,20.59231,20.46877,18.13324,19.77663,18.13638,18.61164,20.44268,20.47002,18.72375,20.43022,20.57753,20.55107,20.20560,20.41012,20.29453,20.42549,20.87129,20.39109,20.69344,20.56324,20.69287,20.89399
1654,18.74776,21.42525,21.62359,18.72154,21.35985,21.08050,19.99484,21.08364,21.05672,18.42048,20.42481,18.32465,18.75997,21.11303,21.14133,18.84637,21.16625,21.40596,21.32967,20.98288,20.97813,21.11579,20.95517,21.63484,21.02383,21.50310,21.10063,21.13622,21.45078
1655,18.96573,21.91317,22.19031,18.78720,21.88178,21.46097,19.95175,21.49610,21.52262,18.76668,20.84094,18.43766,18.81561,21.60554,21.61801,18.96463,21.66626,21.89270,21.82920,21.50852,21.43252,21.56838,21.38709,22.14524,21.51725,22.04511,21.51175,21.52913,21.91147
1656,18.96717,21.80360,22.00010,18.79689,21.75437,21.43689,19.06513,21.45144,21.49862,18.94010,19.51800,18.44978,18.78535,21.64659,21.65252,18.99854,21.54922,21.58933,21.78961,20.56907,21.50722,20.47789,21.39134,21.99593,21.50994,21.85708,21.43961,21.49956,21.79401
1657,18.74135,20.97925,20.99936,18.50002,20.87268,20.76219,18.75626,20.67967,20.66526,18.81515,18.96280,18.24051,18.48159,20.65913,20.41958,18.81697,19.48719,19.45142,20.38602,18.88705,20.67323,18.87682,20.66679,20.87633,20.70616,20.64420,20.71944,20.86275,20.91988
1658,18.59292,20.48337,20.43717,18.59978,20.30469,20.30779,18.63939,20.15534,20.13733,18.70490,18.81602,18.37409,18.45385,20.01797,19.79409,18.78899,19.17332,19.13291,19.71137,18.83621,20.07407,18.82809,20.11447,20.23986,20.10974,19.96510,20.22965,20.43015,20.44305
1659,18.50265,20.28346,20.26217,18.54586,20.08387,20.08792,18.95614,19.93504,19.85354,18.61515,19.03272,18.40382,18.51975,19.68753,19.56735,18.72122,19.33937,19.15910,19.43801,19.11041,19.74437,19.01782,19.80787,19.91757,19.78240,19.63977,19.99443,20.21997,20.20029
1660,18.51411,20.04058,20.02121,18.52735,19.82764,19.84482,18.60207,19.66235,19.58850,18.56836,18.80476,18.40616,18.47782,19.35969,19.22762,18.70477,19.06527,19.00211,19.12238,18.93269,19.42863,18.92062,19.54766,19.72623,19.50844,19.42212,19.75122,19.97926,19.95678
1661,18.56886,20.11450,20.09238,18.58710,19.88666,19.90317,18.62647,19.71819,19.68728,18.64094,18.73818,18.44741,18.52808,19.51058,19.42457,18.77435,19.29210,19.32084,19.42286,18.83722,19.54261,18.80866,19.62716,19.90336,19.60593,19.64197,19.81484,20.02052,20.09852
1662,18.64669,20.33137,20.32899,18.60080,20.11122,20.09738,18.72175,19.93127,19.94709,18.73633,18.83421,18.42677,18.55200,19.87344,19.85141,18.84482,19.69371,19.72156,19.92980,19.11481,19.85544,19.09292,19.86454,20.20999,19.87079,19.99355,20.03256,20.19492,20.34537
1663,18.61872,20.49712,20.50449,18.47487,20.28117,20.23968,18.66311,20.09415,20.14287,18.73958,18.90012,18.23014,18.40606,20.14585,20.15007,18.85694,19.87037,19.83890,20.22290,19.16298,20.09948,19.16376,20.05084,20.42672,20.07323,20.22040,20.20584,20.33334,20.51176
1664,18.39522,20.71932,20.77251,18.23732,20.55793,20.47111,19.16192,20.36824,20.47430,18.59212,19.58832,17.90833,18.12140,20.51017,20.58097,18.85704,20.53453,20.55542,20.68445,20.12908,20.42959,20.11569,20.34405,20.80669,20.39243,20.62934,20.48082,20.54359,20.70463
1665,18.24213,21.13607,21.26329,18.30858,21.02012,20.83542,20.57767,20.77069,20.95518,18.37301,20.81145,17.87888,18.04932,20.95788,21.04162,18.98201,21.15579,21.33269,21.18713,21.12862,20.83092,21.20390,20.73669,21.35662,20.82721,21.19945,20.89207,20.89895,21.12370
1666,18.43206,21.62691,21.84131,18.56074,21.55152,21.25667,21.50056,21.22090,21.49823,18.29739,21.57709,18.05559,18.31196,21.48852,21.57292,19.13628,21.76749,22.04948,21.77931,21.82415,21.30569,21.99584,21.18058,22.03221,21.33041,21.85526,21.35655,21.31386,21.61423
1667,18.80250,22.24565,22.58740,18.78165,22.23110,21.78312,22.32526,21.78500,22.20226,18.50722,22.41603,18.22745,18.57640,22.23522,22.34577,19.32002,22.61982,23.05217,22.65918,22.71305,21.95521,22.98512,21.75372,22.95442,21.99905,22.74158,21.95601,21.82335,22.20237
1668,19.03369,23.02800,23.47593,18.93852,23.04037,22.44078,22.98439,22.47227,23.00054,18.83605,23.16795,18.36371,18.71590,23.07652,23.19929,19.51046,23.51034,24.01504,23.57658,23.58533,22.71037,23.89216,22.44444,23.86791,22.77145,23.67213,22.67222,22.46931,22.96390
1669,19.08173,23.59837,24.05441,19.11369,23.54890,22.91819,23.33678,22.96628,23.48870,19.09909,23.65357,18.54372,18.85199,23.63070,23.75381,19.68282,24.08066,24.54212,24.16462,24.16409,23.23223,24.42658,22.92260,24.42746,23.30210,24.22322,23.14023,22.96611,23.55799
1670,19.16975,23.90663,24.29418,19.09145,23.76471,23.17287,23.20411,23.18196,23.67233,19.14456,24.03484,18.56723,18.89015,23.76169,23.84842,19.74930,24.13131,24.43937,24.17160,24.28954,23.41705,24.45194,23.13386,24.51446,23.49515,24.26854,23.36024,23.25980,23.86578
1671,19.14656,24.15022,24.48876,19.15171,23.95940,23.40439,23.79162,23.41135,23.84132,19.20877,24.07181,18.65033,18.89591,23.90090,23.96084,19.89382,24.21595,24.45066,24.24581,24.31027,23.59255,24.42848,23.34650,24.60850,23.70470,24.40269,23.55701,23.51723,24.12937
1672,19.38957,24.28986,24.59934,19.34225,24.13423,23.57395,24.36176,23.61948,23.95823,19.24325,24.27334,18.81789,19.08899,24.01115,24.00744,20.06295,24.24304,24.46165,24.26472,24.38804,23.70503,24.50604,23.53116,24.72307,23.93359,24.54620,23.73111,23.70151,24.26850
1673,19.53321,24.18722,24.43841,19.62331,24.00607,23.47587,23.70544,23.48146,23.69646,19.37938,23.99244,19.11765,19.28985,23.67971,23.55595,20.29680,23.71247,23.76356,23.70949,23.86433,23.44545,23.87992,23.39817,24.35598,23.76399,24.11891,23.60868,23.64894,24.15153
1674,19.36192,23.64654,23.76237,19.44813,23.37099,23.00811,20.30103,22.92590,23.02954,19.40917,22.05612,18.97539,19.18487,22.82402,22.66248,20.18245,22.80028,22.64959,22.57924,23.11791,22.74944,23.03861,22.84028,23.43295,23.06158,23.11114,23.04706,23.23066,23.56585
1675,19.08969,22.95765,22.93239,19.20994,22.59964,22.46000,20.94314,22.26658,22.29663,19.24990,21.65968,18.83697,18.93210,22.01757,21.80268,20.01160,21.75427,21.53077,21.65882,21.94083,22.04334,21.80090,22.20543,22.47449,22.28373,22.12304,22.40309,22.69955,22.86016
1676,19.14880,22.81416,22.78738,19.57890,22.49731,22.38549,21.82824,22.19801,22.23258,19.12388,21.73617,19.10183,19.17181,22.01056,21.82822,20.30300,21.65965,21.55208,21.74290,21.64514,22.00970,21.55611,22.11693,22.44376,22.17137,22.11721,22.31660,22.59942,22.74379
1677,19.42741,22.64833,22.58431,19.93263,22.40267,22.25165,21.50060,22.10295,22.07641,19.21766,21.51593,19.45071,19.54320,21.90104,21.76979,20.56541,21.63496,21.56194,21.71030,21.53264,21.90518,21.48973,21.97681,22.23219,22.00612,21.97321,22.18261,22.46251,22.62526
1678,19.68378,22.74894,22.74161,20.29656,22.55483,22.32168,20.71791,22.20769,22.18852,19.47403,21.33748,19.73573,19.86380,22.03103,21.92908,20.75412,21.80995,21.80583,21.91913,21.62390,22.02142,21.60438,22.07745,22.38100,22.10149,22.17914,22.30013,22.51838,22.72057
1679,19.74638,22.34628,22.28524,20.07525,22.11351,22.00594,19.98163,21.84094,21.79691,19.59752,20.24555,19.51762,19.84318,21.59232,21.43682,20.60633,21.17189,21.08341,21.37313,20.54258,21.63551,20.51859,21.74220,21.94764,21.74245,21.70088,21.94603,22.20067,22.29823
1680,19.68042,21.52894,21.35322,20.03944,21.22740,21.32803,19.93479,21.10157,20.98356,19.61651,20.22361,19.56015,19.67501,20.71314,20.55495,20.42942,20.37464,20.20956,20.40932,20.26167,20.83645,20.20517,21.00480,21.05339,20.93829,20.72581,21.18564,21.51341,21.49503
1681,19.62733,21.03599,20.82415,20.16247,20.69793,20.90931,19.77979,20.71911,20.49898,19.60536,19.94995,19.77724,19.90586,20.27863,20.19989,20.27795,20.00986,19.87847,20.02712,19.93262,20.41785,19.85874,20.53928,20.51756,20.40600,20.21371,20.71221,21.05051,21.04120
1682,19.76735,20.91081,20.76563,20.12468,20.59543,20.74954,19.90894,20.61629,20.36027,19.63467,19.99196,19.86820,20.05469,20.20800,20.16514,20.15899,20.00975,19.91749,20.03171,19.93483,20.29942,19.88640,20.42411,20.43632,20.25822,20.18447,20.56417,20.87137,20.89473
1683,19.81438,20.50787,20.33958,19.91414,20.17310,20.35669,19.75918,20.19668,19.87285,19.58113,19.57783,19.74086,19.95223,19.64545,19.53635,19.90028,19.35341,19.17096,19.36803,19.30043,19.80348,19.20875,20.01993,19.92785,19.80153,19.65535,20.13869,20.48046,20.45839
1684,19.76558,20.04021,19.86211,19.68962,19.70829,19.89766,19.80338,19.69717,19.37321,19.56635,19.74981,19.59403,19.76813,19.01417,18.86046,19.65099,18.76747,18.62656,18.69721,19.25689,19.22166,19.24078,19.52290,19.44302,19.29739,19.14047,19.66812,20.03788,19.98223
1685,19.61456,19.46271,19.26110,19.44301,19.12765,19.37458,19.54773,19.15583,18.80699,19.54278,19.41904,19.44841,19.53870,18.37034,18.24650,19.34903,18.35128,18.12123,18.04905,18.90759,18.63192,18.77596,18.96215,18.83551,18.70476,18.51656,19.11636,19.50492,19.40867
1686,19.45632,19.25437,19.04989,19.26202,18.92351,19.16616,18.50049,19.01812,18.64356,19.42062,18.34447,19.28537,19.33778,18.31442,18.26489,19.21251,18.03012,17.86704,18.02082,18.06344,18.58949,17.94405,18.80223,18.56091,18.50931,18.35397,18.89673,19.29006,19.26330
1687,19.29382,19.20137,19.05925,19.16815,18.88795,19.06922,18.97143,18.96573,18.60176,19.28835,18.66858,19.17092,19.21953,18.34097,18.31379,19.15017,18.14582,18.10868,18.18561,18.28733,18.56443,18.28445,18.77211,18.60636,18.50172,18.46071,18.82154,19.17010,19.22826
1688,19.21719,19.16345,19.06691,19.10295,18.86818,19.01817,19.14531,18.89155,18.58462,19.20833,19.15023,19.09830,19.15133,18.34697,18.30301,19.05492,18.60679,18.57730,18.28745,19.06686,18.46800,19.05929,18.69359,18.66660,18.49396,18.52914,18.78211,19.08872,19.19419
1689,19.06410,18.87548,18.75363,18.96053,18.55666,18.72315,19.01487,18.51063,18.29302,19.08743,19.00296,18.97816,19.02116,18.01834,18.21763,18.90117,18.62904,18.56869,18.13814,18.89021,18.05672,18.88338,18.29488,18.37449,18.18363,18.16984,18.51758,18.80462,18.90965
1690,18.87194,18.29733,18.10416,18.77373,17.99630,18.22416,18.77159,17.95922,17.81585,18.88048,18.65271,18.77172,18.84513,17.52646,17.69302,18.70261,18.00478,17.90017,17.59784,18.25439,17.57793,18.21286,17.79119,17.80593,17.70861,17.55713,18.06922,18.30703,18.31650
1691,18.68840,17.74257,17.50544,18.57670,17.46338,17.79142,17.53773,17.54280,17.41238,18.74651,17.48608,18.62922,18.60702,17.15114,17.15250,18.47623,17.19001,17.08121,17.05391,17.27924,17.24838,17.20696,17.43734,17.23187,17.28630,17.04724,17.60565,17.84056,17.78975
1692,18.38549,17.74465,17.59567,18.46173,17.52114,17.73727,16.99008,17.60648,17.45567,18.62228,17.17824,18.50712,18.41720,17.25468,17.31290,18.38009,17.24531,17.21595,17.25002,17.19127,17.37849,17.16353,17.45192,17.27010,17.31009,17.19836,17.56246,17.80128,17.76776
1693,18.34290,18.29435,18.28360,18.56560,18.15116,18.19088,17.71594,18.15721,18.06991,18.56798,17.96819,18.54807,18.50325,17.97166,18.13388,18.54260,18.16306,18.28623,18.15431,18.11233,18.01324,18.19691,18.01906,18.03064,17.91920,18.05871,18.09743,18.23544,18.29880
1694,18.51519,18.92613,19.02598,18.70494,18.82474,18.69760,18.72675,18.70985,18.72522,18.58261,18.82802,18.63131,18.66926,18.71194,18.86009,18.69957,19.00150,19.19164,18.96050,18.99356,18.64777,19.13824,18.62837,18.87896,18.60758,18.94695,18.71274,18.74061,18.96277
1695,18.72572,19.33343,19.49560,18.80231,19.26011,19.04044,18.94451,19.09109,19.16124,18.67749,19.11153,18.69158,18.79639,19.26392,19.40640,18.77464,19.58235,19.82953,19.58532,19.51034,19.10916,19.62698,19.03275,19.46739,19.11012,19.53001,19.11814,19.08514,19.39940
1696,18.80751,19.42732,19.62004,18.77734,19.37464,19.12013,19.51379,19.19150,19.22697,18.73265,19.53556,18.69195,18.81525,19.27693,19.29988,18.77095,19.46470,19.61713,19.44465,19.55055,19.14431,19.65410,19.12158,19.52341,19.22037,19.56245,19.19216,19.17312,19.44616
1697,18.86697,19.55908,19.78615,18.78637,19.55755,19.24835,19.37679,19.30120,19.36270,18.79136,19.64440,18.71011,18.80821,19.42688,19.41371,18.78604,19.54143,19.68355,19.54767,19.65144,19.27069,19.74024,19.23805,19.73815,19.39495,19.71751,19.33336,19.29253,19.54112
1698,18.97087,19.94400,20.23643,18.86649,19.97422,19.58941,19.93263,19.64493,19.78690,18.93632,19.96725,18.79289,18.91203,19.88701,19.85596,18.91277,20.00311,20.22325,20.03791,20.06593,19.67848,20.19587,19.58500,20.24289,19.76533,20.20543,19.70122,19.62175,19.91584
1699,19.19040,20.36709,20.68725,18.99873,20.42530,19.96857,20.47288,20.05648,20.21052,19.08954,20.47015,18.90792,19.05776,20.37523,20.30831,19.08205,20.47989,20.71992,20.51600,20.56242,20.11546,20.72130,20.02959,20.76074,20.24070,20.73513,20.14637,19.99345,20.35290
1700,19.40478,20.65345,20.95474,19.15576,20.73900,20.27058,20.60980,20.34677,20.50381,19.23425,20.71892,19.03276,19.19994,20.72781,20.63037,19.21080,20.79365,20.98409,20.84773,20.79354,20.46128,20.89371,20.39643,21.06931,20.63426,21.02196,20.49930,20.27788,20.63814
1701,19.37854,20.87630,21.17722,19.20899,20.91789,20.45012,19.54953,20.49677,20.66216,19.31715,20.52347,19.08246,19.19543,20.86269,20.81581,19.25980,20.90172,20.99099,20.97609,20.73155,20.64629,20.70800,20.54948,21.13497,20.78644,21.07419,20.64706,20.47382,20.83915
1702,19.29474,21.08999,21.38469,19.24097,21.11424,20.64549,19.32963,20.66020,20.82586,19.38375,19.68777,19.13042,19.21794,20.98473,20.93330,19.33793,20.84149,20.89423,21.02404,20.37797,20.82887,20.35252,20.72089,21.22661,20.91662,21.14051,20.85988,20.67263,21.03094
1703,19.11156,20.42255,20.54186,19.12244,20.28754,20.05731,19.15224,19.96748,20.02793,19.19114,19.21387,19.03704,19.10747,19.87880,19.71564,19.13769,19.36221,19.30420,19.59836,19.15330,19.90887,19.14961,20.00109,20.20791,20.07714,19.95984,20.08759,20.18278,20.30496
1704,18.98589,19.93472,19.88236,18.98329,19.67113,19.68031,18.72707,19.51209,19.47993,19.01540,18.69613,18.92250,19.00125,19.26171,19.10696,18.97494,18.80657,18.61633,18.91654,18.62237,19.38355,18.53788,19.53484,19.43680,19.47600,19.21769,19.59408,19.82570,19.83763
1705,18.98901,19.95567,19.91029,18.97708,19.71522,19.73783,18.68578,19.60702,19.54707,19.02273,18.90417,18.91577,18.97778,19.45800,19.42105,18.99378,19.24893,19.14906,19.29488,19.09661,19.53597,19.02190,19.54969,19.44802,19.49350,19.34116,19.64403,19.85248,19.86183
1706,18.97269,19.99729,19.98861,18.99431,19.80105,19.77698,18.93483,19.69042,19.61246,19.01903,19.14203,18.91039,18.98557,19.53718,19.52454,18.99273,19.39754,19.36404,19.44139,19.34909,19.58877,19.32424,19.58637,19.57985,19.54298,19.50190,19.70432,19.87846,19.89705
1707,18.88960,19.76961,19.72357,18.90003,19.53610,19.55574,18.85469,19.45019,19.29967,18.90028,18.87267,18.84188,18.90881,19.15284,19.08677,18.86771,18.93210,18.79137,18.96147,18.85617,19.23824,18.78207,19.33184,19.21744,19.23494,19.11994,19.45235,19.66787,19.66181
1708,18.81457,19.58802,19.51550,18.78891,19.30829,19.35816,18.76554,19.22860,19.02386,18.80142,18.67151,18.77269,18.82588,18.79256,18.70886,18.78058,18.50772,18.35147,18.54403,18.45739,18.93407,18.38248,19.09890,18.92623,18.95144,18.80925,19.22209,19.48427,19.48814
1709,18.75390,19.31600,19.19019,18.71726,19.02662,19.13917,18.73963,18.99804,18.76351,18.73918,18.70836,18.71623,18.74565,18.47676,18.38570,18.71945,18.29750,18.21100,18.23375,18.51740,18.63742,18.51101,18.86366,18.65663,18.70875,18.55384,18.97767,19.26480,19.23551
1710,18.70641,19.22520,19.09032,18.68500,18.94368,19.05325,18.64246,18.90621,18.68542,18.70111,18.63785,18.65975,18.69516,18.39585,18.30386,18.68480,18.33744,18.27595,18.19302,18.50087,18.51768,18.48237,18.75853,18.54893,18.63399,18.49393,18.91295,19.17973,19.14962
1711,18.66742,19.25458,19.14565,18.66760,19.00215,19.10734,18.36841,18.97098,18.77017,18.67146,18.37743,18.61674,18.65398,18.59969,18.53709,18.68788,18.40103,18.33240,18.42163,18.35138,18.71615,18.32149,18.85748,18.60108,18.70867,18.59509,18.98203,19.20473,19.16393
1712,18.64768,19.27836,19.17894,18.68742,19.03949,19.15486,18.48159,19.05371,18.83948,18.68807,18.52663,18.62967,18.66125,18.74265,18.74019,18.69562,18.62063,18.58066,18.63462,18.56530,18.85673,18.54249,18.94625,18.70076,18.78870,18.72480,19.01228,19.22235,19.21490
1713,18.65747,19.48421,19.42552,18.70848,19.24103,19.30087,18.55556,19.20543,19.01231,18.67875,18.56864,18.64091,18.69224,18.92820,18.94069,18.72426,18.83228,18.83616,18.87814,18.70740,19.01959,18.70792,19.09090,18.89312,18.95123,18.94997,19.16480,19.36860,19.44523
1714,18.75606,19.88500,19.89740,18.77935,19.66493,19.61062,18.64778,19.52642,19.41879,18.74798,18.86262,18.70206,18.74898,19.39334,19.44560,18.84761,19.38706,19.49148,19.45459,19.21483,19.41562,19.27922,19.42543,19.38333,19.33036,19.46028,19.52710,19.68397,19.86856
1715,18.81629,20.22502,20.28134,18.86546,20.00477,19.88174,19.15911,19.81347,19.76016,18.82181,19.47652,18.76086,18.80176,19.77953,19.86435,18.94850,19.86220,20.03319,19.92207,19.79225,19.74283,19.89463,19.70656,19.82981,19.66083,19.89882,19.82959,19.96061,20.24273
1716,18.86233,20.50819,20.61338,18.89033,20.29743,20.11000,19.66704,20.06748,20.06070,18.85603,19.89428,18.78698,18.84732,20.09015,20.16772,19.03204,20.21056,20.36845,20.26712,20.11977,20.01422,20.19780,19.94959,20.22278,19.94811,20.26305,20.08125,20.19143,20.52166
1717,18.84079,20.51718,20.58844,18.83528,20.26474,20.10618,19.19652,20.02146,20.00445,18.84781,19.75081,18.75510,18.78397,20.00788,20.05439,19.01393,20.04231,20.06240,20.10159,19.88139,19.96461,19.83626,19.91371,20.11749,19.91205,20.10389,20.05856,20.20369,20.51087
1718,18.76149,20.38164,20.36241,18.74269,20.08721,20.01628,19.07338,19.90035,19.84014,18.80673,19.60209,18.67540,18.71020,19.80658,19.83691,18.92313,19.79913,19.71271,19.80977,19.67362,19.81501,19.62139,19.80244,19.83734,19.77126,19.82311,19.94360,20.12861,20.37651
1719,18.67894,20.20886,20.12361,18.64759,19.92994,19.93891,19.49592,19.83093,19.70993,18.71212,19.45498,18.58964,18.64221,19.64903,19.68097,18.84750,19.66969,19.53693,19.61446,19.57107,19.71069,19.47218,19.73859,19.52605,19.66157,19.59557,19.84755,20.04034,20.16044
1720,18.63596,20.06677,19.94563,18.56594,19.80463,19.85741,19.13274,19.74076,19.56235,18.64458,19.39891,18.52045,18.54260,19.47994,19.50767,18.76999,19.46069,19.31111,19.38551,19.45172,19.58148,19.38025,19.64864,19.25337,19.53760,19.37845,19.74996,19.95871,19.98398
1721,18.37056,19.43590,19.17668,18.30023,19.12213,19.26297,18.79342,19.10012,18.75793,18.40521,18.59911,18.29319,18.30036,18.55849,18.48279,18.47814,18.35313,17.96799,18.25062,18.32571,18.76823,18.12916,18.97189,18.25059,18.79830,18.38963,19.07184,19.41811,19.36135
1722,18.12071,18.37104,18.00215,17.92287,18.14364,18.36724,17.73241,18.19791,17.68602,18.15990,17.39935,17.94725,18.01196,17.49692,17.38141,18.04014,17.19405,16.71094,17.11538,17.11835,17.79425,16.80905,18.06589,17.13538,17.86784,17.30929,18.08799,18.51768,18.28052
1723,17.92337,17.72868,17.34367,17.64016,17.58588,17.87666,16.87947,17.72047,17.11594,17.98950,16.71142,17.68297,17.73219,17.01255,16.93757,17.74544,16.69342,16.28402,16.67437,16.56442,17.36288,16.27402,17.58365,16.54525,17.36791,16.77916,17.55543,17.98321,17.63725
1724,17.74504,17.29904,16.90373,17.44996,17.16086,17.51774,17.29462,17.34443,16.72065,17.80886,16.78784,17.51382,17.55740,16.55417,16.43789,17.52656,16.20039,15.84857,16.13718,16.23600,16.89192,16.15724,17.20461,16.08733,16.94772,16.33579,17.17832,17.61094,17.20938
1725,17.50508,16.69185,16.26129,17.11709,16.54236,16.97071,17.25176,16.78258,16.11911,17.55768,16.67781,17.17246,17.27242,15.85782,15.67132,17.20825,15.45331,15.09457,15.32720,15.67533,16.17091,15.64047,16.62054,15.38534,16.32814,15.70077,16.60613,17.05233,16.60289
1726,17.18813,16.25562,15.83621,16.70823,16.10245,16.56759,16.86968,16.38066,15.72496,17.29707,16.15699,16.75571,16.88716,15.43612,15.20167,16.86496,15.00342,14.63745,14.87012,15.11820,15.71932,15.07205,16.20650,14.91151,15.90738,15.27830,16.25525,16.62669,16.15742
1727,16.89173,15.97092,15.55165,16.40091,15.81111,16.29753,15.36780,16.12162,15.50414,17.02402,14.96134,16.48963,16.55928,15.29045,15.09247,16.56392,14.80675,14.44361,14.79300,14.67018,15.59409,14.48058,15.98807,14.61874,15.64617,14.98956,16.06163,16.34175,15.88094
1728,16.78301,15.81084,15.43352,16.27562,15.68744,16.11521,15.13380,15.90973,15.48297,16.84950,14.82359,16.39199,16.42645,15.28379,15.13945,16.36873,14.87023,14.66560,14.92190,14.74067,15.54885,14.64311,15.85249,14.68387,15.49801,14.96336,15.93234,16.14921,15.76446
1729,16.63483,15.80389,15.48332,16.19792,15.71653,16.11299,14.82299,15.90809,15.60166,16.77579,15.04836,16.27434,16.22836,15.46058,15.43637,16.28652,15.19905,15.07222,15.25332,15.07181,15.69233,14.99993,15.89365,14.84491,15.53571,15.09009,15.95398,16.10570,15.78650
1730,16.13373,15.56056,15.24323,16.02663,15.45658,15.88028,14.94689,15.68324,15.35884,16.49880,15.00793,16.14453,15.96609,15.20377,15.29191,16.10871,15.11624,14.87950,15.06115,14.97747,15.51597,14.84454,15.65762,14.55503,15.29072,14.77457,15.66951,15.88108,15.53264
1731,15.74071,15.13615,14.80642,15.85978,15.08035,15.48991,14.72031,15.29628,14.92702,16.05794,14.66702,16.03865,15.81882,14.68320,14.81608,15.91095,14.61607,14.27234,14.51717,14.51469,15.09461,14.30042,15.23596,14.02257,14.83617,14.22022,15.22678,15.51232,15.03220
1732,15.50495,14.49657,14.13603,15.67363,14.46393,14.91135,13.90980,14.73929,14.34151,15.70331,13.87067,15.91283,15.58516,14.01693,14.20868,15.69839,13.95598,13.57217,13.83532,13.78955,14.48621,13.53782,14.62755,13.28314,14.17436,13.49099,14.59949,14.94775,14.34589
1733,15.38973,14.44498,14.12128,15.68042,14.35997,14.74986,15.30828,14.62336,14.23089,15.71631,14.58320,15.87441,15.56207,13.99778,14.11429,15.69454,13.84698,13.74765,13.88914,13.85374,14.33699,13.87352,14.48128,13.34697,14.04021,13.65663,14.50601,14.78679,14.38637
1734,15.47956,14.68938,14.48247,15.81138,14.63202,14.88322,14.33492,14.82841,14.48775,15.72873,14.30969,15.89100,15.64276,14.44524,14.59210,15.73739,14.46026,14.45461,14.46635,14.33424,14.65308,14.36414,14.71258,13.90056,14.35969,14.27340,14.70224,14.88521,14.70029
1735,15.46155,14.64554,14.49663,15.77879,14.61906,14.80182,15.31127,14.74436,14.42853,15.68050,14.49447,15.85094,15.70539,14.42558,14.49644,15.67534,14.35375,14.34824,14.41205,14.29020,14.58948,14.30833,14.67725,13.97998,14.42585,14.31002,14.61387,14.79441,14.63804
1736,15.58987,14.73234,14.63662,15.83109,14.68928,14.79966,15.65279,14.72794,14.47108,15.57709,15.43229,15.89124,15.78488,14.42900,14.39424,15.69017,14.47247,14.44481,14.36005,15.02165,14.54066,15.03804,14.66026,14.06820,14.45840,14.33409,14.62910,14.82234,14.72200
1737,15.67218,14.74264,14.66474,15.78328,14.68653,14.75590,15.68706,14.67750,14.45561,15.58744,15.56297,15.88932,15.80807,14.34873,14.49753,15.63940,15.15287,15.04750,14.39283,15.49214,14.40963,15.48056,14.57336,14.07003,14.41640,14.29101,14.61034,14.81018,14.72820
1738,15.51727,13.98869,13.77994,15.60188,13.84721,14.01725,15.53993,13.84890,13.54705,15.36579,15.35455,15.63149,15.65822,13.27233,13.76254,15.43416,14.38768,14.20159,13.45547,15.06960,13.44857,15.05614,13.66149,13.06810,13.53653,13.21193,13.83359,14.12506,13.94386
1739,15.25702,12.60193,12.23777,14.96844,12.41519,12.75685,15.25573,12.53988,12.10849,15.12937,15.05870,14.84856,15.23392,11.69467,12.50703,14.89035,13.62094,13.45311,12.10053,14.66243,12.03593,14.66233,12.27162,11.45150,12.12075,11.66841,12.53867,12.86423,12.55040
1740,14.79399,11.63617,11.25898,14.13349,11.57846,11.93668,13.80160,11.77390,11.26751,14.84925,13.18378,14.08544,14.49065,10.93400,11.17990,14.11892,11.69340,11.55647,10.87561,12.32078,11.24177,12.39351,11.57217,10.44086,11.40835,10.95039,11.67517,11.95295,11.60010
1741,14.17722,11.05877,10.69861,13.69428,11.12557,11.43677,11.00816,11.33138,10.74752,14.40031,10.91868,13.71654,13.84738,10.62505,10.54837,13.61113,10.41035,10.12132,10.28808,10.47971,10.91017,10.33084,11.20477,9.84953,10.93165,10.44550,11.13566,11.39855,11.02046
1742,13.60447,10.51655,10.12607,13.25641,10.56960,10.90554,9.93964,10.80787,10.17814,13.84059,9.94885,13.27620,13.29799,10.06397,9.97247,13.22302,9.69537,9.32287,9.70262,9.61164,10.36141,9.39613,10.69138,9.25974,10.37222,9.85790,10.58432,10.86383,10.49921
1743,13.10743,10.12499,9.75100,12.81888,10.16047,10.49787,9.07555,10.39994,9.74448,13.38962,9.29687,12.90884,12.69009,9.68517,9.66576,12.81728,9.36461,9.04740,9.41708,9.18325,10.00966,8.95442,10.27489,8.84463,9.91811,9.41315,10.18031,10.45605,10.11152
1744,12.64010,9.93274,9.59829,12.52396,10.00464,10.31366,9.09597,10.21855,9.57818,13.01115,9.31441,12.75867,12.42085,9.56793,9.61914,12.52433,9.39051,9.12033,9.37406,9.23475,9.89886,9.05734,10.10391,8.73504,9.72951,9.26526,10.01549,10.25661,9.92006
1745,12.52148,9.42056,9.08514,12.25096,9.52165,9.83153,8.77425,9.72914,9.04840,12.59219,8.88391,12.54336,12.29410,9.03149,9.09477,12.13144,8.88839,8.54703,8.82848,8.75803,9.40564,8.53532,9.61912,8.21518,9.23993,8.73232,9.50970,9.78597,9.41017
1746,12.20178,8.92959,8.65874,11.96889,9.10877,9.36613,8.33950,9.27124,8.56673,12.44297,8.44035,12.12763,11.96581,8.57527,8.64475,11.81798,8.43614,8.10387,8.37636,8.31038,8.95369,8.08888,9.15791,7.77320,8.79218,8.31487,9.01846,9.31737,8.92315
1747,11.78155,8.58963,8.37433,11.71913,8.79588,9.02139,7.97838,8.91778,8.20774,12.07630,8.05658,11.88188,11.70788,8.21261,8.28047,11.59025,8.06688,7.71152,7.99474,7.92471,8.59384,7.69510,8.80128,7.40916,8.42686,7.95924,8.66458,8.96945,8.58467
1748,11.60557,8.25364,8.03135,11.47069,8.43520,8.68150,7.55680,8.55968,7.80706,11.72756,7.62882,11.64651,11.41857,7.78294,7.86001,11.35986,7.61600,7.20255,7.52654,7.47601,8.21439,7.20615,8.42831,6.90789,8.00229,7.45219,8.31286,8.63940,8.24832
1749,10.96121,7.56881,7.31154,11.12217,7.70985,8.01457,6.68040,7.86027,7.06386,11.33373,6.76573,11.34806,10.97034,6.96648,7.08583,10.95976,6.79714,6.32494,6.69015,6.62540,7.47885,6.30769,7.70445,5.99997,7.19283,6.50278,7.63807,8.00566,7.52140
1750,10.12531,6.92155,6.70757,10.80611,7.07112,7.38128,5.97669,7.20924,6.50556,10.78897,6.15104,11.01866,10.62342,6.31739,6.53042,10.44191,6.26701,5.84669,6.13979,6.08099,6.83599,5.79885,7.08147,5.33910,6.52412,5.80555,7.04754,7.38619,6.79914
1751,9.75885,6.49681,6.29622,10.58550,6.66007,6.95106,5.67210,6.78653,6.18366,10.22110,5.82859,10.71383,10.38961,5.87506,6.16913,9.82786,5.92688,5.51996,5.75914,5.75455,6.41658,5.49069,6.68310,4.90477,6.09113,5.33500,6.64636,6.97516,6.31187
1752,9.48976,6.13084,5.88066,10.33608,6.25461,6.54642,5.46929,6.40421,5.87389,9.81944,5.54906,10.36581,10.24268,5.43863,5.79667,9.16374,5.57325,5.16329,5.37533,5.42547,6.01842,5.17398,6.29345,4.53842,5.70467,4.96021,6.26706,6.61648,5.95923
1753,9.62021,6.01150,5.74225,10.10533,6.08697,6.34330,5.47033,6.23218,5.77321,9.60147,5.44225,10.02779,10.25526,5.34735,5.69361,8.29952,5.46676,5.21887,5.36256,5.35233,5.87240,5.18092,6.08214,4.54619,5.56558,4.96842,6.11204,6.44693,5.88370
1754,9.86793,6.00246,5.73374,9.94490,6.02808,6.24393,7.64360,6.13823,5.73006,9.49938,5.54700,9.85615,10.22869,5.34873,5.60653,7.77669,5.42059,5.29545,5.39463,5.32312,5.77562,5.26783,5.93179,4.62600,5.54518,5.07029,6.04749,6.35492,5.91302
1755,9.96010,5.79064,5.51058,9.78531,5.78817,5.99837,5.93674,5.85288,5.45473,9.47472,5.24789,9.71795,10.09442,5.08172,5.25024,7.63777,5.10247,4.90516,5.03540,5.03274,5.44127,4.93053,5.62324,4.39392,5.35665,4.85359,5.79579,6.09854,5.71253
1756,9.75714,5.39821,5.12575,9.51301,5.42324,5.62915,5.07311,5.44970,5.03687,9.45513,4.82824,9.47811,9.84577,4.70631,4.75167,7.27384,4.55938,4.33742,4.54852,4.52689,4.97108,4.39969,5.21852,4.00236,5.01059,4.49870,5.40974,5.70125,5.30258
1757,9.64902,5.31951,5.10226,9.13759,5.38397,5.54004,6.33151,5.37142,5.03975,9.36973,4.88800,9.23083,9.77207,4.76629,4.76828,6.69561,4.56945,4.52260,4.66892,4.57699,4.90288,4.56736,5.16622,4.05703,4.97080,4.56307,5.37023,5.58753,5.20733
1758,9.41145,5.48593,5.33028,8.93695,5.55201,5.67336,4.84635,5.52728,5.27786,9.28810,4.94128,9.11251,9.41155,5.04953,5.12100,6.73743,5.03935,5.00637,5.03498,4.93554,5.19394,4.92817,5.38182,4.34941,5.18191,4.85107,5.55530,5.69648,5.38146
1759,9.12014,5.52512,5.38265,8.93575,5.57790,5.68296,7.75735,5.53128,5.29892,9.10824,6.19681,8.96091,9.49238,5.04078,5.08661,6.84136,4.95322,4.89624,4.98979,5.18034,5.18638,5.20994,5.35400,4.34942,5.19043,4.85511,5.58132,5.71364,5.42675
1760,9.35402,5.47412,5.31011,9.22483,5.51284,5.62562,9.38481,5.45773,5.25009,9.02560,8.82542,9.15612,9.60990,4.95717,4.94321,7.81310,6.03132,5.95714,4.85624,8.44594,5.07533,8.43693,5.25413,4.29280,5.09920,4.74209,5.53505,5.66582,5.37139
1761,9.49780,5.51438,5.35360,9.38865,5.55181,5.69422,7.77072,5.58053,5.39546,9.21725,6.98755,9.30413,9.54767,5.15285,5.19905,8.75276,5.34950,5.39342,5.12273,6.16051,5.27308,6.24205,5.41484,4.45694,5.22518,4.88425,5.61347,5.70069,5.43077
1762,9.25211,5.78807,5.68730,9.19741,5.84272,5.95852,6.17279,5.97385,5.80487,9.17123,5.87173,8.96368,9.23098,5.72162,5.89703,8.00355,5.92731,5.97614,5.87309,5.88344,5.85114,5.92540,5.90957,4.99210,5.65015,5.53041,5.89993,5.92802,5.75613
1763,8.92377,5.95910,5.90814,8.67794,6.04791,6.11910,9.17640,6.17302,5.99779,8.93803,8.64758,8.49257,9.18883,6.12709,6.32226,6.78855,7.20759,7.14280,6.31215,8.21360,6.15487,8.21837,6.12985,5.33014,5.95751,5.84732,6.05557,6.06265,5.96525
1764,9.06009,5.95556,5.93658,8.90234,6.05766,6.13937,9.17151,6.15647,6.00311,8.91545,8.90967,8.77115,9.18219,6.34861,7.62053,7.99786,8.61431,8.50871,7.43884,8.96204,6.38351,8.94978,6.13673,5.41784,6.03925,5.84486,6.08656,6.06541,5.96174
1765,9.07541,5.86274,5.82666,8.98420,5.93767,6.04862,8.67001,6.04748,5.86954,9.02090,8.26445,8.90961,9.08304,6.17922,7.18802,8.71195,7.83478,7.65680,7.01672,8.10964,6.30283,8.00784,6.02719,5.29041,5.90711,5.61479,5.99113,5.98747,5.86932
1766,8.75378,5.51871,5.39468,8.76937,5.54099,5.75135,6.89589,5.73991,5.48149,8.82638,6.62448,8.70580,8.74092,5.48945,5.83540,8.59253,6.17096,5.96689,5.69170,6.38950,5.67661,6.23899,5.70647,4.75484,5.49034,5.00891,5.64469,5.70842,5.50820
1767,8.29447,5.36160,5.20037,8.38026,5.33730,5.61461,5.94415,5.60851,5.37325,8.41588,5.70045,8.26499,8.47117,5.28535,5.49362,7.56361,5.52282,5.37833,5.33369,5.55618,5.51968,5.45099,5.56855,4.57649,5.24366,4.83420,5.47189,5.56966,5.37300
1768,8.10941,5.18332,5.00481,7.67575,5.10361,5.41983,8.26678,5.38166,5.11444,8.04920,7.72583,7.79979,8.23608,5.03772,5.18734,6.56555,5.90961,5.78867,5.03466,7.15791,5.21447,7.15147,5.30216,4.42799,5.01332,4.62188,5.27302,5.38880,5.21733
1769,8.03071,4.87692,4.62568,7.75817,4.73273,5.11066,7.09375,5.05382,4.73692,7.91730,6.53270,7.87328,7.99037,4.56669,4.66987,7.01989,5.00463,4.85127,4.48068,5.84724,4.80578,5.78628,4.96037,3.98173,4.65023,4.11814,4.96384,5.09710,4.92081
1770,7.61793,4.75642,4.51065,7.75154,4.57111,4.93598,4.43682,4.89345,4.56413,7.79471,4.42596,7.80009,7.67513,4.27000,4.46197,7.06319,4.31533,4.08108,4.23849,4.23561,4.63210,4.09157,4.80032,3.76341,4.44742,3.90839,4.73849,4.95889,4.78761
1771,6.99130,4.59334,4.34141,7.43365,4.40989,4.68462,5.13480,4.63021,4.26365,7.36088,4.23372,7.38646,7.49200,3.88493,4.07508,6.36927,3.90273,3.64374,3.80955,3.86462,4.27077,3.74763,4.49324,3.46005,4.16551,3.63987,4.44038,4.76942,4.58785
1772,6.93281,4.43819,4.14607,7.17119,4.20781,4.44680,7.41054,4.32561,3.91208,7.03927,6.70497,7.07282,7.52365,3.45492,3.48157,5.83067,3.46418,3.30906,3.20615,5.09246,3.77228,5.17815,4.09103,3.11423,3.76635,3.26704,4.21204,4.57091,4.40310
1773,7.01056,4.00708,3.63487,7.07920,3.73646,4.05941,6.39139,3.88713,3.48612,6.87957,5.48504,6.94280,7.41123,2.97552,2.94256,5.59610,2.91101,2.67572,2.66085,4.15616,3.28416,4.13005,3.65624,2.66302,3.33096,2.73999,3.83340,4.18599,3.96376
1774,6.94945,3.64507,3.23493,7.00086,3.36775,3.80125,2.65046,3.62569,3.23558,6.86809,2.70399,6.91762,6.97804,2.80305,2.90515,5.56116,2.66675,2.37989,2.62442,2.52829,3.19246,2.34371,3.47702,2.34694,3.05452,2.42265,3.54909,3.89403,3.59798
1775,6.39792,3.38982,2.98102,6.79934,3.15722,3.55465,2.33958,3.40386,2.91774,6.72949,2.48981,6.72256,6.67614,2.55375,2.74454,5.31753,2.53797,2.23044,2.44589,2.40030,3.01725,2.20762,3.25807,2.08575,2.85493,2.19894,3.25933,3.65957,3.33232
1776,6.15000,3.17959,2.74299,6.64656,2.97859,3.35509,2.15271,3.19569,2.63635,6.48287,2.27771,6.56251,6.44928,2.34539,2.54745,5.14103,2.33404,2.01780,2.23269,2.20379,2.83835,2.00030,3.06284,1.89640,2.62074,1.97815,3.05744,3.45756,3.13220
1777,6.24100,2.95398,2.49234,6.55406,2.79433,3.21083,2.02142,3.06081,2.46613,6.34047,2.17203,6.49494,6.29076,2.23942,2.50003,5.11656,2.28598,1.97934,2.15812,2.14619,2.75982,1.94601,2.94783,1.75022,2.43614,1.82814,2.93352,3.28001,2.92118
1778,6.08414,2.83588,2.36558,6.47878,2.65746,3.13602,2.04167,3.01475,2.44762,6.37889,2.21174,6.42937,6.18384,2.17766,2.54337,5.16108,2.37041,2.08100,2.19455,2.23455,2.71151,2.05323,2.88972,1.68407,2.30521,1.77980,2.89496,3.17813,2.81114
1779,6.33599,2.73958,2.27348,6.43180,2.58811,3.09834,3.03146,3.01097,2.48336,6.29549,2.23635,6.42512,6.15628,2.19777,2.58076,5.56462,2.42204,2.17097,2.26813,2.23439,2.65946,2.11455,2.88575,1.66184,2.28950,1.81421,2.88902,3.09558,2.71054
1780,6.36271,2.47348,2.04068,6.03440,2.45608,2.97483,2.41431,2.91597,2.49119,6.33327,2.46732,6.14908,6.02128,2.31868,2.64775,5.02606,2.60313,2.41314,2.39718,2.51387,2.74030,2.41068,2.85507,1.68754,2.27562,1.88516,2.77248,2.89004,2.49964
1781,5.71102,2.36772,1.99983,5.16015,2.25482,2.86134,2.58641,2.83670,2.43332,6.16305,2.51007,5.71262,5.70961,2.31522,2.69896,4.71342,2.62068,2.43848,2.41443,2.55353,2.75582,2.45330,2.76276,1.61829,2.22366,1.91509,2.61962,2.78444,2.44621
1782,5.80264,2.61000,2.31758,5.02676,2.46956,3.03970,2.76070,3.08108,2.72051,5.69333,2.90333,5.59154,5.33853,2.64050,3.10997,4.89975,3.09926,2.99382,2.87713,3.03879,3.03282,2.99152,3.01265,1.93517,2.53573,2.35946,2.80934,2.96565,2.72340
1783,5.71884,2.99988,2.81800,5.19122,2.86180,3.31516,3.43385,3.41320,3.14760,5.29180,3.53184,5.60758,5.15298,3.08675,3.54827,5.05847,3.66012,3.62433,3.40422,3.66999,3.40589,3.67135,3.40176,2.45283,3.02533,2.96264,3.11737,3.25081,3.13060
1784,5.48889,3.39456,3.30694,5.37704,3.27500,3.59543,4.08098,3.73999,3.57325,5.41539,4.10375,5.70234,5.26395,3.59633,3.99492,5.22591,4.15740,4.20269,3.92804,4.21996,3.82930,4.26599,3.78239,2.98197,3.53196,3.48272,3.43789,3.54677,3.54208
1785,5.51798,3.56774,3.52280,5.57313,3.47129,3.73885,4.87630,3.89758,3.76994,5.73616,4.35484,5.83241,5.45609,3.87294,4.25313,5.39875,4.43078,4.49414,4.23435,4.43386,4.02989,4.46018,3.95820,3.23096,3.74613,3.60679,3.60573,3.68118,3.71201
1786,5.62178,3.88357,3.89494,5.75626,3.82892,3.99460,4.69673,4.17583,4.09703,5.79785,4.69334,5.93242,5.60125,4.16473,4.52436,5.47519,4.71968,4.79707,4.50729,4.80334,4.32724,4.86807,4.26157,3.61319,4.08770,3.98305,3.89608,3.94416,4.01401
1787,5.63934,4.03494,4.01993,5.73039,3.98311,4.11261,4.91895,4.30248,4.19630,5.72842,4.77432,5.92073,5.72957,4.21804,4.52903,5.39172,4.67351,4.62880,4.42646,4.75548,4.41115,4.76298,4.39307,3.71530,4.21902,4.01705,4.02403,4.09702,4.16759
1788,5.56390,3.89573,3.79393,5.57388,3.81767,4.01564,4.77940,4.19482,3.98227,5.54166,4.38974,5.79998,5.66158,3.92693,4.23209,5.26368,4.25627,4.05132,4.01772,4.28144,4.20477,4.19109,4.23984,3.42411,3.96845,3.60979,3.88185,4.01924,4.01811
1789,5.61198,3.94417,3.82666,5.61348,3.86261,4.09947,5.53135,4.26680,4.00770,5.44566,5.15421,5.80032,5.66298,4.04351,4.35034,5.28944,4.42390,4.35184,4.19114,4.84897,4.28764,4.85649,4.25882,3.45155,3.93233,3.61148,3.95519,4.06870,4.07195
1790,5.64034,3.87069,3.72645,5.76481,3.79607,4.10995,5.50427,4.25564,3.94345,5.45959,5.34130,5.87723,5.73125,4.03741,4.34587,5.48684,4.86807,4.76752,4.20986,5.34082,4.26618,5.32623,4.21172,3.38519,3.84955,3.50976,3.96411,4.02422,3.98651
1791,5.69472,3.91877,3.77265,5.81341,3.92932,4.24171,5.44100,4.39328,4.15008,5.50324,5.25708,5.81986,5.82493,4.32541,4.62222,5.39695,4.87443,4.86923,4.58456,5.20291,4.46883,5.16439,4.40814,3.63216,4.06122,3.86650,4.16779,4.09724,4.06707
1792,5.63281,3.86008,3.71537,5.49643,4.00772,4.22786,5.66206,4.34467,4.09567,5.43243,5.43219,5.65543,5.74522,4.39548,4.61439,5.04553,4.96000,4.87535,4.54356,5.31731,4.44594,5.30408,4.37377,3.61280,4.15312,3.85231,4.20122,4.06918,4.00988
1793,5.49807,3.23357,2.99966,5.41942,3.33067,3.60795,5.43184,3.62393,3.24361,5.44529,5.29455,5.53576,5.49856,3.38891,3.98169,5.13310,4.66484,4.50776,3.69033,5.16106,3.57795,5.14241,3.58931,2.75153,3.39417,2.86201,3.49288,3.51170,3.36288
1794,5.31036,2.81542,2.57227,5.37711,2.94763,3.21802,4.83733,3.21129,2.82573,5.29978,4.58333,5.32838,5.33185,2.85375,3.34336,5.24801,3.83737,3.68646,3.10533,4.28987,3.09616,4.24815,3.16094,2.23985,2.90896,2.36569,3.10309,3.14211,2.93501
1795,5.13815,2.69051,2.42392,5.25662,2.81621,3.13398,3.18554,3.13218,2.81271,5.18824,3.19827,5.16043,5.01100,2.77500,3.00670,5.04499,3.02750,2.87655,2.81292,3.07752,3.05159,2.98631,3.11866,2.11727,2.73800,2.25179,3.03361,3.02922,2.84154
1796,4.80684,2.53712,2.26394,5.04988,2.70361,3.00628,2.80331,3.01774,2.73999,5.03953,2.83179,5.03176,4.86895,2.57238,2.83230,4.69331,2.77992,2.58300,2.62357,2.74468,2.91369,2.62923,3.00735,1.96517,2.57197,2.09510,2.93013,2.88783,2.68183
1797,4.39966,2.37414,2.09246,4.91679,2.54874,2.84590,3.58944,2.85655,2.53509,4.73966,3.14035,4.95890,4.86748,2.32462,2.56887,4.72417,2.48618,2.29899,2.34374,2.63104,2.68281,2.56804,2.82605,1.74553,2.36706,1.86683,2.76767,2.73636,2.51318
1798,4.58749,2.07039,1.74900,4.78653,2.20811,2.52355,4.66462,2.50744,2.09486,4.49898,4.25842,4.78967,4.82956,1.86027,1.95899,4.66710,2.15503,2.04591,1.72845,3.52159,2.13555,3.53065,2.37248,1.30173,1.98088,1.41282,2.41222,2.43983,2.20525
1799,4.53788,1.68860,1.31922,4.66948,1.77643,2.18171,2.05654,2.15640,1.69525,4.54278,1.76571,4.70106,4.56850,1.42768,1.55856,4.55043,1.39211,1.10883,1.29218,1.38377,1.80903,1.23878,2.07077,0.78176,1.65571,0.91179,2.05661,2.09250,1.80572
1800,4.14371,1.70782,1.37908,4.64678,1.89818,2.27756,1.55927,2.31033,1.93062,4.53188,1.73590,4.57059,4.37450,1.89117,2.15932,4.38918,2.04918,1.93403,1.93416,1.88274,2.23076,1.80357,2.28568,1.01766,1.78949,1.29470,2.18648,2.11341,1.86376
1801,4.01233,1.69965,1.44109,4.48389,2.01911,2.26920,3.41276,2.32427,1.91818,4.27740,1.97679,4.45099,4.52934,1.94334,2.15123,4.09764,2.01158,1.89404,1.97215,1.77297,2.20869,1.72576,2.26349,1.06173,1.80939,1.37019,2.19104,2.10365,1.88151
1802,4.08785,1.23687,0.92283,4.36835,1.50755,1.84583,1.35258,1.86715,1.45490,4.03155,1.33802,4.35904,4.25383,1.32027,1.56560,4.03496,1.45502,1.20680,1.31956,1.34437,1.69891,1.18105,1.82486,0.48798,1.34683,0.70403,1.73713,1.69548,1.40679
1803,3.89690,1.49912,1.25371,4.25076,1.80624,2.07459,2.40560,2.14405,1.81165,4.05186,1.88688,4.22193,4.18645,1.90961,2.23697,3.89928,2.13968,2.09200,2.08967,1.83421,2.17522,1.79668,2.13332,0.89934,1.67269,1.33424,2.00784,1.90083,1.70382
1804,4.04963,2.18636,2.14626,4.18572,2.57336,2.59726,3.52650,2.72911,2.48618,4.08495,2.57329,4.30483,4.30356,2.82040,3.08738,4.08628,3.00424,3.11244,3.12666,2.53135,2.86961,2.60202,2.74095,1.76775,2.46979,2.35929,2.58081,2.44897,2.44667
1805,4.14448,2.46081,2.53033,4.34425,2.81956,2.79025,2.85752,2.93056,2.77216,4.17920,2.76250,4.44972,4.27576,3.05072,3.28926,4.31337,3.34840,3.41310,3.34867,3.11188,3.07444,3.16872,2.96234,2.08920,2.75177,2.57899,2.79341,2.67319,2.72457
1806,4.17922,2.52510,2.50124,4.44521,2.73533,2.76500,3.01090,2.85391,2.64263,4.14024,2.92220,4.51150,4.14572,2.64601,2.89059,4.40214,2.97477,2.89372,2.85697,2.96697,2.82758,2.92657,2.82914,1.89030,2.56156,2.23488,2.72395,2.68769,2.77409
1807,4.08547,2.05266,1.88415,4.44501,2.11020,2.30077,3.44690,2.29920,1.92799,4.02580,2.76047,4.44750,4.05041,1.79961,1.91698,4.35968,1.89056,1.63573,1.71430,2.11631,2.04893,2.08258,2.19436,1.15870,1.91883,1.37277,2.16132,2.26643,2.27202
1808,4.03761,1.50525,1.23537,4.30761,1.55121,1.91346,1.48024,1.88965,1.49270,3.97624,1.37131,4.29474,3.81581,1.38633,1.51299,4.28411,1.38688,1.12701,1.29596,1.31479,1.70416,1.13379,1.85641,0.68087,1.46368,0.83443,1.74678,1.83955,1.72750
1809,3.88352,1.45450,1.14892,4.23219,1.49715,1.92127,2.23909,1.91762,1.55086,4.02056,1.49237,4.18875,3.75915,1.53348,1.75849,4.16124,1.63696,1.50640,1.56272,1.46454,1.83523,1.40045,1.87771,0.72987,1.35712,0.91115,1.77044,1.79968,1.68752
1810,3.68243,1.40343,1.08031,4.13674,1.38836,1.84606,1.68493,1.83960,1.46958,3.86071,1.43147,4.17287,3.79963,1.28207,1.61250,4.23829,1.54449,1.38874,1.42799,1.44300,1.63454,1.35698,1.75930,0.66142,1.28276,0.80844,1.69903,1.72891,1.64073
1811,3.64428,1.25259,0.91842,3.98793,1.27532,1.74380,1.41158,1.76959,1.39245,3.75307,1.46188,4.11854,3.69775,1.18458,1.54349,4.17620,1.54423,1.40663,1.34663,1.51047,1.59568,1.41865,1.73067,0.62759,1.23513,0.75785,1.61992,1.59817,1.49518
1812,3.64161,1.18178,0.86748,3.93472,1.31811,1.70675,1.49344,1.76368,1.41157,3.77393,1.50670,4.07535,3.62531,1.19426,1.55731,4.09628,1.53390,1.39457,1.32120,1.52135,1.64145,1.44349,1.74110,0.64858,1.21523,0.77785,1.63037,1.53248,1.42508
1813,3.34232,1.10887,0.78702,3.94881,1.24144,1.66686,1.45045,1.74417,1.42016,3.74852,1.46731,4.03812,3.61543,1.14388,1.57492,3.99235,1.52806,1.35345,1.30436,1.49714,1.63359,1.40460,1.73134,0.64021,1.16601,0.76782,1.59976,1.47139,1.36255
1814,3.23010,1.21926,0.92378,3.98769,1.36733,1.77443,1.52399,1.87303,1.57413,3.62354,1.59467,4.02113,3.69866,1.31281,1.79409,3.95382,1.77766,1.63543,1.54865,1.71158,1.77348,1.63230,1.86118,0.80534,1.29173,0.97736,1.72729,1.56067,1.47933
1815,3.33365,1.36086,1.14169,4.02409,1.66391,1.89734,1.85353,2.02880,1.77040,3.54942,1.91753,4.00175,3.76614,1.53912,1.98648,3.99598,2.03911,1.93201,1.79066,2.02341,1.95117,1.96970,2.01195,1.02404,1.49251,1.23494,1.91293,1.67902,1.64073
1816,3.36143,1.33104,1.13501,4.01396,1.63533,1.86406,2.01828,1.97955,1.77803,3.49378,1.98059,3.94626,3.79755,1.51247,1.92390,4.02220,1.96734,1.84376,1.69966,2.00405,1.94331,1.93909,2.02698,1.04135,1.54717,1.22411,1.89122,1.65177,1.60084
1817,3.37043,1.04919,0.80925,3.96338,1.28899,1.66365,1.83926,1.72395,1.54716,3.43335,1.78686,3.84998,3.77438,1.34835,1.73922,3.92104,1.75102,1.57177,1.46682,1.77379,1.78572,1.68287,1.79801,0.82661,1.35783,0.98534,1.63147,1.45392,1.28843
1818,3.43582,1.00876,0.75684,3.94758,1.25527,1.65422,1.75253,1.69805,1.51805,3.44878,1.78157,3.86256,3.82484,1.46540,1.87668,3.83675,1.89442,1.75835,1.64544,1.86076,1.81749,1.78336,1.74606,0.82214,1.34910,1.03166,1.61098,1.44362,1.24670
1819,3.50209,1.10596,0.89031,3.90094,1.38247,1.71250,1.95803,1.74905,1.61105,3.44289,1.99351,3.85264,3.76647,1.63260,1.97803,3.69675,2.06233,1.96515,1.82812,2.06666,1.86428,2.01508,1.78162,0.97651,1.46401,1.23652,1.70112,1.51291,1.33850
1820,3.47530,1.24518,1.05250,3.82667,1.53523,1.80291,3.08946,1.83869,1.71738,3.49391,2.34525,3.86391,3.82316,1.89922,2.17748,3.61583,2.27678,2.23799,2.11628,2.23161,2.00057,2.21735,1.88051,1.16711,1.65409,1.45149,1.79289,1.63605,1.47312
1821,3.62326,1.62771,1.51429,3.86832,1.99624,2.10529,3.80300,2.17114,2.10011,3.59478,3.08099,3.93530,3.87623,2.42187,2.66705,3.72486,2.76583,2.82534,2.70875,2.68204,2.39954,2.72315,2.22954,1.59872,2.08101,1.94839,2.11637,1.95807,1.87625
1822,3.68962,1.91907,1.90467,3.98756,2.28235,2.28467,3.81383,2.36575,2.33144,3.53016,3.62568,4.03439,3.86870,2.74440,2.90602,3.92884,3.18451,3.17918,2.92584,3.47440,2.68094,3.46240,2.47219,1.88261,2.43421,2.25334,2.30743,2.17852,2.11081
1823,3.74242,1.82115,1.82336,4.07847,2.08140,2.15031,3.77954,2.23944,2.07927,3.63096,3.60480,4.00798,3.90640,2.47455,2.93351,4.05662,3.29207,3.21297,2.78466,3.55073,2.56044,3.53683,2.37437,1.62564,2.27205,1.90009,2.11801,2.06232,1.94813
1824,3.75266,1.58913,1.54554,3.98223,1.81237,1.96736,2.84852,2.05288,1.79812,3.72366,2.71290,3.93098,3.86255,2.00544,2.32671,3.97347,2.50376,2.36528,2.19247,2.62419,2.19214,2.54387,2.11688,1.29566,1.90939,1.48950,1.90514,1.86451,1.70666
1825,3.59031,1.55823,1.50336,3.97157,1.80935,1.96525,2.40633,2.06805,1.87440,3.73707,2.40881,3.86191,3.80929,1.98754,2.25879,3.85576,2.34435,2.28174,2.16052,2.38784,2.18968,2.34746,2.14255,1.34993,1.86188,1.50699,1.94827,1.84717,1.68028
1826,3.51275,1.52988,1.45280,3.85393,1.85794,1.99344,2.49161,2.09850,2.00952,3.64775,2.52596,3.75868,3.81728,2.11475,2.39571,3.64077,2.48801,2.46800,2.32057,2.53233,2.29544,2.52714,2.20670,1.50475,1.93495,1.67998,2.03736,1.85506,1.67305
