station,box,region,date,depth,variable,model_index,value,units,source_file,orig_param,orig_unit
1,7,Strait,2022-02-23,0.5,BOD7,,0.98,mg O2/L,2022 Hidrochemija_KM_patikrinta_2023-03-30_1061.xls,biocheminis deguonies suvartojimas per 7 paras,mg/l O2
1,7,Strait,2022-02-23,12,BOD7,,1.1,mg O2/L,2022 Hidrochemija_KM_patikrinta_2023-03-30_1061.xls,biocheminis deguonies suvartojimas per 7 paras,mg/l O2
1,7,Strait,2022-02-23,0.5,CHLA,59,18.67,ug/L,Chlorofilas a_KM_2022_patikrinta_2023-03-15_1053.xls,Chlorofilas a,µg/l
1,7,Strait,2022-02-23,0.5,DIN,,3.548,mg N/L,2022 Hidrochemija_KM_patikrinta_2023-03-30_1061.xls,azotas mineralinis,mg/l
1,7,Strait,2022-02-23,12,DIN,,2.575,mg N/L,2022 Hidrochemija_KM_patikrinta_2023-03-30_1061.xls,azotas mineralinis,mg/l
1,7,Strait,2022-02-23,0.5,NH4,1,0.035,mg N/L,2022 Hidrochemija_KM_patikrinta_2023-03-30_1061.xls,amonio azotas,mg/l N
1,7,Strait,2022-02-23,12,NH4,1,0.063,mg N/L,2022 Hidrochemija_KM_patikrinta_2023-03-30_1061.xls,amonio azotas,mg/l N
1,7,Strait,2022-02-23,0.5,NO2,,0.013,mg N/L,2022 Hidrochemija_KM_patikrinta_2023-03-30_1061.xls,nitritų azotas,mg/l N
1,7,Strait,2022-02-23,12,NO2,,0.012,mg N/L,2022 Hidrochemija_KM_patikrinta_2023-03-30_1061.xls,nitritų azotas,mg/l N
1,7,Strait,2022-02-23,0.5,NO3,2,3.5,mg N/L,2022 Hidrochemija_KM_patikrinta_2023-03-30_1061.xls,nitratų azotas,mg/l N
1,7,Strait,2022-02-23,12,NO3,2,2.5,mg N/L,2022 Hidrochemija_KM_patikrinta_2023-03-30_1061.xls,nitratų azotas,mg/l N
1,7,Strait,2022-02-23,0.5,PO4,3,0.013,mg P/L,2022 Hidrochemija_KM_patikrinta_2023-03-30_1061.xls,fosfatų fosforas,mg/l P
1,7,Strait,2022-02-23,12,PO4,3,0.015,mg P/L,2022 Hidrochemija_KM_patikrinta_2023-03-30_1061.xls,fosfatų fosforas,mg/l P
1,7,Strait,2022-02-23,0.5,Si,17,3.33,mg Si/L,2022 Hidrochemija_KM_patikrinta_2023-03-30_1061.xls,silicis,mg/l
1,7,Strait,2022-02-23,12,Si,17,2.38,mg Si/L,2022 Hidrochemija_KM_patikrinta_2023-03-30_1061.xls,silicis,mg/l
1,7,Strait,2022-02-23,0.5,TN,40,3.7,mg N/L,2022 Hidrochemija_KM_patikrinta_2023-03-30_1061.xls,azotas bendras,mg/l
1,7,Strait,2022-02-23,12,TN,40,3.1,mg N/L,2022 Hidrochemija_KM_patikrinta_2023-03-30_1061.xls,azotas bendras,mg/l
1,7,Strait,2022-02-23,0.5,TP,39,0.067,mg P/L,2022 Hidrochemija_KM_patikrinta_2023-03-30_1061.xls,bendras fosforas,mg/l
1,7,Strait,2022-02-23,12,TP,39,0.11,mg P/L,2022 Hidrochemija_KM_patikrinta_2023-03-30_1061.xls,bendras fosforas,mg/l
1,7,Strait,2022-02-23,0.5,TSS,,16.0,mg/L,2022 Hidrochemija_KM_patikrinta_2023-03-30_1061.xls,suspenduotos (skendinčios) medžiagos,mg/l
1,7,Strait,2022-02-23,12,TSS,,40.0,mg/L,2022 Hidrochemija_KM_patikrinta_2023-03-30_1061.xls,suspenduotos (skendinčios) medžiagos,mg/l
1,7,Strait,2022-03-15,0.5,BOD7,,1.8,mg O2/L,2022 Hidrochemija_KM_patikrinta_2023-03-30_1061.xls,biocheminis deguonies suvartojimas per 7 paras,mg/l O2
1,7,Strait,2022-03-15,13.6,BOD7,,1.6,mg O2/L,2022 Hidrochemija_KM_patikrinta_2023-03-30_1061.xls,biocheminis deguonies suvartojimas per 7 paras,mg/l O2
1,7,Strait,2022-03-15,0.5,CHLA,59,16.14,ug/L,Chlorofilas a_KM_2022_patikrinta_2023-03-15_1053.xls,Chlorofilas a,µg/l
1,7,Strait,2022-03-15,0.5,DIN,,1.625,mg N/L,2022 Hidrochemija_KM_patikrinta_2023-03-30_1061.xls,azotas mineralinis,mg/l
1,7,Strait,2022-03-15,13.6,DIN,,1.726,mg N/L,2022 Hidrochemija_KM_patikrinta_2023-03-30_1061.xls,azotas mineralinis,mg/l
1,7,Strait,2022-03-15,0.5,NH4,1,0.02,mg N/L,2022 Hidrochemija_KM_patikrinta_2023-03-30_1061.xls,amonio azotas,mg/l N
1,7,Strait,2022-03-15,13.6,NH4,1,0.02,mg N/L,2022 Hidrochemija_KM_patikrinta_2023-03-30_1061.xls,amonio azotas,mg/l N
1,7,Strait,2022-03-15,0.5,NO2,,0.005,mg N/L,2022 Hidrochemija_KM_patikrinta_2023-03-30_1061.xls,nitritų azotas,mg/l N
1,7,Strait,2022-03-15,13.6,NO2,,0.006,mg N/L,2022 Hidrochemija_KM_patikrinta_2023-03-30_1061.xls,nitritų azotas,mg/l N
1,7,Strait,2022-03-15,0.5,NO3,2,1.6,mg N/L,2022 Hidrochemija_KM_patikrinta_2023-03-30_1061.xls,nitratų azotas,mg/l N
1,7,Strait,2022-03-15,13.6,NO3,2,1.7,mg N/L,2022 Hidrochemija_KM_patikrinta_2023-03-30_1061.xls,nitratų azotas,mg/l N
1,7,Strait,2022-03-15,0.5,PO4,3,0.006,mg P/L,2022 Hidrochemija_KM_patikrinta_2023-03-30_1061.xls,fosfatų fosforas,mg/l P
1,7,Strait,2022-03-15,13.6,PO4,3,0.006,mg P/L,2022 Hidrochemija_KM_patikrinta_2023-03-30_1061.xls,fosfatų fosforas,mg/l P
1,7,Strait,2022-03-15,0.5,Si,17,1.25,mg Si/L,2022 Hidrochemija_KM_patikrinta_2023-03-30_1061.xls,silicis,mg/l
1,7,Strait,2022-03-15,13.6,Si,17,1.45,mg Si/L,2022 Hidrochemija_KM_patikrinta_2023-03-30_1061.xls,silicis,mg/l
1,7,Strait,2022-03-15,0.5,TN,40,2.1,mg N/L,2022 Hidrochemija_KM_patikrinta_2023-03-30_1061.xls,azotas bendras,mg/l
1,7,Strait,2022-03-15,13.6,TN,40,2.1,mg N/L,2022 Hidrochemija_KM_patikrinta_2023-03-30_1061.xls,azotas bendras,mg/l
1,7,Strait,2022-03-15,0.5,TP,39,0.032,mg P/L,2022 Hidrochemija_KM_patikrinta_2023-03-30_1061.xls,bendras fosforas,mg/l
1,7,Strait,2022-03-15,13.6,TP,39,0.037,mg P/L,2022 Hidrochemija_KM_patikrinta_2023-03-30_1061.xls,bendras fosforas,mg/l
1,7,Strait,2022-03-15,0.5,TSS,,7.2,mg/L,2022 Hidrochemija_KM_patikrinta_2023-03-30_1061.xls,suspenduotos (skendinčios) medžiagos,mg/l
1,7,Strait,2022-03-15,13.6,TSS,,5.9,mg/L,2022 Hidrochemija_KM_patikrinta_2023-03-30_1061.xls,suspenduotos (skendinčios) medžiagos,mg/l
1,7,Strait,2022-04-13,0.5,BOD7,,2.0,mg O2/L,2022 Hidrochemija_KM_patikrinta_2023-03-30_1061.xls,biocheminis deguonies suvartojimas per 7 paras,mg/l O2
1,7,Strait,2022-04-13,12.7,BOD7,,1.5,mg O2/L,2022 Hidrochemija_KM_patikrinta_2023-03-30_1061.xls,biocheminis deguonies suvartojimas per 7 paras,mg/l O2
1,7,Strait,2022-04-13,0.5,CHLA,59,12.89,ug/L,Chlorofilas a_KM_2022_patikrinta_2023-03-15_1053.xls,Chlorofilas a,µg/l
1,7,Strait,2022-04-13,0.5,DIN,,0.665,mg N/L,2022 Hidrochemija_KM_patikrinta_2023-03-30_1061.xls,azotas mineralinis,mg/l
1,7,Strait,2022-04-13,12.7,DIN,,0.122,mg N/L,2022 Hidrochemija_KM_patikrinta_2023-03-30_1061.xls,azotas mineralinis,mg/l
1,7,Strait,2022-04-13,0.5,NH4,1,0.027,mg N/L,2022 Hidrochemija_KM_patikrinta_2023-03-30_1061.xls,amonio azotas,mg/l N
1,7,Strait,2022-04-13,12.7,NH4,1,0.046,mg N/L,2022 Hidrochemija_KM_patikrinta_2023-03-30_1061.xls,amonio azotas,mg/l N
1,7,Strait,2022-04-13,0.5,NO2,,0.008,mg N/L,2022 Hidrochemija_KM_patikrinta_2023-03-30_1061.xls,nitritų azotas,mg/l N
1,7,Strait,2022-04-13,12.7,NO2,,0.018,mg N/L,2022 Hidrochemija_KM_patikrinta_2023-03-30_1061.xls,nitritų azotas,mg/l N
1,7,Strait,2022-04-13,0.5,NO3,2,0.63,mg N/L,2022 Hidrochemija_KM_patikrinta_2023-03-30_1061.xls,nitratų azotas,mg/l N
1,7,Strait,2022-04-13,12.7,NO3,2,0.058,mg N/L,2022 Hidrochemija_KM_patikrinta_2023-03-30_1061.xls,nitratų azotas,mg/l N
1,7,Strait,2022-04-13,0.5,PO4,3,0.006,mg P/L,2022 Hidrochemija_KM_patikrinta_2023-03-30_1061.xls,fosfatų fosforas,mg/l P
1,7,Strait,2022-04-13,12.7,PO4,3,0.026,mg P/L,2022 Hidrochemija_KM_patikrinta_2023-03-30_1061.xls,fosfatų fosforas,mg/l P
1,7,Strait,2022-04-13,0.5,Si,17,0.7,mg Si/L,2022 Hidrochemija_KM_patikrinta_2023-03-30_1061.xls,silicis,mg/l
1,7,Strait,2022-04-13,12.7,Si,17,1.08,mg Si/L,2022 Hidrochemija_KM_patikrinta_2023-03-30_1061.xls,silicis,mg/l
1,7,Strait,2022-04-13,0.5,TN,40,0.97,mg N/L,2022 Hidrochemija_KM_patikrinta_2023-03-30_1061.xls,azotas bendras,mg/l
1,7,Strait,2022-04-13,12.7,TN,40,0.47,mg N/L,2022 Hidrochemija_KM_patikrinta_2023-03-30_1061.xls,azotas bendras,mg/l
1,7,Strait,2022-04-13,0.5,TP,39,0.031,mg P/L,2022 Hidrochemija_KM_patikrinta_2023-03-30_1061.xls,bendras fosforas,mg/l
1,7,Strait,2022-04-13,12.7,TP,39,0.069,mg P/L,2022 Hidrochemija_KM_patikrinta_2023-03-30_1061.xls,bendras fosforas,mg/l
1,7,Strait,2022-04-13,0.5,TSS,,6.0,mg/L,2022 Hidrochemija_KM_patikrinta_2023-03-30_1061.xls,suspenduotos (skendinčios) medžiagos,mg/l
1,7,Strait,2022-04-13,12.7,TSS,,11.0,mg/L,2022 Hidrochemija_KM_patikrinta_2023-03-30_1061.xls,suspenduotos (skendinčios) medžiagos,mg/l
1,7,Strait,2022-05-05,0.5,BOD7,,2.1,mg O2/L,2022 Hidrochemija_KM_patikrinta_2023-03-30_1061.xls,biocheminis deguonies suvartojimas per 7 paras,mg/l O2
1,7,Strait,2022-05-05,13.2,BOD7,,1.4,mg O2/L,2022 Hidrochemija_KM_patikrinta_2023-03-30_1061.xls,biocheminis deguonies suvartojimas per 7 paras,mg/l O2
1,7,Strait,2022-05-05,0.5,CHLA,59,12.41,ug/L,Chlorofilas a_KM_2022_patikrinta_2023-03-15_1053.xls,Chlorofilas a,µg/l
1,7,Strait,2022-05-05,0.5,DIN,,0.757,mg N/L,2022 Hidrochemija_KM_patikrinta_2023-03-30_1061.xls,azotas mineralinis,mg/l
1,7,Strait,2022-05-05,13.2,DIN,,0.69,mg N/L,2022 Hidrochemija_KM_patikrinta_2023-03-30_1061.xls,azotas mineralinis,mg/l
1,7,Strait,2022-05-05,0.5,NH4,1,0.023,mg N/L,2022 Hidrochemija_KM_patikrinta_2023-03-30_1061.xls,amonio azotas,mg/l N
1,7,Strait,2022-05-05,13.2,NH4,1,0.035,mg N/L,2022 Hidrochemija_KM_patikrinta_2023-03-30_1061.xls,amonio azotas,mg/l N
1,7,Strait,2022-05-05,0.5,NO2,,0.004,mg N/L,2022 Hidrochemija_KM_patikrinta_2023-03-30_1061.xls,nitritų azotas,mg/l N
1,7,Strait,2022-05-05,13.2,NO2,,0.005,mg N/L,2022 Hidrochemija_KM_patikrinta_2023-03-30_1061.xls,nitritų azotas,mg/l N
1,7,Strait,2022-05-05,0.5,NO3,2,0.73,mg N/L,2022 Hidrochemija_KM_patikrinta_2023-03-30_1061.xls,nitratų azotas,mg/l N
1,7,Strait,2022-05-05,13.2,NO3,2,0.65,mg N/L,2022 Hidrochemija_KM_patikrinta_2023-03-30_1061.xls,nitratų azotas,mg/l N
1,7,Strait,2022-05-05,0.5,PO4,3,0.006,mg P/L,2022 Hidrochemija_KM_patikrinta_2023-03-30_1061.xls,fosfatų fosforas,mg/l P
1,7,Strait,2022-05-05,13.2,PO4,3,0.006,mg P/L,2022 Hidrochemija_KM_patikrinta_2023-03-30_1061.xls,fosfatų fosforas,mg/l P
1,7,Strait,2022-05-05,0.5,Si,17,0.55,mg Si/L,2022 Hidrochemija_KM_patikrinta_2023-03-30_1061.xls,silicis,mg/l
1,7,Strait,2022-05-05,13.2,Si,17,0.4,mg Si/L,2022 Hidrochemija_KM_patikrinta_2023-03-30_1061.xls,silicis,mg/l
1,7,Strait,2022-05-05,0.5,TN,40,1.3,mg N/L,2022 Hidrochemija_KM_patikrinta_2023-03-30_1061.xls,azotas bendras,mg/l
1,7,Strait,2022-05-05,13.2,TN,40,1.1,mg N/L,2022 Hidrochemija_KM_patikrinta_2023-03-30_1061.xls,azotas bendras,mg/l
1,7,Strait,2022-05-05,0.5,TP,39,0.034,mg P/L,2022 Hidrochemija_KM_patikrinta_2023-03-30_1061.xls,bendras fosforas,mg/l
1,7,Strait,2022-05-05,13.2,TP,39,0.024,mg P/L,2022 Hidrochemija_KM_patikrinta_2023-03-30_1061.xls,bendras fosforas,mg/l
1,7,Strait,2022-05-05,0.5,TSS,,8.0,mg/L,2022 Hidrochemija_KM_patikrinta_2023-03-30_1061.xls,suspenduotos (skendinčios) medžiagos,mg/l
1,7,Strait,2022-05-05,13.2,TSS,,8.1,mg/L,2022 Hidrochemija_KM_patikrinta_2023-03-30_1061.xls,suspenduotos (skendinčios) medžiagos,mg/l
1,7,Strait,2022-06-09,0.5,BOD7,,1.9,mg O2/L,2022 Hidrochemija_KM_patikrinta_2023-03-30_1061.xls,biocheminis deguonies suvartojimas per 7 paras,mg/l O2
1,7,Strait,2022-06-09,13.2,BOD7,,2.0,mg O2/L,2022 Hidrochemija_KM_patikrinta_2023-03-30_1061.xls,biocheminis deguonies suvartojimas per 7 paras,mg/l O2
1,7,Strait,2022-06-09,0.5,CHLA,59,15.92,ug/L,Chlorofilas a_KM_2022_patikrinta_2023-03-15_1053.xls,Chlorofilas a,µg/l
1,7,Strait,2022-06-09,0.5,DIN,,0.151,mg N/L,2022 Hidrochemija_KM_patikrinta_2023-03-30_1061.xls,azotas mineralinis,mg/l
1,7,Strait,2022-06-09,13.2,DIN,,0.203,mg N/L,2022 Hidrochemija_KM_patikrinta_2023-03-30_1061.xls,azotas mineralinis,mg/l
1,7,Strait,2022-06-09,0.5,NH4,1,0.077,mg N/L,2022 Hidrochemija_KM_patikrinta_2023-03-30_1061.xls,amonio azotas,mg/l N
1,7,Strait,2022-06-09,13.2,NH4,1,0.14,mg N/L,2022 Hidrochemija_KM_patikrinta_2023-03-30_1061.xls,amonio azotas,mg/l N
1,7,Strait,2022-06-09,0.5,NO2,,0.006,mg N/L,2022 Hidrochemija_KM_patikrinta_2023-03-30_1061.xls,nitritų azotas,mg/l N
1,7,Strait,2022-06-09,13.2,NO2,,0.007,mg N/L,2022 Hidrochemija_KM_patikrinta_2023-03-30_1061.xls,nitritų azotas,mg/l N
1,7,Strait,2022-06-09,0.5,NO3,2,0.068,mg N/L,2022 Hidrochemija_KM_patikrinta_2023-03-30_1061.xls,nitratų azotas,mg/l N
1,7,Strait,2022-06-09,13.2,NO3,2,0.056,mg N/L,2022 Hidrochemija_KM_patikrinta_2023-03-30_1061.xls,nitratų azotas,mg/l N
1,7,Strait,2022-06-09,0.5,PO4,3,0.006,mg P/L,2022 Hidrochemija_KM_patikrinta_2023-03-30_1061.xls,fosfatų fosforas,mg/l P
1,7,Strait,2022-06-09,13.2,PO4,3,0.006,mg P/L,2022 Hidrochemija_KM_patikrinta_2023-03-30_1061.xls,fosfatų fosforas,mg/l P
1,7,Strait,2022-06-09,0.5,Si,17,0.17,mg Si/L,2022 Hidrochemija_KM_patikrinta_2023-03-30_1061.xls,silicis,mg/l
1,7,Strait,2022-06-09,13.2,Si,17,0.33,mg Si/L,2022 Hidrochemija_KM_patikrinta_2023-03-30_1061.xls,silicis,mg/l
1,7,Strait,2022-06-09,0.5,TN,40,1.0,mg N/L,2022 Hidrochemija_KM_patikrinta_2023-03-30_1061.xls,azotas bendras,mg/l
1,7,Strait,2022-06-09,13.2,TN,40,1.2,mg N/L,2022 Hidrochemija_KM_patikrinta_2023-03-30_1061.xls,azotas bendras,mg/l
1,7,Strait,2022-06-09,0.5,TP,39,0.047,mg P/L,2022 Hidrochemija_KM_patikrinta_2023-03-30_1061.xls,bendras fosforas,mg/l
1,7,Strait,2022-06-09,13.2,TP,39,0.061,mg P/L,2022 Hidrochemija_KM_patikrinta_2023-03-30_1061.xls,bendras fosforas,mg/l
1,7,Strait,2022-06-09,0.5,TSS,,11.0,mg/L,2022 Hidrochemija_KM_patikrinta_2023-03-30_1061.xls,suspenduotos (skendinčios) medžiagos,mg/l
1,7,Strait,2022-06-09,13.2,TSS,,25.0,mg/L,2022 Hidrochemija_KM_patikrinta_2023-03-30_1061.xls,suspenduotos (skendinčios) medžiagos,mg/l
1,7,Strait,2022-08-23,0.5,BOD7,,1.5,mg O2/L,2022 Hidrochemija_KM_patikrinta_2023-03-30_1061.xls,biocheminis deguonies suvartojimas per 7 paras,mg/l O2
1,7,Strait,2022-08-23,13.4,BOD7,,1.1,mg O2/L,2022 Hidrochemija_KM_patikrinta_2023-03-30_1061.xls,biocheminis deguonies suvartojimas per 7 paras,mg/l O2
1,7,Strait,2022-08-23,0.5,CHLA,59,5.72,ug/L,Chlorofilas a_KM_2022_patikrinta_2023-03-15_1053.xls,Chlorofilas a,µg/l
1,7,Strait,2022-08-23,0.5,DIN,,0.065,mg N/L,2022 Hidrochemija_KM_patikrinta_2023-03-30_1061.xls,azotas mineralinis,mg/l
1,7,Strait,2022-08-23,13.4,DIN,,0.12,mg N/L,2022 Hidrochemija_KM_patikrinta_2023-03-30_1061.xls,azotas mineralinis,mg/l
1,7,Strait,2022-08-23,0.5,NH4,1,0.041,mg N/L,2022 Hidrochemija_KM_patikrinta_2023-03-30_1061.xls,amonio azotas,mg/l N
1,7,Strait,2022-08-23,13.4,NH4,1,0.055,mg N/L,2022 Hidrochemija_KM_patikrinta_2023-03-30_1061.xls,amonio azotas,mg/l N
1,7,Strait,2022-08-23,0.5,NO2,,0.007,mg N/L,2022 Hidrochemija_KM_patikrinta_2023-03-30_1061.xls,nitritų azotas,mg/l N
1,7,Strait,2022-08-23,13.4,NO2,,0.017,mg N/L,2022 Hidrochemija_KM_patikrinta_2023-03-30_1061.xls,nitritų azotas,mg/l N
1,7,Strait,2022-08-23,0.5,NO3,2,0.017,mg N/L,2022 Hidrochemija_KM_patikrinta_2023-03-30_1061.xls,nitratų azotas,mg/l N
1,7,Strait,2022-08-23,13.4,NO3,2,0.048,mg N/L,2022 Hidrochemija_KM_patikrinta_2023-03-30_1061.xls,nitratų azotas,mg/l N
1,7,Strait,2022-08-23,0.5,PO4,3,0.008,mg P/L,2022 Hidrochemija_KM_patikrinta_2023-03-30_1061.xls,fosfatų fosforas,mg/l P
1,7,Strait,2022-08-23,13.4,PO4,3,0.023,mg P/L,2022 Hidrochemija_KM_patikrinta_2023-03-30_1061.xls,fosfatų fosforas,mg/l P
1,7,Strait,2022-08-23,0.5,Si,17,0.38,mg Si/L,2022 Hidrochemija_KM_patikrinta_2023-03-30_1061.xls,silicis,mg/l
1,7,Strait,2022-08-23,13.4,Si,17,0.86,mg Si/L,2022 Hidrochemija_KM_patikrinta_2023-03-30_1061.xls,silicis,mg/l
1,7,Strait,2022-08-23,0.5,TN,40,0.58,mg N/L,2022 Hidrochemija_KM_patikrinta_2023-03-30_1061.xls,azotas bendras,mg/l
1,7,Strait,2022-08-23,13.4,TN,40,0.76,mg N/L,2022 Hidrochemija_KM_patikrinta_2023-03-30_1061.xls,azotas bendras,mg/l
1,7,Strait,2022-08-23,0.5,TP,39,0.042,mg P/L,2022 Hidrochemija_KM_patikrinta_2023-03-30_1061.xls,bendras fosforas,mg/l
1,7,Strait,2022-08-23,13.4,TP,39,0.058,mg P/L,2022 Hidrochemija_KM_patikrinta_2023-03-30_1061.xls,bendras fosforas,mg/l
1,7,Strait,2022-08-23,0.5,TSS,,4.3,mg/L,2022 Hidrochemija_KM_patikrinta_2023-03-30_1061.xls,suspenduotos (skendinčios) medžiagos,mg/l
1,7,Strait,2022-08-23,13.4,TSS,,5.0,mg/L,2022 Hidrochemija_KM_patikrinta_2023-03-30_1061.xls,suspenduotos (skendinčios) medžiagos,mg/l
1,7,Strait,2022-09-20,0.5,BOD7,,0.86,mg O2/L,2022 Hidrochemija_KM_patikrinta_2023-03-30_1061.xls,biocheminis deguonies suvartojimas per 7 paras,mg/l O2
1,7,Strait,2022-09-20,13,BOD7,,0.69,mg O2/L,2022 Hidrochemija_KM_patikrinta_2023-03-30_1061.xls,biocheminis deguonies suvartojimas per 7 paras,mg/l O2
1,7,Strait,2022-09-20,0.5,CHLA,59,6.89,ug/L,Chlorofilas a_KM_2022_patikrinta_2023-03-15_1053.xls,Chlorofilas a,µg/l
1,7,Strait,2022-09-20,0.5,DIN,,0.045,mg N/L,2022 Hidrochemija_KM_patikrinta_2023-03-30_1061.xls,azotas mineralinis,mg/l
1,7,Strait,2022-09-20,13,DIN,,0.04,mg N/L,2022 Hidrochemija_KM_patikrinta_2023-03-30_1061.xls,azotas mineralinis,mg/l
1,7,Strait,2022-09-20,0.5,NH4,1,0.042,mg N/L,2022 Hidrochemija_KM_patikrinta_2023-03-30_1061.xls,amonio azotas,mg/l N
1,7,Strait,2022-09-20,13,NH4,1,0.037,mg N/L,2022 Hidrochemija_KM_patikrinta_2023-03-30_1061.xls,amonio azotas,mg/l N
1,7,Strait,2022-09-20,0.5,NO2,,0.001,mg N/L,2022 Hidrochemija_KM_patikrinta_2023-03-30_1061.xls,nitritų azotas,mg/l N
1,7,Strait,2022-09-20,13,NO2,,0.001,mg N/L,2022 Hidrochemija_KM_patikrinta_2023-03-30_1061.xls,nitritų azotas,mg/l N
1,7,Strait,2022-09-20,0.5,NO3,2,0.002,mg N/L,2022 Hidrochemija_KM_patikrinta_2023-03-30_1061.xls,nitratų azotas,mg/l N
1,7,Strait,2022-09-20,13,NO3,2,0.002,mg N/L,2022 Hidrochemija_KM_patikrinta_2023-03-30_1061.xls,nitratų azotas,mg/l N
1,7,Strait,2022-09-20,0.5,PO4,3,0.006,mg P/L,2022 Hidrochemija_KM_patikrinta_2023-03-30_1061.xls,fosfatų fosforas,mg/l P
1,7,Strait,2022-09-20,13,PO4,3,0.006,mg P/L,2022 Hidrochemija_KM_patikrinta_2023-03-30_1061.xls,fosfatų fosforas,mg/l P
1,7,Strait,2022-09-20,0.5,Si,17,0.18,mg Si/L,2022 Hidrochemija_KM_patikrinta_2023-03-30_1061.xls,silicis,mg/l
1,7,Strait,2022-09-20,13,Si,17,0.43,mg Si/L,2022 Hidrochemija_KM_patikrinta_2023-03-30_1061.xls,silicis,mg/l
1,7,Strait,2022-09-20,0.5,TN,40,0.33,mg N/L,2022 Hidrochemija_KM_patikrinta_2023-03-30_1061.xls,azotas bendras,mg/l
1,7,Strait,2022-09-20,13,TN,40,0.37,mg N/L,2022 Hidrochemija_KM_patikrinta_2023-03-30_1061.xls,azotas bendras,mg/l
1,7,Strait,2022-09-20,0.5,TP,39,0.023,mg P/L,2022 Hidrochemija_KM_patikrinta_2023-03-30_1061.xls,bendras fosforas,mg/l
1,7,Strait,2022-09-20,13,TP,39,0.023,mg P/L,2022 Hidrochemija_KM_patikrinta_2023-03-30_1061.xls,bendras fosforas,mg/l
1,7,Strait,2022-09-20,0.5,TSS,,8.3,mg/L,2022 Hidrochemija_KM_patikrinta_2023-03-30_1061.xls,suspenduotos (skendinčios) medžiagos,mg/l
1,7,Strait,2022-09-20,13,TSS,,9.9,mg/L,2022 Hidrochemija_KM_patikrinta_2023-03-30_1061.xls,suspenduotos (skendinčios) medžiagos,mg/l
1,7,Strait,2022-10-13,0.5,BOD7,,0.66,mg O2/L,2022 Hidrochemija_KM_patikrinta_2023-03-30_1061.xls,biocheminis deguonies suvartojimas per 7 paras,mg/l O2
1,7,Strait,2022-10-13,13.6,BOD7,,0.81,mg O2/L,2022 Hidrochemija_KM_patikrinta_2023-03-30_1061.xls,biocheminis deguonies suvartojimas per 7 paras,mg/l O2
1,7,Strait,2022-10-13,0.5,CHLA,59,5.78,ug/L,Chlorofilas a_KM_2022_patikrinta_2023-03-15_1053.xls,Chlorofilas a,µg/l
1,7,Strait,2022-10-13,0.5,DIN,,0.111,mg N/L,2022 Hidrochemija_KM_patikrinta_2023-03-30_1061.xls,azotas mineralinis,mg/l
1,7,Strait,2022-10-13,13.6,DIN,,0.104,mg N/L,2022 Hidrochemija_KM_patikrinta_2023-03-30_1061.xls,azotas mineralinis,mg/l
1,7,Strait,2022-10-13,0.5,NH4,1,0.073,mg N/L,2022 Hidrochemija_KM_patikrinta_2023-03-30_1061.xls,amonio azotas,mg/l N
1,7,Strait,2022-10-13,13.6,NH4,1,0.075,mg N/L,2022 Hidrochemija_KM_patikrinta_2023-03-30_1061.xls,amonio azotas,mg/l N
1,7,Strait,2022-10-13,0.5,NO2,,0.012,mg N/L,2022 Hidrochemija_KM_patikrinta_2023-03-30_1061.xls,nitritų azotas,mg/l N
1,7,Strait,2022-10-13,13.6,NO2,,0.001,mg N/L,2022 Hidrochemija_KM_patikrinta_2023-03-30_1061.xls,nitritų azotas,mg/l N
1,7,Strait,2022-10-13,0.5,NO3,2,0.026,mg N/L,2022 Hidrochemija_KM_patikrinta_2023-03-30_1061.xls,nitratų azotas,mg/l N
1,7,Strait,2022-10-13,13.6,NO3,2,0.028,mg N/L,2022 Hidrochemija_KM_patikrinta_2023-03-30_1061.xls,nitratų azotas,mg/l N
1,7,Strait,2022-10-13,0.5,PO4,3,0.01,mg P/L,2022 Hidrochemija_KM_patikrinta_2023-03-30_1061.xls,fosfatų fosforas,mg/l P
1,7,Strait,2022-10-13,13.6,PO4,3,0.011,mg P/L,2022 Hidrochemija_KM_patikrinta_2023-03-30_1061.xls,fosfatų fosforas,mg/l P
1,7,Strait,2022-10-13,0.5,Si,17,1.01,mg Si/L,2022 Hidrochemija_KM_patikrinta_2023-03-30_1061.xls,silicis,mg/l
1,7,Strait,2022-10-13,13.6,Si,17,0.91,mg Si/L,2022 Hidrochemija_KM_patikrinta_2023-03-30_1061.xls,silicis,mg/l
1,7,Strait,2022-10-13,0.5,TN,40,0.43,mg N/L,2022 Hidrochemija_KM_patikrinta_2023-03-30_1061.xls,azotas bendras,mg/l
1,7,Strait,2022-10-13,13.6,TN,40,0.44,mg N/L,2022 Hidrochemija_KM_patikrinta_2023-03-30_1061.xls,azotas bendras,mg/l
1,7,Strait,2022-10-13,0.5,TP,39,0.05,mg P/L,2022 Hidrochemija_KM_patikrinta_2023-03-30_1061.xls,bendras fosforas,mg/l
1,7,Strait,2022-10-13,13.6,TP,39,0.1,mg P/L,2022 Hidrochemija_KM_patikrinta_2023-03-30_1061.xls,bendras fosforas,mg/l
1,7,Strait,2022-10-13,0.5,TSS,,20.0,mg/L,2022 Hidrochemija_KM_patikrinta_2023-03-30_1061.xls,suspenduotos (skendinčios) medžiagos,mg/l
1,7,Strait,2022-10-13,13.6,TSS,,67.0,mg/L,2022 Hidrochemija_KM_patikrinta_2023-03-30_1061.xls,suspenduotos (skendinčios) medžiagos,mg/l
1,7,Strait,2022-11-23,0.5,BOD7,,1.8,mg O2/L,2022 Hidrochemija_KM_patikrinta_2023-03-30_1061.xls,biocheminis deguonies suvartojimas per 7 paras,mg/l O2
1,7,Strait,2022-11-23,15.1,BOD7,,3.9,mg O2/L,2022 Hidrochemija_KM_patikrinta_2023-03-30_1061.xls,biocheminis deguonies suvartojimas per 7 paras,mg/l O2
1,7,Strait,2022-11-23,0.5,CHLA,59,30.84,ug/L,Chlorofilas a_KM_2022_patikrinta_2023-03-15_1053.xls,Chlorofilas a,µg/l
1,7,Strait,2022-11-23,0.5,DIN,,0.066,mg N/L,2022 Hidrochemija_KM_patikrinta_2023-03-30_1061.xls,azotas mineralinis,mg/l
1,7,Strait,2022-11-23,15.1,DIN,,0.106,mg N/L,2022 Hidrochemija_KM_patikrinta_2023-03-30_1061.xls,azotas mineralinis,mg/l
1,7,Strait,2022-11-23,0.5,NH4,1,0.037,mg N/L,2022 Hidrochemija_KM_patikrinta_2023-03-30_1061.xls,amonio azotas,mg/l N
1,7,Strait,2022-11-23,15.1,NH4,1,0.055,mg N/L,2022 Hidrochemija_KM_patikrinta_2023-03-30_1061.xls,amonio azotas,mg/l N
1,7,Strait,2022-11-23,0.5,NO2,,0.005,mg N/L,2022 Hidrochemija_KM_patikrinta_2023-03-30_1061.xls,nitritų azotas,mg/l N
1,7,Strait,2022-11-23,15.1,NO2,,0.005,mg N/L,2022 Hidrochemija_KM_patikrinta_2023-03-30_1061.xls,nitritų azotas,mg/l N
1,7,Strait,2022-11-23,0.5,NO3,2,0.024,mg N/L,2022 Hidrochemija_KM_patikrinta_2023-03-30_1061.xls,nitratų azotas,mg/l N
1,7,Strait,2022-11-23,15.1,NO3,2,0.046,mg N/L,2022 Hidrochemija_KM_patikrinta_2023-03-30_1061.xls,nitratų azotas,mg/l N
1,7,Strait,2022-11-23,0.5,PO4,3,0.006,mg P/L,2022 Hidrochemija_KM_patikrinta_2023-03-30_1061.xls,fosfatų fosforas,mg/l P
1,7,Strait,2022-11-23,15.1,PO4,3,0.006,mg P/L,2022 Hidrochemija_KM_patikrinta_2023-03-30_1061.xls,fosfatų fosforas,mg/l P
1,7,Strait,2022-11-23,0.5,Si,17,1.97,mg Si/L,2022 Hidrochemija_KM_patikrinta_2023-03-30_1061.xls,silicis,mg/l
1,7,Strait,2022-11-23,15.1,Si,17,0.6,mg Si/L,2022 Hidrochemija_KM_patikrinta_2023-03-30_1061.xls,silicis,mg/l
1,7,Strait,2022-11-23,0.5,TN,40,1.2,mg N/L,2022 Hidrochemija_KM_patikrinta_2023-03-30_1061.xls,azotas bendras,mg/l
1,7,Strait,2022-11-23,15.1,TN,40,1.0,mg N/L,2022 Hidrochemija_KM_patikrinta_2023-03-30_1061.xls,azotas bendras,mg/l
1,7,Strait,2022-11-23,0.5,TP,39,0.058,mg P/L,2022 Hidrochemija_KM_patikrinta_2023-03-30_1061.xls,bendras fosforas,mg/l
1,7,Strait,2022-11-23,15.1,TP,39,0.18,mg P/L,2022 Hidrochemija_KM_patikrinta_2023-03-30_1061.xls,bendras fosforas,mg/l
1,7,Strait,2022-11-23,0.5,TSS,,14.0,mg/L,2022 Hidrochemija_KM_patikrinta_2023-03-30_1061.xls,suspenduotos (skendinčios) medžiagos,mg/l
1,7,Strait,2022-11-23,15.1,TSS,,136.0,mg/L,2022 Hidrochemija_KM_patikrinta_2023-03-30_1061.xls,suspenduotos (skendinčios) medžiagos,mg/l
1,7,Strait,2022-12-07,0.5,DIN,,0.66,mg N/L,2022 Hidrochemija_KM_patikrinta_2023-03-30_1061.xls,azotas mineralinis,mg/l
1,7,Strait,2022-12-07,14.9,DIN,,0.251,mg N/L,2022 Hidrochemija_KM_patikrinta_2023-03-30_1061.xls,azotas mineralinis,mg/l
1,7,Strait,2022-12-07,0.5,NH4,1,0.14,mg N/L,2022 Hidrochemija_KM_patikrinta_2023-03-30_1061.xls,amonio azotas,mg/l N
1,7,Strait,2022-12-07,14.9,NH4,1,0.18,mg N/L,2022 Hidrochemija_KM_patikrinta_2023-03-30_1061.xls,amonio azotas,mg/l N
1,7,Strait,2022-12-07,0.5,NO2,,0.01,mg N/L,2022 Hidrochemija_KM_patikrinta_2023-03-30_1061.xls,nitritų azotas,mg/l N
1,7,Strait,2022-12-07,14.9,NO2,,0.009,mg N/L,2022 Hidrochemija_KM_patikrinta_2023-03-30_1061.xls,nitritų azotas,mg/l N
1,7,Strait,2022-12-07,0.5,NO3,2,0.51,mg N/L,2022 Hidrochemija_KM_patikrinta_2023-03-30_1061.xls,nitratų azotas,mg/l N
1,7,Strait,2022-12-07,14.9,NO3,2,0.062,mg N/L,2022 Hidrochemija_KM_patikrinta_2023-03-30_1061.xls,nitratų azotas,mg/l N
1,7,Strait,2022-12-07,0.5,PO4,3,0.022,mg P/L,2022 Hidrochemija_KM_patikrinta_2023-03-30_1061.xls,fosfatų fosforas,mg/l P
1,7,Strait,2022-12-07,14.9,PO4,3,0.011,mg P/L,2022 Hidrochemija_KM_patikrinta_2023-03-30_1061.xls,fosfatų fosforas,mg/l P
1,7,Strait,2022-12-07,0.5,Si,17,2.85,mg Si/L,2022 Hidrochemija_KM_patikrinta_2023-03-30_1061.xls,silicis,mg/l
1,7,Strait,2022-12-07,14.9,Si,17,0.78,mg Si/L,2022 Hidrochemija_KM_patikrinta_2023-03-30_1061.xls,silicis,mg/l
1,7,Strait,2022-12-07,0.5,TN,40,1.1,mg N/L,2022 Hidrochemija_KM_patikrinta_2023-03-30_1061.xls,azotas bendras,mg/l
1,7,Strait,2022-12-07,14.9,TN,40,0.5,mg N/L,2022 Hidrochemija_KM_patikrinta_2023-03-30_1061.xls,azotas bendras,mg/l
1,7,Strait,2022-12-07,0.5,TP,39,0.092,mg P/L,2022 Hidrochemija_KM_patikrinta_2023-03-30_1061.xls,bendras fosforas,mg/l
1,7,Strait,2022-12-07,14.9,TP,39,0.073,mg P/L,2022 Hidrochemija_KM_patikrinta_2023-03-30_1061.xls,bendras fosforas,mg/l
1,7,Strait,2023-01-04,0.5,DIN,,0.832,mg N/L,2023_KM_BJ_Hidrochemija_patikrinta_2024-01-22.xls,azotas mineralinis,mg/l
1,7,Strait,2023-01-04,14.9,DIN,,0.64,mg N/L,2023_KM_BJ_Hidrochemija_patikrinta_2024-01-22.xls,azotas mineralinis,mg/l
1,7,Strait,2023-01-04,0.5,NH4,1,0.15,mg N/L,2023_KM_BJ_Hidrochemija_patikrinta_2024-01-22.xls,amonio azotas,mg/l N
1,7,Strait,2023-01-04,14.9,NH4,1,0.12,mg N/L,2023_KM_BJ_Hidrochemija_patikrinta_2024-01-22.xls,amonio azotas,mg/l N
1,7,Strait,2023-01-04,0.5,NO2,,0.012,mg N/L,2023_KM_BJ_Hidrochemija_patikrinta_2024-01-22.xls,nitritų azotas,mg/l N
1,7,Strait,2023-01-04,14.9,NO2,,0.01,mg N/L,2023_KM_BJ_Hidrochemija_patikrinta_2024-01-22.xls,nitritų azotas,mg/l N
1,7,Strait,2023-01-04,0.5,NO3,2,0.67,mg N/L,2023_KM_BJ_Hidrochemija_patikrinta_2024-01-22.xls,nitratų azotas,mg/l N
1,7,Strait,2023-01-04,14.9,NO3,2,0.51,mg N/L,2023_KM_BJ_Hidrochemija_patikrinta_2024-01-22.xls,nitratų azotas,mg/l N
1,7,Strait,2023-01-04,0.5,PO4,3,0.012,mg P/L,2023_KM_BJ_Hidrochemija_patikrinta_2024-01-22.xls,fosfatų fosforas,mg/l P
1,7,Strait,2023-01-04,14.9,PO4,3,0.017,mg P/L,2023_KM_BJ_Hidrochemija_patikrinta_2024-01-22.xls,fosfatų fosforas,mg/l P
1,7,Strait,2023-01-04,0.5,Si,17,1.92,mg Si/L,2023_KM_BJ_Hidrochemija_patikrinta_2024-01-22.xls,silicis,mg/l
1,7,Strait,2023-01-04,14.9,Si,17,1.36,mg Si/L,2023_KM_BJ_Hidrochemija_patikrinta_2024-01-22.xls,silicis,mg/l
1,7,Strait,2023-01-04,0.5,TN,40,1.5,mg N/L,2023_KM_BJ_Hidrochemija_patikrinta_2024-01-22.xls,azotas bendras,mg/l
1,7,Strait,2023-01-04,14.9,TN,40,1.4,mg N/L,2023_KM_BJ_Hidrochemija_patikrinta_2024-01-22.xls,azotas bendras,mg/l
1,7,Strait,2023-01-04,0.5,TP,39,0.078,mg P/L,2023_KM_BJ_Hidrochemija_patikrinta_2024-01-22.xls,bendras fosforas,mg/l
1,7,Strait,2023-01-04,14.9,TP,39,0.16,mg P/L,2023_KM_BJ_Hidrochemija_patikrinta_2024-01-22.xls,bendras fosforas,mg/l
1,7,Strait,2023-02-08,0.5,BOD7,,1.4,mg O2/L,2023_KM_BJ_Hidrochemija_patikrinta_2024-01-22.xls,biocheminis deguonies suva,mg/l O2
1,7,Strait,2023-02-08,13.5,BOD7,,1.5,mg O2/L,2023_KM_BJ_Hidrochemija_patikrinta_2024-01-22.xls,biocheminis deguonies suva,mg/l O2
1,7,Strait,2023-02-08,Paviršinis sluoksnis,CHLA,59,27.71,ug/L,Chlorofilas_a_KM_BJ_2023_patikrinta_2024-01-29.xls,chlorofilas a,µg/l
1,7,Strait,2023-02-08,0.5,DIN,,2.343,mg N/L,2023_KM_BJ_Hidrochemija_patikrinta_2024-01-22.xls,azotas mineralinis,mg/l
1,7,Strait,2023-02-08,13.5,DIN,,2.445,mg N/L,2023_KM_BJ_Hidrochemija_patikrinta_2024-01-22.xls,azotas mineralinis,mg/l
1,7,Strait,2023-02-08,0.5,NH4,1,0.03,mg N/L,2023_KM_BJ_Hidrochemija_patikrinta_2024-01-22.xls,amonio azotas,mg/l N
1,7,Strait,2023-02-08,13.5,NH4,1,0.032,mg N/L,2023_KM_BJ_Hidrochemija_patikrinta_2024-01-22.xls,amonio azotas,mg/l N
1,7,Strait,2023-02-08,0.5,NO2,,0.013,mg N/L,2023_KM_BJ_Hidrochemija_patikrinta_2024-01-22.xls,nitritų azotas,mg/l N
1,7,Strait,2023-02-08,13.5,NO2,,0.013,mg N/L,2023_KM_BJ_Hidrochemija_patikrinta_2024-01-22.xls,nitritų azotas,mg/l N
1,7,Strait,2023-02-08,0.5,NO3,2,2.3,mg N/L,2023_KM_BJ_Hidrochemija_patikrinta_2024-01-22.xls,nitratų azotas,mg/l N
1,7,Strait,2023-02-08,13.5,NO3,2,2.4,mg N/L,2023_KM_BJ_Hidrochemija_patikrinta_2024-01-22.xls,nitratų azotas,mg/l N
1,7,Strait,2023-02-08,0.5,PO4,3,0.009,mg P/L,2023_KM_BJ_Hidrochemija_patikrinta_2024-01-22.xls,fosfatų fosforas,mg/l P
1,7,Strait,2023-02-08,13.5,PO4,3,0.01,mg P/L,2023_KM_BJ_Hidrochemija_patikrinta_2024-01-22.xls,fosfatų fosforas,mg/l P
1,7,Strait,2023-02-08,0.5,Si,17,2.04,mg Si/L,2023_KM_BJ_Hidrochemija_patikrinta_2024-01-22.xls,silicis,mg/l
1,7,Strait,2023-02-08,13.5,Si,17,2.17,mg Si/L,2023_KM_BJ_Hidrochemija_patikrinta_2024-01-22.xls,silicis,mg/l
1,7,Strait,2023-02-08,0.5,TN,40,2.6,mg N/L,2023_KM_BJ_Hidrochemija_patikrinta_2024-01-22.xls,azotas bendras,mg/l
1,7,Strait,2023-02-08,13.5,TN,40,2.6,mg N/L,2023_KM_BJ_Hidrochemija_patikrinta_2024-01-22.xls,azotas bendras,mg/l
1,7,Strait,2023-02-08,0.5,TP,39,0.064,mg P/L,2023_KM_BJ_Hidrochemija_patikrinta_2024-01-22.xls,bendras fosforas,mg/l
1,7,Strait,2023-02-08,13.5,TP,39,0.071,mg P/L,2023_KM_BJ_Hidrochemija_patikrinta_2024-01-22.xls,bendras fosforas,mg/l
1,7,Strait,2023-02-08,0.5,TSS,,19.0,mg/L,2023_KM_BJ_Hidrochemija_patikrinta_2024-01-22.xls,suspenduotos (skendinčios),mg/l
1,7,Strait,2023-02-08,13.5,TSS,,20.0,mg/L,2023_KM_BJ_Hidrochemija_patikrinta_2024-01-22.xls,suspenduotos (skendinčios),mg/l
1,7,Strait,2023-04-03,0.5,BOD7,,2.5,mg O2/L,2023_KM_BJ_Hidrochemija_patikrinta_2024-01-22.xls,biocheminis deguonies suva,mg/l O2
1,7,Strait,2023-04-03,7,BOD7,,1.9,mg O2/L,2023_KM_BJ_Hidrochemija_patikrinta_2024-01-22.xls,biocheminis deguonies suva,mg/l O2
1,7,Strait,2023-04-03,Paviršinis sluoksnis,CHLA,59,27.64,ug/L,Chlorofilas_a_KM_BJ_2023_patikrinta_2024-01-29.xls,chlorofilas a,µg/l
1,7,Strait,2023-04-03,0.5,DIN,,2.34,mg N/L,2023_KM_BJ_Hidrochemija_patikrinta_2024-01-22.xls,azotas mineralinis,mg/l
1,7,Strait,2023-04-03,7,DIN,,2.154,mg N/L,2023_KM_BJ_Hidrochemija_patikrinta_2024-01-22.xls,azotas mineralinis,mg/l
1,7,Strait,2023-04-03,0.5,NH4,1,0.029,mg N/L,2023_KM_BJ_Hidrochemija_patikrinta_2024-01-22.xls,amonio azotas,mg/l N
1,7,Strait,2023-04-03,7,NH4,1,0.043,mg N/L,2023_KM_BJ_Hidrochemija_patikrinta_2024-01-22.xls,amonio azotas,mg/l N
1,7,Strait,2023-04-03,0.5,NO2,,0.011,mg N/L,2023_KM_BJ_Hidrochemija_patikrinta_2024-01-22.xls,nitritų azotas,mg/l N
1,7,Strait,2023-04-03,7,NO2,,0.011,mg N/L,2023_KM_BJ_Hidrochemija_patikrinta_2024-01-22.xls,nitritų azotas,mg/l N
1,7,Strait,2023-04-03,0.5,NO3,2,2.3,mg N/L,2023_KM_BJ_Hidrochemija_patikrinta_2024-01-22.xls,nitratų azotas,mg/l N
1,7,Strait,2023-04-03,7,NO3,2,2.1,mg N/L,2023_KM_BJ_Hidrochemija_patikrinta_2024-01-22.xls,nitratų azotas,mg/l N
1,7,Strait,2023-04-03,0.5,PO4,3,0.006,mg P/L,2023_KM_BJ_Hidrochemija_patikrinta_2024-01-22.xls,fosfatų fosforas,mg/l P
1,7,Strait,2023-04-03,7,PO4,3,0.006,mg P/L,2023_KM_BJ_Hidrochemija_patikrinta_2024-01-22.xls,fosfatų fosforas,mg/l P
1,7,Strait,2023-04-03,0.5,Si,17,1.11,mg Si/L,2023_KM_BJ_Hidrochemija_patikrinta_2024-01-22.xls,silicis,mg/l
1,7,Strait,2023-04-03,7,Si,17,1.26,mg Si/L,2023_KM_BJ_Hidrochemija_patikrinta_2024-01-22.xls,silicis,mg/l
1,7,Strait,2023-04-03,0.5,TN,40,2.9,mg N/L,2023_KM_BJ_Hidrochemija_patikrinta_2024-01-22.xls,azotas bendras,mg/l
1,7,Strait,2023-04-03,7,TN,40,2.6,mg N/L,2023_KM_BJ_Hidrochemija_patikrinta_2024-01-22.xls,azotas bendras,mg/l
1,7,Strait,2023-04-03,0.5,TP,39,0.045,mg P/L,2023_KM_BJ_Hidrochemija_patikrinta_2024-01-22.xls,bendras fosforas,mg/l
1,7,Strait,2023-04-03,7,TP,39,0.044,mg P/L,2023_KM_BJ_Hidrochemija_patikrinta_2024-01-22.xls,bendras fosforas,mg/l
1,7,Strait,2023-04-03,0.5,TSS,,9.5,mg/L,2023_KM_BJ_Hidrochemija_patikrinta_2024-01-22.xls,suspenduotos (skendinčios),mg/l
1,7,Strait,2023-04-03,7,TSS,,11.0,mg/L,2023_KM_BJ_Hidrochemija_patikrinta_2024-01-22.xls,suspenduotos (skendinčios),mg/l
1,7,Strait,2023-04-21,0.5,BOD7,,3.7,mg O2/L,2023_KM_BJ_Hidrochemija_patikrinta_2024-01-22.xls,biocheminis deguonies suva,mg/l O2
1,7,Strait,2023-04-21,14.1,BOD7,,4.0,mg O2/L,2023_KM_BJ_Hidrochemija_patikrinta_2024-01-22.xls,biocheminis deguonies suva,mg/l O2
1,7,Strait,2023-04-21,Paviršinis sluoksnis,CHLA,59,42.65,ug/L,Chlorofilas_a_KM_BJ_2023_patikrinta_2024-01-29.xls,chlorofilas a,µg/l
1,7,Strait,2023-04-21,0.5,DIN,,1.544,mg N/L,2023_KM_BJ_Hidrochemija_patikrinta_2024-01-22.xls,azotas mineralinis,mg/l
1,7,Strait,2023-04-21,14.1,DIN,,1.443,mg N/L,2023_KM_BJ_Hidrochemija_patikrinta_2024-01-22.xls,azotas mineralinis,mg/l
1,7,Strait,2023-04-21,0.5,NH4,1,0.034,mg N/L,2023_KM_BJ_Hidrochemija_patikrinta_2024-01-22.xls,amonio azotas,mg/l N
1,7,Strait,2023-04-21,14.1,NH4,1,0.032,mg N/L,2023_KM_BJ_Hidrochemija_patikrinta_2024-01-22.xls,amonio azotas,mg/l N
1,7,Strait,2023-04-21,0.5,NO2,,0.01,mg N/L,2023_KM_BJ_Hidrochemija_patikrinta_2024-01-22.xls,nitritų azotas,mg/l N
1,7,Strait,2023-04-21,14.1,NO2,,0.011,mg N/L,2023_KM_BJ_Hidrochemija_patikrinta_2024-01-22.xls,nitritų azotas,mg/l N
1,7,Strait,2023-04-21,0.5,NO3,2,1.5,mg N/L,2023_KM_BJ_Hidrochemija_patikrinta_2024-01-22.xls,nitratų azotas,mg/l N
1,7,Strait,2023-04-21,14.1,NO3,2,1.4,mg N/L,2023_KM_BJ_Hidrochemija_patikrinta_2024-01-22.xls,nitratų azotas,mg/l N
1,7,Strait,2023-04-21,0.5,PO4,3,0.006,mg P/L,2023_KM_BJ_Hidrochemija_patikrinta_2024-01-22.xls,fosfatų fosforas,mg/l P
1,7,Strait,2023-04-21,14.1,PO4,3,0.006,mg P/L,2023_KM_BJ_Hidrochemija_patikrinta_2024-01-22.xls,fosfatų fosforas,mg/l P
1,7,Strait,2023-04-21,0.5,Si,17,0.83,mg Si/L,2023_KM_BJ_Hidrochemija_patikrinta_2024-01-22.xls,silicis,mg/l
1,7,Strait,2023-04-21,14.1,Si,17,0.96,mg Si/L,2023_KM_BJ_Hidrochemija_patikrinta_2024-01-22.xls,silicis,mg/l
1,7,Strait,2023-04-21,0.5,TN,40,2.1,mg N/L,2023_KM_BJ_Hidrochemija_patikrinta_2024-01-22.xls,azotas bendras,mg/l
1,7,Strait,2023-04-21,14.1,TN,40,2.1,mg N/L,2023_KM_BJ_Hidrochemija_patikrinta_2024-01-22.xls,azotas bendras,mg/l
1,7,Strait,2023-04-21,0.5,TP,39,0.06,mg P/L,2023_KM_BJ_Hidrochemija_patikrinta_2024-01-22.xls,bendras fosforas,mg/l
1,7,Strait,2023-04-21,14.1,TP,39,0.063,mg P/L,2023_KM_BJ_Hidrochemija_patikrinta_2024-01-22.xls,bendras fosforas,mg/l
1,7,Strait,2023-04-21,0.5,TSS,,17.0,mg/L,2023_KM_BJ_Hidrochemija_patikrinta_2024-01-22.xls,suspenduotos (skendinčios),mg/l
1,7,Strait,2023-04-21,14.1,TSS,,25.0,mg/L,2023_KM_BJ_Hidrochemija_patikrinta_2024-01-22.xls,suspenduotos (skendinčios),mg/l
1,7,Strait,2023-05-25,0.5,BOD7,,2.0,mg O2/L,2023_KM_BJ_Hidrochemija_patikrinta_2024-01-22.xls,biocheminis deguonies suva,mg/l O2
1,7,Strait,2023-05-25,13.8,BOD7,,0.66,mg O2/L,2023_KM_BJ_Hidrochemija_patikrinta_2024-01-22.xls,biocheminis deguonies suva,mg/l O2
1,7,Strait,2023-05-25,Paviršinis sluoksnis,CHLA,59,10.24,ug/L,Chlorofilas_a_KM_BJ_2023_patikrinta_2024-01-29.xls,chlorofilas a,µg/l
1,7,Strait,2023-05-25,0.5,DIN,,0.542,mg N/L,2023_KM_BJ_Hidrochemija_patikrinta_2024-01-22.xls,azotas mineralinis,mg/l
1,7,Strait,2023-05-25,13.8,DIN,,0.214,mg N/L,2023_KM_BJ_Hidrochemija_patikrinta_2024-01-22.xls,azotas mineralinis,mg/l
1,7,Strait,2023-05-25,0.5,NH4,1,0.053,mg N/L,2023_KM_BJ_Hidrochemija_patikrinta_2024-01-22.xls,amonio azotas,mg/l N
1,7,Strait,2023-05-25,13.8,NH4,1,0.093,mg N/L,2023_KM_BJ_Hidrochemija_patikrinta_2024-01-22.xls,amonio azotas,mg/l N
1,7,Strait,2023-05-25,0.5,NO2,,0.009,mg N/L,2023_KM_BJ_Hidrochemija_patikrinta_2024-01-22.xls,nitritų azotas,mg/l N
1,7,Strait,2023-05-25,13.8,NO2,,0.011,mg N/L,2023_KM_BJ_Hidrochemija_patikrinta_2024-01-22.xls,nitritų azotas,mg/l N
1,7,Strait,2023-05-25,0.5,NO3,2,0.48,mg N/L,2023_KM_BJ_Hidrochemija_patikrinta_2024-01-22.xls,nitratų azotas,mg/l N
1,7,Strait,2023-05-25,13.8,NO3,2,0.11,mg N/L,2023_KM_BJ_Hidrochemija_patikrinta_2024-01-22.xls,nitratų azotas,mg/l N
1,7,Strait,2023-05-25,0.5,PO4,3,0.006,mg P/L,2023_KM_BJ_Hidrochemija_patikrinta_2024-01-22.xls,fosfatų fosforas,mg/l P
1,7,Strait,2023-05-25,13.8,PO4,3,0.006,mg P/L,2023_KM_BJ_Hidrochemija_patikrinta_2024-01-22.xls,fosfatų fosforas,mg/l P
1,7,Strait,2023-05-25,0.5,Si,17,0.21,mg Si/L,2023_KM_BJ_Hidrochemija_patikrinta_2024-01-22.xls,silicis,mg/l
1,7,Strait,2023-05-25,13.8,Si,17,0.88,mg Si/L,2023_KM_BJ_Hidrochemija_patikrinta_2024-01-22.xls,silicis,mg/l
1,7,Strait,2023-05-25,0.5,TN,40,1.2,mg N/L,2023_KM_BJ_Hidrochemija_patikrinta_2024-01-22.xls,azotas bendras,mg/l
1,7,Strait,2023-05-25,13.8,TN,40,1.3,mg N/L,2023_KM_BJ_Hidrochemija_patikrinta_2024-01-22.xls,azotas bendras,mg/l
1,7,Strait,2023-05-25,0.5,TP,39,0.045,mg P/L,2023_KM_BJ_Hidrochemija_patikrinta_2024-01-22.xls,bendras fosforas,mg/l
1,7,Strait,2023-05-25,13.8,TP,39,0.026,mg P/L,2023_KM_BJ_Hidrochemija_patikrinta_2024-01-22.xls,bendras fosforas,mg/l
1,7,Strait,2023-05-25,0.5,TSS,,7.2,mg/L,2023_KM_BJ_Hidrochemija_patikrinta_2024-01-22.xls,suspenduotos (skendinčios),mg/l
1,7,Strait,2023-05-25,13.8,TSS,,6.5,mg/L,2023_KM_BJ_Hidrochemija_patikrinta_2024-01-22.xls,suspenduotos (skendinčios),mg/l
1,7,Strait,2023-06-16,0.5,BOD7,,4.0,mg O2/L,2023_KM_BJ_Hidrochemija_patikrinta_2024-01-22.xls,biocheminis deguonies suva,mg/l O2
1,7,Strait,2023-06-16,13.2,BOD7,,1.1,mg O2/L,2023_KM_BJ_Hidrochemija_patikrinta_2024-01-22.xls,biocheminis deguonies suva,mg/l O2
1,7,Strait,2023-06-16,Paviršinis sluoksnis,CHLA,59,26.51,ug/L,Chlorofilas_a_KM_BJ_2023_patikrinta_2024-01-29.xls,chlorofilas a,µg/l
1,7,Strait,2023-06-16,0.5,DIN,,0.119,mg N/L,2023_KM_BJ_Hidrochemija_patikrinta_2024-01-22.xls,azotas mineralinis,mg/l
1,7,Strait,2023-06-16,13.2,DIN,,0.125,mg N/L,2023_KM_BJ_Hidrochemija_patikrinta_2024-01-22.xls,azotas mineralinis,mg/l
1,7,Strait,2023-06-16,0.5,NH4,1,0.087,mg N/L,2023_KM_BJ_Hidrochemija_patikrinta_2024-01-22.xls,amonio azotas,mg/l N
1,7,Strait,2023-06-16,13.2,NH4,1,0.091,mg N/L,2023_KM_BJ_Hidrochemija_patikrinta_2024-01-22.xls,amonio azotas,mg/l N
1,7,Strait,2023-06-16,0.5,NO2,,0.003,mg N/L,2023_KM_BJ_Hidrochemija_patikrinta_2024-01-22.xls,nitritų azotas,mg/l N
1,7,Strait,2023-06-16,13.2,NO2,,0.006,mg N/L,2023_KM_BJ_Hidrochemija_patikrinta_2024-01-22.xls,nitritų azotas,mg/l N
1,7,Strait,2023-06-16,0.5,NO3,2,0.029,mg N/L,2023_KM_BJ_Hidrochemija_patikrinta_2024-01-22.xls,nitratų azotas,mg/l N
1,7,Strait,2023-06-16,13.2,NO3,2,0.028,mg N/L,2023_KM_BJ_Hidrochemija_patikrinta_2024-01-22.xls,nitratų azotas,mg/l N
1,7,Strait,2023-06-16,0.5,PO4,3,0.006,mg P/L,2023_KM_BJ_Hidrochemija_patikrinta_2024-01-22.xls,fosfatų fosforas,mg/l P
1,7,Strait,2023-06-16,13.2,PO4,3,0.006,mg P/L,2023_KM_BJ_Hidrochemija_patikrinta_2024-01-22.xls,fosfatų fosforas,mg/l P
1,7,Strait,2023-06-16,0.5,Si,17,1.06,mg Si/L,2023_KM_BJ_Hidrochemija_patikrinta_2024-01-22.xls,silicis,mg/l
1,7,Strait,2023-06-16,13.2,Si,17,0.55,mg Si/L,2023_KM_BJ_Hidrochemija_patikrinta_2024-01-22.xls,silicis,mg/l
1,7,Strait,2023-06-16,0.5,TN,40,1.0,mg N/L,2023_KM_BJ_Hidrochemija_patikrinta_2024-01-22.xls,azotas bendras,mg/l
1,7,Strait,2023-06-16,13.2,TN,40,0.61,mg N/L,2023_KM_BJ_Hidrochemija_patikrinta_2024-01-22.xls,azotas bendras,mg/l
1,7,Strait,2023-06-16,0.5,TP,39,0.082,mg P/L,2023_KM_BJ_Hidrochemija_patikrinta_2024-01-22.xls,bendras fosforas,mg/l
1,7,Strait,2023-06-16,13.2,TP,39,0.036,mg P/L,2023_KM_BJ_Hidrochemija_patikrinta_2024-01-22.xls,bendras fosforas,mg/l
1,7,Strait,2023-06-16,0.5,TSS,,24.0,mg/L,2023_KM_BJ_Hidrochemija_patikrinta_2024-01-22.xls,suspenduotos (skendinčios),mg/l
1,7,Strait,2023-06-16,13.2,TSS,,13.0,mg/L,2023_KM_BJ_Hidrochemija_patikrinta_2024-01-22.xls,suspenduotos (skendinčios),mg/l
1,7,Strait,2023-07-13,0.5,BOD7,,2.4,mg O2/L,2023_KM_BJ_Hidrochemija_patikrinta_2024-01-22.xls,biocheminis deguonies suva,mg/l O2
1,7,Strait,2023-07-13,13.7,BOD7,,1.4,mg O2/L,2023_KM_BJ_Hidrochemija_patikrinta_2024-01-22.xls,biocheminis deguonies suva,mg/l O2
1,7,Strait,2023-07-13,Paviršinis sluoksnis,CHLA,59,13.25,ug/L,Chlorofilas_a_KM_BJ_2023_patikrinta_2024-01-29.xls,chlorofilas a,µg/l
1,7,Strait,2023-07-13,0.5,DIN,,0.027,mg N/L,2023_KM_BJ_Hidrochemija_patikrinta_2024-01-22.xls,azotas mineralinis,mg/l
1,7,Strait,2023-07-13,13.7,DIN,,0.028,mg N/L,2023_KM_BJ_Hidrochemija_patikrinta_2024-01-22.xls,azotas mineralinis,mg/l
1,7,Strait,2023-07-13,0.5,NH4,1,0.024,mg N/L,2023_KM_BJ_Hidrochemija_patikrinta_2024-01-22.xls,amonio azotas,mg/l N
1,7,Strait,2023-07-13,13.7,NH4,1,0.025,mg N/L,2023_KM_BJ_Hidrochemija_patikrinta_2024-01-22.xls,amonio azotas,mg/l N
1,7,Strait,2023-07-13,0.5,NO2,,0.001,mg N/L,2023_KM_BJ_Hidrochemija_patikrinta_2024-01-22.xls,nitritų azotas,mg/l N
1,7,Strait,2023-07-13,13.7,NO2,,0.001,mg N/L,2023_KM_BJ_Hidrochemija_patikrinta_2024-01-22.xls,nitritų azotas,mg/l N
1,7,Strait,2023-07-13,0.5,NO3,2,0.002,mg N/L,2023_KM_BJ_Hidrochemija_patikrinta_2024-01-22.xls,nitratų azotas,mg/l N
1,7,Strait,2023-07-13,13.7,NO3,2,0.002,mg N/L,2023_KM_BJ_Hidrochemija_patikrinta_2024-01-22.xls,nitratų azotas,mg/l N
1,7,Strait,2023-07-13,0.5,PO4,3,0.006,mg P/L,2023_KM_BJ_Hidrochemija_patikrinta_2024-01-22.xls,fosfatų fosforas,mg/l P
1,7,Strait,2023-07-13,13.7,PO4,3,0.006,mg P/L,2023_KM_BJ_Hidrochemija_patikrinta_2024-01-22.xls,fosfatų fosforas,mg/l P
1,7,Strait,2023-07-13,0.5,Si,17,0.21,mg Si/L,2023_KM_BJ_Hidrochemija_patikrinta_2024-01-22.xls,silicis,mg/l
1,7,Strait,2023-07-13,13.7,Si,17,0.67,mg Si/L,2023_KM_BJ_Hidrochemija_patikrinta_2024-01-22.xls,silicis,mg/l
1,7,Strait,2023-07-13,0.5,TN,40,0.73,mg N/L,2023_KM_BJ_Hidrochemija_patikrinta_2024-01-22.xls,azotas bendras,mg/l
1,7,Strait,2023-07-13,13.7,TN,40,0.49,mg N/L,2023_KM_BJ_Hidrochemija_patikrinta_2024-01-22.xls,azotas bendras,mg/l
1,7,Strait,2023-07-13,0.5,TP,39,0.046,mg P/L,2023_KM_BJ_Hidrochemija_patikrinta_2024-01-22.xls,bendras fosforas,mg/l
1,7,Strait,2023-07-13,13.7,TP,39,0.034,mg P/L,2023_KM_BJ_Hidrochemija_patikrinta_2024-01-22.xls,bendras fosforas,mg/l
1,7,Strait,2023-07-13,0.5,TSS,,12.0,mg/L,2023_KM_BJ_Hidrochemija_patikrinta_2024-01-22.xls,suspenduotos (skendinčios),mg/l
1,7,Strait,2023-07-13,13.7,TSS,,8.7,mg/L,2023_KM_BJ_Hidrochemija_patikrinta_2024-01-22.xls,suspenduotos (skendinčios),mg/l
1,7,Strait,2023-08-14,0.5,BOD7,,2.0,mg O2/L,2023_KM_BJ_Hidrochemija_patikrinta_2024-01-22.xls,biocheminis deguonies suva,mg/l O2
1,7,Strait,2023-08-14,13.9,BOD7,,1.5,mg O2/L,2023_KM_BJ_Hidrochemija_patikrinta_2024-01-22.xls,biocheminis deguonies suva,mg/l O2
1,7,Strait,2023-08-14,Paviršinis sluoksnis,CHLA,59,10.74,ug/L,Chlorofilas_a_KM_BJ_2023_patikrinta_2024-01-29.xls,chlorofilas a,µg/l
1,7,Strait,2023-08-14,0.5,DIN,,0.023,mg N/L,2023_KM_BJ_Hidrochemija_patikrinta_2024-01-22.xls,azotas mineralinis,mg/l
1,7,Strait,2023-08-14,13.9,DIN,,0.023,mg N/L,2023_KM_BJ_Hidrochemija_patikrinta_2024-01-22.xls,azotas mineralinis,mg/l
1,7,Strait,2023-08-14,0.5,NH4,1,0.02,mg N/L,2023_KM_BJ_Hidrochemija_patikrinta_2024-01-22.xls,amonio azotas,mg/l N
1,7,Strait,2023-08-14,13.9,NH4,1,0.02,mg N/L,2023_KM_BJ_Hidrochemija_patikrinta_2024-01-22.xls,amonio azotas,mg/l N
1,7,Strait,2023-08-14,0.5,NO2,,0.001,mg N/L,2023_KM_BJ_Hidrochemija_patikrinta_2024-01-22.xls,nitritų azotas,mg/l N
1,7,Strait,2023-08-14,13.9,NO2,,0.001,mg N/L,2023_KM_BJ_Hidrochemija_patikrinta_2024-01-22.xls,nitritų azotas,mg/l N
1,7,Strait,2023-08-14,0.5,NO3,2,0.002,mg N/L,2023_KM_BJ_Hidrochemija_patikrinta_2024-01-22.xls,nitratų azotas,mg/l N
1,7,Strait,2023-08-14,13.9,NO3,2,0.002,mg N/L,2023_KM_BJ_Hidrochemija_patikrinta_2024-01-22.xls,nitratų azotas,mg/l N
1,7,Strait,2023-08-14,0.5,PO4,3,0.006,mg P/L,2023_KM_BJ_Hidrochemija_patikrinta_2024-01-22.xls,fosfatų fosforas,mg/l P
1,7,Strait,2023-08-14,13.9,PO4,3,0.015,mg P/L,2023_KM_BJ_Hidrochemija_patikrinta_2024-01-22.xls,fosfatų fosforas,mg/l P
1,7,Strait,2023-08-14,0.5,Si,17,0.21,mg Si/L,2023_KM_BJ_Hidrochemija_patikrinta_2024-01-22.xls,silicis,mg/l
1,7,Strait,2023-08-14,13.9,Si,17,0.21,mg Si/L,2023_KM_BJ_Hidrochemija_patikrinta_2024-01-22.xls,silicis,mg/l
1,7,Strait,2023-08-14,0.5,TN,40,0.61,mg N/L,2023_KM_BJ_Hidrochemija_patikrinta_2024-01-22.xls,azotas bendras,mg/l
1,7,Strait,2023-08-14,13.9,TN,40,0.49,mg N/L,2023_KM_BJ_Hidrochemija_patikrinta_2024-01-22.xls,azotas bendras,mg/l
1,7,Strait,2023-08-14,0.5,TP,39,0.043,mg P/L,2023_KM_BJ_Hidrochemija_patikrinta_2024-01-22.xls,bendras fosforas,mg/l
1,7,Strait,2023-08-14,13.9,TP,39,0.06,mg P/L,2023_KM_BJ_Hidrochemija_patikrinta_2024-01-22.xls,bendras fosforas,mg/l
1,7,Strait,2023-08-14,0.5,TSS,,5.7,mg/L,2023_KM_BJ_Hidrochemija_patikrinta_2024-01-22.xls,suspenduotos (skendinčios),mg/l
1,7,Strait,2023-08-14,13.9,TSS,,19.0,mg/L,2023_KM_BJ_Hidrochemija_patikrinta_2024-01-22.xls,suspenduotos (skendinčios),mg/l
1,7,Strait,2023-09-25,0.5,BOD7,,1.2,mg O2/L,2023_KM_BJ_Hidrochemija_patikrinta_2024-01-22.xls,biocheminis deguonies suva,mg/l O2
1,7,Strait,2023-09-25,13.9,BOD7,,0.81,mg O2/L,2023_KM_BJ_Hidrochemija_patikrinta_2024-01-22.xls,biocheminis deguonies suva,mg/l O2
1,7,Strait,2023-09-25,Paviršinis sluoksnis,CHLA,59,9.88,ug/L,Chlorofilas_a_KM_BJ_2023_patikrinta_2024-01-29.xls,chlorofilas a,µg/l
1,7,Strait,2023-09-25,0.5,DIN,,0.125,mg N/L,2023_KM_BJ_Hidrochemija_patikrinta_2024-01-22.xls,azotas mineralinis,mg/l
1,7,Strait,2023-09-25,13.9,DIN,,0.124,mg N/L,2023_KM_BJ_Hidrochemija_patikrinta_2024-01-22.xls,azotas mineralinis,mg/l
1,7,Strait,2023-09-25,0.5,NH4,1,0.11,mg N/L,2023_KM_BJ_Hidrochemija_patikrinta_2024-01-22.xls,amonio azotas,mg/l N
1,7,Strait,2023-09-25,13.9,NH4,1,0.11,mg N/L,2023_KM_BJ_Hidrochemija_patikrinta_2024-01-22.xls,amonio azotas,mg/l N
1,7,Strait,2023-09-25,0.5,NO2,,0.005,mg N/L,2023_KM_BJ_Hidrochemija_patikrinta_2024-01-22.xls,nitritų azotas,mg/l N
1,7,Strait,2023-09-25,13.9,NO2,,0.001,mg N/L,2023_KM_BJ_Hidrochemija_patikrinta_2024-01-22.xls,nitritų azotas,mg/l N
1,7,Strait,2023-09-25,0.5,NO3,2,0.01,mg N/L,2023_KM_BJ_Hidrochemija_patikrinta_2024-01-22.xls,nitratų azotas,mg/l N
1,7,Strait,2023-09-25,13.9,NO3,2,0.013,mg N/L,2023_KM_BJ_Hidrochemija_patikrinta_2024-01-22.xls,nitratų azotas,mg/l N
1,7,Strait,2023-09-25,0.5,PO4,3,0.006,mg P/L,2023_KM_BJ_Hidrochemija_patikrinta_2024-01-22.xls,fosfatų fosforas,mg/l P
1,7,Strait,2023-09-25,13.9,PO4,3,0.014,mg P/L,2023_KM_BJ_Hidrochemija_patikrinta_2024-01-22.xls,fosfatų fosforas,mg/l P
1,7,Strait,2023-09-25,0.5,Si,17,0.35,mg Si/L,2023_KM_BJ_Hidrochemija_patikrinta_2024-01-22.xls,silicis,mg/l
1,7,Strait,2023-09-25,13.9,Si,17,0.43,mg Si/L,2023_KM_BJ_Hidrochemija_patikrinta_2024-01-22.xls,silicis,mg/l
1,7,Strait,2023-09-25,0.5,TN,40,0.71,mg N/L,2023_KM_BJ_Hidrochemija_patikrinta_2024-01-22.xls,azotas bendras,mg/l
1,7,Strait,2023-09-25,13.9,TN,40,0.54,mg N/L,2023_KM_BJ_Hidrochemija_patikrinta_2024-01-22.xls,azotas bendras,mg/l
1,7,Strait,2023-09-25,0.5,TP,39,0.037,mg P/L,2023_KM_BJ_Hidrochemija_patikrinta_2024-01-22.xls,bendras fosforas,mg/l
1,7,Strait,2023-09-25,13.9,TP,39,0.04,mg P/L,2023_KM_BJ_Hidrochemija_patikrinta_2024-01-22.xls,bendras fosforas,mg/l
1,7,Strait,2023-09-25,0.5,TSS,,3.6,mg/L,2023_KM_BJ_Hidrochemija_patikrinta_2024-01-22.xls,suspenduotos (skendinčios),mg/l
1,7,Strait,2023-09-25,13.9,TSS,,5.3,mg/L,2023_KM_BJ_Hidrochemija_patikrinta_2024-01-22.xls,suspenduotos (skendinčios),mg/l
1,7,Strait,2023-10-16,0.5,BOD7,,0.64,mg O2/L,2023_KM_BJ_Hidrochemija_patikrinta_2024-01-22.xls,biocheminis deguonies suva,mg/l O2
1,7,Strait,2023-10-16,14.5,BOD7,,0.94,mg O2/L,2023_KM_BJ_Hidrochemija_patikrinta_2024-01-22.xls,biocheminis deguonies suva,mg/l O2
1,7,Strait,2023-10-16,Paviršinis sluoksnis,CHLA,59,4.3,ug/L,Chlorofilas_a_KM_BJ_2023_patikrinta_2024-01-29.xls,chlorofilas a,µg/l
1,7,Strait,2023-10-16,0.5,DIN,,0.094,mg N/L,2023_KM_BJ_Hidrochemija_patikrinta_2024-01-22.xls,azotas mineralinis,mg/l
1,7,Strait,2023-10-16,14.5,DIN,,0.1,mg N/L,2023_KM_BJ_Hidrochemija_patikrinta_2024-01-22.xls,azotas mineralinis,mg/l
1,7,Strait,2023-10-16,0.5,NH4,1,0.059,mg N/L,2023_KM_BJ_Hidrochemija_patikrinta_2024-01-22.xls,amonio azotas,mg/l N
1,7,Strait,2023-10-16,14.5,NH4,1,0.066,mg N/L,2023_KM_BJ_Hidrochemija_patikrinta_2024-01-22.xls,amonio azotas,mg/l N
1,7,Strait,2023-10-16,0.5,NO2,,0.005,mg N/L,2023_KM_BJ_Hidrochemija_patikrinta_2024-01-22.xls,nitritų azotas,mg/l N
1,7,Strait,2023-10-16,14.5,NO2,,0.005,mg N/L,2023_KM_BJ_Hidrochemija_patikrinta_2024-01-22.xls,nitritų azotas,mg/l N
1,7,Strait,2023-10-16,0.5,NO3,2,0.03,mg N/L,2023_KM_BJ_Hidrochemija_patikrinta_2024-01-22.xls,nitratų azotas,mg/l N
1,7,Strait,2023-10-16,14.5,NO3,2,0.029,mg N/L,2023_KM_BJ_Hidrochemija_patikrinta_2024-01-22.xls,nitratų azotas,mg/l N
1,7,Strait,2023-10-16,0.5,PO4,3,0.011,mg P/L,2023_KM_BJ_Hidrochemija_patikrinta_2024-01-22.xls,fosfatų fosforas,mg/l P
1,7,Strait,2023-10-16,14.5,PO4,3,0.006,mg P/L,2023_KM_BJ_Hidrochemija_patikrinta_2024-01-22.xls,fosfatų fosforas,mg/l P
1,7,Strait,2023-10-16,0.5,Si,17,0.28,mg Si/L,2023_KM_BJ_Hidrochemija_patikrinta_2024-01-22.xls,silicis,mg/l
1,7,Strait,2023-10-16,14.5,Si,17,0.3,mg Si/L,2023_KM_BJ_Hidrochemija_patikrinta_2024-01-22.xls,silicis,mg/l
1,7,Strait,2023-10-16,0.5,TN,40,0.46,mg N/L,2023_KM_BJ_Hidrochemija_patikrinta_2024-01-22.xls,azotas bendras,mg/l
1,7,Strait,2023-10-16,14.5,TN,40,0.47,mg N/L,2023_KM_BJ_Hidrochemija_patikrinta_2024-01-22.xls,azotas bendras,mg/l
1,7,Strait,2023-10-16,0.5,TP,39,0.035,mg P/L,2023_KM_BJ_Hidrochemija_patikrinta_2024-01-22.xls,bendras fosforas,mg/l
1,7,Strait,2023-10-16,14.5,TP,39,0.04,mg P/L,2023_KM_BJ_Hidrochemija_patikrinta_2024-01-22.xls,bendras fosforas,mg/l
1,7,Strait,2023-10-16,0.5,TSS,,16.0,mg/L,2023_KM_BJ_Hidrochemija_patikrinta_2024-01-22.xls,suspenduotos (skendinčios),mg/l
1,7,Strait,2023-10-16,14.5,TSS,,15.0,mg/L,2023_KM_BJ_Hidrochemija_patikrinta_2024-01-22.xls,suspenduotos (skendinčios),mg/l
1,7,Strait,2023-11-15,0.5,BOD7,,1.4,mg O2/L,2023_KM_BJ_Hidrochemija_patikrinta_2024-01-22.xls,biocheminis deguonies suva,mg/l O2
1,7,Strait,2023-11-15,13.2,BOD7,,0.82,mg O2/L,2023_KM_BJ_Hidrochemija_patikrinta_2024-01-22.xls,biocheminis deguonies suva,mg/l O2
1,7,Strait,2023-11-15,Paviršinis sluoksnis,CHLA,59,25.7,ug/L,Chlorofilas_a_KM_BJ_2023_patikrinta_2024-01-29.xls,chlorofilas a,µg/l
1,7,Strait,2023-11-15,0.5,DIN,,0.773,mg N/L,2023_KM_BJ_Hidrochemija_patikrinta_2024-01-22.xls,azotas mineralinis,mg/l
1,7,Strait,2023-11-15,13.2,DIN,,0.112,mg N/L,2023_KM_BJ_Hidrochemija_patikrinta_2024-01-22.xls,azotas mineralinis,mg/l
1,7,Strait,2023-11-15,0.5,NH4,1,0.036,mg N/L,2023_KM_BJ_Hidrochemija_patikrinta_2024-01-22.xls,amonio azotas,mg/l N
1,7,Strait,2023-11-15,13.2,NH4,1,0.056,mg N/L,2023_KM_BJ_Hidrochemija_patikrinta_2024-01-22.xls,amonio azotas,mg/l N
1,7,Strait,2023-11-15,0.5,NO2,,0.007,mg N/L,2023_KM_BJ_Hidrochemija_patikrinta_2024-01-22.xls,nitritų azotas,mg/l N
1,7,Strait,2023-11-15,13.2,NO2,,0.004,mg N/L,2023_KM_BJ_Hidrochemija_patikrinta_2024-01-22.xls,nitritų azotas,mg/l N
1,7,Strait,2023-11-15,0.5,NO3,2,0.73,mg N/L,2023_KM_BJ_Hidrochemija_patikrinta_2024-01-22.xls,nitratų azotas,mg/l N
1,7,Strait,2023-11-15,13.2,NO3,2,0.052,mg N/L,2023_KM_BJ_Hidrochemija_patikrinta_2024-01-22.xls,nitratų azotas,mg/l N
1,7,Strait,2023-11-15,0.5,PO4,3,0.009,mg P/L,2023_KM_BJ_Hidrochemija_patikrinta_2024-01-22.xls,fosfatų fosforas,mg/l P
1,7,Strait,2023-11-15,13.2,PO4,3,0.011,mg P/L,2023_KM_BJ_Hidrochemija_patikrinta_2024-01-22.xls,fosfatų fosforas,mg/l P
1,7,Strait,2023-11-15,0.5,Si,17,1.19,mg Si/L,2023_KM_BJ_Hidrochemija_patikrinta_2024-01-22.xls,silicis,mg/l
1,7,Strait,2023-11-15,13.2,Si,17,0.67,mg Si/L,2023_KM_BJ_Hidrochemija_patikrinta_2024-01-22.xls,silicis,mg/l
1,7,Strait,2023-11-15,0.5,TN,40,1.3,mg N/L,2023_KM_BJ_Hidrochemija_patikrinta_2024-01-22.xls,azotas bendras,mg/l
1,7,Strait,2023-11-15,13.2,TN,40,0.45,mg N/L,2023_KM_BJ_Hidrochemija_patikrinta_2024-01-22.xls,azotas bendras,mg/l
1,7,Strait,2023-11-15,0.5,TP,39,0.063,mg P/L,2023_KM_BJ_Hidrochemija_patikrinta_2024-01-22.xls,bendras fosforas,mg/l
1,7,Strait,2023-11-15,13.2,TP,39,0.05,mg P/L,2023_KM_BJ_Hidrochemija_patikrinta_2024-01-22.xls,bendras fosforas,mg/l
1,7,Strait,2023-11-15,0.5,TSS,,9.9,mg/L,2023_KM_BJ_Hidrochemija_patikrinta_2024-01-22.xls,suspenduotos (skendinčios),mg/l
1,7,Strait,2023-11-15,13.2,TSS,,10.0,mg/L,2023_KM_BJ_Hidrochemija_patikrinta_2024-01-22.xls,suspenduotos (skendinčios),mg/l
10,23,Central,2022-02-23,0.5,BOD7,,1.3,mg O2/L,2022 Hidrochemija_KM_patikrinta_2023-03-30_1061.xls,biocheminis deguonies suvartojimas per 7 paras,mg/l O2
10,23,Central,2022-02-23,0.5,CHLA,59,41.2,ug/L,Chlorofilas a_KM_2022_patikrinta_2023-03-15_1053.xls,Chlorofilas a,µg/l
10,23,Central,2022-02-23,0.5,DIN,,3.326,mg N/L,2022 Hidrochemija_KM_patikrinta_2023-03-30_1061.xls,azotas mineralinis,mg/l
10,23,Central,2022-02-23,0.5,NH4,1,0.016,mg N/L,2022 Hidrochemija_KM_patikrinta_2023-03-30_1061.xls,amonio azotas,mg/l N
10,23,Central,2022-02-23,0.5,NO2,,0.01,mg N/L,2022 Hidrochemija_KM_patikrinta_2023-03-30_1061.xls,nitritų azotas,mg/l N
10,23,Central,2022-02-23,0.5,NO3,2,3.3,mg N/L,2022 Hidrochemija_KM_patikrinta_2023-03-30_1061.xls,nitratų azotas,mg/l N
10,23,Central,2022-02-23,0.5,PO4,3,0.009,mg P/L,2022 Hidrochemija_KM_patikrinta_2023-03-30_1061.xls,fosfatų fosforas,mg/l P
10,23,Central,2022-02-23,0.5,Si,17,3.33,mg Si/L,2022 Hidrochemija_KM_patikrinta_2023-03-30_1061.xls,silicis,mg/l
10,23,Central,2022-02-23,0.5,TN,40,3.6,mg N/L,2022 Hidrochemija_KM_patikrinta_2023-03-30_1061.xls,azotas bendras,mg/l
10,23,Central,2022-02-23,0.5,TP,39,0.069,mg P/L,2022 Hidrochemija_KM_patikrinta_2023-03-30_1061.xls,bendras fosforas,mg/l
10,23,Central,2022-02-23,0.5,TSS,,35.0,mg/L,2022 Hidrochemija_KM_patikrinta_2023-03-30_1061.xls,suspenduotos (skendinčios) medžiagos,mg/l
10,23,Central,2022-03-15,0.5,BOD7,,2.0,mg O2/L,2022 Hidrochemija_KM_patikrinta_2023-03-30_1061.xls,biocheminis deguonies suvartojimas per 7 paras,mg/l O2
10,23,Central,2022-03-15,0.5,CHLA,59,38.86,ug/L,Chlorofilas a_KM_2022_patikrinta_2023-03-15_1053.xls,Chlorofilas a,µg/l
10,23,Central,2022-03-15,0.5,DIN,,1.22,mg N/L,2022 Hidrochemija_KM_patikrinta_2023-03-30_1061.xls,azotas mineralinis,mg/l
10,23,Central,2022-03-15,0.5,NH4,1,0.016,mg N/L,2022 Hidrochemija_KM_patikrinta_2023-03-30_1061.xls,amonio azotas,mg/l N
10,23,Central,2022-03-15,0.5,NO2,,0.004,mg N/L,2022 Hidrochemija_KM_patikrinta_2023-03-30_1061.xls,nitritų azotas,mg/l N
10,23,Central,2022-03-15,0.5,NO3,2,1.2,mg N/L,2022 Hidrochemija_KM_patikrinta_2023-03-30_1061.xls,nitratų azotas,mg/l N
10,23,Central,2022-03-15,0.5,PO4,3,0.006,mg P/L,2022 Hidrochemija_KM_patikrinta_2023-03-30_1061.xls,fosfatų fosforas,mg/l P
10,23,Central,2022-03-15,0.5,Si,17,1.63,mg Si/L,2022 Hidrochemija_KM_patikrinta_2023-03-30_1061.xls,silicis,mg/l
10,23,Central,2022-03-15,0.5,TN,40,1.9,mg N/L,2022 Hidrochemija_KM_patikrinta_2023-03-30_1061.xls,azotas bendras,mg/l
10,23,Central,2022-03-15,0.5,TP,39,0.049,mg P/L,2022 Hidrochemija_KM_patikrinta_2023-03-30_1061.xls,bendras fosforas,mg/l
10,23,Central,2022-03-15,0.5,TSS,,21.0,mg/L,2022 Hidrochemija_KM_patikrinta_2023-03-30_1061.xls,suspenduotos (skendinčios) medžiagos,mg/l
10,23,Central,2022-04-12,0.5,BOD7,,2.6,mg O2/L,2022 Hidrochemija_KM_patikrinta_2023-03-30_1061.xls,biocheminis deguonies suvartojimas per 7 paras,mg/l O2
10,23,Central,2022-04-12,0.5,CHLA,59,43.46,ug/L,Chlorofilas a_KM_2022_patikrinta_2023-03-15_1053.xls,Chlorofilas a,µg/l
10,23,Central,2022-04-12,0.5,DIN,,1.123,mg N/L,2022 Hidrochemija_KM_patikrinta_2023-03-30_1061.xls,azotas mineralinis,mg/l
10,23,Central,2022-04-12,0.5,NH4,1,0.02,mg N/L,2022 Hidrochemija_KM_patikrinta_2023-03-30_1061.xls,amonio azotas,mg/l N
10,23,Central,2022-04-12,0.5,NO2,,0.003,mg N/L,2022 Hidrochemija_KM_patikrinta_2023-03-30_1061.xls,nitritų azotas,mg/l N
10,23,Central,2022-04-12,0.5,NO3,2,1.1,mg N/L,2022 Hidrochemija_KM_patikrinta_2023-03-30_1061.xls,nitratų azotas,mg/l N
10,23,Central,2022-04-12,0.5,PO4,3,0.006,mg P/L,2022 Hidrochemija_KM_patikrinta_2023-03-30_1061.xls,fosfatų fosforas,mg/l P
10,23,Central,2022-04-12,0.5,Si,17,0.7,mg Si/L,2022 Hidrochemija_KM_patikrinta_2023-03-30_1061.xls,silicis,mg/l
10,23,Central,2022-04-12,0.5,TN,40,2.1,mg N/L,2022 Hidrochemija_KM_patikrinta_2023-03-30_1061.xls,azotas bendras,mg/l
10,23,Central,2022-04-12,0.5,TP,39,0.06,mg P/L,2022 Hidrochemija_KM_patikrinta_2023-03-30_1061.xls,bendras fosforas,mg/l
10,23,Central,2022-04-12,0.5,TSS,,20.0,mg/L,2022 Hidrochemija_KM_patikrinta_2023-03-30_1061.xls,suspenduotos (skendinčios) medžiagos,mg/l
10,23,Central,2022-05-04,0.5,BOD7,,3.4,mg O2/L,2022 Hidrochemija_KM_patikrinta_2023-03-30_1061.xls,biocheminis deguonies suvartojimas per 7 paras,mg/l O2
10,23,Central,2022-05-04,0.5,CHLA,59,34.94,ug/L,Chlorofilas a_KM_2022_patikrinta_2023-03-15_1053.xls,Chlorofilas a,µg/l
10,23,Central,2022-05-04,0.5,DIN,,0.522,mg N/L,2022 Hidrochemija_KM_patikrinta_2023-03-30_1061.xls,azotas mineralinis,mg/l
10,23,Central,2022-05-04,0.5,NH4,1,0.019,mg N/L,2022 Hidrochemija_KM_patikrinta_2023-03-30_1061.xls,amonio azotas,mg/l N
10,23,Central,2022-05-04,0.5,NO2,,0.003,mg N/L,2022 Hidrochemija_KM_patikrinta_2023-03-30_1061.xls,nitritų azotas,mg/l N
10,23,Central,2022-05-04,0.5,NO3,2,0.5,mg N/L,2022 Hidrochemija_KM_patikrinta_2023-03-30_1061.xls,nitratų azotas,mg/l N
10,23,Central,2022-05-04,0.5,PO4,3,0.006,mg P/L,2022 Hidrochemija_KM_patikrinta_2023-03-30_1061.xls,fosfatų fosforas,mg/l P
10,23,Central,2022-05-04,0.5,Si,17,0.28,mg Si/L,2022 Hidrochemija_KM_patikrinta_2023-03-30_1061.xls,silicis,mg/l
10,23,Central,2022-05-04,0.5,TN,40,1.3,mg N/L,2022 Hidrochemija_KM_patikrinta_2023-03-30_1061.xls,azotas bendras,mg/l
10,23,Central,2022-05-04,0.5,TP,39,0.038,mg P/L,2022 Hidrochemija_KM_patikrinta_2023-03-30_1061.xls,bendras fosforas,mg/l
10,23,Central,2022-05-04,0.5,TSS,,11.0,mg/L,2022 Hidrochemija_KM_patikrinta_2023-03-30_1061.xls,suspenduotos (skendinčios) medžiagos,mg/l
10,23,Central,2022-06-07,0.5,BOD7,,3.1,mg O2/L,2022 Hidrochemija_KM_patikrinta_2023-03-30_1061.xls,biocheminis deguonies suvartojimas per 7 paras,mg/l O2
10,23,Central,2022-06-07,0.5,CHLA,59,21.39,ug/L,Chlorofilas a_KM_2022_patikrinta_2023-03-15_1053.xls,Chlorofilas a,µg/l
10,23,Central,2022-06-07,0.5,DIN,,0.126,mg N/L,2022 Hidrochemija_KM_patikrinta_2023-03-30_1061.xls,azotas mineralinis,mg/l
10,23,Central,2022-06-07,0.5,NH4,1,0.063,mg N/L,2022 Hidrochemija_KM_patikrinta_2023-03-30_1061.xls,amonio azotas,mg/l N
10,23,Central,2022-06-07,0.5,NO2,,0.007,mg N/L,2022 Hidrochemija_KM_patikrinta_2023-03-30_1061.xls,nitritų azotas,mg/l N
10,23,Central,2022-06-07,0.5,NO3,2,0.056,mg N/L,2022 Hidrochemija_KM_patikrinta_2023-03-30_1061.xls,nitratų azotas,mg/l N
10,23,Central,2022-06-07,0.5,PO4,3,0.006,mg P/L,2022 Hidrochemija_KM_patikrinta_2023-03-30_1061.xls,fosfatų fosforas,mg/l P
10,23,Central,2022-06-07,0.5,Si,17,0.15,mg Si/L,2022 Hidrochemija_KM_patikrinta_2023-03-30_1061.xls,silicis,mg/l
10,23,Central,2022-06-07,0.5,TN,40,1.1,mg N/L,2022 Hidrochemija_KM_patikrinta_2023-03-30_1061.xls,azotas bendras,mg/l
10,23,Central,2022-06-07,0.5,TP,39,0.031,mg P/L,2022 Hidrochemija_KM_patikrinta_2023-03-30_1061.xls,bendras fosforas,mg/l
10,23,Central,2022-06-07,0.5,TSS,,17.0,mg/L,2022 Hidrochemija_KM_patikrinta_2023-03-30_1061.xls,suspenduotos (skendinčios) medžiagos,mg/l
10,23,Central,2022-08-24,0.5,BOD7,,3.4,mg O2/L,2022 Hidrochemija_KM_patikrinta_2023-03-30_1061.xls,biocheminis deguonies suvartojimas per 7 paras,mg/l O2
10,23,Central,2022-08-24,0.5,CHLA,59,52.41,ug/L,Chlorofilas a_KM_2022_patikrinta_2023-03-15_1053.xls,Chlorofilas a,µg/l
10,23,Central,2022-08-24,0.5,DIN,,0.039,mg N/L,2022 Hidrochemija_KM_patikrinta_2023-03-30_1061.xls,azotas mineralinis,mg/l
10,23,Central,2022-08-24,0.5,NH4,1,0.036,mg N/L,2022 Hidrochemija_KM_patikrinta_2023-03-30_1061.xls,amonio azotas,mg/l N
10,23,Central,2022-08-24,0.5,NO2,,0.001,mg N/L,2022 Hidrochemija_KM_patikrinta_2023-03-30_1061.xls,nitritų azotas,mg/l N
10,23,Central,2022-08-24,0.5,NO3,2,0.002,mg N/L,2022 Hidrochemija_KM_patikrinta_2023-03-30_1061.xls,nitratų azotas,mg/l N
10,23,Central,2022-08-24,0.5,PO4,3,0.006,mg P/L,2022 Hidrochemija_KM_patikrinta_2023-03-30_1061.xls,fosfatų fosforas,mg/l P
10,23,Central,2022-08-24,0.5,Si,17,0.15,mg Si/L,2022 Hidrochemija_KM_patikrinta_2023-03-30_1061.xls,silicis,mg/l
10,23,Central,2022-08-24,0.5,TN,40,1.2,mg N/L,2022 Hidrochemija_KM_patikrinta_2023-03-30_1061.xls,azotas bendras,mg/l
10,23,Central,2022-08-24,0.5,TP,39,0.072,mg P/L,2022 Hidrochemija_KM_patikrinta_2023-03-30_1061.xls,bendras fosforas,mg/l
10,23,Central,2022-08-24,0.5,TSS,,17.0,mg/L,2022 Hidrochemija_KM_patikrinta_2023-03-30_1061.xls,suspenduotos (skendinčios) medžiagos,mg/l
10,23,Central,2022-09-08,0.5,CHLA,59,102.41,ug/L,Chlorofilas a_KM_2022_patikrinta_2023-03-15_1053.xls,Chlorofilas a,µg/l
10,23,Central,2022-09-08,0.5,DIN,,0.049,mg N/L,2022 Hidrochemija_KM_patikrinta_2023-03-30_1061.xls,azotas mineralinis,mg/l
10,23,Central,2022-09-08,0.5,NH4,1,0.046,mg N/L,2022 Hidrochemija_KM_patikrinta_2023-03-30_1061.xls,amonio azotas,mg/l N
10,23,Central,2022-09-08,0.5,NO2,,0.001,mg N/L,2022 Hidrochemija_KM_patikrinta_2023-03-30_1061.xls,nitritų azotas,mg/l N
10,23,Central,2022-09-08,0.5,NO3,2,0.002,mg N/L,2022 Hidrochemija_KM_patikrinta_2023-03-30_1061.xls,nitratų azotas,mg/l N
10,23,Central,2022-09-08,0.5,PO4,3,0.006,mg P/L,2022 Hidrochemija_KM_patikrinta_2023-03-30_1061.xls,fosfatų fosforas,mg/l P
10,23,Central,2022-09-08,0.5,Si,17,0.15,mg Si/L,2022 Hidrochemija_KM_patikrinta_2023-03-30_1061.xls,silicis,mg/l
10,23,Central,2022-09-08,0.5,TN,40,1.3,mg N/L,2022 Hidrochemija_KM_patikrinta_2023-03-30_1061.xls,azotas bendras,mg/l
10,23,Central,2022-09-08,0.5,TP,39,0.16,mg P/L,2022 Hidrochemija_KM_patikrinta_2023-03-30_1061.xls,bendras fosforas,mg/l
10,23,Central,2022-09-21,0.5,BOD7,,3.6,mg O2/L,2022 Hidrochemija_KM_patikrinta_2023-03-30_1061.xls,biocheminis deguonies suvartojimas per 7 paras,mg/l O2
10,23,Central,2022-09-21,0.5,CHLA,59,55.42,ug/L,Chlorofilas a_KM_2022_patikrinta_2023-03-15_1053.xls,Chlorofilas a,µg/l
10,23,Central,2022-09-21,0.5,DIN,,0.065,mg N/L,2022 Hidrochemija_KM_patikrinta_2023-03-30_1061.xls,azotas mineralinis,mg/l
10,23,Central,2022-09-21,0.5,NH4,1,0.038,mg N/L,2022 Hidrochemija_KM_patikrinta_2023-03-30_1061.xls,amonio azotas,mg/l N
10,23,Central,2022-09-21,0.5,NO2,,0.002,mg N/L,2022 Hidrochemija_KM_patikrinta_2023-03-30_1061.xls,nitritų azotas,mg/l N
10,23,Central,2022-09-21,0.5,NO3,2,0.025,mg N/L,2022 Hidrochemija_KM_patikrinta_2023-03-30_1061.xls,nitratų azotas,mg/l N
10,23,Central,2022-09-21,0.5,PO4,3,0.006,mg P/L,2022 Hidrochemija_KM_patikrinta_2023-03-30_1061.xls,fosfatų fosforas,mg/l P
10,23,Central,2022-09-21,0.5,Si,17,0.15,mg Si/L,2022 Hidrochemija_KM_patikrinta_2023-03-30_1061.xls,silicis,mg/l
10,23,Central,2022-09-21,0.5,TN,40,0.89,mg N/L,2022 Hidrochemija_KM_patikrinta_2023-03-30_1061.xls,azotas bendras,mg/l
10,23,Central,2022-09-21,0.5,TP,39,0.074,mg P/L,2022 Hidrochemija_KM_patikrinta_2023-03-30_1061.xls,bendras fosforas,mg/l
10,23,Central,2022-09-21,0.5,TSS,,18.0,mg/L,2022 Hidrochemija_KM_patikrinta_2023-03-30_1061.xls,suspenduotos (skendinčios) medžiagos,mg/l
10,23,Central,2022-10-12,0.5,BOD7,,3.8,mg O2/L,2022 Hidrochemija_KM_patikrinta_2023-03-30_1061.xls,biocheminis deguonies suvartojimas per 7 paras,mg/l O2
10,23,Central,2022-10-12,0.5,CHLA,59,73.19,ug/L,Chlorofilas a_KM_2022_patikrinta_2023-03-15_1053.xls,Chlorofilas a,µg/l
10,23,Central,2022-10-12,0.5,DIN,,0.128,mg N/L,2022 Hidrochemija_KM_patikrinta_2023-03-30_1061.xls,azotas mineralinis,mg/l
10,23,Central,2022-10-12,0.5,NH4,1,0.059,mg N/L,2022 Hidrochemija_KM_patikrinta_2023-03-30_1061.xls,amonio azotas,mg/l N
10,23,Central,2022-10-12,0.5,NO2,,0.004,mg N/L,2022 Hidrochemija_KM_patikrinta_2023-03-30_1061.xls,nitritų azotas,mg/l N
10,23,Central,2022-10-12,0.5,NO3,2,0.065,mg N/L,2022 Hidrochemija_KM_patikrinta_2023-03-30_1061.xls,nitratų azotas,mg/l N
10,23,Central,2022-10-12,0.5,PO4,3,0.006,mg P/L,2022 Hidrochemija_KM_patikrinta_2023-03-30_1061.xls,fosfatų fosforas,mg/l P
10,23,Central,2022-10-12,0.5,Si,17,1.66,mg Si/L,2022 Hidrochemija_KM_patikrinta_2023-03-30_1061.xls,silicis,mg/l
10,23,Central,2022-10-12,0.5,TN,40,1.2,mg N/L,2022 Hidrochemija_KM_patikrinta_2023-03-30_1061.xls,azotas bendras,mg/l
10,23,Central,2022-10-12,0.5,TP,39,0.1,mg P/L,2022 Hidrochemija_KM_patikrinta_2023-03-30_1061.xls,bendras fosforas,mg/l
10,23,Central,2022-10-12,0.5,TSS,,37.0,mg/L,2022 Hidrochemija_KM_patikrinta_2023-03-30_1061.xls,suspenduotos (skendinčios) medžiagos,mg/l
10,23,Central,2022-11-22,0.5,BOD7,,3.4,mg O2/L,2022 Hidrochemija_KM_patikrinta_2023-03-30_1061.xls,biocheminis deguonies suvartojimas per 7 paras,mg/l O2
10,23,Central,2022-11-22,0.5,CHLA,59,125.6,ug/L,Chlorofilas a_KM_2022_patikrinta_2023-03-15_1053.xls,Chlorofilas a,µg/l
10,23,Central,2022-11-22,0.5,DIN,,0.107,mg N/L,2022 Hidrochemija_KM_patikrinta_2023-03-30_1061.xls,azotas mineralinis,mg/l
10,23,Central,2022-11-22,0.5,NH4,1,0.034,mg N/L,2022 Hidrochemija_KM_patikrinta_2023-03-30_1061.xls,amonio azotas,mg/l N
10,23,Central,2022-11-22,0.5,NO2,,0.009,mg N/L,2022 Hidrochemija_KM_patikrinta_2023-03-30_1061.xls,nitritų azotas,mg/l N
10,23,Central,2022-11-22,0.5,NO3,2,0.064,mg N/L,2022 Hidrochemija_KM_patikrinta_2023-03-30_1061.xls,nitratų azotas,mg/l N
10,23,Central,2022-11-22,0.5,PO4,3,0.006,mg P/L,2022 Hidrochemija_KM_patikrinta_2023-03-30_1061.xls,fosfatų fosforas,mg/l P
10,23,Central,2022-11-22,0.5,Si,17,0.53,mg Si/L,2022 Hidrochemija_KM_patikrinta_2023-03-30_1061.xls,silicis,mg/l
10,23,Central,2022-11-22,0.5,TN,40,1.1,mg N/L,2022 Hidrochemija_KM_patikrinta_2023-03-30_1061.xls,azotas bendras,mg/l
10,23,Central,2022-11-22,0.5,TP,39,0.17,mg P/L,2022 Hidrochemija_KM_patikrinta_2023-03-30_1061.xls,bendras fosforas,mg/l
10,23,Central,2022-11-22,0.5,TSS,,93.0,mg/L,2022 Hidrochemija_KM_patikrinta_2023-03-30_1061.xls,suspenduotos (skendinčios) medžiagos,mg/l
10,23,Central,2023-02-07,0.5,BOD7,,1.5,mg O2/L,2023_KM_BJ_Hidrochemija_patikrinta_2024-01-22.xls,biocheminis deguonies suva,mg/l O2
10,23,Central,2023-02-07,Paviršinis sluoksnis,CHLA,59,37.23,ug/L,Chlorofilas_a_KM_BJ_2023_patikrinta_2024-01-29.xls,chlorofilas a,µg/l
10,23,Central,2023-02-07,0.5,DIN,,1.742,mg N/L,2023_KM_BJ_Hidrochemija_patikrinta_2024-01-22.xls,azotas mineralinis,mg/l
10,23,Central,2023-02-07,0.5,NH4,1,0.025,mg N/L,2023_KM_BJ_Hidrochemija_patikrinta_2024-01-22.xls,amonio azotas,mg/l N
10,23,Central,2023-02-07,0.5,NO2,,0.017,mg N/L,2023_KM_BJ_Hidrochemija_patikrinta_2024-01-22.xls,nitritų azotas,mg/l N
10,23,Central,2023-02-07,0.5,NO3,2,1.7,mg N/L,2023_KM_BJ_Hidrochemija_patikrinta_2024-01-22.xls,nitratų azotas,mg/l N
10,23,Central,2023-02-07,0.5,PO4,3,0.006,mg P/L,2023_KM_BJ_Hidrochemija_patikrinta_2024-01-22.xls,fosfatų fosforas,mg/l P
10,23,Central,2023-02-07,0.5,Si,17,1.69,mg Si/L,2023_KM_BJ_Hidrochemija_patikrinta_2024-01-22.xls,silicis,mg/l
10,23,Central,2023-02-07,0.5,TN,40,2.1,mg N/L,2023_KM_BJ_Hidrochemija_patikrinta_2024-01-22.xls,azotas bendras,mg/l
10,23,Central,2023-02-07,0.5,TP,39,0.05,mg P/L,2023_KM_BJ_Hidrochemija_patikrinta_2024-01-22.xls,bendras fosforas,mg/l
10,23,Central,2023-02-07,0.5,TSS,,12.0,mg/L,2023_KM_BJ_Hidrochemija_patikrinta_2024-01-22.xls,suspenduotos (skendinčios),mg/l
10,23,Central,2023-04-04,0.5,BOD7,,2.8,mg O2/L,2023_KM_BJ_Hidrochemija_patikrinta_2024-01-22.xls,biocheminis deguonies suva,mg/l O2
10,23,Central,2023-04-04,Paviršinis sluoksnis,CHLA,59,81.79,ug/L,Chlorofilas_a_KM_BJ_2023_patikrinta_2024-01-29.xls,chlorofilas a,µg/l
10,23,Central,2023-04-04,0.5,DIN,,2.533,mg N/L,2023_KM_BJ_Hidrochemija_patikrinta_2024-01-22.xls,azotas mineralinis,mg/l
10,23,Central,2023-04-04,0.5,NH4,1,0.027,mg N/L,2023_KM_BJ_Hidrochemija_patikrinta_2024-01-22.xls,amonio azotas,mg/l N
10,23,Central,2023-04-04,0.5,NO2,,0.006,mg N/L,2023_KM_BJ_Hidrochemija_patikrinta_2024-01-22.xls,nitritų azotas,mg/l N
10,23,Central,2023-04-04,0.5,NO3,2,2.5,mg N/L,2023_KM_BJ_Hidrochemija_patikrinta_2024-01-22.xls,nitratų azotas,mg/l N
10,23,Central,2023-04-04,0.5,PO4,3,0.006,mg P/L,2023_KM_BJ_Hidrochemija_patikrinta_2024-01-22.xls,fosfatų fosforas,mg/l P
10,23,Central,2023-04-04,0.5,Si,17,0.55,mg Si/L,2023_KM_BJ_Hidrochemija_patikrinta_2024-01-22.xls,silicis,mg/l
10,23,Central,2023-04-04,0.5,TN,40,2.6,mg N/L,2023_KM_BJ_Hidrochemija_patikrinta_2024-01-22.xls,azotas bendras,mg/l
10,23,Central,2023-04-04,0.5,TP,39,0.078,mg P/L,2023_KM_BJ_Hidrochemija_patikrinta_2024-01-22.xls,bendras fosforas,mg/l
10,23,Central,2023-04-04,0.5,TSS,,29.0,mg/L,2023_KM_BJ_Hidrochemija_patikrinta_2024-01-22.xls,suspenduotos (skendinčios),mg/l
10,23,Central,2023-04-24,0.5,BOD7,,3.5,mg O2/L,2023_KM_BJ_Hidrochemija_patikrinta_2024-01-22.xls,biocheminis deguonies suva,mg/l O2
10,23,Central,2023-04-24,Paviršinis sluoksnis,CHLA,59,30.6,ug/L,Chlorofilas_a_KM_BJ_2023_patikrinta_2024-01-29.xls,chlorofilas a,µg/l
10,23,Central,2023-04-24,0.5,DIN,,0.797,mg N/L,2023_KM_BJ_Hidrochemija_patikrinta_2024-01-22.xls,azotas mineralinis,mg/l
10,23,Central,2023-04-24,0.5,NH4,1,0.029,mg N/L,2023_KM_BJ_Hidrochemija_patikrinta_2024-01-22.xls,amonio azotas,mg/l N
10,23,Central,2023-04-24,0.5,NO2,,0.008,mg N/L,2023_KM_BJ_Hidrochemija_patikrinta_2024-01-22.xls,nitritų azotas,mg/l N
10,23,Central,2023-04-24,0.5,NO3,2,0.76,mg N/L,2023_KM_BJ_Hidrochemija_patikrinta_2024-01-22.xls,nitratų azotas,mg/l N
10,23,Central,2023-04-24,0.5,PO4,3,0.006,mg P/L,2023_KM_BJ_Hidrochemija_patikrinta_2024-01-22.xls,fosfatų fosforas,mg/l P
10,23,Central,2023-04-24,0.5,Si,17,0.25,mg Si/L,2023_KM_BJ_Hidrochemija_patikrinta_2024-01-22.xls,silicis,mg/l
10,23,Central,2023-04-24,0.5,TN,40,1.4,mg N/L,2023_KM_BJ_Hidrochemija_patikrinta_2024-01-22.xls,azotas bendras,mg/l
10,23,Central,2023-04-24,0.5,TP,39,0.038,mg P/L,2023_KM_BJ_Hidrochemija_patikrinta_2024-01-22.xls,bendras fosforas,mg/l
10,23,Central,2023-04-24,0.5,TSS,,12.0,mg/L,2023_KM_BJ_Hidrochemija_patikrinta_2024-01-22.xls,suspenduotos (skendinčios),mg/l
10,23,Central,2023-05-24,0.5,BOD7,,2.2,mg O2/L,2023_KM_BJ_Hidrochemija_patikrinta_2024-01-22.xls,biocheminis deguonies suva,mg/l O2
10,23,Central,2023-05-24,Paviršinis sluoksnis,CHLA,59,9.84,ug/L,Chlorofilas_a_KM_BJ_2023_patikrinta_2024-01-29.xls,chlorofilas a,µg/l
10,23,Central,2023-05-24,0.5,DIN,,0.399,mg N/L,2023_KM_BJ_Hidrochemija_patikrinta_2024-01-22.xls,azotas mineralinis,mg/l
10,23,Central,2023-05-24,0.5,NH4,1,0.033,mg N/L,2023_KM_BJ_Hidrochemija_patikrinta_2024-01-22.xls,amonio azotas,mg/l N
10,23,Central,2023-05-24,0.5,NO2,,0.006,mg N/L,2023_KM_BJ_Hidrochemija_patikrinta_2024-01-22.xls,nitritų azotas,mg/l N
10,23,Central,2023-05-24,0.5,NO3,2,0.36,mg N/L,2023_KM_BJ_Hidrochemija_patikrinta_2024-01-22.xls,nitratų azotas,mg/l N
10,23,Central,2023-05-24,0.5,PO4,3,0.006,mg P/L,2023_KM_BJ_Hidrochemija_patikrinta_2024-01-22.xls,fosfatų fosforas,mg/l P
10,23,Central,2023-05-24,0.5,Si,17,0.21,mg Si/L,2023_KM_BJ_Hidrochemija_patikrinta_2024-01-22.xls,silicis,mg/l
10,23,Central,2023-05-24,0.5,TN,40,1.1,mg N/L,2023_KM_BJ_Hidrochemija_patikrinta_2024-01-22.xls,azotas bendras,mg/l
10,23,Central,2023-05-24,0.5,TP,39,0.029,mg P/L,2023_KM_BJ_Hidrochemija_patikrinta_2024-01-22.xls,bendras fosforas,mg/l
10,23,Central,2023-05-24,0.5,TSS,,9.2,mg/L,2023_KM_BJ_Hidrochemija_patikrinta_2024-01-22.xls,suspenduotos (skendinčios),mg/l
10,23,Central,2023-06-15,0.5,BOD7,,3.9,mg O2/L,2023_KM_BJ_Hidrochemija_patikrinta_2024-01-22.xls,biocheminis deguonies suva,mg/l O2
10,23,Central,2023-06-15,Paviršinis sluoksnis,CHLA,59,41.57,ug/L,Chlorofilas_a_KM_BJ_2023_patikrinta_2024-01-29.xls,chlorofilas a,µg/l
10,23,Central,2023-06-15,0.5,DIN,,0.058,mg N/L,2023_KM_BJ_Hidrochemija_patikrinta_2024-01-22.xls,azotas mineralinis,mg/l
10,23,Central,2023-06-15,0.5,NH4,1,0.018,mg N/L,2023_KM_BJ_Hidrochemija_patikrinta_2024-01-22.xls,amonio azotas,mg/l N
10,23,Central,2023-06-15,0.5,NO2,,0.002,mg N/L,2023_KM_BJ_Hidrochemija_patikrinta_2024-01-22.xls,nitritų azotas,mg/l N
10,23,Central,2023-06-15,0.5,NO3,2,0.038,mg N/L,2023_KM_BJ_Hidrochemija_patikrinta_2024-01-22.xls,nitratų azotas,mg/l N
10,23,Central,2023-06-15,0.5,PO4,3,0.006,mg P/L,2023_KM_BJ_Hidrochemija_patikrinta_2024-01-22.xls,fosfatų fosforas,mg/l P
10,23,Central,2023-06-15,0.5,Si,17,0.25,mg Si/L,2023_KM_BJ_Hidrochemija_patikrinta_2024-01-22.xls,silicis,mg/l
10,23,Central,2023-06-15,0.5,TN,40,1.03,mg N/L,2023_KM_BJ_Hidrochemija_patikrinta_2024-01-22.xls,azotas bendras,mg/l
10,23,Central,2023-06-15,0.5,TP,39,0.072,mg P/L,2023_KM_BJ_Hidrochemija_patikrinta_2024-01-22.xls,bendras fosforas,mg/l
10,23,Central,2023-06-15,0.5,TSS,,28.0,mg/L,2023_KM_BJ_Hidrochemija_patikrinta_2024-01-22.xls,suspenduotos (skendinčios),mg/l
10,23,Central,2023-07-12,0.5,BOD7,,3.9,mg O2/L,2023_KM_BJ_Hidrochemija_patikrinta_2024-01-22.xls,biocheminis deguonies suva,mg/l O2
10,23,Central,2023-07-12,Paviršinis sluoksnis,CHLA,59,35.34,ug/L,Chlorofilas_a_KM_BJ_2023_patikrinta_2024-01-29.xls,chlorofilas a,µg/l
10,23,Central,2023-07-12,0.5,DIN,,0.022,mg N/L,2023_KM_BJ_Hidrochemija_patikrinta_2024-01-22.xls,azotas mineralinis,mg/l
10,23,Central,2023-07-12,0.5,NH4,1,0.02,mg N/L,2023_KM_BJ_Hidrochemija_patikrinta_2024-01-22.xls,amonio azotas,mg/l N
10,23,Central,2023-07-12,0.5,NO2,,0.001,mg N/L,2023_KM_BJ_Hidrochemija_patikrinta_2024-01-22.xls,nitritų azotas,mg/l N
10,23,Central,2023-07-12,0.5,NO3,2,0.002,mg N/L,2023_KM_BJ_Hidrochemija_patikrinta_2024-01-22.xls,nitratų azotas,mg/l N
10,23,Central,2023-07-12,0.5,PO4,3,0.006,mg P/L,2023_KM_BJ_Hidrochemija_patikrinta_2024-01-22.xls,fosfatų fosforas,mg/l P
10,23,Central,2023-07-12,0.5,Si,17,0.21,mg Si/L,2023_KM_BJ_Hidrochemija_patikrinta_2024-01-22.xls,silicis,mg/l
10,23,Central,2023-07-12,0.5,TN,40,0.88,mg N/L,2023_KM_BJ_Hidrochemija_patikrinta_2024-01-22.xls,azotas bendras,mg/l
10,23,Central,2023-07-12,0.5,TP,39,0.072,mg P/L,2023_KM_BJ_Hidrochemija_patikrinta_2024-01-22.xls,bendras fosforas,mg/l
10,23,Central,2023-07-12,0.5,TSS,,26.0,mg/L,2023_KM_BJ_Hidrochemija_patikrinta_2024-01-22.xls,suspenduotos (skendinčios),mg/l
10,23,Central,2023-07-25,Paviršinis sluoksnis,CHLA,59,110.84,ug/L,Chlorofilas_a_KM_BJ_2023_patikrinta_2024-01-29.xls,chlorofilas a,µg/l
10,23,Central,2023-07-25,0.5,DIN,,0.026,mg N/L,2023_KM_BJ_Hidrochemija_patikrinta_2024-01-22.xls,azotas mineralinis,mg/l
10,23,Central,2023-07-25,0.5,NH4,1,0.023,mg N/L,2023_KM_BJ_Hidrochemija_patikrinta_2024-01-22.xls,amonio azotas,mg/l N
10,23,Central,2023-07-25,0.5,NO2,,0.001,mg N/L,2023_KM_BJ_Hidrochemija_patikrinta_2024-01-22.xls,nitritų azotas,mg/l N
10,23,Central,2023-07-25,0.5,NO3,2,0.002,mg N/L,2023_KM_BJ_Hidrochemija_patikrinta_2024-01-22.xls,nitratų azotas,mg/l N
10,23,Central,2023-07-25,0.5,PO4,3,0.006,mg P/L,2023_KM_BJ_Hidrochemija_patikrinta_2024-01-22.xls,fosfatų fosforas,mg/l P
10,23,Central,2023-07-25,0.5,Si,17,0.21,mg Si/L,2023_KM_BJ_Hidrochemija_patikrinta_2024-01-22.xls,silicis,mg/l
10,23,Central,2023-07-25,0.5,TN,40,1.3,mg N/L,2023_KM_BJ_Hidrochemija_patikrinta_2024-01-22.xls,azotas bendras,mg/l
10,23,Central,2023-07-25,0.5,TP,39,0.13,mg P/L,2023_KM_BJ_Hidrochemija_patikrinta_2024-01-22.xls,bendras fosforas,mg/l
10,23,Central,2023-08-23,0.5,BOD7,,4.3,mg O2/L,2023_KM_BJ_Hidrochemija_patikrinta_2024-01-22.xls,biocheminis deguonies suva,mg/l O2
10,23,Central,2023-08-23,Paviršinis sluoksnis,CHLA,59,61.85,ug/L,Chlorofilas_a_KM_BJ_2023_patikrinta_2024-01-29.xls,chlorofilas a,µg/l
10,23,Central,2023-08-23,0.5,DIN,,0.07,mg N/L,2023_KM_BJ_Hidrochemija_patikrinta_2024-01-22.xls,azotas mineralinis,mg/l
10,23,Central,2023-08-23,0.5,NH4,1,0.049,mg N/L,2023_KM_BJ_Hidrochemija_patikrinta_2024-01-22.xls,amonio azotas,mg/l N
10,23,Central,2023-08-23,0.5,NO2,,0.001,mg N/L,2023_KM_BJ_Hidrochemija_patikrinta_2024-01-22.xls,nitritų azotas,mg/l N
10,23,Central,2023-08-23,0.5,NO3,2,0.02,mg N/L,2023_KM_BJ_Hidrochemija_patikrinta_2024-01-22.xls,nitratų azotas,mg/l N
10,23,Central,2023-08-23,0.5,PO4,3,0.006,mg P/L,2023_KM_BJ_Hidrochemija_patikrinta_2024-01-22.xls,fosfatų fosforas,mg/l P
10,23,Central,2023-08-23,0.5,Si,17,0.21,mg Si/L,2023_KM_BJ_Hidrochemija_patikrinta_2024-01-22.xls,silicis,mg/l
10,23,Central,2023-08-23,0.5,TN,40,1.1,mg N/L,2023_KM_BJ_Hidrochemija_patikrinta_2024-01-22.xls,azotas bendras,mg/l
10,23,Central,2023-08-23,0.5,TP,39,0.093,mg P/L,2023_KM_BJ_Hidrochemija_patikrinta_2024-01-22.xls,bendras fosforas,mg/l
10,23,Central,2023-08-23,0.5,TSS,,29.0,mg/L,2023_KM_BJ_Hidrochemija_patikrinta_2024-01-22.xls,suspenduotos (skendinčios),mg/l
10,23,Central,2023-09-21,0.5,BOD7,,3.8,mg O2/L,2023_KM_BJ_Hidrochemija_patikrinta_2024-01-22.xls,biocheminis deguonies suva,mg/l O2
10,23,Central,2023-09-21,Paviršinis sluoksnis,CHLA,59,67.47,ug/L,Chlorofilas_a_KM_BJ_2023_patikrinta_2024-01-29.xls,chlorofilas a,µg/l
10,23,Central,2023-09-21,0.5,DIN,,0.05,mg N/L,2023_KM_BJ_Hidrochemija_patikrinta_2024-01-22.xls,azotas mineralinis,mg/l
10,23,Central,2023-09-21,0.5,NH4,1,0.034,mg N/L,2023_KM_BJ_Hidrochemija_patikrinta_2024-01-22.xls,amonio azotas,mg/l N
10,23,Central,2023-09-21,0.5,NO2,,0.001,mg N/L,2023_KM_BJ_Hidrochemija_patikrinta_2024-01-22.xls,nitritų azotas,mg/l N
10,23,Central,2023-09-21,0.5,NO3,2,0.015,mg N/L,2023_KM_BJ_Hidrochemija_patikrinta_2024-01-22.xls,nitratų azotas,mg/l N
10,23,Central,2023-09-21,0.5,PO4,3,0.006,mg P/L,2023_KM_BJ_Hidrochemija_patikrinta_2024-01-22.xls,fosfatų fosforas,mg/l P
10,23,Central,2023-09-21,0.5,Si,17,0.22,mg Si/L,2023_KM_BJ_Hidrochemija_patikrinta_2024-01-22.xls,silicis,mg/l
10,23,Central,2023-09-21,0.5,TN,40,1.1,mg N/L,2023_KM_BJ_Hidrochemija_patikrinta_2024-01-22.xls,azotas bendras,mg/l
10,23,Central,2023-09-21,0.5,TP,39,0.079,mg P/L,2023_KM_BJ_Hidrochemija_patikrinta_2024-01-22.xls,bendras fosforas,mg/l
10,23,Central,2023-09-21,0.5,TSS,,28.0,mg/L,2023_KM_BJ_Hidrochemija_patikrinta_2024-01-22.xls,suspenduotos (skendinčios),mg/l
10,23,Central,2023-10-19,0.5,BOD7,,3.7,mg O2/L,2023_KM_BJ_Hidrochemija_patikrinta_2024-01-22.xls,biocheminis deguonies suva,mg/l O2
10,23,Central,2023-10-19,Paviršinis sluoksnis,CHLA,59,90.06,ug/L,Chlorofilas_a_KM_BJ_2023_patikrinta_2024-01-29.xls,chlorofilas a,µg/l
10,23,Central,2023-10-19,0.5,DIN,,0.055,mg N/L,2023_KM_BJ_Hidrochemija_patikrinta_2024-01-22.xls,azotas mineralinis,mg/l
10,23,Central,2023-10-19,0.5,NH4,1,0.03,mg N/L,2023_KM_BJ_Hidrochemija_patikrinta_2024-01-22.xls,amonio azotas,mg/l N
10,23,Central,2023-10-19,0.5,NO2,,0.001,mg N/L,2023_KM_BJ_Hidrochemija_patikrinta_2024-01-22.xls,nitritų azotas,mg/l N
10,23,Central,2023-10-19,0.5,NO3,2,0.024,mg N/L,2023_KM_BJ_Hidrochemija_patikrinta_2024-01-22.xls,nitratų azotas,mg/l N
10,23,Central,2023-10-19,0.5,PO4,3,0.006,mg P/L,2023_KM_BJ_Hidrochemija_patikrinta_2024-01-22.xls,fosfatų fosforas,mg/l P
10,23,Central,2023-10-19,0.5,Si,17,0.26,mg Si/L,2023_KM_BJ_Hidrochemija_patikrinta_2024-01-22.xls,silicis,mg/l
10,23,Central,2023-10-19,0.5,TN,40,1.4,mg N/L,2023_KM_BJ_Hidrochemija_patikrinta_2024-01-22.xls,azotas bendras,mg/l
10,23,Central,2023-10-19,0.5,TP,39,0.1,mg P/L,2023_KM_BJ_Hidrochemija_patikrinta_2024-01-22.xls,bendras fosforas,mg/l
10,23,Central,2023-10-19,0.5,TSS,,33.0,mg/L,2023_KM_BJ_Hidrochemija_patikrinta_2024-01-22.xls,suspenduotos (skendinčios),mg/l
10,23,Central,2023-11-14,0.5,BOD7,,2.0,mg O2/L,2023_KM_BJ_Hidrochemija_patikrinta_2024-01-22.xls,biocheminis deguonies suva,mg/l O2
10,23,Central,2023-11-14,Paviršinis sluoksnis,CHLA,59,64.86,ug/L,Chlorofilas_a_KM_BJ_2023_patikrinta_2024-01-29.xls,chlorofilas a,µg/l
10,23,Central,2023-11-14,0.5,DIN,,0.191,mg N/L,2023_KM_BJ_Hidrochemija_patikrinta_2024-01-22.xls,azotas mineralinis,mg/l
10,23,Central,2023-11-14,0.5,NH4,1,0.055,mg N/L,2023_KM_BJ_Hidrochemija_patikrinta_2024-01-22.xls,amonio azotas,mg/l N
10,23,Central,2023-11-14,0.5,NO2,,0.006,mg N/L,2023_KM_BJ_Hidrochemija_patikrinta_2024-01-22.xls,nitritų azotas,mg/l N
10,23,Central,2023-11-14,0.5,NO3,2,0.13,mg N/L,2023_KM_BJ_Hidrochemija_patikrinta_2024-01-22.xls,nitratų azotas,mg/l N
10,23,Central,2023-11-14,0.5,PO4,3,0.006,mg P/L,2023_KM_BJ_Hidrochemija_patikrinta_2024-01-22.xls,fosfatų fosforas,mg/l P
10,23,Central,2023-11-14,0.5,Si,17,0.26,mg Si/L,2023_KM_BJ_Hidrochemija_patikrinta_2024-01-22.xls,silicis,mg/l
10,23,Central,2023-11-14,0.5,TN,40,2.0,mg N/L,2023_KM_BJ_Hidrochemija_patikrinta_2024-01-22.xls,azotas bendras,mg/l
10,23,Central,2023-11-14,0.5,TP,39,0.094,mg P/L,2023_KM_BJ_Hidrochemija_patikrinta_2024-01-22.xls,bendras fosforas,mg/l
10,23,Central,2023-11-14,0.5,TSS,,35.0,mg/L,2023_KM_BJ_Hidrochemija_patikrinta_2024-01-22.xls,suspenduotos (skendinčios),mg/l
12,14,Central,2022-02-23,0.5,BOD7,,1.4,mg O2/L,2022 Hidrochemija_KM_patikrinta_2023-03-30_1061.xls,biocheminis deguonies suvartojimas per 7 paras,mg/l O2
12,14,Central,2022-02-23,0.5,CHLA,59,6.87,ug/L,Chlorofilas a_KM_2022_patikrinta_2023-03-15_1053.xls,Chlorofilas a,µg/l
12,14,Central,2022-02-23,0.5,DIN,,4.086,mg N/L,2022 Hidrochemija_KM_patikrinta_2023-03-30_1061.xls,azotas mineralinis,mg/l
12,14,Central,2022-02-23,0.5,NH4,1,0.069,mg N/L,2022 Hidrochemija_KM_patikrinta_2023-03-30_1061.xls,amonio azotas,mg/l N
12,14,Central,2022-02-23,0.5,NO2,,0.017,mg N/L,2022 Hidrochemija_KM_patikrinta_2023-03-30_1061.xls,nitritų azotas,mg/l N
12,14,Central,2022-02-23,0.5,NO3,2,4.0,mg N/L,2022 Hidrochemija_KM_patikrinta_2023-03-30_1061.xls,nitratų azotas,mg/l N
12,14,Central,2022-02-23,0.5,PO4,3,0.026,mg P/L,2022 Hidrochemija_KM_patikrinta_2023-03-30_1061.xls,fosfatų fosforas,mg/l P
12,14,Central,2022-02-23,0.5,Si,17,3.7,mg Si/L,2022 Hidrochemija_KM_patikrinta_2023-03-30_1061.xls,silicis,mg/l
12,14,Central,2022-02-23,0.5,TN,40,4.3,mg N/L,2022 Hidrochemija_KM_patikrinta_2023-03-30_1061.xls,azotas bendras,mg/l
12,14,Central,2022-02-23,0.5,TP,39,0.096,mg P/L,2022 Hidrochemija_KM_patikrinta_2023-03-30_1061.xls,bendras fosforas,mg/l
12,14,Central,2022-02-23,0.5,TSS,,19.0,mg/L,2022 Hidrochemija_KM_patikrinta_2023-03-30_1061.xls,suspenduotos (skendinčios) medžiagos,mg/l
12,14,Central,2022-03-15,0.5,BOD7,,1.0,mg O2/L,2022 Hidrochemija_KM_patikrinta_2023-03-30_1061.xls,biocheminis deguonies suvartojimas per 7 paras,mg/l O2
12,14,Central,2022-03-15,0.5,CHLA,59,4.99,ug/L,Chlorofilas a_KM_2022_patikrinta_2023-03-15_1053.xls,Chlorofilas a,µg/l
12,14,Central,2022-03-15,0.5,DIN,,3.453,mg N/L,2022 Hidrochemija_KM_patikrinta_2023-03-30_1061.xls,azotas mineralinis,mg/l
12,14,Central,2022-03-15,0.5,NH4,1,0.039,mg N/L,2022 Hidrochemija_KM_patikrinta_2023-03-30_1061.xls,amonio azotas,mg/l N
12,14,Central,2022-03-15,0.5,NO2,,0.014,mg N/L,2022 Hidrochemija_KM_patikrinta_2023-03-30_1061.xls,nitritų azotas,mg/l N
12,14,Central,2022-03-15,0.5,NO3,2,3.4,mg N/L,2022 Hidrochemija_KM_patikrinta_2023-03-30_1061.xls,nitratų azotas,mg/l N
12,14,Central,2022-03-15,0.5,PO4,3,0.019,mg P/L,2022 Hidrochemija_KM_patikrinta_2023-03-30_1061.xls,fosfatų fosforas,mg/l P
12,14,Central,2022-03-15,0.5,Si,17,3.54,mg Si/L,2022 Hidrochemija_KM_patikrinta_2023-03-30_1061.xls,silicis,mg/l
12,14,Central,2022-03-15,0.5,TN,40,3.5,mg N/L,2022 Hidrochemija_KM_patikrinta_2023-03-30_1061.xls,azotas bendras,mg/l
12,14,Central,2022-03-15,0.5,TP,39,0.054,mg P/L,2022 Hidrochemija_KM_patikrinta_2023-03-30_1061.xls,bendras fosforas,mg/l
12,14,Central,2022-03-15,0.5,TSS,,1.7,mg/L,2022 Hidrochemija_KM_patikrinta_2023-03-30_1061.xls,suspenduotos (skendinčios) medžiagos,mg/l
12,14,Central,2022-04-12,0.5,BOD7,,2.1,mg O2/L,2022 Hidrochemija_KM_patikrinta_2023-03-30_1061.xls,biocheminis deguonies suvartojimas per 7 paras,mg/l O2
12,14,Central,2022-04-12,0.5,CHLA,59,34.87,ug/L,Chlorofilas a_KM_2022_patikrinta_2023-03-15_1053.xls,Chlorofilas a,µg/l
12,14,Central,2022-04-12,0.5,DIN,,1.618,mg N/L,2022 Hidrochemija_KM_patikrinta_2023-03-30_1061.xls,azotas mineralinis,mg/l
12,14,Central,2022-04-12,0.5,NH4,1,0.014,mg N/L,2022 Hidrochemija_KM_patikrinta_2023-03-30_1061.xls,amonio azotas,mg/l N
12,14,Central,2022-04-12,0.5,NO2,,0.004,mg N/L,2022 Hidrochemija_KM_patikrinta_2023-03-30_1061.xls,nitritų azotas,mg/l N
12,14,Central,2022-04-12,0.5,NO3,2,1.6,mg N/L,2022 Hidrochemija_KM_patikrinta_2023-03-30_1061.xls,nitratų azotas,mg/l N
12,14,Central,2022-04-12,0.5,PO4,3,0.006,mg P/L,2022 Hidrochemija_KM_patikrinta_2023-03-30_1061.xls,fosfatų fosforas,mg/l P
12,14,Central,2022-04-12,0.5,Si,17,0.58,mg Si/L,2022 Hidrochemija_KM_patikrinta_2023-03-30_1061.xls,silicis,mg/l
12,14,Central,2022-04-12,0.5,TN,40,2.6,mg N/L,2022 Hidrochemija_KM_patikrinta_2023-03-30_1061.xls,azotas bendras,mg/l
12,14,Central,2022-04-12,0.5,TP,39,0.049,mg P/L,2022 Hidrochemija_KM_patikrinta_2023-03-30_1061.xls,bendras fosforas,mg/l
12,14,Central,2022-04-12,0.5,TSS,,16.0,mg/L,2022 Hidrochemija_KM_patikrinta_2023-03-30_1061.xls,suspenduotos (skendinčios) medžiagos,mg/l
12,14,Central,2022-05-04,0.5,BOD7,,2.4,mg O2/L,2022 Hidrochemija_KM_patikrinta_2023-03-30_1061.xls,biocheminis deguonies suvartojimas per 7 paras,mg/l O2
12,14,Central,2022-05-04,0.5,CHLA,59,16.87,ug/L,Chlorofilas a_KM_2022_patikrinta_2023-03-15_1053.xls,Chlorofilas a,µg/l
12,14,Central,2022-05-04,0.5,DIN,,1.024,mg N/L,2022 Hidrochemija_KM_patikrinta_2023-03-30_1061.xls,azotas mineralinis,mg/l
12,14,Central,2022-05-04,0.5,NH4,1,0.026,mg N/L,2022 Hidrochemija_KM_patikrinta_2023-03-30_1061.xls,amonio azotas,mg/l N
12,14,Central,2022-05-04,0.5,NO2,,0.008,mg N/L,2022 Hidrochemija_KM_patikrinta_2023-03-30_1061.xls,nitritų azotas,mg/l N
12,14,Central,2022-05-04,0.5,NO3,2,0.99,mg N/L,2022 Hidrochemija_KM_patikrinta_2023-03-30_1061.xls,nitratų azotas,mg/l N
12,14,Central,2022-05-04,0.5,PO4,3,0.006,mg P/L,2022 Hidrochemija_KM_patikrinta_2023-03-30_1061.xls,fosfatų fosforas,mg/l P
12,14,Central,2022-05-04,0.5,Si,17,0.33,mg Si/L,2022 Hidrochemija_KM_patikrinta_2023-03-30_1061.xls,silicis,mg/l
12,14,Central,2022-05-04,0.5,TN,40,1.5,mg N/L,2022 Hidrochemija_KM_patikrinta_2023-03-30_1061.xls,azotas bendras,mg/l
12,14,Central,2022-05-04,0.5,TP,39,0.026,mg P/L,2022 Hidrochemija_KM_patikrinta_2023-03-30_1061.xls,bendras fosforas,mg/l
12,14,Central,2022-05-04,0.5,TSS,,5.2,mg/L,2022 Hidrochemija_KM_patikrinta_2023-03-30_1061.xls,suspenduotos (skendinčios) medžiagos,mg/l
12,14,Central,2022-06-07,0.5,BOD7,,5.3,mg O2/L,2022 Hidrochemija_KM_patikrinta_2023-03-30_1061.xls,biocheminis deguonies suvartojimas per 7 paras,mg/l O2
12,14,Central,2022-06-07,0.5,CHLA,59,57.59,ug/L,Chlorofilas a_KM_2022_patikrinta_2023-03-15_1053.xls,Chlorofilas a,µg/l
12,14,Central,2022-06-07,0.5,DIN,,1.46,mg N/L,2022 Hidrochemija_KM_patikrinta_2023-03-30_1061.xls,azotas mineralinis,mg/l
12,14,Central,2022-06-07,0.5,NH4,1,0.038,mg N/L,2022 Hidrochemija_KM_patikrinta_2023-03-30_1061.xls,amonio azotas,mg/l N
12,14,Central,2022-06-07,0.5,NO2,,0.022,mg N/L,2022 Hidrochemija_KM_patikrinta_2023-03-30_1061.xls,nitritų azotas,mg/l N
12,14,Central,2022-06-07,0.5,NO3,2,1.4,mg N/L,2022 Hidrochemija_KM_patikrinta_2023-03-30_1061.xls,nitratų azotas,mg/l N
12,14,Central,2022-06-07,0.5,PO4,3,0.006,mg P/L,2022 Hidrochemija_KM_patikrinta_2023-03-30_1061.xls,fosfatų fosforas,mg/l P
12,14,Central,2022-06-07,0.5,Si,17,0.15,mg Si/L,2022 Hidrochemija_KM_patikrinta_2023-03-30_1061.xls,silicis,mg/l
12,14,Central,2022-06-07,0.5,TN,40,2.9,mg N/L,2022 Hidrochemija_KM_patikrinta_2023-03-30_1061.xls,azotas bendras,mg/l
12,14,Central,2022-06-07,0.5,TP,39,0.071,mg P/L,2022 Hidrochemija_KM_patikrinta_2023-03-30_1061.xls,bendras fosforas,mg/l
12,14,Central,2022-06-07,0.5,TSS,,9.2,mg/L,2022 Hidrochemija_KM_patikrinta_2023-03-30_1061.xls,suspenduotos (skendinčios) medžiagos,mg/l
12,14,Central,2022-08-24,0.5,BOD7,,4.3,mg O2/L,2022 Hidrochemija_KM_patikrinta_2023-03-30_1061.xls,biocheminis deguonies suvartojimas per 7 paras,mg/l O2
12,14,Central,2022-08-24,0.5,CHLA,59,38.33,ug/L,Chlorofilas a_KM_2022_patikrinta_2023-03-15_1053.xls,Chlorofilas a,µg/l
12,14,Central,2022-08-24,0.5,DIN,,0.096,mg N/L,2022 Hidrochemija_KM_patikrinta_2023-03-30_1061.xls,azotas mineralinis,mg/l
12,14,Central,2022-08-24,0.5,NH4,1,0.028,mg N/L,2022 Hidrochemija_KM_patikrinta_2023-03-30_1061.xls,amonio azotas,mg/l N
12,14,Central,2022-08-24,0.5,NO2,,0.009,mg N/L,2022 Hidrochemija_KM_patikrinta_2023-03-30_1061.xls,nitritų azotas,mg/l N
12,14,Central,2022-08-24,0.5,NO3,2,0.059,mg N/L,2022 Hidrochemija_KM_patikrinta_2023-03-30_1061.xls,nitratų azotas,mg/l N
12,14,Central,2022-08-24,0.5,PO4,3,0.011,mg P/L,2022 Hidrochemija_KM_patikrinta_2023-03-30_1061.xls,fosfatų fosforas,mg/l P
12,14,Central,2022-08-24,0.5,Si,17,1.79,mg Si/L,2022 Hidrochemija_KM_patikrinta_2023-03-30_1061.xls,silicis,mg/l
12,14,Central,2022-08-24,0.5,TN,40,1.1,mg N/L,2022 Hidrochemija_KM_patikrinta_2023-03-30_1061.xls,azotas bendras,mg/l
12,14,Central,2022-08-24,0.5,TP,39,0.054,mg P/L,2022 Hidrochemija_KM_patikrinta_2023-03-30_1061.xls,bendras fosforas,mg/l
12,14,Central,2022-08-24,0.5,TSS,,10.0,mg/L,2022 Hidrochemija_KM_patikrinta_2023-03-30_1061.xls,suspenduotos (skendinčios) medžiagos,mg/l
12,14,Central,2022-09-21,0.5,BOD7,,3.8,mg O2/L,2022 Hidrochemija_KM_patikrinta_2023-03-30_1061.xls,biocheminis deguonies suvartojimas per 7 paras,mg/l O2
12,14,Central,2022-09-21,0.5,CHLA,59,39.39,ug/L,Chlorofilas a_KM_2022_patikrinta_2023-03-15_1053.xls,Chlorofilas a,µg/l
12,14,Central,2022-09-21,0.5,DIN,,0.024,mg N/L,2022 Hidrochemija_KM_patikrinta_2023-03-30_1061.xls,azotas mineralinis,mg/l
12,14,Central,2022-09-21,0.5,NH4,1,0.021,mg N/L,2022 Hidrochemija_KM_patikrinta_2023-03-30_1061.xls,amonio azotas,mg/l N
12,14,Central,2022-09-21,0.5,NO2,,0.001,mg N/L,2022 Hidrochemija_KM_patikrinta_2023-03-30_1061.xls,nitritų azotas,mg/l N
12,14,Central,2022-09-21,0.5,NO3,2,0.002,mg N/L,2022 Hidrochemija_KM_patikrinta_2023-03-30_1061.xls,nitratų azotas,mg/l N
12,14,Central,2022-09-21,0.5,PO4,3,0.006,mg P/L,2022 Hidrochemija_KM_patikrinta_2023-03-30_1061.xls,fosfatų fosforas,mg/l P
12,14,Central,2022-09-21,0.5,Si,17,0.25,mg Si/L,2022 Hidrochemija_KM_patikrinta_2023-03-30_1061.xls,silicis,mg/l
12,14,Central,2022-09-21,0.5,TN,40,0.89,mg N/L,2022 Hidrochemija_KM_patikrinta_2023-03-30_1061.xls,azotas bendras,mg/l
12,14,Central,2022-09-21,0.5,TP,39,0.073,mg P/L,2022 Hidrochemija_KM_patikrinta_2023-03-30_1061.xls,bendras fosforas,mg/l
12,14,Central,2022-09-21,0.5,TSS,,18.0,mg/L,2022 Hidrochemija_KM_patikrinta_2023-03-30_1061.xls,suspenduotos (skendinčios) medžiagos,mg/l
12,14,Central,2022-10-12,0.5,BOD7,,3.5,mg O2/L,2022 Hidrochemija_KM_patikrinta_2023-03-30_1061.xls,biocheminis deguonies suvartojimas per 7 paras,mg/l O2
12,14,Central,2022-10-12,0.5,CHLA,59,67.27,ug/L,Chlorofilas a_KM_2022_patikrinta_2023-03-15_1053.xls,Chlorofilas a,µg/l
12,14,Central,2022-10-12,0.5,DIN,,0.063,mg N/L,2022 Hidrochemija_KM_patikrinta_2023-03-30_1061.xls,azotas mineralinis,mg/l
12,14,Central,2022-10-12,0.5,NH4,1,0.04,mg N/L,2022 Hidrochemija_KM_patikrinta_2023-03-30_1061.xls,amonio azotas,mg/l N
12,14,Central,2022-10-12,0.5,NO2,,0.001,mg N/L,2022 Hidrochemija_KM_patikrinta_2023-03-30_1061.xls,nitritų azotas,mg/l N
12,14,Central,2022-10-12,0.5,NO3,2,0.022,mg N/L,2022 Hidrochemija_KM_patikrinta_2023-03-30_1061.xls,nitratų azotas,mg/l N
12,14,Central,2022-10-12,0.5,PO4,3,0.006,mg P/L,2022 Hidrochemija_KM_patikrinta_2023-03-30_1061.xls,fosfatų fosforas,mg/l P
12,14,Central,2022-10-12,0.5,Si,17,3.02,mg Si/L,2022 Hidrochemija_KM_patikrinta_2023-03-30_1061.xls,silicis,mg/l
12,14,Central,2022-10-12,0.5,TN,40,1.1,mg N/L,2022 Hidrochemija_KM_patikrinta_2023-03-30_1061.xls,azotas bendras,mg/l
12,14,Central,2022-10-12,0.5,TP,39,0.13,mg P/L,2022 Hidrochemija_KM_patikrinta_2023-03-30_1061.xls,bendras fosforas,mg/l
12,14,Central,2022-10-12,0.5,TSS,,40.0,mg/L,2022 Hidrochemija_KM_patikrinta_2023-03-30_1061.xls,suspenduotos (skendinčios) medžiagos,mg/l
12,14,Central,2022-11-22,0.5,BOD7,,2.1,mg O2/L,2022 Hidrochemija_KM_patikrinta_2023-03-30_1061.xls,biocheminis deguonies suvartojimas per 7 paras,mg/l O2
12,14,Central,2022-11-22,0.5,CHLA,59,18.37,ug/L,Chlorofilas a_KM_2022_patikrinta_2023-03-15_1053.xls,Chlorofilas a,µg/l
12,14,Central,2022-11-22,0.5,DIN,,0.604,mg N/L,2022 Hidrochemija_KM_patikrinta_2023-03-30_1061.xls,azotas mineralinis,mg/l
12,14,Central,2022-11-22,0.5,NH4,1,0.037,mg N/L,2022 Hidrochemija_KM_patikrinta_2023-03-30_1061.xls,amonio azotas,mg/l N
12,14,Central,2022-11-22,0.5,NO2,,0.007,mg N/L,2022 Hidrochemija_KM_patikrinta_2023-03-30_1061.xls,nitritų azotas,mg/l N
12,14,Central,2022-11-22,0.5,NO3,2,0.56,mg N/L,2022 Hidrochemija_KM_patikrinta_2023-03-30_1061.xls,nitratų azotas,mg/l N
12,14,Central,2022-11-22,0.5,PO4,3,0.029,mg P/L,2022 Hidrochemija_KM_patikrinta_2023-03-30_1061.xls,fosfatų fosforas,mg/l P
12,14,Central,2022-11-22,0.5,Si,17,2.69,mg Si/L,2022 Hidrochemija_KM_patikrinta_2023-03-30_1061.xls,silicis,mg/l
12,14,Central,2022-11-22,0.5,TN,40,1.8,mg N/L,2022 Hidrochemija_KM_patikrinta_2023-03-30_1061.xls,azotas bendras,mg/l
12,14,Central,2022-11-22,0.5,TP,39,0.075,mg P/L,2022 Hidrochemija_KM_patikrinta_2023-03-30_1061.xls,bendras fosforas,mg/l
12,14,Central,2022-11-22,0.5,TSS,,8.1,mg/L,2022 Hidrochemija_KM_patikrinta_2023-03-30_1061.xls,suspenduotos (skendinčios) medžiagos,mg/l
12,14,Central,2023-02-07,0.5,BOD7,,0.93,mg O2/L,2023_KM_BJ_Hidrochemija_patikrinta_2024-01-22.xls,biocheminis deguonies suva,mg/l O2
12,14,Central,2023-02-07,Paviršinis sluoksnis,CHLA,59,2.11,ug/L,Chlorofilas_a_KM_BJ_2023_patikrinta_2024-01-29.xls,chlorofilas a,µg/l
12,14,Central,2023-02-07,0.5,DIN,,3.762,mg N/L,2023_KM_BJ_Hidrochemija_patikrinta_2024-01-22.xls,azotas mineralinis,mg/l
12,14,Central,2023-02-07,0.5,NH4,1,0.044,mg N/L,2023_KM_BJ_Hidrochemija_patikrinta_2024-01-22.xls,amonio azotas,mg/l N
12,14,Central,2023-02-07,0.5,NO2,,0.018,mg N/L,2023_KM_BJ_Hidrochemija_patikrinta_2024-01-22.xls,nitritų azotas,mg/l N
12,14,Central,2023-02-07,0.5,NO3,2,3.7,mg N/L,2023_KM_BJ_Hidrochemija_patikrinta_2024-01-22.xls,nitratų azotas,mg/l N
12,14,Central,2023-02-07,0.5,PO4,3,0.031,mg P/L,2023_KM_BJ_Hidrochemija_patikrinta_2024-01-22.xls,fosfatų fosforas,mg/l P
12,14,Central,2023-02-07,0.5,Si,17,3.75,mg Si/L,2023_KM_BJ_Hidrochemija_patikrinta_2024-01-22.xls,silicis,mg/l
12,14,Central,2023-02-07,0.5,TN,40,3.8,mg N/L,2023_KM_BJ_Hidrochemija_patikrinta_2024-01-22.xls,azotas bendras,mg/l
12,14,Central,2023-02-07,0.5,TP,39,0.067,mg P/L,2023_KM_BJ_Hidrochemija_patikrinta_2024-01-22.xls,bendras fosforas,mg/l
12,14,Central,2023-02-07,0.5,TSS,,4.2,mg/L,2023_KM_BJ_Hidrochemija_patikrinta_2024-01-22.xls,suspenduotos (skendinčios),mg/l
12,14,Central,2023-04-04,0.5,BOD7,,2.4,mg O2/L,2023_KM_BJ_Hidrochemija_patikrinta_2024-01-22.xls,biocheminis deguonies suva,mg/l O2
12,14,Central,2023-04-04,Paviršinis sluoksnis,CHLA,59,41.97,ug/L,Chlorofilas_a_KM_BJ_2023_patikrinta_2024-01-29.xls,chlorofilas a,µg/l
12,14,Central,2023-04-04,0.5,DIN,,2.434,mg N/L,2023_KM_BJ_Hidrochemija_patikrinta_2024-01-22.xls,azotas mineralinis,mg/l
12,14,Central,2023-04-04,0.5,NH4,1,0.027,mg N/L,2023_KM_BJ_Hidrochemija_patikrinta_2024-01-22.xls,amonio azotas,mg/l N
12,14,Central,2023-04-04,0.5,NO2,,0.007,mg N/L,2023_KM_BJ_Hidrochemija_patikrinta_2024-01-22.xls,nitritų azotas,mg/l N
12,14,Central,2023-04-04,0.5,NO3,2,2.4,mg N/L,2023_KM_BJ_Hidrochemija_patikrinta_2024-01-22.xls,nitratų azotas,mg/l N
12,14,Central,2023-04-04,0.5,PO4,3,0.006,mg P/L,2023_KM_BJ_Hidrochemija_patikrinta_2024-01-22.xls,fosfatų fosforas,mg/l P
12,14,Central,2023-04-04,0.5,Si,17,0.76,mg Si/L,2023_KM_BJ_Hidrochemija_patikrinta_2024-01-22.xls,silicis,mg/l
12,14,Central,2023-04-04,0.5,TN,40,2.7,mg N/L,2023_KM_BJ_Hidrochemija_patikrinta_2024-01-22.xls,azotas bendras,mg/l
12,14,Central,2023-04-04,0.5,TP,39,0.054,mg P/L,2023_KM_BJ_Hidrochemija_patikrinta_2024-01-22.xls,bendras fosforas,mg/l
12,14,Central,2023-04-04,0.5,TSS,,15.0,mg/L,2023_KM_BJ_Hidrochemija_patikrinta_2024-01-22.xls,suspenduotos (skendinčios),mg/l
12,14,Central,2023-04-24,0.5,BOD7,,2.9,mg O2/L,2023_KM_BJ_Hidrochemija_patikrinta_2024-01-22.xls,biocheminis deguonies suva,mg/l O2
12,14,Central,2023-04-24,Paviršinis sluoksnis,CHLA,59,25.53,ug/L,Chlorofilas_a_KM_BJ_2023_patikrinta_2024-01-29.xls,chlorofilas a,µg/l
12,14,Central,2023-04-24,0.5,DIN,,1.543,mg N/L,2023_KM_BJ_Hidrochemija_patikrinta_2024-01-22.xls,azotas mineralinis,mg/l
12,14,Central,2023-04-24,0.5,NH4,1,0.03,mg N/L,2023_KM_BJ_Hidrochemija_patikrinta_2024-01-22.xls,amonio azotas,mg/l N
12,14,Central,2023-04-24,0.5,NO2,,0.013,mg N/L,2023_KM_BJ_Hidrochemija_patikrinta_2024-01-22.xls,nitritų azotas,mg/l N
12,14,Central,2023-04-24,0.5,NO3,2,1.5,mg N/L,2023_KM_BJ_Hidrochemija_patikrinta_2024-01-22.xls,nitratų azotas,mg/l N
12,14,Central,2023-04-24,0.5,PO4,3,0.007,mg P/L,2023_KM_BJ_Hidrochemija_patikrinta_2024-01-22.xls,fosfatų fosforas,mg/l P
12,14,Central,2023-04-24,0.5,Si,17,2.75,mg Si/L,2023_KM_BJ_Hidrochemija_patikrinta_2024-01-22.xls,silicis,mg/l
12,14,Central,2023-04-24,0.5,TN,40,2.0,mg N/L,2023_KM_BJ_Hidrochemija_patikrinta_2024-01-22.xls,azotas bendras,mg/l
12,14,Central,2023-04-24,0.5,TP,39,0.049,mg P/L,2023_KM_BJ_Hidrochemija_patikrinta_2024-01-22.xls,bendras fosforas,mg/l
12,14,Central,2023-04-24,0.5,TSS,,4.0,mg/L,2023_KM_BJ_Hidrochemija_patikrinta_2024-01-22.xls,suspenduotos (skendinčios),mg/l
12,14,Central,2023-05-24,0.5,BOD7,,5.4,mg O2/L,2023_KM_BJ_Hidrochemija_patikrinta_2024-01-22.xls,biocheminis deguonies suva,mg/l O2
12,14,Central,2023-05-24,Paviršinis sluoksnis,CHLA,59,36.23,ug/L,Chlorofilas_a_KM_BJ_2023_patikrinta_2024-01-29.xls,chlorofilas a,µg/l
12,14,Central,2023-05-24,0.5,DIN,,0.221,mg N/L,2023_KM_BJ_Hidrochemija_patikrinta_2024-01-22.xls,azotas mineralinis,mg/l
12,14,Central,2023-05-24,0.5,NH4,1,0.032,mg N/L,2023_KM_BJ_Hidrochemija_patikrinta_2024-01-22.xls,amonio azotas,mg/l N
12,14,Central,2023-05-24,0.5,NO2,,0.009,mg N/L,2023_KM_BJ_Hidrochemija_patikrinta_2024-01-22.xls,nitritų azotas,mg/l N
12,14,Central,2023-05-24,0.5,NO3,2,0.18,mg N/L,2023_KM_BJ_Hidrochemija_patikrinta_2024-01-22.xls,nitratų azotas,mg/l N
12,14,Central,2023-05-24,0.5,PO4,3,0.006,mg P/L,2023_KM_BJ_Hidrochemija_patikrinta_2024-01-22.xls,fosfatų fosforas,mg/l P
12,14,Central,2023-05-24,0.5,Si,17,0.21,mg Si/L,2023_KM_BJ_Hidrochemija_patikrinta_2024-01-22.xls,silicis,mg/l
12,14,Central,2023-05-24,0.5,TN,40,1.1,mg N/L,2023_KM_BJ_Hidrochemija_patikrinta_2024-01-22.xls,azotas bendras,mg/l
12,14,Central,2023-05-24,0.5,TP,39,0.041,mg P/L,2023_KM_BJ_Hidrochemija_patikrinta_2024-01-22.xls,bendras fosforas,mg/l
12,14,Central,2023-05-24,0.5,TSS,,8.3,mg/L,2023_KM_BJ_Hidrochemija_patikrinta_2024-01-22.xls,suspenduotos (skendinčios),mg/l
12,14,Central,2023-06-15,0.5,BOD7,,3.3,mg O2/L,2023_KM_BJ_Hidrochemija_patikrinta_2024-01-22.xls,biocheminis deguonies suva,mg/l O2
12,14,Central,2023-06-15,Paviršinis sluoksnis,CHLA,59,22.69,ug/L,Chlorofilas_a_KM_BJ_2023_patikrinta_2024-01-29.xls,chlorofilas a,µg/l
12,14,Central,2023-06-15,0.5,DIN,,0.06,mg N/L,2023_KM_BJ_Hidrochemija_patikrinta_2024-01-22.xls,azotas mineralinis,mg/l
12,14,Central,2023-06-15,0.5,NH4,1,0.03,mg N/L,2023_KM_BJ_Hidrochemija_patikrinta_2024-01-22.xls,amonio azotas,mg/l N
12,14,Central,2023-06-15,0.5,NO2,,0.001,mg N/L,2023_KM_BJ_Hidrochemija_patikrinta_2024-01-22.xls,nitritų azotas,mg/l N
12,14,Central,2023-06-15,0.5,NO3,2,0.029,mg N/L,2023_KM_BJ_Hidrochemija_patikrinta_2024-01-22.xls,nitratų azotas,mg/l N
12,14,Central,2023-06-15,0.5,PO4,3,0.006,mg P/L,2023_KM_BJ_Hidrochemija_patikrinta_2024-01-22.xls,fosfatų fosforas,mg/l P
12,14,Central,2023-06-15,0.5,Si,17,0.43,mg Si/L,2023_KM_BJ_Hidrochemija_patikrinta_2024-01-22.xls,silicis,mg/l
12,14,Central,2023-06-15,0.5,TN,40,0.91,mg N/L,2023_KM_BJ_Hidrochemija_patikrinta_2024-01-22.xls,azotas bendras,mg/l
12,14,Central,2023-06-15,0.5,TP,39,0.059,mg P/L,2023_KM_BJ_Hidrochemija_patikrinta_2024-01-22.xls,bendras fosforas,mg/l
12,14,Central,2023-06-15,0.5,TSS,,11.0,mg/L,2023_KM_BJ_Hidrochemija_patikrinta_2024-01-22.xls,suspenduotos (skendinčios),mg/l
12,14,Central,2023-07-12,0.5,BOD7,,3.6,mg O2/L,2023_KM_BJ_Hidrochemija_patikrinta_2024-01-22.xls,biocheminis deguonies suva,mg/l O2
12,14,Central,2023-07-12,Paviršinis sluoksnis,CHLA,59,31.93,ug/L,Chlorofilas_a_KM_BJ_2023_patikrinta_2024-01-29.xls,chlorofilas a,µg/l
12,14,Central,2023-07-12,0.5,DIN,,0.029,mg N/L,2023_KM_BJ_Hidrochemija_patikrinta_2024-01-22.xls,azotas mineralinis,mg/l
12,14,Central,2023-07-12,0.5,NH4,1,0.026,mg N/L,2023_KM_BJ_Hidrochemija_patikrinta_2024-01-22.xls,amonio azotas,mg/l N
12,14,Central,2023-07-12,0.5,NO2,,0.001,mg N/L,2023_KM_BJ_Hidrochemija_patikrinta_2024-01-22.xls,nitritų azotas,mg/l N
12,14,Central,2023-07-12,0.5,NO3,2,0.002,mg N/L,2023_KM_BJ_Hidrochemija_patikrinta_2024-01-22.xls,nitratų azotas,mg/l N
12,14,Central,2023-07-12,0.5,PO4,3,0.006,mg P/L,2023_KM_BJ_Hidrochemija_patikrinta_2024-01-22.xls,fosfatų fosforas,mg/l P
12,14,Central,2023-07-12,0.5,Si,17,0.33,mg Si/L,2023_KM_BJ_Hidrochemija_patikrinta_2024-01-22.xls,silicis,mg/l
12,14,Central,2023-07-12,0.5,TN,40,0.86,mg N/L,2023_KM_BJ_Hidrochemija_patikrinta_2024-01-22.xls,azotas bendras,mg/l
12,14,Central,2023-07-12,0.5,TP,39,0.063,mg P/L,2023_KM_BJ_Hidrochemija_patikrinta_2024-01-22.xls,bendras fosforas,mg/l
12,14,Central,2023-07-12,0.5,TSS,,18.0,mg/L,2023_KM_BJ_Hidrochemija_patikrinta_2024-01-22.xls,suspenduotos (skendinčios),mg/l
12,14,Central,2023-08-23,0.5,BOD7,,3.8,mg O2/L,2023_KM_BJ_Hidrochemija_patikrinta_2024-01-22.xls,biocheminis deguonies suva,mg/l O2
12,14,Central,2023-08-23,Paviršinis sluoksnis,CHLA,59,64.46,ug/L,Chlorofilas_a_KM_BJ_2023_patikrinta_2024-01-29.xls,chlorofilas a,µg/l
12,14,Central,2023-08-23,0.5,DIN,,0.026,mg N/L,2023_KM_BJ_Hidrochemija_patikrinta_2024-01-22.xls,azotas mineralinis,mg/l
12,14,Central,2023-08-23,0.5,NH4,1,0.023,mg N/L,2023_KM_BJ_Hidrochemija_patikrinta_2024-01-22.xls,amonio azotas,mg/l N
12,14,Central,2023-08-23,0.5,NO2,,0.001,mg N/L,2023_KM_BJ_Hidrochemija_patikrinta_2024-01-22.xls,nitritų azotas,mg/l N
12,14,Central,2023-08-23,0.5,NO3,2,0.002,mg N/L,2023_KM_BJ_Hidrochemija_patikrinta_2024-01-22.xls,nitratų azotas,mg/l N
12,14,Central,2023-08-23,0.5,PO4,3,0.043,mg P/L,2023_KM_BJ_Hidrochemija_patikrinta_2024-01-22.xls,fosfatų fosforas,mg/l P
12,14,Central,2023-08-23,0.5,Si,17,0.3,mg Si/L,2023_KM_BJ_Hidrochemija_patikrinta_2024-01-22.xls,silicis,mg/l
12,14,Central,2023-08-23,0.5,TN,40,0.83,mg N/L,2023_KM_BJ_Hidrochemija_patikrinta_2024-01-22.xls,azotas bendras,mg/l
12,14,Central,2023-08-23,0.5,TP,39,0.15,mg P/L,2023_KM_BJ_Hidrochemija_patikrinta_2024-01-22.xls,bendras fosforas,mg/l
12,14,Central,2023-08-23,0.5,TSS,,22.0,mg/L,2023_KM_BJ_Hidrochemija_patikrinta_2024-01-22.xls,suspenduotos (skendinčios),mg/l
12,14,Central,2023-09-21,0.5,BOD7,,4.2,mg O2/L,2023_KM_BJ_Hidrochemija_patikrinta_2024-01-22.xls,biocheminis deguonies suva,mg/l O2
12,14,Central,2023-09-21,Paviršinis sluoksnis,CHLA,59,69.13,ug/L,Chlorofilas_a_KM_BJ_2023_patikrinta_2024-01-29.xls,chlorofilas a,µg/l
12,14,Central,2023-09-21,0.5,DIN,,0.044,mg N/L,2023_KM_BJ_Hidrochemija_patikrinta_2024-01-22.xls,azotas mineralinis,mg/l
12,14,Central,2023-09-21,0.5,NH4,1,0.038,mg N/L,2023_KM_BJ_Hidrochemija_patikrinta_2024-01-22.xls,amonio azotas,mg/l N
12,14,Central,2023-09-21,0.5,NO2,,0.004,mg N/L,2023_KM_BJ_Hidrochemija_patikrinta_2024-01-22.xls,nitritų azotas,mg/l N
12,14,Central,2023-09-21,0.5,NO3,2,0.002,mg N/L,2023_KM_BJ_Hidrochemija_patikrinta_2024-01-22.xls,nitratų azotas,mg/l N
12,14,Central,2023-09-21,0.5,PO4,3,0.006,mg P/L,2023_KM_BJ_Hidrochemija_patikrinta_2024-01-22.xls,fosfatų fosforas,mg/l P
12,14,Central,2023-09-21,0.5,Si,17,0.46,mg Si/L,2023_KM_BJ_Hidrochemija_patikrinta_2024-01-22.xls,silicis,mg/l
12,14,Central,2023-09-21,0.5,TN,40,1.2,mg N/L,2023_KM_BJ_Hidrochemija_patikrinta_2024-01-22.xls,azotas bendras,mg/l
12,14,Central,2023-09-21,0.5,TP,39,0.094,mg P/L,2023_KM_BJ_Hidrochemija_patikrinta_2024-01-22.xls,bendras fosforas,mg/l
12,14,Central,2023-09-21,0.5,TSS,,21.0,mg/L,2023_KM_BJ_Hidrochemija_patikrinta_2024-01-22.xls,suspenduotos (skendinčios),mg/l
12,14,Central,2023-10-19,0.5,BOD7,,3.0,mg O2/L,2023_KM_BJ_Hidrochemija_patikrinta_2024-01-22.xls,biocheminis deguonies suva,mg/l O2
12,14,Central,2023-10-19,Paviršinis sluoksnis,CHLA,59,55.91,ug/L,Chlorofilas_a_KM_BJ_2023_patikrinta_2024-01-29.xls,chlorofilas a,µg/l
12,14,Central,2023-10-19,0.5,DIN,,0.252,mg N/L,2023_KM_BJ_Hidrochemija_patikrinta_2024-01-22.xls,azotas mineralinis,mg/l
12,14,Central,2023-10-19,0.5,NH4,1,0.028,mg N/L,2023_KM_BJ_Hidrochemija_patikrinta_2024-01-22.xls,amonio azotas,mg/l N
12,14,Central,2023-10-19,0.5,NO2,,0.004,mg N/L,2023_KM_BJ_Hidrochemija_patikrinta_2024-01-22.xls,nitritų azotas,mg/l N
12,14,Central,2023-10-19,0.5,NO3,2,0.22,mg N/L,2023_KM_BJ_Hidrochemija_patikrinta_2024-01-22.xls,nitratų azotas,mg/l N
12,14,Central,2023-10-19,0.5,PO4,3,0.006,mg P/L,2023_KM_BJ_Hidrochemija_patikrinta_2024-01-22.xls,fosfatų fosforas,mg/l P
12,14,Central,2023-10-19,0.5,Si,17,0.39,mg Si/L,2023_KM_BJ_Hidrochemija_patikrinta_2024-01-22.xls,silicis,mg/l
12,14,Central,2023-10-19,0.5,TN,40,1.5,mg N/L,2023_KM_BJ_Hidrochemija_patikrinta_2024-01-22.xls,azotas bendras,mg/l
12,14,Central,2023-10-19,0.5,TP,39,0.069,mg P/L,2023_KM_BJ_Hidrochemija_patikrinta_2024-01-22.xls,bendras fosforas,mg/l
12,14,Central,2023-10-19,0.5,TSS,,28.0,mg/L,2023_KM_BJ_Hidrochemija_patikrinta_2024-01-22.xls,suspenduotos (skendinčios),mg/l
12,14,Central,2023-11-14,0.5,BOD7,,1.5,mg O2/L,2023_KM_BJ_Hidrochemija_patikrinta_2024-01-22.xls,biocheminis deguonies suva,mg/l O2
12,14,Central,2023-11-14,Paviršinis sluoksnis,CHLA,59,43.78,ug/L,Chlorofilas_a_KM_BJ_2023_patikrinta_2024-01-29.xls,chlorofilas a,µg/l
12,14,Central,2023-11-14,0.5,DIN,,1.576,mg N/L,2023_KM_BJ_Hidrochemija_patikrinta_2024-01-22.xls,azotas mineralinis,mg/l
12,14,Central,2023-11-14,0.5,NH4,1,0.062,mg N/L,2023_KM_BJ_Hidrochemija_patikrinta_2024-01-22.xls,amonio azotas,mg/l N
12,14,Central,2023-11-14,0.5,NO2,,0.014,mg N/L,2023_KM_BJ_Hidrochemija_patikrinta_2024-01-22.xls,nitritų azotas,mg/l N
12,14,Central,2023-11-14,0.5,NO3,2,1.5,mg N/L,2023_KM_BJ_Hidrochemija_patikrinta_2024-01-22.xls,nitratų azotas,mg/l N
12,14,Central,2023-11-14,0.5,PO4,3,0.034,mg P/L,2023_KM_BJ_Hidrochemija_patikrinta_2024-01-22.xls,fosfatų fosforas,mg/l P
12,14,Central,2023-11-14,0.5,Si,17,2.5,mg Si/L,2023_KM_BJ_Hidrochemija_patikrinta_2024-01-22.xls,silicis,mg/l
12,14,Central,2023-11-14,0.5,TN,40,2.2,mg N/L,2023_KM_BJ_Hidrochemija_patikrinta_2024-01-22.xls,azotas bendras,mg/l
12,14,Central,2023-11-14,0.5,TP,39,0.092,mg P/L,2023_KM_BJ_Hidrochemija_patikrinta_2024-01-22.xls,bendras fosforas,mg/l
12,14,Central,2023-11-14,0.5,TSS,,11.0,mg/L,2023_KM_BJ_Hidrochemija_patikrinta_2024-01-22.xls,suspenduotos (skendinčios),mg/l
14,9,Central,2022-02-23,0.5,CHLA,59,23.13,ug/L,Chlorofilas a_KM_2022_patikrinta_2023-03-15_1053.xls,Chlorofilas a,µg/l
14,9,Central,2022-04-12,0.5,BOD7,,2.8,mg O2/L,2022 Hidrochemija_KM_patikrinta_2023-03-30_1061.xls,biocheminis deguonies suvartojimas per 7 paras,mg/l O2
14,9,Central,2022-04-12,4,BOD7,,2.4,mg O2/L,2022 Hidrochemija_KM_patikrinta_2023-03-30_1061.xls,biocheminis deguonies suvartojimas per 7 paras,mg/l O2
14,9,Central,2022-04-12,0.5,CHLA,59,38.25,ug/L,Chlorofilas a_KM_2022_patikrinta_2023-03-15_1053.xls,Chlorofilas a,µg/l
14,9,Central,2022-04-12,0.5,DIN,,1.32,mg N/L,2022 Hidrochemija_KM_patikrinta_2023-03-30_1061.xls,azotas mineralinis,mg/l
14,9,Central,2022-04-12,4,DIN,,1.317,mg N/L,2022 Hidrochemija_KM_patikrinta_2023-03-30_1061.xls,azotas mineralinis,mg/l
14,9,Central,2022-04-12,0.5,NH4,1,0.017,mg N/L,2022 Hidrochemija_KM_patikrinta_2023-03-30_1061.xls,amonio azotas,mg/l N
14,9,Central,2022-04-12,4,NH4,1,0.014,mg N/L,2022 Hidrochemija_KM_patikrinta_2023-03-30_1061.xls,amonio azotas,mg/l N
14,9,Central,2022-04-12,0.5,NO2,,0.003,mg N/L,2022 Hidrochemija_KM_patikrinta_2023-03-30_1061.xls,nitritų azotas,mg/l N
14,9,Central,2022-04-12,4,NO2,,0.003,mg N/L,2022 Hidrochemija_KM_patikrinta_2023-03-30_1061.xls,nitritų azotas,mg/l N
14,9,Central,2022-04-12,0.5,NO3,2,1.3,mg N/L,2022 Hidrochemija_KM_patikrinta_2023-03-30_1061.xls,nitratų azotas,mg/l N
14,9,Central,2022-04-12,4,NO3,2,1.3,mg N/L,2022 Hidrochemija_KM_patikrinta_2023-03-30_1061.xls,nitratų azotas,mg/l N
14,9,Central,2022-04-12,0.5,PO4,3,0.006,mg P/L,2022 Hidrochemija_KM_patikrinta_2023-03-30_1061.xls,fosfatų fosforas,mg/l P
14,9,Central,2022-04-12,4,PO4,3,0.006,mg P/L,2022 Hidrochemija_KM_patikrinta_2023-03-30_1061.xls,fosfatų fosforas,mg/l P
14,9,Central,2022-04-12,0.5,Si,17,0.25,mg Si/L,2022 Hidrochemija_KM_patikrinta_2023-03-30_1061.xls,silicis,mg/l
14,9,Central,2022-04-12,4,Si,17,0.3,mg Si/L,2022 Hidrochemija_KM_patikrinta_2023-03-30_1061.xls,silicis,mg/l
14,9,Central,2022-04-12,0.5,TN,40,2.6,mg N/L,2022 Hidrochemija_KM_patikrinta_2023-03-30_1061.xls,azotas bendras,mg/l
14,9,Central,2022-04-12,4,TN,40,2.2,mg N/L,2022 Hidrochemija_KM_patikrinta_2023-03-30_1061.xls,azotas bendras,mg/l
14,9,Central,2022-04-12,0.5,TP,39,0.059,mg P/L,2022 Hidrochemija_KM_patikrinta_2023-03-30_1061.xls,bendras fosforas,mg/l
14,9,Central,2022-04-12,4,TP,39,0.057,mg P/L,2022 Hidrochemija_KM_patikrinta_2023-03-30_1061.xls,bendras fosforas,mg/l
14,9,Central,2022-05-04,0.5,BOD7,,2.5,mg O2/L,2022 Hidrochemija_KM_patikrinta_2023-03-30_1061.xls,biocheminis deguonies suvartojimas per 7 paras,mg/l O2
14,9,Central,2022-05-04,3.7,BOD7,,2.7,mg O2/L,2022 Hidrochemija_KM_patikrinta_2023-03-30_1061.xls,biocheminis deguonies suvartojimas per 7 paras,mg/l O2
14,9,Central,2022-05-04,0.5,CHLA,59,22.89,ug/L,Chlorofilas a_KM_2022_patikrinta_2023-03-15_1053.xls,Chlorofilas a,µg/l
14,9,Central,2022-05-04,0.5,DIN,,1.022,mg N/L,2022 Hidrochemija_KM_patikrinta_2023-03-30_1061.xls,azotas mineralinis,mg/l
14,9,Central,2022-05-04,3.7,DIN,,1.073,mg N/L,2022 Hidrochemija_KM_patikrinta_2023-03-30_1061.xls,azotas mineralinis,mg/l
14,9,Central,2022-05-04,0.5,NH4,1,0.016,mg N/L,2022 Hidrochemija_KM_patikrinta_2023-03-30_1061.xls,amonio azotas,mg/l N
14,9,Central,2022-05-04,3.7,NH4,1,0.056,mg N/L,2022 Hidrochemija_KM_patikrinta_2023-03-30_1061.xls,amonio azotas,mg/l N
14,9,Central,2022-05-04,0.5,NO2,,0.006,mg N/L,2022 Hidrochemija_KM_patikrinta_2023-03-30_1061.xls,nitritų azotas,mg/l N
14,9,Central,2022-05-04,3.7,NO2,,0.017,mg N/L,2022 Hidrochemija_KM_patikrinta_2023-03-30_1061.xls,nitritų azotas,mg/l N
14,9,Central,2022-05-04,0.5,NO3,2,1.0,mg N/L,2022 Hidrochemija_KM_patikrinta_2023-03-30_1061.xls,nitratų azotas,mg/l N
14,9,Central,2022-05-04,3.7,NO3,2,1.0,mg N/L,2022 Hidrochemija_KM_patikrinta_2023-03-30_1061.xls,nitratų azotas,mg/l N
14,9,Central,2022-05-04,0.5,PO4,3,0.006,mg P/L,2022 Hidrochemija_KM_patikrinta_2023-03-30_1061.xls,fosfatų fosforas,mg/l P
14,9,Central,2022-05-04,3.7,PO4,3,0.006,mg P/L,2022 Hidrochemija_KM_patikrinta_2023-03-30_1061.xls,fosfatų fosforas,mg/l P
14,9,Central,2022-05-04,0.5,Si,17,0.38,mg Si/L,2022 Hidrochemija_KM_patikrinta_2023-03-30_1061.xls,silicis,mg/l
14,9,Central,2022-05-04,3.7,Si,17,0.4,mg Si/L,2022 Hidrochemija_KM_patikrinta_2023-03-30_1061.xls,silicis,mg/l
14,9,Central,2022-05-04,0.5,TN,40,1.5,mg N/L,2022 Hidrochemija_KM_patikrinta_2023-03-30_1061.xls,azotas bendras,mg/l
14,9,Central,2022-05-04,3.7,TN,40,1.5,mg N/L,2022 Hidrochemija_KM_patikrinta_2023-03-30_1061.xls,azotas bendras,mg/l
14,9,Central,2022-05-04,0.5,TP,39,0.036,mg P/L,2022 Hidrochemija_KM_patikrinta_2023-03-30_1061.xls,bendras fosforas,mg/l
14,9,Central,2022-05-04,3.7,TP,39,0.041,mg P/L,2022 Hidrochemija_KM_patikrinta_2023-03-30_1061.xls,bendras fosforas,mg/l
14,9,Central,2022-06-07,0.5,BOD7,,2.7,mg O2/L,2022 Hidrochemija_KM_patikrinta_2023-03-30_1061.xls,biocheminis deguonies suvartojimas per 7 paras,mg/l O2
14,9,Central,2022-06-07,3.9,BOD7,,2.8,mg O2/L,2022 Hidrochemija_KM_patikrinta_2023-03-30_1061.xls,biocheminis deguonies suvartojimas per 7 paras,mg/l O2
14,9,Central,2022-06-07,0.5,CHLA,59,21.34,ug/L,Chlorofilas a_KM_2022_patikrinta_2023-03-15_1053.xls,Chlorofilas a,µg/l
14,9,Central,2022-06-07,0.5,DIN,,0.126,mg N/L,2022 Hidrochemija_KM_patikrinta_2023-03-30_1061.xls,azotas mineralinis,mg/l
14,9,Central,2022-06-07,3.9,DIN,,0.173,mg N/L,2022 Hidrochemija_KM_patikrinta_2023-03-30_1061.xls,azotas mineralinis,mg/l
14,9,Central,2022-06-07,0.5,NH4,1,0.018,mg N/L,2022 Hidrochemija_KM_patikrinta_2023-03-30_1061.xls,amonio azotas,mg/l N
14,9,Central,2022-06-07,3.9,NH4,1,0.054,mg N/L,2022 Hidrochemija_KM_patikrinta_2023-03-30_1061.xls,amonio azotas,mg/l N
14,9,Central,2022-06-07,0.5,NO2,,0.008,mg N/L,2022 Hidrochemija_KM_patikrinta_2023-03-30_1061.xls,nitritų azotas,mg/l N
14,9,Central,2022-06-07,3.9,NO2,,0.009,mg N/L,2022 Hidrochemija_KM_patikrinta_2023-03-30_1061.xls,nitritų azotas,mg/l N
14,9,Central,2022-06-07,0.5,NO3,2,0.1,mg N/L,2022 Hidrochemija_KM_patikrinta_2023-03-30_1061.xls,nitratų azotas,mg/l N
14,9,Central,2022-06-07,3.9,NO3,2,0.11,mg N/L,2022 Hidrochemija_KM_patikrinta_2023-03-30_1061.xls,nitratų azotas,mg/l N
14,9,Central,2022-06-07,0.5,PO4,3,0.006,mg P/L,2022 Hidrochemija_KM_patikrinta_2023-03-30_1061.xls,fosfatų fosforas,mg/l P
14,9,Central,2022-06-07,3.9,PO4,3,0.006,mg P/L,2022 Hidrochemija_KM_patikrinta_2023-03-30_1061.xls,fosfatų fosforas,mg/l P
14,9,Central,2022-06-07,0.5,Si,17,0.15,mg Si/L,2022 Hidrochemija_KM_patikrinta_2023-03-30_1061.xls,silicis,mg/l
14,9,Central,2022-06-07,3.9,Si,17,0.15,mg Si/L,2022 Hidrochemija_KM_patikrinta_2023-03-30_1061.xls,silicis,mg/l
14,9,Central,2022-06-07,0.5,TN,40,1.3,mg N/L,2022 Hidrochemija_KM_patikrinta_2023-03-30_1061.xls,azotas bendras,mg/l
14,9,Central,2022-06-07,3.9,TN,40,1.6,mg N/L,2022 Hidrochemija_KM_patikrinta_2023-03-30_1061.xls,azotas bendras,mg/l
14,9,Central,2022-06-07,0.5,TP,39,0.033,mg P/L,2022 Hidrochemija_KM_patikrinta_2023-03-30_1061.xls,bendras fosforas,mg/l
14,9,Central,2022-06-07,3.9,TP,39,0.033,mg P/L,2022 Hidrochemija_KM_patikrinta_2023-03-30_1061.xls,bendras fosforas,mg/l
14,9,Central,2022-08-24,0.5,BOD7,,3.6,mg O2/L,2022 Hidrochemija_KM_patikrinta_2023-03-30_1061.xls,biocheminis deguonies suvartojimas per 7 paras,mg/l O2
14,9,Central,2022-08-24,4.1,BOD7,,3.6,mg O2/L,2022 Hidrochemija_KM_patikrinta_2023-03-30_1061.xls,biocheminis deguonies suvartojimas per 7 paras,mg/l O2
14,9,Central,2022-08-24,0.5,CHLA,59,66.72,ug/L,Chlorofilas a_KM_2022_patikrinta_2023-03-15_1053.xls,Chlorofilas a,µg/l
14,9,Central,2022-08-24,0.5,DIN,,0.038,mg N/L,2022 Hidrochemija_KM_patikrinta_2023-03-30_1061.xls,azotas mineralinis,mg/l
14,9,Central,2022-08-24,4.1,DIN,,0.043,mg N/L,2022 Hidrochemija_KM_patikrinta_2023-03-30_1061.xls,azotas mineralinis,mg/l
14,9,Central,2022-08-24,0.5,NH4,1,0.035,mg N/L,2022 Hidrochemija_KM_patikrinta_2023-03-30_1061.xls,amonio azotas,mg/l N
14,9,Central,2022-08-24,4.1,NH4,1,0.04,mg N/L,2022 Hidrochemija_KM_patikrinta_2023-03-30_1061.xls,amonio azotas,mg/l N
14,9,Central,2022-08-24,0.5,NO2,,0.001,mg N/L,2022 Hidrochemija_KM_patikrinta_2023-03-30_1061.xls,nitritų azotas,mg/l N
14,9,Central,2022-08-24,4.1,NO2,,0.001,mg N/L,2022 Hidrochemija_KM_patikrinta_2023-03-30_1061.xls,nitritų azotas,mg/l N
14,9,Central,2022-08-24,0.5,NO3,2,0.002,mg N/L,2022 Hidrochemija_KM_patikrinta_2023-03-30_1061.xls,nitratų azotas,mg/l N
14,9,Central,2022-08-24,4.1,NO3,2,0.002,mg N/L,2022 Hidrochemija_KM_patikrinta_2023-03-30_1061.xls,nitratų azotas,mg/l N
14,9,Central,2022-08-24,0.5,PO4,3,0.006,mg P/L,2022 Hidrochemija_KM_patikrinta_2023-03-30_1061.xls,fosfatų fosforas,mg/l P
14,9,Central,2022-08-24,4.1,PO4,3,0.006,mg P/L,2022 Hidrochemija_KM_patikrinta_2023-03-30_1061.xls,fosfatų fosforas,mg/l P
14,9,Central,2022-08-24,0.5,Si,17,0.15,mg Si/L,2022 Hidrochemija_KM_patikrinta_2023-03-30_1061.xls,silicis,mg/l
14,9,Central,2022-08-24,4.1,Si,17,0.43,mg Si/L,2022 Hidrochemija_KM_patikrinta_2023-03-30_1061.xls,silicis,mg/l
14,9,Central,2022-08-24,0.5,TN,40,1.2,mg N/L,2022 Hidrochemija_KM_patikrinta_2023-03-30_1061.xls,azotas bendras,mg/l
14,9,Central,2022-08-24,4.1,TN,40,1.3,mg N/L,2022 Hidrochemija_KM_patikrinta_2023-03-30_1061.xls,azotas bendras,mg/l
14,9,Central,2022-08-24,0.5,TP,39,0.076,mg P/L,2022 Hidrochemija_KM_patikrinta_2023-03-30_1061.xls,bendras fosforas,mg/l
14,9,Central,2022-08-24,4.1,TP,39,0.084,mg P/L,2022 Hidrochemija_KM_patikrinta_2023-03-30_1061.xls,bendras fosforas,mg/l
14,9,Central,2022-09-21,0.5,BOD7,,3.5,mg O2/L,2022 Hidrochemija_KM_patikrinta_2023-03-30_1061.xls,biocheminis deguonies suvartojimas per 7 paras,mg/l O2
14,9,Central,2022-09-21,4.1,BOD7,,3.5,mg O2/L,2022 Hidrochemija_KM_patikrinta_2023-03-30_1061.xls,biocheminis deguonies suvartojimas per 7 paras,mg/l O2
14,9,Central,2022-09-21,0.5,CHLA,59,42.32,ug/L,Chlorofilas a_KM_2022_patikrinta_2023-03-15_1053.xls,Chlorofilas a,µg/l
14,9,Central,2022-09-21,0.5,DIN,,0.054,mg N/L,2022 Hidrochemija_KM_patikrinta_2023-03-30_1061.xls,azotas mineralinis,mg/l
14,9,Central,2022-09-21,4.1,DIN,,0.024,mg N/L,2022 Hidrochemija_KM_patikrinta_2023-03-30_1061.xls,azotas mineralinis,mg/l
14,9,Central,2022-09-21,0.5,NH4,1,0.039,mg N/L,2022 Hidrochemija_KM_patikrinta_2023-03-30_1061.xls,amonio azotas,mg/l N
14,9,Central,2022-09-21,4.1,NH4,1,0.021,mg N/L,2022 Hidrochemija_KM_patikrinta_2023-03-30_1061.xls,amonio azotas,mg/l N
14,9,Central,2022-09-21,0.5,NO2,,0.001,mg N/L,2022 Hidrochemija_KM_patikrinta_2023-03-30_1061.xls,nitritų azotas,mg/l N
14,9,Central,2022-09-21,4.1,NO2,,0.001,mg N/L,2022 Hidrochemija_KM_patikrinta_2023-03-30_1061.xls,nitritų azotas,mg/l N
14,9,Central,2022-09-21,0.5,NO3,2,0.014,mg N/L,2022 Hidrochemija_KM_patikrinta_2023-03-30_1061.xls,nitratų azotas,mg/l N
14,9,Central,2022-09-21,4.1,NO3,2,0.002,mg N/L,2022 Hidrochemija_KM_patikrinta_2023-03-30_1061.xls,nitratų azotas,mg/l N
14,9,Central,2022-09-21,0.5,PO4,3,0.006,mg P/L,2022 Hidrochemija_KM_patikrinta_2023-03-30_1061.xls,fosfatų fosforas,mg/l P
14,9,Central,2022-09-21,4.1,PO4,3,0.006,mg P/L,2022 Hidrochemija_KM_patikrinta_2023-03-30_1061.xls,fosfatų fosforas,mg/l P
14,9,Central,2022-09-21,0.5,Si,17,0.15,mg Si/L,2022 Hidrochemija_KM_patikrinta_2023-03-30_1061.xls,silicis,mg/l
14,9,Central,2022-09-21,4.1,Si,17,0.18,mg Si/L,2022 Hidrochemija_KM_patikrinta_2023-03-30_1061.xls,silicis,mg/l
14,9,Central,2022-09-21,0.5,TN,40,0.94,mg N/L,2022 Hidrochemija_KM_patikrinta_2023-03-30_1061.xls,azotas bendras,mg/l
14,9,Central,2022-09-21,4.1,TN,40,0.86,mg N/L,2022 Hidrochemija_KM_patikrinta_2023-03-30_1061.xls,azotas bendras,mg/l
14,9,Central,2022-09-21,0.5,TP,39,0.072,mg P/L,2022 Hidrochemija_KM_patikrinta_2023-03-30_1061.xls,bendras fosforas,mg/l
14,9,Central,2022-09-21,4.1,TP,39,0.075,mg P/L,2022 Hidrochemija_KM_patikrinta_2023-03-30_1061.xls,bendras fosforas,mg/l
14,9,Central,2022-10-12,0.5,BOD7,,3.7,mg O2/L,2022 Hidrochemija_KM_patikrinta_2023-03-30_1061.xls,biocheminis deguonies suvartojimas per 7 paras,mg/l O2
14,9,Central,2022-10-12,3.7,BOD7,,3.8,mg O2/L,2022 Hidrochemija_KM_patikrinta_2023-03-30_1061.xls,biocheminis deguonies suvartojimas per 7 paras,mg/l O2
14,9,Central,2022-10-12,0.5,CHLA,59,91.27,ug/L,Chlorofilas a_KM_2022_patikrinta_2023-03-15_1053.xls,Chlorofilas a,µg/l
14,9,Central,2022-10-12,0.5,DIN,,0.112,mg N/L,2022 Hidrochemija_KM_patikrinta_2023-03-30_1061.xls,azotas mineralinis,mg/l
14,9,Central,2022-10-12,3.7,DIN,,0.09,mg N/L,2022 Hidrochemija_KM_patikrinta_2023-03-30_1061.xls,azotas mineralinis,mg/l
14,9,Central,2022-10-12,0.5,NH4,1,0.053,mg N/L,2022 Hidrochemija_KM_patikrinta_2023-03-30_1061.xls,amonio azotas,mg/l N
14,9,Central,2022-10-12,3.7,NH4,1,0.053,mg N/L,2022 Hidrochemija_KM_patikrinta_2023-03-30_1061.xls,amonio azotas,mg/l N
14,9,Central,2022-10-12,0.5,NO2,,0.004,mg N/L,2022 Hidrochemija_KM_patikrinta_2023-03-30_1061.xls,nitritų azotas,mg/l N
14,9,Central,2022-10-12,3.7,NO2,,0.002,mg N/L,2022 Hidrochemija_KM_patikrinta_2023-03-30_1061.xls,nitritų azotas,mg/l N
14,9,Central,2022-10-12,0.5,NO3,2,0.055,mg N/L,2022 Hidrochemija_KM_patikrinta_2023-03-30_1061.xls,nitratų azotas,mg/l N
14,9,Central,2022-10-12,3.7,NO3,2,0.035,mg N/L,2022 Hidrochemija_KM_patikrinta_2023-03-30_1061.xls,nitratų azotas,mg/l N
14,9,Central,2022-10-12,0.5,PO4,3,0.006,mg P/L,2022 Hidrochemija_KM_patikrinta_2023-03-30_1061.xls,fosfatų fosforas,mg/l P
14,9,Central,2022-10-12,3.7,PO4,3,0.006,mg P/L,2022 Hidrochemija_KM_patikrinta_2023-03-30_1061.xls,fosfatų fosforas,mg/l P
14,9,Central,2022-10-12,0.5,Si,17,2.07,mg Si/L,2022 Hidrochemija_KM_patikrinta_2023-03-30_1061.xls,silicis,mg/l
14,9,Central,2022-10-12,3.7,Si,17,2.09,mg Si/L,2022 Hidrochemija_KM_patikrinta_2023-03-30_1061.xls,silicis,mg/l
14,9,Central,2022-10-12,0.5,TN,40,1.4,mg N/L,2022 Hidrochemija_KM_patikrinta_2023-03-30_1061.xls,azotas bendras,mg/l
14,9,Central,2022-10-12,3.7,TN,40,0.42,mg N/L,2022 Hidrochemija_KM_patikrinta_2023-03-30_1061.xls,azotas bendras,mg/l
14,9,Central,2022-10-12,0.5,TP,39,0.13,mg P/L,2022 Hidrochemija_KM_patikrinta_2023-03-30_1061.xls,bendras fosforas,mg/l
14,9,Central,2022-10-12,3.7,TP,39,0.14,mg P/L,2022 Hidrochemija_KM_patikrinta_2023-03-30_1061.xls,bendras fosforas,mg/l
14,9,Central,2022-11-22,0,BOD7,,1.6,mg O2/L,2022 Hidrochemija_KM_patikrinta_2023-03-30_1061.xls,biocheminis deguonies suvartojimas per 7 paras,mg/l O2
14,9,Central,2022-11-22,0.5,BOD7,,1.7,mg O2/L,2022 Hidrochemija_KM_patikrinta_2023-03-30_1061.xls,biocheminis deguonies suvartojimas per 7 paras,mg/l O2
14,9,Central,2022-11-22,0.5,CHLA,59,38.7,ug/L,Chlorofilas a_KM_2022_patikrinta_2023-03-15_1053.xls,Chlorofilas a,µg/l
14,9,Central,2022-11-22,0,DIN,,0.391,mg N/L,2022 Hidrochemija_KM_patikrinta_2023-03-30_1061.xls,azotas mineralinis,mg/l
14,9,Central,2022-11-22,0.5,DIN,,0.442,mg N/L,2022 Hidrochemija_KM_patikrinta_2023-03-30_1061.xls,azotas mineralinis,mg/l
14,9,Central,2022-11-22,0,NH4,1,0.034,mg N/L,2022 Hidrochemija_KM_patikrinta_2023-03-30_1061.xls,amonio azotas,mg/l N
14,9,Central,2022-11-22,0.5,NH4,1,0.036,mg N/L,2022 Hidrochemija_KM_patikrinta_2023-03-30_1061.xls,amonio azotas,mg/l N
14,9,Central,2022-11-22,0,NO2,,0.007,mg N/L,2022 Hidrochemija_KM_patikrinta_2023-03-30_1061.xls,nitritų azotas,mg/l N
14,9,Central,2022-11-22,0.5,NO2,,0.006,mg N/L,2022 Hidrochemija_KM_patikrinta_2023-03-30_1061.xls,nitritų azotas,mg/l N
14,9,Central,2022-11-22,0,NO3,2,0.35,mg N/L,2022 Hidrochemija_KM_patikrinta_2023-03-30_1061.xls,nitratų azotas,mg/l N
14,9,Central,2022-11-22,0.5,NO3,2,0.4,mg N/L,2022 Hidrochemija_KM_patikrinta_2023-03-30_1061.xls,nitratų azotas,mg/l N
14,9,Central,2022-11-22,0,PO4,3,0.01,mg P/L,2022 Hidrochemija_KM_patikrinta_2023-03-30_1061.xls,fosfatų fosforas,mg/l P
14,9,Central,2022-11-22,0.5,PO4,3,0.016,mg P/L,2022 Hidrochemija_KM_patikrinta_2023-03-30_1061.xls,fosfatų fosforas,mg/l P
14,9,Central,2022-11-22,0,Si,17,2.55,mg Si/L,2022 Hidrochemija_KM_patikrinta_2023-03-30_1061.xls,silicis,mg/l
14,9,Central,2022-11-22,0.5,Si,17,2.57,mg Si/L,2022 Hidrochemija_KM_patikrinta_2023-03-30_1061.xls,silicis,mg/l
14,9,Central,2022-11-22,0,TN,40,1.3,mg N/L,2022 Hidrochemija_KM_patikrinta_2023-03-30_1061.xls,azotas bendras,mg/l
14,9,Central,2022-11-22,0.5,TN,40,1.3,mg N/L,2022 Hidrochemija_KM_patikrinta_2023-03-30_1061.xls,azotas bendras,mg/l
14,9,Central,2022-11-22,0,TP,39,0.081,mg P/L,2022 Hidrochemija_KM_patikrinta_2023-03-30_1061.xls,bendras fosforas,mg/l
14,9,Central,2022-11-22,0.5,TP,39,0.086,mg P/L,2022 Hidrochemija_KM_patikrinta_2023-03-30_1061.xls,bendras fosforas,mg/l
14,9,Central,2023-04-24,0.5,BOD7,,3.5,mg O2/L,2023_KM_BJ_Hidrochemija_patikrinta_2024-01-22.xls,biocheminis deguonies suva,mg/l O2
14,9,Central,2023-04-24,3.2,BOD7,,3.1,mg O2/L,2023_KM_BJ_Hidrochemija_patikrinta_2024-01-22.xls,biocheminis deguonies suva,mg/l O2
14,9,Central,2023-04-24,Paviršinis sluoksnis,CHLA,59,29.78,ug/L,Chlorofilas_a_KM_BJ_2023_patikrinta_2024-01-29.xls,chlorofilas a,µg/l
14,9,Central,2023-04-24,0.5,DIN,,1.141,mg N/L,2023_KM_BJ_Hidrochemija_patikrinta_2024-01-22.xls,azotas mineralinis,mg/l
14,9,Central,2023-04-24,3.2,DIN,,1.239,mg N/L,2023_KM_BJ_Hidrochemija_patikrinta_2024-01-22.xls,azotas mineralinis,mg/l
14,9,Central,2023-04-24,0.5,NH4,1,0.032,mg N/L,2023_KM_BJ_Hidrochemija_patikrinta_2024-01-22.xls,amonio azotas,mg/l N
14,9,Central,2023-04-24,3.2,NH4,1,0.03,mg N/L,2023_KM_BJ_Hidrochemija_patikrinta_2024-01-22.xls,amonio azotas,mg/l N
14,9,Central,2023-04-24,0.5,NO2,,0.009,mg N/L,2023_KM_BJ_Hidrochemija_patikrinta_2024-01-22.xls,nitritų azotas,mg/l N
14,9,Central,2023-04-24,3.2,NO2,,0.009,mg N/L,2023_KM_BJ_Hidrochemija_patikrinta_2024-01-22.xls,nitritų azotas,mg/l N
14,9,Central,2023-04-24,0.5,NO3,2,1.1,mg N/L,2023_KM_BJ_Hidrochemija_patikrinta_2024-01-22.xls,nitratų azotas,mg/l N
14,9,Central,2023-04-24,3.2,NO3,2,1.2,mg N/L,2023_KM_BJ_Hidrochemija_patikrinta_2024-01-22.xls,nitratų azotas,mg/l N
14,9,Central,2023-04-24,0.5,PO4,3,0.006,mg P/L,2023_KM_BJ_Hidrochemija_patikrinta_2024-01-22.xls,fosfatų fosforas,mg/l P
14,9,Central,2023-04-24,3.2,PO4,3,0.006,mg P/L,2023_KM_BJ_Hidrochemija_patikrinta_2024-01-22.xls,fosfatų fosforas,mg/l P
14,9,Central,2023-04-24,0.5,Si,17,0.5,mg Si/L,2023_KM_BJ_Hidrochemija_patikrinta_2024-01-22.xls,silicis,mg/l
14,9,Central,2023-04-24,3.2,Si,17,0.76,mg Si/L,2023_KM_BJ_Hidrochemija_patikrinta_2024-01-22.xls,silicis,mg/l
14,9,Central,2023-04-24,0.5,TN,40,1.7,mg N/L,2023_KM_BJ_Hidrochemija_patikrinta_2024-01-22.xls,azotas bendras,mg/l
14,9,Central,2023-04-24,3.2,TN,40,2.0,mg N/L,2023_KM_BJ_Hidrochemija_patikrinta_2024-01-22.xls,azotas bendras,mg/l
14,9,Central,2023-04-24,0.5,TP,39,0.036,mg P/L,2023_KM_BJ_Hidrochemija_patikrinta_2024-01-22.xls,bendras fosforas,mg/l
14,9,Central,2023-04-24,3.2,TP,39,0.037,mg P/L,2023_KM_BJ_Hidrochemija_patikrinta_2024-01-22.xls,bendras fosforas,mg/l
14,9,Central,2023-05-24,0.5,BOD7,,2.0,mg O2/L,2023_KM_BJ_Hidrochemija_patikrinta_2024-01-22.xls,biocheminis deguonies suva,mg/l O2
14,9,Central,2023-05-24,3.5,BOD7,,2.1,mg O2/L,2023_KM_BJ_Hidrochemija_patikrinta_2024-01-22.xls,biocheminis deguonies suva,mg/l O2
14,9,Central,2023-05-24,Paviršinis sluoksnis,CHLA,59,8.07,ug/L,Chlorofilas_a_KM_BJ_2023_patikrinta_2024-01-29.xls,chlorofilas a,µg/l
14,9,Central,2023-05-24,0.5,DIN,,0.406,mg N/L,2023_KM_BJ_Hidrochemija_patikrinta_2024-01-22.xls,azotas mineralinis,mg/l
14,9,Central,2023-05-24,3.5,DIN,,0.376,mg N/L,2023_KM_BJ_Hidrochemija_patikrinta_2024-01-22.xls,azotas mineralinis,mg/l
14,9,Central,2023-05-24,0.5,NH4,1,0.027,mg N/L,2023_KM_BJ_Hidrochemija_patikrinta_2024-01-22.xls,amonio azotas,mg/l N
14,9,Central,2023-05-24,3.5,NH4,1,0.029,mg N/L,2023_KM_BJ_Hidrochemija_patikrinta_2024-01-22.xls,amonio azotas,mg/l N
14,9,Central,2023-05-24,0.5,NO2,,0.009,mg N/L,2023_KM_BJ_Hidrochemija_patikrinta_2024-01-22.xls,nitritų azotas,mg/l N
14,9,Central,2023-05-24,3.5,NO2,,0.007,mg N/L,2023_KM_BJ_Hidrochemija_patikrinta_2024-01-22.xls,nitritų azotas,mg/l N
14,9,Central,2023-05-24,0.5,NO3,2,0.37,mg N/L,2023_KM_BJ_Hidrochemija_patikrinta_2024-01-22.xls,nitratų azotas,mg/l N
14,9,Central,2023-05-24,3.5,NO3,2,0.34,mg N/L,2023_KM_BJ_Hidrochemija_patikrinta_2024-01-22.xls,nitratų azotas,mg/l N
14,9,Central,2023-05-24,0.5,PO4,3,0.006,mg P/L,2023_KM_BJ_Hidrochemija_patikrinta_2024-01-22.xls,fosfatų fosforas,mg/l P
14,9,Central,2023-05-24,3.5,PO4,3,0.006,mg P/L,2023_KM_BJ_Hidrochemija_patikrinta_2024-01-22.xls,fosfatų fosforas,mg/l P
14,9,Central,2023-05-24,0.5,Si,17,0.21,mg Si/L,2023_KM_BJ_Hidrochemija_patikrinta_2024-01-22.xls,silicis,mg/l
14,9,Central,2023-05-24,3.5,Si,17,0.21,mg Si/L,2023_KM_BJ_Hidrochemija_patikrinta_2024-01-22.xls,silicis,mg/l
14,9,Central,2023-05-24,0.5,TN,40,1.1,mg N/L,2023_KM_BJ_Hidrochemija_patikrinta_2024-01-22.xls,azotas bendras,mg/l
14,9,Central,2023-05-24,3.5,TN,40,1.1,mg N/L,2023_KM_BJ_Hidrochemija_patikrinta_2024-01-22.xls,azotas bendras,mg/l
14,9,Central,2023-05-24,0.5,TP,39,0.025,mg P/L,2023_KM_BJ_Hidrochemija_patikrinta_2024-01-22.xls,bendras fosforas,mg/l
14,9,Central,2023-05-24,3.5,TP,39,0.027,mg P/L,2023_KM_BJ_Hidrochemija_patikrinta_2024-01-22.xls,bendras fosforas,mg/l
14,9,Central,2023-06-15,0.5,BOD7,,3.4,mg O2/L,2023_KM_BJ_Hidrochemija_patikrinta_2024-01-22.xls,biocheminis deguonies suva,mg/l O2
14,9,Central,2023-06-15,3.8,BOD7,,3.1,mg O2/L,2023_KM_BJ_Hidrochemija_patikrinta_2024-01-22.xls,biocheminis deguonies suva,mg/l O2
14,9,Central,2023-06-15,Paviršinis sluoksnis,CHLA,59,25.82,ug/L,Chlorofilas_a_KM_BJ_2023_patikrinta_2024-01-29.xls,chlorofilas a,µg/l
14,9,Central,2023-06-15,0.5,DIN,,0.036,mg N/L,2023_KM_BJ_Hidrochemija_patikrinta_2024-01-22.xls,azotas mineralinis,mg/l
14,9,Central,2023-06-15,3.8,DIN,,0.04,mg N/L,2023_KM_BJ_Hidrochemija_patikrinta_2024-01-22.xls,azotas mineralinis,mg/l
14,9,Central,2023-06-15,0.5,NH4,1,0.019,mg N/L,2023_KM_BJ_Hidrochemija_patikrinta_2024-01-22.xls,amonio azotas,mg/l N
14,9,Central,2023-06-15,3.8,NH4,1,0.024,mg N/L,2023_KM_BJ_Hidrochemija_patikrinta_2024-01-22.xls,amonio azotas,mg/l N
14,9,Central,2023-06-15,0.5,NO2,,0.002,mg N/L,2023_KM_BJ_Hidrochemija_patikrinta_2024-01-22.xls,nitritų azotas,mg/l N
14,9,Central,2023-06-15,3.8,NO2,,0.001,mg N/L,2023_KM_BJ_Hidrochemija_patikrinta_2024-01-22.xls,nitritų azotas,mg/l N
14,9,Central,2023-06-15,0.5,NO3,2,0.015,mg N/L,2023_KM_BJ_Hidrochemija_patikrinta_2024-01-22.xls,nitratų azotas,mg/l N
14,9,Central,2023-06-15,3.8,NO3,2,0.015,mg N/L,2023_KM_BJ_Hidrochemija_patikrinta_2024-01-22.xls,nitratų azotas,mg/l N
14,9,Central,2023-06-15,0.5,PO4,3,0.006,mg P/L,2023_KM_BJ_Hidrochemija_patikrinta_2024-01-22.xls,fosfatų fosforas,mg/l P
14,9,Central,2023-06-15,3.8,PO4,3,0.006,mg P/L,2023_KM_BJ_Hidrochemija_patikrinta_2024-01-22.xls,fosfatų fosforas,mg/l P
14,9,Central,2023-06-15,0.5,Si,17,0.2,mg Si/L,2023_KM_BJ_Hidrochemija_patikrinta_2024-01-22.xls,silicis,mg/l
14,9,Central,2023-06-15,3.8,Si,17,0.25,mg Si/L,2023_KM_BJ_Hidrochemija_patikrinta_2024-01-22.xls,silicis,mg/l
14,9,Central,2023-06-15,0.5,TN,40,0.91,mg N/L,2023_KM_BJ_Hidrochemija_patikrinta_2024-01-22.xls,azotas bendras,mg/l
14,9,Central,2023-06-15,3.8,TN,40,0.88,mg N/L,2023_KM_BJ_Hidrochemija_patikrinta_2024-01-22.xls,azotas bendras,mg/l
14,9,Central,2023-06-15,0.5,TP,39,0.083,mg P/L,2023_KM_BJ_Hidrochemija_patikrinta_2024-01-22.xls,bendras fosforas,mg/l
14,9,Central,2023-06-15,3.8,TP,39,0.064,mg P/L,2023_KM_BJ_Hidrochemija_patikrinta_2024-01-22.xls,bendras fosforas,mg/l
14,9,Central,2023-07-12,0.5,BOD7,,3.5,mg O2/L,2023_KM_BJ_Hidrochemija_patikrinta_2024-01-22.xls,biocheminis deguonies suva,mg/l O2
14,9,Central,2023-07-12,3.7,BOD7,,2.8,mg O2/L,2023_KM_BJ_Hidrochemija_patikrinta_2024-01-22.xls,biocheminis deguonies suva,mg/l O2
14,9,Central,2023-07-12,Paviršinis sluoksnis,CHLA,59,18.52,ug/L,Chlorofilas_a_KM_BJ_2023_patikrinta_2024-01-29.xls,chlorofilas a,µg/l
14,9,Central,2023-07-12,0.5,DIN,,0.023,mg N/L,2023_KM_BJ_Hidrochemija_patikrinta_2024-01-22.xls,azotas mineralinis,mg/l
14,9,Central,2023-07-12,3.7,DIN,,0.024,mg N/L,2023_KM_BJ_Hidrochemija_patikrinta_2024-01-22.xls,azotas mineralinis,mg/l
14,9,Central,2023-07-12,0.5,NH4,1,0.02,mg N/L,2023_KM_BJ_Hidrochemija_patikrinta_2024-01-22.xls,amonio azotas,mg/l N
14,9,Central,2023-07-12,3.7,NH4,1,0.021,mg N/L,2023_KM_BJ_Hidrochemija_patikrinta_2024-01-22.xls,amonio azotas,mg/l N
14,9,Central,2023-07-12,0.5,NO2,,0.001,mg N/L,2023_KM_BJ_Hidrochemija_patikrinta_2024-01-22.xls,nitritų azotas,mg/l N
14,9,Central,2023-07-12,3.7,NO2,,0.001,mg N/L,2023_KM_BJ_Hidrochemija_patikrinta_2024-01-22.xls,nitritų azotas,mg/l N
14,9,Central,2023-07-12,0.5,NO3,2,0.002,mg N/L,2023_KM_BJ_Hidrochemija_patikrinta_2024-01-22.xls,nitratų azotas,mg/l N
14,9,Central,2023-07-12,3.7,NO3,2,0.002,mg N/L,2023_KM_BJ_Hidrochemija_patikrinta_2024-01-22.xls,nitratų azotas,mg/l N
14,9,Central,2023-07-12,0.5,PO4,3,0.006,mg P/L,2023_KM_BJ_Hidrochemija_patikrinta_2024-01-22.xls,fosfatų fosforas,mg/l P
14,9,Central,2023-07-12,3.7,PO4,3,0.006,mg P/L,2023_KM_BJ_Hidrochemija_patikrinta_2024-01-22.xls,fosfatų fosforas,mg/l P
14,9,Central,2023-07-12,0.5,Si,17,0.52,mg Si/L,2023_KM_BJ_Hidrochemija_patikrinta_2024-01-22.xls,silicis,mg/l
14,9,Central,2023-07-12,3.7,Si,17,0.65,mg Si/L,2023_KM_BJ_Hidrochemija_patikrinta_2024-01-22.xls,silicis,mg/l
14,9,Central,2023-07-12,0.5,TN,40,0.85,mg N/L,2023_KM_BJ_Hidrochemija_patikrinta_2024-01-22.xls,azotas bendras,mg/l
14,9,Central,2023-07-12,3.7,TN,40,0.87,mg N/L,2023_KM_BJ_Hidrochemija_patikrinta_2024-01-22.xls,azotas bendras,mg/l
14,9,Central,2023-07-12,0.5,TP,39,0.065,mg P/L,2023_KM_BJ_Hidrochemija_patikrinta_2024-01-22.xls,bendras fosforas,mg/l
14,9,Central,2023-07-12,3.7,TP,39,0.066,mg P/L,2023_KM_BJ_Hidrochemija_patikrinta_2024-01-22.xls,bendras fosforas,mg/l
14,9,Central,2023-08-23,0.5,BOD7,,3.2,mg O2/L,2023_KM_BJ_Hidrochemija_patikrinta_2024-01-22.xls,biocheminis deguonies suva,mg/l O2
14,9,Central,2023-08-23,4.1,BOD7,,3.7,mg O2/L,2023_KM_BJ_Hidrochemija_patikrinta_2024-01-22.xls,biocheminis deguonies suva,mg/l O2
14,9,Central,2023-08-23,Paviršinis sluoksnis,CHLA,59,39.31,ug/L,Chlorofilas_a_KM_BJ_2023_patikrinta_2024-01-29.xls,chlorofilas a,µg/l
14,9,Central,2023-08-23,0.5,DIN,,0.047,mg N/L,2023_KM_BJ_Hidrochemija_patikrinta_2024-01-22.xls,azotas mineralinis,mg/l
14,9,Central,2023-08-23,4.1,DIN,,0.028,mg N/L,2023_KM_BJ_Hidrochemija_patikrinta_2024-01-22.xls,azotas mineralinis,mg/l
14,9,Central,2023-08-23,0.5,NH4,1,0.025,mg N/L,2023_KM_BJ_Hidrochemija_patikrinta_2024-01-22.xls,amonio azotas,mg/l N
14,9,Central,2023-08-23,4.1,NH4,1,0.024,mg N/L,2023_KM_BJ_Hidrochemija_patikrinta_2024-01-22.xls,amonio azotas,mg/l N
14,9,Central,2023-08-23,0.5,NO2,,0.001,mg N/L,2023_KM_BJ_Hidrochemija_patikrinta_2024-01-22.xls,nitritų azotas,mg/l N
14,9,Central,2023-08-23,4.1,NO2,,0.002,mg N/L,2023_KM_BJ_Hidrochemija_patikrinta_2024-01-22.xls,nitritų azotas,mg/l N
14,9,Central,2023-08-23,0.5,NO3,2,0.021,mg N/L,2023_KM_BJ_Hidrochemija_patikrinta_2024-01-22.xls,nitratų azotas,mg/l N
14,9,Central,2023-08-23,4.1,NO3,2,0.002,mg N/L,2023_KM_BJ_Hidrochemija_patikrinta_2024-01-22.xls,nitratų azotas,mg/l N
14,9,Central,2023-08-23,0.5,PO4,3,0.006,mg P/L,2023_KM_BJ_Hidrochemija_patikrinta_2024-01-22.xls,fosfatų fosforas,mg/l P
14,9,Central,2023-08-23,4.1,PO4,3,0.006,mg P/L,2023_KM_BJ_Hidrochemija_patikrinta_2024-01-22.xls,fosfatų fosforas,mg/l P
14,9,Central,2023-08-23,0.5,Si,17,0.22,mg Si/L,2023_KM_BJ_Hidrochemija_patikrinta_2024-01-22.xls,silicis,mg/l
14,9,Central,2023-08-23,4.1,Si,17,0.21,mg Si/L,2023_KM_BJ_Hidrochemija_patikrinta_2024-01-22.xls,silicis,mg/l
14,9,Central,2023-08-23,0.5,TN,40,0.92,mg N/L,2023_KM_BJ_Hidrochemija_patikrinta_2024-01-22.xls,azotas bendras,mg/l
14,9,Central,2023-08-23,4.1,TN,40,0.88,mg N/L,2023_KM_BJ_Hidrochemija_patikrinta_2024-01-22.xls,azotas bendras,mg/l
14,9,Central,2023-08-23,0.5,TP,39,0.068,mg P/L,2023_KM_BJ_Hidrochemija_patikrinta_2024-01-22.xls,bendras fosforas,mg/l
14,9,Central,2023-08-23,4.1,TP,39,0.069,mg P/L,2023_KM_BJ_Hidrochemija_patikrinta_2024-01-22.xls,bendras fosforas,mg/l
14,9,Central,2023-09-21,0.5,BOD7,,3.6,mg O2/L,2023_KM_BJ_Hidrochemija_patikrinta_2024-01-22.xls,biocheminis deguonies suva,mg/l O2
14,9,Central,2023-09-21,3.2,BOD7,,3.8,mg O2/L,2023_KM_BJ_Hidrochemija_patikrinta_2024-01-22.xls,biocheminis deguonies suva,mg/l O2
14,9,Central,2023-09-21,Paviršinis sluoksnis,CHLA,59,64.61,ug/L,Chlorofilas_a_KM_BJ_2023_patikrinta_2024-01-29.xls,chlorofilas a,µg/l
14,9,Central,2023-09-21,0.5,DIN,,0.042,mg N/L,2023_KM_BJ_Hidrochemija_patikrinta_2024-01-22.xls,azotas mineralinis,mg/l
14,9,Central,2023-09-21,3.2,DIN,,0.037,mg N/L,2023_KM_BJ_Hidrochemija_patikrinta_2024-01-22.xls,azotas mineralinis,mg/l
14,9,Central,2023-09-21,0.5,NH4,1,0.027,mg N/L,2023_KM_BJ_Hidrochemija_patikrinta_2024-01-22.xls,amonio azotas,mg/l N
14,9,Central,2023-09-21,3.2,NH4,1,0.027,mg N/L,2023_KM_BJ_Hidrochemija_patikrinta_2024-01-22.xls,amonio azotas,mg/l N
14,9,Central,2023-09-21,0.5,NO2,,0.002,mg N/L,2023_KM_BJ_Hidrochemija_patikrinta_2024-01-22.xls,nitritų azotas,mg/l N
14,9,Central,2023-09-21,3.2,NO2,,0.002,mg N/L,2023_KM_BJ_Hidrochemija_patikrinta_2024-01-22.xls,nitritų azotas,mg/l N
14,9,Central,2023-09-21,0.5,NO3,2,0.013,mg N/L,2023_KM_BJ_Hidrochemija_patikrinta_2024-01-22.xls,nitratų azotas,mg/l N
14,9,Central,2023-09-21,3.2,NO3,2,0.008,mg N/L,2023_KM_BJ_Hidrochemija_patikrinta_2024-01-22.xls,nitratų azotas,mg/l N
14,9,Central,2023-09-21,0.5,PO4,3,0.006,mg P/L,2023_KM_BJ_Hidrochemija_patikrinta_2024-01-22.xls,fosfatų fosforas,mg/l P
14,9,Central,2023-09-21,3.2,PO4,3,0.006,mg P/L,2023_KM_BJ_Hidrochemija_patikrinta_2024-01-22.xls,fosfatų fosforas,mg/l P
14,9,Central,2023-09-21,0.5,Si,17,0.41,mg Si/L,2023_KM_BJ_Hidrochemija_patikrinta_2024-01-22.xls,silicis,mg/l
14,9,Central,2023-09-21,3.2,Si,17,0.67,mg Si/L,2023_KM_BJ_Hidrochemija_patikrinta_2024-01-22.xls,silicis,mg/l
14,9,Central,2023-09-21,0.5,TN,40,1.2,mg N/L,2023_KM_BJ_Hidrochemija_patikrinta_2024-01-22.xls,azotas bendras,mg/l
14,9,Central,2023-09-21,3.2,TN,40,1.2,mg N/L,2023_KM_BJ_Hidrochemija_patikrinta_2024-01-22.xls,azotas bendras,mg/l
14,9,Central,2023-09-21,0.5,TP,39,0.079,mg P/L,2023_KM_BJ_Hidrochemija_patikrinta_2024-01-22.xls,bendras fosforas,mg/l
14,9,Central,2023-09-21,3.2,TP,39,0.083,mg P/L,2023_KM_BJ_Hidrochemija_patikrinta_2024-01-22.xls,bendras fosforas,mg/l
14,9,Central,2023-10-19,0.5,BOD7,,3.3,mg O2/L,2023_KM_BJ_Hidrochemija_patikrinta_2024-01-22.xls,biocheminis deguonies suva,mg/l O2
14,9,Central,2023-10-19,4,BOD7,,3.3,mg O2/L,2023_KM_BJ_Hidrochemija_patikrinta_2024-01-22.xls,biocheminis deguonies suva,mg/l O2
14,9,Central,2023-10-19,Paviršinis sluoksnis,CHLA,59,74.2,ug/L,Chlorofilas_a_KM_BJ_2023_patikrinta_2024-01-29.xls,chlorofilas a,µg/l
14,9,Central,2023-10-19,0.5,DIN,,0.05,mg N/L,2023_KM_BJ_Hidrochemija_patikrinta_2024-01-22.xls,azotas mineralinis,mg/l
14,9,Central,2023-10-19,4,DIN,,0.061,mg N/L,2023_KM_BJ_Hidrochemija_patikrinta_2024-01-22.xls,azotas mineralinis,mg/l
14,9,Central,2023-10-19,0.5,NH4,1,0.028,mg N/L,2023_KM_BJ_Hidrochemija_patikrinta_2024-01-22.xls,amonio azotas,mg/l N
14,9,Central,2023-10-19,4,NH4,1,0.032,mg N/L,2023_KM_BJ_Hidrochemija_patikrinta_2024-01-22.xls,amonio azotas,mg/l N
14,9,Central,2023-10-19,0.5,NO2,,0.001,mg N/L,2023_KM_BJ_Hidrochemija_patikrinta_2024-01-22.xls,nitritų azotas,mg/l N
14,9,Central,2023-10-19,4,NO2,,0.001,mg N/L,2023_KM_BJ_Hidrochemija_patikrinta_2024-01-22.xls,nitritų azotas,mg/l N
14,9,Central,2023-10-19,0.5,NO3,2,0.021,mg N/L,2023_KM_BJ_Hidrochemija_patikrinta_2024-01-22.xls,nitratų azotas,mg/l N
14,9,Central,2023-10-19,4,NO3,2,0.028,mg N/L,2023_KM_BJ_Hidrochemija_patikrinta_2024-01-22.xls,nitratų azotas,mg/l N
14,9,Central,2023-10-19,0.5,PO4,3,0.006,mg P/L,2023_KM_BJ_Hidrochemija_patikrinta_2024-01-22.xls,fosfatų fosforas,mg/l P
14,9,Central,2023-10-19,4,PO4,3,0.006,mg P/L,2023_KM_BJ_Hidrochemija_patikrinta_2024-01-22.xls,fosfatų fosforas,mg/l P
14,9,Central,2023-10-19,0.5,Si,17,0.35,mg Si/L,2023_KM_BJ_Hidrochemija_patikrinta_2024-01-22.xls,silicis,mg/l
14,9,Central,2023-10-19,4,Si,17,0.33,mg Si/L,2023_KM_BJ_Hidrochemija_patikrinta_2024-01-22.xls,silicis,mg/l
14,9,Central,2023-10-19,0.5,TN,40,1.2,mg N/L,2023_KM_BJ_Hidrochemija_patikrinta_2024-01-22.xls,azotas bendras,mg/l
14,9,Central,2023-10-19,4,TN,40,1.2,mg N/L,2023_KM_BJ_Hidrochemija_patikrinta_2024-01-22.xls,azotas bendras,mg/l
14,9,Central,2023-10-19,0.5,TP,39,0.09,mg P/L,2023_KM_BJ_Hidrochemija_patikrinta_2024-01-22.xls,bendras fosforas,mg/l
14,9,Central,2023-10-19,4,TP,39,0.097,mg P/L,2023_KM_BJ_Hidrochemija_patikrinta_2024-01-22.xls,bendras fosforas,mg/l
14,9,Central,2023-11-14,0.5,BOD7,,1.7,mg O2/L,2023_KM_BJ_Hidrochemija_patikrinta_2024-01-22.xls,biocheminis deguonies suva,mg/l O2
14,9,Central,2023-11-14,3.9,BOD7,,1.8,mg O2/L,2023_KM_BJ_Hidrochemija_patikrinta_2024-01-22.xls,biocheminis deguonies suva,mg/l O2
14,9,Central,2023-11-14,Paviršinis sluoksnis,CHLA,59,46.39,ug/L,Chlorofilas_a_KM_BJ_2023_patikrinta_2024-01-29.xls,chlorofilas a,µg/l
14,9,Central,2023-11-14,0.5,DIN,,0.229,mg N/L,2023_KM_BJ_Hidrochemija_patikrinta_2024-01-22.xls,azotas mineralinis,mg/l
14,9,Central,2023-11-14,3.9,DIN,,0.228,mg N/L,2023_KM_BJ_Hidrochemija_patikrinta_2024-01-22.xls,azotas mineralinis,mg/l
14,9,Central,2023-11-14,0.5,NH4,1,0.038,mg N/L,2023_KM_BJ_Hidrochemija_patikrinta_2024-01-22.xls,amonio azotas,mg/l N
14,9,Central,2023-11-14,3.9,NH4,1,0.025,mg N/L,2023_KM_BJ_Hidrochemija_patikrinta_2024-01-22.xls,amonio azotas,mg/l N
14,9,Central,2023-11-14,0.5,NO2,,0.011,mg N/L,2023_KM_BJ_Hidrochemija_patikrinta_2024-01-22.xls,nitritų azotas,mg/l N
14,9,Central,2023-11-14,3.9,NO2,,0.003,mg N/L,2023_KM_BJ_Hidrochemija_patikrinta_2024-01-22.xls,nitritų azotas,mg/l N
14,9,Central,2023-11-14,0.5,NO3,2,0.18,mg N/L,2023_KM_BJ_Hidrochemija_patikrinta_2024-01-22.xls,nitratų azotas,mg/l N
14,9,Central,2023-11-14,3.9,NO3,2,0.2,mg N/L,2023_KM_BJ_Hidrochemija_patikrinta_2024-01-22.xls,nitratų azotas,mg/l N
14,9,Central,2023-11-14,0.5,PO4,3,0.006,mg P/L,2023_KM_BJ_Hidrochemija_patikrinta_2024-01-22.xls,fosfatų fosforas,mg/l P
14,9,Central,2023-11-14,3.9,PO4,3,0.006,mg P/L,2023_KM_BJ_Hidrochemija_patikrinta_2024-01-22.xls,fosfatų fosforas,mg/l P
14,9,Central,2023-11-14,0.5,Si,17,0.52,mg Si/L,2023_KM_BJ_Hidrochemija_patikrinta_2024-01-22.xls,silicis,mg/l
14,9,Central,2023-11-14,3.9,Si,17,0.43,mg Si/L,2023_KM_BJ_Hidrochemija_patikrinta_2024-01-22.xls,silicis,mg/l
14,9,Central,2023-11-14,0.5,TN,40,1.7,mg N/L,2023_KM_BJ_Hidrochemija_patikrinta_2024-01-22.xls,azotas bendras,mg/l
14,9,Central,2023-11-14,3.9,TN,40,1.7,mg N/L,2023_KM_BJ_Hidrochemija_patikrinta_2024-01-22.xls,azotas bendras,mg/l
14,9,Central,2023-11-14,0.5,TP,39,0.073,mg P/L,2023_KM_BJ_Hidrochemija_patikrinta_2024-01-22.xls,bendras fosforas,mg/l
14,9,Central,2023-11-14,3.9,TP,39,0.068,mg P/L,2023_KM_BJ_Hidrochemija_patikrinta_2024-01-22.xls,bendras fosforas,mg/l
2,7,Strait,2022-02-23,0.5,BOD7,,0.96,mg O2/L,2022 Hidrochemija_KM_patikrinta_2023-03-30_1061.xls,biocheminis deguonies suvartojimas per 7 paras,mg/l O2
2,7,Strait,2022-02-23,9.4,BOD7,,1.0,mg O2/L,2022 Hidrochemija_KM_patikrinta_2023-03-30_1061.xls,biocheminis deguonies suvartojimas per 7 paras,mg/l O2
2,7,Strait,2022-02-23,0.5,CHLA,59,18.0,ug/L,Chlorofilas a_KM_2022_patikrinta_2023-03-15_1053.xls,Chlorofilas a,µg/l
2,7,Strait,2022-02-23,0.5,DIN,,3.465,mg N/L,2022 Hidrochemija_KM_patikrinta_2023-03-30_1061.xls,azotas mineralinis,mg/l
2,7,Strait,2022-02-23,9.4,DIN,,3.672,mg N/L,2022 Hidrochemija_KM_patikrinta_2023-03-30_1061.xls,azotas mineralinis,mg/l
2,7,Strait,2022-02-23,0.5,NH4,1,0.051,mg N/L,2022 Hidrochemija_KM_patikrinta_2023-03-30_1061.xls,amonio azotas,mg/l N
2,7,Strait,2022-02-23,9.4,NH4,1,0.058,mg N/L,2022 Hidrochemija_KM_patikrinta_2023-03-30_1061.xls,amonio azotas,mg/l N
2,7,Strait,2022-02-23,0.5,NO2,,0.014,mg N/L,2022 Hidrochemija_KM_patikrinta_2023-03-30_1061.xls,nitritų azotas,mg/l N
2,7,Strait,2022-02-23,9.4,NO2,,0.014,mg N/L,2022 Hidrochemija_KM_patikrinta_2023-03-30_1061.xls,nitritų azotas,mg/l N
2,7,Strait,2022-02-23,0.5,NO3,2,3.4,mg N/L,2022 Hidrochemija_KM_patikrinta_2023-03-30_1061.xls,nitratų azotas,mg/l N
2,7,Strait,2022-02-23,9.4,NO3,2,3.6,mg N/L,2022 Hidrochemija_KM_patikrinta_2023-03-30_1061.xls,nitratų azotas,mg/l N
2,7,Strait,2022-02-23,0.5,PO4,3,0.012,mg P/L,2022 Hidrochemija_KM_patikrinta_2023-03-30_1061.xls,fosfatų fosforas,mg/l P
2,7,Strait,2022-02-23,9.4,PO4,3,0.014,mg P/L,2022 Hidrochemija_KM_patikrinta_2023-03-30_1061.xls,fosfatų fosforas,mg/l P
2,7,Strait,2022-02-23,0.5,Si,17,3.66,mg Si/L,2022 Hidrochemija_KM_patikrinta_2023-03-30_1061.xls,silicis,mg/l
2,7,Strait,2022-02-23,9.4,Si,17,3.58,mg Si/L,2022 Hidrochemija_KM_patikrinta_2023-03-30_1061.xls,silicis,mg/l
2,7,Strait,2022-02-23,0.5,TN,40,3.7,mg N/L,2022 Hidrochemija_KM_patikrinta_2023-03-30_1061.xls,azotas bendras,mg/l
2,7,Strait,2022-02-23,9.4,TN,40,3.8,mg N/L,2022 Hidrochemija_KM_patikrinta_2023-03-30_1061.xls,azotas bendras,mg/l
2,7,Strait,2022-02-23,0.5,TP,39,0.071,mg P/L,2022 Hidrochemija_KM_patikrinta_2023-03-30_1061.xls,bendras fosforas,mg/l
2,7,Strait,2022-02-23,9.4,TP,39,0.076,mg P/L,2022 Hidrochemija_KM_patikrinta_2023-03-30_1061.xls,bendras fosforas,mg/l
2,7,Strait,2022-03-15,0.5,BOD7,,1.6,mg O2/L,2022 Hidrochemija_KM_patikrinta_2023-03-30_1061.xls,biocheminis deguonies suvartojimas per 7 paras,mg/l O2
2,7,Strait,2022-03-15,7.3,BOD7,,1.6,mg O2/L,2022 Hidrochemija_KM_patikrinta_2023-03-30_1061.xls,biocheminis deguonies suvartojimas per 7 paras,mg/l O2
2,7,Strait,2022-03-15,0.5,CHLA,59,15.48,ug/L,Chlorofilas a_KM_2022_patikrinta_2023-03-15_1053.xls,Chlorofilas a,µg/l
2,7,Strait,2022-03-15,0.5,DIN,,1.621,mg N/L,2022 Hidrochemija_KM_patikrinta_2023-03-30_1061.xls,azotas mineralinis,mg/l
2,7,Strait,2022-03-15,7.3,DIN,,1.623,mg N/L,2022 Hidrochemija_KM_patikrinta_2023-03-30_1061.xls,azotas mineralinis,mg/l
2,7,Strait,2022-03-15,0.5,NH4,1,0.016,mg N/L,2022 Hidrochemija_KM_patikrinta_2023-03-30_1061.xls,amonio azotas,mg/l N
2,7,Strait,2022-03-15,7.3,NH4,1,0.018,mg N/L,2022 Hidrochemija_KM_patikrinta_2023-03-30_1061.xls,amonio azotas,mg/l N
2,7,Strait,2022-03-15,0.5,NO2,,0.005,mg N/L,2022 Hidrochemija_KM_patikrinta_2023-03-30_1061.xls,nitritų azotas,mg/l N
2,7,Strait,2022-03-15,7.3,NO2,,0.005,mg N/L,2022 Hidrochemija_KM_patikrinta_2023-03-30_1061.xls,nitritų azotas,mg/l N
2,7,Strait,2022-03-15,0.5,NO3,2,1.6,mg N/L,2022 Hidrochemija_KM_patikrinta_2023-03-30_1061.xls,nitratų azotas,mg/l N
2,7,Strait,2022-03-15,7.3,NO3,2,1.6,mg N/L,2022 Hidrochemija_KM_patikrinta_2023-03-30_1061.xls,nitratų azotas,mg/l N
2,7,Strait,2022-03-15,0.5,PO4,3,0.006,mg P/L,2022 Hidrochemija_KM_patikrinta_2023-03-30_1061.xls,fosfatų fosforas,mg/l P
2,7,Strait,2022-03-15,7.3,PO4,3,0.006,mg P/L,2022 Hidrochemija_KM_patikrinta_2023-03-30_1061.xls,fosfatų fosforas,mg/l P
2,7,Strait,2022-03-15,0.5,Si,17,1.31,mg Si/L,2022 Hidrochemija_KM_patikrinta_2023-03-30_1061.xls,silicis,mg/l
2,7,Strait,2022-03-15,7.3,Si,17,1.13,mg Si/L,2022 Hidrochemija_KM_patikrinta_2023-03-30_1061.xls,silicis,mg/l
2,7,Strait,2022-03-15,0.5,TN,40,2.0,mg N/L,2022 Hidrochemija_KM_patikrinta_2023-03-30_1061.xls,azotas bendras,mg/l
2,7,Strait,2022-03-15,7.3,TN,40,2.1,mg N/L,2022 Hidrochemija_KM_patikrinta_2023-03-30_1061.xls,azotas bendras,mg/l
2,7,Strait,2022-03-15,0.5,TP,39,0.032,mg P/L,2022 Hidrochemija_KM_patikrinta_2023-03-30_1061.xls,bendras fosforas,mg/l
2,7,Strait,2022-03-15,7.3,TP,39,0.032,mg P/L,2022 Hidrochemija_KM_patikrinta_2023-03-30_1061.xls,bendras fosforas,mg/l
2,7,Strait,2022-04-13,0.5,BOD7,,2.3,mg O2/L,2022 Hidrochemija_KM_patikrinta_2023-03-30_1061.xls,biocheminis deguonies suvartojimas per 7 paras,mg/l O2
2,7,Strait,2022-04-13,7.4,BOD7,,2.0,mg O2/L,2022 Hidrochemija_KM_patikrinta_2023-03-30_1061.xls,biocheminis deguonies suvartojimas per 7 paras,mg/l O2
2,7,Strait,2022-04-13,0.5,CHLA,59,13.83,ug/L,Chlorofilas a_KM_2022_patikrinta_2023-03-15_1053.xls,Chlorofilas a,µg/l
2,7,Strait,2022-04-13,0.5,DIN,,0.718,mg N/L,2022 Hidrochemija_KM_patikrinta_2023-03-30_1061.xls,azotas mineralinis,mg/l
2,7,Strait,2022-04-13,7.4,DIN,,0.435,mg N/L,2022 Hidrochemija_KM_patikrinta_2023-03-30_1061.xls,azotas mineralinis,mg/l
2,7,Strait,2022-04-13,0.5,NH4,1,0.022,mg N/L,2022 Hidrochemija_KM_patikrinta_2023-03-30_1061.xls,amonio azotas,mg/l N
2,7,Strait,2022-04-13,7.4,NH4,1,0.024,mg N/L,2022 Hidrochemija_KM_patikrinta_2023-03-30_1061.xls,amonio azotas,mg/l N
2,7,Strait,2022-04-13,0.5,NO2,,0.006,mg N/L,2022 Hidrochemija_KM_patikrinta_2023-03-30_1061.xls,nitritų azotas,mg/l N
2,7,Strait,2022-04-13,7.4,NO2,,0.001,mg N/L,2022 Hidrochemija_KM_patikrinta_2023-03-30_1061.xls,nitritų azotas,mg/l N
2,7,Strait,2022-04-13,0.5,NO3,2,0.69,mg N/L,2022 Hidrochemija_KM_patikrinta_2023-03-30_1061.xls,nitratų azotas,mg/l N
2,7,Strait,2022-04-13,7.4,NO3,2,0.41,mg N/L,2022 Hidrochemija_KM_patikrinta_2023-03-30_1061.xls,nitratų azotas,mg/l N
2,7,Strait,2022-04-13,0.5,PO4,3,0.006,mg P/L,2022 Hidrochemija_KM_patikrinta_2023-03-30_1061.xls,fosfatų fosforas,mg/l P
2,7,Strait,2022-04-13,7.4,PO4,3,0.006,mg P/L,2022 Hidrochemija_KM_patikrinta_2023-03-30_1061.xls,fosfatų fosforas,mg/l P
2,7,Strait,2022-04-13,0.5,Si,17,0.68,mg Si/L,2022 Hidrochemija_KM_patikrinta_2023-03-30_1061.xls,silicis,mg/l
2,7,Strait,2022-04-13,7.4,Si,17,0.65,mg Si/L,2022 Hidrochemija_KM_patikrinta_2023-03-30_1061.xls,silicis,mg/l
2,7,Strait,2022-04-13,0.5,TN,40,1.0,mg N/L,2022 Hidrochemija_KM_patikrinta_2023-03-30_1061.xls,azotas bendras,mg/l
2,7,Strait,2022-04-13,7.4,TN,40,0.76,mg N/L,2022 Hidrochemija_KM_patikrinta_2023-03-30_1061.xls,azotas bendras,mg/l
2,7,Strait,2022-04-13,0.5,TP,39,0.03,mg P/L,2022 Hidrochemija_KM_patikrinta_2023-03-30_1061.xls,bendras fosforas,mg/l
2,7,Strait,2022-04-13,7.4,TP,39,0.029,mg P/L,2022 Hidrochemija_KM_patikrinta_2023-03-30_1061.xls,bendras fosforas,mg/l
2,7,Strait,2022-05-05,0.5,BOD7,,1.6,mg O2/L,2022 Hidrochemija_KM_patikrinta_2023-03-30_1061.xls,biocheminis deguonies suvartojimas per 7 paras,mg/l O2
2,7,Strait,2022-05-05,7.2,BOD7,,1.6,mg O2/L,2022 Hidrochemija_KM_patikrinta_2023-03-30_1061.xls,biocheminis deguonies suvartojimas per 7 paras,mg/l O2
2,7,Strait,2022-05-05,0.5,CHLA,59,14.22,ug/L,Chlorofilas a_KM_2022_patikrinta_2023-03-15_1053.xls,Chlorofilas a,µg/l
2,7,Strait,2022-05-05,0.5,DIN,,0.72,mg N/L,2022 Hidrochemija_KM_patikrinta_2023-03-30_1061.xls,azotas mineralinis,mg/l
2,7,Strait,2022-05-05,7.2,DIN,,0.75,mg N/L,2022 Hidrochemija_KM_patikrinta_2023-03-30_1061.xls,azotas mineralinis,mg/l
2,7,Strait,2022-05-05,0.5,NH4,1,0.016,mg N/L,2022 Hidrochemija_KM_patikrinta_2023-03-30_1061.xls,amonio azotas,mg/l N
2,7,Strait,2022-05-05,7.2,NH4,1,0.016,mg N/L,2022 Hidrochemija_KM_patikrinta_2023-03-30_1061.xls,amonio azotas,mg/l N
2,7,Strait,2022-05-05,0.5,NO2,,0.004,mg N/L,2022 Hidrochemija_KM_patikrinta_2023-03-30_1061.xls,nitritų azotas,mg/l N
2,7,Strait,2022-05-05,7.2,NO2,,0.004,mg N/L,2022 Hidrochemija_KM_patikrinta_2023-03-30_1061.xls,nitritų azotas,mg/l N
2,7,Strait,2022-05-05,0.5,NO3,2,0.7,mg N/L,2022 Hidrochemija_KM_patikrinta_2023-03-30_1061.xls,nitratų azotas,mg/l N
2,7,Strait,2022-05-05,7.2,NO3,2,0.73,mg N/L,2022 Hidrochemija_KM_patikrinta_2023-03-30_1061.xls,nitratų azotas,mg/l N
2,7,Strait,2022-05-05,0.5,PO4,3,0.006,mg P/L,2022 Hidrochemija_KM_patikrinta_2023-03-30_1061.xls,fosfatų fosforas,mg/l P
2,7,Strait,2022-05-05,7.2,PO4,3,0.006,mg P/L,2022 Hidrochemija_KM_patikrinta_2023-03-30_1061.xls,fosfatų fosforas,mg/l P
2,7,Strait,2022-05-05,0.5,Si,17,0.5,mg Si/L,2022 Hidrochemija_KM_patikrinta_2023-03-30_1061.xls,silicis,mg/l
2,7,Strait,2022-05-05,7.2,Si,17,0.68,mg Si/L,2022 Hidrochemija_KM_patikrinta_2023-03-30_1061.xls,silicis,mg/l
2,7,Strait,2022-05-05,0.5,TN,40,1.3,mg N/L,2022 Hidrochemija_KM_patikrinta_2023-03-30_1061.xls,azotas bendras,mg/l
2,7,Strait,2022-05-05,7.2,TN,40,1.3,mg N/L,2022 Hidrochemija_KM_patikrinta_2023-03-30_1061.xls,azotas bendras,mg/l
2,7,Strait,2022-05-05,0.5,TP,39,0.034,mg P/L,2022 Hidrochemija_KM_patikrinta_2023-03-30_1061.xls,bendras fosforas,mg/l
2,7,Strait,2022-05-05,7.2,TP,39,0.031,mg P/L,2022 Hidrochemija_KM_patikrinta_2023-03-30_1061.xls,bendras fosforas,mg/l
2,7,Strait,2022-05-05,0.5,TSS,,7.3,mg/L,2022 Hidrochemija_KM_patikrinta_2023-03-30_1061.xls,suspenduotos (skendinčios) medžiagos,mg/l
2,7,Strait,2022-05-05,7.2,TSS,,12.0,mg/L,2022 Hidrochemija_KM_patikrinta_2023-03-30_1061.xls,suspenduotos (skendinčios) medžiagos,mg/l
2,7,Strait,2022-06-09,0.5,BOD7,,2.2,mg O2/L,2022 Hidrochemija_KM_patikrinta_2023-03-30_1061.xls,biocheminis deguonies suvartojimas per 7 paras,mg/l O2
2,7,Strait,2022-06-09,7.9,BOD7,,2.4,mg O2/L,2022 Hidrochemija_KM_patikrinta_2023-03-30_1061.xls,biocheminis deguonies suvartojimas per 7 paras,mg/l O2
2,7,Strait,2022-06-09,0.5,CHLA,59,13.51,ug/L,Chlorofilas a_KM_2022_patikrinta_2023-03-15_1053.xls,Chlorofilas a,µg/l
2,7,Strait,2022-06-09,0.5,DIN,,0.116,mg N/L,2022 Hidrochemija_KM_patikrinta_2023-03-30_1061.xls,azotas mineralinis,mg/l
2,7,Strait,2022-06-09,7.9,DIN,,0.137,mg N/L,2022 Hidrochemija_KM_patikrinta_2023-03-30_1061.xls,azotas mineralinis,mg/l
2,7,Strait,2022-06-09,0.5,NH4,1,0.04,mg N/L,2022 Hidrochemija_KM_patikrinta_2023-03-30_1061.xls,amonio azotas,mg/l N
2,7,Strait,2022-06-09,7.9,NH4,1,0.08,mg N/L,2022 Hidrochemija_KM_patikrinta_2023-03-30_1061.xls,amonio azotas,mg/l N
2,7,Strait,2022-06-09,0.5,NO2,,0.006,mg N/L,2022 Hidrochemija_KM_patikrinta_2023-03-30_1061.xls,nitritų azotas,mg/l N
2,7,Strait,2022-06-09,7.9,NO2,,0.006,mg N/L,2022 Hidrochemija_KM_patikrinta_2023-03-30_1061.xls,nitritų azotas,mg/l N
2,7,Strait,2022-06-09,0.5,NO3,2,0.07,mg N/L,2022 Hidrochemija_KM_patikrinta_2023-03-30_1061.xls,nitratų azotas,mg/l N
2,7,Strait,2022-06-09,7.9,NO3,2,0.051,mg N/L,2022 Hidrochemija_KM_patikrinta_2023-03-30_1061.xls,nitratų azotas,mg/l N
2,7,Strait,2022-06-09,0.5,PO4,3,0.006,mg P/L,2022 Hidrochemija_KM_patikrinta_2023-03-30_1061.xls,fosfatų fosforas,mg/l P
2,7,Strait,2022-06-09,7.9,PO4,3,0.006,mg P/L,2022 Hidrochemija_KM_patikrinta_2023-03-30_1061.xls,fosfatų fosforas,mg/l P
2,7,Strait,2022-06-09,0.5,Si,17,0.23,mg Si/L,2022 Hidrochemija_KM_patikrinta_2023-03-30_1061.xls,silicis,mg/l
2,7,Strait,2022-06-09,7.9,Si,17,0.17,mg Si/L,2022 Hidrochemija_KM_patikrinta_2023-03-30_1061.xls,silicis,mg/l
2,7,Strait,2022-06-09,0.5,TN,40,1.1,mg N/L,2022 Hidrochemija_KM_patikrinta_2023-03-30_1061.xls,azotas bendras,mg/l
2,7,Strait,2022-06-09,7.9,TN,40,1.1,mg N/L,2022 Hidrochemija_KM_patikrinta_2023-03-30_1061.xls,azotas bendras,mg/l
2,7,Strait,2022-06-09,0.5,TP,39,0.04,mg P/L,2022 Hidrochemija_KM_patikrinta_2023-03-30_1061.xls,bendras fosforas,mg/l
2,7,Strait,2022-06-09,7.9,TP,39,0.051,mg P/L,2022 Hidrochemija_KM_patikrinta_2023-03-30_1061.xls,bendras fosforas,mg/l
2,7,Strait,2022-08-23,0.5,BOD7,,1.3,mg O2/L,2022 Hidrochemija_KM_patikrinta_2023-03-30_1061.xls,biocheminis deguonies suvartojimas per 7 paras,mg/l O2
2,7,Strait,2022-08-23,6.1,BOD7,,1.3,mg O2/L,2022 Hidrochemija_KM_patikrinta_2023-03-30_1061.xls,biocheminis deguonies suvartojimas per 7 paras,mg/l O2
2,7,Strait,2022-08-23,0.5,CHLA,59,5.73,ug/L,Chlorofilas a_KM_2022_patikrinta_2023-03-15_1053.xls,Chlorofilas a,µg/l
2,7,Strait,2022-08-23,0.5,DIN,,0.059,mg N/L,2022 Hidrochemija_KM_patikrinta_2023-03-30_1061.xls,azotas mineralinis,mg/l
2,7,Strait,2022-08-23,6.1,DIN,,0.071,mg N/L,2022 Hidrochemija_KM_patikrinta_2023-03-30_1061.xls,azotas mineralinis,mg/l
2,7,Strait,2022-08-23,0.5,NH4,1,0.038,mg N/L,2022 Hidrochemija_KM_patikrinta_2023-03-30_1061.xls,amonio azotas,mg/l N
2,7,Strait,2022-08-23,6.1,NH4,1,0.039,mg N/L,2022 Hidrochemija_KM_patikrinta_2023-03-30_1061.xls,amonio azotas,mg/l N
2,7,Strait,2022-08-23,0.5,NO2,,0.006,mg N/L,2022 Hidrochemija_KM_patikrinta_2023-03-30_1061.xls,nitritų azotas,mg/l N
2,7,Strait,2022-08-23,6.1,NO2,,0.01,mg N/L,2022 Hidrochemija_KM_patikrinta_2023-03-30_1061.xls,nitritų azotas,mg/l N
2,7,Strait,2022-08-23,0.5,NO3,2,0.015,mg N/L,2022 Hidrochemija_KM_patikrinta_2023-03-30_1061.xls,nitratų azotas,mg/l N
2,7,Strait,2022-08-23,6.1,NO3,2,0.022,mg N/L,2022 Hidrochemija_KM_patikrinta_2023-03-30_1061.xls,nitratų azotas,mg/l N
2,7,Strait,2022-08-23,0.5,PO4,3,0.009,mg P/L,2022 Hidrochemija_KM_patikrinta_2023-03-30_1061.xls,fosfatų fosforas,mg/l P
2,7,Strait,2022-08-23,6.1,PO4,3,0.009,mg P/L,2022 Hidrochemija_KM_patikrinta_2023-03-30_1061.xls,fosfatų fosforas,mg/l P
2,7,Strait,2022-08-23,0.5,Si,17,0.2,mg Si/L,2022 Hidrochemija_KM_patikrinta_2023-03-30_1061.xls,silicis,mg/l
2,7,Strait,2022-08-23,6.1,Si,17,0.43,mg Si/L,2022 Hidrochemija_KM_patikrinta_2023-03-30_1061.xls,silicis,mg/l
2,7,Strait,2022-08-23,0.5,TN,40,3.4,mg N/L,2022 Hidrochemija_KM_patikrinta_2023-03-30_1061.xls,azotas bendras,mg/l
2,7,Strait,2022-08-23,6.1,TN,40,0.78,mg N/L,2022 Hidrochemija_KM_patikrinta_2023-03-30_1061.xls,azotas bendras,mg/l
2,7,Strait,2022-08-23,0.5,TP,39,0.043,mg P/L,2022 Hidrochemija_KM_patikrinta_2023-03-30_1061.xls,bendras fosforas,mg/l
2,7,Strait,2022-08-23,6.1,TP,39,0.043,mg P/L,2022 Hidrochemija_KM_patikrinta_2023-03-30_1061.xls,bendras fosforas,mg/l
2,7,Strait,2022-09-20,0.5,BOD7,,0.78,mg O2/L,2022 Hidrochemija_KM_patikrinta_2023-03-30_1061.xls,biocheminis deguonies suvartojimas per 7 paras,mg/l O2
2,7,Strait,2022-09-20,8.4,BOD7,,0.71,mg O2/L,2022 Hidrochemija_KM_patikrinta_2023-03-30_1061.xls,biocheminis deguonies suvartojimas per 7 paras,mg/l O2
2,7,Strait,2022-09-20,0.5,CHLA,59,5.96,ug/L,Chlorofilas a_KM_2022_patikrinta_2023-03-15_1053.xls,Chlorofilas a,µg/l
2,7,Strait,2022-09-20,0.5,DIN,,0.053,mg N/L,2022 Hidrochemija_KM_patikrinta_2023-03-30_1061.xls,azotas mineralinis,mg/l
2,7,Strait,2022-09-20,8.4,DIN,,0.045,mg N/L,2022 Hidrochemija_KM_patikrinta_2023-03-30_1061.xls,azotas mineralinis,mg/l
2,7,Strait,2022-09-20,0.5,NH4,1,0.05,mg N/L,2022 Hidrochemija_KM_patikrinta_2023-03-30_1061.xls,amonio azotas,mg/l N
2,7,Strait,2022-09-20,8.4,NH4,1,0.042,mg N/L,2022 Hidrochemija_KM_patikrinta_2023-03-30_1061.xls,amonio azotas,mg/l N
2,7,Strait,2022-09-20,0.5,NO2,,0.001,mg N/L,2022 Hidrochemija_KM_patikrinta_2023-03-30_1061.xls,nitritų azotas,mg/l N
2,7,Strait,2022-09-20,8.4,NO2,,0.001,mg N/L,2022 Hidrochemija_KM_patikrinta_2023-03-30_1061.xls,nitritų azotas,mg/l N
2,7,Strait,2022-09-20,0.5,NO3,2,0.002,mg N/L,2022 Hidrochemija_KM_patikrinta_2023-03-30_1061.xls,nitratų azotas,mg/l N
2,7,Strait,2022-09-20,8.4,NO3,2,0.002,mg N/L,2022 Hidrochemija_KM_patikrinta_2023-03-30_1061.xls,nitratų azotas,mg/l N
2,7,Strait,2022-09-20,0.5,PO4,3,0.006,mg P/L,2022 Hidrochemija_KM_patikrinta_2023-03-30_1061.xls,fosfatų fosforas,mg/l P
2,7,Strait,2022-09-20,8.4,PO4,3,0.006,mg P/L,2022 Hidrochemija_KM_patikrinta_2023-03-30_1061.xls,fosfatų fosforas,mg/l P
2,7,Strait,2022-09-20,0.5,Si,17,0.18,mg Si/L,2022 Hidrochemija_KM_patikrinta_2023-03-30_1061.xls,silicis,mg/l
2,7,Strait,2022-09-20,8.4,Si,17,0.15,mg Si/L,2022 Hidrochemija_KM_patikrinta_2023-03-30_1061.xls,silicis,mg/l
2,7,Strait,2022-09-20,0.5,TN,40,0.36,mg N/L,2022 Hidrochemija_KM_patikrinta_2023-03-30_1061.xls,azotas bendras,mg/l
2,7,Strait,2022-09-20,8.4,TN,40,0.34,mg N/L,2022 Hidrochemija_KM_patikrinta_2023-03-30_1061.xls,azotas bendras,mg/l
2,7,Strait,2022-09-20,0.5,TP,39,0.028,mg P/L,2022 Hidrochemija_KM_patikrinta_2023-03-30_1061.xls,bendras fosforas,mg/l
2,7,Strait,2022-09-20,8.4,TP,39,0.032,mg P/L,2022 Hidrochemija_KM_patikrinta_2023-03-30_1061.xls,bendras fosforas,mg/l
2,7,Strait,2022-10-13,0.5,BOD7,,0.74,mg O2/L,2022 Hidrochemija_KM_patikrinta_2023-03-30_1061.xls,biocheminis deguonies suvartojimas per 7 paras,mg/l O2
2,7,Strait,2022-10-13,9.7,BOD7,,0.66,mg O2/L,2022 Hidrochemija_KM_patikrinta_2023-03-30_1061.xls,biocheminis deguonies suvartojimas per 7 paras,mg/l O2
2,7,Strait,2022-10-13,0.5,CHLA,59,5.54,ug/L,Chlorofilas a_KM_2022_patikrinta_2023-03-15_1053.xls,Chlorofilas a,µg/l
2,7,Strait,2022-10-13,0.5,DIN,,0.099,mg N/L,2022 Hidrochemija_KM_patikrinta_2023-03-30_1061.xls,azotas mineralinis,mg/l
2,7,Strait,2022-10-13,9.7,DIN,,0.092,mg N/L,2022 Hidrochemija_KM_patikrinta_2023-03-30_1061.xls,azotas mineralinis,mg/l
2,7,Strait,2022-10-13,0.5,NH4,1,0.072,mg N/L,2022 Hidrochemija_KM_patikrinta_2023-03-30_1061.xls,amonio azotas,mg/l N
2,7,Strait,2022-10-13,9.7,NH4,1,0.064,mg N/L,2022 Hidrochemija_KM_patikrinta_2023-03-30_1061.xls,amonio azotas,mg/l N
2,7,Strait,2022-10-13,0.5,NO2,,0.001,mg N/L,2022 Hidrochemija_KM_patikrinta_2023-03-30_1061.xls,nitritų azotas,mg/l N
2,7,Strait,2022-10-13,9.7,NO2,,0.001,mg N/L,2022 Hidrochemija_KM_patikrinta_2023-03-30_1061.xls,nitritų azotas,mg/l N
2,7,Strait,2022-10-13,0.5,NO3,2,0.026,mg N/L,2022 Hidrochemija_KM_patikrinta_2023-03-30_1061.xls,nitratų azotas,mg/l N
2,7,Strait,2022-10-13,9.7,NO3,2,0.027,mg N/L,2022 Hidrochemija_KM_patikrinta_2023-03-30_1061.xls,nitratų azotas,mg/l N
2,7,Strait,2022-10-13,0.5,PO4,3,0.008,mg P/L,2022 Hidrochemija_KM_patikrinta_2023-03-30_1061.xls,fosfatų fosforas,mg/l P
2,7,Strait,2022-10-13,9.7,PO4,3,0.008,mg P/L,2022 Hidrochemija_KM_patikrinta_2023-03-30_1061.xls,fosfatų fosforas,mg/l P
2,7,Strait,2022-10-13,0.5,Si,17,1.34,mg Si/L,2022 Hidrochemija_KM_patikrinta_2023-03-30_1061.xls,silicis,mg/l
2,7,Strait,2022-10-13,9.7,Si,17,1.08,mg Si/L,2022 Hidrochemija_KM_patikrinta_2023-03-30_1061.xls,silicis,mg/l
2,7,Strait,2022-10-13,0.5,TN,40,0.41,mg N/L,2022 Hidrochemija_KM_patikrinta_2023-03-30_1061.xls,azotas bendras,mg/l
2,7,Strait,2022-10-13,9.7,TN,40,0.43,mg N/L,2022 Hidrochemija_KM_patikrinta_2023-03-30_1061.xls,azotas bendras,mg/l
2,7,Strait,2022-10-13,0.5,TP,39,0.054,mg P/L,2022 Hidrochemija_KM_patikrinta_2023-03-30_1061.xls,bendras fosforas,mg/l
2,7,Strait,2022-10-13,9.7,TP,39,0.065,mg P/L,2022 Hidrochemija_KM_patikrinta_2023-03-30_1061.xls,bendras fosforas,mg/l
2,7,Strait,2022-11-23,0.5,BOD7,,1.8,mg O2/L,2022 Hidrochemija_KM_patikrinta_2023-03-30_1061.xls,biocheminis deguonies suvartojimas per 7 paras,mg/l O2
2,7,Strait,2022-11-23,7.7,BOD7,,1.9,mg O2/L,2022 Hidrochemija_KM_patikrinta_2023-03-30_1061.xls,biocheminis deguonies suvartojimas per 7 paras,mg/l O2
2,7,Strait,2022-11-23,0.5,CHLA,59,32.99,ug/L,Chlorofilas a_KM_2022_patikrinta_2023-03-15_1053.xls,Chlorofilas a,µg/l
2,7,Strait,2022-11-23,0.5,DIN,,0.357,mg N/L,2022 Hidrochemija_KM_patikrinta_2023-03-30_1061.xls,azotas mineralinis,mg/l
2,7,Strait,2022-11-23,7.7,DIN,,0.3,mg N/L,2022 Hidrochemija_KM_patikrinta_2023-03-30_1061.xls,azotas mineralinis,mg/l
2,7,Strait,2022-11-23,0.5,NH4,1,0.037,mg N/L,2022 Hidrochemija_KM_patikrinta_2023-03-30_1061.xls,amonio azotas,mg/l N
2,7,Strait,2022-11-23,7.7,NH4,1,0.045,mg N/L,2022 Hidrochemija_KM_patikrinta_2023-03-30_1061.xls,amonio azotas,mg/l N
2,7,Strait,2022-11-23,0.5,NO2,,0.01,mg N/L,2022 Hidrochemija_KM_patikrinta_2023-03-30_1061.xls,nitritų azotas,mg/l N
2,7,Strait,2022-11-23,7.7,NO2,,0.005,mg N/L,2022 Hidrochemija_KM_patikrinta_2023-03-30_1061.xls,nitritų azotas,mg/l N
2,7,Strait,2022-11-23,0.5,NO3,2,0.31,mg N/L,2022 Hidrochemija_KM_patikrinta_2023-03-30_1061.xls,nitratų azotas,mg/l N
2,7,Strait,2022-11-23,7.7,NO3,2,0.25,mg N/L,2022 Hidrochemija_KM_patikrinta_2023-03-30_1061.xls,nitratų azotas,mg/l N
2,7,Strait,2022-11-23,0.5,PO4,3,0.006,mg P/L,2022 Hidrochemija_KM_patikrinta_2023-03-30_1061.xls,fosfatų fosforas,mg/l P
2,7,Strait,2022-11-23,7.7,PO4,3,0.006,mg P/L,2022 Hidrochemija_KM_patikrinta_2023-03-30_1061.xls,fosfatų fosforas,mg/l P
2,7,Strait,2022-11-23,0.5,Si,17,1.61,mg Si/L,2022 Hidrochemija_KM_patikrinta_2023-03-30_1061.xls,silicis,mg/l
2,7,Strait,2022-11-23,7.7,Si,17,1.61,mg Si/L,2022 Hidrochemija_KM_patikrinta_2023-03-30_1061.xls,silicis,mg/l
2,7,Strait,2022-11-23,0.5,TN,40,1.2,mg N/L,2022 Hidrochemija_KM_patikrinta_2023-03-30_1061.xls,azotas bendras,mg/l
2,7,Strait,2022-11-23,7.7,TN,40,1.2,mg N/L,2022 Hidrochemija_KM_patikrinta_2023-03-30_1061.xls,azotas bendras,mg/l
2,7,Strait,2022-11-23,0.5,TP,39,0.06,mg P/L,2022 Hidrochemija_KM_patikrinta_2023-03-30_1061.xls,bendras fosforas,mg/l
2,7,Strait,2022-11-23,7.7,TP,39,0.065,mg P/L,2022 Hidrochemija_KM_patikrinta_2023-03-30_1061.xls,bendras fosforas,mg/l
2,7,Strait,2022-12-07,0.5,DIN,,0.659,mg N/L,2022 Hidrochemija_KM_patikrinta_2023-03-30_1061.xls,azotas mineralinis,mg/l
2,7,Strait,2022-12-07,7.6,DIN,,0.529,mg N/L,2022 Hidrochemija_KM_patikrinta_2023-03-30_1061.xls,azotas mineralinis,mg/l
2,7,Strait,2022-12-07,0.5,NH4,1,0.14,mg N/L,2022 Hidrochemija_KM_patikrinta_2023-03-30_1061.xls,amonio azotas,mg/l N
2,7,Strait,2022-12-07,7.6,NH4,1,0.13,mg N/L,2022 Hidrochemija_KM_patikrinta_2023-03-30_1061.xls,amonio azotas,mg/l N
2,7,Strait,2022-12-07,0.5,NO2,,0.009,mg N/L,2022 Hidrochemija_KM_patikrinta_2023-03-30_1061.xls,nitritų azotas,mg/l N
2,7,Strait,2022-12-07,7.6,NO2,,0.009,mg N/L,2022 Hidrochemija_KM_patikrinta_2023-03-30_1061.xls,nitritų azotas,mg/l N
2,7,Strait,2022-12-07,0.5,NO3,2,0.51,mg N/L,2022 Hidrochemija_KM_patikrinta_2023-03-30_1061.xls,nitratų azotas,mg/l N
2,7,Strait,2022-12-07,7.6,NO3,2,0.39,mg N/L,2022 Hidrochemija_KM_patikrinta_2023-03-30_1061.xls,nitratų azotas,mg/l N
2,7,Strait,2022-12-07,0.5,PO4,3,0.02,mg P/L,2022 Hidrochemija_KM_patikrinta_2023-03-30_1061.xls,fosfatų fosforas,mg/l P
2,7,Strait,2022-12-07,7.6,PO4,3,0.016,mg P/L,2022 Hidrochemija_KM_patikrinta_2023-03-30_1061.xls,fosfatų fosforas,mg/l P
2,7,Strait,2022-12-07,0.5,Si,17,2.72,mg Si/L,2022 Hidrochemija_KM_patikrinta_2023-03-30_1061.xls,silicis,mg/l
2,7,Strait,2022-12-07,7.6,Si,17,2.07,mg Si/L,2022 Hidrochemija_KM_patikrinta_2023-03-30_1061.xls,silicis,mg/l
2,7,Strait,2022-12-07,0.5,TN,40,1.1,mg N/L,2022 Hidrochemija_KM_patikrinta_2023-03-30_1061.xls,azotas bendras,mg/l
2,7,Strait,2022-12-07,7.6,TN,40,0.92,mg N/L,2022 Hidrochemija_KM_patikrinta_2023-03-30_1061.xls,azotas bendras,mg/l
2,7,Strait,2022-12-07,0.5,TP,39,0.094,mg P/L,2022 Hidrochemija_KM_patikrinta_2023-03-30_1061.xls,bendras fosforas,mg/l
2,7,Strait,2022-12-07,7.6,TP,39,0.099,mg P/L,2022 Hidrochemija_KM_patikrinta_2023-03-30_1061.xls,bendras fosforas,mg/l
2,7,Strait,2023-01-04,0.5,DIN,,0.797,mg N/L,2023_KM_BJ_Hidrochemija_patikrinta_2024-01-22.xls,azotas mineralinis,mg/l
2,7,Strait,2023-01-04,9.6,DIN,,0.751,mg N/L,2023_KM_BJ_Hidrochemija_patikrinta_2024-01-22.xls,azotas mineralinis,mg/l
2,7,Strait,2023-01-04,0.5,NH4,1,0.1,mg N/L,2023_KM_BJ_Hidrochemija_patikrinta_2024-01-22.xls,amonio azotas,mg/l N
2,7,Strait,2023-01-04,9.6,NH4,1,0.11,mg N/L,2023_KM_BJ_Hidrochemija_patikrinta_2024-01-22.xls,amonio azotas,mg/l N
2,7,Strait,2023-01-04,0.5,NO2,,0.017,mg N/L,2023_KM_BJ_Hidrochemija_patikrinta_2024-01-22.xls,nitritų azotas,mg/l N
2,7,Strait,2023-01-04,9.6,NO2,,0.011,mg N/L,2023_KM_BJ_Hidrochemija_patikrinta_2024-01-22.xls,nitritų azotas,mg/l N
2,7,Strait,2023-01-04,0.5,NO3,2,0.68,mg N/L,2023_KM_BJ_Hidrochemija_patikrinta_2024-01-22.xls,nitratų azotas,mg/l N
2,7,Strait,2023-01-04,9.6,NO3,2,0.63,mg N/L,2023_KM_BJ_Hidrochemija_patikrinta_2024-01-22.xls,nitratų azotas,mg/l N
2,7,Strait,2023-01-04,0.5,PO4,3,0.018,mg P/L,2023_KM_BJ_Hidrochemija_patikrinta_2024-01-22.xls,fosfatų fosforas,mg/l P
2,7,Strait,2023-01-04,9.6,PO4,3,0.012,mg P/L,2023_KM_BJ_Hidrochemija_patikrinta_2024-01-22.xls,fosfatų fosforas,mg/l P
2,7,Strait,2023-01-04,0.5,Si,17,2.04,mg Si/L,2023_KM_BJ_Hidrochemija_patikrinta_2024-01-22.xls,silicis,mg/l
2,7,Strait,2023-01-04,9.6,Si,17,1.29,mg Si/L,2023_KM_BJ_Hidrochemija_patikrinta_2024-01-22.xls,silicis,mg/l
2,7,Strait,2023-01-04,0.5,TN,40,1.2,mg N/L,2023_KM_BJ_Hidrochemija_patikrinta_2024-01-22.xls,azotas bendras,mg/l
2,7,Strait,2023-01-04,9.6,TN,40,1.3,mg N/L,2023_KM_BJ_Hidrochemija_patikrinta_2024-01-22.xls,azotas bendras,mg/l
2,7,Strait,2023-01-04,0.5,TP,39,0.085,mg P/L,2023_KM_BJ_Hidrochemija_patikrinta_2024-01-22.xls,bendras fosforas,mg/l
2,7,Strait,2023-01-04,9.6,TP,39,0.088,mg P/L,2023_KM_BJ_Hidrochemija_patikrinta_2024-01-22.xls,bendras fosforas,mg/l
2,7,Strait,2023-02-08,0.5,BOD7,,1.4,mg O2/L,2023_KM_BJ_Hidrochemija_patikrinta_2024-01-22.xls,biocheminis deguonies suva,mg/l O2
2,7,Strait,2023-02-08,10.5,BOD7,,1.5,mg O2/L,2023_KM_BJ_Hidrochemija_patikrinta_2024-01-22.xls,biocheminis deguonies suva,mg/l O2
2,7,Strait,2023-02-08,Paviršinis sluoksnis,CHLA,59,24.58,ug/L,Chlorofilas_a_KM_BJ_2023_patikrinta_2024-01-29.xls,chlorofilas a,µg/l
2,7,Strait,2023-02-08,0.5,DIN,,2.444,mg N/L,2023_KM_BJ_Hidrochemija_patikrinta_2024-01-22.xls,azotas mineralinis,mg/l
2,7,Strait,2023-02-08,10.5,DIN,,2.155,mg N/L,2023_KM_BJ_Hidrochemija_patikrinta_2024-01-22.xls,azotas mineralinis,mg/l
2,7,Strait,2023-02-08,0.5,NH4,1,0.03,mg N/L,2023_KM_BJ_Hidrochemija_patikrinta_2024-01-22.xls,amonio azotas,mg/l N
2,7,Strait,2023-02-08,10.5,NH4,1,0.028,mg N/L,2023_KM_BJ_Hidrochemija_patikrinta_2024-01-22.xls,amonio azotas,mg/l N
2,7,Strait,2023-02-08,0.5,NO2,,0.014,mg N/L,2023_KM_BJ_Hidrochemija_patikrinta_2024-01-22.xls,nitritų azotas,mg/l N
2,7,Strait,2023-02-08,10.5,NO2,,0.027,mg N/L,2023_KM_BJ_Hidrochemija_patikrinta_2024-01-22.xls,nitritų azotas,mg/l N
2,7,Strait,2023-02-08,0.5,NO3,2,2.4,mg N/L,2023_KM_BJ_Hidrochemija_patikrinta_2024-01-22.xls,nitratų azotas,mg/l N
2,7,Strait,2023-02-08,10.5,NO3,2,2.1,mg N/L,2023_KM_BJ_Hidrochemija_patikrinta_2024-01-22.xls,nitratų azotas,mg/l N
2,7,Strait,2023-02-08,0.5,PO4,3,0.008,mg P/L,2023_KM_BJ_Hidrochemija_patikrinta_2024-01-22.xls,fosfatų fosforas,mg/l P
2,7,Strait,2023-02-08,10.5,PO4,3,0.009,mg P/L,2023_KM_BJ_Hidrochemija_patikrinta_2024-01-22.xls,fosfatų fosforas,mg/l P
2,7,Strait,2023-02-08,0.5,Si,17,2.49,mg Si/L,2023_KM_BJ_Hidrochemija_patikrinta_2024-01-22.xls,silicis,mg/l
2,7,Strait,2023-02-08,10.5,Si,17,2.44,mg Si/L,2023_KM_BJ_Hidrochemija_patikrinta_2024-01-22.xls,silicis,mg/l
2,7,Strait,2023-02-08,0.5,TN,40,2.5,mg N/L,2023_KM_BJ_Hidrochemija_patikrinta_2024-01-22.xls,azotas bendras,mg/l
2,7,Strait,2023-02-08,10.5,TN,40,2.7,mg N/L,2023_KM_BJ_Hidrochemija_patikrinta_2024-01-22.xls,azotas bendras,mg/l
2,7,Strait,2023-02-08,0.5,TP,39,0.063,mg P/L,2023_KM_BJ_Hidrochemija_patikrinta_2024-01-22.xls,bendras fosforas,mg/l
2,7,Strait,2023-02-08,10.5,TP,39,0.069,mg P/L,2023_KM_BJ_Hidrochemija_patikrinta_2024-01-22.xls,bendras fosforas,mg/l
2,7,Strait,2023-04-03,0.5,BOD7,,2.5,mg O2/L,2023_KM_BJ_Hidrochemija_patikrinta_2024-01-22.xls,biocheminis deguonies suva,mg/l O2
2,7,Strait,2023-04-03,2.5,BOD7,,2.4,mg O2/L,2023_KM_BJ_Hidrochemija_patikrinta_2024-01-22.xls,biocheminis deguonies suva,mg/l O2
2,7,Strait,2023-04-03,Paviršinis sluoksnis,CHLA,59,41.77,ug/L,Chlorofilas_a_KM_BJ_2023_patikrinta_2024-01-29.xls,chlorofilas a,µg/l
2,7,Strait,2023-04-03,0.5,DIN,,2.339,mg N/L,2023_KM_BJ_Hidrochemija_patikrinta_2024-01-22.xls,azotas mineralinis,mg/l
2,7,Strait,2023-04-03,2.5,DIN,,2.343,mg N/L,2023_KM_BJ_Hidrochemija_patikrinta_2024-01-22.xls,azotas mineralinis,mg/l
2,7,Strait,2023-04-03,0.5,NH4,1,0.03,mg N/L,2023_KM_BJ_Hidrochemija_patikrinta_2024-01-22.xls,amonio azotas,mg/l N
2,7,Strait,2023-04-03,2.5,NH4,1,0.03,mg N/L,2023_KM_BJ_Hidrochemija_patikrinta_2024-01-22.xls,amonio azotas,mg/l N
2,7,Strait,2023-04-03,0.5,NO2,,0.009,mg N/L,2023_KM_BJ_Hidrochemija_patikrinta_2024-01-22.xls,nitritų azotas,mg/l N
2,7,Strait,2023-04-03,2.5,NO2,,0.013,mg N/L,2023_KM_BJ_Hidrochemija_patikrinta_2024-01-22.xls,nitritų azotas,mg/l N
2,7,Strait,2023-04-03,0.5,NO3,2,2.3,mg N/L,2023_KM_BJ_Hidrochemija_patikrinta_2024-01-22.xls,nitratų azotas,mg/l N
2,7,Strait,2023-04-03,2.5,NO3,2,2.3,mg N/L,2023_KM_BJ_Hidrochemija_patikrinta_2024-01-22.xls,nitratų azotas,mg/l N
2,7,Strait,2023-04-03,0.5,PO4,3,0.006,mg P/L,2023_KM_BJ_Hidrochemija_patikrinta_2024-01-22.xls,fosfatų fosforas,mg/l P
2,7,Strait,2023-04-03,2.5,PO4,3,0.006,mg P/L,2023_KM_BJ_Hidrochemija_patikrinta_2024-01-22.xls,fosfatų fosforas,mg/l P
2,7,Strait,2023-04-03,0.5,Si,17,0.78,mg Si/L,2023_KM_BJ_Hidrochemija_patikrinta_2024-01-22.xls,silicis,mg/l
2,7,Strait,2023-04-03,2.5,Si,17,0.83,mg Si/L,2023_KM_BJ_Hidrochemija_patikrinta_2024-01-22.xls,silicis,mg/l
2,7,Strait,2023-04-03,0.5,TN,40,2.9,mg N/L,2023_KM_BJ_Hidrochemija_patikrinta_2024-01-22.xls,azotas bendras,mg/l
2,7,Strait,2023-04-03,2.5,TN,40,2.7,mg N/L,2023_KM_BJ_Hidrochemija_patikrinta_2024-01-22.xls,azotas bendras,mg/l
2,7,Strait,2023-04-03,0.5,TP,39,0.051,mg P/L,2023_KM_BJ_Hidrochemija_patikrinta_2024-01-22.xls,bendras fosforas,mg/l
2,7,Strait,2023-04-03,2.5,TP,39,0.051,mg P/L,2023_KM_BJ_Hidrochemija_patikrinta_2024-01-22.xls,bendras fosforas,mg/l
2,7,Strait,2023-04-21,0.5,BOD7,,3.9,mg O2/L,2023_KM_BJ_Hidrochemija_patikrinta_2024-01-22.xls,biocheminis deguonies suva,mg/l O2
2,7,Strait,2023-04-21,13,BOD7,,3.5,mg O2/L,2023_KM_BJ_Hidrochemija_patikrinta_2024-01-22.xls,biocheminis deguonies suva,mg/l O2
2,7,Strait,2023-04-21,Paviršinis sluoksnis,CHLA,59,37.11,ug/L,Chlorofilas_a_KM_BJ_2023_patikrinta_2024-01-29.xls,chlorofilas a,µg/l
2,7,Strait,2023-04-21,0.5,DIN,,1.443,mg N/L,2023_KM_BJ_Hidrochemija_patikrinta_2024-01-22.xls,azotas mineralinis,mg/l
2,7,Strait,2023-04-21,13,DIN,,1.449,mg N/L,2023_KM_BJ_Hidrochemija_patikrinta_2024-01-22.xls,azotas mineralinis,mg/l
2,7,Strait,2023-04-21,0.5,NH4,1,0.033,mg N/L,2023_KM_BJ_Hidrochemija_patikrinta_2024-01-22.xls,amonio azotas,mg/l N
2,7,Strait,2023-04-21,13,NH4,1,0.038,mg N/L,2023_KM_BJ_Hidrochemija_patikrinta_2024-01-22.xls,amonio azotas,mg/l N
2,7,Strait,2023-04-21,0.5,NO2,,0.01,mg N/L,2023_KM_BJ_Hidrochemija_patikrinta_2024-01-22.xls,nitritų azotas,mg/l N
2,7,Strait,2023-04-21,13,NO2,,0.011,mg N/L,2023_KM_BJ_Hidrochemija_patikrinta_2024-01-22.xls,nitritų azotas,mg/l N
2,7,Strait,2023-04-21,0.5,NO3,2,1.4,mg N/L,2023_KM_BJ_Hidrochemija_patikrinta_2024-01-22.xls,nitratų azotas,mg/l N
2,7,Strait,2023-04-21,13,NO3,2,1.4,mg N/L,2023_KM_BJ_Hidrochemija_patikrinta_2024-01-22.xls,nitratų azotas,mg/l N
2,7,Strait,2023-04-21,0.5,PO4,3,0.006,mg P/L,2023_KM_BJ_Hidrochemija_patikrinta_2024-01-22.xls,fosfatų fosforas,mg/l P
2,7,Strait,2023-04-21,13,PO4,3,0.006,mg P/L,2023_KM_BJ_Hidrochemija_patikrinta_2024-01-22.xls,fosfatų fosforas,mg/l P
2,7,Strait,2023-04-21,0.5,Si,17,0.53,mg Si/L,2023_KM_BJ_Hidrochemija_patikrinta_2024-01-22.xls,silicis,mg/l
2,7,Strait,2023-04-21,13,Si,17,0.76,mg Si/L,2023_KM_BJ_Hidrochemija_patikrinta_2024-01-22.xls,silicis,mg/l
2,7,Strait,2023-04-21,0.5,TN,40,2.3,mg N/L,2023_KM_BJ_Hidrochemija_patikrinta_2024-01-22.xls,azotas bendras,mg/l
2,7,Strait,2023-04-21,13,TN,40,2.0,mg N/L,2023_KM_BJ_Hidrochemija_patikrinta_2024-01-22.xls,azotas bendras,mg/l
2,7,Strait,2023-04-21,0.5,TP,39,0.05,mg P/L,2023_KM_BJ_Hidrochemija_patikrinta_2024-01-22.xls,bendras fosforas,mg/l
2,7,Strait,2023-04-21,13,TP,39,0.063,mg P/L,2023_KM_BJ_Hidrochemija_patikrinta_2024-01-22.xls,bendras fosforas,mg/l
2,7,Strait,2023-05-25,0.5,BOD7,,2.1,mg O2/L,2023_KM_BJ_Hidrochemija_patikrinta_2024-01-22.xls,biocheminis deguonies suva,mg/l O2
2,7,Strait,2023-05-25,6.8,BOD7,,1.1,mg O2/L,2023_KM_BJ_Hidrochemija_patikrinta_2024-01-22.xls,biocheminis deguonies suva,mg/l O2
2,7,Strait,2023-05-25,Paviršinis sluoksnis,CHLA,59,10.29,ug/L,Chlorofilas_a_KM_BJ_2023_patikrinta_2024-01-29.xls,chlorofilas a,µg/l
2,7,Strait,2023-05-25,0.5,DIN,,0.574,mg N/L,2023_KM_BJ_Hidrochemija_patikrinta_2024-01-22.xls,azotas mineralinis,mg/l
2,7,Strait,2023-05-25,6.8,DIN,,0.396,mg N/L,2023_KM_BJ_Hidrochemija_patikrinta_2024-01-22.xls,azotas mineralinis,mg/l
2,7,Strait,2023-05-25,0.5,NH4,1,0.045,mg N/L,2023_KM_BJ_Hidrochemija_patikrinta_2024-01-22.xls,amonio azotas,mg/l N
2,7,Strait,2023-05-25,6.8,NH4,1,0.092,mg N/L,2023_KM_BJ_Hidrochemija_patikrinta_2024-01-22.xls,amonio azotas,mg/l N
2,7,Strait,2023-05-25,0.5,NO2,,0.009,mg N/L,2023_KM_BJ_Hidrochemija_patikrinta_2024-01-22.xls,nitritų azotas,mg/l N
2,7,Strait,2023-05-25,6.8,NO2,,0.014,mg N/L,2023_KM_BJ_Hidrochemija_patikrinta_2024-01-22.xls,nitritų azotas,mg/l N
2,7,Strait,2023-05-25,0.5,NO3,2,0.52,mg N/L,2023_KM_BJ_Hidrochemija_patikrinta_2024-01-22.xls,nitratų azotas,mg/l N
2,7,Strait,2023-05-25,6.8,NO3,2,0.29,mg N/L,2023_KM_BJ_Hidrochemija_patikrinta_2024-01-22.xls,nitratų azotas,mg/l N
2,7,Strait,2023-05-25,0.5,PO4,3,0.006,mg P/L,2023_KM_BJ_Hidrochemija_patikrinta_2024-01-22.xls,fosfatų fosforas,mg/l P
2,7,Strait,2023-05-25,6.8,PO4,3,0.006,mg P/L,2023_KM_BJ_Hidrochemija_patikrinta_2024-01-22.xls,fosfatų fosforas,mg/l P
2,7,Strait,2023-05-25,0.5,Si,17,0.48,mg Si/L,2023_KM_BJ_Hidrochemija_patikrinta_2024-01-22.xls,silicis,mg/l
2,7,Strait,2023-05-25,6.8,Si,17,0.35,mg Si/L,2023_KM_BJ_Hidrochemija_patikrinta_2024-01-22.xls,silicis,mg/l
2,7,Strait,2023-05-25,0.5,TN,40,1.3,mg N/L,2023_KM_BJ_Hidrochemija_patikrinta_2024-01-22.xls,azotas bendras,mg/l
2,7,Strait,2023-05-25,6.8,TN,40,0.91,mg N/L,2023_KM_BJ_Hidrochemija_patikrinta_2024-01-22.xls,azotas bendras,mg/l
2,7,Strait,2023-05-25,0.5,TP,39,0.029,mg P/L,2023_KM_BJ_Hidrochemija_patikrinta_2024-01-22.xls,bendras fosforas,mg/l
2,7,Strait,2023-05-25,6.8,TP,39,0.03,mg P/L,2023_KM_BJ_Hidrochemija_patikrinta_2024-01-22.xls,bendras fosforas,mg/l
2,7,Strait,2023-06-16,0.5,BOD7,,2.8,mg O2/L,2023_KM_BJ_Hidrochemija_patikrinta_2024-01-22.xls,biocheminis deguonies suva,mg/l O2
2,7,Strait,2023-06-16,7.3,BOD7,,1.7,mg O2/L,2023_KM_BJ_Hidrochemija_patikrinta_2024-01-22.xls,biocheminis deguonies suva,mg/l O2
2,7,Strait,2023-06-16,Paviršinis sluoksnis,CHLA,59,25.9,ug/L,Chlorofilas_a_KM_BJ_2023_patikrinta_2024-01-29.xls,chlorofilas a,µg/l
2,7,Strait,2023-06-16,0.5,DIN,,0.072,mg N/L,2023_KM_BJ_Hidrochemija_patikrinta_2024-01-22.xls,azotas mineralinis,mg/l
2,7,Strait,2023-06-16,7.3,DIN,,0.111,mg N/L,2023_KM_BJ_Hidrochemija_patikrinta_2024-01-22.xls,azotas mineralinis,mg/l
2,7,Strait,2023-06-16,0.5,NH4,1,0.05,mg N/L,2023_KM_BJ_Hidrochemija_patikrinta_2024-01-22.xls,amonio azotas,mg/l N
2,7,Strait,2023-06-16,7.3,NH4,1,0.059,mg N/L,2023_KM_BJ_Hidrochemija_patikrinta_2024-01-22.xls,amonio azotas,mg/l N
2,7,Strait,2023-06-16,0.5,NO2,,0.001,mg N/L,2023_KM_BJ_Hidrochemija_patikrinta_2024-01-22.xls,nitritų azotas,mg/l N
2,7,Strait,2023-06-16,7.3,NO2,,0.004,mg N/L,2023_KM_BJ_Hidrochemija_patikrinta_2024-01-22.xls,nitritų azotas,mg/l N
2,7,Strait,2023-06-16,0.5,NO3,2,0.021,mg N/L,2023_KM_BJ_Hidrochemija_patikrinta_2024-01-22.xls,nitratų azotas,mg/l N
2,7,Strait,2023-06-16,7.3,NO3,2,0.048,mg N/L,2023_KM_BJ_Hidrochemija_patikrinta_2024-01-22.xls,nitratų azotas,mg/l N
2,7,Strait,2023-06-16,0.5,PO4,3,0.006,mg P/L,2023_KM_BJ_Hidrochemija_patikrinta_2024-01-22.xls,fosfatų fosforas,mg/l P
2,7,Strait,2023-06-16,7.3,PO4,3,0.006,mg P/L,2023_KM_BJ_Hidrochemija_patikrinta_2024-01-22.xls,fosfatų fosforas,mg/l P
2,7,Strait,2023-06-16,0.5,Si,17,0.76,mg Si/L,2023_KM_BJ_Hidrochemija_patikrinta_2024-01-22.xls,silicis,mg/l
2,7,Strait,2023-06-16,7.3,Si,17,1.39,mg Si/L,2023_KM_BJ_Hidrochemija_patikrinta_2024-01-22.xls,silicis,mg/l
2,7,Strait,2023-06-16,0.5,TN,40,1.1,mg N/L,2023_KM_BJ_Hidrochemija_patikrinta_2024-01-22.xls,azotas bendras,mg/l
2,7,Strait,2023-06-16,7.3,TN,40,0.87,mg N/L,2023_KM_BJ_Hidrochemija_patikrinta_2024-01-22.xls,azotas bendras,mg/l
2,7,Strait,2023-06-16,0.5,TP,39,0.076,mg P/L,2023_KM_BJ_Hidrochemija_patikrinta_2024-01-22.xls,bendras fosforas,mg/l
2,7,Strait,2023-06-16,7.3,TP,39,0.048,mg P/L,2023_KM_BJ_Hidrochemija_patikrinta_2024-01-22.xls,bendras fosforas,mg/l
2,7,Strait,2023-07-13,0.5,BOD7,,2.5,mg O2/L,2023_KM_BJ_Hidrochemija_patikrinta_2024-01-22.xls,biocheminis deguonies suva,mg/l O2
2,7,Strait,2023-07-13,9.2,BOD7,,2.0,mg O2/L,2023_KM_BJ_Hidrochemija_patikrinta_2024-01-22.xls,biocheminis deguonies suva,mg/l O2
2,7,Strait,2023-07-13,Paviršinis sluoksnis,CHLA,59,12.41,ug/L,Chlorofilas_a_KM_BJ_2023_patikrinta_2024-01-29.xls,chlorofilas a,µg/l
2,7,Strait,2023-07-13,0.5,DIN,,0.024,mg N/L,2023_KM_BJ_Hidrochemija_patikrinta_2024-01-22.xls,azotas mineralinis,mg/l
2,7,Strait,2023-07-13,9.2,DIN,,0.026,mg N/L,2023_KM_BJ_Hidrochemija_patikrinta_2024-01-22.xls,azotas mineralinis,mg/l
2,7,Strait,2023-07-13,0.5,NH4,1,0.021,mg N/L,2023_KM_BJ_Hidrochemija_patikrinta_2024-01-22.xls,amonio azotas,mg/l N
2,7,Strait,2023-07-13,9.2,NH4,1,0.023,mg N/L,2023_KM_BJ_Hidrochemija_patikrinta_2024-01-22.xls,amonio azotas,mg/l N
2,7,Strait,2023-07-13,0.5,NO2,,0.001,mg N/L,2023_KM_BJ_Hidrochemija_patikrinta_2024-01-22.xls,nitritų azotas,mg/l N
2,7,Strait,2023-07-13,9.2,NO2,,0.001,mg N/L,2023_KM_BJ_Hidrochemija_patikrinta_2024-01-22.xls,nitritų azotas,mg/l N
2,7,Strait,2023-07-13,0.5,NO3,2,0.002,mg N/L,2023_KM_BJ_Hidrochemija_patikrinta_2024-01-22.xls,nitratų azotas,mg/l N
2,7,Strait,2023-07-13,9.2,NO3,2,0.002,mg N/L,2023_KM_BJ_Hidrochemija_patikrinta_2024-01-22.xls,nitratų azotas,mg/l N
2,7,Strait,2023-07-13,0.5,PO4,3,0.006,mg P/L,2023_KM_BJ_Hidrochemija_patikrinta_2024-01-22.xls,fosfatų fosforas,mg/l P
2,7,Strait,2023-07-13,9.2,PO4,3,0.008,mg P/L,2023_KM_BJ_Hidrochemija_patikrinta_2024-01-22.xls,fosfatų fosforas,mg/l P
2,7,Strait,2023-07-13,0.5,Si,17,0.21,mg Si/L,2023_KM_BJ_Hidrochemija_patikrinta_2024-01-22.xls,silicis,mg/l
2,7,Strait,2023-07-13,9.2,Si,17,0.21,mg Si/L,2023_KM_BJ_Hidrochemija_patikrinta_2024-01-22.xls,silicis,mg/l
2,7,Strait,2023-07-13,0.5,TN,40,0.74,mg N/L,2023_KM_BJ_Hidrochemija_patikrinta_2024-01-22.xls,azotas bendras,mg/l
2,7,Strait,2023-07-13,9.2,TN,40,0.68,mg N/L,2023_KM_BJ_Hidrochemija_patikrinta_2024-01-22.xls,azotas bendras,mg/l
2,7,Strait,2023-07-13,0.5,TP,39,0.044,mg P/L,2023_KM_BJ_Hidrochemija_patikrinta_2024-01-22.xls,bendras fosforas,mg/l
2,7,Strait,2023-07-13,9.2,TP,39,0.047,mg P/L,2023_KM_BJ_Hidrochemija_patikrinta_2024-01-22.xls,bendras fosforas,mg/l
2,7,Strait,2023-08-14,0.5,BOD7,,2.3,mg O2/L,2023_KM_BJ_Hidrochemija_patikrinta_2024-01-22.xls,biocheminis deguonies suva,mg/l O2
2,7,Strait,2023-08-14,9.2,BOD7,,1.1,mg O2/L,2023_KM_BJ_Hidrochemija_patikrinta_2024-01-22.xls,biocheminis deguonies suva,mg/l O2
2,7,Strait,2023-08-14,Paviršinis sluoksnis,CHLA,59,13.52,ug/L,Chlorofilas_a_KM_BJ_2023_patikrinta_2024-01-29.xls,chlorofilas a,µg/l
2,7,Strait,2023-08-14,0.5,DIN,,0.027,mg N/L,2023_KM_BJ_Hidrochemija_patikrinta_2024-01-22.xls,azotas mineralinis,mg/l
2,7,Strait,2023-08-14,9.2,DIN,,0.028,mg N/L,2023_KM_BJ_Hidrochemija_patikrinta_2024-01-22.xls,azotas mineralinis,mg/l
2,7,Strait,2023-08-14,0.5,NH4,1,0.024,mg N/L,2023_KM_BJ_Hidrochemija_patikrinta_2024-01-22.xls,amonio azotas,mg/l N
2,7,Strait,2023-08-14,9.2,NH4,1,0.024,mg N/L,2023_KM_BJ_Hidrochemija_patikrinta_2024-01-22.xls,amonio azotas,mg/l N
2,7,Strait,2023-08-14,0.5,NO2,,0.001,mg N/L,2023_KM_BJ_Hidrochemija_patikrinta_2024-01-22.xls,nitritų azotas,mg/l N
2,7,Strait,2023-08-14,9.2,NO2,,0.001,mg N/L,2023_KM_BJ_Hidrochemija_patikrinta_2024-01-22.xls,nitritų azotas,mg/l N
2,7,Strait,2023-08-14,0.5,NO3,2,0.002,mg N/L,2023_KM_BJ_Hidrochemija_patikrinta_2024-01-22.xls,nitratų azotas,mg/l N
2,7,Strait,2023-08-14,9.2,NO3,2,0.003,mg N/L,2023_KM_BJ_Hidrochemija_patikrinta_2024-01-22.xls,nitratų azotas,mg/l N
2,7,Strait,2023-08-14,0.5,PO4,3,0.006,mg P/L,2023_KM_BJ_Hidrochemija_patikrinta_2024-01-22.xls,fosfatų fosforas,mg/l P
2,7,Strait,2023-08-14,9.2,PO4,3,0.012,mg P/L,2023_KM_BJ_Hidrochemija_patikrinta_2024-01-22.xls,fosfatų fosforas,mg/l P
2,7,Strait,2023-08-14,0.5,Si,17,0.35,mg Si/L,2023_KM_BJ_Hidrochemija_patikrinta_2024-01-22.xls,silicis,mg/l
2,7,Strait,2023-08-14,9.2,Si,17,0.21,mg Si/L,2023_KM_BJ_Hidrochemija_patikrinta_2024-01-22.xls,silicis,mg/l
2,7,Strait,2023-08-14,0.5,TN,40,0.7,mg N/L,2023_KM_BJ_Hidrochemija_patikrinta_2024-01-22.xls,azotas bendras,mg/l
2,7,Strait,2023-08-14,9.2,TN,40,0.54,mg N/L,2023_KM_BJ_Hidrochemija_patikrinta_2024-01-22.xls,azotas bendras,mg/l
2,7,Strait,2023-08-14,0.5,TP,39,0.036,mg P/L,2023_KM_BJ_Hidrochemija_patikrinta_2024-01-22.xls,bendras fosforas,mg/l
2,7,Strait,2023-08-14,9.2,TP,39,0.04,mg P/L,2023_KM_BJ_Hidrochemija_patikrinta_2024-01-22.xls,bendras fosforas,mg/l
2,7,Strait,2023-09-25,0.5,BOD7,,1.2,mg O2/L,2023_KM_BJ_Hidrochemija_patikrinta_2024-01-22.xls,biocheminis deguonies suva,mg/l O2
2,7,Strait,2023-09-25,9.1,BOD7,,1.0,mg O2/L,2023_KM_BJ_Hidrochemija_patikrinta_2024-01-22.xls,biocheminis deguonies suva,mg/l O2
2,7,Strait,2023-09-25,Paviršinis sluoksnis,CHLA,59,9.01,ug/L,Chlorofilas_a_KM_BJ_2023_patikrinta_2024-01-29.xls,chlorofilas a,µg/l
2,7,Strait,2023-09-25,0.5,DIN,,0.069,mg N/L,2023_KM_BJ_Hidrochemija_patikrinta_2024-01-22.xls,azotas mineralinis,mg/l
2,7,Strait,2023-09-25,9.1,DIN,,0.097,mg N/L,2023_KM_BJ_Hidrochemija_patikrinta_2024-01-22.xls,azotas mineralinis,mg/l
2,7,Strait,2023-09-25,0.5,NH4,1,0.049,mg N/L,2023_KM_BJ_Hidrochemija_patikrinta_2024-01-22.xls,amonio azotas,mg/l N
2,7,Strait,2023-09-25,9.1,NH4,1,0.086,mg N/L,2023_KM_BJ_Hidrochemija_patikrinta_2024-01-22.xls,amonio azotas,mg/l N
2,7,Strait,2023-09-25,0.5,NO2,,0.001,mg N/L,2023_KM_BJ_Hidrochemija_patikrinta_2024-01-22.xls,nitritų azotas,mg/l N
2,7,Strait,2023-09-25,9.1,NO2,,0.004,mg N/L,2023_KM_BJ_Hidrochemija_patikrinta_2024-01-22.xls,nitritų azotas,mg/l N
2,7,Strait,2023-09-25,0.5,NO3,2,0.019,mg N/L,2023_KM_BJ_Hidrochemija_patikrinta_2024-01-22.xls,nitratų azotas,mg/l N
2,7,Strait,2023-09-25,9.1,NO3,2,0.007,mg N/L,2023_KM_BJ_Hidrochemija_patikrinta_2024-01-22.xls,nitratų azotas,mg/l N
2,7,Strait,2023-09-25,0.5,PO4,3,0.006,mg P/L,2023_KM_BJ_Hidrochemija_patikrinta_2024-01-22.xls,fosfatų fosforas,mg/l P
2,7,Strait,2023-09-25,9.1,PO4,3,0.009,mg P/L,2023_KM_BJ_Hidrochemija_patikrinta_2024-01-22.xls,fosfatų fosforas,mg/l P
2,7,Strait,2023-09-25,0.5,Si,17,0.37,mg Si/L,2023_KM_BJ_Hidrochemija_patikrinta_2024-01-22.xls,silicis,mg/l
2,7,Strait,2023-09-25,9.1,Si,17,0.28,mg Si/L,2023_KM_BJ_Hidrochemija_patikrinta_2024-01-22.xls,silicis,mg/l
2,7,Strait,2023-09-25,0.5,TN,40,0.51,mg N/L,2023_KM_BJ_Hidrochemija_patikrinta_2024-01-22.xls,azotas bendras,mg/l
2,7,Strait,2023-09-25,9.1,TN,40,0.58,mg N/L,2023_KM_BJ_Hidrochemija_patikrinta_2024-01-22.xls,azotas bendras,mg/l
2,7,Strait,2023-09-25,0.5,TP,39,0.043,mg P/L,2023_KM_BJ_Hidrochemija_patikrinta_2024-01-22.xls,bendras fosforas,mg/l
2,7,Strait,2023-09-25,9.1,TP,39,0.043,mg P/L,2023_KM_BJ_Hidrochemija_patikrinta_2024-01-22.xls,bendras fosforas,mg/l
2,7,Strait,2023-10-16,0.5,BOD7,,1.1,mg O2/L,2023_KM_BJ_Hidrochemija_patikrinta_2024-01-22.xls,biocheminis deguonies suva,mg/l O2
2,7,Strait,2023-10-16,11.3,BOD7,,0.58,mg O2/L,2023_KM_BJ_Hidrochemija_patikrinta_2024-01-22.xls,biocheminis deguonies suva,mg/l O2
2,7,Strait,2023-10-16,Paviršinis sluoksnis,CHLA,59,2.91,ug/L,Chlorofilas_a_KM_BJ_2023_patikrinta_2024-01-29.xls,chlorofilas a,µg/l
2,7,Strait,2023-10-16,0.5,DIN,,0.095,mg N/L,2023_KM_BJ_Hidrochemija_patikrinta_2024-01-22.xls,azotas mineralinis,mg/l
2,7,Strait,2023-10-16,11.3,DIN,,0.276,mg N/L,2023_KM_BJ_Hidrochemija_patikrinta_2024-01-22.xls,azotas mineralinis,mg/l
2,7,Strait,2023-10-16,0.5,NH4,1,0.06,mg N/L,2023_KM_BJ_Hidrochemija_patikrinta_2024-01-22.xls,amonio azotas,mg/l N
2,7,Strait,2023-10-16,11.3,NH4,1,0.061,mg N/L,2023_KM_BJ_Hidrochemija_patikrinta_2024-01-22.xls,amonio azotas,mg/l N
2,7,Strait,2023-10-16,0.5,NO2,,0.006,mg N/L,2023_KM_BJ_Hidrochemija_patikrinta_2024-01-22.xls,nitritų azotas,mg/l N
2,7,Strait,2023-10-16,11.3,NO2,,0.005,mg N/L,2023_KM_BJ_Hidrochemija_patikrinta_2024-01-22.xls,nitritų azotas,mg/l N
2,7,Strait,2023-10-16,0.5,NO3,2,0.029,mg N/L,2023_KM_BJ_Hidrochemija_patikrinta_2024-01-22.xls,nitratų azotas,mg/l N
2,7,Strait,2023-10-16,11.3,NO3,2,0.21,mg N/L,2023_KM_BJ_Hidrochemija_patikrinta_2024-01-22.xls,nitratų azotas,mg/l N
2,7,Strait,2023-10-16,0.5,PO4,3,0.008,mg P/L,2023_KM_BJ_Hidrochemija_patikrinta_2024-01-22.xls,fosfatų fosforas,mg/l P
2,7,Strait,2023-10-16,11.3,PO4,3,0.011,mg P/L,2023_KM_BJ_Hidrochemija_patikrinta_2024-01-22.xls,fosfatų fosforas,mg/l P
2,7,Strait,2023-10-16,0.5,Si,17,0.26,mg Si/L,2023_KM_BJ_Hidrochemija_patikrinta_2024-01-22.xls,silicis,mg/l
2,7,Strait,2023-10-16,11.3,Si,17,0.26,mg Si/L,2023_KM_BJ_Hidrochemija_patikrinta_2024-01-22.xls,silicis,mg/l
2,7,Strait,2023-10-16,0.5,TN,40,0.43,mg N/L,2023_KM_BJ_Hidrochemija_patikrinta_2024-01-22.xls,azotas bendras,mg/l
2,7,Strait,2023-10-16,11.3,TN,40,0.47,mg N/L,2023_KM_BJ_Hidrochemija_patikrinta_2024-01-22.xls,azotas bendras,mg/l
2,7,Strait,2023-10-16,0.5,TP,39,0.034,mg P/L,2023_KM_BJ_Hidrochemija_patikrinta_2024-01-22.xls,bendras fosforas,mg/l
2,7,Strait,2023-10-16,11.3,TP,39,0.042,mg P/L,2023_KM_BJ_Hidrochemija_patikrinta_2024-01-22.xls,bendras fosforas,mg/l
2,7,Strait,2023-11-15,0.5,BOD7,,1.5,mg O2/L,2023_KM_BJ_Hidrochemija_patikrinta_2024-01-22.xls,biocheminis deguonies suva,mg/l O2
2,7,Strait,2023-11-15,6.2,BOD7,,1.2,mg O2/L,2023_KM_BJ_Hidrochemija_patikrinta_2024-01-22.xls,biocheminis deguonies suva,mg/l O2
2,7,Strait,2023-11-15,Paviršinis sluoksnis,CHLA,59,31.33,ug/L,Chlorofilas_a_KM_BJ_2023_patikrinta_2024-01-29.xls,chlorofilas a,µg/l
2,7,Strait,2023-11-15,0.5,DIN,,0.422,mg N/L,2023_KM_BJ_Hidrochemija_patikrinta_2024-01-22.xls,azotas mineralinis,mg/l
2,7,Strait,2023-11-15,6.2,DIN,,0.611,mg N/L,2023_KM_BJ_Hidrochemija_patikrinta_2024-01-22.xls,azotas mineralinis,mg/l
2,7,Strait,2023-11-15,0.5,NH4,1,0.027,mg N/L,2023_KM_BJ_Hidrochemija_patikrinta_2024-01-22.xls,amonio azotas,mg/l N
2,7,Strait,2023-11-15,6.2,NH4,1,0.044,mg N/L,2023_KM_BJ_Hidrochemija_patikrinta_2024-01-22.xls,amonio azotas,mg/l N
2,7,Strait,2023-11-15,0.5,NO2,,0.005,mg N/L,2023_KM_BJ_Hidrochemija_patikrinta_2024-01-22.xls,nitritų azotas,mg/l N
2,7,Strait,2023-11-15,6.2,NO2,,0.007,mg N/L,2023_KM_BJ_Hidrochemija_patikrinta_2024-01-22.xls,nitritų azotas,mg/l N
2,7,Strait,2023-11-15,0.5,NO3,2,0.39,mg N/L,2023_KM_BJ_Hidrochemija_patikrinta_2024-01-22.xls,nitratų azotas,mg/l N
2,7,Strait,2023-11-15,6.2,NO3,2,0.56,mg N/L,2023_KM_BJ_Hidrochemija_patikrinta_2024-01-22.xls,nitratų azotas,mg/l N
2,7,Strait,2023-11-15,0.5,PO4,3,0.006,mg P/L,2023_KM_BJ_Hidrochemija_patikrinta_2024-01-22.xls,fosfatų fosforas,mg/l P
2,7,Strait,2023-11-15,6.2,PO4,3,0.006,mg P/L,2023_KM_BJ_Hidrochemija_patikrinta_2024-01-22.xls,fosfatų fosforas,mg/l P
2,7,Strait,2023-11-15,0.5,Si,17,0.74,mg Si/L,2023_KM_BJ_Hidrochemija_patikrinta_2024-01-22.xls,silicis,mg/l
2,7,Strait,2023-11-15,6.2,Si,17,1.0,mg Si/L,2023_KM_BJ_Hidrochemija_patikrinta_2024-01-22.xls,silicis,mg/l
2,7,Strait,2023-11-15,0.5,TN,40,1.3,mg N/L,2023_KM_BJ_Hidrochemija_patikrinta_2024-01-22.xls,azotas bendras,mg/l
2,7,Strait,2023-11-15,6.2,TN,40,1.2,mg N/L,2023_KM_BJ_Hidrochemija_patikrinta_2024-01-22.xls,azotas bendras,mg/l
2,7,Strait,2023-11-15,0.5,TP,39,0.049,mg P/L,2023_KM_BJ_Hidrochemija_patikrinta_2024-01-22.xls,bendras fosforas,mg/l
2,7,Strait,2023-11-15,6.2,TP,39,0.053,mg P/L,2023_KM_BJ_Hidrochemija_patikrinta_2024-01-22.xls,bendras fosforas,mg/l
3,11,Strait,2022-02-23,0.5,DIN,,3.656,mg N/L,2022 Hidrochemija_KM_patikrinta_2023-03-30_1061.xls,azotas mineralinis,mg/l
3,11,Strait,2022-02-23,9.5,DIN,,3.634,mg N/L,2022 Hidrochemija_KM_patikrinta_2023-03-30_1061.xls,azotas mineralinis,mg/l
3,11,Strait,2022-02-23,0.5,NH4,1,0.043,mg N/L,2022 Hidrochemija_KM_patikrinta_2023-03-30_1061.xls,amonio azotas,mg/l N
3,11,Strait,2022-02-23,9.5,NH4,1,0.021,mg N/L,2022 Hidrochemija_KM_patikrinta_2023-03-30_1061.xls,amonio azotas,mg/l N
3,11,Strait,2022-02-23,0.5,NO2,,0.013,mg N/L,2022 Hidrochemija_KM_patikrinta_2023-03-30_1061.xls,nitritų azotas,mg/l N
3,11,Strait,2022-02-23,9.5,NO2,,0.013,mg N/L,2022 Hidrochemija_KM_patikrinta_2023-03-30_1061.xls,nitritų azotas,mg/l N
3,11,Strait,2022-02-23,0.5,NO3,2,3.6,mg N/L,2022 Hidrochemija_KM_patikrinta_2023-03-30_1061.xls,nitratų azotas,mg/l N
3,11,Strait,2022-02-23,9.5,NO3,2,3.6,mg N/L,2022 Hidrochemija_KM_patikrinta_2023-03-30_1061.xls,nitratų azotas,mg/l N
3,11,Strait,2022-02-23,0.5,PO4,3,0.01,mg P/L,2022 Hidrochemija_KM_patikrinta_2023-03-30_1061.xls,fosfatų fosforas,mg/l P
3,11,Strait,2022-02-23,9.5,PO4,3,0.012,mg P/L,2022 Hidrochemija_KM_patikrinta_2023-03-30_1061.xls,fosfatų fosforas,mg/l P
3,11,Strait,2022-02-23,0.5,Si,17,3.91,mg Si/L,2022 Hidrochemija_KM_patikrinta_2023-03-30_1061.xls,silicis,mg/l
3,11,Strait,2022-02-23,9.5,Si,17,3.61,mg Si/L,2022 Hidrochemija_KM_patikrinta_2023-03-30_1061.xls,silicis,mg/l
3,11,Strait,2022-02-23,0.5,TN,40,3.9,mg N/L,2022 Hidrochemija_KM_patikrinta_2023-03-30_1061.xls,azotas bendras,mg/l
3,11,Strait,2022-02-23,9.5,TN,40,3.8,mg N/L,2022 Hidrochemija_KM_patikrinta_2023-03-30_1061.xls,azotas bendras,mg/l
3,11,Strait,2022-02-23,0.5,TP,39,0.083,mg P/L,2022 Hidrochemija_KM_patikrinta_2023-03-30_1061.xls,bendras fosforas,mg/l
3,11,Strait,2022-02-23,9.5,TP,39,0.095,mg P/L,2022 Hidrochemija_KM_patikrinta_2023-03-30_1061.xls,bendras fosforas,mg/l
3,11,Strait,2022-03-15,0.5,DIN,,2.524,mg N/L,2022 Hidrochemija_KM_patikrinta_2023-03-30_1061.xls,azotas mineralinis,mg/l
3,11,Strait,2022-03-15,9.2,DIN,,2.325,mg N/L,2022 Hidrochemija_KM_patikrinta_2023-03-30_1061.xls,azotas mineralinis,mg/l
3,11,Strait,2022-03-15,0.5,NH4,1,0.015,mg N/L,2022 Hidrochemija_KM_patikrinta_2023-03-30_1061.xls,amonio azotas,mg/l N
3,11,Strait,2022-03-15,9.2,NH4,1,0.016,mg N/L,2022 Hidrochemija_KM_patikrinta_2023-03-30_1061.xls,amonio azotas,mg/l N
3,11,Strait,2022-03-15,0.5,NO2,,0.009,mg N/L,2022 Hidrochemija_KM_patikrinta_2023-03-30_1061.xls,nitritų azotas,mg/l N
3,11,Strait,2022-03-15,9.2,NO2,,0.009,mg N/L,2022 Hidrochemija_KM_patikrinta_2023-03-30_1061.xls,nitritų azotas,mg/l N
3,11,Strait,2022-03-15,0.5,NO3,2,2.5,mg N/L,2022 Hidrochemija_KM_patikrinta_2023-03-30_1061.xls,nitratų azotas,mg/l N
3,11,Strait,2022-03-15,9.2,NO3,2,2.3,mg N/L,2022 Hidrochemija_KM_patikrinta_2023-03-30_1061.xls,nitratų azotas,mg/l N
3,11,Strait,2022-03-15,0.5,PO4,3,0.006,mg P/L,2022 Hidrochemija_KM_patikrinta_2023-03-30_1061.xls,fosfatų fosforas,mg/l P
3,11,Strait,2022-03-15,9.2,PO4,3,0.006,mg P/L,2022 Hidrochemija_KM_patikrinta_2023-03-30_1061.xls,fosfatų fosforas,mg/l P
3,11,Strait,2022-03-15,0.5,Si,17,1.73,mg Si/L,2022 Hidrochemija_KM_patikrinta_2023-03-30_1061.xls,silicis,mg/l
3,11,Strait,2022-03-15,9.2,Si,17,1.43,mg Si/L,2022 Hidrochemija_KM_patikrinta_2023-03-30_1061.xls,silicis,mg/l
3,11,Strait,2022-03-15,0.5,TN,40,2.9,mg N/L,2022 Hidrochemija_KM_patikrinta_2023-03-30_1061.xls,azotas bendras,mg/l
3,11,Strait,2022-03-15,9.2,TN,40,2.6,mg N/L,2022 Hidrochemija_KM_patikrinta_2023-03-30_1061.xls,azotas bendras,mg/l
3,11,Strait,2022-03-15,0.5,TP,39,0.034,mg P/L,2022 Hidrochemija_KM_patikrinta_2023-03-30_1061.xls,bendras fosforas,mg/l
3,11,Strait,2022-03-15,9.2,TP,39,0.036,mg P/L,2022 Hidrochemija_KM_patikrinta_2023-03-30_1061.xls,bendras fosforas,mg/l
3,11,Strait,2022-04-13,0.5,BOD7,,2.1,mg O2/L,2022 Hidrochemija_KM_patikrinta_2023-03-30_1061.xls,biocheminis deguonies suvartojimas per 7 paras,mg/l O2
3,11,Strait,2022-04-13,9.3,BOD7,,1.9,mg O2/L,2022 Hidrochemija_KM_patikrinta_2023-03-30_1061.xls,biocheminis deguonies suvartojimas per 7 paras,mg/l O2
3,11,Strait,2022-04-13,0.5,CHLA,59,15.42,ug/L,Chlorofilas a_KM_2022_patikrinta_2023-03-15_1053.xls,Chlorofilas a,µg/l
3,11,Strait,2022-04-13,0.5,DIN,,1.336,mg N/L,2022 Hidrochemija_KM_patikrinta_2023-03-30_1061.xls,azotas mineralinis,mg/l
3,11,Strait,2022-04-13,9.3,DIN,,0.448,mg N/L,2022 Hidrochemija_KM_patikrinta_2023-03-30_1061.xls,azotas mineralinis,mg/l
3,11,Strait,2022-04-13,0.5,NH4,1,0.03,mg N/L,2022 Hidrochemija_KM_patikrinta_2023-03-30_1061.xls,amonio azotas,mg/l N
3,11,Strait,2022-04-13,9.3,NH4,1,0.027,mg N/L,2022 Hidrochemija_KM_patikrinta_2023-03-30_1061.xls,amonio azotas,mg/l N
3,11,Strait,2022-04-13,0.5,NO2,,0.006,mg N/L,2022 Hidrochemija_KM_patikrinta_2023-03-30_1061.xls,nitritų azotas,mg/l N
3,11,Strait,2022-04-13,9.3,NO2,,0.001,mg N/L,2022 Hidrochemija_KM_patikrinta_2023-03-30_1061.xls,nitritų azotas,mg/l N
3,11,Strait,2022-04-13,0.5,NO3,2,1.3,mg N/L,2022 Hidrochemija_KM_patikrinta_2023-03-30_1061.xls,nitratų azotas,mg/l N
3,11,Strait,2022-04-13,9.3,NO3,2,0.42,mg N/L,2022 Hidrochemija_KM_patikrinta_2023-03-30_1061.xls,nitratų azotas,mg/l N
3,11,Strait,2022-04-13,0.5,PO4,3,0.006,mg P/L,2022 Hidrochemija_KM_patikrinta_2023-03-30_1061.xls,fosfatų fosforas,mg/l P
3,11,Strait,2022-04-13,9.3,PO4,3,0.006,mg P/L,2022 Hidrochemija_KM_patikrinta_2023-03-30_1061.xls,fosfatų fosforas,mg/l P
3,11,Strait,2022-04-13,0.5,Si,17,0.7,mg Si/L,2022 Hidrochemija_KM_patikrinta_2023-03-30_1061.xls,silicis,mg/l
3,11,Strait,2022-04-13,9.3,Si,17,0.55,mg Si/L,2022 Hidrochemija_KM_patikrinta_2023-03-30_1061.xls,silicis,mg/l
3,11,Strait,2022-04-13,0.5,TN,40,1.7,mg N/L,2022 Hidrochemija_KM_patikrinta_2023-03-30_1061.xls,azotas bendras,mg/l
3,11,Strait,2022-04-13,9.3,TN,40,0.8,mg N/L,2022 Hidrochemija_KM_patikrinta_2023-03-30_1061.xls,azotas bendras,mg/l
3,11,Strait,2022-04-13,0.5,TP,39,0.034,mg P/L,2022 Hidrochemija_KM_patikrinta_2023-03-30_1061.xls,bendras fosforas,mg/l
3,11,Strait,2022-04-13,9.3,TP,39,0.036,mg P/L,2022 Hidrochemija_KM_patikrinta_2023-03-30_1061.xls,bendras fosforas,mg/l
3,11,Strait,2022-04-13,0.5,TSS,,7.0,mg/L,2022 Hidrochemija_KM_patikrinta_2023-03-30_1061.xls,suspenduotos (skendinčios) medžiagos,mg/l
3,11,Strait,2022-04-13,9.3,TSS,,6.7,mg/L,2022 Hidrochemija_KM_patikrinta_2023-03-30_1061.xls,suspenduotos (skendinčios) medžiagos,mg/l
3,11,Strait,2022-05-05,0.5,BOD7,,1.7,mg O2/L,2022 Hidrochemija_KM_patikrinta_2023-03-30_1061.xls,biocheminis deguonies suvartojimas per 7 paras,mg/l O2
3,11,Strait,2022-05-05,8,BOD7,,2.2,mg O2/L,2022 Hidrochemija_KM_patikrinta_2023-03-30_1061.xls,biocheminis deguonies suvartojimas per 7 paras,mg/l O2
3,11,Strait,2022-05-05,0.5,CHLA,59,9.4,ug/L,Chlorofilas a_KM_2022_patikrinta_2023-03-15_1053.xls,Chlorofilas a,µg/l
3,11,Strait,2022-05-05,0.5,DIN,,0.836,mg N/L,2022 Hidrochemija_KM_patikrinta_2023-03-30_1061.xls,azotas mineralinis,mg/l
3,11,Strait,2022-05-05,8,DIN,,0.802,mg N/L,2022 Hidrochemija_KM_patikrinta_2023-03-30_1061.xls,azotas mineralinis,mg/l
3,11,Strait,2022-05-05,0.5,NH4,1,0.028,mg N/L,2022 Hidrochemija_KM_patikrinta_2023-03-30_1061.xls,amonio azotas,mg/l N
3,11,Strait,2022-05-05,8,NH4,1,0.029,mg N/L,2022 Hidrochemija_KM_patikrinta_2023-03-30_1061.xls,amonio azotas,mg/l N
3,11,Strait,2022-05-05,0.5,NO2,,0.008,mg N/L,2022 Hidrochemija_KM_patikrinta_2023-03-30_1061.xls,nitritų azotas,mg/l N
3,11,Strait,2022-05-05,8,NO2,,0.003,mg N/L,2022 Hidrochemija_KM_patikrinta_2023-03-30_1061.xls,nitritų azotas,mg/l N
3,11,Strait,2022-05-05,0.5,NO3,2,0.8,mg N/L,2022 Hidrochemija_KM_patikrinta_2023-03-30_1061.xls,nitratų azotas,mg/l N
3,11,Strait,2022-05-05,8,NO3,2,0.77,mg N/L,2022 Hidrochemija_KM_patikrinta_2023-03-30_1061.xls,nitratų azotas,mg/l N
3,11,Strait,2022-05-05,0.5,PO4,3,0.006,mg P/L,2022 Hidrochemija_KM_patikrinta_2023-03-30_1061.xls,fosfatų fosforas,mg/l P
3,11,Strait,2022-05-05,8,PO4,3,0.006,mg P/L,2022 Hidrochemija_KM_patikrinta_2023-03-30_1061.xls,fosfatų fosforas,mg/l P
3,11,Strait,2022-05-05,0.5,Si,17,0.55,mg Si/L,2022 Hidrochemija_KM_patikrinta_2023-03-30_1061.xls,silicis,mg/l
3,11,Strait,2022-05-05,8,Si,17,0.63,mg Si/L,2022 Hidrochemija_KM_patikrinta_2023-03-30_1061.xls,silicis,mg/l
3,11,Strait,2022-05-05,0.5,TN,40,1.3,mg N/L,2022 Hidrochemija_KM_patikrinta_2023-03-30_1061.xls,azotas bendras,mg/l
3,11,Strait,2022-05-05,8,TN,40,1.3,mg N/L,2022 Hidrochemija_KM_patikrinta_2023-03-30_1061.xls,azotas bendras,mg/l
3,11,Strait,2022-05-05,0.5,TP,39,0.031,mg P/L,2022 Hidrochemija_KM_patikrinta_2023-03-30_1061.xls,bendras fosforas,mg/l
3,11,Strait,2022-05-05,8,TP,39,0.034,mg P/L,2022 Hidrochemija_KM_patikrinta_2023-03-30_1061.xls,bendras fosforas,mg/l
3,11,Strait,2022-05-05,0.5,TSS,,9.7,mg/L,2022 Hidrochemija_KM_patikrinta_2023-03-30_1061.xls,suspenduotos (skendinčios) medžiagos,mg/l
3,11,Strait,2022-05-05,8,TSS,,9.7,mg/L,2022 Hidrochemija_KM_patikrinta_2023-03-30_1061.xls,suspenduotos (skendinčios) medžiagos,mg/l
3,11,Strait,2022-06-09,0.5,BOD7,,1.8,mg O2/L,2022 Hidrochemija_KM_patikrinta_2023-03-30_1061.xls,biocheminis deguonies suvartojimas per 7 paras,mg/l O2
3,11,Strait,2022-06-09,9.2,BOD7,,2.1,mg O2/L,2022 Hidrochemija_KM_patikrinta_2023-03-30_1061.xls,biocheminis deguonies suvartojimas per 7 paras,mg/l O2
3,11,Strait,2022-06-09,0.5,CHLA,59,10.93,ug/L,Chlorofilas a_KM_2022_patikrinta_2023-03-15_1053.xls,Chlorofilas a,µg/l
3,11,Strait,2022-06-09,0.5,DIN,,0.136,mg N/L,2022 Hidrochemija_KM_patikrinta_2023-03-30_1061.xls,azotas mineralinis,mg/l
3,11,Strait,2022-06-09,9.2,DIN,,0.121,mg N/L,2022 Hidrochemija_KM_patikrinta_2023-03-30_1061.xls,azotas mineralinis,mg/l
3,11,Strait,2022-06-09,0.5,NH4,1,0.051,mg N/L,2022 Hidrochemija_KM_patikrinta_2023-03-30_1061.xls,amonio azotas,mg/l N
3,11,Strait,2022-06-09,9.2,NH4,1,0.044,mg N/L,2022 Hidrochemija_KM_patikrinta_2023-03-30_1061.xls,amonio azotas,mg/l N
3,11,Strait,2022-06-09,0.5,NO2,,0.006,mg N/L,2022 Hidrochemija_KM_patikrinta_2023-03-30_1061.xls,nitritų azotas,mg/l N
3,11,Strait,2022-06-09,9.2,NO2,,0.007,mg N/L,2022 Hidrochemija_KM_patikrinta_2023-03-30_1061.xls,nitritų azotas,mg/l N
3,11,Strait,2022-06-09,0.5,NO3,2,0.079,mg N/L,2022 Hidrochemija_KM_patikrinta_2023-03-30_1061.xls,nitratų azotas,mg/l N
3,11,Strait,2022-06-09,9.2,NO3,2,0.07,mg N/L,2022 Hidrochemija_KM_patikrinta_2023-03-30_1061.xls,nitratų azotas,mg/l N
3,11,Strait,2022-06-09,0.5,PO4,3,0.006,mg P/L,2022 Hidrochemija_KM_patikrinta_2023-03-30_1061.xls,fosfatų fosforas,mg/l P
3,11,Strait,2022-06-09,9.2,PO4,3,0.006,mg P/L,2022 Hidrochemija_KM_patikrinta_2023-03-30_1061.xls,fosfatų fosforas,mg/l P
3,11,Strait,2022-06-09,0.5,Si,17,0.15,mg Si/L,2022 Hidrochemija_KM_patikrinta_2023-03-30_1061.xls,silicis,mg/l
3,11,Strait,2022-06-09,9.2,Si,17,0.15,mg Si/L,2022 Hidrochemija_KM_patikrinta_2023-03-30_1061.xls,silicis,mg/l
3,11,Strait,2022-06-09,0.5,TN,40,0.97,mg N/L,2022 Hidrochemija_KM_patikrinta_2023-03-30_1061.xls,azotas bendras,mg/l
3,11,Strait,2022-06-09,9.2,TN,40,1.1,mg N/L,2022 Hidrochemija_KM_patikrinta_2023-03-30_1061.xls,azotas bendras,mg/l
3,11,Strait,2022-06-09,0.5,TP,39,0.076,mg P/L,2022 Hidrochemija_KM_patikrinta_2023-03-30_1061.xls,bendras fosforas,mg/l
3,11,Strait,2022-06-09,9.2,TP,39,0.063,mg P/L,2022 Hidrochemija_KM_patikrinta_2023-03-30_1061.xls,bendras fosforas,mg/l
3,11,Strait,2022-06-09,0.5,TSS,,13.0,mg/L,2022 Hidrochemija_KM_patikrinta_2023-03-30_1061.xls,suspenduotos (skendinčios) medžiagos,mg/l
3,11,Strait,2022-06-09,9.2,TSS,,16.0,mg/L,2022 Hidrochemija_KM_patikrinta_2023-03-30_1061.xls,suspenduotos (skendinčios) medžiagos,mg/l
3,11,Strait,2022-08-23,0.5,BOD7,,1.5,mg O2/L,2022 Hidrochemija_KM_patikrinta_2023-03-30_1061.xls,biocheminis deguonies suvartojimas per 7 paras,mg/l O2
3,11,Strait,2022-08-23,8.5,BOD7,,1.2,mg O2/L,2022 Hidrochemija_KM_patikrinta_2023-03-30_1061.xls,biocheminis deguonies suvartojimas per 7 paras,mg/l O2
3,11,Strait,2022-08-23,0.5,CHLA,59,8.13,ug/L,Chlorofilas a_KM_2022_patikrinta_2023-03-15_1053.xls,Chlorofilas a,µg/l
3,11,Strait,2022-08-23,0.5,DIN,,0.049,mg N/L,2022 Hidrochemija_KM_patikrinta_2023-03-30_1061.xls,azotas mineralinis,mg/l
3,11,Strait,2022-08-23,8.5,DIN,,0.032,mg N/L,2022 Hidrochemija_KM_patikrinta_2023-03-30_1061.xls,azotas mineralinis,mg/l
3,11,Strait,2022-08-23,0.5,NH4,1,0.046,mg N/L,2022 Hidrochemija_KM_patikrinta_2023-03-30_1061.xls,amonio azotas,mg/l N
3,11,Strait,2022-08-23,8.5,NH4,1,0.029,mg N/L,2022 Hidrochemija_KM_patikrinta_2023-03-30_1061.xls,amonio azotas,mg/l N
3,11,Strait,2022-08-23,0.5,NO2,,0.001,mg N/L,2022 Hidrochemija_KM_patikrinta_2023-03-30_1061.xls,nitritų azotas,mg/l N
3,11,Strait,2022-08-23,8.5,NO2,,0.001,mg N/L,2022 Hidrochemija_KM_patikrinta_2023-03-30_1061.xls,nitritų azotas,mg/l N
3,11,Strait,2022-08-23,0.5,NO3,2,0.002,mg N/L,2022 Hidrochemija_KM_patikrinta_2023-03-30_1061.xls,nitratų azotas,mg/l N
3,11,Strait,2022-08-23,8.5,NO3,2,0.002,mg N/L,2022 Hidrochemija_KM_patikrinta_2023-03-30_1061.xls,nitratų azotas,mg/l N
3,11,Strait,2022-08-23,0.5,PO4,3,0.008,mg P/L,2022 Hidrochemija_KM_patikrinta_2023-03-30_1061.xls,fosfatų fosforas,mg/l P
3,11,Strait,2022-08-23,8.5,PO4,3,0.007,mg P/L,2022 Hidrochemija_KM_patikrinta_2023-03-30_1061.xls,fosfatų fosforas,mg/l P
3,11,Strait,2022-08-23,0.5,Si,17,0.58,mg Si/L,2022 Hidrochemija_KM_patikrinta_2023-03-30_1061.xls,silicis,mg/l
3,11,Strait,2022-08-23,8.5,Si,17,0.43,mg Si/L,2022 Hidrochemija_KM_patikrinta_2023-03-30_1061.xls,silicis,mg/l
3,11,Strait,2022-08-23,0.5,TN,40,0.58,mg N/L,2022 Hidrochemija_KM_patikrinta_2023-03-30_1061.xls,azotas bendras,mg/l
3,11,Strait,2022-08-23,8.5,TN,40,0.58,mg N/L,2022 Hidrochemija_KM_patikrinta_2023-03-30_1061.xls,azotas bendras,mg/l
3,11,Strait,2022-08-23,0.5,TP,39,0.041,mg P/L,2022 Hidrochemija_KM_patikrinta_2023-03-30_1061.xls,bendras fosforas,mg/l
3,11,Strait,2022-08-23,8.5,TP,39,0.043,mg P/L,2022 Hidrochemija_KM_patikrinta_2023-03-30_1061.xls,bendras fosforas,mg/l
3,11,Strait,2022-08-23,0.5,TSS,,5.9,mg/L,2022 Hidrochemija_KM_patikrinta_2023-03-30_1061.xls,suspenduotos (skendinčios) medžiagos,mg/l
3,11,Strait,2022-08-23,8.5,TSS,,12.0,mg/L,2022 Hidrochemija_KM_patikrinta_2023-03-30_1061.xls,suspenduotos (skendinčios) medžiagos,mg/l
3,11,Strait,2022-09-08,0.5,CHLA,59,37.35,ug/L,Chlorofilas a_KM_2022_patikrinta_2023-03-15_1053.xls,Chlorofilas a,µg/l
3,11,Strait,2022-09-08,0.5,DIN,,0.049,mg N/L,2022 Hidrochemija_KM_patikrinta_2023-03-30_1061.xls,azotas mineralinis,mg/l
3,11,Strait,2022-09-08,8.1,DIN,,0.04,mg N/L,2022 Hidrochemija_KM_patikrinta_2023-03-30_1061.xls,azotas mineralinis,mg/l
3,11,Strait,2022-09-08,0.5,NH4,1,0.046,mg N/L,2022 Hidrochemija_KM_patikrinta_2023-03-30_1061.xls,amonio azotas,mg/l N
3,11,Strait,2022-09-08,8.1,NH4,1,0.037,mg N/L,2022 Hidrochemija_KM_patikrinta_2023-03-30_1061.xls,amonio azotas,mg/l N
3,11,Strait,2022-09-08,0.5,NO2,,0.001,mg N/L,2022 Hidrochemija_KM_patikrinta_2023-03-30_1061.xls,nitritų azotas,mg/l N
3,11,Strait,2022-09-08,8.1,NO2,,0.001,mg N/L,2022 Hidrochemija_KM_patikrinta_2023-03-30_1061.xls,nitritų azotas,mg/l N
3,11,Strait,2022-09-08,0.5,NO3,2,0.002,mg N/L,2022 Hidrochemija_KM_patikrinta_2023-03-30_1061.xls,nitratų azotas,mg/l N
3,11,Strait,2022-09-08,8.1,NO3,2,0.002,mg N/L,2022 Hidrochemija_KM_patikrinta_2023-03-30_1061.xls,nitratų azotas,mg/l N
3,11,Strait,2022-09-08,0.5,PO4,3,0.006,mg P/L,2022 Hidrochemija_KM_patikrinta_2023-03-30_1061.xls,fosfatų fosforas,mg/l P
3,11,Strait,2022-09-08,8.1,PO4,3,0.006,mg P/L,2022 Hidrochemija_KM_patikrinta_2023-03-30_1061.xls,fosfatų fosforas,mg/l P
3,11,Strait,2022-09-08,0.5,Si,17,0.15,mg Si/L,2022 Hidrochemija_KM_patikrinta_2023-03-30_1061.xls,silicis,mg/l
3,11,Strait,2022-09-08,8.1,Si,17,0.3,mg Si/L,2022 Hidrochemija_KM_patikrinta_2023-03-30_1061.xls,silicis,mg/l
3,11,Strait,2022-09-08,0.5,TN,40,1.2,mg N/L,2022 Hidrochemija_KM_patikrinta_2023-03-30_1061.xls,azotas bendras,mg/l
3,11,Strait,2022-09-08,8.1,TN,40,1.2,mg N/L,2022 Hidrochemija_KM_patikrinta_2023-03-30_1061.xls,azotas bendras,mg/l
3,11,Strait,2022-09-08,0.5,TP,39,0.077,mg P/L,2022 Hidrochemija_KM_patikrinta_2023-03-30_1061.xls,bendras fosforas,mg/l
3,11,Strait,2022-09-08,8.1,TP,39,0.077,mg P/L,2022 Hidrochemija_KM_patikrinta_2023-03-30_1061.xls,bendras fosforas,mg/l
3,11,Strait,2022-09-20,0.5,BOD7,,0.95,mg O2/L,2022 Hidrochemija_KM_patikrinta_2023-03-30_1061.xls,biocheminis deguonies suvartojimas per 7 paras,mg/l O2
3,11,Strait,2022-09-20,8.5,BOD7,,0.89,mg O2/L,2022 Hidrochemija_KM_patikrinta_2023-03-30_1061.xls,biocheminis deguonies suvartojimas per 7 paras,mg/l O2
3,11,Strait,2022-09-20,0.5,CHLA,59,7.98,ug/L,Chlorofilas a_KM_2022_patikrinta_2023-03-15_1053.xls,Chlorofilas a,µg/l
3,11,Strait,2022-09-20,0.5,DIN,,0.049,mg N/L,2022 Hidrochemija_KM_patikrinta_2023-03-30_1061.xls,azotas mineralinis,mg/l
3,11,Strait,2022-09-20,8.5,DIN,,0.053,mg N/L,2022 Hidrochemija_KM_patikrinta_2023-03-30_1061.xls,azotas mineralinis,mg/l
3,11,Strait,2022-09-20,0.5,NH4,1,0.046,mg N/L,2022 Hidrochemija_KM_patikrinta_2023-03-30_1061.xls,amonio azotas,mg/l N
3,11,Strait,2022-09-20,8.5,NH4,1,0.05,mg N/L,2022 Hidrochemija_KM_patikrinta_2023-03-30_1061.xls,amonio azotas,mg/l N
3,11,Strait,2022-09-20,0.5,NO2,,0.001,mg N/L,2022 Hidrochemija_KM_patikrinta_2023-03-30_1061.xls,nitritų azotas,mg/l N
3,11,Strait,2022-09-20,8.5,NO2,,0.001,mg N/L,2022 Hidrochemija_KM_patikrinta_2023-03-30_1061.xls,nitritų azotas,mg/l N
3,11,Strait,2022-09-20,0.5,NO3,2,0.002,mg N/L,2022 Hidrochemija_KM_patikrinta_2023-03-30_1061.xls,nitratų azotas,mg/l N
3,11,Strait,2022-09-20,8.5,NO3,2,0.002,mg N/L,2022 Hidrochemija_KM_patikrinta_2023-03-30_1061.xls,nitratų azotas,mg/l N
3,11,Strait,2022-09-20,0.5,PO4,3,0.006,mg P/L,2022 Hidrochemija_KM_patikrinta_2023-03-30_1061.xls,fosfatų fosforas,mg/l P
3,11,Strait,2022-09-20,8.5,PO4,3,0.006,mg P/L,2022 Hidrochemija_KM_patikrinta_2023-03-30_1061.xls,fosfatų fosforas,mg/l P
3,11,Strait,2022-09-20,0.5,Si,17,0.15,mg Si/L,2022 Hidrochemija_KM_patikrinta_2023-03-30_1061.xls,silicis,mg/l
3,11,Strait,2022-09-20,8.5,Si,17,0.15,mg Si/L,2022 Hidrochemija_KM_patikrinta_2023-03-30_1061.xls,silicis,mg/l
3,11,Strait,2022-09-20,0.5,TN,40,0.38,mg N/L,2022 Hidrochemija_KM_patikrinta_2023-03-30_1061.xls,azotas bendras,mg/l
3,11,Strait,2022-09-20,8.5,TN,40,0.41,mg N/L,2022 Hidrochemija_KM_patikrinta_2023-03-30_1061.xls,azotas bendras,mg/l
3,11,Strait,2022-09-20,0.5,TP,39,0.036,mg P/L,2022 Hidrochemija_KM_patikrinta_2023-03-30_1061.xls,bendras fosforas,mg/l
3,11,Strait,2022-09-20,8.5,TP,39,0.036,mg P/L,2022 Hidrochemija_KM_patikrinta_2023-03-30_1061.xls,bendras fosforas,mg/l
3,11,Strait,2022-09-20,0.5,TSS,,18.0,mg/L,2022 Hidrochemija_KM_patikrinta_2023-03-30_1061.xls,suspenduotos (skendinčios) medžiagos,mg/l
3,11,Strait,2022-09-20,8.5,TSS,,28.0,mg/L,2022 Hidrochemija_KM_patikrinta_2023-03-30_1061.xls,suspenduotos (skendinčios) medžiagos,mg/l
3,11,Strait,2022-10-13,0.5,BOD7,,0.88,mg O2/L,2022 Hidrochemija_KM_patikrinta_2023-03-30_1061.xls,biocheminis deguonies suvartojimas per 7 paras,mg/l O2
3,11,Strait,2022-10-13,9.1,BOD7,,0.72,mg O2/L,2022 Hidrochemija_KM_patikrinta_2023-03-30_1061.xls,biocheminis deguonies suvartojimas per 7 paras,mg/l O2
3,11,Strait,2022-10-13,0.5,CHLA,59,7.71,ug/L,Chlorofilas a_KM_2022_patikrinta_2023-03-15_1053.xls,Chlorofilas a,µg/l
3,11,Strait,2022-10-13,0.5,DIN,,0.09,mg N/L,2022 Hidrochemija_KM_patikrinta_2023-03-30_1061.xls,azotas mineralinis,mg/l
3,11,Strait,2022-10-13,9.1,DIN,,0.103,mg N/L,2022 Hidrochemija_KM_patikrinta_2023-03-30_1061.xls,azotas mineralinis,mg/l
3,11,Strait,2022-10-13,0.5,NH4,1,0.064,mg N/L,2022 Hidrochemija_KM_patikrinta_2023-03-30_1061.xls,amonio azotas,mg/l N
3,11,Strait,2022-10-13,9.1,NH4,1,0.076,mg N/L,2022 Hidrochemija_KM_patikrinta_2023-03-30_1061.xls,amonio azotas,mg/l N
3,11,Strait,2022-10-13,0.5,NO2,,0.001,mg N/L,2022 Hidrochemija_KM_patikrinta_2023-03-30_1061.xls,nitritų azotas,mg/l N
3,11,Strait,2022-10-13,9.1,NO2,,0.001,mg N/L,2022 Hidrochemija_KM_patikrinta_2023-03-30_1061.xls,nitritų azotas,mg/l N
3,11,Strait,2022-10-13,0.5,NO3,2,0.025,mg N/L,2022 Hidrochemija_KM_patikrinta_2023-03-30_1061.xls,nitratų azotas,mg/l N
3,11,Strait,2022-10-13,9.1,NO3,2,0.026,mg N/L,2022 Hidrochemija_KM_patikrinta_2023-03-30_1061.xls,nitratų azotas,mg/l N
3,11,Strait,2022-10-13,0.5,PO4,3,0.007,mg P/L,2022 Hidrochemija_KM_patikrinta_2023-03-30_1061.xls,fosfatų fosforas,mg/l P
3,11,Strait,2022-10-13,9.1,PO4,3,0.008,mg P/L,2022 Hidrochemija_KM_patikrinta_2023-03-30_1061.xls,fosfatų fosforas,mg/l P
3,11,Strait,2022-10-13,0.5,Si,17,0.96,mg Si/L,2022 Hidrochemija_KM_patikrinta_2023-03-30_1061.xls,silicis,mg/l
3,11,Strait,2022-10-13,9.1,Si,17,0.98,mg Si/L,2022 Hidrochemija_KM_patikrinta_2023-03-30_1061.xls,silicis,mg/l
3,11,Strait,2022-10-13,0.5,TN,40,0.43,mg N/L,2022 Hidrochemija_KM_patikrinta_2023-03-30_1061.xls,azotas bendras,mg/l
3,11,Strait,2022-10-13,9.1,TN,40,0.44,mg N/L,2022 Hidrochemija_KM_patikrinta_2023-03-30_1061.xls,azotas bendras,mg/l
3,11,Strait,2022-10-13,0.5,TP,39,0.047,mg P/L,2022 Hidrochemija_KM_patikrinta_2023-03-30_1061.xls,bendras fosforas,mg/l
3,11,Strait,2022-10-13,9.1,TP,39,0.065,mg P/L,2022 Hidrochemija_KM_patikrinta_2023-03-30_1061.xls,bendras fosforas,mg/l
3,11,Strait,2022-10-13,0.5,TSS,,17.0,mg/L,2022 Hidrochemija_KM_patikrinta_2023-03-30_1061.xls,suspenduotos (skendinčios) medžiagos,mg/l
3,11,Strait,2022-10-13,9.1,TSS,,39.0,mg/L,2022 Hidrochemija_KM_patikrinta_2023-03-30_1061.xls,suspenduotos (skendinčios) medžiagos,mg/l
3,11,Strait,2022-11-23,0.5,BOD7,,1.6,mg O2/L,2022 Hidrochemija_KM_patikrinta_2023-03-30_1061.xls,biocheminis deguonies suvartojimas per 7 paras,mg/l O2
3,11,Strait,2022-11-23,9.5,BOD7,,1.5,mg O2/L,2022 Hidrochemija_KM_patikrinta_2023-03-30_1061.xls,biocheminis deguonies suvartojimas per 7 paras,mg/l O2
3,11,Strait,2022-11-23,0.5,CHLA,59,29.37,ug/L,Chlorofilas a_KM_2022_patikrinta_2023-03-15_1053.xls,Chlorofilas a,µg/l
3,11,Strait,2022-11-23,0.5,DIN,,0.351,mg N/L,2022 Hidrochemija_KM_patikrinta_2023-03-30_1061.xls,azotas mineralinis,mg/l
3,11,Strait,2022-11-23,9.5,DIN,,0.325,mg N/L,2022 Hidrochemija_KM_patikrinta_2023-03-30_1061.xls,azotas mineralinis,mg/l
3,11,Strait,2022-11-23,0.5,NH4,1,0.036,mg N/L,2022 Hidrochemija_KM_patikrinta_2023-03-30_1061.xls,amonio azotas,mg/l N
3,11,Strait,2022-11-23,9.5,NH4,1,0.04,mg N/L,2022 Hidrochemija_KM_patikrinta_2023-03-30_1061.xls,amonio azotas,mg/l N
3,11,Strait,2022-11-23,0.5,NO2,,0.005,mg N/L,2022 Hidrochemija_KM_patikrinta_2023-03-30_1061.xls,nitritų azotas,mg/l N
3,11,Strait,2022-11-23,9.5,NO2,,0.005,mg N/L,2022 Hidrochemija_KM_patikrinta_2023-03-30_1061.xls,nitritų azotas,mg/l N
3,11,Strait,2022-11-23,0.5,NO3,2,0.31,mg N/L,2022 Hidrochemija_KM_patikrinta_2023-03-30_1061.xls,nitratų azotas,mg/l N
3,11,Strait,2022-11-23,9.5,NO3,2,0.28,mg N/L,2022 Hidrochemija_KM_patikrinta_2023-03-30_1061.xls,nitratų azotas,mg/l N
3,11,Strait,2022-11-23,0.5,PO4,3,0.007,mg P/L,2022 Hidrochemija_KM_patikrinta_2023-03-30_1061.xls,fosfatų fosforas,mg/l P
3,11,Strait,2022-11-23,9.5,PO4,3,0.007,mg P/L,2022 Hidrochemija_KM_patikrinta_2023-03-30_1061.xls,fosfatų fosforas,mg/l P
3,11,Strait,2022-11-23,0.5,Si,17,2.02,mg Si/L,2022 Hidrochemija_KM_patikrinta_2023-03-30_1061.xls,silicis,mg/l
3,11,Strait,2022-11-23,9.5,Si,17,2.19,mg Si/L,2022 Hidrochemija_KM_patikrinta_2023-03-30_1061.xls,silicis,mg/l
3,11,Strait,2022-11-23,0.5,TN,40,1.2,mg N/L,2022 Hidrochemija_KM_patikrinta_2023-03-30_1061.xls,azotas bendras,mg/l
3,11,Strait,2022-11-23,9.5,TN,40,1.1,mg N/L,2022 Hidrochemija_KM_patikrinta_2023-03-30_1061.xls,azotas bendras,mg/l
3,11,Strait,2022-11-23,0.5,TP,39,0.068,mg P/L,2022 Hidrochemija_KM_patikrinta_2023-03-30_1061.xls,bendras fosforas,mg/l
3,11,Strait,2022-11-23,9.5,TP,39,0.069,mg P/L,2022 Hidrochemija_KM_patikrinta_2023-03-30_1061.xls,bendras fosforas,mg/l
3,11,Strait,2022-11-23,0.5,TSS,,15.0,mg/L,2022 Hidrochemija_KM_patikrinta_2023-03-30_1061.xls,suspenduotos (skendinčios) medžiagos,mg/l
3,11,Strait,2022-11-23,9.5,TSS,,18.0,mg/L,2022 Hidrochemija_KM_patikrinta_2023-03-30_1061.xls,suspenduotos (skendinčios) medžiagos,mg/l
3,11,Strait,2022-12-07,0.5,DIN,,0.739,mg N/L,2022 Hidrochemija_KM_patikrinta_2023-03-30_1061.xls,azotas mineralinis,mg/l
3,11,Strait,2022-12-07,9,DIN,,0.568,mg N/L,2022 Hidrochemija_KM_patikrinta_2023-03-30_1061.xls,azotas mineralinis,mg/l
3,11,Strait,2022-12-07,0.5,NH4,1,0.071,mg N/L,2022 Hidrochemija_KM_patikrinta_2023-03-30_1061.xls,amonio azotas,mg/l N
3,11,Strait,2022-12-07,9,NH4,1,0.18,mg N/L,2022 Hidrochemija_KM_patikrinta_2023-03-30_1061.xls,amonio azotas,mg/l N
3,11,Strait,2022-12-07,0.5,NO2,,0.008,mg N/L,2022 Hidrochemija_KM_patikrinta_2023-03-30_1061.xls,nitritų azotas,mg/l N
3,11,Strait,2022-12-07,9,NO2,,0.008,mg N/L,2022 Hidrochemija_KM_patikrinta_2023-03-30_1061.xls,nitritų azotas,mg/l N
3,11,Strait,2022-12-07,0.5,NO3,2,0.66,mg N/L,2022 Hidrochemija_KM_patikrinta_2023-03-30_1061.xls,nitratų azotas,mg/l N
3,11,Strait,2022-12-07,9,NO3,2,0.38,mg N/L,2022 Hidrochemija_KM_patikrinta_2023-03-30_1061.xls,nitratų azotas,mg/l N
3,11,Strait,2022-12-07,0.5,PO4,3,0.024,mg P/L,2022 Hidrochemija_KM_patikrinta_2023-03-30_1061.xls,fosfatų fosforas,mg/l P
3,11,Strait,2022-12-07,9,PO4,3,0.016,mg P/L,2022 Hidrochemija_KM_patikrinta_2023-03-30_1061.xls,fosfatų fosforas,mg/l P
3,11,Strait,2022-12-07,0.5,Si,17,3.28,mg Si/L,2022 Hidrochemija_KM_patikrinta_2023-03-30_1061.xls,silicis,mg/l
3,11,Strait,2022-12-07,9,Si,17,1.94,mg Si/L,2022 Hidrochemija_KM_patikrinta_2023-03-30_1061.xls,silicis,mg/l
3,11,Strait,2022-12-07,0.5,TN,40,1.1,mg N/L,2022 Hidrochemija_KM_patikrinta_2023-03-30_1061.xls,azotas bendras,mg/l
3,11,Strait,2022-12-07,9,TN,40,0.98,mg N/L,2022 Hidrochemija_KM_patikrinta_2023-03-30_1061.xls,azotas bendras,mg/l
3,11,Strait,2022-12-07,0.5,TP,39,0.062,mg P/L,2022 Hidrochemija_KM_patikrinta_2023-03-30_1061.xls,bendras fosforas,mg/l
3,11,Strait,2022-12-07,9,TP,39,0.1,mg P/L,2022 Hidrochemija_KM_patikrinta_2023-03-30_1061.xls,bendras fosforas,mg/l
3,11,Strait,2023-01-04,0.5,DIN,,0.733,mg N/L,2023_KM_BJ_Hidrochemija_patikrinta_2024-01-22.xls,azotas mineralinis,mg/l
3,11,Strait,2023-01-04,7.9,DIN,,0.752,mg N/L,2023_KM_BJ_Hidrochemija_patikrinta_2024-01-22.xls,azotas mineralinis,mg/l
3,11,Strait,2023-01-04,0.5,NH4,1,0.1,mg N/L,2023_KM_BJ_Hidrochemija_patikrinta_2024-01-22.xls,amonio azotas,mg/l N
3,11,Strait,2023-01-04,7.9,NH4,1,0.11,mg N/L,2023_KM_BJ_Hidrochemija_patikrinta_2024-01-22.xls,amonio azotas,mg/l N
3,11,Strait,2023-01-04,0.5,NO2,,0.013,mg N/L,2023_KM_BJ_Hidrochemija_patikrinta_2024-01-22.xls,nitritų azotas,mg/l N
3,11,Strait,2023-01-04,7.9,NO2,,0.012,mg N/L,2023_KM_BJ_Hidrochemija_patikrinta_2024-01-22.xls,nitritų azotas,mg/l N
3,11,Strait,2023-01-04,0.5,NO3,2,0.62,mg N/L,2023_KM_BJ_Hidrochemija_patikrinta_2024-01-22.xls,nitratų azotas,mg/l N
3,11,Strait,2023-01-04,7.9,NO3,2,0.63,mg N/L,2023_KM_BJ_Hidrochemija_patikrinta_2024-01-22.xls,nitratų azotas,mg/l N
3,11,Strait,2023-01-04,0.5,PO4,3,0.017,mg P/L,2023_KM_BJ_Hidrochemija_patikrinta_2024-01-22.xls,fosfatų fosforas,mg/l P
3,11,Strait,2023-01-04,7.9,PO4,3,0.039,mg P/L,2023_KM_BJ_Hidrochemija_patikrinta_2024-01-22.xls,fosfatų fosforas,mg/l P
3,11,Strait,2023-01-04,0.5,Si,17,2.44,mg Si/L,2023_KM_BJ_Hidrochemija_patikrinta_2024-01-22.xls,silicis,mg/l
3,11,Strait,2023-01-04,7.9,Si,17,2.42,mg Si/L,2023_KM_BJ_Hidrochemija_patikrinta_2024-01-22.xls,silicis,mg/l
3,11,Strait,2023-01-04,0.5,TN,40,1.4,mg N/L,2023_KM_BJ_Hidrochemija_patikrinta_2024-01-22.xls,azotas bendras,mg/l
3,11,Strait,2023-01-04,7.9,TN,40,1.2,mg N/L,2023_KM_BJ_Hidrochemija_patikrinta_2024-01-22.xls,azotas bendras,mg/l
3,11,Strait,2023-01-04,0.5,TP,39,0.078,mg P/L,2023_KM_BJ_Hidrochemija_patikrinta_2024-01-22.xls,bendras fosforas,mg/l
3,11,Strait,2023-01-04,7.9,TP,39,0.094,mg P/L,2023_KM_BJ_Hidrochemija_patikrinta_2024-01-22.xls,bendras fosforas,mg/l
3,11,Strait,2023-02-07,0.5,DIN,,3.552,mg N/L,2023_KM_BJ_Hidrochemija_patikrinta_2024-01-22.xls,azotas mineralinis,mg/l
3,11,Strait,2023-02-07,7.6,DIN,,3.745,mg N/L,2023_KM_BJ_Hidrochemija_patikrinta_2024-01-22.xls,azotas mineralinis,mg/l
3,11,Strait,2023-02-07,0.5,NH4,1,0.031,mg N/L,2023_KM_BJ_Hidrochemija_patikrinta_2024-01-22.xls,amonio azotas,mg/l N
3,11,Strait,2023-02-07,7.6,NH4,1,0.027,mg N/L,2023_KM_BJ_Hidrochemija_patikrinta_2024-01-22.xls,amonio azotas,mg/l N
3,11,Strait,2023-02-07,0.5,NO2,,0.021,mg N/L,2023_KM_BJ_Hidrochemija_patikrinta_2024-01-22.xls,nitritų azotas,mg/l N
3,11,Strait,2023-02-07,7.6,NO2,,0.018,mg N/L,2023_KM_BJ_Hidrochemija_patikrinta_2024-01-22.xls,nitritų azotas,mg/l N
3,11,Strait,2023-02-07,0.5,NO3,2,3.5,mg N/L,2023_KM_BJ_Hidrochemija_patikrinta_2024-01-22.xls,nitratų azotas,mg/l N
3,11,Strait,2023-02-07,7.6,NO3,2,3.7,mg N/L,2023_KM_BJ_Hidrochemija_patikrinta_2024-01-22.xls,nitratų azotas,mg/l N
3,11,Strait,2023-02-07,0.5,PO4,3,0.022,mg P/L,2023_KM_BJ_Hidrochemija_patikrinta_2024-01-22.xls,fosfatų fosforas,mg/l P
3,11,Strait,2023-02-07,7.6,PO4,3,0.016,mg P/L,2023_KM_BJ_Hidrochemija_patikrinta_2024-01-22.xls,fosfatų fosforas,mg/l P
3,11,Strait,2023-02-07,0.5,Si,17,2.72,mg Si/L,2023_KM_BJ_Hidrochemija_patikrinta_2024-01-22.xls,silicis,mg/l
3,11,Strait,2023-02-07,7.6,Si,17,3.09,mg Si/L,2023_KM_BJ_Hidrochemija_patikrinta_2024-01-22.xls,silicis,mg/l
3,11,Strait,2023-02-07,0.5,TN,40,3.8,mg N/L,2023_KM_BJ_Hidrochemija_patikrinta_2024-01-22.xls,azotas bendras,mg/l
3,11,Strait,2023-02-07,7.6,TN,40,3.7,mg N/L,2023_KM_BJ_Hidrochemija_patikrinta_2024-01-22.xls,azotas bendras,mg/l
3,11,Strait,2023-02-07,0.5,TP,39,0.068,mg P/L,2023_KM_BJ_Hidrochemija_patikrinta_2024-01-22.xls,bendras fosforas,mg/l
3,11,Strait,2023-02-07,7.6,TP,39,0.063,mg P/L,2023_KM_BJ_Hidrochemija_patikrinta_2024-01-22.xls,bendras fosforas,mg/l
3,11,Strait,2023-04-04,0.5,DIN,,2.235,mg N/L,2023_KM_BJ_Hidrochemija_patikrinta_2024-01-22.xls,azotas mineralinis,mg/l
3,11,Strait,2023-04-04,5.4,DIN,,2.537,mg N/L,2023_KM_BJ_Hidrochemija_patikrinta_2024-01-22.xls,azotas mineralinis,mg/l
3,11,Strait,2023-04-04,0.5,NH4,1,0.027,mg N/L,2023_KM_BJ_Hidrochemija_patikrinta_2024-01-22.xls,amonio azotas,mg/l N
3,11,Strait,2023-04-04,5.4,NH4,1,0.029,mg N/L,2023_KM_BJ_Hidrochemija_patikrinta_2024-01-22.xls,amonio azotas,mg/l N
3,11,Strait,2023-04-04,0.5,NO2,,0.008,mg N/L,2023_KM_BJ_Hidrochemija_patikrinta_2024-01-22.xls,nitritų azotas,mg/l N
3,11,Strait,2023-04-04,5.4,NO2,,0.008,mg N/L,2023_KM_BJ_Hidrochemija_patikrinta_2024-01-22.xls,nitritų azotas,mg/l N
3,11,Strait,2023-04-04,0.5,NO3,2,2.2,mg N/L,2023_KM_BJ_Hidrochemija_patikrinta_2024-01-22.xls,nitratų azotas,mg/l N
3,11,Strait,2023-04-04,5.4,NO3,2,2.5,mg N/L,2023_KM_BJ_Hidrochemija_patikrinta_2024-01-22.xls,nitratų azotas,mg/l N
3,11,Strait,2023-04-04,0.5,PO4,3,0.006,mg P/L,2023_KM_BJ_Hidrochemija_patikrinta_2024-01-22.xls,fosfatų fosforas,mg/l P
3,11,Strait,2023-04-04,5.4,PO4,3,0.006,mg P/L,2023_KM_BJ_Hidrochemija_patikrinta_2024-01-22.xls,fosfatų fosforas,mg/l P
3,11,Strait,2023-04-04,0.5,Si,17,1.92,mg Si/L,2023_KM_BJ_Hidrochemija_patikrinta_2024-01-22.xls,silicis,mg/l
3,11,Strait,2023-04-04,5.4,Si,17,1.06,mg Si/L,2023_KM_BJ_Hidrochemija_patikrinta_2024-01-22.xls,silicis,mg/l
3,11,Strait,2023-04-04,0.5,TN,40,3.0,mg N/L,2023_KM_BJ_Hidrochemija_patikrinta_2024-01-22.xls,azotas bendras,mg/l
3,11,Strait,2023-04-04,5.4,TN,40,3.0,mg N/L,2023_KM_BJ_Hidrochemija_patikrinta_2024-01-22.xls,azotas bendras,mg/l
3,11,Strait,2023-04-04,0.5,TP,39,0.061,mg P/L,2023_KM_BJ_Hidrochemija_patikrinta_2024-01-22.xls,bendras fosforas,mg/l
3,11,Strait,2023-04-04,5.4,TP,39,0.064,mg P/L,2023_KM_BJ_Hidrochemija_patikrinta_2024-01-22.xls,bendras fosforas,mg/l
3,11,Strait,2023-04-21,0.5,BOD7,,3.8,mg O2/L,2023_KM_BJ_Hidrochemija_patikrinta_2024-01-22.xls,biocheminis deguonies suva,mg/l O2
3,11,Strait,2023-04-21,9.2,BOD7,,4.1,mg O2/L,2023_KM_BJ_Hidrochemija_patikrinta_2024-01-22.xls,biocheminis deguonies suva,mg/l O2
3,11,Strait,2023-04-21,Paviršinis sluoksnis,CHLA,59,38.07,ug/L,Chlorofilas_a_KM_BJ_2023_patikrinta_2024-01-29.xls,chlorofilas a,µg/l
3,11,Strait,2023-04-21,0.5,DIN,,1.741,mg N/L,2023_KM_BJ_Hidrochemija_patikrinta_2024-01-22.xls,azotas mineralinis,mg/l
3,11,Strait,2023-04-21,9.2,DIN,,1.339,mg N/L,2023_KM_BJ_Hidrochemija_patikrinta_2024-01-22.xls,azotas mineralinis,mg/l
3,11,Strait,2023-04-21,0.5,NH4,1,0.032,mg N/L,2023_KM_BJ_Hidrochemija_patikrinta_2024-01-22.xls,amonio azotas,mg/l N
3,11,Strait,2023-04-21,9.2,NH4,1,0.031,mg N/L,2023_KM_BJ_Hidrochemija_patikrinta_2024-01-22.xls,amonio azotas,mg/l N
3,11,Strait,2023-04-21,0.5,NO2,,0.009,mg N/L,2023_KM_BJ_Hidrochemija_patikrinta_2024-01-22.xls,nitritų azotas,mg/l N
3,11,Strait,2023-04-21,9.2,NO2,,0.008,mg N/L,2023_KM_BJ_Hidrochemija_patikrinta_2024-01-22.xls,nitritų azotas,mg/l N
3,11,Strait,2023-04-21,0.5,NO3,2,1.7,mg N/L,2023_KM_BJ_Hidrochemija_patikrinta_2024-01-22.xls,nitratų azotas,mg/l N
3,11,Strait,2023-04-21,9.2,NO3,2,1.3,mg N/L,2023_KM_BJ_Hidrochemija_patikrinta_2024-01-22.xls,nitratų azotas,mg/l N
3,11,Strait,2023-04-21,0.5,PO4,3,0.006,mg P/L,2023_KM_BJ_Hidrochemija_patikrinta_2024-01-22.xls,fosfatų fosforas,mg/l P
3,11,Strait,2023-04-21,9.2,PO4,3,0.006,mg P/L,2023_KM_BJ_Hidrochemija_patikrinta_2024-01-22.xls,fosfatų fosforas,mg/l P
3,11,Strait,2023-04-21,0.5,Si,17,0.33,mg Si/L,2023_KM_BJ_Hidrochemija_patikrinta_2024-01-22.xls,silicis,mg/l
3,11,Strait,2023-04-21,9.2,Si,17,0.43,mg Si/L,2023_KM_BJ_Hidrochemija_patikrinta_2024-01-22.xls,silicis,mg/l
3,11,Strait,2023-04-21,0.5,TN,40,2.3,mg N/L,2023_KM_BJ_Hidrochemija_patikrinta_2024-01-22.xls,azotas bendras,mg/l
3,11,Strait,2023-04-21,9.2,TN,40,2.1,mg N/L,2023_KM_BJ_Hidrochemija_patikrinta_2024-01-22.xls,azotas bendras,mg/l
3,11,Strait,2023-04-21,0.5,TP,39,0.044,mg P/L,2023_KM_BJ_Hidrochemija_patikrinta_2024-01-22.xls,bendras fosforas,mg/l
3,11,Strait,2023-04-21,9.2,TP,39,0.047,mg P/L,2023_KM_BJ_Hidrochemija_patikrinta_2024-01-22.xls,bendras fosforas,mg/l
3,11,Strait,2023-04-21,0.5,TSS,,18.0,mg/L,2023_KM_BJ_Hidrochemija_patikrinta_2024-01-22.xls,suspenduotos (skendinčios),mg/l
3,11,Strait,2023-04-21,9.2,TSS,,21.0,mg/L,2023_KM_BJ_Hidrochemija_patikrinta_2024-01-22.xls,suspenduotos (skendinčios),mg/l
3,11,Strait,2023-05-25,0.5,BOD7,,2.5,mg O2/L,2023_KM_BJ_Hidrochemija_patikrinta_2024-01-22.xls,biocheminis deguonies suva,mg/l O2
3,11,Strait,2023-05-25,6.5,BOD7,,1.7,mg O2/L,2023_KM_BJ_Hidrochemija_patikrinta_2024-01-22.xls,biocheminis deguonies suva,mg/l O2
3,11,Strait,2023-05-25,Paviršinis sluoksnis,CHLA,59,7.35,ug/L,Chlorofilas_a_KM_BJ_2023_patikrinta_2024-01-29.xls,chlorofilas a,µg/l
3,11,Strait,2023-05-25,0.5,DIN,,0.562,mg N/L,2023_KM_BJ_Hidrochemija_patikrinta_2024-01-22.xls,azotas mineralinis,mg/l
3,11,Strait,2023-05-25,6.5,DIN,,0.48,mg N/L,2023_KM_BJ_Hidrochemija_patikrinta_2024-01-22.xls,azotas mineralinis,mg/l
3,11,Strait,2023-05-25,0.5,NH4,1,0.042,mg N/L,2023_KM_BJ_Hidrochemija_patikrinta_2024-01-22.xls,amonio azotas,mg/l N
3,11,Strait,2023-05-25,6.5,NH4,1,0.12,mg N/L,2023_KM_BJ_Hidrochemija_patikrinta_2024-01-22.xls,amonio azotas,mg/l N
3,11,Strait,2023-05-25,0.5,NO2,,0.01,mg N/L,2023_KM_BJ_Hidrochemija_patikrinta_2024-01-22.xls,nitritų azotas,mg/l N
3,11,Strait,2023-05-25,6.5,NO2,,0.01,mg N/L,2023_KM_BJ_Hidrochemija_patikrinta_2024-01-22.xls,nitritų azotas,mg/l N
3,11,Strait,2023-05-25,0.5,NO3,2,0.51,mg N/L,2023_KM_BJ_Hidrochemija_patikrinta_2024-01-22.xls,nitratų azotas,mg/l N
3,11,Strait,2023-05-25,6.5,NO3,2,0.35,mg N/L,2023_KM_BJ_Hidrochemija_patikrinta_2024-01-22.xls,nitratų azotas,mg/l N
3,11,Strait,2023-05-25,0.5,PO4,3,0.006,mg P/L,2023_KM_BJ_Hidrochemija_patikrinta_2024-01-22.xls,fosfatų fosforas,mg/l P
3,11,Strait,2023-05-25,6.5,PO4,3,0.006,mg P/L,2023_KM_BJ_Hidrochemija_patikrinta_2024-01-22.xls,fosfatų fosforas,mg/l P
3,11,Strait,2023-05-25,0.5,Si,17,0.23,mg Si/L,2023_KM_BJ_Hidrochemija_patikrinta_2024-01-22.xls,silicis,mg/l
3,11,Strait,2023-05-25,6.5,Si,17,0.38,mg Si/L,2023_KM_BJ_Hidrochemija_patikrinta_2024-01-22.xls,silicis,mg/l
3,11,Strait,2023-05-25,0.5,TN,40,1.3,mg N/L,2023_KM_BJ_Hidrochemija_patikrinta_2024-01-22.xls,azotas bendras,mg/l
3,11,Strait,2023-05-25,6.5,TN,40,1.2,mg N/L,2023_KM_BJ_Hidrochemija_patikrinta_2024-01-22.xls,azotas bendras,mg/l
3,11,Strait,2023-05-25,0.5,TP,39,0.041,mg P/L,2023_KM_BJ_Hidrochemija_patikrinta_2024-01-22.xls,bendras fosforas,mg/l
3,11,Strait,2023-05-25,6.5,TP,39,0.038,mg P/L,2023_KM_BJ_Hidrochemija_patikrinta_2024-01-22.xls,bendras fosforas,mg/l
3,11,Strait,2023-05-25,0.5,TSS,,7.9,mg/L,2023_KM_BJ_Hidrochemija_patikrinta_2024-01-22.xls,suspenduotos (skendinčios),mg/l
3,11,Strait,2023-05-25,6.5,TSS,,8.4,mg/L,2023_KM_BJ_Hidrochemija_patikrinta_2024-01-22.xls,suspenduotos (skendinčios),mg/l
3,11,Strait,2023-06-16,0.5,BOD7,,4.0,mg O2/L,2023_KM_BJ_Hidrochemija_patikrinta_2024-01-22.xls,biocheminis deguonies suva,mg/l O2
3,11,Strait,2023-06-16,8.9,BOD7,,1.6,mg O2/L,2023_KM_BJ_Hidrochemija_patikrinta_2024-01-22.xls,biocheminis deguonies suva,mg/l O2
3,11,Strait,2023-06-16,Paviršinis sluoksnis,CHLA,59,19.76,ug/L,Chlorofilas_a_KM_BJ_2023_patikrinta_2024-01-29.xls,chlorofilas a,µg/l
3,11,Strait,2023-06-16,0.5,DIN,,0.117,mg N/L,2023_KM_BJ_Hidrochemija_patikrinta_2024-01-22.xls,azotas mineralinis,mg/l
3,11,Strait,2023-06-16,8.9,DIN,,0.241,mg N/L,2023_KM_BJ_Hidrochemija_patikrinta_2024-01-22.xls,azotas mineralinis,mg/l
3,11,Strait,2023-06-16,0.5,NH4,1,0.081,mg N/L,2023_KM_BJ_Hidrochemija_patikrinta_2024-01-22.xls,amonio azotas,mg/l N
3,11,Strait,2023-06-16,8.9,NH4,1,0.19,mg N/L,2023_KM_BJ_Hidrochemija_patikrinta_2024-01-22.xls,amonio azotas,mg/l N
3,11,Strait,2023-06-16,0.5,NO2,,0.002,mg N/L,2023_KM_BJ_Hidrochemija_patikrinta_2024-01-22.xls,nitritų azotas,mg/l N
3,11,Strait,2023-06-16,8.9,NO2,,0.006,mg N/L,2023_KM_BJ_Hidrochemija_patikrinta_2024-01-22.xls,nitritų azotas,mg/l N
3,11,Strait,2023-06-16,0.5,NO3,2,0.034,mg N/L,2023_KM_BJ_Hidrochemija_patikrinta_2024-01-22.xls,nitratų azotas,mg/l N
3,11,Strait,2023-06-16,8.9,NO3,2,0.045,mg N/L,2023_KM_BJ_Hidrochemija_patikrinta_2024-01-22.xls,nitratų azotas,mg/l N
3,11,Strait,2023-06-16,0.5,PO4,3,0.006,mg P/L,2023_KM_BJ_Hidrochemija_patikrinta_2024-01-22.xls,fosfatų fosforas,mg/l P
3,11,Strait,2023-06-16,8.9,PO4,3,0.006,mg P/L,2023_KM_BJ_Hidrochemija_patikrinta_2024-01-22.xls,fosfatų fosforas,mg/l P
3,11,Strait,2023-06-16,0.5,Si,17,0.91,mg Si/L,2023_KM_BJ_Hidrochemija_patikrinta_2024-01-22.xls,silicis,mg/l
3,11,Strait,2023-06-16,8.9,Si,17,0.4,mg Si/L,2023_KM_BJ_Hidrochemija_patikrinta_2024-01-22.xls,silicis,mg/l
3,11,Strait,2023-06-16,0.5,TN,40,0.86,mg N/L,2023_KM_BJ_Hidrochemija_patikrinta_2024-01-22.xls,azotas bendras,mg/l
3,11,Strait,2023-06-16,8.9,TN,40,1.2,mg N/L,2023_KM_BJ_Hidrochemija_patikrinta_2024-01-22.xls,azotas bendras,mg/l
3,11,Strait,2023-06-16,0.5,TP,39,0.075,mg P/L,2023_KM_BJ_Hidrochemija_patikrinta_2024-01-22.xls,bendras fosforas,mg/l
3,11,Strait,2023-06-16,8.9,TP,39,0.056,mg P/L,2023_KM_BJ_Hidrochemija_patikrinta_2024-01-22.xls,bendras fosforas,mg/l
3,11,Strait,2023-06-16,0.5,TSS,,24.0,mg/L,2023_KM_BJ_Hidrochemija_patikrinta_2024-01-22.xls,suspenduotos (skendinčios),mg/l
3,11,Strait,2023-06-16,8.9,TSS,,17.0,mg/L,2023_KM_BJ_Hidrochemija_patikrinta_2024-01-22.xls,suspenduotos (skendinčios),mg/l
3,11,Strait,2023-07-13,0.5,BOD7,,2.7,mg O2/L,2023_KM_BJ_Hidrochemija_patikrinta_2024-01-22.xls,biocheminis deguonies suva,mg/l O2
3,11,Strait,2023-07-13,9,BOD7,,2.4,mg O2/L,2023_KM_BJ_Hidrochemija_patikrinta_2024-01-22.xls,biocheminis deguonies suva,mg/l O2
3,11,Strait,2023-07-13,Paviršinis sluoksnis,CHLA,59,14.61,ug/L,Chlorofilas_a_KM_BJ_2023_patikrinta_2024-01-29.xls,chlorofilas a,µg/l
3,11,Strait,2023-07-13,0.5,DIN,,0.023,mg N/L,2023_KM_BJ_Hidrochemija_patikrinta_2024-01-22.xls,azotas mineralinis,mg/l
3,11,Strait,2023-07-13,9,DIN,,0.023,mg N/L,2023_KM_BJ_Hidrochemija_patikrinta_2024-01-22.xls,azotas mineralinis,mg/l
3,11,Strait,2023-07-13,0.5,NH4,1,0.02,mg N/L,2023_KM_BJ_Hidrochemija_patikrinta_2024-01-22.xls,amonio azotas,mg/l N
3,11,Strait,2023-07-13,9,NH4,1,0.02,mg N/L,2023_KM_BJ_Hidrochemija_patikrinta_2024-01-22.xls,amonio azotas,mg/l N
3,11,Strait,2023-07-13,0.5,NO2,,0.001,mg N/L,2023_KM_BJ_Hidrochemija_patikrinta_2024-01-22.xls,nitritų azotas,mg/l N
3,11,Strait,2023-07-13,9,NO2,,0.001,mg N/L,2023_KM_BJ_Hidrochemija_patikrinta_2024-01-22.xls,nitritų azotas,mg/l N
3,11,Strait,2023-07-13,0.5,NO3,2,0.002,mg N/L,2023_KM_BJ_Hidrochemija_patikrinta_2024-01-22.xls,nitratų azotas,mg/l N
3,11,Strait,2023-07-13,9,NO3,2,0.002,mg N/L,2023_KM_BJ_Hidrochemija_patikrinta_2024-01-22.xls,nitratų azotas,mg/l N
3,11,Strait,2023-07-13,0.5,PO4,3,0.006,mg P/L,2023_KM_BJ_Hidrochemija_patikrinta_2024-01-22.xls,fosfatų fosforas,mg/l P
3,11,Strait,2023-07-13,9,PO4,3,0.006,mg P/L,2023_KM_BJ_Hidrochemija_patikrinta_2024-01-22.xls,fosfatų fosforas,mg/l P
3,11,Strait,2023-07-13,0.5,Si,17,0.52,mg Si/L,2023_KM_BJ_Hidrochemija_patikrinta_2024-01-22.xls,silicis,mg/l
3,11,Strait,2023-07-13,9,Si,17,0.59,mg Si/L,2023_KM_BJ_Hidrochemija_patikrinta_2024-01-22.xls,silicis,mg/l
3,11,Strait,2023-07-13,0.5,TN,40,0.88,mg N/L,2023_KM_BJ_Hidrochemija_patikrinta_2024-01-22.xls,azotas bendras,mg/l
3,11,Strait,2023-07-13,9,TN,40,0.7,mg N/L,2023_KM_BJ_Hidrochemija_patikrinta_2024-01-22.xls,azotas bendras,mg/l
3,11,Strait,2023-07-13,0.5,TP,39,0.047,mg P/L,2023_KM_BJ_Hidrochemija_patikrinta_2024-01-22.xls,bendras fosforas,mg/l
3,11,Strait,2023-07-13,9,TP,39,0.049,mg P/L,2023_KM_BJ_Hidrochemija_patikrinta_2024-01-22.xls,bendras fosforas,mg/l
3,11,Strait,2023-07-13,0.5,TSS,,13.0,mg/L,2023_KM_BJ_Hidrochemija_patikrinta_2024-01-22.xls,suspenduotos (skendinčios),mg/l
3,11,Strait,2023-07-13,9,TSS,,15.0,mg/L,2023_KM_BJ_Hidrochemija_patikrinta_2024-01-22.xls,suspenduotos (skendinčios),mg/l
3,11,Strait,2023-07-25,Paviršinis sluoksnis,CHLA,59,18.67,ug/L,Chlorofilas_a_KM_BJ_2023_patikrinta_2024-01-29.xls,chlorofilas a,µg/l
3,11,Strait,2023-07-25,0.5,DIN,,0.028,mg N/L,2023_KM_BJ_Hidrochemija_patikrinta_2024-01-22.xls,azotas mineralinis,mg/l
3,11,Strait,2023-07-25,9.1,DIN,,0.027,mg N/L,2023_KM_BJ_Hidrochemija_patikrinta_2024-01-22.xls,azotas mineralinis,mg/l
3,11,Strait,2023-07-25,0.5,NH4,1,0.025,mg N/L,2023_KM_BJ_Hidrochemija_patikrinta_2024-01-22.xls,amonio azotas,mg/l N
3,11,Strait,2023-07-25,9.1,NH4,1,0.024,mg N/L,2023_KM_BJ_Hidrochemija_patikrinta_2024-01-22.xls,amonio azotas,mg/l N
3,11,Strait,2023-07-25,0.5,NO2,,0.001,mg N/L,2023_KM_BJ_Hidrochemija_patikrinta_2024-01-22.xls,nitritų azotas,mg/l N
3,11,Strait,2023-07-25,9.1,NO2,,0.001,mg N/L,2023_KM_BJ_Hidrochemija_patikrinta_2024-01-22.xls,nitritų azotas,mg/l N
3,11,Strait,2023-07-25,0.5,NO3,2,0.002,mg N/L,2023_KM_BJ_Hidrochemija_patikrinta_2024-01-22.xls,nitratų azotas,mg/l N
3,11,Strait,2023-07-25,9.1,NO3,2,0.002,mg N/L,2023_KM_BJ_Hidrochemija_patikrinta_2024-01-22.xls,nitratų azotas,mg/l N
3,11,Strait,2023-07-25,0.5,PO4,3,0.006,mg P/L,2023_KM_BJ_Hidrochemija_patikrinta_2024-01-22.xls,fosfatų fosforas,mg/l P
3,11,Strait,2023-07-25,9.1,PO4,3,0.015,mg P/L,2023_KM_BJ_Hidrochemija_patikrinta_2024-01-22.xls,fosfatų fosforas,mg/l P
3,11,Strait,2023-07-25,0.5,Si,17,0.65,mg Si/L,2023_KM_BJ_Hidrochemija_patikrinta_2024-01-22.xls,silicis,mg/l
3,11,Strait,2023-07-25,9.1,Si,17,0.54,mg Si/L,2023_KM_BJ_Hidrochemija_patikrinta_2024-01-22.xls,silicis,mg/l
3,11,Strait,2023-07-25,0.5,TN,40,0.77,mg N/L,2023_KM_BJ_Hidrochemija_patikrinta_2024-01-22.xls,azotas bendras,mg/l
3,11,Strait,2023-07-25,9.1,TN,40,0.8,mg N/L,2023_KM_BJ_Hidrochemija_patikrinta_2024-01-22.xls,azotas bendras,mg/l
3,11,Strait,2023-07-25,0.5,TP,39,0.044,mg P/L,2023_KM_BJ_Hidrochemija_patikrinta_2024-01-22.xls,bendras fosforas,mg/l
3,11,Strait,2023-07-25,9.1,TP,39,0.068,mg P/L,2023_KM_BJ_Hidrochemija_patikrinta_2024-01-22.xls,bendras fosforas,mg/l
3,11,Strait,2023-08-14,0.5,BOD7,,2.7,mg O2/L,2023_KM_BJ_Hidrochemija_patikrinta_2024-01-22.xls,biocheminis deguonies suva,mg/l O2
3,11,Strait,2023-08-14,8.9,BOD7,,1.6,mg O2/L,2023_KM_BJ_Hidrochemija_patikrinta_2024-01-22.xls,biocheminis deguonies suva,mg/l O2
3,11,Strait,2023-08-14,Paviršinis sluoksnis,CHLA,59,15.64,ug/L,Chlorofilas_a_KM_BJ_2023_patikrinta_2024-01-29.xls,chlorofilas a,µg/l
3,11,Strait,2023-08-14,0.5,DIN,,0.028,mg N/L,2023_KM_BJ_Hidrochemija_patikrinta_2024-01-22.xls,azotas mineralinis,mg/l
3,11,Strait,2023-08-14,8.9,DIN,,0.023,mg N/L,2023_KM_BJ_Hidrochemija_patikrinta_2024-01-22.xls,azotas mineralinis,mg/l
3,11,Strait,2023-08-14,0.5,NH4,1,0.02,mg N/L,2023_KM_BJ_Hidrochemija_patikrinta_2024-01-22.xls,amonio azotas,mg/l N
3,11,Strait,2023-08-14,8.9,NH4,1,0.02,mg N/L,2023_KM_BJ_Hidrochemija_patikrinta_2024-01-22.xls,amonio azotas,mg/l N
3,11,Strait,2023-08-14,0.5,NO2,,0.002,mg N/L,2023_KM_BJ_Hidrochemija_patikrinta_2024-01-22.xls,nitritų azotas,mg/l N
3,11,Strait,2023-08-14,8.9,NO2,,0.001,mg N/L,2023_KM_BJ_Hidrochemija_patikrinta_2024-01-22.xls,nitritų azotas,mg/l N
3,11,Strait,2023-08-14,0.5,NO3,2,0.006,mg N/L,2023_KM_BJ_Hidrochemija_patikrinta_2024-01-22.xls,nitratų azotas,mg/l N
3,11,Strait,2023-08-14,8.9,NO3,2,0.002,mg N/L,2023_KM_BJ_Hidrochemija_patikrinta_2024-01-22.xls,nitratų azotas,mg/l N
3,11,Strait,2023-08-14,0.5,PO4,3,0.006,mg P/L,2023_KM_BJ_Hidrochemija_patikrinta_2024-01-22.xls,fosfatų fosforas,mg/l P
3,11,Strait,2023-08-14,8.9,PO4,3,0.006,mg P/L,2023_KM_BJ_Hidrochemija_patikrinta_2024-01-22.xls,fosfatų fosforas,mg/l P
3,11,Strait,2023-08-14,0.5,Si,17,0.21,mg Si/L,2023_KM_BJ_Hidrochemija_patikrinta_2024-01-22.xls,silicis,mg/l
3,11,Strait,2023-08-14,8.9,Si,17,0.26,mg Si/L,2023_KM_BJ_Hidrochemija_patikrinta_2024-01-22.xls,silicis,mg/l
3,11,Strait,2023-08-14,0.5,TN,40,0.66,mg N/L,2023_KM_BJ_Hidrochemija_patikrinta_2024-01-22.xls,azotas bendras,mg/l
3,11,Strait,2023-08-14,8.9,TN,40,0.52,mg N/L,2023_KM_BJ_Hidrochemija_patikrinta_2024-01-22.xls,azotas bendras,mg/l
3,11,Strait,2023-08-14,0.5,TP,39,0.04,mg P/L,2023_KM_BJ_Hidrochemija_patikrinta_2024-01-22.xls,bendras fosforas,mg/l
3,11,Strait,2023-08-14,8.9,TP,39,0.043,mg P/L,2023_KM_BJ_Hidrochemija_patikrinta_2024-01-22.xls,bendras fosforas,mg/l
3,11,Strait,2023-08-14,0.5,TSS,,9.1,mg/L,2023_KM_BJ_Hidrochemija_patikrinta_2024-01-22.xls,suspenduotos (skendinčios),mg/l
3,11,Strait,2023-08-14,8.9,TSS,,14.0,mg/L,2023_KM_BJ_Hidrochemija_patikrinta_2024-01-22.xls,suspenduotos (skendinčios),mg/l
3,11,Strait,2023-09-25,0.5,BOD7,,1.3,mg O2/L,2023_KM_BJ_Hidrochemija_patikrinta_2024-01-22.xls,biocheminis deguonies suva,mg/l O2
3,11,Strait,2023-09-25,9,BOD7,,1.0,mg O2/L,2023_KM_BJ_Hidrochemija_patikrinta_2024-01-22.xls,biocheminis deguonies suva,mg/l O2
3,11,Strait,2023-09-25,Paviršinis sluoksnis,CHLA,59,11.08,ug/L,Chlorofilas_a_KM_BJ_2023_patikrinta_2024-01-29.xls,chlorofilas a,µg/l
3,11,Strait,2023-09-25,0.5,DIN,,0.065,mg N/L,2023_KM_BJ_Hidrochemija_patikrinta_2024-01-22.xls,azotas mineralinis,mg/l
3,11,Strait,2023-09-25,9,DIN,,0.073,mg N/L,2023_KM_BJ_Hidrochemija_patikrinta_2024-01-22.xls,azotas mineralinis,mg/l
3,11,Strait,2023-09-25,0.5,NH4,1,0.053,mg N/L,2023_KM_BJ_Hidrochemija_patikrinta_2024-01-22.xls,amonio azotas,mg/l N
3,11,Strait,2023-09-25,9,NH4,1,0.054,mg N/L,2023_KM_BJ_Hidrochemija_patikrinta_2024-01-22.xls,amonio azotas,mg/l N
3,11,Strait,2023-09-25,0.5,NO2,,0.004,mg N/L,2023_KM_BJ_Hidrochemija_patikrinta_2024-01-22.xls,nitritų azotas,mg/l N
3,11,Strait,2023-09-25,9,NO2,,0.001,mg N/L,2023_KM_BJ_Hidrochemija_patikrinta_2024-01-22.xls,nitritų azotas,mg/l N
3,11,Strait,2023-09-25,0.5,NO3,2,0.008,mg N/L,2023_KM_BJ_Hidrochemija_patikrinta_2024-01-22.xls,nitratų azotas,mg/l N
3,11,Strait,2023-09-25,9,NO3,2,0.018,mg N/L,2023_KM_BJ_Hidrochemija_patikrinta_2024-01-22.xls,nitratų azotas,mg/l N
3,11,Strait,2023-09-25,0.5,PO4,3,0.006,mg P/L,2023_KM_BJ_Hidrochemija_patikrinta_2024-01-22.xls,fosfatų fosforas,mg/l P
3,11,Strait,2023-09-25,9,PO4,3,0.006,mg P/L,2023_KM_BJ_Hidrochemija_patikrinta_2024-01-22.xls,fosfatų fosforas,mg/l P
3,11,Strait,2023-09-25,0.5,Si,17,0.67,mg Si/L,2023_KM_BJ_Hidrochemija_patikrinta_2024-01-22.xls,silicis,mg/l
3,11,Strait,2023-09-25,9,Si,17,0.26,mg Si/L,2023_KM_BJ_Hidrochemija_patikrinta_2024-01-22.xls,silicis,mg/l
3,11,Strait,2023-09-25,0.5,TN,40,0.63,mg N/L,2023_KM_BJ_Hidrochemija_patikrinta_2024-01-22.xls,azotas bendras,mg/l
3,11,Strait,2023-09-25,9,TN,40,0.66,mg N/L,2023_KM_BJ_Hidrochemija_patikrinta_2024-01-22.xls,azotas bendras,mg/l
3,11,Strait,2023-09-25,0.5,TP,39,0.054,mg P/L,2023_KM_BJ_Hidrochemija_patikrinta_2024-01-22.xls,bendras fosforas,mg/l
3,11,Strait,2023-09-25,9,TP,39,0.037,mg P/L,2023_KM_BJ_Hidrochemija_patikrinta_2024-01-22.xls,bendras fosforas,mg/l
3,11,Strait,2023-09-25,0.5,TSS,,3.7,mg/L,2023_KM_BJ_Hidrochemija_patikrinta_2024-01-22.xls,suspenduotos (skendinčios),mg/l
3,11,Strait,2023-09-25,9,TSS,,3.7,mg/L,2023_KM_BJ_Hidrochemija_patikrinta_2024-01-22.xls,suspenduotos (skendinčios),mg/l
3,11,Strait,2023-10-16,0.5,BOD7,,0.88,mg O2/L,2023_KM_BJ_Hidrochemija_patikrinta_2024-01-22.xls,biocheminis deguonies suva,mg/l O2
3,11,Strait,2023-10-16,7,BOD7,,0.85,mg O2/L,2023_KM_BJ_Hidrochemija_patikrinta_2024-01-22.xls,biocheminis deguonies suva,mg/l O2
3,11,Strait,2023-10-16,Paviršinis sluoksnis,CHLA,59,6.22,ug/L,Chlorofilas_a_KM_BJ_2023_patikrinta_2024-01-29.xls,chlorofilas a,µg/l
3,11,Strait,2023-10-16,0.5,DIN,,0.134,mg N/L,2023_KM_BJ_Hidrochemija_patikrinta_2024-01-22.xls,azotas mineralinis,mg/l
3,11,Strait,2023-10-16,7,DIN,,0.121,mg N/L,2023_KM_BJ_Hidrochemija_patikrinta_2024-01-22.xls,azotas mineralinis,mg/l
3,11,Strait,2023-10-16,0.5,NH4,1,0.066,mg N/L,2023_KM_BJ_Hidrochemija_patikrinta_2024-01-22.xls,amonio azotas,mg/l N
3,11,Strait,2023-10-16,7,NH4,1,0.063,mg N/L,2023_KM_BJ_Hidrochemija_patikrinta_2024-01-22.xls,amonio azotas,mg/l N
3,11,Strait,2023-10-16,0.5,NO2,,0.006,mg N/L,2023_KM_BJ_Hidrochemija_patikrinta_2024-01-22.xls,nitritų azotas,mg/l N
3,11,Strait,2023-10-16,7,NO2,,0.006,mg N/L,2023_KM_BJ_Hidrochemija_patikrinta_2024-01-22.xls,nitritų azotas,mg/l N
3,11,Strait,2023-10-16,0.5,NO3,2,0.062,mg N/L,2023_KM_BJ_Hidrochemija_patikrinta_2024-01-22.xls,nitratų azotas,mg/l N
3,11,Strait,2023-10-16,7,NO3,2,0.052,mg N/L,2023_KM_BJ_Hidrochemija_patikrinta_2024-01-22.xls,nitratų azotas,mg/l N
3,11,Strait,2023-10-16,0.5,PO4,3,0.012,mg P/L,2023_KM_BJ_Hidrochemija_patikrinta_2024-01-22.xls,fosfatų fosforas,mg/l P
3,11,Strait,2023-10-16,7,PO4,3,0.01,mg P/L,2023_KM_BJ_Hidrochemija_patikrinta_2024-01-22.xls,fosfatų fosforas,mg/l P
3,11,Strait,2023-10-16,0.5,Si,17,0.48,mg Si/L,2023_KM_BJ_Hidrochemija_patikrinta_2024-01-22.xls,silicis,mg/l
3,11,Strait,2023-10-16,7,Si,17,0.26,mg Si/L,2023_KM_BJ_Hidrochemija_patikrinta_2024-01-22.xls,silicis,mg/l
3,11,Strait,2023-10-16,0.5,TN,40,0.53,mg N/L,2023_KM_BJ_Hidrochemija_patikrinta_2024-01-22.xls,azotas bendras,mg/l
3,11,Strait,2023-10-16,7,TN,40,0.54,mg N/L,2023_KM_BJ_Hidrochemija_patikrinta_2024-01-22.xls,azotas bendras,mg/l
3,11,Strait,2023-10-16,0.5,TP,39,0.04,mg P/L,2023_KM_BJ_Hidrochemija_patikrinta_2024-01-22.xls,bendras fosforas,mg/l
3,11,Strait,2023-10-16,7,TP,39,0.05,mg P/L,2023_KM_BJ_Hidrochemija_patikrinta_2024-01-22.xls,bendras fosforas,mg/l
3,11,Strait,2023-10-16,0.5,TSS,,11.0,mg/L,2023_KM_BJ_Hidrochemija_patikrinta_2024-01-22.xls,suspenduotos (skendinčios),mg/l
3,11,Strait,2023-10-16,7,TSS,,24.0,mg/L,2023_KM_BJ_Hidrochemija_patikrinta_2024-01-22.xls,suspenduotos (skendinčios),mg/l
3,11,Strait,2023-11-15,0.5,BOD7,,1.5,mg O2/L,2023_KM_BJ_Hidrochemija_patikrinta_2024-01-22.xls,biocheminis deguonies suva,mg/l O2
3,11,Strait,2023-11-15,8,BOD7,,1.5,mg O2/L,2023_KM_BJ_Hidrochemija_patikrinta_2024-01-22.xls,biocheminis deguonies suva,mg/l O2
3,11,Strait,2023-11-15,Paviršinis sluoksnis,CHLA,59,32.13,ug/L,Chlorofilas_a_KM_BJ_2023_patikrinta_2024-01-29.xls,chlorofilas a,µg/l
3,11,Strait,2023-11-15,0.5,DIN,,0.532,mg N/L,2023_KM_BJ_Hidrochemija_patikrinta_2024-01-22.xls,azotas mineralinis,mg/l
3,11,Strait,2023-11-15,8,DIN,,0.604,mg N/L,2023_KM_BJ_Hidrochemija_patikrinta_2024-01-22.xls,azotas mineralinis,mg/l
3,11,Strait,2023-11-15,0.5,NH4,1,0.027,mg N/L,2023_KM_BJ_Hidrochemija_patikrinta_2024-01-22.xls,amonio azotas,mg/l N
3,11,Strait,2023-11-15,8,NH4,1,0.047,mg N/L,2023_KM_BJ_Hidrochemija_patikrinta_2024-01-22.xls,amonio azotas,mg/l N
3,11,Strait,2023-11-15,0.5,NO2,,0.005,mg N/L,2023_KM_BJ_Hidrochemija_patikrinta_2024-01-22.xls,nitritų azotas,mg/l N
3,11,Strait,2023-11-15,8,NO2,,0.007,mg N/L,2023_KM_BJ_Hidrochemija_patikrinta_2024-01-22.xls,nitritų azotas,mg/l N
3,11,Strait,2023-11-15,0.5,NO3,2,0.5,mg N/L,2023_KM_BJ_Hidrochemija_patikrinta_2024-01-22.xls,nitratų azotas,mg/l N
3,11,Strait,2023-11-15,8,NO3,2,0.55,mg N/L,2023_KM_BJ_Hidrochemija_patikrinta_2024-01-22.xls,nitratų azotas,mg/l N
3,11,Strait,2023-11-15,0.5,PO4,3,0.006,mg P/L,2023_KM_BJ_Hidrochemija_patikrinta_2024-01-22.xls,fosfatų fosforas,mg/l P
3,11,Strait,2023-11-15,8,PO4,3,0.009,mg P/L,2023_KM_BJ_Hidrochemija_patikrinta_2024-01-22.xls,fosfatų fosforas,mg/l P
3,11,Strait,2023-11-15,0.5,Si,17,1.19,mg Si/L,2023_KM_BJ_Hidrochemija_patikrinta_2024-01-22.xls,silicis,mg/l
3,11,Strait,2023-11-15,8,Si,17,1.13,mg Si/L,2023_KM_BJ_Hidrochemija_patikrinta_2024-01-22.xls,silicis,mg/l
3,11,Strait,2023-11-15,0.5,TN,40,1.2,mg N/L,2023_KM_BJ_Hidrochemija_patikrinta_2024-01-22.xls,azotas bendras,mg/l
3,11,Strait,2023-11-15,8,TN,40,1.1,mg N/L,2023_KM_BJ_Hidrochemija_patikrinta_2024-01-22.xls,azotas bendras,mg/l
3,11,Strait,2023-11-15,0.5,TP,39,0.055,mg P/L,2023_KM_BJ_Hidrochemija_patikrinta_2024-01-22.xls,bendras fosforas,mg/l
3,11,Strait,2023-11-15,8,TP,39,0.061,mg P/L,2023_KM_BJ_Hidrochemija_patikrinta_2024-01-22.xls,bendras fosforas,mg/l
3,11,Strait,2023-11-15,0.5,TSS,,11.0,mg/L,2023_KM_BJ_Hidrochemija_patikrinta_2024-01-22.xls,suspenduotos (skendinčios),mg/l
3,11,Strait,2023-11-15,8,TSS,,13.0,mg/L,2023_KM_BJ_Hidrochemija_patikrinta_2024-01-22.xls,suspenduotos (skendinčios),mg/l
3A,11,Strait,2022-02-23,0.5,DIN,,3.607,mg N/L,2022 Hidrochemija_KM_patikrinta_2023-03-30_1061.xls,azotas mineralinis,mg/l
3A,11,Strait,2022-02-23,10,DIN,,3.21,mg N/L,2022 Hidrochemija_KM_patikrinta_2023-03-30_1061.xls,azotas mineralinis,mg/l
3A,11,Strait,2022-02-23,0.5,NH4,1,0.092,mg N/L,2022 Hidrochemija_KM_patikrinta_2023-03-30_1061.xls,amonio azotas,mg/l N
3A,11,Strait,2022-02-23,10,NH4,1,0.097,mg N/L,2022 Hidrochemija_KM_patikrinta_2023-03-30_1061.xls,amonio azotas,mg/l N
3A,11,Strait,2022-02-23,0.5,NO2,,0.015,mg N/L,2022 Hidrochemija_KM_patikrinta_2023-03-30_1061.xls,nitritų azotas,mg/l N
3A,11,Strait,2022-02-23,10,NO2,,0.013,mg N/L,2022 Hidrochemija_KM_patikrinta_2023-03-30_1061.xls,nitritų azotas,mg/l N
3A,11,Strait,2022-02-23,0.5,NO3,2,3.5,mg N/L,2022 Hidrochemija_KM_patikrinta_2023-03-30_1061.xls,nitratų azotas,mg/l N
3A,11,Strait,2022-02-23,10,NO3,2,3.1,mg N/L,2022 Hidrochemija_KM_patikrinta_2023-03-30_1061.xls,nitratų azotas,mg/l N
3A,11,Strait,2022-02-23,0.5,PO4,3,0.016,mg P/L,2022 Hidrochemija_KM_patikrinta_2023-03-30_1061.xls,fosfatų fosforas,mg/l P
3A,11,Strait,2022-02-23,10,PO4,3,0.018,mg P/L,2022 Hidrochemija_KM_patikrinta_2023-03-30_1061.xls,fosfatų fosforas,mg/l P
3A,11,Strait,2022-02-23,0.5,Si,17,3.48,mg Si/L,2022 Hidrochemija_KM_patikrinta_2023-03-30_1061.xls,silicis,mg/l
3A,11,Strait,2022-02-23,10,Si,17,3.31,mg Si/L,2022 Hidrochemija_KM_patikrinta_2023-03-30_1061.xls,silicis,mg/l
3A,11,Strait,2022-02-23,0.5,TN,40,3.9,mg N/L,2022 Hidrochemija_KM_patikrinta_2023-03-30_1061.xls,azotas bendras,mg/l
3A,11,Strait,2022-02-23,10,TN,40,3.4,mg N/L,2022 Hidrochemija_KM_patikrinta_2023-03-30_1061.xls,azotas bendras,mg/l
3A,11,Strait,2022-02-23,0.5,TP,39,0.062,mg P/L,2022 Hidrochemija_KM_patikrinta_2023-03-30_1061.xls,bendras fosforas,mg/l
3A,11,Strait,2022-02-23,10,TP,39,0.059,mg P/L,2022 Hidrochemija_KM_patikrinta_2023-03-30_1061.xls,bendras fosforas,mg/l
3A,11,Strait,2022-03-15,0.5,DIN,,3.201,mg N/L,2022 Hidrochemija_KM_patikrinta_2023-03-30_1061.xls,azotas mineralinis,mg/l
3A,11,Strait,2022-03-15,13.6,DIN,,3.199,mg N/L,2022 Hidrochemija_KM_patikrinta_2023-03-30_1061.xls,azotas mineralinis,mg/l
3A,11,Strait,2022-03-15,0.5,NH4,1,0.086,mg N/L,2022 Hidrochemija_KM_patikrinta_2023-03-30_1061.xls,amonio azotas,mg/l N
3A,11,Strait,2022-03-15,13.6,NH4,1,0.084,mg N/L,2022 Hidrochemija_KM_patikrinta_2023-03-30_1061.xls,amonio azotas,mg/l N
3A,11,Strait,2022-03-15,0.5,NO2,,0.015,mg N/L,2022 Hidrochemija_KM_patikrinta_2023-03-30_1061.xls,nitritų azotas,mg/l N
3A,11,Strait,2022-03-15,13.6,NO2,,0.015,mg N/L,2022 Hidrochemija_KM_patikrinta_2023-03-30_1061.xls,nitritų azotas,mg/l N
3A,11,Strait,2022-03-15,0.5,NO3,2,3.1,mg N/L,2022 Hidrochemija_KM_patikrinta_2023-03-30_1061.xls,nitratų azotas,mg/l N
3A,11,Strait,2022-03-15,13.6,NO3,2,3.1,mg N/L,2022 Hidrochemija_KM_patikrinta_2023-03-30_1061.xls,nitratų azotas,mg/l N
3A,11,Strait,2022-03-15,0.5,PO4,3,0.013,mg P/L,2022 Hidrochemija_KM_patikrinta_2023-03-30_1061.xls,fosfatų fosforas,mg/l P
3A,11,Strait,2022-03-15,13.6,PO4,3,0.014,mg P/L,2022 Hidrochemija_KM_patikrinta_2023-03-30_1061.xls,fosfatų fosforas,mg/l P
3A,11,Strait,2022-03-15,0.5,Si,17,2.56,mg Si/L,2022 Hidrochemija_KM_patikrinta_2023-03-30_1061.xls,silicis,mg/l
3A,11,Strait,2022-03-15,13.6,Si,17,2.84,mg Si/L,2022 Hidrochemija_KM_patikrinta_2023-03-30_1061.xls,silicis,mg/l
3A,11,Strait,2022-03-15,0.5,TN,40,3.5,mg N/L,2022 Hidrochemija_KM_patikrinta_2023-03-30_1061.xls,azotas bendras,mg/l
3A,11,Strait,2022-03-15,13.6,TN,40,3.5,mg N/L,2022 Hidrochemija_KM_patikrinta_2023-03-30_1061.xls,azotas bendras,mg/l
3A,11,Strait,2022-03-15,0.5,TP,39,0.051,mg P/L,2022 Hidrochemija_KM_patikrinta_2023-03-30_1061.xls,bendras fosforas,mg/l
3A,11,Strait,2022-03-15,13.6,TP,39,0.054,mg P/L,2022 Hidrochemija_KM_patikrinta_2023-03-30_1061.xls,bendras fosforas,mg/l
3A,11,Strait,2022-04-13,0.5,BOD7,,2.7,mg O2/L,2022 Hidrochemija_KM_patikrinta_2023-03-30_1061.xls,biocheminis deguonies suvartojimas per 7 paras,mg/l O2
3A,11,Strait,2022-04-13,14,BOD7,,2.5,mg O2/L,2022 Hidrochemija_KM_patikrinta_2023-03-30_1061.xls,biocheminis deguonies suvartojimas per 7 paras,mg/l O2
3A,11,Strait,2022-04-13,0.5,DIN,,0.394,mg N/L,2022 Hidrochemija_KM_patikrinta_2023-03-30_1061.xls,azotas mineralinis,mg/l
3A,11,Strait,2022-04-13,14,DIN,,0.074,mg N/L,2022 Hidrochemija_KM_patikrinta_2023-03-30_1061.xls,azotas mineralinis,mg/l
3A,11,Strait,2022-04-13,0.5,NH4,1,0.043,mg N/L,2022 Hidrochemija_KM_patikrinta_2023-03-30_1061.xls,amonio azotas,mg/l N
3A,11,Strait,2022-04-13,14,NH4,1,0.031,mg N/L,2022 Hidrochemija_KM_patikrinta_2023-03-30_1061.xls,amonio azotas,mg/l N
3A,11,Strait,2022-04-13,0.5,NO2,,0.001,mg N/L,2022 Hidrochemija_KM_patikrinta_2023-03-30_1061.xls,nitritų azotas,mg/l N
3A,11,Strait,2022-04-13,14,NO2,,0.001,mg N/L,2022 Hidrochemija_KM_patikrinta_2023-03-30_1061.xls,nitritų azotas,mg/l N
3A,11,Strait,2022-04-13,0.5,NO3,2,0.35,mg N/L,2022 Hidrochemija_KM_patikrinta_2023-03-30_1061.xls,nitratų azotas,mg/l N
3A,11,Strait,2022-04-13,14,NO3,2,0.042,mg N/L,2022 Hidrochemija_KM_patikrinta_2023-03-30_1061.xls,nitratų azotas,mg/l N
3A,11,Strait,2022-04-13,0.5,PO4,3,0.006,mg P/L,2022 Hidrochemija_KM_patikrinta_2023-03-30_1061.xls,fosfatų fosforas,mg/l P
3A,11,Strait,2022-04-13,14,PO4,3,0.006,mg P/L,2022 Hidrochemija_KM_patikrinta_2023-03-30_1061.xls,fosfatų fosforas,mg/l P
3A,11,Strait,2022-04-13,0.5,Si,17,0.43,mg Si/L,2022 Hidrochemija_KM_patikrinta_2023-03-30_1061.xls,silicis,mg/l
3A,11,Strait,2022-04-13,14,Si,17,0.5,mg Si/L,2022 Hidrochemija_KM_patikrinta_2023-03-30_1061.xls,silicis,mg/l
3A,11,Strait,2022-04-13,0.5,TN,40,0.74,mg N/L,2022 Hidrochemija_KM_patikrinta_2023-03-30_1061.xls,azotas bendras,mg/l
3A,11,Strait,2022-04-13,14,TN,40,0.4,mg N/L,2022 Hidrochemija_KM_patikrinta_2023-03-30_1061.xls,azotas bendras,mg/l
3A,11,Strait,2022-04-13,0.5,TP,39,0.031,mg P/L,2022 Hidrochemija_KM_patikrinta_2023-03-30_1061.xls,bendras fosforas,mg/l
3A,11,Strait,2022-04-13,14,TP,39,0.026,mg P/L,2022 Hidrochemija_KM_patikrinta_2023-03-30_1061.xls,bendras fosforas,mg/l
3A,11,Strait,2022-04-13,0.5,TSS,,7.6,mg/L,2022 Hidrochemija_KM_patikrinta_2023-03-30_1061.xls,suspenduotos (skendinčios) medžiagos,mg/l
3A,11,Strait,2022-04-13,14,TSS,,4.5,mg/L,2022 Hidrochemija_KM_patikrinta_2023-03-30_1061.xls,suspenduotos (skendinčios) medžiagos,mg/l
3A,11,Strait,2022-05-05,0.5,BOD7,,1.5,mg O2/L,2022 Hidrochemija_KM_patikrinta_2023-03-30_1061.xls,biocheminis deguonies suvartojimas per 7 paras,mg/l O2
3A,11,Strait,2022-05-05,13,BOD7,,1.3,mg O2/L,2022 Hidrochemija_KM_patikrinta_2023-03-30_1061.xls,biocheminis deguonies suvartojimas per 7 paras,mg/l O2
3A,11,Strait,2022-05-05,0.5,DIN,,0.963,mg N/L,2022 Hidrochemija_KM_patikrinta_2023-03-30_1061.xls,azotas mineralinis,mg/l
3A,11,Strait,2022-05-05,13,DIN,,0.676,mg N/L,2022 Hidrochemija_KM_patikrinta_2023-03-30_1061.xls,azotas mineralinis,mg/l
3A,11,Strait,2022-05-05,0.5,NH4,1,0.034,mg N/L,2022 Hidrochemija_KM_patikrinta_2023-03-30_1061.xls,amonio azotas,mg/l N
3A,11,Strait,2022-05-05,13,NH4,1,0.05,mg N/L,2022 Hidrochemija_KM_patikrinta_2023-03-30_1061.xls,amonio azotas,mg/l N
3A,11,Strait,2022-05-05,0.5,NO2,,0.009,mg N/L,2022 Hidrochemija_KM_patikrinta_2023-03-30_1061.xls,nitritų azotas,mg/l N
3A,11,Strait,2022-05-05,13,NO2,,0.006,mg N/L,2022 Hidrochemija_KM_patikrinta_2023-03-30_1061.xls,nitritų azotas,mg/l N
3A,11,Strait,2022-05-05,0.5,NO3,2,0.92,mg N/L,2022 Hidrochemija_KM_patikrinta_2023-03-30_1061.xls,nitratų azotas,mg/l N
3A,11,Strait,2022-05-05,13,NO3,2,0.62,mg N/L,2022 Hidrochemija_KM_patikrinta_2023-03-30_1061.xls,nitratų azotas,mg/l N
3A,11,Strait,2022-05-05,0.5,PO4,3,0.006,mg P/L,2022 Hidrochemija_KM_patikrinta_2023-03-30_1061.xls,fosfatų fosforas,mg/l P
3A,11,Strait,2022-05-05,13,PO4,3,0.006,mg P/L,2022 Hidrochemija_KM_patikrinta_2023-03-30_1061.xls,fosfatų fosforas,mg/l P
3A,11,Strait,2022-05-05,0.5,Si,17,0.43,mg Si/L,2022 Hidrochemija_KM_patikrinta_2023-03-30_1061.xls,silicis,mg/l
3A,11,Strait,2022-05-05,13,Si,17,0.45,mg Si/L,2022 Hidrochemija_KM_patikrinta_2023-03-30_1061.xls,silicis,mg/l
3A,11,Strait,2022-05-05,0.5,TN,40,1.4,mg N/L,2022 Hidrochemija_KM_patikrinta_2023-03-30_1061.xls,azotas bendras,mg/l
3A,11,Strait,2022-05-05,13,TN,40,1.0,mg N/L,2022 Hidrochemija_KM_patikrinta_2023-03-30_1061.xls,azotas bendras,mg/l
3A,11,Strait,2022-05-05,0.5,TP,39,0.024,mg P/L,2022 Hidrochemija_KM_patikrinta_2023-03-30_1061.xls,bendras fosforas,mg/l
3A,11,Strait,2022-05-05,13,TP,39,0.025,mg P/L,2022 Hidrochemija_KM_patikrinta_2023-03-30_1061.xls,bendras fosforas,mg/l
3A,11,Strait,2022-05-05,0.5,TSS,,2.5,mg/L,2022 Hidrochemija_KM_patikrinta_2023-03-30_1061.xls,suspenduotos (skendinčios) medžiagos,mg/l
3A,11,Strait,2022-05-05,13,TSS,,7.1,mg/L,2022 Hidrochemija_KM_patikrinta_2023-03-30_1061.xls,suspenduotos (skendinčios) medžiagos,mg/l
3A,11,Strait,2022-06-09,0.5,BOD7,,1.8,mg O2/L,2022 Hidrochemija_KM_patikrinta_2023-03-30_1061.xls,biocheminis deguonies suvartojimas per 7 paras,mg/l O2
3A,11,Strait,2022-06-09,13.1,BOD7,,1.8,mg O2/L,2022 Hidrochemija_KM_patikrinta_2023-03-30_1061.xls,biocheminis deguonies suvartojimas per 7 paras,mg/l O2
3A,11,Strait,2022-06-09,0.5,CHLA,59,5.34,ug/L,Chlorofilas a_KM_2022_patikrinta_2023-03-15_1053.xls,Chlorofilas a,µg/l
3A,11,Strait,2022-06-09,0.5,DIN,,0.213,mg N/L,2022 Hidrochemija_KM_patikrinta_2023-03-30_1061.xls,azotas mineralinis,mg/l
3A,11,Strait,2022-06-09,13.1,DIN,,0.251,mg N/L,2022 Hidrochemija_KM_patikrinta_2023-03-30_1061.xls,azotas mineralinis,mg/l
3A,11,Strait,2022-06-09,0.5,NH4,1,0.11,mg N/L,2022 Hidrochemija_KM_patikrinta_2023-03-30_1061.xls,amonio azotas,mg/l N
3A,11,Strait,2022-06-09,13.1,NH4,1,0.15,mg N/L,2022 Hidrochemija_KM_patikrinta_2023-03-30_1061.xls,amonio azotas,mg/l N
3A,11,Strait,2022-06-09,0.5,NO2,,0.006,mg N/L,2022 Hidrochemija_KM_patikrinta_2023-03-30_1061.xls,nitritų azotas,mg/l N
3A,11,Strait,2022-06-09,13.1,NO2,,0.006,mg N/L,2022 Hidrochemija_KM_patikrinta_2023-03-30_1061.xls,nitritų azotas,mg/l N
3A,11,Strait,2022-06-09,0.5,NO3,2,0.097,mg N/L,2022 Hidrochemija_KM_patikrinta_2023-03-30_1061.xls,nitratų azotas,mg/l N
3A,11,Strait,2022-06-09,13.1,NO3,2,0.095,mg N/L,2022 Hidrochemija_KM_patikrinta_2023-03-30_1061.xls,nitratų azotas,mg/l N
3A,11,Strait,2022-06-09,0.5,PO4,3,0.006,mg P/L,2022 Hidrochemija_KM_patikrinta_2023-03-30_1061.xls,fosfatų fosforas,mg/l P
3A,11,Strait,2022-06-09,13.1,PO4,3,0.016,mg P/L,2022 Hidrochemija_KM_patikrinta_2023-03-30_1061.xls,fosfatų fosforas,mg/l P
3A,11,Strait,2022-06-09,0.5,Si,17,0.15,mg Si/L,2022 Hidrochemija_KM_patikrinta_2023-03-30_1061.xls,silicis,mg/l
3A,11,Strait,2022-06-09,13.1,Si,17,0.17,mg Si/L,2022 Hidrochemija_KM_patikrinta_2023-03-30_1061.xls,silicis,mg/l
3A,11,Strait,2022-06-09,0.5,TN,40,1.1,mg N/L,2022 Hidrochemija_KM_patikrinta_2023-03-30_1061.xls,azotas bendras,mg/l
3A,11,Strait,2022-06-09,13.1,TN,40,1.0,mg N/L,2022 Hidrochemija_KM_patikrinta_2023-03-30_1061.xls,azotas bendras,mg/l
3A,11,Strait,2022-06-09,0.5,TP,39,0.063,mg P/L,2022 Hidrochemija_KM_patikrinta_2023-03-30_1061.xls,bendras fosforas,mg/l
3A,11,Strait,2022-06-09,13.1,TP,39,0.088,mg P/L,2022 Hidrochemija_KM_patikrinta_2023-03-30_1061.xls,bendras fosforas,mg/l
3A,11,Strait,2022-06-09,0.5,TSS,,7.6,mg/L,2022 Hidrochemija_KM_patikrinta_2023-03-30_1061.xls,suspenduotos (skendinčios) medžiagos,mg/l
3A,11,Strait,2022-06-09,13.1,TSS,,20.0,mg/L,2022 Hidrochemija_KM_patikrinta_2023-03-30_1061.xls,suspenduotos (skendinčios) medžiagos,mg/l
3A,11,Strait,2022-08-23,0.5,BOD7,,1.3,mg O2/L,2022 Hidrochemija_KM_patikrinta_2023-03-30_1061.xls,biocheminis deguonies suvartojimas per 7 paras,mg/l O2
3A,11,Strait,2022-08-23,13,BOD7,,1.5,mg O2/L,2022 Hidrochemija_KM_patikrinta_2023-03-30_1061.xls,biocheminis deguonies suvartojimas per 7 paras,mg/l O2
3A,11,Strait,2022-08-23,0.5,CHLA,59,6.85,ug/L,Chlorofilas a_KM_2022_patikrinta_2023-03-15_1053.xls,Chlorofilas a,µg/l
3A,11,Strait,2022-08-23,0.5,DIN,,0.066,mg N/L,2022 Hidrochemija_KM_patikrinta_2023-03-30_1061.xls,azotas mineralinis,mg/l
3A,11,Strait,2022-08-23,13,DIN,,0.103,mg N/L,2022 Hidrochemija_KM_patikrinta_2023-03-30_1061.xls,azotas mineralinis,mg/l
3A,11,Strait,2022-08-23,0.5,NH4,1,0.037,mg N/L,2022 Hidrochemija_KM_patikrinta_2023-03-30_1061.xls,amonio azotas,mg/l N
3A,11,Strait,2022-08-23,13,NH4,1,0.074,mg N/L,2022 Hidrochemija_KM_patikrinta_2023-03-30_1061.xls,amonio azotas,mg/l N
3A,11,Strait,2022-08-23,0.5,NO2,,0.008,mg N/L,2022 Hidrochemija_KM_patikrinta_2023-03-30_1061.xls,nitritų azotas,mg/l N
3A,11,Strait,2022-08-23,13,NO2,,0.009,mg N/L,2022 Hidrochemija_KM_patikrinta_2023-03-30_1061.xls,nitritų azotas,mg/l N
3A,11,Strait,2022-08-23,0.5,NO3,2,0.021,mg N/L,2022 Hidrochemija_KM_patikrinta_2023-03-30_1061.xls,nitratų azotas,mg/l N
3A,11,Strait,2022-08-23,13,NO3,2,0.02,mg N/L,2022 Hidrochemija_KM_patikrinta_2023-03-30_1061.xls,nitratų azotas,mg/l N
3A,11,Strait,2022-08-23,0.5,PO4,3,0.04,mg P/L,2022 Hidrochemija_KM_patikrinta_2023-03-30_1061.xls,fosfatų fosforas,mg/l P
3A,11,Strait,2022-08-23,13,PO4,3,0.03,mg P/L,2022 Hidrochemija_KM_patikrinta_2023-03-30_1061.xls,fosfatų fosforas,mg/l P
3A,11,Strait,2022-08-23,0.5,Si,17,0.91,mg Si/L,2022 Hidrochemija_KM_patikrinta_2023-03-30_1061.xls,silicis,mg/l
3A,11,Strait,2022-08-23,13,Si,17,0.73,mg Si/L,2022 Hidrochemija_KM_patikrinta_2023-03-30_1061.xls,silicis,mg/l
3A,11,Strait,2022-08-23,0.5,TN,40,0.73,mg N/L,2022 Hidrochemija_KM_patikrinta_2023-03-30_1061.xls,azotas bendras,mg/l
3A,11,Strait,2022-08-23,13,TN,40,0.92,mg N/L,2022 Hidrochemija_KM_patikrinta_2023-03-30_1061.xls,azotas bendras,mg/l
3A,11,Strait,2022-08-23,0.5,TP,39,0.084,mg P/L,2022 Hidrochemija_KM_patikrinta_2023-03-30_1061.xls,bendras fosforas,mg/l
3A,11,Strait,2022-08-23,13,TP,39,0.075,mg P/L,2022 Hidrochemija_KM_patikrinta_2023-03-30_1061.xls,bendras fosforas,mg/l
3A,11,Strait,2022-08-23,0.5,TSS,,4.0,mg/L,2022 Hidrochemija_KM_patikrinta_2023-03-30_1061.xls,suspenduotos (skendinčios) medžiagos,mg/l
3A,11,Strait,2022-08-23,13,TSS,,4.5,mg/L,2022 Hidrochemija_KM_patikrinta_2023-03-30_1061.xls,suspenduotos (skendinčios) medžiagos,mg/l
3A,11,Strait,2022-09-20,0.5,BOD7,,1.3,mg O2/L,2022 Hidrochemija_KM_patikrinta_2023-03-30_1061.xls,biocheminis deguonies suvartojimas per 7 paras,mg/l O2
3A,11,Strait,2022-09-20,13.4,BOD7,,0.71,mg O2/L,2022 Hidrochemija_KM_patikrinta_2023-03-30_1061.xls,biocheminis deguonies suvartojimas per 7 paras,mg/l O2
3A,11,Strait,2022-09-20,0.5,CHLA,59,6.48,ug/L,Chlorofilas a_KM_2022_patikrinta_2023-03-15_1053.xls,Chlorofilas a,µg/l
3A,11,Strait,2022-09-20,0.5,DIN,,0.28,mg N/L,2022 Hidrochemija_KM_patikrinta_2023-03-30_1061.xls,azotas mineralinis,mg/l
3A,11,Strait,2022-09-20,13.4,DIN,,0.103,mg N/L,2022 Hidrochemija_KM_patikrinta_2023-03-30_1061.xls,azotas mineralinis,mg/l
3A,11,Strait,2022-09-20,0.5,NH4,1,0.15,mg N/L,2022 Hidrochemija_KM_patikrinta_2023-03-30_1061.xls,amonio azotas,mg/l N
3A,11,Strait,2022-09-20,13.4,NH4,1,0.1,mg N/L,2022 Hidrochemija_KM_patikrinta_2023-03-30_1061.xls,amonio azotas,mg/l N
3A,11,Strait,2022-09-20,0.5,NO2,,0.01,mg N/L,2022 Hidrochemija_KM_patikrinta_2023-03-30_1061.xls,nitritų azotas,mg/l N
3A,11,Strait,2022-09-20,13.4,NO2,,0.001,mg N/L,2022 Hidrochemija_KM_patikrinta_2023-03-30_1061.xls,nitritų azotas,mg/l N
3A,11,Strait,2022-09-20,0.5,NO3,2,0.12,mg N/L,2022 Hidrochemija_KM_patikrinta_2023-03-30_1061.xls,nitratų azotas,mg/l N
3A,11,Strait,2022-09-20,13.4,NO3,2,0.002,mg N/L,2022 Hidrochemija_KM_patikrinta_2023-03-30_1061.xls,nitratų azotas,mg/l N
3A,11,Strait,2022-09-20,0.5,PO4,3,0.02,mg P/L,2022 Hidrochemija_KM_patikrinta_2023-03-30_1061.xls,fosfatų fosforas,mg/l P
3A,11,Strait,2022-09-20,13.4,PO4,3,0.015,mg P/L,2022 Hidrochemija_KM_patikrinta_2023-03-30_1061.xls,fosfatų fosforas,mg/l P
3A,11,Strait,2022-09-20,0.5,Si,17,0.43,mg Si/L,2022 Hidrochemija_KM_patikrinta_2023-03-30_1061.xls,silicis,mg/l
3A,11,Strait,2022-09-20,13.4,Si,17,0.25,mg Si/L,2022 Hidrochemija_KM_patikrinta_2023-03-30_1061.xls,silicis,mg/l
3A,11,Strait,2022-09-20,0.5,TN,40,0.69,mg N/L,2022 Hidrochemija_KM_patikrinta_2023-03-30_1061.xls,azotas bendras,mg/l
3A,11,Strait,2022-09-20,13.4,TN,40,0.48,mg N/L,2022 Hidrochemija_KM_patikrinta_2023-03-30_1061.xls,azotas bendras,mg/l
3A,11,Strait,2022-09-20,0.5,TP,39,0.054,mg P/L,2022 Hidrochemija_KM_patikrinta_2023-03-30_1061.xls,bendras fosforas,mg/l
3A,11,Strait,2022-09-20,13.4,TP,39,0.043,mg P/L,2022 Hidrochemija_KM_patikrinta_2023-03-30_1061.xls,bendras fosforas,mg/l
3A,11,Strait,2022-09-20,0.5,TSS,,4.0,mg/L,2022 Hidrochemija_KM_patikrinta_2023-03-30_1061.xls,suspenduotos (skendinčios) medžiagos,mg/l
3A,11,Strait,2022-09-20,13.4,TSS,,5.1,mg/L,2022 Hidrochemija_KM_patikrinta_2023-03-30_1061.xls,suspenduotos (skendinčios) medžiagos,mg/l
3A,11,Strait,2022-10-13,0.5,BOD7,,1.2,mg O2/L,2022 Hidrochemija_KM_patikrinta_2023-03-30_1061.xls,biocheminis deguonies suvartojimas per 7 paras,mg/l O2
3A,11,Strait,2022-10-13,13.6,BOD7,,0.66,mg O2/L,2022 Hidrochemija_KM_patikrinta_2023-03-30_1061.xls,biocheminis deguonies suvartojimas per 7 paras,mg/l O2
3A,11,Strait,2022-10-13,0.5,DIN,,0.102,mg N/L,2022 Hidrochemija_KM_patikrinta_2023-03-30_1061.xls,azotas mineralinis,mg/l
3A,11,Strait,2022-10-13,13.6,DIN,,0.084,mg N/L,2022 Hidrochemija_KM_patikrinta_2023-03-30_1061.xls,azotas mineralinis,mg/l
3A,11,Strait,2022-10-13,0.5,NH4,1,0.068,mg N/L,2022 Hidrochemija_KM_patikrinta_2023-03-30_1061.xls,amonio azotas,mg/l N
3A,11,Strait,2022-10-13,13.6,NH4,1,0.061,mg N/L,2022 Hidrochemija_KM_patikrinta_2023-03-30_1061.xls,amonio azotas,mg/l N
3A,11,Strait,2022-10-13,0.5,NO2,,0.001,mg N/L,2022 Hidrochemija_KM_patikrinta_2023-03-30_1061.xls,nitritų azotas,mg/l N
3A,11,Strait,2022-10-13,13.6,NO2,,0.001,mg N/L,2022 Hidrochemija_KM_patikrinta_2023-03-30_1061.xls,nitritų azotas,mg/l N
3A,11,Strait,2022-10-13,0.5,NO3,2,0.033,mg N/L,2022 Hidrochemija_KM_patikrinta_2023-03-30_1061.xls,nitratų azotas,mg/l N
3A,11,Strait,2022-10-13,13.6,NO3,2,0.022,mg N/L,2022 Hidrochemija_KM_patikrinta_2023-03-30_1061.xls,nitratų azotas,mg/l N
3A,11,Strait,2022-10-13,0.5,PO4,3,0.006,mg P/L,2022 Hidrochemija_KM_patikrinta_2023-03-30_1061.xls,fosfatų fosforas,mg/l P
3A,11,Strait,2022-10-13,13.6,PO4,3,0.01,mg P/L,2022 Hidrochemija_KM_patikrinta_2023-03-30_1061.xls,fosfatų fosforas,mg/l P
3A,11,Strait,2022-10-13,0.5,Si,17,0.83,mg Si/L,2022 Hidrochemija_KM_patikrinta_2023-03-30_1061.xls,silicis,mg/l
3A,11,Strait,2022-10-13,13.6,Si,17,1.06,mg Si/L,2022 Hidrochemija_KM_patikrinta_2023-03-30_1061.xls,silicis,mg/l
3A,11,Strait,2022-10-13,0.5,TN,40,0.58,mg N/L,2022 Hidrochemija_KM_patikrinta_2023-03-30_1061.xls,azotas bendras,mg/l
3A,11,Strait,2022-10-13,13.6,TN,40,0.4,mg N/L,2022 Hidrochemija_KM_patikrinta_2023-03-30_1061.xls,azotas bendras,mg/l
3A,11,Strait,2022-10-13,0.5,TP,39,0.046,mg P/L,2022 Hidrochemija_KM_patikrinta_2023-03-30_1061.xls,bendras fosforas,mg/l
3A,11,Strait,2022-10-13,13.6,TP,39,0.044,mg P/L,2022 Hidrochemija_KM_patikrinta_2023-03-30_1061.xls,bendras fosforas,mg/l
3A,11,Strait,2022-10-13,0.5,TSS,,8.2,mg/L,2022 Hidrochemija_KM_patikrinta_2023-03-30_1061.xls,suspenduotos (skendinčios) medžiagos,mg/l
3A,11,Strait,2022-10-13,13.6,TSS,,11.0,mg/L,2022 Hidrochemija_KM_patikrinta_2023-03-30_1061.xls,suspenduotos (skendinčios) medžiagos,mg/l
3A,11,Strait,2022-11-23,0.5,BOD7,,1.7,mg O2/L,2022 Hidrochemija_KM_patikrinta_2023-03-30_1061.xls,biocheminis deguonies suvartojimas per 7 paras,mg/l O2
3A,11,Strait,2022-11-23,14,BOD7,,1.2,mg O2/L,2022 Hidrochemija_KM_patikrinta_2023-03-30_1061.xls,biocheminis deguonies suvartojimas per 7 paras,mg/l O2
3A,11,Strait,2022-11-23,0.5,DIN,,0.258,mg N/L,2022 Hidrochemija_KM_patikrinta_2023-03-30_1061.xls,azotas mineralinis,mg/l
3A,11,Strait,2022-11-23,14,DIN,,0.234,mg N/L,2022 Hidrochemija_KM_patikrinta_2023-03-30_1061.xls,azotas mineralinis,mg/l
3A,11,Strait,2022-11-23,0.5,NH4,1,0.042,mg N/L,2022 Hidrochemija_KM_patikrinta_2023-03-30_1061.xls,amonio azotas,mg/l N
3A,11,Strait,2022-11-23,14,NH4,1,0.059,mg N/L,2022 Hidrochemija_KM_patikrinta_2023-03-30_1061.xls,amonio azotas,mg/l N
3A,11,Strait,2022-11-23,0.5,NO2,,0.006,mg N/L,2022 Hidrochemija_KM_patikrinta_2023-03-30_1061.xls,nitritų azotas,mg/l N
3A,11,Strait,2022-11-23,14,NO2,,0.005,mg N/L,2022 Hidrochemija_KM_patikrinta_2023-03-30_1061.xls,nitritų azotas,mg/l N
3A,11,Strait,2022-11-23,0.5,NO3,2,0.21,mg N/L,2022 Hidrochemija_KM_patikrinta_2023-03-30_1061.xls,nitratų azotas,mg/l N
3A,11,Strait,2022-11-23,14,NO3,2,0.17,mg N/L,2022 Hidrochemija_KM_patikrinta_2023-03-30_1061.xls,nitratų azotas,mg/l N
3A,11,Strait,2022-11-23,0.5,PO4,3,0.006,mg P/L,2022 Hidrochemija_KM_patikrinta_2023-03-30_1061.xls,fosfatų fosforas,mg/l P
3A,11,Strait,2022-11-23,14,PO4,3,0.009,mg P/L,2022 Hidrochemija_KM_patikrinta_2023-03-30_1061.xls,fosfatų fosforas,mg/l P
3A,11,Strait,2022-11-23,0.5,Si,17,1.66,mg Si/L,2022 Hidrochemija_KM_patikrinta_2023-03-30_1061.xls,silicis,mg/l
3A,11,Strait,2022-11-23,14,Si,17,1.66,mg Si/L,2022 Hidrochemija_KM_patikrinta_2023-03-30_1061.xls,silicis,mg/l
3A,11,Strait,2022-11-23,0.5,TN,40,1.2,mg N/L,2022 Hidrochemija_KM_patikrinta_2023-03-30_1061.xls,azotas bendras,mg/l
3A,11,Strait,2022-11-23,14,TN,40,0.95,mg N/L,2022 Hidrochemija_KM_patikrinta_2023-03-30_1061.xls,azotas bendras,mg/l
3A,11,Strait,2022-11-23,0.5,TP,39,0.048,mg P/L,2022 Hidrochemija_KM_patikrinta_2023-03-30_1061.xls,bendras fosforas,mg/l
3A,11,Strait,2022-11-23,14,TP,39,0.069,mg P/L,2022 Hidrochemija_KM_patikrinta_2023-03-30_1061.xls,bendras fosforas,mg/l
3A,11,Strait,2022-11-23,0.5,TSS,,11.0,mg/L,2022 Hidrochemija_KM_patikrinta_2023-03-30_1061.xls,suspenduotos (skendinčios) medžiagos,mg/l
3A,11,Strait,2022-11-23,14,TSS,,16.0,mg/L,2022 Hidrochemija_KM_patikrinta_2023-03-30_1061.xls,suspenduotos (skendinčios) medžiagos,mg/l
3A,11,Strait,2022-12-07,0.5,DIN,,0.732,mg N/L,2022 Hidrochemija_KM_patikrinta_2023-03-30_1061.xls,azotas mineralinis,mg/l
3A,11,Strait,2022-12-07,13.5,DIN,,0.558,mg N/L,2022 Hidrochemija_KM_patikrinta_2023-03-30_1061.xls,azotas mineralinis,mg/l
3A,11,Strait,2022-12-07,0.5,NH4,1,0.18,mg N/L,2022 Hidrochemija_KM_patikrinta_2023-03-30_1061.xls,amonio azotas,mg/l N
3A,11,Strait,2022-12-07,13.5,NH4,1,0.22,mg N/L,2022 Hidrochemija_KM_patikrinta_2023-03-30_1061.xls,amonio azotas,mg/l N
3A,11,Strait,2022-12-07,0.5,NO2,,0.012,mg N/L,2022 Hidrochemija_KM_patikrinta_2023-03-30_1061.xls,nitritų azotas,mg/l N
3A,11,Strait,2022-12-07,13.5,NO2,,0.008,mg N/L,2022 Hidrochemija_KM_patikrinta_2023-03-30_1061.xls,nitritų azotas,mg/l N
3A,11,Strait,2022-12-07,0.5,NO3,2,0.54,mg N/L,2022 Hidrochemija_KM_patikrinta_2023-03-30_1061.xls,nitratų azotas,mg/l N
3A,11,Strait,2022-12-07,13.5,NO3,2,0.33,mg N/L,2022 Hidrochemija_KM_patikrinta_2023-03-30_1061.xls,nitratų azotas,mg/l N
3A,11,Strait,2022-12-07,0.5,PO4,3,0.04,mg P/L,2022 Hidrochemija_KM_patikrinta_2023-03-30_1061.xls,fosfatų fosforas,mg/l P
3A,11,Strait,2022-12-07,13.5,PO4,3,0.01,mg P/L,2022 Hidrochemija_KM_patikrinta_2023-03-30_1061.xls,fosfatų fosforas,mg/l P
3A,11,Strait,2022-12-07,0.5,Si,17,2.72,mg Si/L,2022 Hidrochemija_KM_patikrinta_2023-03-30_1061.xls,silicis,mg/l
3A,11,Strait,2022-12-07,13.5,Si,17,1.71,mg Si/L,2022 Hidrochemija_KM_patikrinta_2023-03-30_1061.xls,silicis,mg/l
3A,11,Strait,2022-12-07,0.5,TN,40,1.3,mg N/L,2022 Hidrochemija_KM_patikrinta_2023-03-30_1061.xls,azotas bendras,mg/l
3A,11,Strait,2022-12-07,13.5,TN,40,1.2,mg N/L,2022 Hidrochemija_KM_patikrinta_2023-03-30_1061.xls,azotas bendras,mg/l
3A,11,Strait,2022-12-07,0.5,TP,39,0.073,mg P/L,2022 Hidrochemija_KM_patikrinta_2023-03-30_1061.xls,bendras fosforas,mg/l
3A,11,Strait,2022-12-07,13.5,TP,39,0.083,mg P/L,2022 Hidrochemija_KM_patikrinta_2023-03-30_1061.xls,bendras fosforas,mg/l
3A,11,Strait,2023-01-04,0.5,DIN,,1.018,mg N/L,2023_KM_BJ_Hidrochemija_patikrinta_2024-01-22.xls,azotas mineralinis,mg/l
3A,11,Strait,2023-01-04,13.7,DIN,,0.439,mg N/L,2023_KM_BJ_Hidrochemija_patikrinta_2024-01-22.xls,azotas mineralinis,mg/l
3A,11,Strait,2023-01-04,0.5,NH4,1,0.17,mg N/L,2023_KM_BJ_Hidrochemija_patikrinta_2024-01-22.xls,amonio azotas,mg/l N
3A,11,Strait,2023-01-04,13.7,NH4,1,0.1,mg N/L,2023_KM_BJ_Hidrochemija_patikrinta_2024-01-22.xls,amonio azotas,mg/l N
3A,11,Strait,2023-01-04,0.5,NO2,,0.028,mg N/L,2023_KM_BJ_Hidrochemija_patikrinta_2024-01-22.xls,nitritų azotas,mg/l N
3A,11,Strait,2023-01-04,13.7,NO2,,0.009,mg N/L,2023_KM_BJ_Hidrochemija_patikrinta_2024-01-22.xls,nitritų azotas,mg/l N
3A,11,Strait,2023-01-04,0.5,NO3,2,0.82,mg N/L,2023_KM_BJ_Hidrochemija_patikrinta_2024-01-22.xls,nitratų azotas,mg/l N
3A,11,Strait,2023-01-04,13.7,NO3,2,0.33,mg N/L,2023_KM_BJ_Hidrochemija_patikrinta_2024-01-22.xls,nitratų azotas,mg/l N
3A,11,Strait,2023-01-04,0.5,PO4,3,0.013,mg P/L,2023_KM_BJ_Hidrochemija_patikrinta_2024-01-22.xls,fosfatų fosforas,mg/l P
3A,11,Strait,2023-01-04,13.7,PO4,3,0.007,mg P/L,2023_KM_BJ_Hidrochemija_patikrinta_2024-01-22.xls,fosfatų fosforas,mg/l P
3A,11,Strait,2023-01-04,0.5,Si,17,2.09,mg Si/L,2023_KM_BJ_Hidrochemija_patikrinta_2024-01-22.xls,silicis,mg/l
3A,11,Strait,2023-01-04,13.7,Si,17,1.21,mg Si/L,2023_KM_BJ_Hidrochemija_patikrinta_2024-01-22.xls,silicis,mg/l
3A,11,Strait,2023-01-04,0.5,TN,40,1.2,mg N/L,2023_KM_BJ_Hidrochemija_patikrinta_2024-01-22.xls,azotas bendras,mg/l
3A,11,Strait,2023-01-04,13.7,TN,40,1.2,mg N/L,2023_KM_BJ_Hidrochemija_patikrinta_2024-01-22.xls,azotas bendras,mg/l
3A,11,Strait,2023-01-04,0.5,TP,39,0.055,mg P/L,2023_KM_BJ_Hidrochemija_patikrinta_2024-01-22.xls,bendras fosforas,mg/l
3A,11,Strait,2023-01-04,13.7,TP,39,0.042,mg P/L,2023_KM_BJ_Hidrochemija_patikrinta_2024-01-22.xls,bendras fosforas,mg/l
3A,11,Strait,2023-02-08,0.5,DIN,,3.507,mg N/L,2023_KM_BJ_Hidrochemija_patikrinta_2024-01-22.xls,azotas mineralinis,mg/l
3A,11,Strait,2023-02-08,13.7,DIN,,3.694,mg N/L,2023_KM_BJ_Hidrochemija_patikrinta_2024-01-22.xls,azotas mineralinis,mg/l
3A,11,Strait,2023-02-08,0.5,NH4,1,0.085,mg N/L,2023_KM_BJ_Hidrochemija_patikrinta_2024-01-22.xls,amonio azotas,mg/l N
3A,11,Strait,2023-02-08,13.7,NH4,1,0.069,mg N/L,2023_KM_BJ_Hidrochemija_patikrinta_2024-01-22.xls,amonio azotas,mg/l N
3A,11,Strait,2023-02-08,0.5,NO2,,0.022,mg N/L,2023_KM_BJ_Hidrochemija_patikrinta_2024-01-22.xls,nitritų azotas,mg/l N
3A,11,Strait,2023-02-08,13.7,NO2,,0.025,mg N/L,2023_KM_BJ_Hidrochemija_patikrinta_2024-01-22.xls,nitritų azotas,mg/l N
3A,11,Strait,2023-02-08,0.5,NO3,2,3.4,mg N/L,2023_KM_BJ_Hidrochemija_patikrinta_2024-01-22.xls,nitratų azotas,mg/l N
3A,11,Strait,2023-02-08,13.7,NO3,2,3.6,mg N/L,2023_KM_BJ_Hidrochemija_patikrinta_2024-01-22.xls,nitratų azotas,mg/l N
3A,11,Strait,2023-02-08,0.5,PO4,3,0.023,mg P/L,2023_KM_BJ_Hidrochemija_patikrinta_2024-01-22.xls,fosfatų fosforas,mg/l P
3A,11,Strait,2023-02-08,13.7,PO4,3,0.02,mg P/L,2023_KM_BJ_Hidrochemija_patikrinta_2024-01-22.xls,fosfatų fosforas,mg/l P
3A,11,Strait,2023-02-08,0.5,Si,17,3.2,mg Si/L,2023_KM_BJ_Hidrochemija_patikrinta_2024-01-22.xls,silicis,mg/l
3A,11,Strait,2023-02-08,13.7,Si,17,2.85,mg Si/L,2023_KM_BJ_Hidrochemija_patikrinta_2024-01-22.xls,silicis,mg/l
3A,11,Strait,2023-02-08,0.5,TN,40,3.7,mg N/L,2023_KM_BJ_Hidrochemija_patikrinta_2024-01-22.xls,azotas bendras,mg/l
3A,11,Strait,2023-02-08,13.7,TN,40,3.7,mg N/L,2023_KM_BJ_Hidrochemija_patikrinta_2024-01-22.xls,azotas bendras,mg/l
3A,11,Strait,2023-02-08,0.5,TP,39,0.063,mg P/L,2023_KM_BJ_Hidrochemija_patikrinta_2024-01-22.xls,bendras fosforas,mg/l
3A,11,Strait,2023-02-08,13.7,TP,39,0.068,mg P/L,2023_KM_BJ_Hidrochemija_patikrinta_2024-01-22.xls,bendras fosforas,mg/l
3A,11,Strait,2023-04-03,0.5,DIN,,2.358,mg N/L,2023_KM_BJ_Hidrochemija_patikrinta_2024-01-22.xls,azotas mineralinis,mg/l
3A,11,Strait,2023-04-03,13.4,DIN,,0.837,mg N/L,2023_KM_BJ_Hidrochemija_patikrinta_2024-01-22.xls,azotas mineralinis,mg/l
3A,11,Strait,2023-04-03,0.5,NH4,1,0.048,mg N/L,2023_KM_BJ_Hidrochemija_patikrinta_2024-01-22.xls,amonio azotas,mg/l N
3A,11,Strait,2023-04-03,13.4,NH4,1,0.033,mg N/L,2023_KM_BJ_Hidrochemija_patikrinta_2024-01-22.xls,amonio azotas,mg/l N
3A,11,Strait,2023-04-03,0.5,NO2,,0.01,mg N/L,2023_KM_BJ_Hidrochemija_patikrinta_2024-01-22.xls,nitritų azotas,mg/l N
3A,11,Strait,2023-04-03,13.4,NO2,,0.014,mg N/L,2023_KM_BJ_Hidrochemija_patikrinta_2024-01-22.xls,nitritų azotas,mg/l N
3A,11,Strait,2023-04-03,0.5,NO3,2,2.3,mg N/L,2023_KM_BJ_Hidrochemija_patikrinta_2024-01-22.xls,nitratų azotas,mg/l N
3A,11,Strait,2023-04-03,13.4,NO3,2,0.79,mg N/L,2023_KM_BJ_Hidrochemija_patikrinta_2024-01-22.xls,nitratų azotas,mg/l N
3A,11,Strait,2023-04-03,0.5,PO4,3,0.006,mg P/L,2023_KM_BJ_Hidrochemija_patikrinta_2024-01-22.xls,fosfatų fosforas,mg/l P
3A,11,Strait,2023-04-03,13.4,PO4,3,0.006,mg P/L,2023_KM_BJ_Hidrochemija_patikrinta_2024-01-22.xls,fosfatų fosforas,mg/l P
3A,11,Strait,2023-04-03,0.5,Si,17,1.18,mg Si/L,2023_KM_BJ_Hidrochemija_patikrinta_2024-01-22.xls,silicis,mg/l
3A,11,Strait,2023-04-03,13.4,Si,17,0.96,mg Si/L,2023_KM_BJ_Hidrochemija_patikrinta_2024-01-22.xls,silicis,mg/l
3A,11,Strait,2023-04-03,0.5,TN,40,2.7,mg N/L,2023_KM_BJ_Hidrochemija_patikrinta_2024-01-22.xls,azotas bendras,mg/l
3A,11,Strait,2023-04-03,13.4,TN,40,1.5,mg N/L,2023_KM_BJ_Hidrochemija_patikrinta_2024-01-22.xls,azotas bendras,mg/l
3A,11,Strait,2023-04-03,0.5,TP,39,0.047,mg P/L,2023_KM_BJ_Hidrochemija_patikrinta_2024-01-22.xls,bendras fosforas,mg/l
3A,11,Strait,2023-04-03,13.4,TP,39,0.053,mg P/L,2023_KM_BJ_Hidrochemija_patikrinta_2024-01-22.xls,bendras fosforas,mg/l
3A,11,Strait,2023-04-21,0.5,BOD7,,2.3,mg O2/L,2023_KM_BJ_Hidrochemija_patikrinta_2024-01-22.xls,biocheminis deguonies suva,mg/l O2
3A,11,Strait,2023-04-21,12.1,BOD7,,1.8,mg O2/L,2023_KM_BJ_Hidrochemija_patikrinta_2024-01-22.xls,biocheminis deguonies suva,mg/l O2
3A,11,Strait,2023-04-21,0.5,DIN,,1.642,mg N/L,2023_KM_BJ_Hidrochemija_patikrinta_2024-01-22.xls,azotas mineralinis,mg/l
3A,11,Strait,2023-04-21,12.1,DIN,,1.752,mg N/L,2023_KM_BJ_Hidrochemija_patikrinta_2024-01-22.xls,azotas mineralinis,mg/l
3A,11,Strait,2023-04-21,0.5,NH4,1,0.028,mg N/L,2023_KM_BJ_Hidrochemija_patikrinta_2024-01-22.xls,amonio azotas,mg/l N
3A,11,Strait,2023-04-21,12.1,NH4,1,0.037,mg N/L,2023_KM_BJ_Hidrochemija_patikrinta_2024-01-22.xls,amonio azotas,mg/l N
3A,11,Strait,2023-04-21,0.5,NO2,,0.014,mg N/L,2023_KM_BJ_Hidrochemija_patikrinta_2024-01-22.xls,nitritų azotas,mg/l N
3A,11,Strait,2023-04-21,12.1,NO2,,0.015,mg N/L,2023_KM_BJ_Hidrochemija_patikrinta_2024-01-22.xls,nitritų azotas,mg/l N
3A,11,Strait,2023-04-21,0.5,NO3,2,1.6,mg N/L,2023_KM_BJ_Hidrochemija_patikrinta_2024-01-22.xls,nitratų azotas,mg/l N
3A,11,Strait,2023-04-21,12.1,NO3,2,1.7,mg N/L,2023_KM_BJ_Hidrochemija_patikrinta_2024-01-22.xls,nitratų azotas,mg/l N
3A,11,Strait,2023-04-21,0.5,PO4,3,0.006,mg P/L,2023_KM_BJ_Hidrochemija_patikrinta_2024-01-22.xls,fosfatų fosforas,mg/l P
3A,11,Strait,2023-04-21,12.1,PO4,3,0.006,mg P/L,2023_KM_BJ_Hidrochemija_patikrinta_2024-01-22.xls,fosfatų fosforas,mg/l P
3A,11,Strait,2023-04-21,0.5,Si,17,0.35,mg Si/L,2023_KM_BJ_Hidrochemija_patikrinta_2024-01-22.xls,silicis,mg/l
3A,11,Strait,2023-04-21,12.1,Si,17,0.25,mg Si/L,2023_KM_BJ_Hidrochemija_patikrinta_2024-01-22.xls,silicis,mg/l
3A,11,Strait,2023-04-21,0.5,TN,40,2.2,mg N/L,2023_KM_BJ_Hidrochemija_patikrinta_2024-01-22.xls,azotas bendras,mg/l
3A,11,Strait,2023-04-21,12.1,TN,40,2.1,mg N/L,2023_KM_BJ_Hidrochemija_patikrinta_2024-01-22.xls,azotas bendras,mg/l
3A,11,Strait,2023-04-21,0.5,TP,39,0.038,mg P/L,2023_KM_BJ_Hidrochemija_patikrinta_2024-01-22.xls,bendras fosforas,mg/l
3A,11,Strait,2023-04-21,12.1,TP,39,0.032,mg P/L,2023_KM_BJ_Hidrochemija_patikrinta_2024-01-22.xls,bendras fosforas,mg/l
3A,11,Strait,2023-04-21,0.5,TSS,,6.6,mg/L,2023_KM_BJ_Hidrochemija_patikrinta_2024-01-22.xls,suspenduotos (skendinčios),mg/l
3A,11,Strait,2023-04-21,12.1,TSS,,7.3,mg/L,2023_KM_BJ_Hidrochemija_patikrinta_2024-01-22.xls,suspenduotos (skendinčios),mg/l
3A,11,Strait,2023-05-25,0.5,BOD7,,1.4,mg O2/L,2023_KM_BJ_Hidrochemija_patikrinta_2024-01-22.xls,biocheminis deguonies suva,mg/l O2
3A,11,Strait,2023-05-25,13.5,BOD7,,1.4,mg O2/L,2023_KM_BJ_Hidrochemija_patikrinta_2024-01-22.xls,biocheminis deguonies suva,mg/l O2
3A,11,Strait,2023-05-25,0.5,DIN,,0.598,mg N/L,2023_KM_BJ_Hidrochemija_patikrinta_2024-01-22.xls,azotas mineralinis,mg/l
3A,11,Strait,2023-05-25,13.5,DIN,,0.27,mg N/L,2023_KM_BJ_Hidrochemija_patikrinta_2024-01-22.xls,azotas mineralinis,mg/l
3A,11,Strait,2023-05-25,0.5,NH4,1,0.088,mg N/L,2023_KM_BJ_Hidrochemija_patikrinta_2024-01-22.xls,amonio azotas,mg/l N
3A,11,Strait,2023-05-25,13.5,NH4,1,0.13,mg N/L,2023_KM_BJ_Hidrochemija_patikrinta_2024-01-22.xls,amonio azotas,mg/l N
3A,11,Strait,2023-05-25,0.5,NO2,,0.01,mg N/L,2023_KM_BJ_Hidrochemija_patikrinta_2024-01-22.xls,nitritų azotas,mg/l N
3A,11,Strait,2023-05-25,13.5,NO2,,0.01,mg N/L,2023_KM_BJ_Hidrochemija_patikrinta_2024-01-22.xls,nitritų azotas,mg/l N
3A,11,Strait,2023-05-25,0.5,NO3,2,0.5,mg N/L,2023_KM_BJ_Hidrochemija_patikrinta_2024-01-22.xls,nitratų azotas,mg/l N
3A,11,Strait,2023-05-25,13.5,NO3,2,0.13,mg N/L,2023_KM_BJ_Hidrochemija_patikrinta_2024-01-22.xls,nitratų azotas,mg/l N
3A,11,Strait,2023-05-25,0.5,PO4,3,0.006,mg P/L,2023_KM_BJ_Hidrochemija_patikrinta_2024-01-22.xls,fosfatų fosforas,mg/l P
3A,11,Strait,2023-05-25,13.5,PO4,3,0.006,mg P/L,2023_KM_BJ_Hidrochemija_patikrinta_2024-01-22.xls,fosfatų fosforas,mg/l P
3A,11,Strait,2023-05-25,0.5,Si,17,0.21,mg Si/L,2023_KM_BJ_Hidrochemija_patikrinta_2024-01-22.xls,silicis,mg/l
3A,11,Strait,2023-05-25,13.5,Si,17,0.6,mg Si/L,2023_KM_BJ_Hidrochemija_patikrinta_2024-01-22.xls,silicis,mg/l
3A,11,Strait,2023-05-25,0.5,TN,40,1.3,mg N/L,2023_KM_BJ_Hidrochemija_patikrinta_2024-01-22.xls,azotas bendras,mg/l
3A,11,Strait,2023-05-25,13.5,TN,40,0.8,mg N/L,2023_KM_BJ_Hidrochemija_patikrinta_2024-01-22.xls,azotas bendras,mg/l
3A,11,Strait,2023-05-25,0.5,TP,39,0.075,mg P/L,2023_KM_BJ_Hidrochemija_patikrinta_2024-01-22.xls,bendras fosforas,mg/l
3A,11,Strait,2023-05-25,13.5,TP,39,0.055,mg P/L,2023_KM_BJ_Hidrochemija_patikrinta_2024-01-22.xls,bendras fosforas,mg/l
3A,11,Strait,2023-05-25,0.5,TSS,,7.0,mg/L,2023_KM_BJ_Hidrochemija_patikrinta_2024-01-22.xls,suspenduotos (skendinčios),mg/l
3A,11,Strait,2023-05-25,13.5,TSS,,5.7,mg/L,2023_KM_BJ_Hidrochemija_patikrinta_2024-01-22.xls,suspenduotos (skendinčios),mg/l
3A,11,Strait,2023-06-16,0.5,BOD7,,3.7,mg O2/L,2023_KM_BJ_Hidrochemija_patikrinta_2024-01-22.xls,biocheminis deguonies suva,mg/l O2
3A,11,Strait,2023-06-16,13.7,BOD7,,1.9,mg O2/L,2023_KM_BJ_Hidrochemija_patikrinta_2024-01-22.xls,biocheminis deguonies suva,mg/l O2
3A,11,Strait,2023-06-16,Paviršinis sluoksnis,CHLA,59,15.46,ug/L,Chlorofilas_a_KM_BJ_2023_patikrinta_2024-01-29.xls,chlorofilas a,µg/l
3A,11,Strait,2023-06-16,0.5,DIN,,0.069,mg N/L,2023_KM_BJ_Hidrochemija_patikrinta_2024-01-22.xls,azotas mineralinis,mg/l
3A,11,Strait,2023-06-16,13.7,DIN,,0.144,mg N/L,2023_KM_BJ_Hidrochemija_patikrinta_2024-01-22.xls,azotas mineralinis,mg/l
3A,11,Strait,2023-06-16,0.5,NH4,1,0.056,mg N/L,2023_KM_BJ_Hidrochemija_patikrinta_2024-01-22.xls,amonio azotas,mg/l N
3A,11,Strait,2023-06-16,13.7,NH4,1,0.082,mg N/L,2023_KM_BJ_Hidrochemija_patikrinta_2024-01-22.xls,amonio azotas,mg/l N
3A,11,Strait,2023-06-16,0.5,NO2,,0.001,mg N/L,2023_KM_BJ_Hidrochemija_patikrinta_2024-01-22.xls,nitritų azotas,mg/l N
3A,11,Strait,2023-06-16,13.7,NO2,,0.006,mg N/L,2023_KM_BJ_Hidrochemija_patikrinta_2024-01-22.xls,nitritų azotas,mg/l N
3A,11,Strait,2023-06-16,0.5,NO3,2,0.012,mg N/L,2023_KM_BJ_Hidrochemija_patikrinta_2024-01-22.xls,nitratų azotas,mg/l N
3A,11,Strait,2023-06-16,13.7,NO3,2,0.056,mg N/L,2023_KM_BJ_Hidrochemija_patikrinta_2024-01-22.xls,nitratų azotas,mg/l N
3A,11,Strait,2023-06-16,0.5,PO4,3,0.006,mg P/L,2023_KM_BJ_Hidrochemija_patikrinta_2024-01-22.xls,fosfatų fosforas,mg/l P
3A,11,Strait,2023-06-16,13.7,PO4,3,0.006,mg P/L,2023_KM_BJ_Hidrochemija_patikrinta_2024-01-22.xls,fosfatų fosforas,mg/l P
3A,11,Strait,2023-06-16,0.5,Si,17,1.26,mg Si/L,2023_KM_BJ_Hidrochemija_patikrinta_2024-01-22.xls,silicis,mg/l
3A,11,Strait,2023-06-16,13.7,Si,17,1.06,mg Si/L,2023_KM_BJ_Hidrochemija_patikrinta_2024-01-22.xls,silicis,mg/l
3A,11,Strait,2023-06-16,0.5,TN,40,1.1,mg N/L,2023_KM_BJ_Hidrochemija_patikrinta_2024-01-22.xls,azotas bendras,mg/l
3A,11,Strait,2023-06-16,13.7,TN,40,0.69,mg N/L,2023_KM_BJ_Hidrochemija_patikrinta_2024-01-22.xls,azotas bendras,mg/l
3A,11,Strait,2023-06-16,0.5,TP,39,0.08,mg P/L,2023_KM_BJ_Hidrochemija_patikrinta_2024-01-22.xls,bendras fosforas,mg/l
3A,11,Strait,2023-06-16,13.7,TP,39,0.051,mg P/L,2023_KM_BJ_Hidrochemija_patikrinta_2024-01-22.xls,bendras fosforas,mg/l
3A,11,Strait,2023-06-16,0.5,TSS,,17.0,mg/L,2023_KM_BJ_Hidrochemija_patikrinta_2024-01-22.xls,suspenduotos (skendinčios),mg/l
3A,11,Strait,2023-06-16,13.7,TSS,,12.0,mg/L,2023_KM_BJ_Hidrochemija_patikrinta_2024-01-22.xls,suspenduotos (skendinčios),mg/l
3A,11,Strait,2023-07-13,0.5,BOD7,,2.5,mg O2/L,2023_KM_BJ_Hidrochemija_patikrinta_2024-01-22.xls,biocheminis deguonies suva,mg/l O2
3A,11,Strait,2023-07-13,13.3,BOD7,,1.9,mg O2/L,2023_KM_BJ_Hidrochemija_patikrinta_2024-01-22.xls,biocheminis deguonies suva,mg/l O2
3A,11,Strait,2023-07-13,Paviršinis sluoksnis,CHLA,59,21.49,ug/L,Chlorofilas_a_KM_BJ_2023_patikrinta_2024-01-29.xls,chlorofilas a,µg/l
3A,11,Strait,2023-07-13,0.5,DIN,,0.023,mg N/L,2023_KM_BJ_Hidrochemija_patikrinta_2024-01-22.xls,azotas mineralinis,mg/l
3A,11,Strait,2023-07-13,13.3,DIN,,0.027,mg N/L,2023_KM_BJ_Hidrochemija_patikrinta_2024-01-22.xls,azotas mineralinis,mg/l
3A,11,Strait,2023-07-13,0.5,NH4,1,0.02,mg N/L,2023_KM_BJ_Hidrochemija_patikrinta_2024-01-22.xls,amonio azotas,mg/l N
3A,11,Strait,2023-07-13,13.3,NH4,1,0.024,mg N/L,2023_KM_BJ_Hidrochemija_patikrinta_2024-01-22.xls,amonio azotas,mg/l N
3A,11,Strait,2023-07-13,0.5,NO2,,0.001,mg N/L,2023_KM_BJ_Hidrochemija_patikrinta_2024-01-22.xls,nitritų azotas,mg/l N
3A,11,Strait,2023-07-13,13.3,NO2,,0.001,mg N/L,2023_KM_BJ_Hidrochemija_patikrinta_2024-01-22.xls,nitritų azotas,mg/l N
3A,11,Strait,2023-07-13,0.5,NO3,2,0.002,mg N/L,2023_KM_BJ_Hidrochemija_patikrinta_2024-01-22.xls,nitratų azotas,mg/l N
3A,11,Strait,2023-07-13,13.3,NO3,2,0.002,mg N/L,2023_KM_BJ_Hidrochemija_patikrinta_2024-01-22.xls,nitratų azotas,mg/l N
3A,11,Strait,2023-07-13,0.5,PO4,3,0.006,mg P/L,2023_KM_BJ_Hidrochemija_patikrinta_2024-01-22.xls,fosfatų fosforas,mg/l P
3A,11,Strait,2023-07-13,13.3,PO4,3,0.006,mg P/L,2023_KM_BJ_Hidrochemija_patikrinta_2024-01-22.xls,fosfatų fosforas,mg/l P
3A,11,Strait,2023-07-13,0.5,Si,17,0.85,mg Si/L,2023_KM_BJ_Hidrochemija_patikrinta_2024-01-22.xls,silicis,mg/l
3A,11,Strait,2023-07-13,13.3,Si,17,0.91,mg Si/L,2023_KM_BJ_Hidrochemija_patikrinta_2024-01-22.xls,silicis,mg/l
3A,11,Strait,2023-07-13,0.5,TN,40,1.0,mg N/L,2023_KM_BJ_Hidrochemija_patikrinta_2024-01-22.xls,azotas bendras,mg/l
3A,11,Strait,2023-07-13,13.3,TN,40,0.8,mg N/L,2023_KM_BJ_Hidrochemija_patikrinta_2024-01-22.xls,azotas bendras,mg/l
3A,11,Strait,2023-07-13,0.5,TP,39,0.046,mg P/L,2023_KM_BJ_Hidrochemija_patikrinta_2024-01-22.xls,bendras fosforas,mg/l
3A,11,Strait,2023-07-13,13.3,TP,39,0.065,mg P/L,2023_KM_BJ_Hidrochemija_patikrinta_2024-01-22.xls,bendras fosforas,mg/l
3A,11,Strait,2023-07-13,0.5,TSS,,10.0,mg/L,2023_KM_BJ_Hidrochemija_patikrinta_2024-01-22.xls,suspenduotos (skendinčios),mg/l
3A,11,Strait,2023-07-13,13.3,TSS,,7.9,mg/L,2023_KM_BJ_Hidrochemija_patikrinta_2024-01-22.xls,suspenduotos (skendinčios),mg/l
3A,11,Strait,2023-08-14,0.5,BOD7,,2.8,mg O2/L,2023_KM_BJ_Hidrochemija_patikrinta_2024-01-22.xls,biocheminis deguonies suva,mg/l O2
3A,11,Strait,2023-08-14,13.8,BOD7,,1.3,mg O2/L,2023_KM_BJ_Hidrochemija_patikrinta_2024-01-22.xls,biocheminis deguonies suva,mg/l O2
3A,11,Strait,2023-08-14,Paviršinis sluoksnis,CHLA,59,14.36,ug/L,Chlorofilas_a_KM_BJ_2023_patikrinta_2024-01-29.xls,chlorofilas a,µg/l
3A,11,Strait,2023-08-14,0.5,DIN,,0.024,mg N/L,2023_KM_BJ_Hidrochemija_patikrinta_2024-01-22.xls,azotas mineralinis,mg/l
3A,11,Strait,2023-08-14,13.8,DIN,,0.027,mg N/L,2023_KM_BJ_Hidrochemija_patikrinta_2024-01-22.xls,azotas mineralinis,mg/l
3A,11,Strait,2023-08-14,0.5,NH4,1,0.021,mg N/L,2023_KM_BJ_Hidrochemija_patikrinta_2024-01-22.xls,amonio azotas,mg/l N
3A,11,Strait,2023-08-14,13.8,NH4,1,0.024,mg N/L,2023_KM_BJ_Hidrochemija_patikrinta_2024-01-22.xls,amonio azotas,mg/l N
3A,11,Strait,2023-08-14,0.5,NO2,,0.001,mg N/L,2023_KM_BJ_Hidrochemija_patikrinta_2024-01-22.xls,nitritų azotas,mg/l N
3A,11,Strait,2023-08-14,13.8,NO2,,0.001,mg N/L,2023_KM_BJ_Hidrochemija_patikrinta_2024-01-22.xls,nitritų azotas,mg/l N
3A,11,Strait,2023-08-14,0.5,NO3,2,0.002,mg N/L,2023_KM_BJ_Hidrochemija_patikrinta_2024-01-22.xls,nitratų azotas,mg/l N
3A,11,Strait,2023-08-14,13.8,NO3,2,0.002,mg N/L,2023_KM_BJ_Hidrochemija_patikrinta_2024-01-22.xls,nitratų azotas,mg/l N
3A,11,Strait,2023-08-14,0.5,PO4,3,0.006,mg P/L,2023_KM_BJ_Hidrochemija_patikrinta_2024-01-22.xls,fosfatų fosforas,mg/l P
3A,11,Strait,2023-08-14,13.8,PO4,3,0.006,mg P/L,2023_KM_BJ_Hidrochemija_patikrinta_2024-01-22.xls,fosfatų fosforas,mg/l P
3A,11,Strait,2023-08-14,0.5,Si,17,0.21,mg Si/L,2023_KM_BJ_Hidrochemija_patikrinta_2024-01-22.xls,silicis,mg/l
3A,11,Strait,2023-08-14,13.8,Si,17,0.21,mg Si/L,2023_KM_BJ_Hidrochemija_patikrinta_2024-01-22.xls,silicis,mg/l
3A,11,Strait,2023-08-14,0.5,TN,40,0.71,mg N/L,2023_KM_BJ_Hidrochemija_patikrinta_2024-01-22.xls,azotas bendras,mg/l
3A,11,Strait,2023-08-14,13.8,TN,40,0.6,mg N/L,2023_KM_BJ_Hidrochemija_patikrinta_2024-01-22.xls,azotas bendras,mg/l
3A,11,Strait,2023-08-14,0.5,TP,39,0.05,mg P/L,2023_KM_BJ_Hidrochemija_patikrinta_2024-01-22.xls,bendras fosforas,mg/l
3A,11,Strait,2023-08-14,13.8,TP,39,0.05,mg P/L,2023_KM_BJ_Hidrochemija_patikrinta_2024-01-22.xls,bendras fosforas,mg/l
3A,11,Strait,2023-08-14,0.5,TSS,,55.4,mg/L,2023_KM_BJ_Hidrochemija_patikrinta_2024-01-22.xls,suspenduotos (skendinčios),mg/l
3A,11,Strait,2023-08-14,13.8,TSS,,8.2,mg/L,2023_KM_BJ_Hidrochemija_patikrinta_2024-01-22.xls,suspenduotos (skendinčios),mg/l
3A,11,Strait,2023-09-25,0.5,BOD7,,1.5,mg O2/L,2023_KM_BJ_Hidrochemija_patikrinta_2024-01-22.xls,biocheminis deguonies suva,mg/l O2
3A,11,Strait,2023-09-25,13.3,BOD7,,1.1,mg O2/L,2023_KM_BJ_Hidrochemija_patikrinta_2024-01-22.xls,biocheminis deguonies suva,mg/l O2
3A,11,Strait,2023-09-25,Paviršinis sluoksnis,CHLA,59,7.75,ug/L,Chlorofilas_a_KM_BJ_2023_patikrinta_2024-01-29.xls,chlorofilas a,µg/l
3A,11,Strait,2023-09-25,0.5,DIN,,0.108,mg N/L,2023_KM_BJ_Hidrochemija_patikrinta_2024-01-22.xls,azotas mineralinis,mg/l
3A,11,Strait,2023-09-25,13.3,DIN,,0.109,mg N/L,2023_KM_BJ_Hidrochemija_patikrinta_2024-01-22.xls,azotas mineralinis,mg/l
3A,11,Strait,2023-09-25,0.5,NH4,1,0.086,mg N/L,2023_KM_BJ_Hidrochemija_patikrinta_2024-01-22.xls,amonio azotas,mg/l N
3A,11,Strait,2023-09-25,13.3,NH4,1,0.1,mg N/L,2023_KM_BJ_Hidrochemija_patikrinta_2024-01-22.xls,amonio azotas,mg/l N
3A,11,Strait,2023-09-25,0.5,NO2,,0.004,mg N/L,2023_KM_BJ_Hidrochemija_patikrinta_2024-01-22.xls,nitritų azotas,mg/l N
3A,11,Strait,2023-09-25,13.3,NO2,,0.001,mg N/L,2023_KM_BJ_Hidrochemija_patikrinta_2024-01-22.xls,nitritų azotas,mg/l N
3A,11,Strait,2023-09-25,0.5,NO3,2,0.018,mg N/L,2023_KM_BJ_Hidrochemija_patikrinta_2024-01-22.xls,nitratų azotas,mg/l N
3A,11,Strait,2023-09-25,13.3,NO3,2,0.008,mg N/L,2023_KM_BJ_Hidrochemija_patikrinta_2024-01-22.xls,nitratų azotas,mg/l N
3A,11,Strait,2023-09-25,0.5,PO4,3,0.01,mg P/L,2023_KM_BJ_Hidrochemija_patikrinta_2024-01-22.xls,fosfatų fosforas,mg/l P
3A,11,Strait,2023-09-25,13.3,PO4,3,0.009,mg P/L,2023_KM_BJ_Hidrochemija_patikrinta_2024-01-22.xls,fosfatų fosforas,mg/l P
3A,11,Strait,2023-09-25,0.5,Si,17,0.35,mg Si/L,2023_KM_BJ_Hidrochemija_patikrinta_2024-01-22.xls,silicis,mg/l
3A,11,Strait,2023-09-25,13.3,Si,17,0.41,mg Si/L,2023_KM_BJ_Hidrochemija_patikrinta_2024-01-22.xls,silicis,mg/l
3A,11,Strait,2023-09-25,0.5,TN,40,0.7,mg N/L,2023_KM_BJ_Hidrochemija_patikrinta_2024-01-22.xls,azotas bendras,mg/l
3A,11,Strait,2023-09-25,13.3,TN,40,0.57,mg N/L,2023_KM_BJ_Hidrochemija_patikrinta_2024-01-22.xls,azotas bendras,mg/l
3A,11,Strait,2023-09-25,0.5,TP,39,0.055,mg P/L,2023_KM_BJ_Hidrochemija_patikrinta_2024-01-22.xls,bendras fosforas,mg/l
3A,11,Strait,2023-09-25,13.3,TP,39,0.042,mg P/L,2023_KM_BJ_Hidrochemija_patikrinta_2024-01-22.xls,bendras fosforas,mg/l
3A,11,Strait,2023-09-25,0.5,TSS,,3.0,mg/L,2023_KM_BJ_Hidrochemija_patikrinta_2024-01-22.xls,suspenduotos (skendinčios),mg/l
3A,11,Strait,2023-09-25,13.3,TSS,,3.5,mg/L,2023_KM_BJ_Hidrochemija_patikrinta_2024-01-22.xls,suspenduotos (skendinčios),mg/l
3A,11,Strait,2023-10-16,0.5,BOD7,,2.0,mg O2/L,2023_KM_BJ_Hidrochemija_patikrinta_2024-01-22.xls,biocheminis deguonies suva,mg/l O2
3A,11,Strait,2023-10-16,13.8,BOD7,,1.8,mg O2/L,2023_KM_BJ_Hidrochemija_patikrinta_2024-01-22.xls,biocheminis deguonies suva,mg/l O2
3A,11,Strait,2023-10-16,0.5,DIN,,0.134,mg N/L,2023_KM_BJ_Hidrochemija_patikrinta_2024-01-22.xls,azotas mineralinis,mg/l
3A,11,Strait,2023-10-16,13.8,DIN,,0.123,mg N/L,2023_KM_BJ_Hidrochemija_patikrinta_2024-01-22.xls,azotas mineralinis,mg/l
3A,11,Strait,2023-10-16,0.5,NH4,1,0.067,mg N/L,2023_KM_BJ_Hidrochemija_patikrinta_2024-01-22.xls,amonio azotas,mg/l N
3A,11,Strait,2023-10-16,13.8,NH4,1,0.082,mg N/L,2023_KM_BJ_Hidrochemija_patikrinta_2024-01-22.xls,amonio azotas,mg/l N
3A,11,Strait,2023-10-16,0.5,NO2,,0.006,mg N/L,2023_KM_BJ_Hidrochemija_patikrinta_2024-01-22.xls,nitritų azotas,mg/l N
3A,11,Strait,2023-10-16,13.8,NO2,,0.006,mg N/L,2023_KM_BJ_Hidrochemija_patikrinta_2024-01-22.xls,nitritų azotas,mg/l N
3A,11,Strait,2023-10-16,0.5,NO3,2,0.061,mg N/L,2023_KM_BJ_Hidrochemija_patikrinta_2024-01-22.xls,nitratų azotas,mg/l N
3A,11,Strait,2023-10-16,13.8,NO3,2,0.035,mg N/L,2023_KM_BJ_Hidrochemija_patikrinta_2024-01-22.xls,nitratų azotas,mg/l N
3A,11,Strait,2023-10-16,0.5,PO4,3,0.006,mg P/L,2023_KM_BJ_Hidrochemija_patikrinta_2024-01-22.xls,fosfatų fosforas,mg/l P
3A,11,Strait,2023-10-16,13.8,PO4,3,0.006,mg P/L,2023_KM_BJ_Hidrochemija_patikrinta_2024-01-22.xls,fosfatų fosforas,mg/l P
3A,11,Strait,2023-10-16,0.5,Si,17,0.26,mg Si/L,2023_KM_BJ_Hidrochemija_patikrinta_2024-01-22.xls,silicis,mg/l
3A,11,Strait,2023-10-16,13.8,Si,17,0.33,mg Si/L,2023_KM_BJ_Hidrochemija_patikrinta_2024-01-22.xls,silicis,mg/l
3A,11,Strait,2023-10-16,0.5,TN,40,0.82,mg N/L,2023_KM_BJ_Hidrochemija_patikrinta_2024-01-22.xls,azotas bendras,mg/l
3A,11,Strait,2023-10-16,13.8,TN,40,0.65,mg N/L,2023_KM_BJ_Hidrochemija_patikrinta_2024-01-22.xls,azotas bendras,mg/l
3A,11,Strait,2023-10-16,0.5,TP,39,0.053,mg P/L,2023_KM_BJ_Hidrochemija_patikrinta_2024-01-22.xls,bendras fosforas,mg/l
3A,11,Strait,2023-10-16,13.8,TP,39,0.052,mg P/L,2023_KM_BJ_Hidrochemija_patikrinta_2024-01-22.xls,bendras fosforas,mg/l
3A,11,Strait,2023-10-16,0.5,TSS,,8.0,mg/L,2023_KM_BJ_Hidrochemija_patikrinta_2024-01-22.xls,suspenduotos (skendinčios),mg/l
3A,11,Strait,2023-10-16,13.8,TSS,,11.0,mg/L,2023_KM_BJ_Hidrochemija_patikrinta_2024-01-22.xls,suspenduotos (skendinčios),mg/l
3A,11,Strait,2023-11-15,0.5,BOD7,,1.2,mg O2/L,2023_KM_BJ_Hidrochemija_patikrinta_2024-01-22.xls,biocheminis deguonies suva,mg/l O2
3A,11,Strait,2023-11-15,13.8,BOD7,,1.1,mg O2/L,2023_KM_BJ_Hidrochemija_patikrinta_2024-01-22.xls,biocheminis deguonies suva,mg/l O2
3A,11,Strait,2023-11-15,0.5,DIN,,0.854,mg N/L,2023_KM_BJ_Hidrochemija_patikrinta_2024-01-22.xls,azotas mineralinis,mg/l
3A,11,Strait,2023-11-15,13.8,DIN,,0.408,mg N/L,2023_KM_BJ_Hidrochemija_patikrinta_2024-01-22.xls,azotas mineralinis,mg/l
3A,11,Strait,2023-11-15,0.5,NH4,1,0.044,mg N/L,2023_KM_BJ_Hidrochemija_patikrinta_2024-01-22.xls,amonio azotas,mg/l N
3A,11,Strait,2023-11-15,13.8,NH4,1,0.13,mg N/L,2023_KM_BJ_Hidrochemija_patikrinta_2024-01-22.xls,amonio azotas,mg/l N
3A,11,Strait,2023-11-15,0.5,NO2,,0.01,mg N/L,2023_KM_BJ_Hidrochemija_patikrinta_2024-01-22.xls,nitritų azotas,mg/l N
3A,11,Strait,2023-11-15,13.8,NO2,,0.008,mg N/L,2023_KM_BJ_Hidrochemija_patikrinta_2024-01-22.xls,nitritų azotas,mg/l N
3A,11,Strait,2023-11-15,0.5,NO3,2,0.8,mg N/L,2023_KM_BJ_Hidrochemija_patikrinta_2024-01-22.xls,nitratų azotas,mg/l N
3A,11,Strait,2023-11-15,13.8,NO3,2,0.27,mg N/L,2023_KM_BJ_Hidrochemija_patikrinta_2024-01-22.xls,nitratų azotas,mg/l N
3A,11,Strait,2023-11-15,0.5,PO4,3,0.006,mg P/L,2023_KM_BJ_Hidrochemija_patikrinta_2024-01-22.xls,fosfatų fosforas,mg/l P
3A,11,Strait,2023-11-15,13.8,PO4,3,0.022,mg P/L,2023_KM_BJ_Hidrochemija_patikrinta_2024-01-22.xls,fosfatų fosforas,mg/l P
3A,11,Strait,2023-11-15,0.5,Si,17,1.11,mg Si/L,2023_KM_BJ_Hidrochemija_patikrinta_2024-01-22.xls,silicis,mg/l
3A,11,Strait,2023-11-15,13.8,Si,17,0.72,mg Si/L,2023_KM_BJ_Hidrochemija_patikrinta_2024-01-22.xls,silicis,mg/l
3A,11,Strait,2023-11-15,0.5,TN,40,1.6,mg N/L,2023_KM_BJ_Hidrochemija_patikrinta_2024-01-22.xls,azotas bendras,mg/l
3A,11,Strait,2023-11-15,13.8,TN,40,0.84,mg N/L,2023_KM_BJ_Hidrochemija_patikrinta_2024-01-22.xls,azotas bendras,mg/l
3A,11,Strait,2023-11-15,0.5,TP,39,0.044,mg P/L,2023_KM_BJ_Hidrochemija_patikrinta_2024-01-22.xls,bendras fosforas,mg/l
3A,11,Strait,2023-11-15,13.8,TP,39,0.054,mg P/L,2023_KM_BJ_Hidrochemija_patikrinta_2024-01-22.xls,bendras fosforas,mg/l
3A,11,Strait,2023-11-15,0.5,TSS,,6.9,mg/L,2023_KM_BJ_Hidrochemija_patikrinta_2024-01-22.xls,suspenduotos (skendinčios),mg/l
3A,11,Strait,2023-11-15,13.8,TSS,,5.6,mg/L,2023_KM_BJ_Hidrochemija_patikrinta_2024-01-22.xls,suspenduotos (skendinčios),mg/l
3B,11,Strait,2022-02-23,0.5,BOD7,,0.96,mg O2/L,2022 Hidrochemija_KM_patikrinta_2023-03-30_1061.xls,biocheminis deguonies suvartojimas per 7 paras,mg/l O2
3B,11,Strait,2022-02-23,14,BOD7,,0.71,mg O2/L,2022 Hidrochemija_KM_patikrinta_2023-03-30_1061.xls,biocheminis deguonies suvartojimas per 7 paras,mg/l O2
3B,11,Strait,2022-02-23,0.5,CHLA,59,11.95,ug/L,Chlorofilas a_KM_2022_patikrinta_2023-03-15_1053.xls,Chlorofilas a,µg/l
3B,11,Strait,2022-02-23,0.5,DIN,,3.862,mg N/L,2022 Hidrochemija_KM_patikrinta_2023-03-30_1061.xls,azotas mineralinis,mg/l
3B,11,Strait,2022-02-23,14,DIN,,2.982,mg N/L,2022 Hidrochemija_KM_patikrinta_2023-03-30_1061.xls,azotas mineralinis,mg/l
3B,11,Strait,2022-02-23,0.5,NH4,1,0.047,mg N/L,2022 Hidrochemija_KM_patikrinta_2023-03-30_1061.xls,amonio azotas,mg/l N
3B,11,Strait,2022-02-23,14,NH4,1,0.068,mg N/L,2022 Hidrochemija_KM_patikrinta_2023-03-30_1061.xls,amonio azotas,mg/l N
3B,11,Strait,2022-02-23,0.5,NO2,,0.015,mg N/L,2022 Hidrochemija_KM_patikrinta_2023-03-30_1061.xls,nitritų azotas,mg/l N
3B,11,Strait,2022-02-23,14,NO2,,0.014,mg N/L,2022 Hidrochemija_KM_patikrinta_2023-03-30_1061.xls,nitritų azotas,mg/l N
3B,11,Strait,2022-02-23,0.5,NO3,2,3.8,mg N/L,2022 Hidrochemija_KM_patikrinta_2023-03-30_1061.xls,nitratų azotas,mg/l N
3B,11,Strait,2022-02-23,14,NO3,2,2.9,mg N/L,2022 Hidrochemija_KM_patikrinta_2023-03-30_1061.xls,nitratų azotas,mg/l N
3B,11,Strait,2022-02-23,0.5,PO4,3,0.015,mg P/L,2022 Hidrochemija_KM_patikrinta_2023-03-30_1061.xls,fosfatų fosforas,mg/l P
3B,11,Strait,2022-02-23,14,PO4,3,0.019,mg P/L,2022 Hidrochemija_KM_patikrinta_2023-03-30_1061.xls,fosfatų fosforas,mg/l P
3B,11,Strait,2022-02-23,0.5,Si,17,4.06,mg Si/L,2022 Hidrochemija_KM_patikrinta_2023-03-30_1061.xls,silicis,mg/l
3B,11,Strait,2022-02-23,14,Si,17,3.86,mg Si/L,2022 Hidrochemija_KM_patikrinta_2023-03-30_1061.xls,silicis,mg/l
3B,11,Strait,2022-02-23,0.5,TN,40,3.9,mg N/L,2022 Hidrochemija_KM_patikrinta_2023-03-30_1061.xls,azotas bendras,mg/l
3B,11,Strait,2022-02-23,14,TN,40,3.2,mg N/L,2022 Hidrochemija_KM_patikrinta_2023-03-30_1061.xls,azotas bendras,mg/l
3B,11,Strait,2022-02-23,0.5,TP,39,0.08,mg P/L,2022 Hidrochemija_KM_patikrinta_2023-03-30_1061.xls,bendras fosforas,mg/l
3B,11,Strait,2022-02-23,14,TP,39,0.075,mg P/L,2022 Hidrochemija_KM_patikrinta_2023-03-30_1061.xls,bendras fosforas,mg/l
3B,11,Strait,2022-02-23,0.5,TSS,,11.0,mg/L,2022 Hidrochemija_KM_patikrinta_2023-03-30_1061.xls,suspenduotos (skendinčios) medžiagos,mg/l
3B,11,Strait,2022-02-23,14,TSS,,17.0,mg/L,2022 Hidrochemija_KM_patikrinta_2023-03-30_1061.xls,suspenduotos (skendinčios) medžiagos,mg/l
3B,11,Strait,2022-03-15,0.5,BOD7,,1.1,mg O2/L,2022 Hidrochemija_KM_patikrinta_2023-03-30_1061.xls,biocheminis deguonies suvartojimas per 7 paras,mg/l O2
3B,11,Strait,2022-03-15,11.2,BOD7,,1.2,mg O2/L,2022 Hidrochemija_KM_patikrinta_2023-03-30_1061.xls,biocheminis deguonies suvartojimas per 7 paras,mg/l O2
3B,11,Strait,2022-03-15,0.5,CHLA,59,7.31,ug/L,Chlorofilas a_KM_2022_patikrinta_2023-03-15_1053.xls,Chlorofilas a,µg/l
3B,11,Strait,2022-03-15,0.5,DIN,,3.349,mg N/L,2022 Hidrochemija_KM_patikrinta_2023-03-30_1061.xls,azotas mineralinis,mg/l
3B,11,Strait,2022-03-15,11.2,DIN,,3.353,mg N/L,2022 Hidrochemija_KM_patikrinta_2023-03-30_1061.xls,azotas mineralinis,mg/l
3B,11,Strait,2022-03-15,0.5,NH4,1,0.035,mg N/L,2022 Hidrochemija_KM_patikrinta_2023-03-30_1061.xls,amonio azotas,mg/l N
3B,11,Strait,2022-03-15,11.2,NH4,1,0.04,mg N/L,2022 Hidrochemija_KM_patikrinta_2023-03-30_1061.xls,amonio azotas,mg/l N
3B,11,Strait,2022-03-15,0.5,NO2,,0.014,mg N/L,2022 Hidrochemija_KM_patikrinta_2023-03-30_1061.xls,nitritų azotas,mg/l N
3B,11,Strait,2022-03-15,11.2,NO2,,0.013,mg N/L,2022 Hidrochemija_KM_patikrinta_2023-03-30_1061.xls,nitritų azotas,mg/l N
3B,11,Strait,2022-03-15,0.5,NO3,2,3.3,mg N/L,2022 Hidrochemija_KM_patikrinta_2023-03-30_1061.xls,nitratų azotas,mg/l N
3B,11,Strait,2022-03-15,11.2,NO3,2,3.3,mg N/L,2022 Hidrochemija_KM_patikrinta_2023-03-30_1061.xls,nitratų azotas,mg/l N
3B,11,Strait,2022-03-15,0.5,PO4,3,0.011,mg P/L,2022 Hidrochemija_KM_patikrinta_2023-03-30_1061.xls,fosfatų fosforas,mg/l P
3B,11,Strait,2022-03-15,11.2,PO4,3,0.009,mg P/L,2022 Hidrochemija_KM_patikrinta_2023-03-30_1061.xls,fosfatų fosforas,mg/l P
3B,11,Strait,2022-03-15,0.5,Si,17,3.29,mg Si/L,2022 Hidrochemija_KM_patikrinta_2023-03-30_1061.xls,silicis,mg/l
3B,11,Strait,2022-03-15,11.2,Si,17,3.21,mg Si/L,2022 Hidrochemija_KM_patikrinta_2023-03-30_1061.xls,silicis,mg/l
3B,11,Strait,2022-03-15,0.5,TN,40,3.6,mg N/L,2022 Hidrochemija_KM_patikrinta_2023-03-30_1061.xls,azotas bendras,mg/l
3B,11,Strait,2022-03-15,11.2,TN,40,3.7,mg N/L,2022 Hidrochemija_KM_patikrinta_2023-03-30_1061.xls,azotas bendras,mg/l
3B,11,Strait,2022-03-15,0.5,TP,39,0.043,mg P/L,2022 Hidrochemija_KM_patikrinta_2023-03-30_1061.xls,bendras fosforas,mg/l
3B,11,Strait,2022-03-15,11.2,TP,39,0.041,mg P/L,2022 Hidrochemija_KM_patikrinta_2023-03-30_1061.xls,bendras fosforas,mg/l
3B,11,Strait,2022-03-15,0.5,TSS,,2.2,mg/L,2022 Hidrochemija_KM_patikrinta_2023-03-30_1061.xls,suspenduotos (skendinčios) medžiagos,mg/l
3B,11,Strait,2022-03-15,11.2,TSS,,1.5,mg/L,2022 Hidrochemija_KM_patikrinta_2023-03-30_1061.xls,suspenduotos (skendinčios) medžiagos,mg/l
3B,11,Strait,2022-04-13,0.5,BOD7,,2.3,mg O2/L,2022 Hidrochemija_KM_patikrinta_2023-03-30_1061.xls,biocheminis deguonies suvartojimas per 7 paras,mg/l O2
3B,11,Strait,2022-04-13,14,BOD7,,2.7,mg O2/L,2022 Hidrochemija_KM_patikrinta_2023-03-30_1061.xls,biocheminis deguonies suvartojimas per 7 paras,mg/l O2
3B,11,Strait,2022-04-13,0.5,CHLA,59,14.08,ug/L,Chlorofilas a_KM_2022_patikrinta_2023-03-15_1053.xls,Chlorofilas a,µg/l
3B,11,Strait,2022-04-13,0.5,DIN,,0.664,mg N/L,2022 Hidrochemija_KM_patikrinta_2023-03-30_1061.xls,azotas mineralinis,mg/l
3B,11,Strait,2022-04-13,14,DIN,,0.106,mg N/L,2022 Hidrochemija_KM_patikrinta_2023-03-30_1061.xls,azotas mineralinis,mg/l
3B,11,Strait,2022-04-13,0.5,NH4,1,0.037,mg N/L,2022 Hidrochemija_KM_patikrinta_2023-03-30_1061.xls,amonio azotas,mg/l N
3B,11,Strait,2022-04-13,14,NH4,1,0.033,mg N/L,2022 Hidrochemija_KM_patikrinta_2023-03-30_1061.xls,amonio azotas,mg/l N
3B,11,Strait,2022-04-13,0.5,NO2,,0.007,mg N/L,2022 Hidrochemija_KM_patikrinta_2023-03-30_1061.xls,nitritų azotas,mg/l N
3B,11,Strait,2022-04-13,14,NO2,,0.001,mg N/L,2022 Hidrochemija_KM_patikrinta_2023-03-30_1061.xls,nitritų azotas,mg/l N
3B,11,Strait,2022-04-13,0.5,NO3,2,0.62,mg N/L,2022 Hidrochemija_KM_patikrinta_2023-03-30_1061.xls,nitratų azotas,mg/l N
3B,11,Strait,2022-04-13,14,NO3,2,0.072,mg N/L,2022 Hidrochemija_KM_patikrinta_2023-03-30_1061.xls,nitratų azotas,mg/l N
3B,11,Strait,2022-04-13,0.5,PO4,3,0.006,mg P/L,2022 Hidrochemija_KM_patikrinta_2023-03-30_1061.xls,fosfatų fosforas,mg/l P
3B,11,Strait,2022-04-13,14,PO4,3,0.006,mg P/L,2022 Hidrochemija_KM_patikrinta_2023-03-30_1061.xls,fosfatų fosforas,mg/l P
3B,11,Strait,2022-04-13,0.5,Si,17,1.43,mg Si/L,2022 Hidrochemija_KM_patikrinta_2023-03-30_1061.xls,silicis,mg/l
3B,11,Strait,2022-04-13,14,Si,17,1.33,mg Si/L,2022 Hidrochemija_KM_patikrinta_2023-03-30_1061.xls,silicis,mg/l
3B,11,Strait,2022-04-13,0.5,TN,40,0.97,mg N/L,2022 Hidrochemija_KM_patikrinta_2023-03-30_1061.xls,azotas bendras,mg/l
3B,11,Strait,2022-04-13,14,TN,40,0.57,mg N/L,2022 Hidrochemija_KM_patikrinta_2023-03-30_1061.xls,azotas bendras,mg/l
3B,11,Strait,2022-04-13,0.5,TP,39,0.03,mg P/L,2022 Hidrochemija_KM_patikrinta_2023-03-30_1061.xls,bendras fosforas,mg/l
3B,11,Strait,2022-04-13,14,TP,39,0.042,mg P/L,2022 Hidrochemija_KM_patikrinta_2023-03-30_1061.xls,bendras fosforas,mg/l
3B,11,Strait,2022-04-13,0.5,TSS,,5.0,mg/L,2022 Hidrochemija_KM_patikrinta_2023-03-30_1061.xls,suspenduotos (skendinčios) medžiagos,mg/l
3B,11,Strait,2022-04-13,14,TSS,,6.7,mg/L,2022 Hidrochemija_KM_patikrinta_2023-03-30_1061.xls,suspenduotos (skendinčios) medžiagos,mg/l
3B,11,Strait,2022-05-05,0.5,BOD7,,1.4,mg O2/L,2022 Hidrochemija_KM_patikrinta_2023-03-30_1061.xls,biocheminis deguonies suvartojimas per 7 paras,mg/l O2
3B,11,Strait,2022-05-05,11,BOD7,,1.4,mg O2/L,2022 Hidrochemija_KM_patikrinta_2023-03-30_1061.xls,biocheminis deguonies suvartojimas per 7 paras,mg/l O2
3B,11,Strait,2022-05-05,0.5,CHLA,59,4.34,ug/L,Chlorofilas a_KM_2022_patikrinta_2023-03-15_1053.xls,Chlorofilas a,µg/l
3B,11,Strait,2022-05-05,0.5,DIN,,0.938,mg N/L,2022 Hidrochemija_KM_patikrinta_2023-03-30_1061.xls,azotas mineralinis,mg/l
3B,11,Strait,2022-05-05,11,DIN,,0.929,mg N/L,2022 Hidrochemija_KM_patikrinta_2023-03-30_1061.xls,azotas mineralinis,mg/l
3B,11,Strait,2022-05-05,0.5,NH4,1,0.022,mg N/L,2022 Hidrochemija_KM_patikrinta_2023-03-30_1061.xls,amonio azotas,mg/l N
3B,11,Strait,2022-05-05,11,NH4,1,0.022,mg N/L,2022 Hidrochemija_KM_patikrinta_2023-03-30_1061.xls,amonio azotas,mg/l N
3B,11,Strait,2022-05-05,0.5,NO2,,0.006,mg N/L,2022 Hidrochemija_KM_patikrinta_2023-03-30_1061.xls,nitritų azotas,mg/l N
3B,11,Strait,2022-05-05,11,NO2,,0.007,mg N/L,2022 Hidrochemija_KM_patikrinta_2023-03-30_1061.xls,nitritų azotas,mg/l N
3B,11,Strait,2022-05-05,0.5,NO3,2,0.91,mg N/L,2022 Hidrochemija_KM_patikrinta_2023-03-30_1061.xls,nitratų azotas,mg/l N
3B,11,Strait,2022-05-05,11,NO3,2,0.9,mg N/L,2022 Hidrochemija_KM_patikrinta_2023-03-30_1061.xls,nitratų azotas,mg/l N
3B,11,Strait,2022-05-05,0.5,PO4,3,0.006,mg P/L,2022 Hidrochemija_KM_patikrinta_2023-03-30_1061.xls,fosfatų fosforas,mg/l P
3B,11,Strait,2022-05-05,11,PO4,3,0.006,mg P/L,2022 Hidrochemija_KM_patikrinta_2023-03-30_1061.xls,fosfatų fosforas,mg/l P
3B,11,Strait,2022-05-05,0.5,Si,17,0.38,mg Si/L,2022 Hidrochemija_KM_patikrinta_2023-03-30_1061.xls,silicis,mg/l
3B,11,Strait,2022-05-05,11,Si,17,0.5,mg Si/L,2022 Hidrochemija_KM_patikrinta_2023-03-30_1061.xls,silicis,mg/l
3B,11,Strait,2022-05-05,0.5,TN,40,1.3,mg N/L,2022 Hidrochemija_KM_patikrinta_2023-03-30_1061.xls,azotas bendras,mg/l
3B,11,Strait,2022-05-05,11,TN,40,1.2,mg N/L,2022 Hidrochemija_KM_patikrinta_2023-03-30_1061.xls,azotas bendras,mg/l
3B,11,Strait,2022-05-05,0.5,TP,39,0.023,mg P/L,2022 Hidrochemija_KM_patikrinta_2023-03-30_1061.xls,bendras fosforas,mg/l
3B,11,Strait,2022-05-05,11,TP,39,0.022,mg P/L,2022 Hidrochemija_KM_patikrinta_2023-03-30_1061.xls,bendras fosforas,mg/l
3B,11,Strait,2022-05-05,0.5,TSS,,2.6,mg/L,2022 Hidrochemija_KM_patikrinta_2023-03-30_1061.xls,suspenduotos (skendinčios) medžiagos,mg/l
3B,11,Strait,2022-05-05,11,TSS,,3.5,mg/L,2022 Hidrochemija_KM_patikrinta_2023-03-30_1061.xls,suspenduotos (skendinčios) medžiagos,mg/l
3B,11,Strait,2022-06-09,0.5,BOD7,,1.6,mg O2/L,2022 Hidrochemija_KM_patikrinta_2023-03-30_1061.xls,biocheminis deguonies suvartojimas per 7 paras,mg/l O2
3B,11,Strait,2022-06-09,9.5,BOD7,,1.6,mg O2/L,2022 Hidrochemija_KM_patikrinta_2023-03-30_1061.xls,biocheminis deguonies suvartojimas per 7 paras,mg/l O2
3B,11,Strait,2022-06-09,0.5,CHLA,59,8.14,ug/L,Chlorofilas a_KM_2022_patikrinta_2023-03-15_1053.xls,Chlorofilas a,µg/l
3B,11,Strait,2022-06-09,0.5,DIN,,0.177,mg N/L,2022 Hidrochemija_KM_patikrinta_2023-03-30_1061.xls,azotas mineralinis,mg/l
3B,11,Strait,2022-06-09,9.5,DIN,,0.114,mg N/L,2022 Hidrochemija_KM_patikrinta_2023-03-30_1061.xls,azotas mineralinis,mg/l
3B,11,Strait,2022-06-09,0.5,NH4,1,0.05,mg N/L,2022 Hidrochemija_KM_patikrinta_2023-03-30_1061.xls,amonio azotas,mg/l N
3B,11,Strait,2022-06-09,9.5,NH4,1,0.048,mg N/L,2022 Hidrochemija_KM_patikrinta_2023-03-30_1061.xls,amonio azotas,mg/l N
3B,11,Strait,2022-06-09,0.5,NO2,,0.007,mg N/L,2022 Hidrochemija_KM_patikrinta_2023-03-30_1061.xls,nitritų azotas,mg/l N
3B,11,Strait,2022-06-09,9.5,NO2,,0.007,mg N/L,2022 Hidrochemija_KM_patikrinta_2023-03-30_1061.xls,nitritų azotas,mg/l N
3B,11,Strait,2022-06-09,0.5,NO3,2,0.12,mg N/L,2022 Hidrochemija_KM_patikrinta_2023-03-30_1061.xls,nitratų azotas,mg/l N
3B,11,Strait,2022-06-09,9.5,NO3,2,0.059,mg N/L,2022 Hidrochemija_KM_patikrinta_2023-03-30_1061.xls,nitratų azotas,mg/l N
3B,11,Strait,2022-06-09,0.5,PO4,3,0.006,mg P/L,2022 Hidrochemija_KM_patikrinta_2023-03-30_1061.xls,fosfatų fosforas,mg/l P
3B,11,Strait,2022-06-09,9.5,PO4,3,0.006,mg P/L,2022 Hidrochemija_KM_patikrinta_2023-03-30_1061.xls,fosfatų fosforas,mg/l P
3B,11,Strait,2022-06-09,0.5,Si,17,0.15,mg Si/L,2022 Hidrochemija_KM_patikrinta_2023-03-30_1061.xls,silicis,mg/l
3B,11,Strait,2022-06-09,9.5,Si,17,0.23,mg Si/L,2022 Hidrochemija_KM_patikrinta_2023-03-30_1061.xls,silicis,mg/l
3B,11,Strait,2022-06-09,0.5,TN,40,1.2,mg N/L,2022 Hidrochemija_KM_patikrinta_2023-03-30_1061.xls,azotas bendras,mg/l
3B,11,Strait,2022-06-09,9.5,TN,40,1.1,mg N/L,2022 Hidrochemija_KM_patikrinta_2023-03-30_1061.xls,azotas bendras,mg/l
3B,11,Strait,2022-06-09,0.5,TP,39,0.036,mg P/L,2022 Hidrochemija_KM_patikrinta_2023-03-30_1061.xls,bendras fosforas,mg/l
3B,11,Strait,2022-06-09,9.5,TP,39,0.036,mg P/L,2022 Hidrochemija_KM_patikrinta_2023-03-30_1061.xls,bendras fosforas,mg/l
3B,11,Strait,2022-06-09,0.5,TSS,,6.6,mg/L,2022 Hidrochemija_KM_patikrinta_2023-03-30_1061.xls,suspenduotos (skendinčios) medžiagos,mg/l
3B,11,Strait,2022-06-09,9.5,TSS,,6.4,mg/L,2022 Hidrochemija_KM_patikrinta_2023-03-30_1061.xls,suspenduotos (skendinčios) medžiagos,mg/l
3B,11,Strait,2022-08-23,0.5,BOD7,,1.6,mg O2/L,2022 Hidrochemija_KM_patikrinta_2023-03-30_1061.xls,biocheminis deguonies suvartojimas per 7 paras,mg/l O2
3B,11,Strait,2022-08-23,10.1,BOD7,,1.3,mg O2/L,2022 Hidrochemija_KM_patikrinta_2023-03-30_1061.xls,biocheminis deguonies suvartojimas per 7 paras,mg/l O2
3B,11,Strait,2022-08-23,0.5,CHLA,59,6.1,ug/L,Chlorofilas a_KM_2022_patikrinta_2023-03-15_1053.xls,Chlorofilas a,µg/l
3B,11,Strait,2022-08-23,0.5,DIN,,0.062,mg N/L,2022 Hidrochemija_KM_patikrinta_2023-03-30_1061.xls,azotas mineralinis,mg/l
3B,11,Strait,2022-08-23,10.1,DIN,,0.043,mg N/L,2022 Hidrochemija_KM_patikrinta_2023-03-30_1061.xls,azotas mineralinis,mg/l
3B,11,Strait,2022-08-23,0.5,NH4,1,0.035,mg N/L,2022 Hidrochemija_KM_patikrinta_2023-03-30_1061.xls,amonio azotas,mg/l N
3B,11,Strait,2022-08-23,10.1,NH4,1,0.04,mg N/L,2022 Hidrochemija_KM_patikrinta_2023-03-30_1061.xls,amonio azotas,mg/l N
3B,11,Strait,2022-08-23,0.5,NO2,,0.008,mg N/L,2022 Hidrochemija_KM_patikrinta_2023-03-30_1061.xls,nitritų azotas,mg/l N
3B,11,Strait,2022-08-23,10.1,NO2,,0.001,mg N/L,2022 Hidrochemija_KM_patikrinta_2023-03-30_1061.xls,nitritų azotas,mg/l N
3B,11,Strait,2022-08-23,0.5,NO3,2,0.019,mg N/L,2022 Hidrochemija_KM_patikrinta_2023-03-30_1061.xls,nitratų azotas,mg/l N
3B,11,Strait,2022-08-23,10.1,NO3,2,0.002,mg N/L,2022 Hidrochemija_KM_patikrinta_2023-03-30_1061.xls,nitratų azotas,mg/l N
3B,11,Strait,2022-08-23,0.5,PO4,3,0.017,mg P/L,2022 Hidrochemija_KM_patikrinta_2023-03-30_1061.xls,fosfatų fosforas,mg/l P
3B,11,Strait,2022-08-23,10.1,PO4,3,0.012,mg P/L,2022 Hidrochemija_KM_patikrinta_2023-03-30_1061.xls,fosfatų fosforas,mg/l P
3B,11,Strait,2022-08-23,0.5,Si,17,0.55,mg Si/L,2022 Hidrochemija_KM_patikrinta_2023-03-30_1061.xls,silicis,mg/l
3B,11,Strait,2022-08-23,10.1,Si,17,0.33,mg Si/L,2022 Hidrochemija_KM_patikrinta_2023-03-30_1061.xls,silicis,mg/l
3B,11,Strait,2022-08-23,0.5,TN,40,0.75,mg N/L,2022 Hidrochemija_KM_patikrinta_2023-03-30_1061.xls,azotas bendras,mg/l
3B,11,Strait,2022-08-23,10.1,TN,40,0.75,mg N/L,2022 Hidrochemija_KM_patikrinta_2023-03-30_1061.xls,azotas bendras,mg/l
3B,11,Strait,2022-08-23,0.5,TP,39,0.062,mg P/L,2022 Hidrochemija_KM_patikrinta_2023-03-30_1061.xls,bendras fosforas,mg/l
3B,11,Strait,2022-08-23,10.1,TP,39,0.042,mg P/L,2022 Hidrochemija_KM_patikrinta_2023-03-30_1061.xls,bendras fosforas,mg/l
3B,11,Strait,2022-08-23,0.5,TSS,,3.7,mg/L,2022 Hidrochemija_KM_patikrinta_2023-03-30_1061.xls,suspenduotos (skendinčios) medžiagos,mg/l
3B,11,Strait,2022-08-23,10.1,TSS,,10.0,mg/L,2022 Hidrochemija_KM_patikrinta_2023-03-30_1061.xls,suspenduotos (skendinčios) medžiagos,mg/l
3B,11,Strait,2022-09-20,0.5,BOD7,,0.91,mg O2/L,2022 Hidrochemija_KM_patikrinta_2023-03-30_1061.xls,biocheminis deguonies suvartojimas per 7 paras,mg/l O2
3B,11,Strait,2022-09-20,13.2,BOD7,,0.73,mg O2/L,2022 Hidrochemija_KM_patikrinta_2023-03-30_1061.xls,biocheminis deguonies suvartojimas per 7 paras,mg/l O2
3B,11,Strait,2022-09-20,0.5,CHLA,59,7.23,ug/L,Chlorofilas a_KM_2022_patikrinta_2023-03-15_1053.xls,Chlorofilas a,µg/l
3B,11,Strait,2022-09-20,0.5,DIN,,0.113,mg N/L,2022 Hidrochemija_KM_patikrinta_2023-03-30_1061.xls,azotas mineralinis,mg/l
3B,11,Strait,2022-09-20,13.2,DIN,,0.044,mg N/L,2022 Hidrochemija_KM_patikrinta_2023-03-30_1061.xls,azotas mineralinis,mg/l
3B,11,Strait,2022-09-20,0.5,NH4,1,0.11,mg N/L,2022 Hidrochemija_KM_patikrinta_2023-03-30_1061.xls,amonio azotas,mg/l N
3B,11,Strait,2022-09-20,13.2,NH4,1,0.041,mg N/L,2022 Hidrochemija_KM_patikrinta_2023-03-30_1061.xls,amonio azotas,mg/l N
3B,11,Strait,2022-09-20,0.5,NO2,,0.001,mg N/L,2022 Hidrochemija_KM_patikrinta_2023-03-30_1061.xls,nitritų azotas,mg/l N
3B,11,Strait,2022-09-20,13.2,NO2,,0.001,mg N/L,2022 Hidrochemija_KM_patikrinta_2023-03-30_1061.xls,nitritų azotas,mg/l N
3B,11,Strait,2022-09-20,0.5,NO3,2,0.002,mg N/L,2022 Hidrochemija_KM_patikrinta_2023-03-30_1061.xls,nitratų azotas,mg/l N
3B,11,Strait,2022-09-20,13.2,NO3,2,0.002,mg N/L,2022 Hidrochemija_KM_patikrinta_2023-03-30_1061.xls,nitratų azotas,mg/l N
3B,11,Strait,2022-09-20,0.5,PO4,3,0.006,mg P/L,2022 Hidrochemija_KM_patikrinta_2023-03-30_1061.xls,fosfatų fosforas,mg/l P
3B,11,Strait,2022-09-20,13.2,PO4,3,0.006,mg P/L,2022 Hidrochemija_KM_patikrinta_2023-03-30_1061.xls,fosfatų fosforas,mg/l P
3B,11,Strait,2022-09-20,0.5,Si,17,0.28,mg Si/L,2022 Hidrochemija_KM_patikrinta_2023-03-30_1061.xls,silicis,mg/l
3B,11,Strait,2022-09-20,13.2,Si,17,0.23,mg Si/L,2022 Hidrochemija_KM_patikrinta_2023-03-30_1061.xls,silicis,mg/l
3B,11,Strait,2022-09-20,0.5,TN,40,0.48,mg N/L,2022 Hidrochemija_KM_patikrinta_2023-03-30_1061.xls,azotas bendras,mg/l
3B,11,Strait,2022-09-20,13.2,TN,40,0.38,mg N/L,2022 Hidrochemija_KM_patikrinta_2023-03-30_1061.xls,azotas bendras,mg/l
3B,11,Strait,2022-09-20,0.5,TP,39,0.042,mg P/L,2022 Hidrochemija_KM_patikrinta_2023-03-30_1061.xls,bendras fosforas,mg/l
3B,11,Strait,2022-09-20,13.2,TP,39,0.038,mg P/L,2022 Hidrochemija_KM_patikrinta_2023-03-30_1061.xls,bendras fosforas,mg/l
3B,11,Strait,2022-09-20,0.5,TSS,,9.6,mg/L,2022 Hidrochemija_KM_patikrinta_2023-03-30_1061.xls,suspenduotos (skendinčios) medžiagos,mg/l
3B,11,Strait,2022-09-20,13.2,TSS,,14.0,mg/L,2022 Hidrochemija_KM_patikrinta_2023-03-30_1061.xls,suspenduotos (skendinčios) medžiagos,mg/l
3B,11,Strait,2022-10-13,0.5,BOD7,,0.75,mg O2/L,2022 Hidrochemija_KM_patikrinta_2023-03-30_1061.xls,biocheminis deguonies suvartojimas per 7 paras,mg/l O2
3B,11,Strait,2022-10-13,12.6,BOD7,,0.64,mg O2/L,2022 Hidrochemija_KM_patikrinta_2023-03-30_1061.xls,biocheminis deguonies suvartojimas per 7 paras,mg/l O2
3B,11,Strait,2022-10-13,0.5,CHLA,59,6.87,ug/L,Chlorofilas a_KM_2022_patikrinta_2023-03-15_1053.xls,Chlorofilas a,µg/l
3B,11,Strait,2022-10-13,0.5,DIN,,0.094,mg N/L,2022 Hidrochemija_KM_patikrinta_2023-03-30_1061.xls,azotas mineralinis,mg/l
3B,11,Strait,2022-10-13,12.6,DIN,,0.098,mg N/L,2022 Hidrochemija_KM_patikrinta_2023-03-30_1061.xls,azotas mineralinis,mg/l
3B,11,Strait,2022-10-13,0.5,NH4,1,0.066,mg N/L,2022 Hidrochemija_KM_patikrinta_2023-03-30_1061.xls,amonio azotas,mg/l N
3B,11,Strait,2022-10-13,12.6,NH4,1,0.072,mg N/L,2022 Hidrochemija_KM_patikrinta_2023-03-30_1061.xls,amonio azotas,mg/l N
3B,11,Strait,2022-10-13,0.5,NO2,,0.001,mg N/L,2022 Hidrochemija_KM_patikrinta_2023-03-30_1061.xls,nitritų azotas,mg/l N
3B,11,Strait,2022-10-13,12.6,NO2,,0.001,mg N/L,2022 Hidrochemija_KM_patikrinta_2023-03-30_1061.xls,nitritų azotas,mg/l N
3B,11,Strait,2022-10-13,0.5,NO3,2,0.027,mg N/L,2022 Hidrochemija_KM_patikrinta_2023-03-30_1061.xls,nitratų azotas,mg/l N
3B,11,Strait,2022-10-13,12.6,NO3,2,0.025,mg N/L,2022 Hidrochemija_KM_patikrinta_2023-03-30_1061.xls,nitratų azotas,mg/l N
3B,11,Strait,2022-10-13,0.5,PO4,3,0.011,mg P/L,2022 Hidrochemija_KM_patikrinta_2023-03-30_1061.xls,fosfatų fosforas,mg/l P
3B,11,Strait,2022-10-13,12.6,PO4,3,0.011,mg P/L,2022 Hidrochemija_KM_patikrinta_2023-03-30_1061.xls,fosfatų fosforas,mg/l P
3B,11,Strait,2022-10-13,0.5,Si,17,1.06,mg Si/L,2022 Hidrochemija_KM_patikrinta_2023-03-30_1061.xls,silicis,mg/l
3B,11,Strait,2022-10-13,12.6,Si,17,0.68,mg Si/L,2022 Hidrochemija_KM_patikrinta_2023-03-30_1061.xls,silicis,mg/l
3B,11,Strait,2022-10-13,0.5,TN,40,0.51,mg N/L,2022 Hidrochemija_KM_patikrinta_2023-03-30_1061.xls,azotas bendras,mg/l
3B,11,Strait,2022-10-13,12.6,TN,40,0.42,mg N/L,2022 Hidrochemija_KM_patikrinta_2023-03-30_1061.xls,azotas bendras,mg/l
3B,11,Strait,2022-10-13,0.5,TP,39,0.052,mg P/L,2022 Hidrochemija_KM_patikrinta_2023-03-30_1061.xls,bendras fosforas,mg/l
3B,11,Strait,2022-10-13,12.6,TP,39,0.06,mg P/L,2022 Hidrochemija_KM_patikrinta_2023-03-30_1061.xls,bendras fosforas,mg/l
3B,11,Strait,2022-10-13,0.5,TSS,,13.0,mg/L,2022 Hidrochemija_KM_patikrinta_2023-03-30_1061.xls,suspenduotos (skendinčios) medžiagos,mg/l
3B,11,Strait,2022-10-13,12.6,TSS,,22.0,mg/L,2022 Hidrochemija_KM_patikrinta_2023-03-30_1061.xls,suspenduotos (skendinčios) medžiagos,mg/l
3B,11,Strait,2022-11-23,0.5,BOD7,,1.6,mg O2/L,2022 Hidrochemija_KM_patikrinta_2023-03-30_1061.xls,biocheminis deguonies suvartojimas per 7 paras,mg/l O2
3B,11,Strait,2022-11-23,12.2,BOD7,,0.82,mg O2/L,2022 Hidrochemija_KM_patikrinta_2023-03-30_1061.xls,biocheminis deguonies suvartojimas per 7 paras,mg/l O2
3B,11,Strait,2022-11-23,0.5,CHLA,59,30.72,ug/L,Chlorofilas a_KM_2022_patikrinta_2023-03-15_1053.xls,Chlorofilas a,µg/l
3B,11,Strait,2022-11-23,0.5,DIN,,0.374,mg N/L,2022 Hidrochemija_KM_patikrinta_2023-03-30_1061.xls,azotas mineralinis,mg/l
3B,11,Strait,2022-11-23,12.2,DIN,,0.245,mg N/L,2022 Hidrochemija_KM_patikrinta_2023-03-30_1061.xls,azotas mineralinis,mg/l
3B,11,Strait,2022-11-23,0.5,NH4,1,0.037,mg N/L,2022 Hidrochemija_KM_patikrinta_2023-03-30_1061.xls,amonio azotas,mg/l N
3B,11,Strait,2022-11-23,12.2,NH4,1,0.049,mg N/L,2022 Hidrochemija_KM_patikrinta_2023-03-30_1061.xls,amonio azotas,mg/l N
3B,11,Strait,2022-11-23,0.5,NO2,,0.007,mg N/L,2022 Hidrochemija_KM_patikrinta_2023-03-30_1061.xls,nitritų azotas,mg/l N
3B,11,Strait,2022-11-23,12.2,NO2,,0.006,mg N/L,2022 Hidrochemija_KM_patikrinta_2023-03-30_1061.xls,nitritų azotas,mg/l N
3B,11,Strait,2022-11-23,0.5,NO3,2,0.33,mg N/L,2022 Hidrochemija_KM_patikrinta_2023-03-30_1061.xls,nitratų azotas,mg/l N
3B,11,Strait,2022-11-23,12.2,NO3,2,0.19,mg N/L,2022 Hidrochemija_KM_patikrinta_2023-03-30_1061.xls,nitratų azotas,mg/l N
3B,11,Strait,2022-11-23,0.5,PO4,3,0.007,mg P/L,2022 Hidrochemija_KM_patikrinta_2023-03-30_1061.xls,fosfatų fosforas,mg/l P
3B,11,Strait,2022-11-23,12.2,PO4,3,0.006,mg P/L,2022 Hidrochemija_KM_patikrinta_2023-03-30_1061.xls,fosfatų fosforas,mg/l P
3B,11,Strait,2022-11-23,0.5,Si,17,2.39,mg Si/L,2022 Hidrochemija_KM_patikrinta_2023-03-30_1061.xls,silicis,mg/l
3B,11,Strait,2022-11-23,12.2,Si,17,1.11,mg Si/L,2022 Hidrochemija_KM_patikrinta_2023-03-30_1061.xls,silicis,mg/l
3B,11,Strait,2022-11-23,0.5,TN,40,1.5,mg N/L,2022 Hidrochemija_KM_patikrinta_2023-03-30_1061.xls,azotas bendras,mg/l
3B,11,Strait,2022-11-23,12.2,TN,40,1.0,mg N/L,2022 Hidrochemija_KM_patikrinta_2023-03-30_1061.xls,azotas bendras,mg/l
3B,11,Strait,2022-11-23,0.5,TP,39,0.06,mg P/L,2022 Hidrochemija_KM_patikrinta_2023-03-30_1061.xls,bendras fosforas,mg/l
3B,11,Strait,2022-11-23,12.2,TP,39,0.056,mg P/L,2022 Hidrochemija_KM_patikrinta_2023-03-30_1061.xls,bendras fosforas,mg/l
3B,11,Strait,2022-11-23,0.5,TSS,,12.0,mg/L,2022 Hidrochemija_KM_patikrinta_2023-03-30_1061.xls,suspenduotos (skendinčios) medžiagos,mg/l
3B,11,Strait,2022-11-23,12.2,TSS,,16.0,mg/L,2022 Hidrochemija_KM_patikrinta_2023-03-30_1061.xls,suspenduotos (skendinčios) medžiagos,mg/l
3B,11,Strait,2022-12-07,0.5,DIN,,0.721,mg N/L,2022 Hidrochemija_KM_patikrinta_2023-03-30_1061.xls,azotas mineralinis,mg/l
3B,11,Strait,2022-12-07,12.6,DIN,,0.401,mg N/L,2022 Hidrochemija_KM_patikrinta_2023-03-30_1061.xls,azotas mineralinis,mg/l
3B,11,Strait,2022-12-07,0.5,NH4,1,0.16,mg N/L,2022 Hidrochemija_KM_patikrinta_2023-03-30_1061.xls,amonio azotas,mg/l N
3B,11,Strait,2022-12-07,12.6,NH4,1,0.14,mg N/L,2022 Hidrochemija_KM_patikrinta_2023-03-30_1061.xls,amonio azotas,mg/l N
3B,11,Strait,2022-12-07,0.5,NO2,,0.011,mg N/L,2022 Hidrochemija_KM_patikrinta_2023-03-30_1061.xls,nitritų azotas,mg/l N
3B,11,Strait,2022-12-07,12.6,NO2,,0.021,mg N/L,2022 Hidrochemija_KM_patikrinta_2023-03-30_1061.xls,nitritų azotas,mg/l N
3B,11,Strait,2022-12-07,0.5,NO3,2,0.55,mg N/L,2022 Hidrochemija_KM_patikrinta_2023-03-30_1061.xls,nitratų azotas,mg/l N
3B,11,Strait,2022-12-07,12.6,NO3,2,0.24,mg N/L,2022 Hidrochemija_KM_patikrinta_2023-03-30_1061.xls,nitratų azotas,mg/l N
3B,11,Strait,2022-12-07,0.5,PO4,3,0.022,mg P/L,2022 Hidrochemija_KM_patikrinta_2023-03-30_1061.xls,fosfatų fosforas,mg/l P
3B,11,Strait,2022-12-07,12.6,PO4,3,0.011,mg P/L,2022 Hidrochemija_KM_patikrinta_2023-03-30_1061.xls,fosfatų fosforas,mg/l P
3B,11,Strait,2022-12-07,0.5,Si,17,2.59,mg Si/L,2022 Hidrochemija_KM_patikrinta_2023-03-30_1061.xls,silicis,mg/l
3B,11,Strait,2022-12-07,12.6,Si,17,1.51,mg Si/L,2022 Hidrochemija_KM_patikrinta_2023-03-30_1061.xls,silicis,mg/l
3B,11,Strait,2022-12-07,0.5,TN,40,1.1,mg N/L,2022 Hidrochemija_KM_patikrinta_2023-03-30_1061.xls,azotas bendras,mg/l
3B,11,Strait,2022-12-07,12.6,TN,40,0.94,mg N/L,2022 Hidrochemija_KM_patikrinta_2023-03-30_1061.xls,azotas bendras,mg/l
3B,11,Strait,2022-12-07,0.5,TP,39,0.06,mg P/L,2022 Hidrochemija_KM_patikrinta_2023-03-30_1061.xls,bendras fosforas,mg/l
3B,11,Strait,2022-12-07,12.6,TP,39,0.17,mg P/L,2022 Hidrochemija_KM_patikrinta_2023-03-30_1061.xls,bendras fosforas,mg/l
3B,11,Strait,2023-01-04,0.5,DIN,,0.759,mg N/L,2023_KM_BJ_Hidrochemija_patikrinta_2024-01-22.xls,azotas mineralinis,mg/l
3B,11,Strait,2023-01-04,13.2,DIN,,0.723,mg N/L,2023_KM_BJ_Hidrochemija_patikrinta_2024-01-22.xls,azotas mineralinis,mg/l
3B,11,Strait,2023-01-04,0.5,NH4,1,0.097,mg N/L,2023_KM_BJ_Hidrochemija_patikrinta_2024-01-22.xls,amonio azotas,mg/l N
3B,11,Strait,2023-01-04,13.2,NH4,1,0.14,mg N/L,2023_KM_BJ_Hidrochemija_patikrinta_2024-01-22.xls,amonio azotas,mg/l N
3B,11,Strait,2023-01-04,0.5,NO2,,0.012,mg N/L,2023_KM_BJ_Hidrochemija_patikrinta_2024-01-22.xls,nitritų azotas,mg/l N
3B,11,Strait,2023-01-04,13.2,NO2,,0.013,mg N/L,2023_KM_BJ_Hidrochemija_patikrinta_2024-01-22.xls,nitritų azotas,mg/l N
3B,11,Strait,2023-01-04,0.5,NO3,2,0.65,mg N/L,2023_KM_BJ_Hidrochemija_patikrinta_2024-01-22.xls,nitratų azotas,mg/l N
3B,11,Strait,2023-01-04,13.2,NO3,2,0.57,mg N/L,2023_KM_BJ_Hidrochemija_patikrinta_2024-01-22.xls,nitratų azotas,mg/l N
3B,11,Strait,2023-01-04,0.5,PO4,3,0.01,mg P/L,2023_KM_BJ_Hidrochemija_patikrinta_2024-01-22.xls,fosfatų fosforas,mg/l P
3B,11,Strait,2023-01-04,13.2,PO4,3,0.016,mg P/L,2023_KM_BJ_Hidrochemija_patikrinta_2024-01-22.xls,fosfatų fosforas,mg/l P
3B,11,Strait,2023-01-04,0.5,Si,17,2.14,mg Si/L,2023_KM_BJ_Hidrochemija_patikrinta_2024-01-22.xls,silicis,mg/l
3B,11,Strait,2023-01-04,13.2,Si,17,1.44,mg Si/L,2023_KM_BJ_Hidrochemija_patikrinta_2024-01-22.xls,silicis,mg/l
3B,11,Strait,2023-01-04,0.5,TN,40,1.5,mg N/L,2023_KM_BJ_Hidrochemija_patikrinta_2024-01-22.xls,azotas bendras,mg/l
3B,11,Strait,2023-01-04,13.2,TN,40,1.2,mg N/L,2023_KM_BJ_Hidrochemija_patikrinta_2024-01-22.xls,azotas bendras,mg/l
3B,11,Strait,2023-01-04,0.5,TP,39,0.076,mg P/L,2023_KM_BJ_Hidrochemija_patikrinta_2024-01-22.xls,bendras fosforas,mg/l
3B,11,Strait,2023-01-04,13.2,TP,39,0.085,mg P/L,2023_KM_BJ_Hidrochemija_patikrinta_2024-01-22.xls,bendras fosforas,mg/l
3B,11,Strait,2023-02-08,0.5,BOD7,,1.1,mg O2/L,2023_KM_BJ_Hidrochemija_patikrinta_2024-01-22.xls,biocheminis deguonies suva,mg/l O2
3B,11,Strait,2023-02-08,12,BOD7,,1.1,mg O2/L,2023_KM_BJ_Hidrochemija_patikrinta_2024-01-22.xls,biocheminis deguonies suva,mg/l O2
3B,11,Strait,2023-02-08,Paviršinis sluoksnis,CHLA,59,8.43,ug/L,Chlorofilas_a_KM_BJ_2023_patikrinta_2024-01-29.xls,chlorofilas a,µg/l
3B,11,Strait,2023-02-08,0.5,DIN,,3.467,mg N/L,2023_KM_BJ_Hidrochemija_patikrinta_2024-01-22.xls,azotas mineralinis,mg/l
3B,11,Strait,2023-02-08,12,DIN,,3.57,mg N/L,2023_KM_BJ_Hidrochemija_patikrinta_2024-01-22.xls,azotas mineralinis,mg/l
3B,11,Strait,2023-02-08,0.5,NH4,1,0.043,mg N/L,2023_KM_BJ_Hidrochemija_patikrinta_2024-01-22.xls,amonio azotas,mg/l N
3B,11,Strait,2023-02-08,12,NH4,1,0.049,mg N/L,2023_KM_BJ_Hidrochemija_patikrinta_2024-01-22.xls,amonio azotas,mg/l N
3B,11,Strait,2023-02-08,0.5,NO2,,0.024,mg N/L,2023_KM_BJ_Hidrochemija_patikrinta_2024-01-22.xls,nitritų azotas,mg/l N
3B,11,Strait,2023-02-08,12,NO2,,0.021,mg N/L,2023_KM_BJ_Hidrochemija_patikrinta_2024-01-22.xls,nitritų azotas,mg/l N
3B,11,Strait,2023-02-08,0.5,NO3,2,3.4,mg N/L,2023_KM_BJ_Hidrochemija_patikrinta_2024-01-22.xls,nitratų azotas,mg/l N
3B,11,Strait,2023-02-08,12,NO3,2,3.5,mg N/L,2023_KM_BJ_Hidrochemija_patikrinta_2024-01-22.xls,nitratų azotas,mg/l N
3B,11,Strait,2023-02-08,0.5,PO4,3,0.022,mg P/L,2023_KM_BJ_Hidrochemija_patikrinta_2024-01-22.xls,fosfatų fosforas,mg/l P
3B,11,Strait,2023-02-08,12,PO4,3,0.023,mg P/L,2023_KM_BJ_Hidrochemija_patikrinta_2024-01-22.xls,fosfatų fosforas,mg/l P
3B,11,Strait,2023-02-08,0.5,Si,17,3.15,mg Si/L,2023_KM_BJ_Hidrochemija_patikrinta_2024-01-22.xls,silicis,mg/l
3B,11,Strait,2023-02-08,12,Si,17,3.45,mg Si/L,2023_KM_BJ_Hidrochemija_patikrinta_2024-01-22.xls,silicis,mg/l
3B,11,Strait,2023-02-08,0.5,TN,40,3.5,mg N/L,2023_KM_BJ_Hidrochemija_patikrinta_2024-01-22.xls,azotas bendras,mg/l
3B,11,Strait,2023-02-08,12,TN,40,3.6,mg N/L,2023_KM_BJ_Hidrochemija_patikrinta_2024-01-22.xls,azotas bendras,mg/l
3B,11,Strait,2023-02-08,0.5,TP,39,0.069,mg P/L,2023_KM_BJ_Hidrochemija_patikrinta_2024-01-22.xls,bendras fosforas,mg/l
3B,11,Strait,2023-02-08,12,TP,39,0.069,mg P/L,2023_KM_BJ_Hidrochemija_patikrinta_2024-01-22.xls,bendras fosforas,mg/l
3B,11,Strait,2023-02-08,0.5,TSS,,13.0,mg/L,2023_KM_BJ_Hidrochemija_patikrinta_2024-01-22.xls,suspenduotos (skendinčios),mg/l
3B,11,Strait,2023-02-08,12,TSS,,11.0,mg/L,2023_KM_BJ_Hidrochemija_patikrinta_2024-01-22.xls,suspenduotos (skendinčios),mg/l
3B,11,Strait,2023-04-03,0.5,BOD7,,2.6,mg O2/L,2023_KM_BJ_Hidrochemija_patikrinta_2024-01-22.xls,biocheminis deguonies suva,mg/l O2
3B,11,Strait,2023-04-03,13.3,BOD7,,1.2,mg O2/L,2023_KM_BJ_Hidrochemija_patikrinta_2024-01-22.xls,biocheminis deguonies suva,mg/l O2
3B,11,Strait,2023-04-03,Paviršinis sluoksnis,CHLA,59,36.37,ug/L,Chlorofilas_a_KM_BJ_2023_patikrinta_2024-01-29.xls,chlorofilas a,µg/l
3B,11,Strait,2023-04-03,0.5,DIN,,2.444,mg N/L,2023_KM_BJ_Hidrochemija_patikrinta_2024-01-22.xls,azotas mineralinis,mg/l
3B,11,Strait,2023-04-03,13.3,DIN,,0.925,mg N/L,2023_KM_BJ_Hidrochemija_patikrinta_2024-01-22.xls,azotas mineralinis,mg/l
3B,11,Strait,2023-04-03,0.5,NH4,1,0.036,mg N/L,2023_KM_BJ_Hidrochemija_patikrinta_2024-01-22.xls,amonio azotas,mg/l N
3B,11,Strait,2023-04-03,13.3,NH4,1,0.054,mg N/L,2023_KM_BJ_Hidrochemija_patikrinta_2024-01-22.xls,amonio azotas,mg/l N
3B,11,Strait,2023-04-03,0.5,NO2,,0.008,mg N/L,2023_KM_BJ_Hidrochemija_patikrinta_2024-01-22.xls,nitritų azotas,mg/l N
3B,11,Strait,2023-04-03,13.3,NO2,,0.011,mg N/L,2023_KM_BJ_Hidrochemija_patikrinta_2024-01-22.xls,nitritų azotas,mg/l N
3B,11,Strait,2023-04-03,0.5,NO3,2,2.4,mg N/L,2023_KM_BJ_Hidrochemija_patikrinta_2024-01-22.xls,nitratų azotas,mg/l N
3B,11,Strait,2023-04-03,13.3,NO3,2,0.86,mg N/L,2023_KM_BJ_Hidrochemija_patikrinta_2024-01-22.xls,nitratų azotas,mg/l N
3B,11,Strait,2023-04-03,0.5,PO4,3,0.006,mg P/L,2023_KM_BJ_Hidrochemija_patikrinta_2024-01-22.xls,fosfatų fosforas,mg/l P
3B,11,Strait,2023-04-03,13.3,PO4,3,0.006,mg P/L,2023_KM_BJ_Hidrochemija_patikrinta_2024-01-22.xls,fosfatų fosforas,mg/l P
3B,11,Strait,2023-04-03,0.5,Si,17,1.26,mg Si/L,2023_KM_BJ_Hidrochemija_patikrinta_2024-01-22.xls,silicis,mg/l
3B,11,Strait,2023-04-03,13.3,Si,17,0.93,mg Si/L,2023_KM_BJ_Hidrochemija_patikrinta_2024-01-22.xls,silicis,mg/l
3B,11,Strait,2023-04-03,0.5,TN,40,1.8,mg N/L,2023_KM_BJ_Hidrochemija_patikrinta_2024-01-22.xls,azotas bendras,mg/l
3B,11,Strait,2023-04-03,13.3,TN,40,1.4,mg N/L,2023_KM_BJ_Hidrochemija_patikrinta_2024-01-22.xls,azotas bendras,mg/l
3B,11,Strait,2023-04-03,0.5,TP,39,0.05,mg P/L,2023_KM_BJ_Hidrochemija_patikrinta_2024-01-22.xls,bendras fosforas,mg/l
3B,11,Strait,2023-04-03,13.3,TP,39,0.045,mg P/L,2023_KM_BJ_Hidrochemija_patikrinta_2024-01-22.xls,bendras fosforas,mg/l
3B,11,Strait,2023-04-03,0.5,TSS,,13.0,mg/L,2023_KM_BJ_Hidrochemija_patikrinta_2024-01-22.xls,suspenduotos (skendinčios),mg/l
3B,11,Strait,2023-04-03,13.3,TSS,,10.0,mg/L,2023_KM_BJ_Hidrochemija_patikrinta_2024-01-22.xls,suspenduotos (skendinčios),mg/l
3B,11,Strait,2023-04-21,0.5,BOD7,,2.0,mg O2/L,2023_KM_BJ_Hidrochemija_patikrinta_2024-01-22.xls,biocheminis deguonies suva,mg/l O2
3B,11,Strait,2023-04-21,12.2,BOD7,,2.2,mg O2/L,2023_KM_BJ_Hidrochemija_patikrinta_2024-01-22.xls,biocheminis deguonies suva,mg/l O2
3B,11,Strait,2023-04-21,Paviršinis sluoksnis,CHLA,59,12.83,ug/L,Chlorofilas_a_KM_BJ_2023_patikrinta_2024-01-29.xls,chlorofilas a,µg/l
3B,11,Strait,2023-04-21,0.5,DIN,,1.649,mg N/L,2023_KM_BJ_Hidrochemija_patikrinta_2024-01-22.xls,azotas mineralinis,mg/l
3B,11,Strait,2023-04-21,12.2,DIN,,1.454,mg N/L,2023_KM_BJ_Hidrochemija_patikrinta_2024-01-22.xls,azotas mineralinis,mg/l
3B,11,Strait,2023-04-21,0.5,NH4,1,0.037,mg N/L,2023_KM_BJ_Hidrochemija_patikrinta_2024-01-22.xls,amonio azotas,mg/l N
3B,11,Strait,2023-04-21,12.2,NH4,1,0.041,mg N/L,2023_KM_BJ_Hidrochemija_patikrinta_2024-01-22.xls,amonio azotas,mg/l N
3B,11,Strait,2023-04-21,0.5,NO2,,0.012,mg N/L,2023_KM_BJ_Hidrochemija_patikrinta_2024-01-22.xls,nitritų azotas,mg/l N
3B,11,Strait,2023-04-21,12.2,NO2,,0.013,mg N/L,2023_KM_BJ_Hidrochemija_patikrinta_2024-01-22.xls,nitritų azotas,mg/l N
3B,11,Strait,2023-04-21,0.5,NO3,2,1.6,mg N/L,2023_KM_BJ_Hidrochemija_patikrinta_2024-01-22.xls,nitratų azotas,mg/l N
3B,11,Strait,2023-04-21,12.2,NO3,2,1.4,mg N/L,2023_KM_BJ_Hidrochemija_patikrinta_2024-01-22.xls,nitratų azotas,mg/l N
3B,11,Strait,2023-04-21,12.2,PO4,3,0.006,mg P/L,2023_KM_BJ_Hidrochemija_patikrinta_2024-01-22.xls,fosfatų fosforas,mg/l P
3B,11,Strait,2023-04-21,0.5,Si,17,0.83,mg Si/L,2023_KM_BJ_Hidrochemija_patikrinta_2024-01-22.xls,silicis,mg/l
3B,11,Strait,2023-04-21,12.2,Si,17,0.45,mg Si/L,2023_KM_BJ_Hidrochemija_patikrinta_2024-01-22.xls,silicis,mg/l
3B,11,Strait,2023-04-21,0.5,TN,40,2.2,mg N/L,2023_KM_BJ_Hidrochemija_patikrinta_2024-01-22.xls,azotas bendras,mg/l
3B,11,Strait,2023-04-21,12.2,TN,40,2.2,mg N/L,2023_KM_BJ_Hidrochemija_patikrinta_2024-01-22.xls,azotas bendras,mg/l
3B,11,Strait,2023-04-21,0.5,TP,39,0.032,mg P/L,2023_KM_BJ_Hidrochemija_patikrinta_2024-01-22.xls,bendras fosforas,mg/l
3B,11,Strait,2023-04-21,12.2,TP,39,0.038,mg P/L,2023_KM_BJ_Hidrochemija_patikrinta_2024-01-22.xls,bendras fosforas,mg/l
3B,11,Strait,2023-04-21,0.5,TSS,,6.3,mg/L,2023_KM_BJ_Hidrochemija_patikrinta_2024-01-22.xls,suspenduotos (skendinčios),mg/l
3B,11,Strait,2023-04-21,12.2,TSS,,14.0,mg/L,2023_KM_BJ_Hidrochemija_patikrinta_2024-01-22.xls,suspenduotos (skendinčios),mg/l
3B,11,Strait,2023-05-25,0.5,BOD7,,2.4,mg O2/L,2023_KM_BJ_Hidrochemija_patikrinta_2024-01-22.xls,biocheminis deguonies suva,mg/l O2
3B,11,Strait,2023-05-25,13.6,BOD7,,1.4,mg O2/L,2023_KM_BJ_Hidrochemija_patikrinta_2024-01-22.xls,biocheminis deguonies suva,mg/l O2
3B,11,Strait,2023-05-25,Paviršinis sluoksnis,CHLA,59,8.31,ug/L,Chlorofilas_a_KM_BJ_2023_patikrinta_2024-01-29.xls,chlorofilas a,µg/l
3B,11,Strait,2023-05-25,0.5,DIN,,0.567,mg N/L,2023_KM_BJ_Hidrochemija_patikrinta_2024-01-22.xls,azotas mineralinis,mg/l
3B,11,Strait,2023-05-25,13.6,DIN,,0.161,mg N/L,2023_KM_BJ_Hidrochemija_patikrinta_2024-01-22.xls,azotas mineralinis,mg/l
3B,11,Strait,2023-05-25,0.5,NH4,1,0.043,mg N/L,2023_KM_BJ_Hidrochemija_patikrinta_2024-01-22.xls,amonio azotas,mg/l N
3B,11,Strait,2023-05-25,13.6,NH4,1,0.066,mg N/L,2023_KM_BJ_Hidrochemija_patikrinta_2024-01-22.xls,amonio azotas,mg/l N
3B,11,Strait,2023-05-25,0.5,NO2,,0.014,mg N/L,2023_KM_BJ_Hidrochemija_patikrinta_2024-01-22.xls,nitritų azotas,mg/l N
3B,11,Strait,2023-05-25,13.6,NO2,,0.036,mg N/L,2023_KM_BJ_Hidrochemija_patikrinta_2024-01-22.xls,nitritų azotas,mg/l N
3B,11,Strait,2023-05-25,0.5,NO3,2,0.51,mg N/L,2023_KM_BJ_Hidrochemija_patikrinta_2024-01-22.xls,nitratų azotas,mg/l N
3B,11,Strait,2023-05-25,13.6,NO3,2,0.059,mg N/L,2023_KM_BJ_Hidrochemija_patikrinta_2024-01-22.xls,nitratų azotas,mg/l N
3B,11,Strait,2023-05-25,0.5,PO4,3,0.006,mg P/L,2023_KM_BJ_Hidrochemija_patikrinta_2024-01-22.xls,fosfatų fosforas,mg/l P
3B,11,Strait,2023-05-25,13.6,PO4,3,0.006,mg P/L,2023_KM_BJ_Hidrochemija_patikrinta_2024-01-22.xls,fosfatų fosforas,mg/l P
3B,11,Strait,2023-05-25,0.5,Si,17,0.21,mg Si/L,2023_KM_BJ_Hidrochemija_patikrinta_2024-01-22.xls,silicis,mg/l
3B,11,Strait,2023-05-25,13.6,Si,17,0.81,mg Si/L,2023_KM_BJ_Hidrochemija_patikrinta_2024-01-22.xls,silicis,mg/l
3B,11,Strait,2023-05-25,0.5,TN,40,1.3,mg N/L,2023_KM_BJ_Hidrochemija_patikrinta_2024-01-22.xls,azotas bendras,mg/l
3B,11,Strait,2023-05-25,13.6,TN,40,1.1,mg N/L,2023_KM_BJ_Hidrochemija_patikrinta_2024-01-22.xls,azotas bendras,mg/l
3B,11,Strait,2023-05-25,0.5,TP,39,0.031,mg P/L,2023_KM_BJ_Hidrochemija_patikrinta_2024-01-22.xls,bendras fosforas,mg/l
3B,11,Strait,2023-05-25,13.6,TP,39,0.019,mg P/L,2023_KM_BJ_Hidrochemija_patikrinta_2024-01-22.xls,bendras fosforas,mg/l
3B,11,Strait,2023-05-25,0.5,TSS,,6.4,mg/L,2023_KM_BJ_Hidrochemija_patikrinta_2024-01-22.xls,suspenduotos (skendinčios),mg/l
3B,11,Strait,2023-05-25,13.6,TSS,,5.5,mg/L,2023_KM_BJ_Hidrochemija_patikrinta_2024-01-22.xls,suspenduotos (skendinčios),mg/l
3B,11,Strait,2023-06-16,0.5,BOD7,,3.9,mg O2/L,2023_KM_BJ_Hidrochemija_patikrinta_2024-01-22.xls,biocheminis deguonies suva,mg/l O2
3B,11,Strait,2023-06-16,13.5,BOD7,,1.2,mg O2/L,2023_KM_BJ_Hidrochemija_patikrinta_2024-01-22.xls,biocheminis deguonies suva,mg/l O2
3B,11,Strait,2023-06-16,Paviršinis sluoksnis,CHLA,59,24.4,ug/L,Chlorofilas_a_KM_BJ_2023_patikrinta_2024-01-29.xls,chlorofilas a,µg/l
3B,11,Strait,2023-06-16,0.5,DIN,,0.07,mg N/L,2023_KM_BJ_Hidrochemija_patikrinta_2024-01-22.xls,azotas mineralinis,mg/l
3B,11,Strait,2023-06-16,13.5,DIN,,0.185,mg N/L,2023_KM_BJ_Hidrochemija_patikrinta_2024-01-22.xls,azotas mineralinis,mg/l
3B,11,Strait,2023-06-16,0.5,NH4,1,0.043,mg N/L,2023_KM_BJ_Hidrochemija_patikrinta_2024-01-22.xls,amonio azotas,mg/l N
3B,11,Strait,2023-06-16,13.5,NH4,1,0.14,mg N/L,2023_KM_BJ_Hidrochemija_patikrinta_2024-01-22.xls,amonio azotas,mg/l N
3B,11,Strait,2023-06-16,0.5,NO2,,0.001,mg N/L,2023_KM_BJ_Hidrochemija_patikrinta_2024-01-22.xls,nitritų azotas,mg/l N
3B,11,Strait,2023-06-16,13.5,NO2,,0.006,mg N/L,2023_KM_BJ_Hidrochemija_patikrinta_2024-01-22.xls,nitritų azotas,mg/l N
3B,11,Strait,2023-06-16,0.5,NO3,2,0.026,mg N/L,2023_KM_BJ_Hidrochemija_patikrinta_2024-01-22.xls,nitratų azotas,mg/l N
3B,11,Strait,2023-06-16,13.5,NO3,2,0.039,mg N/L,2023_KM_BJ_Hidrochemija_patikrinta_2024-01-22.xls,nitratų azotas,mg/l N
3B,11,Strait,2023-06-16,0.5,PO4,3,0.006,mg P/L,2023_KM_BJ_Hidrochemija_patikrinta_2024-01-22.xls,fosfatų fosforas,mg/l P
3B,11,Strait,2023-06-16,13.5,PO4,3,0.006,mg P/L,2023_KM_BJ_Hidrochemija_patikrinta_2024-01-22.xls,fosfatų fosforas,mg/l P
3B,11,Strait,2023-06-16,0.5,Si,17,0.55,mg Si/L,2023_KM_BJ_Hidrochemija_patikrinta_2024-01-22.xls,silicis,mg/l
3B,11,Strait,2023-06-16,13.5,Si,17,0.93,mg Si/L,2023_KM_BJ_Hidrochemija_patikrinta_2024-01-22.xls,silicis,mg/l
3B,11,Strait,2023-06-16,0.5,TN,40,1.1,mg N/L,2023_KM_BJ_Hidrochemija_patikrinta_2024-01-22.xls,azotas bendras,mg/l
3B,11,Strait,2023-06-16,13.5,TN,40,0.67,mg N/L,2023_KM_BJ_Hidrochemija_patikrinta_2024-01-22.xls,azotas bendras,mg/l
3B,11,Strait,2023-06-16,0.5,TP,39,0.076,mg P/L,2023_KM_BJ_Hidrochemija_patikrinta_2024-01-22.xls,bendras fosforas,mg/l
3B,11,Strait,2023-06-16,13.5,TP,39,0.038,mg P/L,2023_KM_BJ_Hidrochemija_patikrinta_2024-01-22.xls,bendras fosforas,mg/l
3B,11,Strait,2023-06-16,0.5,TSS,,24.0,mg/L,2023_KM_BJ_Hidrochemija_patikrinta_2024-01-22.xls,suspenduotos (skendinčios),mg/l
3B,11,Strait,2023-06-16,13.5,TSS,,12.0,mg/L,2023_KM_BJ_Hidrochemija_patikrinta_2024-01-22.xls,suspenduotos (skendinčios),mg/l
3B,11,Strait,2023-07-13,0.5,BOD7,,3.1,mg O2/L,2023_KM_BJ_Hidrochemija_patikrinta_2024-01-22.xls,biocheminis deguonies suva,mg/l O2
3B,11,Strait,2023-07-13,13.2,BOD7,,2.1,mg O2/L,2023_KM_BJ_Hidrochemija_patikrinta_2024-01-22.xls,biocheminis deguonies suva,mg/l O2
3B,11,Strait,2023-07-13,Paviršinis sluoksnis,CHLA,59,13.4,ug/L,Chlorofilas_a_KM_BJ_2023_patikrinta_2024-01-29.xls,chlorofilas a,µg/l
3B,11,Strait,2023-07-13,0.5,DIN,,0.024,mg N/L,2023_KM_BJ_Hidrochemija_patikrinta_2024-01-22.xls,azotas mineralinis,mg/l
3B,11,Strait,2023-07-13,13.2,DIN,,0.028,mg N/L,2023_KM_BJ_Hidrochemija_patikrinta_2024-01-22.xls,azotas mineralinis,mg/l
3B,11,Strait,2023-07-13,0.5,NH4,1,0.021,mg N/L,2023_KM_BJ_Hidrochemija_patikrinta_2024-01-22.xls,amonio azotas,mg/l N
3B,11,Strait,2023-07-13,13.2,NH4,1,0.025,mg N/L,2023_KM_BJ_Hidrochemija_patikrinta_2024-01-22.xls,amonio azotas,mg/l N
3B,11,Strait,2023-07-13,0.5,NO2,,0.001,mg N/L,2023_KM_BJ_Hidrochemija_patikrinta_2024-01-22.xls,nitritų azotas,mg/l N
3B,11,Strait,2023-07-13,13.2,NO2,,0.001,mg N/L,2023_KM_BJ_Hidrochemija_patikrinta_2024-01-22.xls,nitritų azotas,mg/l N
3B,11,Strait,2023-07-13,0.5,NO3,2,0.002,mg N/L,2023_KM_BJ_Hidrochemija_patikrinta_2024-01-22.xls,nitratų azotas,mg/l N
3B,11,Strait,2023-07-13,13.2,NO3,2,0.002,mg N/L,2023_KM_BJ_Hidrochemija_patikrinta_2024-01-22.xls,nitratų azotas,mg/l N
3B,11,Strait,2023-07-13,0.5,PO4,3,0.006,mg P/L,2023_KM_BJ_Hidrochemija_patikrinta_2024-01-22.xls,fosfatų fosforas,mg/l P
3B,11,Strait,2023-07-13,13.2,PO4,3,0.015,mg P/L,2023_KM_BJ_Hidrochemija_patikrinta_2024-01-22.xls,fosfatų fosforas,mg/l P
3B,11,Strait,2023-07-13,0.5,Si,17,0.5,mg Si/L,2023_KM_BJ_Hidrochemija_patikrinta_2024-01-22.xls,silicis,mg/l
3B,11,Strait,2023-07-13,13.2,Si,17,0.69,mg Si/L,2023_KM_BJ_Hidrochemija_patikrinta_2024-01-22.xls,silicis,mg/l
3B,11,Strait,2023-07-13,0.5,TN,40,0.8,mg N/L,2023_KM_BJ_Hidrochemija_patikrinta_2024-01-22.xls,azotas bendras,mg/l
3B,11,Strait,2023-07-13,13.2,TN,40,0.63,mg N/L,2023_KM_BJ_Hidrochemija_patikrinta_2024-01-22.xls,azotas bendras,mg/l
3B,11,Strait,2023-07-13,0.5,TP,39,0.045,mg P/L,2023_KM_BJ_Hidrochemija_patikrinta_2024-01-22.xls,bendras fosforas,mg/l
3B,11,Strait,2023-07-13,13.2,TP,39,0.054,mg P/L,2023_KM_BJ_Hidrochemija_patikrinta_2024-01-22.xls,bendras fosforas,mg/l
3B,11,Strait,2023-07-13,0.5,TSS,,13.0,mg/L,2023_KM_BJ_Hidrochemija_patikrinta_2024-01-22.xls,suspenduotos (skendinčios),mg/l
3B,11,Strait,2023-07-13,13.2,TSS,,7.6,mg/L,2023_KM_BJ_Hidrochemija_patikrinta_2024-01-22.xls,suspenduotos (skendinčios),mg/l
3B,11,Strait,2023-08-14,0.5,BOD7,,2.8,mg O2/L,2023_KM_BJ_Hidrochemija_patikrinta_2024-01-22.xls,biocheminis deguonies suva,mg/l O2
3B,11,Strait,2023-08-14,13.6,BOD7,,1.1,mg O2/L,2023_KM_BJ_Hidrochemija_patikrinta_2024-01-22.xls,biocheminis deguonies suva,mg/l O2
3B,11,Strait,2023-08-14,Paviršinis sluoksnis,CHLA,59,16.99,ug/L,Chlorofilas_a_KM_BJ_2023_patikrinta_2024-01-29.xls,chlorofilas a,µg/l
3B,11,Strait,2023-08-14,0.5,DIN,,0.041,mg N/L,2023_KM_BJ_Hidrochemija_patikrinta_2024-01-22.xls,azotas mineralinis,mg/l
3B,11,Strait,2023-08-14,13.6,DIN,,0.023,mg N/L,2023_KM_BJ_Hidrochemija_patikrinta_2024-01-22.xls,azotas mineralinis,mg/l
3B,11,Strait,2023-08-14,0.5,NH4,1,0.029,mg N/L,2023_KM_BJ_Hidrochemija_patikrinta_2024-01-22.xls,amonio azotas,mg/l N
3B,11,Strait,2023-08-14,13.6,NH4,1,0.02,mg N/L,2023_KM_BJ_Hidrochemija_patikrinta_2024-01-22.xls,amonio azotas,mg/l N
3B,11,Strait,2023-08-14,0.5,NO2,,0.001,mg N/L,2023_KM_BJ_Hidrochemija_patikrinta_2024-01-22.xls,nitritų azotas,mg/l N
3B,11,Strait,2023-08-14,13.6,NO2,,0.001,mg N/L,2023_KM_BJ_Hidrochemija_patikrinta_2024-01-22.xls,nitritų azotas,mg/l N
3B,11,Strait,2023-08-14,0.5,NO3,2,0.011,mg N/L,2023_KM_BJ_Hidrochemija_patikrinta_2024-01-22.xls,nitratų azotas,mg/l N
3B,11,Strait,2023-08-14,13.6,NO3,2,0.002,mg N/L,2023_KM_BJ_Hidrochemija_patikrinta_2024-01-22.xls,nitratų azotas,mg/l N
3B,11,Strait,2023-08-14,0.5,PO4,3,0.006,mg P/L,2023_KM_BJ_Hidrochemija_patikrinta_2024-01-22.xls,fosfatų fosforas,mg/l P
3B,11,Strait,2023-08-14,13.6,PO4,3,0.025,mg P/L,2023_KM_BJ_Hidrochemija_patikrinta_2024-01-22.xls,fosfatų fosforas,mg/l P
3B,11,Strait,2023-08-14,0.5,Si,17,0.37,mg Si/L,2023_KM_BJ_Hidrochemija_patikrinta_2024-01-22.xls,silicis,mg/l
3B,11,Strait,2023-08-14,13.6,Si,17,0.21,mg Si/L,2023_KM_BJ_Hidrochemija_patikrinta_2024-01-22.xls,silicis,mg/l
3B,11,Strait,2023-08-14,0.5,TN,40,0.65,mg N/L,2023_KM_BJ_Hidrochemija_patikrinta_2024-01-22.xls,azotas bendras,mg/l
3B,11,Strait,2023-08-14,13.6,TN,40,0.52,mg N/L,2023_KM_BJ_Hidrochemija_patikrinta_2024-01-22.xls,azotas bendras,mg/l
3B,11,Strait,2023-08-14,0.5,TP,39,0.05,mg P/L,2023_KM_BJ_Hidrochemija_patikrinta_2024-01-22.xls,bendras fosforas,mg/l
3B,11,Strait,2023-08-14,13.6,TP,39,0.056,mg P/L,2023_KM_BJ_Hidrochemija_patikrinta_2024-01-22.xls,bendras fosforas,mg/l
3B,11,Strait,2023-08-14,0.5,TSS,,8.3,mg/L,2023_KM_BJ_Hidrochemija_patikrinta_2024-01-22.xls,suspenduotos (skendinčios),mg/l
3B,11,Strait,2023-08-14,13.6,TSS,,7.9,mg/L,2023_KM_BJ_Hidrochemija_patikrinta_2024-01-22.xls,suspenduotos (skendinčios),mg/l
3B,11,Strait,2023-09-25,0.5,BOD7,,1.2,mg O2/L,2023_KM_BJ_Hidrochemija_patikrinta_2024-01-22.xls,biocheminis deguonies suva,mg/l O2
3B,11,Strait,2023-09-25,13.2,BOD7,,1.0,mg O2/L,2023_KM_BJ_Hidrochemija_patikrinta_2024-01-22.xls,biocheminis deguonies suva,mg/l O2
3B,11,Strait,2023-09-25,Paviršinis sluoksnis,CHLA,59,8.35,ug/L,Chlorofilas_a_KM_BJ_2023_patikrinta_2024-01-29.xls,chlorofilas a,µg/l
3B,11,Strait,2023-09-25,0.5,DIN,,0.098,mg N/L,2023_KM_BJ_Hidrochemija_patikrinta_2024-01-22.xls,azotas mineralinis,mg/l
3B,11,Strait,2023-09-25,13.2,DIN,,0.077,mg N/L,2023_KM_BJ_Hidrochemija_patikrinta_2024-01-22.xls,azotas mineralinis,mg/l
3B,11,Strait,2023-09-25,0.5,NH4,1,0.078,mg N/L,2023_KM_BJ_Hidrochemija_patikrinta_2024-01-22.xls,amonio azotas,mg/l N
3B,11,Strait,2023-09-25,13.2,NH4,1,0.065,mg N/L,2023_KM_BJ_Hidrochemija_patikrinta_2024-01-22.xls,amonio azotas,mg/l N
3B,11,Strait,2023-09-25,0.5,NO2,,0.005,mg N/L,2023_KM_BJ_Hidrochemija_patikrinta_2024-01-22.xls,nitritų azotas,mg/l N
3B,11,Strait,2023-09-25,13.2,NO2,,0.005,mg N/L,2023_KM_BJ_Hidrochemija_patikrinta_2024-01-22.xls,nitritų azotas,mg/l N
3B,11,Strait,2023-09-25,0.5,NO3,2,0.015,mg N/L,2023_KM_BJ_Hidrochemija_patikrinta_2024-01-22.xls,nitratų azotas,mg/l N
3B,11,Strait,2023-09-25,13.2,NO3,2,0.007,mg N/L,2023_KM_BJ_Hidrochemija_patikrinta_2024-01-22.xls,nitratų azotas,mg/l N
3B,11,Strait,2023-09-25,0.5,PO4,3,0.009,mg P/L,2023_KM_BJ_Hidrochemija_patikrinta_2024-01-22.xls,fosfatų fosforas,mg/l P
3B,11,Strait,2023-09-25,13.2,PO4,3,0.006,mg P/L,2023_KM_BJ_Hidrochemija_patikrinta_2024-01-22.xls,fosfatų fosforas,mg/l P
3B,11,Strait,2023-09-25,0.5,Si,17,0.39,mg Si/L,2023_KM_BJ_Hidrochemija_patikrinta_2024-01-22.xls,silicis,mg/l
3B,11,Strait,2023-09-25,13.2,Si,17,0.39,mg Si/L,2023_KM_BJ_Hidrochemija_patikrinta_2024-01-22.xls,silicis,mg/l
3B,11,Strait,2023-09-25,0.5,TN,40,0.66,mg N/L,2023_KM_BJ_Hidrochemija_patikrinta_2024-01-22.xls,azotas bendras,mg/l
3B,11,Strait,2023-09-25,13.2,TN,40,0.66,mg N/L,2023_KM_BJ_Hidrochemija_patikrinta_2024-01-22.xls,azotas bendras,mg/l
3B,11,Strait,2023-09-25,0.5,TP,39,0.04,mg P/L,2023_KM_BJ_Hidrochemija_patikrinta_2024-01-22.xls,bendras fosforas,mg/l
3B,11,Strait,2023-09-25,13.2,TP,39,0.04,mg P/L,2023_KM_BJ_Hidrochemija_patikrinta_2024-01-22.xls,bendras fosforas,mg/l
3B,11,Strait,2023-09-25,0.5,TSS,,3.7,mg/L,2023_KM_BJ_Hidrochemija_patikrinta_2024-01-22.xls,suspenduotos (skendinčios),mg/l
3B,11,Strait,2023-09-25,13.2,TSS,,6.2,mg/L,2023_KM_BJ_Hidrochemija_patikrinta_2024-01-22.xls,suspenduotos (skendinčios),mg/l
3B,11,Strait,2023-10-16,0.5,BOD7,,2.2,mg O2/L,2023_KM_BJ_Hidrochemija_patikrinta_2024-01-22.xls,biocheminis deguonies suva,mg/l O2
3B,11,Strait,2023-10-16,14,BOD7,,0.79,mg O2/L,2023_KM_BJ_Hidrochemija_patikrinta_2024-01-22.xls,biocheminis deguonies suva,mg/l O2
3B,11,Strait,2023-10-16,Paviršinis sluoksnis,CHLA,59,20.65,ug/L,Chlorofilas_a_KM_BJ_2023_patikrinta_2024-01-29.xls,chlorofilas a,µg/l
3B,11,Strait,2023-10-16,0.5,DIN,,0.143,mg N/L,2023_KM_BJ_Hidrochemija_patikrinta_2024-01-22.xls,azotas mineralinis,mg/l
3B,11,Strait,2023-10-16,14,DIN,,0.107,mg N/L,2023_KM_BJ_Hidrochemija_patikrinta_2024-01-22.xls,azotas mineralinis,mg/l
3B,11,Strait,2023-10-16,0.5,NH4,1,0.075,mg N/L,2023_KM_BJ_Hidrochemija_patikrinta_2024-01-22.xls,amonio azotas,mg/l N
3B,11,Strait,2023-10-16,14,NH4,1,0.065,mg N/L,2023_KM_BJ_Hidrochemija_patikrinta_2024-01-22.xls,amonio azotas,mg/l N
3B,11,Strait,2023-10-16,0.5,NO2,,0.006,mg N/L,2023_KM_BJ_Hidrochemija_patikrinta_2024-01-22.xls,nitritų azotas,mg/l N
3B,11,Strait,2023-10-16,14,NO2,,0.006,mg N/L,2023_KM_BJ_Hidrochemija_patikrinta_2024-01-22.xls,nitritų azotas,mg/l N
3B,11,Strait,2023-10-16,0.5,NO3,2,0.062,mg N/L,2023_KM_BJ_Hidrochemija_patikrinta_2024-01-22.xls,nitratų azotas,mg/l N
3B,11,Strait,2023-10-16,14,NO3,2,0.036,mg N/L,2023_KM_BJ_Hidrochemija_patikrinta_2024-01-22.xls,nitratų azotas,mg/l N
3B,11,Strait,2023-10-16,0.5,PO4,3,0.006,mg P/L,2023_KM_BJ_Hidrochemija_patikrinta_2024-01-22.xls,fosfatų fosforas,mg/l P
3B,11,Strait,2023-10-16,14,PO4,3,0.011,mg P/L,2023_KM_BJ_Hidrochemija_patikrinta_2024-01-22.xls,fosfatų fosforas,mg/l P
3B,11,Strait,2023-10-16,0.5,Si,17,0.26,mg Si/L,2023_KM_BJ_Hidrochemija_patikrinta_2024-01-22.xls,silicis,mg/l
3B,11,Strait,2023-10-16,14,Si,17,0.26,mg Si/L,2023_KM_BJ_Hidrochemija_patikrinta_2024-01-22.xls,silicis,mg/l
3B,11,Strait,2023-10-16,0.5,TN,40,0.75,mg N/L,2023_KM_BJ_Hidrochemija_patikrinta_2024-01-22.xls,azotas bendras,mg/l
3B,11,Strait,2023-10-16,14,TN,40,0.64,mg N/L,2023_KM_BJ_Hidrochemija_patikrinta_2024-01-22.xls,azotas bendras,mg/l
3B,11,Strait,2023-10-16,0.5,TP,39,0.05,mg P/L,2023_KM_BJ_Hidrochemija_patikrinta_2024-01-22.xls,bendras fosforas,mg/l
3B,11,Strait,2023-10-16,14,TP,39,0.044,mg P/L,2023_KM_BJ_Hidrochemija_patikrinta_2024-01-22.xls,bendras fosforas,mg/l
3B,11,Strait,2023-10-16,0.5,TSS,,7.6,mg/L,2023_KM_BJ_Hidrochemija_patikrinta_2024-01-22.xls,suspenduotos (skendinčios),mg/l
3B,11,Strait,2023-10-16,14,TSS,,16.0,mg/L,2023_KM_BJ_Hidrochemija_patikrinta_2024-01-22.xls,suspenduotos (skendinčios),mg/l
3B,11,Strait,2023-11-15,0.5,BOD7,,2.4,mg O2/L,2023_KM_BJ_Hidrochemija_patikrinta_2024-01-22.xls,biocheminis deguonies suva,mg/l O2
3B,11,Strait,2023-11-15,13.6,BOD7,,1.4,mg O2/L,2023_KM_BJ_Hidrochemija_patikrinta_2024-01-22.xls,biocheminis deguonies suva,mg/l O2
3B,11,Strait,2023-11-15,Paviršinis sluoksnis,CHLA,59,24.9,ug/L,Chlorofilas_a_KM_BJ_2023_patikrinta_2024-01-29.xls,chlorofilas a,µg/l
3B,11,Strait,2023-11-15,0.5,DIN,,1.021,mg N/L,2023_KM_BJ_Hidrochemija_patikrinta_2024-01-22.xls,azotas mineralinis,mg/l
3B,11,Strait,2023-11-15,13.6,DIN,,0.465,mg N/L,2023_KM_BJ_Hidrochemija_patikrinta_2024-01-22.xls,azotas mineralinis,mg/l
3B,11,Strait,2023-11-15,0.5,NH4,1,0.16,mg N/L,2023_KM_BJ_Hidrochemija_patikrinta_2024-01-22.xls,amonio azotas,mg/l N
3B,11,Strait,2023-11-15,13.6,NH4,1,0.097,mg N/L,2023_KM_BJ_Hidrochemija_patikrinta_2024-01-22.xls,amonio azotas,mg/l N
3B,11,Strait,2023-11-15,0.5,NO2,,0.021,mg N/L,2023_KM_BJ_Hidrochemija_patikrinta_2024-01-22.xls,nitritų azotas,mg/l N
3B,11,Strait,2023-11-15,13.6,NO2,,0.008,mg N/L,2023_KM_BJ_Hidrochemija_patikrinta_2024-01-22.xls,nitritų azotas,mg/l N
3B,11,Strait,2023-11-15,0.5,NO3,2,0.84,mg N/L,2023_KM_BJ_Hidrochemija_patikrinta_2024-01-22.xls,nitratų azotas,mg/l N
3B,11,Strait,2023-11-15,13.6,NO3,2,0.36,mg N/L,2023_KM_BJ_Hidrochemija_patikrinta_2024-01-22.xls,nitratų azotas,mg/l N
3B,11,Strait,2023-11-15,0.5,PO4,3,0.006,mg P/L,2023_KM_BJ_Hidrochemija_patikrinta_2024-01-22.xls,fosfatų fosforas,mg/l P
3B,11,Strait,2023-11-15,13.6,PO4,3,0.016,mg P/L,2023_KM_BJ_Hidrochemija_patikrinta_2024-01-22.xls,fosfatų fosforas,mg/l P
3B,11,Strait,2023-11-15,0.5,Si,17,1.63,mg Si/L,2023_KM_BJ_Hidrochemija_patikrinta_2024-01-22.xls,silicis,mg/l
3B,11,Strait,2023-11-15,13.6,Si,17,0.82,mg Si/L,2023_KM_BJ_Hidrochemija_patikrinta_2024-01-22.xls,silicis,mg/l
3B,11,Strait,2023-11-15,0.5,TN,40,1.6,mg N/L,2023_KM_BJ_Hidrochemija_patikrinta_2024-01-22.xls,azotas bendras,mg/l
3B,11,Strait,2023-11-15,13.6,TN,40,0.97,mg N/L,2023_KM_BJ_Hidrochemija_patikrinta_2024-01-22.xls,azotas bendras,mg/l
3B,11,Strait,2023-11-15,0.5,TP,39,0.058,mg P/L,2023_KM_BJ_Hidrochemija_patikrinta_2024-01-22.xls,bendras fosforas,mg/l
3B,11,Strait,2023-11-15,13.6,TP,39,0.072,mg P/L,2023_KM_BJ_Hidrochemija_patikrinta_2024-01-22.xls,bendras fosforas,mg/l
3B,11,Strait,2023-11-15,0.5,TSS,,9.7,mg/L,2023_KM_BJ_Hidrochemija_patikrinta_2024-01-22.xls,suspenduotos (skendinčios),mg/l
3B,11,Strait,2023-11-15,13.6,TSS,,11.0,mg/L,2023_KM_BJ_Hidrochemija_patikrinta_2024-01-22.xls,suspenduotos (skendinčios),mg/l
4,20,Northern,2022-05-04,0.5,BOD7,,1.3,mg O2/L,2022 Hidrochemija_KM_patikrinta_2023-03-30_1061.xls,biocheminis deguonies suvartojimas per 7 paras,mg/l O2
4,20,Northern,2022-05-04,0.5,CHLA,59,5.24,ug/L,Chlorofilas a_KM_2022_patikrinta_2023-03-15_1053.xls,Chlorofilas a,µg/l
4,20,Northern,2022-05-04,0.5,DIN,,1.048,mg N/L,2022 Hidrochemija_KM_patikrinta_2023-03-30_1061.xls,azotas mineralinis,mg/l
4,20,Northern,2022-05-04,0.5,NH4,1,0.032,mg N/L,2022 Hidrochemija_KM_patikrinta_2023-03-30_1061.xls,amonio azotas,mg/l N
4,20,Northern,2022-05-04,0.5,NO2,,0.016,mg N/L,2022 Hidrochemija_KM_patikrinta_2023-03-30_1061.xls,nitritų azotas,mg/l N
4,20,Northern,2022-05-04,0.5,NO3,2,1.0,mg N/L,2022 Hidrochemija_KM_patikrinta_2023-03-30_1061.xls,nitratų azotas,mg/l N
4,20,Northern,2022-05-04,0.5,PO4,3,0.006,mg P/L,2022 Hidrochemija_KM_patikrinta_2023-03-30_1061.xls,fosfatų fosforas,mg/l P
4,20,Northern,2022-05-04,0.5,Si,17,0.2,mg Si/L,2022 Hidrochemija_KM_patikrinta_2023-03-30_1061.xls,silicis,mg/l
4,20,Northern,2022-05-04,0.5,TN,40,1.4,mg N/L,2022 Hidrochemija_KM_patikrinta_2023-03-30_1061.xls,azotas bendras,mg/l
4,20,Northern,2022-05-04,0.5,TP,39,0.018,mg P/L,2022 Hidrochemija_KM_patikrinta_2023-03-30_1061.xls,bendras fosforas,mg/l
4,20,Northern,2022-06-07,0.5,BOD7,,1.9,mg O2/L,2022 Hidrochemija_KM_patikrinta_2023-03-30_1061.xls,biocheminis deguonies suvartojimas per 7 paras,mg/l O2
4,20,Northern,2022-06-07,0.5,CHLA,59,11.37,ug/L,Chlorofilas a_KM_2022_patikrinta_2023-03-15_1053.xls,Chlorofilas a,µg/l
4,20,Northern,2022-06-07,0.5,DIN,,0.191,mg N/L,2022 Hidrochemija_KM_patikrinta_2023-03-30_1061.xls,azotas mineralinis,mg/l
4,20,Northern,2022-06-07,0.5,NH4,1,0.025,mg N/L,2022 Hidrochemija_KM_patikrinta_2023-03-30_1061.xls,amonio azotas,mg/l N
4,20,Northern,2022-06-07,0.5,NO2,,0.006,mg N/L,2022 Hidrochemija_KM_patikrinta_2023-03-30_1061.xls,nitritų azotas,mg/l N
4,20,Northern,2022-06-07,0.5,NO3,2,0.16,mg N/L,2022 Hidrochemija_KM_patikrinta_2023-03-30_1061.xls,nitratų azotas,mg/l N
4,20,Northern,2022-06-07,0.5,PO4,3,0.006,mg P/L,2022 Hidrochemija_KM_patikrinta_2023-03-30_1061.xls,fosfatų fosforas,mg/l P
4,20,Northern,2022-06-07,0.5,Si,17,1.7,mg Si/L,2022 Hidrochemija_KM_patikrinta_2023-03-30_1061.xls,silicis,mg/l
4,20,Northern,2022-06-07,0.5,TN,40,1.2,mg N/L,2022 Hidrochemija_KM_patikrinta_2023-03-30_1061.xls,azotas bendras,mg/l
4,20,Northern,2022-06-07,0.5,TP,39,0.034,mg P/L,2022 Hidrochemija_KM_patikrinta_2023-03-30_1061.xls,bendras fosforas,mg/l
4,20,Northern,2022-08-23,0.5,BOD7,,2.0,mg O2/L,2022 Hidrochemija_KM_patikrinta_2023-03-30_1061.xls,biocheminis deguonies suvartojimas per 7 paras,mg/l O2
4,20,Northern,2022-08-23,0.5,CHLA,59,6.33,ug/L,Chlorofilas a_KM_2022_patikrinta_2023-03-15_1053.xls,Chlorofilas a,µg/l
4,20,Northern,2022-08-23,0.5,DIN,,0.051,mg N/L,2022 Hidrochemija_KM_patikrinta_2023-03-30_1061.xls,azotas mineralinis,mg/l
4,20,Northern,2022-08-23,0.5,NH4,1,0.041,mg N/L,2022 Hidrochemija_KM_patikrinta_2023-03-30_1061.xls,amonio azotas,mg/l N
4,20,Northern,2022-08-23,0.5,NO2,,0.003,mg N/L,2022 Hidrochemija_KM_patikrinta_2023-03-30_1061.xls,nitritų azotas,mg/l N
4,20,Northern,2022-08-23,0.5,NO3,2,0.007,mg N/L,2022 Hidrochemija_KM_patikrinta_2023-03-30_1061.xls,nitratų azotas,mg/l N
4,20,Northern,2022-08-23,0.5,PO4,3,0.006,mg P/L,2022 Hidrochemija_KM_patikrinta_2023-03-30_1061.xls,fosfatų fosforas,mg/l P
4,20,Northern,2022-08-23,0.5,Si,17,0.45,mg Si/L,2022 Hidrochemija_KM_patikrinta_2023-03-30_1061.xls,silicis,mg/l
4,20,Northern,2022-08-23,0.5,TN,40,0.82,mg N/L,2022 Hidrochemija_KM_patikrinta_2023-03-30_1061.xls,azotas bendras,mg/l
4,20,Northern,2022-08-23,0.5,TP,39,0.034,mg P/L,2022 Hidrochemija_KM_patikrinta_2023-03-30_1061.xls,bendras fosforas,mg/l
4,20,Northern,2022-09-21,0.5,BOD7,,1.0,mg O2/L,2022 Hidrochemija_KM_patikrinta_2023-03-30_1061.xls,biocheminis deguonies suvartojimas per 7 paras,mg/l O2
4,20,Northern,2022-09-21,0.5,CHLA,59,7.53,ug/L,Chlorofilas a_KM_2022_patikrinta_2023-03-15_1053.xls,Chlorofilas a,µg/l
4,20,Northern,2022-09-21,0.5,DIN,,0.064,mg N/L,2022 Hidrochemija_KM_patikrinta_2023-03-30_1061.xls,azotas mineralinis,mg/l
4,20,Northern,2022-09-21,0.5,NH4,1,0.041,mg N/L,2022 Hidrochemija_KM_patikrinta_2023-03-30_1061.xls,amonio azotas,mg/l N
4,20,Northern,2022-09-21,0.5,NO2,,0.001,mg N/L,2022 Hidrochemija_KM_patikrinta_2023-03-30_1061.xls,nitritų azotas,mg/l N
4,20,Northern,2022-09-21,0.5,NO3,2,0.022,mg N/L,2022 Hidrochemija_KM_patikrinta_2023-03-30_1061.xls,nitratų azotas,mg/l N
4,20,Northern,2022-09-21,0.5,PO4,3,0.006,mg P/L,2022 Hidrochemija_KM_patikrinta_2023-03-30_1061.xls,fosfatų fosforas,mg/l P
4,20,Northern,2022-09-21,0.5,Si,17,0.25,mg Si/L,2022 Hidrochemija_KM_patikrinta_2023-03-30_1061.xls,silicis,mg/l
4,20,Northern,2022-09-21,0.5,TN,40,0.39,mg N/L,2022 Hidrochemija_KM_patikrinta_2023-03-30_1061.xls,azotas bendras,mg/l
4,20,Northern,2022-09-21,0.5,TP,39,0.032,mg P/L,2022 Hidrochemija_KM_patikrinta_2023-03-30_1061.xls,bendras fosforas,mg/l
4,20,Northern,2023-05-24,0.5,BOD7,,2.3,mg O2/L,2023_KM_BJ_Hidrochemija_patikrinta_2024-01-22.xls,biocheminis deguonies suva,mg/l O2
4,20,Northern,2023-05-24,Paviršinis sluoksnis,CHLA,59,6.88,ug/L,Chlorofilas_a_KM_BJ_2023_patikrinta_2024-01-29.xls,chlorofilas a,µg/l
4,20,Northern,2023-05-24,0.5,DIN,,0.472,mg N/L,2023_KM_BJ_Hidrochemija_patikrinta_2024-01-22.xls,azotas mineralinis,mg/l
4,20,Northern,2023-05-24,0.5,NH4,1,0.034,mg N/L,2023_KM_BJ_Hidrochemija_patikrinta_2024-01-22.xls,amonio azotas,mg/l N
4,20,Northern,2023-05-24,0.5,NO2,,0.008,mg N/L,2023_KM_BJ_Hidrochemija_patikrinta_2024-01-22.xls,nitritų azotas,mg/l N
4,20,Northern,2023-05-24,0.5,NO3,2,0.43,mg N/L,2023_KM_BJ_Hidrochemija_patikrinta_2024-01-22.xls,nitratų azotas,mg/l N
4,20,Northern,2023-05-24,0.5,PO4,3,0.006,mg P/L,2023_KM_BJ_Hidrochemija_patikrinta_2024-01-22.xls,fosfatų fosforas,mg/l P
4,20,Northern,2023-05-24,0.5,Si,17,0.21,mg Si/L,2023_KM_BJ_Hidrochemija_patikrinta_2024-01-22.xls,silicis,mg/l
4,20,Northern,2023-05-24,0.5,TN,40,1.3,mg N/L,2023_KM_BJ_Hidrochemija_patikrinta_2024-01-22.xls,azotas bendras,mg/l
4,20,Northern,2023-05-24,0.5,TP,39,0.03,mg P/L,2023_KM_BJ_Hidrochemija_patikrinta_2024-01-22.xls,bendras fosforas,mg/l
4,20,Northern,2023-06-15,0.5,BOD7,,3.1,mg O2/L,2023_KM_BJ_Hidrochemija_patikrinta_2024-01-22.xls,biocheminis deguonies suva,mg/l O2
4,20,Northern,2023-06-15,Paviršinis sluoksnis,CHLA,59,17.67,ug/L,Chlorofilas_a_KM_BJ_2023_patikrinta_2024-01-29.xls,chlorofilas a,µg/l
4,20,Northern,2023-06-15,0.5,DIN,,0.065,mg N/L,2023_KM_BJ_Hidrochemija_patikrinta_2024-01-22.xls,azotas mineralinis,mg/l
4,20,Northern,2023-06-15,0.5,NH4,1,0.032,mg N/L,2023_KM_BJ_Hidrochemija_patikrinta_2024-01-22.xls,amonio azotas,mg/l N
4,20,Northern,2023-06-15,0.5,NO2,,0.002,mg N/L,2023_KM_BJ_Hidrochemija_patikrinta_2024-01-22.xls,nitritų azotas,mg/l N
4,20,Northern,2023-06-15,0.5,NO3,2,0.031,mg N/L,2023_KM_BJ_Hidrochemija_patikrinta_2024-01-22.xls,nitratų azotas,mg/l N
4,20,Northern,2023-06-15,0.5,PO4,3,0.006,mg P/L,2023_KM_BJ_Hidrochemija_patikrinta_2024-01-22.xls,fosfatų fosforas,mg/l P
4,20,Northern,2023-06-15,0.5,Si,17,0.76,mg Si/L,2023_KM_BJ_Hidrochemija_patikrinta_2024-01-22.xls,silicis,mg/l
4,20,Northern,2023-06-15,0.5,TN,40,0.9,mg N/L,2023_KM_BJ_Hidrochemija_patikrinta_2024-01-22.xls,azotas bendras,mg/l
4,20,Northern,2023-06-15,0.5,TP,39,0.05,mg P/L,2023_KM_BJ_Hidrochemija_patikrinta_2024-01-22.xls,bendras fosforas,mg/l
4,20,Northern,2023-07-12,0.5,BOD7,,2.4,mg O2/L,2023_KM_BJ_Hidrochemija_patikrinta_2024-01-22.xls,biocheminis deguonies suva,mg/l O2
4,20,Northern,2023-07-12,Paviršinis sluoksnis,CHLA,59,10.39,ug/L,Chlorofilas_a_KM_BJ_2023_patikrinta_2024-01-29.xls,chlorofilas a,µg/l
4,20,Northern,2023-07-12,0.5,DIN,,0.023,mg N/L,2023_KM_BJ_Hidrochemija_patikrinta_2024-01-22.xls,azotas mineralinis,mg/l
4,20,Northern,2023-07-12,0.5,NH4,1,0.02,mg N/L,2023_KM_BJ_Hidrochemija_patikrinta_2024-01-22.xls,amonio azotas,mg/l N
4,20,Northern,2023-07-12,0.5,NO2,,0.001,mg N/L,2023_KM_BJ_Hidrochemija_patikrinta_2024-01-22.xls,nitritų azotas,mg/l N
4,20,Northern,2023-07-12,0.5,NO3,2,0.002,mg N/L,2023_KM_BJ_Hidrochemija_patikrinta_2024-01-22.xls,nitratų azotas,mg/l N
4,20,Northern,2023-07-12,0.5,PO4,3,0.006,mg P/L,2023_KM_BJ_Hidrochemija_patikrinta_2024-01-22.xls,fosfatų fosforas,mg/l P
4,20,Northern,2023-07-12,0.5,Si,17,0.58,mg Si/L,2023_KM_BJ_Hidrochemija_patikrinta_2024-01-22.xls,silicis,mg/l
4,20,Northern,2023-07-12,0.5,TN,40,0.68,mg N/L,2023_KM_BJ_Hidrochemija_patikrinta_2024-01-22.xls,azotas bendras,mg/l
4,20,Northern,2023-07-12,0.5,TP,39,0.037,mg P/L,2023_KM_BJ_Hidrochemija_patikrinta_2024-01-22.xls,bendras fosforas,mg/l
4,20,Northern,2023-08-23,0.5,BOD7,,3.1,mg O2/L,2023_KM_BJ_Hidrochemija_patikrinta_2024-01-22.xls,biocheminis deguonies suva,mg/l O2
4,20,Northern,2023-08-23,Paviršinis sluoksnis,CHLA,59,34.34,ug/L,Chlorofilas_a_KM_BJ_2023_patikrinta_2024-01-29.xls,chlorofilas a,µg/l
4,20,Northern,2023-08-23,0.5,DIN,,0.053,mg N/L,2023_KM_BJ_Hidrochemija_patikrinta_2024-01-22.xls,azotas mineralinis,mg/l
4,20,Northern,2023-08-23,0.5,NH4,1,0.025,mg N/L,2023_KM_BJ_Hidrochemija_patikrinta_2024-01-22.xls,amonio azotas,mg/l N
4,20,Northern,2023-08-23,0.5,NO2,,0.001,mg N/L,2023_KM_BJ_Hidrochemija_patikrinta_2024-01-22.xls,nitritų azotas,mg/l N
4,20,Northern,2023-08-23,0.5,NO3,2,0.027,mg N/L,2023_KM_BJ_Hidrochemija_patikrinta_2024-01-22.xls,nitratų azotas,mg/l N
4,20,Northern,2023-08-23,0.5,PO4,3,0.006,mg P/L,2023_KM_BJ_Hidrochemija_patikrinta_2024-01-22.xls,fosfatų fosforas,mg/l P
4,20,Northern,2023-08-23,0.5,Si,17,0.33,mg Si/L,2023_KM_BJ_Hidrochemija_patikrinta_2024-01-22.xls,silicis,mg/l
4,20,Northern,2023-08-23,0.5,TN,40,0.9,mg N/L,2023_KM_BJ_Hidrochemija_patikrinta_2024-01-22.xls,azotas bendras,mg/l
4,20,Northern,2023-08-23,0.5,TP,39,0.074,mg P/L,2023_KM_BJ_Hidrochemija_patikrinta_2024-01-22.xls,bendras fosforas,mg/l
4,20,Northern,2023-09-21,0.5,BOD7,,3.7,mg O2/L,2023_KM_BJ_Hidrochemija_patikrinta_2024-01-22.xls,biocheminis deguonies suva,mg/l O2
4,20,Northern,2023-09-21,Paviršinis sluoksnis,CHLA,59,40.06,ug/L,Chlorofilas_a_KM_BJ_2023_patikrinta_2024-01-29.xls,chlorofilas a,µg/l
4,20,Northern,2023-09-21,0.5,DIN,,0.04,mg N/L,2023_KM_BJ_Hidrochemija_patikrinta_2024-01-22.xls,azotas mineralinis,mg/l
4,20,Northern,2023-09-21,0.5,NH4,1,0.029,mg N/L,2023_KM_BJ_Hidrochemija_patikrinta_2024-01-22.xls,amonio azotas,mg/l N
4,20,Northern,2023-09-21,0.5,NO2,,0.002,mg N/L,2023_KM_BJ_Hidrochemija_patikrinta_2024-01-22.xls,nitritų azotas,mg/l N
4,20,Northern,2023-09-21,0.5,NO3,2,0.009,mg N/L,2023_KM_BJ_Hidrochemija_patikrinta_2024-01-22.xls,nitratų azotas,mg/l N
4,20,Northern,2023-09-21,0.5,PO4,3,0.006,mg P/L,2023_KM_BJ_Hidrochemija_patikrinta_2024-01-22.xls,fosfatų fosforas,mg/l P
4,20,Northern,2023-09-21,0.5,Si,17,0.21,mg Si/L,2023_KM_BJ_Hidrochemija_patikrinta_2024-01-22.xls,silicis,mg/l
4,20,Northern,2023-09-21,0.5,TN,40,1.0,mg N/L,2023_KM_BJ_Hidrochemija_patikrinta_2024-01-22.xls,azotas bendras,mg/l
4,20,Northern,2023-09-21,0.5,TP,39,0.066,mg P/L,2023_KM_BJ_Hidrochemija_patikrinta_2024-01-22.xls,bendras fosforas,mg/l
5,17,Northern,2022-02-23,0.5,BOD7,,0.78,mg O2/L,2022 Hidrochemija_KM_patikrinta_2023-03-30_1061.xls,biocheminis deguonies suvartojimas per 7 paras,mg/l O2
5,17,Northern,2022-02-23,0.5,CHLA,59,20.6,ug/L,Chlorofilas a_KM_2022_patikrinta_2023-03-15_1053.xls,Chlorofilas a,µg/l
5,17,Northern,2022-02-23,0.5,DIN,,2.321,mg N/L,2022 Hidrochemija_KM_patikrinta_2023-03-30_1061.xls,azotas mineralinis,mg/l
5,17,Northern,2022-02-23,0.5,NH4,1,0.016,mg N/L,2022 Hidrochemija_KM_patikrinta_2023-03-30_1061.xls,amonio azotas,mg/l N
5,17,Northern,2022-02-23,0.5,NO2,,0.005,mg N/L,2022 Hidrochemija_KM_patikrinta_2023-03-30_1061.xls,nitritų azotas,mg/l N
5,17,Northern,2022-02-23,0.5,NO3,2,2.3,mg N/L,2022 Hidrochemija_KM_patikrinta_2023-03-30_1061.xls,nitratų azotas,mg/l N
5,17,Northern,2022-02-23,0.5,PO4,3,0.006,mg P/L,2022 Hidrochemija_KM_patikrinta_2023-03-30_1061.xls,fosfatų fosforas,mg/l P
5,17,Northern,2022-02-23,0.5,Si,17,2.88,mg Si/L,2022 Hidrochemija_KM_patikrinta_2023-03-30_1061.xls,silicis,mg/l
5,17,Northern,2022-02-23,0.5,TN,40,2.7,mg N/L,2022 Hidrochemija_KM_patikrinta_2023-03-30_1061.xls,azotas bendras,mg/l
5,17,Northern,2022-02-23,0.5,TP,39,0.082,mg P/L,2022 Hidrochemija_KM_patikrinta_2023-03-30_1061.xls,bendras fosforas,mg/l
5,17,Northern,2022-02-23,0.5,TSS,,21.0,mg/L,2022 Hidrochemija_KM_patikrinta_2023-03-30_1061.xls,suspenduotos (skendinčios) medžiagos,mg/l
5,17,Northern,2022-03-15,0.5,BOD7,,2.2,mg O2/L,2022 Hidrochemija_KM_patikrinta_2023-03-30_1061.xls,biocheminis deguonies suvartojimas per 7 paras,mg/l O2
5,17,Northern,2022-03-15,0.5,CHLA,59,25.68,ug/L,Chlorofilas a_KM_2022_patikrinta_2023-03-15_1053.xls,Chlorofilas a,µg/l
5,17,Northern,2022-03-15,0.5,DIN,,2.222,mg N/L,2022 Hidrochemija_KM_patikrinta_2023-03-30_1061.xls,azotas mineralinis,mg/l
5,17,Northern,2022-03-15,0.5,NH4,1,0.015,mg N/L,2022 Hidrochemija_KM_patikrinta_2023-03-30_1061.xls,amonio azotas,mg/l N
5,17,Northern,2022-03-15,0.5,NO2,,0.007,mg N/L,2022 Hidrochemija_KM_patikrinta_2023-03-30_1061.xls,nitritų azotas,mg/l N
5,17,Northern,2022-03-15,0.5,NO3,2,2.2,mg N/L,2022 Hidrochemija_KM_patikrinta_2023-03-30_1061.xls,nitratų azotas,mg/l N
5,17,Northern,2022-03-15,0.5,PO4,3,0.006,mg P/L,2022 Hidrochemija_KM_patikrinta_2023-03-30_1061.xls,fosfatų fosforas,mg/l P
5,17,Northern,2022-03-15,0.5,Si,17,1.26,mg Si/L,2022 Hidrochemija_KM_patikrinta_2023-03-30_1061.xls,silicis,mg/l
5,17,Northern,2022-03-15,0.5,TN,40,2.7,mg N/L,2022 Hidrochemija_KM_patikrinta_2023-03-30_1061.xls,azotas bendras,mg/l
5,17,Northern,2022-03-15,0.5,TP,39,0.036,mg P/L,2022 Hidrochemija_KM_patikrinta_2023-03-30_1061.xls,bendras fosforas,mg/l
5,17,Northern,2022-03-15,0.5,TSS,,12.0,mg/L,2022 Hidrochemija_KM_patikrinta_2023-03-30_1061.xls,suspenduotos (skendinčios) medžiagos,mg/l
5,17,Northern,2022-04-12,0.5,BOD7,,1.7,mg O2/L,2022 Hidrochemija_KM_patikrinta_2023-03-30_1061.xls,biocheminis deguonies suvartojimas per 7 paras,mg/l O2
5,17,Northern,2022-04-12,0.5,CHLA,59,20.96,ug/L,Chlorofilas a_KM_2022_patikrinta_2023-03-15_1053.xls,Chlorofilas a,µg/l
5,17,Northern,2022-04-12,0.5,DIN,,1.326,mg N/L,2022 Hidrochemija_KM_patikrinta_2023-03-30_1061.xls,azotas mineralinis,mg/l
5,17,Northern,2022-04-12,0.5,NH4,1,0.019,mg N/L,2022 Hidrochemija_KM_patikrinta_2023-03-30_1061.xls,amonio azotas,mg/l N
5,17,Northern,2022-04-12,0.5,NO2,,0.007,mg N/L,2022 Hidrochemija_KM_patikrinta_2023-03-30_1061.xls,nitritų azotas,mg/l N
5,17,Northern,2022-04-12,0.5,NO3,2,1.3,mg N/L,2022 Hidrochemija_KM_patikrinta_2023-03-30_1061.xls,nitratų azotas,mg/l N
5,17,Northern,2022-04-12,0.5,PO4,3,0.006,mg P/L,2022 Hidrochemija_KM_patikrinta_2023-03-30_1061.xls,fosfatų fosforas,mg/l P
5,17,Northern,2022-04-12,0.5,Si,17,0.25,mg Si/L,2022 Hidrochemija_KM_patikrinta_2023-03-30_1061.xls,silicis,mg/l
5,17,Northern,2022-04-12,0.5,TN,40,2.2,mg N/L,2022 Hidrochemija_KM_patikrinta_2023-03-30_1061.xls,azotas bendras,mg/l
5,17,Northern,2022-04-12,0.5,TP,39,0.035,mg P/L,2022 Hidrochemija_KM_patikrinta_2023-03-30_1061.xls,bendras fosforas,mg/l
5,17,Northern,2022-04-12,0.5,TSS,,6.2,mg/L,2022 Hidrochemija_KM_patikrinta_2023-03-30_1061.xls,suspenduotos (skendinčios) medžiagos,mg/l
5,17,Northern,2022-05-04,0.5,BOD7,,2.5,mg O2/L,2022 Hidrochemija_KM_patikrinta_2023-03-30_1061.xls,biocheminis deguonies suvartojimas per 7 paras,mg/l O2
5,17,Northern,2022-05-04,0.5,CHLA,59,19.45,ug/L,Chlorofilas a_KM_2022_patikrinta_2023-03-15_1053.xls,Chlorofilas a,µg/l
5,17,Northern,2022-05-04,0.5,DIN,,0.59,mg N/L,2022 Hidrochemija_KM_patikrinta_2023-03-30_1061.xls,azotas mineralinis,mg/l
5,17,Northern,2022-05-04,0.5,NH4,1,0.025,mg N/L,2022 Hidrochemija_KM_patikrinta_2023-03-30_1061.xls,amonio azotas,mg/l N
5,17,Northern,2022-05-04,0.5,NO2,,0.005,mg N/L,2022 Hidrochemija_KM_patikrinta_2023-03-30_1061.xls,nitritų azotas,mg/l N
5,17,Northern,2022-05-04,0.5,NO3,2,0.56,mg N/L,2022 Hidrochemija_KM_patikrinta_2023-03-30_1061.xls,nitratų azotas,mg/l N
5,17,Northern,2022-05-04,0.5,PO4,3,0.01,mg P/L,2022 Hidrochemija_KM_patikrinta_2023-03-30_1061.xls,fosfatų fosforas,mg/l P
5,17,Northern,2022-05-04,0.5,Si,17,0.25,mg Si/L,2022 Hidrochemija_KM_patikrinta_2023-03-30_1061.xls,silicis,mg/l
5,17,Northern,2022-05-04,0.5,TN,40,1.4,mg N/L,2022 Hidrochemija_KM_patikrinta_2023-03-30_1061.xls,azotas bendras,mg/l
5,17,Northern,2022-05-04,0.5,TP,39,0.076,mg P/L,2022 Hidrochemija_KM_patikrinta_2023-03-30_1061.xls,bendras fosforas,mg/l
5,17,Northern,2022-05-04,0.5,TSS,,13.0,mg/L,2022 Hidrochemija_KM_patikrinta_2023-03-30_1061.xls,suspenduotos (skendinčios) medžiagos,mg/l
5,17,Northern,2022-06-07,0.5,BOD7,,2.7,mg O2/L,2022 Hidrochemija_KM_patikrinta_2023-03-30_1061.xls,biocheminis deguonies suvartojimas per 7 paras,mg/l O2
5,17,Northern,2022-06-07,0.5,CHLA,59,30.19,ug/L,Chlorofilas a_KM_2022_patikrinta_2023-03-15_1053.xls,Chlorofilas a,µg/l
5,17,Northern,2022-06-07,0.5,DIN,,0.022,mg N/L,2022 Hidrochemija_KM_patikrinta_2023-03-30_1061.xls,azotas mineralinis,mg/l
5,17,Northern,2022-06-07,0.5,NH4,1,0.005,mg N/L,2022 Hidrochemija_KM_patikrinta_2023-03-30_1061.xls,amonio azotas,mg/l N
5,17,Northern,2022-06-07,0.5,NO2,,0.004,mg N/L,2022 Hidrochemija_KM_patikrinta_2023-03-30_1061.xls,nitritų azotas,mg/l N
5,17,Northern,2022-06-07,0.5,NO3,2,0.013,mg N/L,2022 Hidrochemija_KM_patikrinta_2023-03-30_1061.xls,nitratų azotas,mg/l N
5,17,Northern,2022-06-07,0.5,PO4,3,0.006,mg P/L,2022 Hidrochemija_KM_patikrinta_2023-03-30_1061.xls,fosfatų fosforas,mg/l P
5,17,Northern,2022-06-07,0.5,Si,17,0.15,mg Si/L,2022 Hidrochemija_KM_patikrinta_2023-03-30_1061.xls,silicis,mg/l
5,17,Northern,2022-06-07,0.5,TN,40,1.2,mg N/L,2022 Hidrochemija_KM_patikrinta_2023-03-30_1061.xls,azotas bendras,mg/l
5,17,Northern,2022-06-07,0.5,TP,39,0.055,mg P/L,2022 Hidrochemija_KM_patikrinta_2023-03-30_1061.xls,bendras fosforas,mg/l
5,17,Northern,2022-06-07,0.5,TSS,,22.0,mg/L,2022 Hidrochemija_KM_patikrinta_2023-03-30_1061.xls,suspenduotos (skendinčios) medžiagos,mg/l
5,17,Northern,2022-08-23,0.5,BOD7,,2.5,mg O2/L,2022 Hidrochemija_KM_patikrinta_2023-03-30_1061.xls,biocheminis deguonies suvartojimas per 7 paras,mg/l O2
5,17,Northern,2022-08-23,0.5,CHLA,59,19.48,ug/L,Chlorofilas a_KM_2022_patikrinta_2023-03-15_1053.xls,Chlorofilas a,µg/l
5,17,Northern,2022-08-23,0.5,DIN,,0.04,mg N/L,2022 Hidrochemija_KM_patikrinta_2023-03-30_1061.xls,azotas mineralinis,mg/l
5,17,Northern,2022-08-23,0.5,NH4,1,0.037,mg N/L,2022 Hidrochemija_KM_patikrinta_2023-03-30_1061.xls,amonio azotas,mg/l N
5,17,Northern,2022-08-23,0.5,NO2,,0.001,mg N/L,2022 Hidrochemija_KM_patikrinta_2023-03-30_1061.xls,nitritų azotas,mg/l N
5,17,Northern,2022-08-23,0.5,NO3,2,0.002,mg N/L,2022 Hidrochemija_KM_patikrinta_2023-03-30_1061.xls,nitratų azotas,mg/l N
5,17,Northern,2022-08-23,0.5,PO4,3,0.006,mg P/L,2022 Hidrochemija_KM_patikrinta_2023-03-30_1061.xls,fosfatų fosforas,mg/l P
5,17,Northern,2022-08-23,0.5,Si,17,0.3,mg Si/L,2022 Hidrochemija_KM_patikrinta_2023-03-30_1061.xls,silicis,mg/l
5,17,Northern,2022-08-23,0.5,TN,40,1.0,mg N/L,2022 Hidrochemija_KM_patikrinta_2023-03-30_1061.xls,azotas bendras,mg/l
5,17,Northern,2022-08-23,0.5,TP,39,0.056,mg P/L,2022 Hidrochemija_KM_patikrinta_2023-03-30_1061.xls,bendras fosforas,mg/l
5,17,Northern,2022-08-23,0.5,TSS,,13.0,mg/L,2022 Hidrochemija_KM_patikrinta_2023-03-30_1061.xls,suspenduotos (skendinčios) medžiagos,mg/l
5,17,Northern,2022-09-08,0.5,CHLA,59,46.99,ug/L,Chlorofilas a_KM_2022_patikrinta_2023-03-15_1053.xls,Chlorofilas a,µg/l
5,17,Northern,2022-09-08,0.5,DIN,,0.038,mg N/L,2022 Hidrochemija_KM_patikrinta_2023-03-30_1061.xls,azotas mineralinis,mg/l
5,17,Northern,2022-09-08,0.5,NH4,1,0.035,mg N/L,2022 Hidrochemija_KM_patikrinta_2023-03-30_1061.xls,amonio azotas,mg/l N
5,17,Northern,2022-09-08,0.5,NO2,,0.001,mg N/L,2022 Hidrochemija_KM_patikrinta_2023-03-30_1061.xls,nitritų azotas,mg/l N
5,17,Northern,2022-09-08,0.5,NO3,2,0.002,mg N/L,2022 Hidrochemija_KM_patikrinta_2023-03-30_1061.xls,nitratų azotas,mg/l N
5,17,Northern,2022-09-08,0.5,PO4,3,0.006,mg P/L,2022 Hidrochemija_KM_patikrinta_2023-03-30_1061.xls,fosfatų fosforas,mg/l P
5,17,Northern,2022-09-08,0.5,Si,17,0.15,mg Si/L,2022 Hidrochemija_KM_patikrinta_2023-03-30_1061.xls,silicis,mg/l
5,17,Northern,2022-09-08,0.5,TN,40,1.1,mg N/L,2022 Hidrochemija_KM_patikrinta_2023-03-30_1061.xls,azotas bendras,mg/l
5,17,Northern,2022-09-08,0.5,TP,39,0.083,mg P/L,2022 Hidrochemija_KM_patikrinta_2023-03-30_1061.xls,bendras fosforas,mg/l
5,17,Northern,2022-09-21,0.5,BOD7,,1.1,mg O2/L,2022 Hidrochemija_KM_patikrinta_2023-03-30_1061.xls,biocheminis deguonies suvartojimas per 7 paras,mg/l O2
5,17,Northern,2022-09-21,0.5,CHLA,59,9.26,ug/L,Chlorofilas a_KM_2022_patikrinta_2023-03-15_1053.xls,Chlorofilas a,µg/l
5,17,Northern,2022-09-21,0.5,DIN,,0.065,mg N/L,2022 Hidrochemija_KM_patikrinta_2023-03-30_1061.xls,azotas mineralinis,mg/l
5,17,Northern,2022-09-21,0.5,NH4,1,0.04,mg N/L,2022 Hidrochemija_KM_patikrinta_2023-03-30_1061.xls,amonio azotas,mg/l N
5,17,Northern,2022-09-21,0.5,NO2,,0.001,mg N/L,2022 Hidrochemija_KM_patikrinta_2023-03-30_1061.xls,nitritų azotas,mg/l N
5,17,Northern,2022-09-21,0.5,NO3,2,0.024,mg N/L,2022 Hidrochemija_KM_patikrinta_2023-03-30_1061.xls,nitratų azotas,mg/l N
5,17,Northern,2022-09-21,0.5,PO4,3,0.006,mg P/L,2022 Hidrochemija_KM_patikrinta_2023-03-30_1061.xls,fosfatų fosforas,mg/l P
5,17,Northern,2022-09-21,0.5,Si,17,0.28,mg Si/L,2022 Hidrochemija_KM_patikrinta_2023-03-30_1061.xls,silicis,mg/l
5,17,Northern,2022-09-21,0.5,TN,40,0.37,mg N/L,2022 Hidrochemija_KM_patikrinta_2023-03-30_1061.xls,azotas bendras,mg/l
5,17,Northern,2022-09-21,0.5,TP,39,0.03,mg P/L,2022 Hidrochemija_KM_patikrinta_2023-03-30_1061.xls,bendras fosforas,mg/l
5,17,Northern,2022-09-21,0.5,TSS,,5.2,mg/L,2022 Hidrochemija_KM_patikrinta_2023-03-30_1061.xls,suspenduotos (skendinčios) medžiagos,mg/l
5,17,Northern,2022-10-12,0.5,BOD7,,1.4,mg O2/L,2022 Hidrochemija_KM_patikrinta_2023-03-30_1061.xls,biocheminis deguonies suvartojimas per 7 paras,mg/l O2
5,17,Northern,2022-10-12,0.5,CHLA,59,22.29,ug/L,Chlorofilas a_KM_2022_patikrinta_2023-03-15_1053.xls,Chlorofilas a,µg/l
5,17,Northern,2022-10-12,0.5,DIN,,0.087,mg N/L,2022 Hidrochemija_KM_patikrinta_2023-03-30_1061.xls,azotas mineralinis,mg/l
5,17,Northern,2022-10-12,0.5,NH4,1,0.05,mg N/L,2022 Hidrochemija_KM_patikrinta_2023-03-30_1061.xls,amonio azotas,mg/l N
5,17,Northern,2022-10-12,0.5,NO2,,0.001,mg N/L,2022 Hidrochemija_KM_patikrinta_2023-03-30_1061.xls,nitritų azotas,mg/l N
5,17,Northern,2022-10-12,0.5,NO3,2,0.036,mg N/L,2022 Hidrochemija_KM_patikrinta_2023-03-30_1061.xls,nitratų azotas,mg/l N
5,17,Northern,2022-10-12,0.5,PO4,3,0.006,mg P/L,2022 Hidrochemija_KM_patikrinta_2023-03-30_1061.xls,fosfatų fosforas,mg/l P
5,17,Northern,2022-10-12,0.5,Si,17,0.23,mg Si/L,2022 Hidrochemija_KM_patikrinta_2023-03-30_1061.xls,silicis,mg/l
5,17,Northern,2022-10-12,0.5,TN,40,0.64,mg N/L,2022 Hidrochemija_KM_patikrinta_2023-03-30_1061.xls,azotas bendras,mg/l
5,17,Northern,2022-10-12,0.5,TP,39,0.051,mg P/L,2022 Hidrochemija_KM_patikrinta_2023-03-30_1061.xls,bendras fosforas,mg/l
5,17,Northern,2022-10-12,0.5,TSS,,14.0,mg/L,2022 Hidrochemija_KM_patikrinta_2023-03-30_1061.xls,suspenduotos (skendinčios) medžiagos,mg/l
5,17,Northern,2022-11-22,0.5,BOD7,,1.9,mg O2/L,2022 Hidrochemija_KM_patikrinta_2023-03-30_1061.xls,biocheminis deguonies suvartojimas per 7 paras,mg/l O2
5,17,Northern,2022-11-22,0.5,CHLA,59,63.26,ug/L,Chlorofilas a_KM_2022_patikrinta_2023-03-15_1053.xls,Chlorofilas a,µg/l
5,17,Northern,2022-11-22,0.5,DIN,,0.216,mg N/L,2022 Hidrochemija_KM_patikrinta_2023-03-30_1061.xls,azotas mineralinis,mg/l
5,17,Northern,2022-11-22,0.5,NH4,1,0.033,mg N/L,2022 Hidrochemija_KM_patikrinta_2023-03-30_1061.xls,amonio azotas,mg/l N
5,17,Northern,2022-11-22,0.5,NO2,,0.003,mg N/L,2022 Hidrochemija_KM_patikrinta_2023-03-30_1061.xls,nitritų azotas,mg/l N
5,17,Northern,2022-11-22,0.5,NO3,2,0.18,mg N/L,2022 Hidrochemija_KM_patikrinta_2023-03-30_1061.xls,nitratų azotas,mg/l N
5,17,Northern,2022-11-22,0.5,PO4,3,0.006,mg P/L,2022 Hidrochemija_KM_patikrinta_2023-03-30_1061.xls,fosfatų fosforas,mg/l P
5,17,Northern,2022-11-22,0.5,Si,17,1.21,mg Si/L,2022 Hidrochemija_KM_patikrinta_2023-03-30_1061.xls,silicis,mg/l
5,17,Northern,2022-11-22,0.5,TN,40,1.1,mg N/L,2022 Hidrochemija_KM_patikrinta_2023-03-30_1061.xls,azotas bendras,mg/l
5,17,Northern,2022-11-22,0.5,TP,39,0.11,mg P/L,2022 Hidrochemija_KM_patikrinta_2023-03-30_1061.xls,bendras fosforas,mg/l
5,17,Northern,2022-11-22,0.5,TSS,,46.0,mg/L,2022 Hidrochemija_KM_patikrinta_2023-03-30_1061.xls,suspenduotos (skendinčios) medžiagos,mg/l
5,17,Northern,2023-02-07,0.5,BOD7,,1.6,mg O2/L,2023_KM_BJ_Hidrochemija_patikrinta_2024-01-22.xls,biocheminis deguonies suva,mg/l O2
5,17,Northern,2023-02-07,Paviršinis sluoksnis,CHLA,59,33.01,ug/L,Chlorofilas_a_KM_BJ_2023_patikrinta_2024-01-29.xls,chlorofilas a,µg/l
5,17,Northern,2023-02-07,0.5,DIN,,1.94,mg N/L,2023_KM_BJ_Hidrochemija_patikrinta_2024-01-22.xls,azotas mineralinis,mg/l
5,17,Northern,2023-02-07,0.5,NH4,1,0.026,mg N/L,2023_KM_BJ_Hidrochemija_patikrinta_2024-01-22.xls,amonio azotas,mg/l N
5,17,Northern,2023-02-07,0.5,NO2,,0.014,mg N/L,2023_KM_BJ_Hidrochemija_patikrinta_2024-01-22.xls,nitritų azotas,mg/l N
5,17,Northern,2023-02-07,0.5,NO3,2,1.9,mg N/L,2023_KM_BJ_Hidrochemija_patikrinta_2024-01-22.xls,nitratų azotas,mg/l N
5,17,Northern,2023-02-07,0.5,PO4,3,0.006,mg P/L,2023_KM_BJ_Hidrochemija_patikrinta_2024-01-22.xls,fosfatų fosforas,mg/l P
5,17,Northern,2023-02-07,0.5,Si,17,1.89,mg Si/L,2023_KM_BJ_Hidrochemija_patikrinta_2024-01-22.xls,silicis,mg/l
5,17,Northern,2023-02-07,0.5,TN,40,2.4,mg N/L,2023_KM_BJ_Hidrochemija_patikrinta_2024-01-22.xls,azotas bendras,mg/l
5,17,Northern,2023-02-07,0.5,TP,39,0.059,mg P/L,2023_KM_BJ_Hidrochemija_patikrinta_2024-01-22.xls,bendras fosforas,mg/l
5,17,Northern,2023-02-07,0.5,TSS,,13.0,mg/L,2023_KM_BJ_Hidrochemija_patikrinta_2024-01-22.xls,suspenduotos (skendinčios),mg/l
5,17,Northern,2023-04-04,0.5,BOD7,,3.3,mg O2/L,2023_KM_BJ_Hidrochemija_patikrinta_2024-01-22.xls,biocheminis deguonies suva,mg/l O2
5,17,Northern,2023-04-04,Paviršinis sluoksnis,CHLA,59,50.96,ug/L,Chlorofilas_a_KM_BJ_2023_patikrinta_2024-01-29.xls,chlorofilas a,µg/l
5,17,Northern,2023-04-04,0.5,DIN,,2.331,mg N/L,2023_KM_BJ_Hidrochemija_patikrinta_2024-01-22.xls,azotas mineralinis,mg/l
5,17,Northern,2023-04-04,0.5,NH4,1,0.024,mg N/L,2023_KM_BJ_Hidrochemija_patikrinta_2024-01-22.xls,amonio azotas,mg/l N
5,17,Northern,2023-04-04,0.5,NO2,,0.007,mg N/L,2023_KM_BJ_Hidrochemija_patikrinta_2024-01-22.xls,nitritų azotas,mg/l N
5,17,Northern,2023-04-04,0.5,NO3,2,2.3,mg N/L,2023_KM_BJ_Hidrochemija_patikrinta_2024-01-22.xls,nitratų azotas,mg/l N
5,17,Northern,2023-04-04,0.5,PO4,3,0.006,mg P/L,2023_KM_BJ_Hidrochemija_patikrinta_2024-01-22.xls,fosfatų fosforas,mg/l P
5,17,Northern,2023-04-04,0.5,Si,17,1.41,mg Si/L,2023_KM_BJ_Hidrochemija_patikrinta_2024-01-22.xls,silicis,mg/l
5,17,Northern,2023-04-04,0.5,TN,40,2.9,mg N/L,2023_KM_BJ_Hidrochemija_patikrinta_2024-01-22.xls,azotas bendras,mg/l
5,17,Northern,2023-04-04,0.5,TP,39,0.11,mg P/L,2023_KM_BJ_Hidrochemija_patikrinta_2024-01-22.xls,bendras fosforas,mg/l
5,17,Northern,2023-04-04,0.5,TSS,,48.0,mg/L,2023_KM_BJ_Hidrochemija_patikrinta_2024-01-22.xls,suspenduotos (skendinčios),mg/l
5,17,Northern,2023-04-24,0.5,BOD7,,3.7,mg O2/L,2023_KM_BJ_Hidrochemija_patikrinta_2024-01-22.xls,biocheminis deguonies suva,mg/l O2
5,17,Northern,2023-04-24,Paviršinis sluoksnis,CHLA,59,36.93,ug/L,Chlorofilas_a_KM_BJ_2023_patikrinta_2024-01-29.xls,chlorofilas a,µg/l
5,17,Northern,2023-04-24,0.5,DIN,,0.915,mg N/L,2023_KM_BJ_Hidrochemija_patikrinta_2024-01-22.xls,azotas mineralinis,mg/l
5,17,Northern,2023-04-24,0.5,NH4,1,0.034,mg N/L,2023_KM_BJ_Hidrochemija_patikrinta_2024-01-22.xls,amonio azotas,mg/l N
5,17,Northern,2023-04-24,0.5,NO2,,0.011,mg N/L,2023_KM_BJ_Hidrochemija_patikrinta_2024-01-22.xls,nitritų azotas,mg/l N
5,17,Northern,2023-04-24,0.5,NO3,2,0.87,mg N/L,2023_KM_BJ_Hidrochemija_patikrinta_2024-01-22.xls,nitratų azotas,mg/l N
5,17,Northern,2023-04-24,0.5,PO4,3,0.006,mg P/L,2023_KM_BJ_Hidrochemija_patikrinta_2024-01-22.xls,fosfatų fosforas,mg/l P
5,17,Northern,2023-04-24,0.5,Si,17,0.28,mg Si/L,2023_KM_BJ_Hidrochemija_patikrinta_2024-01-22.xls,silicis,mg/l
5,17,Northern,2023-04-24,0.5,TN,40,1.5,mg N/L,2023_KM_BJ_Hidrochemija_patikrinta_2024-01-22.xls,azotas bendras,mg/l
5,17,Northern,2023-04-24,0.5,TP,39,0.054,mg P/L,2023_KM_BJ_Hidrochemija_patikrinta_2024-01-22.xls,bendras fosforas,mg/l
5,17,Northern,2023-04-24,0.5,TSS,,17.0,mg/L,2023_KM_BJ_Hidrochemija_patikrinta_2024-01-22.xls,suspenduotos (skendinčios),mg/l
5,17,Northern,2023-05-24,0.5,BOD7,,3.6,mg O2/L,2023_KM_BJ_Hidrochemija_patikrinta_2024-01-22.xls,biocheminis deguonies suva,mg/l O2
5,17,Northern,2023-05-24,Paviršinis sluoksnis,CHLA,59,18.43,ug/L,Chlorofilas_a_KM_BJ_2023_patikrinta_2024-01-29.xls,chlorofilas a,µg/l
5,17,Northern,2023-05-24,0.5,DIN,,0.452,mg N/L,2023_KM_BJ_Hidrochemija_patikrinta_2024-01-22.xls,azotas mineralinis,mg/l
5,17,Northern,2023-05-24,0.5,NH4,1,0.032,mg N/L,2023_KM_BJ_Hidrochemija_patikrinta_2024-01-22.xls,amonio azotas,mg/l N
5,17,Northern,2023-05-24,0.5,NO2,,0.01,mg N/L,2023_KM_BJ_Hidrochemija_patikrinta_2024-01-22.xls,nitritų azotas,mg/l N
5,17,Northern,2023-05-24,0.5,NO3,2,0.41,mg N/L,2023_KM_BJ_Hidrochemija_patikrinta_2024-01-22.xls,nitratų azotas,mg/l N
5,17,Northern,2023-05-24,0.5,PO4,3,0.006,mg P/L,2023_KM_BJ_Hidrochemija_patikrinta_2024-01-22.xls,fosfatų fosforas,mg/l P
5,17,Northern,2023-05-24,0.5,Si,17,0.48,mg Si/L,2023_KM_BJ_Hidrochemija_patikrinta_2024-01-22.xls,silicis,mg/l
5,17,Northern,2023-05-24,0.5,TN,40,1.3,mg N/L,2023_KM_BJ_Hidrochemija_patikrinta_2024-01-22.xls,azotas bendras,mg/l
5,17,Northern,2023-05-24,0.5,TP,39,0.041,mg P/L,2023_KM_BJ_Hidrochemija_patikrinta_2024-01-22.xls,bendras fosforas,mg/l
5,17,Northern,2023-05-24,0.5,TSS,,12.0,mg/L,2023_KM_BJ_Hidrochemija_patikrinta_2024-01-22.xls,suspenduotos (skendinčios),mg/l
5,17,Northern,2023-06-15,0.5,BOD7,,4.0,mg O2/L,2023_KM_BJ_Hidrochemija_patikrinta_2024-01-22.xls,biocheminis deguonies suva,mg/l O2
5,17,Northern,2023-06-15,Paviršinis sluoksnis,CHLA,59,35.55,ug/L,Chlorofilas_a_KM_BJ_2023_patikrinta_2024-01-29.xls,chlorofilas a,µg/l
5,17,Northern,2023-06-15,0.5,DIN,,0.07,mg N/L,2023_KM_BJ_Hidrochemija_patikrinta_2024-01-22.xls,azotas mineralinis,mg/l
5,17,Northern,2023-06-15,0.5,NH4,1,0.036,mg N/L,2023_KM_BJ_Hidrochemija_patikrinta_2024-01-22.xls,amonio azotas,mg/l N
5,17,Northern,2023-06-15,0.5,NO2,,0.002,mg N/L,2023_KM_BJ_Hidrochemija_patikrinta_2024-01-22.xls,nitritų azotas,mg/l N
5,17,Northern,2023-06-15,0.5,NO3,2,0.032,mg N/L,2023_KM_BJ_Hidrochemija_patikrinta_2024-01-22.xls,nitratų azotas,mg/l N
5,17,Northern,2023-06-15,0.5,PO4,3,0.006,mg P/L,2023_KM_BJ_Hidrochemija_patikrinta_2024-01-22.xls,fosfatų fosforas,mg/l P
5,17,Northern,2023-06-15,0.5,Si,17,0.48,mg Si/L,2023_KM_BJ_Hidrochemija_patikrinta_2024-01-22.xls,silicis,mg/l
5,17,Northern,2023-06-15,0.5,TN,40,1.1,mg N/L,2023_KM_BJ_Hidrochemija_patikrinta_2024-01-22.xls,azotas bendras,mg/l
5,17,Northern,2023-06-15,0.5,TP,39,0.088,mg P/L,2023_KM_BJ_Hidrochemija_patikrinta_2024-01-22.xls,bendras fosforas,mg/l
5,17,Northern,2023-06-15,0.5,TSS,,35.0,mg/L,2023_KM_BJ_Hidrochemija_patikrinta_2024-01-22.xls,suspenduotos (skendinčios),mg/l
5,17,Northern,2023-07-12,0.5,BOD7,,3.2,mg O2/L,2023_KM_BJ_Hidrochemija_patikrinta_2024-01-22.xls,biocheminis deguonies suva,mg/l O2
5,17,Northern,2023-07-12,Paviršinis sluoksnis,CHLA,59,26.01,ug/L,Chlorofilas_a_KM_BJ_2023_patikrinta_2024-01-29.xls,chlorofilas a,µg/l
5,17,Northern,2023-07-12,0.5,DIN,,0.027,mg N/L,2023_KM_BJ_Hidrochemija_patikrinta_2024-01-22.xls,azotas mineralinis,mg/l
5,17,Northern,2023-07-12,0.5,NH4,1,0.024,mg N/L,2023_KM_BJ_Hidrochemija_patikrinta_2024-01-22.xls,amonio azotas,mg/l N
5,17,Northern,2023-07-12,0.5,NO2,,0.001,mg N/L,2023_KM_BJ_Hidrochemija_patikrinta_2024-01-22.xls,nitritų azotas,mg/l N
5,17,Northern,2023-07-12,0.5,NO3,2,0.002,mg N/L,2023_KM_BJ_Hidrochemija_patikrinta_2024-01-22.xls,nitratų azotas,mg/l N
5,17,Northern,2023-07-12,0.5,PO4,3,0.006,mg P/L,2023_KM_BJ_Hidrochemija_patikrinta_2024-01-22.xls,fosfatų fosforas,mg/l P
5,17,Northern,2023-07-12,0.5,Si,17,0.26,mg Si/L,2023_KM_BJ_Hidrochemija_patikrinta_2024-01-22.xls,silicis,mg/l
5,17,Northern,2023-07-12,0.5,TN,40,0.8,mg N/L,2023_KM_BJ_Hidrochemija_patikrinta_2024-01-22.xls,azotas bendras,mg/l
5,17,Northern,2023-07-12,0.5,TP,39,0.063,mg P/L,2023_KM_BJ_Hidrochemija_patikrinta_2024-01-22.xls,bendras fosforas,mg/l
5,17,Northern,2023-07-12,0.5,TSS,,18.0,mg/L,2023_KM_BJ_Hidrochemija_patikrinta_2024-01-22.xls,suspenduotos (skendinčios),mg/l
5,17,Northern,2023-07-25,Paviršinis sluoksnis,CHLA,59,29.97,ug/L,Chlorofilas_a_KM_BJ_2023_patikrinta_2024-01-29.xls,chlorofilas a,µg/l
5,17,Northern,2023-07-25,0.5,DIN,,0.023,mg N/L,2023_KM_BJ_Hidrochemija_patikrinta_2024-01-22.xls,azotas mineralinis,mg/l
5,17,Northern,2023-07-25,0.5,NH4,1,0.02,mg N/L,2023_KM_BJ_Hidrochemija_patikrinta_2024-01-22.xls,amonio azotas,mg/l N
5,17,Northern,2023-07-25,0.5,NO2,,0.001,mg N/L,2023_KM_BJ_Hidrochemija_patikrinta_2024-01-22.xls,nitritų azotas,mg/l N
5,17,Northern,2023-07-25,0.5,NO3,2,0.002,mg N/L,2023_KM_BJ_Hidrochemija_patikrinta_2024-01-22.xls,nitratų azotas,mg/l N
5,17,Northern,2023-07-25,0.5,PO4,3,0.006,mg P/L,2023_KM_BJ_Hidrochemija_patikrinta_2024-01-22.xls,fosfatų fosforas,mg/l P
5,17,Northern,2023-07-25,0.5,Si,17,0.41,mg Si/L,2023_KM_BJ_Hidrochemija_patikrinta_2024-01-22.xls,silicis,mg/l
5,17,Northern,2023-07-25,0.5,TN,40,0.97,mg N/L,2023_KM_BJ_Hidrochemija_patikrinta_2024-01-22.xls,azotas bendras,mg/l
5,17,Northern,2023-07-25,0.5,TP,39,0.063,mg P/L,2023_KM_BJ_Hidrochemija_patikrinta_2024-01-22.xls,bendras fosforas,mg/l
5,17,Northern,2023-08-23,0.5,BOD7,,3.5,mg O2/L,2023_KM_BJ_Hidrochemija_patikrinta_2024-01-22.xls,biocheminis deguonies suva,mg/l O2
5,17,Northern,2023-08-23,Paviršinis sluoksnis,CHLA,59,41.87,ug/L,Chlorofilas_a_KM_BJ_2023_patikrinta_2024-01-29.xls,chlorofilas a,µg/l
5,17,Northern,2023-08-23,0.5,DIN,,0.023,mg N/L,2023_KM_BJ_Hidrochemija_patikrinta_2024-01-22.xls,azotas mineralinis,mg/l
5,17,Northern,2023-08-23,0.5,NH4,1,0.02,mg N/L,2023_KM_BJ_Hidrochemija_patikrinta_2024-01-22.xls,amonio azotas,mg/l N
5,17,Northern,2023-08-23,0.5,NO2,,0.001,mg N/L,2023_KM_BJ_Hidrochemija_patikrinta_2024-01-22.xls,nitritų azotas,mg/l N
5,17,Northern,2023-08-23,0.5,NO3,2,0.002,mg N/L,2023_KM_BJ_Hidrochemija_patikrinta_2024-01-22.xls,nitratų azotas,mg/l N
5,17,Northern,2023-08-23,0.5,PO4,3,0.006,mg P/L,2023_KM_BJ_Hidrochemija_patikrinta_2024-01-22.xls,fosfatų fosforas,mg/l P
5,17,Northern,2023-08-23,0.5,Si,17,0.21,mg Si/L,2023_KM_BJ_Hidrochemija_patikrinta_2024-01-22.xls,silicis,mg/l
5,17,Northern,2023-08-23,0.5,TN,40,0.89,mg N/L,2023_KM_BJ_Hidrochemija_patikrinta_2024-01-22.xls,azotas bendras,mg/l
5,17,Northern,2023-08-23,0.5,TP,39,0.072,mg P/L,2023_KM_BJ_Hidrochemija_patikrinta_2024-01-22.xls,bendras fosforas,mg/l
5,17,Northern,2023-08-23,0.5,TSS,,22.0,mg/L,2023_KM_BJ_Hidrochemija_patikrinta_2024-01-22.xls,suspenduotos (skendinčios),mg/l
5,17,Northern,2023-09-21,0.5,BOD7,,4.6,mg O2/L,2023_KM_BJ_Hidrochemija_patikrinta_2024-01-22.xls,biocheminis deguonies suva,mg/l O2
5,17,Northern,2023-09-21,Paviršinis sluoksnis,CHLA,59,70.33,ug/L,Chlorofilas_a_KM_BJ_2023_patikrinta_2024-01-29.xls,chlorofilas a,µg/l
5,17,Northern,2023-09-21,0.5,DIN,,0.029,mg N/L,2023_KM_BJ_Hidrochemija_patikrinta_2024-01-22.xls,azotas mineralinis,mg/l
5,17,Northern,2023-09-21,0.5,NH4,1,0.026,mg N/L,2023_KM_BJ_Hidrochemija_patikrinta_2024-01-22.xls,amonio azotas,mg/l N
5,17,Northern,2023-09-21,0.5,NO2,,0.001,mg N/L,2023_KM_BJ_Hidrochemija_patikrinta_2024-01-22.xls,nitritų azotas,mg/l N
5,17,Northern,2023-09-21,0.5,NO3,2,0.002,mg N/L,2023_KM_BJ_Hidrochemija_patikrinta_2024-01-22.xls,nitratų azotas,mg/l N
5,17,Northern,2023-09-21,0.5,PO4,3,0.006,mg P/L,2023_KM_BJ_Hidrochemija_patikrinta_2024-01-22.xls,fosfatų fosforas,mg/l P
5,17,Northern,2023-09-21,0.5,Si,17,0.21,mg Si/L,2023_KM_BJ_Hidrochemija_patikrinta_2024-01-22.xls,silicis,mg/l
5,17,Northern,2023-09-21,0.5,TN,40,1.2,mg N/L,2023_KM_BJ_Hidrochemija_patikrinta_2024-01-22.xls,azotas bendras,mg/l
5,17,Northern,2023-09-21,0.5,TP,39,0.11,mg P/L,2023_KM_BJ_Hidrochemija_patikrinta_2024-01-22.xls,bendras fosforas,mg/l
5,17,Northern,2023-09-21,0.5,TSS,,29.0,mg/L,2023_KM_BJ_Hidrochemija_patikrinta_2024-01-22.xls,suspenduotos (skendinčios),mg/l
5,17,Northern,2023-10-19,0.5,BOD7,,1.6,mg O2/L,2023_KM_BJ_Hidrochemija_patikrinta_2024-01-22.xls,biocheminis deguonies suva,mg/l O2
5,17,Northern,2023-10-19,Paviršinis sluoksnis,CHLA,59,13.68,ug/L,Chlorofilas_a_KM_BJ_2023_patikrinta_2024-01-29.xls,chlorofilas a,µg/l
5,17,Northern,2023-10-19,0.5,DIN,,0.175,mg N/L,2023_KM_BJ_Hidrochemija_patikrinta_2024-01-22.xls,azotas mineralinis,mg/l
5,17,Northern,2023-10-19,0.5,NH4,1,0.076,mg N/L,2023_KM_BJ_Hidrochemija_patikrinta_2024-01-22.xls,amonio azotas,mg/l N
5,17,Northern,2023-10-19,0.5,NO2,,0.005,mg N/L,2023_KM_BJ_Hidrochemija_patikrinta_2024-01-22.xls,nitritų azotas,mg/l N
5,17,Northern,2023-10-19,0.5,NO3,2,0.094,mg N/L,2023_KM_BJ_Hidrochemija_patikrinta_2024-01-22.xls,nitratų azotas,mg/l N
5,17,Northern,2023-10-19,0.5,PO4,3,0.006,mg P/L,2023_KM_BJ_Hidrochemija_patikrinta_2024-01-22.xls,fosfatų fosforas,mg/l P
5,17,Northern,2023-10-19,0.5,Si,17,0.28,mg Si/L,2023_KM_BJ_Hidrochemija_patikrinta_2024-01-22.xls,silicis,mg/l
5,17,Northern,2023-10-19,0.5,TN,40,0.69,mg N/L,2023_KM_BJ_Hidrochemija_patikrinta_2024-01-22.xls,azotas bendras,mg/l
5,17,Northern,2023-10-19,0.5,TP,39,0.034,mg P/L,2023_KM_BJ_Hidrochemija_patikrinta_2024-01-22.xls,bendras fosforas,mg/l
5,17,Northern,2023-10-19,0.5,TSS,,8.5,mg/L,2023_KM_BJ_Hidrochemija_patikrinta_2024-01-22.xls,suspenduotos (skendinčios),mg/l
5,17,Northern,2023-11-14,0.5,BOD7,,2.0,mg O2/L,2023_KM_BJ_Hidrochemija_patikrinta_2024-01-22.xls,biocheminis deguonies suva,mg/l O2
5,17,Northern,2023-11-14,Paviršinis sluoksnis,CHLA,59,55.02,ug/L,Chlorofilas_a_KM_BJ_2023_patikrinta_2024-01-29.xls,chlorofilas a,µg/l
5,17,Northern,2023-11-14,0.5,DIN,,0.128,mg N/L,2023_KM_BJ_Hidrochemija_patikrinta_2024-01-22.xls,azotas mineralinis,mg/l
5,17,Northern,2023-11-14,0.5,NH4,1,0.037,mg N/L,2023_KM_BJ_Hidrochemija_patikrinta_2024-01-22.xls,amonio azotas,mg/l N
5,17,Northern,2023-11-14,0.5,NO2,,0.001,mg N/L,2023_KM_BJ_Hidrochemija_patikrinta_2024-01-22.xls,nitritų azotas,mg/l N
5,17,Northern,2023-11-14,0.5,NO3,2,0.09,mg N/L,2023_KM_BJ_Hidrochemija_patikrinta_2024-01-22.xls,nitratų azotas,mg/l N
5,17,Northern,2023-11-14,0.5,PO4,3,0.006,mg P/L,2023_KM_BJ_Hidrochemija_patikrinta_2024-01-22.xls,fosfatų fosforas,mg/l P
5,17,Northern,2023-11-14,0.5,Si,17,0.26,mg Si/L,2023_KM_BJ_Hidrochemija_patikrinta_2024-01-22.xls,silicis,mg/l
5,17,Northern,2023-11-14,0.5,TN,40,1.1,mg N/L,2023_KM_BJ_Hidrochemija_patikrinta_2024-01-22.xls,azotas bendras,mg/l
5,17,Northern,2023-11-14,0.5,TP,39,0.085,mg P/L,2023_KM_BJ_Hidrochemija_patikrinta_2024-01-22.xls,bendras fosforas,mg/l
5,17,Northern,2023-11-14,0.5,TSS,,40.0,mg/L,2023_KM_BJ_Hidrochemija_patikrinta_2024-01-22.xls,suspenduotos (skendinčios),mg/l
6,15,Northern,2022-04-12,0.5,BOD7,,2.9,mg O2/L,2022 Hidrochemija_KM_patikrinta_2023-03-30_1061.xls,biocheminis deguonies suvartojimas per 7 paras,mg/l O2
6,15,Northern,2022-04-12,0.5,CHLA,59,36.9,ug/L,Chlorofilas a_KM_2022_patikrinta_2023-03-15_1053.xls,Chlorofilas a,µg/l
6,15,Northern,2022-04-12,0.5,DIN,,1.417,mg N/L,2022 Hidrochemija_KM_patikrinta_2023-03-30_1061.xls,azotas mineralinis,mg/l
6,15,Northern,2022-04-12,0.5,NH4,1,0.013,mg N/L,2022 Hidrochemija_KM_patikrinta_2023-03-30_1061.xls,amonio azotas,mg/l N
6,15,Northern,2022-04-12,0.5,NO2,,0.004,mg N/L,2022 Hidrochemija_KM_patikrinta_2023-03-30_1061.xls,nitritų azotas,mg/l N
6,15,Northern,2022-04-12,0.5,NO3,2,1.4,mg N/L,2022 Hidrochemija_KM_patikrinta_2023-03-30_1061.xls,nitratų azotas,mg/l N
6,15,Northern,2022-04-12,0.5,PO4,3,0.006,mg P/L,2022 Hidrochemija_KM_patikrinta_2023-03-30_1061.xls,fosfatų fosforas,mg/l P
6,15,Northern,2022-04-12,0.5,Si,17,0.35,mg Si/L,2022 Hidrochemija_KM_patikrinta_2023-03-30_1061.xls,silicis,mg/l
6,15,Northern,2022-04-12,0.5,TN,40,2.5,mg N/L,2022 Hidrochemija_KM_patikrinta_2023-03-30_1061.xls,azotas bendras,mg/l
6,15,Northern,2022-04-12,0.5,TP,39,0.047,mg P/L,2022 Hidrochemija_KM_patikrinta_2023-03-30_1061.xls,bendras fosforas,mg/l
6,15,Northern,2022-05-04,0.5,BOD7,,2.2,mg O2/L,2022 Hidrochemija_KM_patikrinta_2023-03-30_1061.xls,biocheminis deguonies suvartojimas per 7 paras,mg/l O2
6,15,Northern,2022-05-04,0.5,CHLA,59,10.47,ug/L,Chlorofilas a_KM_2022_patikrinta_2023-03-15_1053.xls,Chlorofilas a,µg/l
6,15,Northern,2022-05-04,0.5,DIN,,0.96,mg N/L,2022 Hidrochemija_KM_patikrinta_2023-03-30_1061.xls,azotas mineralinis,mg/l
6,15,Northern,2022-05-04,0.5,NH4,1,0.014,mg N/L,2022 Hidrochemija_KM_patikrinta_2023-03-30_1061.xls,amonio azotas,mg/l N
6,15,Northern,2022-05-04,0.5,NO2,,0.006,mg N/L,2022 Hidrochemija_KM_patikrinta_2023-03-30_1061.xls,nitritų azotas,mg/l N
6,15,Northern,2022-05-04,0.5,NO3,2,0.94,mg N/L,2022 Hidrochemija_KM_patikrinta_2023-03-30_1061.xls,nitratų azotas,mg/l N
6,15,Northern,2022-05-04,0.5,PO4,3,0.006,mg P/L,2022 Hidrochemija_KM_patikrinta_2023-03-30_1061.xls,fosfatų fosforas,mg/l P
6,15,Northern,2022-05-04,0.5,Si,17,1.7,mg Si/L,2022 Hidrochemija_KM_patikrinta_2023-03-30_1061.xls,silicis,mg/l
6,15,Northern,2022-05-04,0.5,TN,40,1.4,mg N/L,2022 Hidrochemija_KM_patikrinta_2023-03-30_1061.xls,azotas bendras,mg/l
6,15,Northern,2022-05-04,0.5,TP,39,0.043,mg P/L,2022 Hidrochemija_KM_patikrinta_2023-03-30_1061.xls,bendras fosforas,mg/l
6,15,Northern,2022-06-07,0.5,BOD7,,2.8,mg O2/L,2022 Hidrochemija_KM_patikrinta_2023-03-30_1061.xls,biocheminis deguonies suvartojimas per 7 paras,mg/l O2
6,15,Northern,2022-06-07,0.5,CHLA,59,24.94,ug/L,Chlorofilas a_KM_2022_patikrinta_2023-03-15_1053.xls,Chlorofilas a,µg/l
6,15,Northern,2022-06-07,0.5,DIN,,0.038,mg N/L,2022 Hidrochemija_KM_patikrinta_2023-03-30_1061.xls,azotas mineralinis,mg/l
6,15,Northern,2022-06-07,0.5,NH4,1,0.022,mg N/L,2022 Hidrochemija_KM_patikrinta_2023-03-30_1061.xls,amonio azotas,mg/l N
6,15,Northern,2022-06-07,0.5,NO2,,0.004,mg N/L,2022 Hidrochemija_KM_patikrinta_2023-03-30_1061.xls,nitritų azotas,mg/l N
6,15,Northern,2022-06-07,0.5,NO3,2,0.012,mg N/L,2022 Hidrochemija_KM_patikrinta_2023-03-30_1061.xls,nitratų azotas,mg/l N
6,15,Northern,2022-06-07,0.5,PO4,3,0.006,mg P/L,2022 Hidrochemija_KM_patikrinta_2023-03-30_1061.xls,fosfatų fosforas,mg/l P
6,15,Northern,2022-06-07,0.5,Si,17,0.15,mg Si/L,2022 Hidrochemija_KM_patikrinta_2023-03-30_1061.xls,silicis,mg/l
6,15,Northern,2022-06-07,0.5,TN,40,1.0,mg N/L,2022 Hidrochemija_KM_patikrinta_2023-03-30_1061.xls,azotas bendras,mg/l
6,15,Northern,2022-06-07,0.5,TP,39,0.051,mg P/L,2022 Hidrochemija_KM_patikrinta_2023-03-30_1061.xls,bendras fosforas,mg/l
6,15,Northern,2022-08-23,0.5,BOD7,,3.6,mg O2/L,2022 Hidrochemija_KM_patikrinta_2023-03-30_1061.xls,biocheminis deguonies suvartojimas per 7 paras,mg/l O2
6,15,Northern,2022-08-23,0.5,CHLA,59,22.29,ug/L,Chlorofilas a_KM_2022_patikrinta_2023-03-15_1053.xls,Chlorofilas a,µg/l
6,15,Northern,2022-08-23,0.5,DIN,,0.037,mg N/L,2022 Hidrochemija_KM_patikrinta_2023-03-30_1061.xls,azotas mineralinis,mg/l
6,15,Northern,2022-08-23,0.5,NH4,1,0.034,mg N/L,2022 Hidrochemija_KM_patikrinta_2023-03-30_1061.xls,amonio azotas,mg/l N
6,15,Northern,2022-08-23,0.5,NO2,,0.001,mg N/L,2022 Hidrochemija_KM_patikrinta_2023-03-30_1061.xls,nitritų azotas,mg/l N
6,15,Northern,2022-08-23,0.5,NO3,2,0.002,mg N/L,2022 Hidrochemija_KM_patikrinta_2023-03-30_1061.xls,nitratų azotas,mg/l N
6,15,Northern,2022-08-23,0.5,PO4,3,0.006,mg P/L,2022 Hidrochemija_KM_patikrinta_2023-03-30_1061.xls,fosfatų fosforas,mg/l P
6,15,Northern,2022-08-23,0.5,Si,17,0.73,mg Si/L,2022 Hidrochemija_KM_patikrinta_2023-03-30_1061.xls,silicis,mg/l
6,15,Northern,2022-08-23,0.5,TN,40,1.2,mg N/L,2022 Hidrochemija_KM_patikrinta_2023-03-30_1061.xls,azotas bendras,mg/l
6,15,Northern,2022-08-23,0.5,TP,39,0.042,mg P/L,2022 Hidrochemija_KM_patikrinta_2023-03-30_1061.xls,bendras fosforas,mg/l
6,15,Northern,2022-09-21,0.5,BOD7,,1.2,mg O2/L,2022 Hidrochemija_KM_patikrinta_2023-03-30_1061.xls,biocheminis deguonies suvartojimas per 7 paras,mg/l O2
6,15,Northern,2022-09-21,0.5,CHLA,59,10.12,ug/L,Chlorofilas a_KM_2022_patikrinta_2023-03-15_1053.xls,Chlorofilas a,µg/l
6,15,Northern,2022-09-21,0.5,DIN,,0.061,mg N/L,2022 Hidrochemija_KM_patikrinta_2023-03-30_1061.xls,azotas mineralinis,mg/l
6,15,Northern,2022-09-21,0.5,NH4,1,0.044,mg N/L,2022 Hidrochemija_KM_patikrinta_2023-03-30_1061.xls,amonio azotas,mg/l N
6,15,Northern,2022-09-21,0.5,NO2,,0.001,mg N/L,2022 Hidrochemija_KM_patikrinta_2023-03-30_1061.xls,nitritų azotas,mg/l N
6,15,Northern,2022-09-21,0.5,NO3,2,0.016,mg N/L,2022 Hidrochemija_KM_patikrinta_2023-03-30_1061.xls,nitratų azotas,mg/l N
6,15,Northern,2022-09-21,0.5,PO4,3,0.006,mg P/L,2022 Hidrochemija_KM_patikrinta_2023-03-30_1061.xls,fosfatų fosforas,mg/l P
6,15,Northern,2022-09-21,0.5,Si,17,0.23,mg Si/L,2022 Hidrochemija_KM_patikrinta_2023-03-30_1061.xls,silicis,mg/l
6,15,Northern,2022-09-21,0.5,TN,40,0.37,mg N/L,2022 Hidrochemija_KM_patikrinta_2023-03-30_1061.xls,azotas bendras,mg/l
6,15,Northern,2022-09-21,0.5,TP,39,0.035,mg P/L,2022 Hidrochemija_KM_patikrinta_2023-03-30_1061.xls,bendras fosforas,mg/l
6,15,Northern,2022-10-12,0.5,BOD7,,3.1,mg O2/L,2022 Hidrochemija_KM_patikrinta_2023-03-30_1061.xls,biocheminis deguonies suvartojimas per 7 paras,mg/l O2
6,15,Northern,2022-10-12,0.5,CHLA,59,58.13,ug/L,Chlorofilas a_KM_2022_patikrinta_2023-03-15_1053.xls,Chlorofilas a,µg/l
6,15,Northern,2022-10-12,0.5,DIN,,0.114,mg N/L,2022 Hidrochemija_KM_patikrinta_2023-03-30_1061.xls,azotas mineralinis,mg/l
6,15,Northern,2022-10-12,0.5,NH4,1,0.052,mg N/L,2022 Hidrochemija_KM_patikrinta_2023-03-30_1061.xls,amonio azotas,mg/l N
6,15,Northern,2022-10-12,0.5,NO2,,0.005,mg N/L,2022 Hidrochemija_KM_patikrinta_2023-03-30_1061.xls,nitritų azotas,mg/l N
6,15,Northern,2022-10-12,0.5,NO3,2,0.057,mg N/L,2022 Hidrochemija_KM_patikrinta_2023-03-30_1061.xls,nitratų azotas,mg/l N
6,15,Northern,2022-10-12,0.5,PO4,3,0.006,mg P/L,2022 Hidrochemija_KM_patikrinta_2023-03-30_1061.xls,fosfatų fosforas,mg/l P
6,15,Northern,2022-10-12,0.5,Si,17,0.83,mg Si/L,2022 Hidrochemija_KM_patikrinta_2023-03-30_1061.xls,silicis,mg/l
6,15,Northern,2022-10-12,0.5,TN,40,1.1,mg N/L,2022 Hidrochemija_KM_patikrinta_2023-03-30_1061.xls,azotas bendras,mg/l
6,15,Northern,2022-10-12,0.5,TP,39,0.057,mg P/L,2022 Hidrochemija_KM_patikrinta_2023-03-30_1061.xls,bendras fosforas,mg/l
6,15,Northern,2022-11-22,0.5,BOD7,,2.4,mg O2/L,2022 Hidrochemija_KM_patikrinta_2023-03-30_1061.xls,biocheminis deguonies suvartojimas per 7 paras,mg/l O2
6,15,Northern,2022-11-22,0.5,CHLA,59,89.46,ug/L,Chlorofilas a_KM_2022_patikrinta_2023-03-15_1053.xls,Chlorofilas a,µg/l
6,15,Northern,2022-11-22,0.5,DIN,,0.415,mg N/L,2022 Hidrochemija_KM_patikrinta_2023-03-30_1061.xls,azotas mineralinis,mg/l
6,15,Northern,2022-11-22,0.5,NH4,1,0.03,mg N/L,2022 Hidrochemija_KM_patikrinta_2023-03-30_1061.xls,amonio azotas,mg/l N
6,15,Northern,2022-11-22,0.5,NO2,,0.005,mg N/L,2022 Hidrochemija_KM_patikrinta_2023-03-30_1061.xls,nitritų azotas,mg/l N
6,15,Northern,2022-11-22,0.5,NO3,2,0.38,mg N/L,2022 Hidrochemija_KM_patikrinta_2023-03-30_1061.xls,nitratų azotas,mg/l N
6,15,Northern,2022-11-22,0.5,PO4,3,0.006,mg P/L,2022 Hidrochemija_KM_patikrinta_2023-03-30_1061.xls,fosfatų fosforas,mg/l P
6,15,Northern,2022-11-22,0.5,Si,17,2.19,mg Si/L,2022 Hidrochemija_KM_patikrinta_2023-03-30_1061.xls,silicis,mg/l
6,15,Northern,2022-11-22,0.5,TN,40,1.3,mg N/L,2022 Hidrochemija_KM_patikrinta_2023-03-30_1061.xls,azotas bendras,mg/l
6,15,Northern,2022-11-22,0.5,TP,39,0.12,mg P/L,2022 Hidrochemija_KM_patikrinta_2023-03-30_1061.xls,bendras fosforas,mg/l
6,15,Northern,2023-04-24,0.5,BOD7,,3.4,mg O2/L,2023_KM_BJ_Hidrochemija_patikrinta_2024-01-22.xls,biocheminis deguonies suva,mg/l O2
6,15,Northern,2023-04-24,Paviršinis sluoksnis,CHLA,59,31.57,ug/L,Chlorofilas_a_KM_BJ_2023_patikrinta_2024-01-29.xls,chlorofilas a,µg/l
6,15,Northern,2023-04-24,0.5,DIN,,0.513,mg N/L,2023_KM_BJ_Hidrochemija_patikrinta_2024-01-22.xls,azotas mineralinis,mg/l
6,15,Northern,2023-04-24,0.5,NH4,1,0.028,mg N/L,2023_KM_BJ_Hidrochemija_patikrinta_2024-01-22.xls,amonio azotas,mg/l N
6,15,Northern,2023-04-24,0.5,NO2,,0.005,mg N/L,2023_KM_BJ_Hidrochemija_patikrinta_2024-01-22.xls,nitritų azotas,mg/l N
6,15,Northern,2023-04-24,0.5,NO3,2,0.48,mg N/L,2023_KM_BJ_Hidrochemija_patikrinta_2024-01-22.xls,nitratų azotas,mg/l N
6,15,Northern,2023-04-24,0.5,PO4,3,0.006,mg P/L,2023_KM_BJ_Hidrochemija_patikrinta_2024-01-22.xls,fosfatų fosforas,mg/l P
6,15,Northern,2023-04-24,0.5,Si,17,0.4,mg Si/L,2023_KM_BJ_Hidrochemija_patikrinta_2024-01-22.xls,silicis,mg/l
6,15,Northern,2023-04-24,0.5,TN,40,1.2,mg N/L,2023_KM_BJ_Hidrochemija_patikrinta_2024-01-22.xls,azotas bendras,mg/l
6,15,Northern,2023-04-24,0.5,TP,39,0.044,mg P/L,2023_KM_BJ_Hidrochemija_patikrinta_2024-01-22.xls,bendras fosforas,mg/l
6,15,Northern,2023-05-24,0.5,BOD7,,2.9,mg O2/L,2023_KM_BJ_Hidrochemija_patikrinta_2024-01-22.xls,biocheminis deguonies suva,mg/l O2
6,15,Northern,2023-05-24,Paviršinis sluoksnis,CHLA,59,13.73,ug/L,Chlorofilas_a_KM_BJ_2023_patikrinta_2024-01-29.xls,chlorofilas a,µg/l
6,15,Northern,2023-05-24,0.5,DIN,,0.465,mg N/L,2023_KM_BJ_Hidrochemija_patikrinta_2024-01-22.xls,azotas mineralinis,mg/l
6,15,Northern,2023-05-24,0.5,NH4,1,0.036,mg N/L,2023_KM_BJ_Hidrochemija_patikrinta_2024-01-22.xls,amonio azotas,mg/l N
6,15,Northern,2023-05-24,0.5,NO2,,0.009,mg N/L,2023_KM_BJ_Hidrochemija_patikrinta_2024-01-22.xls,nitritų azotas,mg/l N
6,15,Northern,2023-05-24,0.5,NO3,2,0.42,mg N/L,2023_KM_BJ_Hidrochemija_patikrinta_2024-01-22.xls,nitratų azotas,mg/l N
6,15,Northern,2023-05-24,0.5,PO4,3,0.006,mg P/L,2023_KM_BJ_Hidrochemija_patikrinta_2024-01-22.xls,fosfatų fosforas,mg/l P
6,15,Northern,2023-05-24,0.5,Si,17,0.21,mg Si/L,2023_KM_BJ_Hidrochemija_patikrinta_2024-01-22.xls,silicis,mg/l
6,15,Northern,2023-05-24,0.5,TN,40,1.3,mg N/L,2023_KM_BJ_Hidrochemija_patikrinta_2024-01-22.xls,azotas bendras,mg/l
6,15,Northern,2023-05-24,0.5,TP,39,0.044,mg P/L,2023_KM_BJ_Hidrochemija_patikrinta_2024-01-22.xls,bendras fosforas,mg/l
6,15,Northern,2023-06-15,0.5,BOD7,,4.2,mg O2/L,2023_KM_BJ_Hidrochemija_patikrinta_2024-01-22.xls,biocheminis deguonies suva,mg/l O2
6,15,Northern,2023-06-15,Paviršinis sluoksnis,CHLA,59,25.6,ug/L,Chlorofilas_a_KM_BJ_2023_patikrinta_2024-01-29.xls,chlorofilas a,µg/l
6,15,Northern,2023-06-15,0.5,DIN,,0.06,mg N/L,2023_KM_BJ_Hidrochemija_patikrinta_2024-01-22.xls,azotas mineralinis,mg/l
6,15,Northern,2023-06-15,0.5,NH4,1,0.027,mg N/L,2023_KM_BJ_Hidrochemija_patikrinta_2024-01-22.xls,amonio azotas,mg/l N
6,15,Northern,2023-06-15,0.5,NO2,,0.001,mg N/L,2023_KM_BJ_Hidrochemija_patikrinta_2024-01-22.xls,nitritų azotas,mg/l N
6,15,Northern,2023-06-15,0.5,NO3,2,0.032,mg N/L,2023_KM_BJ_Hidrochemija_patikrinta_2024-01-22.xls,nitratų azotas,mg/l N
6,15,Northern,2023-06-15,0.5,PO4,3,0.006,mg P/L,2023_KM_BJ_Hidrochemija_patikrinta_2024-01-22.xls,fosfatų fosforas,mg/l P
6,15,Northern,2023-06-15,0.5,Si,17,0.76,mg Si/L,2023_KM_BJ_Hidrochemija_patikrinta_2024-01-22.xls,silicis,mg/l
6,15,Northern,2023-06-15,0.5,TN,40,1.0,mg N/L,2023_KM_BJ_Hidrochemija_patikrinta_2024-01-22.xls,azotas bendras,mg/l
6,15,Northern,2023-06-15,0.5,TP,39,0.068,mg P/L,2023_KM_BJ_Hidrochemija_patikrinta_2024-01-22.xls,bendras fosforas,mg/l
6,15,Northern,2023-07-12,0.5,BOD7,,4.1,mg O2/L,2023_KM_BJ_Hidrochemija_patikrinta_2024-01-22.xls,biocheminis deguonies suva,mg/l O2
6,15,Northern,2023-07-12,Paviršinis sluoksnis,CHLA,59,35.84,ug/L,Chlorofilas_a_KM_BJ_2023_patikrinta_2024-01-29.xls,chlorofilas a,µg/l
6,15,Northern,2023-07-12,0.5,DIN,,0.027,mg N/L,2023_KM_BJ_Hidrochemija_patikrinta_2024-01-22.xls,azotas mineralinis,mg/l
6,15,Northern,2023-07-12,0.5,NH4,1,0.024,mg N/L,2023_KM_BJ_Hidrochemija_patikrinta_2024-01-22.xls,amonio azotas,mg/l N
6,15,Northern,2023-07-12,0.5,NO2,,0.001,mg N/L,2023_KM_BJ_Hidrochemija_patikrinta_2024-01-22.xls,nitritų azotas,mg/l N
6,15,Northern,2023-07-12,0.5,NO3,2,0.002,mg N/L,2023_KM_BJ_Hidrochemija_patikrinta_2024-01-22.xls,nitratų azotas,mg/l N
6,15,Northern,2023-07-12,0.5,PO4,3,0.006,mg P/L,2023_KM_BJ_Hidrochemija_patikrinta_2024-01-22.xls,fosfatų fosforas,mg/l P
6,15,Northern,2023-07-12,0.5,Si,17,0.78,mg Si/L,2023_KM_BJ_Hidrochemija_patikrinta_2024-01-22.xls,silicis,mg/l
6,15,Northern,2023-07-12,0.5,TN,40,0.94,mg N/L,2023_KM_BJ_Hidrochemija_patikrinta_2024-01-22.xls,azotas bendras,mg/l
6,15,Northern,2023-07-12,0.5,TP,39,0.065,mg P/L,2023_KM_BJ_Hidrochemija_patikrinta_2024-01-22.xls,bendras fosforas,mg/l
6,15,Northern,2023-08-23,0.5,BOD7,,4.5,mg O2/L,2023_KM_BJ_Hidrochemija_patikrinta_2024-01-22.xls,biocheminis deguonies suva,mg/l O2
6,15,Northern,2023-08-23,Paviršinis sluoksnis,CHLA,59,50.8,ug/L,Chlorofilas_a_KM_BJ_2023_patikrinta_2024-01-29.xls,chlorofilas a,µg/l
6,15,Northern,2023-08-23,0.5,DIN,,0.023,mg N/L,2023_KM_BJ_Hidrochemija_patikrinta_2024-01-22.xls,azotas mineralinis,mg/l
6,15,Northern,2023-08-23,0.5,NH4,1,0.02,mg N/L,2023_KM_BJ_Hidrochemija_patikrinta_2024-01-22.xls,amonio azotas,mg/l N
6,15,Northern,2023-08-23,0.5,NO2,,0.001,mg N/L,2023_KM_BJ_Hidrochemija_patikrinta_2024-01-22.xls,nitritų azotas,mg/l N
6,15,Northern,2023-08-23,0.5,NO3,2,0.002,mg N/L,2023_KM_BJ_Hidrochemija_patikrinta_2024-01-22.xls,nitratų azotas,mg/l N
6,15,Northern,2023-08-23,0.5,PO4,3,0.006,mg P/L,2023_KM_BJ_Hidrochemija_patikrinta_2024-01-22.xls,fosfatų fosforas,mg/l P
6,15,Northern,2023-08-23,0.5,Si,17,0.52,mg Si/L,2023_KM_BJ_Hidrochemija_patikrinta_2024-01-22.xls,silicis,mg/l
6,15,Northern,2023-08-23,0.5,TN,40,0.9,mg N/L,2023_KM_BJ_Hidrochemija_patikrinta_2024-01-22.xls,azotas bendras,mg/l
6,15,Northern,2023-08-23,0.5,TP,39,0.08,mg P/L,2023_KM_BJ_Hidrochemija_patikrinta_2024-01-22.xls,bendras fosforas,mg/l
6,15,Northern,2023-09-21,0.5,BOD7,,5.0,mg O2/L,2023_KM_BJ_Hidrochemija_patikrinta_2024-01-22.xls,biocheminis deguonies suva,mg/l O2
6,15,Northern,2023-09-21,Paviršinis sluoksnis,CHLA,59,84.14,ug/L,Chlorofilas_a_KM_BJ_2023_patikrinta_2024-01-29.xls,chlorofilas a,µg/l
6,15,Northern,2023-09-21,0.5,DIN,,0.036,mg N/L,2023_KM_BJ_Hidrochemija_patikrinta_2024-01-22.xls,azotas mineralinis,mg/l
6,15,Northern,2023-09-21,0.5,NH4,1,0.029,mg N/L,2023_KM_BJ_Hidrochemija_patikrinta_2024-01-22.xls,amonio azotas,mg/l N
6,15,Northern,2023-09-21,0.5,NO2,,0.003,mg N/L,2023_KM_BJ_Hidrochemija_patikrinta_2024-01-22.xls,nitritų azotas,mg/l N
6,15,Northern,2023-09-21,0.5,NO3,2,0.004,mg N/L,2023_KM_BJ_Hidrochemija_patikrinta_2024-01-22.xls,nitratų azotas,mg/l N
6,15,Northern,2023-09-21,0.5,PO4,3,0.006,mg P/L,2023_KM_BJ_Hidrochemija_patikrinta_2024-01-22.xls,fosfatų fosforas,mg/l P
6,15,Northern,2023-09-21,0.5,Si,17,0.22,mg Si/L,2023_KM_BJ_Hidrochemija_patikrinta_2024-01-22.xls,silicis,mg/l
6,15,Northern,2023-09-21,0.5,TN,40,1.0,mg N/L,2023_KM_BJ_Hidrochemija_patikrinta_2024-01-22.xls,azotas bendras,mg/l
6,15,Northern,2023-09-21,0.5,TP,39,0.12,mg P/L,2023_KM_BJ_Hidrochemija_patikrinta_2024-01-22.xls,bendras fosforas,mg/l
6,15,Northern,2023-10-19,0.5,BOD7,,2.7,mg O2/L,2023_KM_BJ_Hidrochemija_patikrinta_2024-01-22.xls,biocheminis deguonies suva,mg/l O2
6,15,Northern,2023-10-19,Paviršinis sluoksnis,CHLA,59,27.41,ug/L,Chlorofilas_a_KM_BJ_2023_patikrinta_2024-01-29.xls,chlorofilas a,µg/l
6,15,Northern,2023-10-19,0.5,DIN,,0.095,mg N/L,2023_KM_BJ_Hidrochemija_patikrinta_2024-01-22.xls,azotas mineralinis,mg/l
6,15,Northern,2023-10-19,0.5,NH4,1,0.038,mg N/L,2023_KM_BJ_Hidrochemija_patikrinta_2024-01-22.xls,amonio azotas,mg/l N
6,15,Northern,2023-10-19,0.5,NO2,,0.003,mg N/L,2023_KM_BJ_Hidrochemija_patikrinta_2024-01-22.xls,nitritų azotas,mg/l N
6,15,Northern,2023-10-19,0.5,NO3,2,0.054,mg N/L,2023_KM_BJ_Hidrochemija_patikrinta_2024-01-22.xls,nitratų azotas,mg/l N
6,15,Northern,2023-10-19,0.5,PO4,3,0.006,mg P/L,2023_KM_BJ_Hidrochemija_patikrinta_2024-01-22.xls,fosfatų fosforas,mg/l P
6,15,Northern,2023-10-19,0.5,Si,17,0.52,mg Si/L,2023_KM_BJ_Hidrochemija_patikrinta_2024-01-22.xls,silicis,mg/l
6,15,Northern,2023-10-19,0.5,TN,40,0.76,mg N/L,2023_KM_BJ_Hidrochemija_patikrinta_2024-01-22.xls,azotas bendras,mg/l
6,15,Northern,2023-10-19,0.5,TP,39,0.044,mg P/L,2023_KM_BJ_Hidrochemija_patikrinta_2024-01-22.xls,bendras fosforas,mg/l
6,15,Northern,2023-11-14,0.5,BOD7,,2.4,mg O2/L,2023_KM_BJ_Hidrochemija_patikrinta_2024-01-22.xls,biocheminis deguonies suva,mg/l O2
6,15,Northern,2023-11-14,Paviršinis sluoksnis,CHLA,59,65.66,ug/L,Chlorofilas_a_KM_BJ_2023_patikrinta_2024-01-29.xls,chlorofilas a,µg/l
6,15,Northern,2023-11-14,0.5,DIN,,0.431,mg N/L,2023_KM_BJ_Hidrochemija_patikrinta_2024-01-22.xls,azotas mineralinis,mg/l
6,15,Northern,2023-11-14,0.5,NH4,1,0.027,mg N/L,2023_KM_BJ_Hidrochemija_patikrinta_2024-01-22.xls,amonio azotas,mg/l N
6,15,Northern,2023-11-14,0.5,NO2,,0.004,mg N/L,2023_KM_BJ_Hidrochemija_patikrinta_2024-01-22.xls,nitritų azotas,mg/l N
6,15,Northern,2023-11-14,0.5,NO3,2,0.4,mg N/L,2023_KM_BJ_Hidrochemija_patikrinta_2024-01-22.xls,nitratų azotas,mg/l N
6,15,Northern,2023-11-14,0.5,PO4,3,0.006,mg P/L,2023_KM_BJ_Hidrochemija_patikrinta_2024-01-22.xls,fosfatų fosforas,mg/l P
6,15,Northern,2023-11-14,0.5,Si,17,0.26,mg Si/L,2023_KM_BJ_Hidrochemija_patikrinta_2024-01-22.xls,silicis,mg/l
6,15,Northern,2023-11-14,0.5,TN,40,1.9,mg N/L,2023_KM_BJ_Hidrochemija_patikrinta_2024-01-22.xls,azotas bendras,mg/l
6,15,Northern,2023-11-14,0.5,TP,39,0.1,mg P/L,2023_KM_BJ_Hidrochemija_patikrinta_2024-01-22.xls,bendras fosforas,mg/l
7B,19,Northern,2022-05-04,0.5,BOD7,,2.1,mg O2/L,2022 Hidrochemija_KM_patikrinta_2023-03-30_1061.xls,biocheminis deguonies suvartojimas per 7 paras,mg/l O2
7B,19,Northern,2022-05-04,0.5,CHLA,59,6.27,ug/L,Chlorofilas a_KM_2022_patikrinta_2023-03-15_1053.xls,Chlorofilas a,µg/l
7B,19,Northern,2022-05-04,0.5,DIN,,0.941,mg N/L,2022 Hidrochemija_KM_patikrinta_2023-03-30_1061.xls,azotas mineralinis,mg/l
7B,19,Northern,2022-05-04,0.5,NH4,1,0.012,mg N/L,2022 Hidrochemija_KM_patikrinta_2023-03-30_1061.xls,amonio azotas,mg/l N
7B,19,Northern,2022-05-04,0.5,NO2,,0.009,mg N/L,2022 Hidrochemija_KM_patikrinta_2023-03-30_1061.xls,nitritų azotas,mg/l N
7B,19,Northern,2022-05-04,0.5,NO3,2,0.92,mg N/L,2022 Hidrochemija_KM_patikrinta_2023-03-30_1061.xls,nitratų azotas,mg/l N
7B,19,Northern,2022-05-04,0.5,PO4,3,0.006,mg P/L,2022 Hidrochemija_KM_patikrinta_2023-03-30_1061.xls,fosfatų fosforas,mg/l P
7B,19,Northern,2022-05-04,0.5,Si,17,0.33,mg Si/L,2022 Hidrochemija_KM_patikrinta_2023-03-30_1061.xls,silicis,mg/l
7B,19,Northern,2022-05-04,0.5,TN,40,1.4,mg N/L,2022 Hidrochemija_KM_patikrinta_2023-03-30_1061.xls,azotas bendras,mg/l
7B,19,Northern,2022-05-04,0.5,TP,39,0.028,mg P/L,2022 Hidrochemija_KM_patikrinta_2023-03-30_1061.xls,bendras fosforas,mg/l
7B,19,Northern,2022-06-07,0.5,BOD7,,2.0,mg O2/L,2022 Hidrochemija_KM_patikrinta_2023-03-30_1061.xls,biocheminis deguonies suvartojimas per 7 paras,mg/l O2
7B,19,Northern,2022-06-07,0.5,CHLA,59,10.84,ug/L,Chlorofilas a_KM_2022_patikrinta_2023-03-15_1053.xls,Chlorofilas a,µg/l
7B,19,Northern,2022-06-07,0.5,DIN,,0.218,mg N/L,2022 Hidrochemija_KM_patikrinta_2023-03-30_1061.xls,azotas mineralinis,mg/l
7B,19,Northern,2022-06-07,0.5,NH4,1,0.029,mg N/L,2022 Hidrochemija_KM_patikrinta_2023-03-30_1061.xls,amonio azotas,mg/l N
7B,19,Northern,2022-06-07,0.5,NO2,,0.009,mg N/L,2022 Hidrochemija_KM_patikrinta_2023-03-30_1061.xls,nitritų azotas,mg/l N
7B,19,Northern,2022-06-07,0.5,NO3,2,0.18,mg N/L,2022 Hidrochemija_KM_patikrinta_2023-03-30_1061.xls,nitratų azotas,mg/l N
7B,19,Northern,2022-06-07,0.5,PO4,3,0.006,mg P/L,2022 Hidrochemija_KM_patikrinta_2023-03-30_1061.xls,fosfatų fosforas,mg/l P
7B,19,Northern,2022-06-07,0.5,Si,17,0.15,mg Si/L,2022 Hidrochemija_KM_patikrinta_2023-03-30_1061.xls,silicis,mg/l
7B,19,Northern,2022-06-07,0.5,TN,40,1.1,mg N/L,2022 Hidrochemija_KM_patikrinta_2023-03-30_1061.xls,azotas bendras,mg/l
7B,19,Northern,2022-06-07,0.5,TP,39,0.042,mg P/L,2022 Hidrochemija_KM_patikrinta_2023-03-30_1061.xls,bendras fosforas,mg/l
7B,19,Northern,2022-08-23,0.5,BOD7,,4.4,mg O2/L,2022 Hidrochemija_KM_patikrinta_2023-03-30_1061.xls,biocheminis deguonies suvartojimas per 7 paras,mg/l O2
7B,19,Northern,2022-08-23,0.5,CHLA,59,27.26,ug/L,Chlorofilas a_KM_2022_patikrinta_2023-03-15_1053.xls,Chlorofilas a,µg/l
7B,19,Northern,2022-08-23,0.5,DIN,,0.043,mg N/L,2022 Hidrochemija_KM_patikrinta_2023-03-30_1061.xls,azotas mineralinis,mg/l
7B,19,Northern,2022-08-23,0.5,NH4,1,0.04,mg N/L,2022 Hidrochemija_KM_patikrinta_2023-03-30_1061.xls,amonio azotas,mg/l N
7B,19,Northern,2022-08-23,0.5,NO2,,0.001,mg N/L,2022 Hidrochemija_KM_patikrinta_2023-03-30_1061.xls,nitritų azotas,mg/l N
7B,19,Northern,2022-08-23,0.5,NO3,2,0.002,mg N/L,2022 Hidrochemija_KM_patikrinta_2023-03-30_1061.xls,nitratų azotas,mg/l N
7B,19,Northern,2022-08-23,0.5,PO4,3,0.006,mg P/L,2022 Hidrochemija_KM_patikrinta_2023-03-30_1061.xls,fosfatų fosforas,mg/l P
7B,19,Northern,2022-08-23,0.5,Si,17,0.86,mg Si/L,2022 Hidrochemija_KM_patikrinta_2023-03-30_1061.xls,silicis,mg/l
7B,19,Northern,2022-08-23,0.5,TN,40,0.65,mg N/L,2022 Hidrochemija_KM_patikrinta_2023-03-30_1061.xls,azotas bendras,mg/l
7B,19,Northern,2022-08-23,0.5,TP,39,0.056,mg P/L,2022 Hidrochemija_KM_patikrinta_2023-03-30_1061.xls,bendras fosforas,mg/l
7B,19,Northern,2022-09-08,0.5,CHLA,59,42.37,ug/L,Chlorofilas a_KM_2022_patikrinta_2023-03-15_1053.xls,Chlorofilas a,µg/l
7B,19,Northern,2022-09-08,0.5,DIN,,0.043,mg N/L,2022 Hidrochemija_KM_patikrinta_2023-03-30_1061.xls,azotas mineralinis,mg/l
7B,19,Northern,2022-09-08,0.5,NH4,1,0.04,mg N/L,2022 Hidrochemija_KM_patikrinta_2023-03-30_1061.xls,amonio azotas,mg/l N
7B,19,Northern,2022-09-08,0.5,NO2,,0.001,mg N/L,2022 Hidrochemija_KM_patikrinta_2023-03-30_1061.xls,nitritų azotas,mg/l N
7B,19,Northern,2022-09-08,0.5,NO3,2,0.002,mg N/L,2022 Hidrochemija_KM_patikrinta_2023-03-30_1061.xls,nitratų azotas,mg/l N
7B,19,Northern,2022-09-08,0.5,PO4,3,0.006,mg P/L,2022 Hidrochemija_KM_patikrinta_2023-03-30_1061.xls,fosfatų fosforas,mg/l P
7B,19,Northern,2022-09-08,0.5,Si,17,0.15,mg Si/L,2022 Hidrochemija_KM_patikrinta_2023-03-30_1061.xls,silicis,mg/l
7B,19,Northern,2022-09-08,0.5,TN,40,1.2,mg N/L,2022 Hidrochemija_KM_patikrinta_2023-03-30_1061.xls,azotas bendras,mg/l
7B,19,Northern,2022-09-08,0.5,TP,39,0.094,mg P/L,2022 Hidrochemija_KM_patikrinta_2023-03-30_1061.xls,bendras fosforas,mg/l
7B,19,Northern,2022-09-21,0.5,BOD7,,1.4,mg O2/L,2022 Hidrochemija_KM_patikrinta_2023-03-30_1061.xls,biocheminis deguonies suvartojimas per 7 paras,mg/l O2
7B,19,Northern,2022-09-21,0.5,CHLA,59,9.26,ug/L,Chlorofilas a_KM_2022_patikrinta_2023-03-15_1053.xls,Chlorofilas a,µg/l
7B,19,Northern,2022-09-21,0.5,DIN,,0.062,mg N/L,2022 Hidrochemija_KM_patikrinta_2023-03-30_1061.xls,azotas mineralinis,mg/l
7B,19,Northern,2022-09-21,0.5,NH4,1,0.043,mg N/L,2022 Hidrochemija_KM_patikrinta_2023-03-30_1061.xls,amonio azotas,mg/l N
7B,19,Northern,2022-09-21,0.5,NO2,,0.001,mg N/L,2022 Hidrochemija_KM_patikrinta_2023-03-30_1061.xls,nitritų azotas,mg/l N
7B,19,Northern,2022-09-21,0.5,NO3,2,0.018,mg N/L,2022 Hidrochemija_KM_patikrinta_2023-03-30_1061.xls,nitratų azotas,mg/l N
7B,19,Northern,2022-09-21,0.5,PO4,3,0.006,mg P/L,2022 Hidrochemija_KM_patikrinta_2023-03-30_1061.xls,fosfatų fosforas,mg/l P
7B,19,Northern,2022-09-21,0.5,Si,17,0.15,mg Si/L,2022 Hidrochemija_KM_patikrinta_2023-03-30_1061.xls,silicis,mg/l
7B,19,Northern,2022-09-21,0.5,TN,40,0.38,mg N/L,2022 Hidrochemija_KM_patikrinta_2023-03-30_1061.xls,azotas bendras,mg/l
7B,19,Northern,2022-09-21,0.5,TP,39,0.034,mg P/L,2022 Hidrochemija_KM_patikrinta_2023-03-30_1061.xls,bendras fosforas,mg/l
7B,19,Northern,2023-05-24,0.5,BOD7,,2.5,mg O2/L,2023_KM_BJ_Hidrochemija_patikrinta_2024-01-22.xls,biocheminis deguonies suva,mg/l O2
7B,19,Northern,2023-05-24,Paviršinis sluoksnis,CHLA,59,4.22,ug/L,Chlorofilas_a_KM_BJ_2023_patikrinta_2024-01-29.xls,chlorofilas a,µg/l
7B,19,Northern,2023-05-24,0.5,DIN,,0.483,mg N/L,2023_KM_BJ_Hidrochemija_patikrinta_2024-01-22.xls,azotas mineralinis,mg/l
7B,19,Northern,2023-05-24,0.5,NH4,1,0.055,mg N/L,2023_KM_BJ_Hidrochemija_patikrinta_2024-01-22.xls,amonio azotas,mg/l N
7B,19,Northern,2023-05-24,0.5,NO2,,0.008,mg N/L,2023_KM_BJ_Hidrochemija_patikrinta_2024-01-22.xls,nitritų azotas,mg/l N
7B,19,Northern,2023-05-24,0.5,NO3,2,0.42,mg N/L,2023_KM_BJ_Hidrochemija_patikrinta_2024-01-22.xls,nitratų azotas,mg/l N
7B,19,Northern,2023-05-24,0.5,PO4,3,0.006,mg P/L,2023_KM_BJ_Hidrochemija_patikrinta_2024-01-22.xls,fosfatų fosforas,mg/l P
7B,19,Northern,2023-05-24,0.5,Si,17,0.58,mg Si/L,2023_KM_BJ_Hidrochemija_patikrinta_2024-01-22.xls,silicis,mg/l
7B,19,Northern,2023-05-24,0.5,TN,40,1.2,mg N/L,2023_KM_BJ_Hidrochemija_patikrinta_2024-01-22.xls,azotas bendras,mg/l
7B,19,Northern,2023-05-24,0.5,TP,39,0.031,mg P/L,2023_KM_BJ_Hidrochemija_patikrinta_2024-01-22.xls,bendras fosforas,mg/l
7B,19,Northern,2023-06-15,0.5,BOD7,,3.8,mg O2/L,2023_KM_BJ_Hidrochemija_patikrinta_2024-01-22.xls,biocheminis deguonies suva,mg/l O2
7B,19,Northern,2023-06-15,Paviršinis sluoksnis,CHLA,59,22.89,ug/L,Chlorofilas_a_KM_BJ_2023_patikrinta_2024-01-29.xls,chlorofilas a,µg/l
7B,19,Northern,2023-06-15,0.5,DIN,,0.049,mg N/L,2023_KM_BJ_Hidrochemija_patikrinta_2024-01-22.xls,azotas mineralinis,mg/l
7B,19,Northern,2023-06-15,0.5,NH4,1,0.025,mg N/L,2023_KM_BJ_Hidrochemija_patikrinta_2024-01-22.xls,amonio azotas,mg/l N
7B,19,Northern,2023-06-15,0.5,NO2,,0.001,mg N/L,2023_KM_BJ_Hidrochemija_patikrinta_2024-01-22.xls,nitritų azotas,mg/l N
7B,19,Northern,2023-06-15,0.5,NO3,2,0.023,mg N/L,2023_KM_BJ_Hidrochemija_patikrinta_2024-01-22.xls,nitratų azotas,mg/l N
7B,19,Northern,2023-06-15,0.5,PO4,3,0.006,mg P/L,2023_KM_BJ_Hidrochemija_patikrinta_2024-01-22.xls,fosfatų fosforas,mg/l P
7B,19,Northern,2023-06-15,0.5,Si,17,0.53,mg Si/L,2023_KM_BJ_Hidrochemija_patikrinta_2024-01-22.xls,silicis,mg/l
7B,19,Northern,2023-06-15,0.5,TN,40,0.84,mg N/L,2023_KM_BJ_Hidrochemija_patikrinta_2024-01-22.xls,azotas bendras,mg/l
7B,19,Northern,2023-06-15,0.5,TP,39,0.056,mg P/L,2023_KM_BJ_Hidrochemija_patikrinta_2024-01-22.xls,bendras fosforas,mg/l
7B,19,Northern,2023-07-12,0.5,BOD7,,3.7,mg O2/L,2023_KM_BJ_Hidrochemija_patikrinta_2024-01-22.xls,biocheminis deguonies suva,mg/l O2
7B,19,Northern,2023-07-12,Paviršinis sluoksnis,CHLA,59,18.07,ug/L,Chlorofilas_a_KM_BJ_2023_patikrinta_2024-01-29.xls,chlorofilas a,µg/l
7B,19,Northern,2023-07-12,0.5,DIN,,0.026,mg N/L,2023_KM_BJ_Hidrochemija_patikrinta_2024-01-22.xls,azotas mineralinis,mg/l
7B,19,Northern,2023-07-12,0.5,NH4,1,0.023,mg N/L,2023_KM_BJ_Hidrochemija_patikrinta_2024-01-22.xls,amonio azotas,mg/l N
7B,19,Northern,2023-07-12,0.5,NO2,,0.001,mg N/L,2023_KM_BJ_Hidrochemija_patikrinta_2024-01-22.xls,nitritų azotas,mg/l N
7B,19,Northern,2023-07-12,0.5,NO3,2,0.002,mg N/L,2023_KM_BJ_Hidrochemija_patikrinta_2024-01-22.xls,nitratų azotas,mg/l N
7B,19,Northern,2023-07-12,0.5,PO4,3,0.006,mg P/L,2023_KM_BJ_Hidrochemija_patikrinta_2024-01-22.xls,fosfatų fosforas,mg/l P
7B,19,Northern,2023-07-12,0.5,Si,17,0.72,mg Si/L,2023_KM_BJ_Hidrochemija_patikrinta_2024-01-22.xls,silicis,mg/l
7B,19,Northern,2023-07-12,0.5,TN,40,0.9,mg N/L,2023_KM_BJ_Hidrochemija_patikrinta_2024-01-22.xls,azotas bendras,mg/l
7B,19,Northern,2023-07-12,0.5,TP,39,0.048,mg P/L,2023_KM_BJ_Hidrochemija_patikrinta_2024-01-22.xls,bendras fosforas,mg/l
7B,19,Northern,2023-07-25,Paviršinis sluoksnis,CHLA,59,41.94,ug/L,Chlorofilas_a_KM_BJ_2023_patikrinta_2024-01-29.xls,chlorofilas a,µg/l
7B,19,Northern,2023-07-25,0.5,DIN,,0.032,mg N/L,2023_KM_BJ_Hidrochemija_patikrinta_2024-01-22.xls,azotas mineralinis,mg/l
7B,19,Northern,2023-07-25,0.5,NH4,1,0.02,mg N/L,2023_KM_BJ_Hidrochemija_patikrinta_2024-01-22.xls,amonio azotas,mg/l N
7B,19,Northern,2023-07-25,0.5,NO2,,0.002,mg N/L,2023_KM_BJ_Hidrochemija_patikrinta_2024-01-22.xls,nitritų azotas,mg/l N
7B,19,Northern,2023-07-25,0.5,NO3,2,0.01,mg N/L,2023_KM_BJ_Hidrochemija_patikrinta_2024-01-22.xls,nitratų azotas,mg/l N
7B,19,Northern,2023-07-25,0.5,PO4,3,0.006,mg P/L,2023_KM_BJ_Hidrochemija_patikrinta_2024-01-22.xls,fosfatų fosforas,mg/l P
7B,19,Northern,2023-07-25,0.5,Si,17,0.39,mg Si/L,2023_KM_BJ_Hidrochemija_patikrinta_2024-01-22.xls,silicis,mg/l
7B,19,Northern,2023-07-25,0.5,TN,40,1.1,mg N/L,2023_KM_BJ_Hidrochemija_patikrinta_2024-01-22.xls,azotas bendras,mg/l
7B,19,Northern,2023-07-25,0.5,TP,39,0.07,mg P/L,2023_KM_BJ_Hidrochemija_patikrinta_2024-01-22.xls,bendras fosforas,mg/l
7B,19,Northern,2023-08-23,0.5,BOD7,,4.9,mg O2/L,2023_KM_BJ_Hidrochemija_patikrinta_2024-01-22.xls,biocheminis deguonies suva,mg/l O2
7B,19,Northern,2023-08-23,Paviršinis sluoksnis,CHLA,59,51.51,ug/L,Chlorofilas_a_KM_BJ_2023_patikrinta_2024-01-29.xls,chlorofilas a,µg/l
7B,19,Northern,2023-08-23,0.5,DIN,,0.062,mg N/L,2023_KM_BJ_Hidrochemija_patikrinta_2024-01-22.xls,azotas mineralinis,mg/l
7B,19,Northern,2023-08-23,0.5,NH4,1,0.033,mg N/L,2023_KM_BJ_Hidrochemija_patikrinta_2024-01-22.xls,amonio azotas,mg/l N
7B,19,Northern,2023-08-23,0.5,NO2,,0.001,mg N/L,2023_KM_BJ_Hidrochemija_patikrinta_2024-01-22.xls,nitritų azotas,mg/l N
7B,19,Northern,2023-08-23,0.5,NO3,2,0.028,mg N/L,2023_KM_BJ_Hidrochemija_patikrinta_2024-01-22.xls,nitratų azotas,mg/l N
7B,19,Northern,2023-08-23,0.5,PO4,3,0.006,mg P/L,2023_KM_BJ_Hidrochemija_patikrinta_2024-01-22.xls,fosfatų fosforas,mg/l P
7B,19,Northern,2023-08-23,0.5,Si,17,0.52,mg Si/L,2023_KM_BJ_Hidrochemija_patikrinta_2024-01-22.xls,silicis,mg/l
7B,19,Northern,2023-08-23,0.5,TN,40,0.89,mg N/L,2023_KM_BJ_Hidrochemija_patikrinta_2024-01-22.xls,azotas bendras,mg/l
7B,19,Northern,2023-08-23,0.5,TP,39,0.096,mg P/L,2023_KM_BJ_Hidrochemija_patikrinta_2024-01-22.xls,bendras fosforas,mg/l
7B,19,Northern,2023-09-21,0.5,BOD7,,4.4,mg O2/L,2023_KM_BJ_Hidrochemija_patikrinta_2024-01-22.xls,biocheminis deguonies suva,mg/l O2
7B,19,Northern,2023-09-21,Paviršinis sluoksnis,CHLA,59,53.61,ug/L,Chlorofilas_a_KM_BJ_2023_patikrinta_2024-01-29.xls,chlorofilas a,µg/l
7B,19,Northern,2023-09-21,0.5,DIN,,0.046,mg N/L,2023_KM_BJ_Hidrochemija_patikrinta_2024-01-22.xls,azotas mineralinis,mg/l
7B,19,Northern,2023-09-21,0.5,NH4,1,0.031,mg N/L,2023_KM_BJ_Hidrochemija_patikrinta_2024-01-22.xls,amonio azotas,mg/l N
7B,19,Northern,2023-09-21,0.5,NO2,,0.002,mg N/L,2023_KM_BJ_Hidrochemija_patikrinta_2024-01-22.xls,nitritų azotas,mg/l N
7B,19,Northern,2023-09-21,0.5,NO3,2,0.013,mg N/L,2023_KM_BJ_Hidrochemija_patikrinta_2024-01-22.xls,nitratų azotas,mg/l N
7B,19,Northern,2023-09-21,0.5,PO4,3,0.006,mg P/L,2023_KM_BJ_Hidrochemija_patikrinta_2024-01-22.xls,fosfatų fosforas,mg/l P
7B,19,Northern,2023-09-21,0.5,Si,17,0.3,mg Si/L,2023_KM_BJ_Hidrochemija_patikrinta_2024-01-22.xls,silicis,mg/l
7B,19,Northern,2023-09-21,0.5,TN,40,1.0,mg N/L,2023_KM_BJ_Hidrochemija_patikrinta_2024-01-22.xls,azotas bendras,mg/l
7B,19,Northern,2023-09-21,0.5,TP,39,0.094,mg P/L,2023_KM_BJ_Hidrochemija_patikrinta_2024-01-22.xls,bendras fosforas,mg/l
