day,date,temperature_C,salinity_psu,light_Wm2,fraction_of_day,air_temp_C,wind_speed_ms,elevation_m,depth_m,bg_light_ext_1m,ice_cover
0,2012-01-01,2.0481,0.5211,16.1249,0.2898,2.0481,4.0000,0.0000,1.5171,0.6000,0.0000
1,2012-01-02,1.8982,0.1364,3.0896,0.2908,1.8982,4.0000,0.0000,1.5171,0.6000,0.0000
2,2012-01-03,2.1372,0.1188,21.7949,0.2918,2.1372,4.0000,0.0000,1.5171,0.6000,0.0000
3,2012-01-04,2.3265,0.1046,22.5485,0.2930,2.3265,4.0000,0.0000,1.5171,0.6000,0.0000
4,2012-01-05,2.4127,0.1027,5.7563,0.2942,2.4127,4.0000,0.0000,1.5171,0.6000,0.0000
5,2012-01-06,2.4228,0.7996,15.3916,0.2954,2.4228,4.0000,0.0000,1.5171,0.6000,0.0000
6,2012-01-07,2.5316,2.8635,12.2970,0.2968,2.5316,4.0000,0.0000,1.5171,0.6000,0.0000
7,2012-01-08,2.1725,1.6393,14.1031,0.2982,2.1725,4.0000,0.0000,1.5171,0.6000,0.0000
8,2012-01-09,2.2879,2.8614,17.3102,0.2997,2.2879,4.0000,0.0000,1.5171,0.6000,0.0000
9,2012-01-10,1.8187,1.5279,27.6345,0.3012,1.8187,4.0000,0.0000,1.5171,0.6000,0.0000
10,2012-01-11,1.6310,0.5363,4.9811,0.3029,1.6310,4.0000,0.0000,1.5171,0.6000,0.0000
11,2012-01-12,1.9881,0.3275,3.0631,0.3045,1.9881,4.0000,0.0000,1.5171,0.6000,0.0000
12,2012-01-13,2.0451,0.4913,27.7534,0.3063,2.0451,4.0000,0.0000,1.5171,0.6000,0.0000
13,2012-01-14,2.4296,4.5776,23.4614,0.3081,2.4296,4.0000,0.0000,1.5171,0.6000,0.0000
14,2012-01-15,1.5492,5.2893,28.6989,0.3100,1.5492,4.0000,0.0000,1.5171,0.6000,0.0000
15,2012-01-16,0.3960,1.8696,28.8901,0.3119,0.3960,4.0000,0.0000,1.5171,0.6000,0.0000
16,2012-01-17,0.0033,0.5108,20.3187,0.3139,0.0033,4.0000,0.0000,1.5171,0.6000,0.0000
17,2012-01-18,0.0211,0.1988,10.0587,0.3159,0.0211,4.0000,0.0000,1.5171,0.6000,0.0000
18,2012-01-19,0.1691,0.1434,29.1398,0.3180,0.1691,4.0000,0.0000,1.5171,0.6000,0.0000
19,2012-01-20,0.2459,0.1343,9.5354,0.3202,0.2459,4.0000,0.0000,1.5171,0.6000,0.0000
20,2012-01-21,0.0753,0.1302,21.7134,0.3223,0.0753,4.0000,0.0000,1.5171,0.6000,0.0000
21,2012-01-22,0.0250,0.1211,13.7276,0.3246,0.0250,4.0000,0.0000,1.5171,0.6000,0.0000
22,2012-01-23,0.0318,0.1240,18.4630,0.3269,0.0318,4.0000,0.0000,1.5171,0.6000,0.0000
23,2012-01-24,-0.0038,0.1236,29.0664,0.3292,-0.0038,4.0000,0.0000,1.5171,0.6000,0.0000
24,2012-01-25,0.0012,0.1199,20.7218,0.3316,0.0012,4.0000,0.0000,1.5171,0.6000,0.0000
25,2012-01-26,0.0236,0.1155,29.1544,0.3340,0.0236,4.0000,0.0000,1.5171,0.6000,0.0000
26,2012-01-27,0.0793,0.1117,36.4172,0.3365,0.0793,4.0000,0.0000,1.5171,0.6000,0.0000
27,2012-01-28,0.1377,0.1095,42.1984,0.3390,0.1377,4.0000,0.0000,1.5171,0.6000,0.0000
28,2012-01-29,0.2067,0.1082,51.7074,0.3415,0.2067,4.0000,0.0000,1.5171,0.6000,0.0000
29,2012-01-30,0.2838,0.1076,51.6566,0.3441,0.2838,4.0000,0.0000,1.5171,0.6000,0.0000
30,2012-01-31,0.3571,0.1073,47.7718,0.3467,0.3571,4.0000,0.0000,1.5171,0.6000,0.0000
31,2012-02-01,0.4260,0.1071,53.1455,0.3494,0.4260,4.0000,0.0000,1.5171,0.6000,0.0000
32,2012-02-02,0.5276,0.1073,51.1557,0.3520,0.5276,4.0000,0.0000,1.5171,0.6000,0.0000
33,2012-02-03,0.5502,0.1072,20.0648,0.3547,0.5502,4.0000,0.0000,1.5171,0.6000,0.0000
34,2012-02-04,0.5349,0.1066,50.0992,0.3575,0.5349,4.0000,0.0000,1.5171,0.6000,0.0000
35,2012-02-05,0.5286,0.1058,59.5412,0.3602,0.5286,4.0000,0.0000,1.5171,0.6000,0.0000
36,2012-02-06,0.5253,0.1051,59.3052,0.3630,0.5253,4.0000,0.0000,1.5171,0.6000,0.0000
37,2012-02-07,0.5542,0.1051,48.1567,0.3658,0.5542,4.0000,0.0000,1.5171,0.6000,0.0000
38,2012-02-08,0.5959,0.1055,28.8809,0.3687,0.5959,4.0000,0.0000,1.5171,0.6000,0.0000
39,2012-02-09,0.6233,0.1055,46.9012,0.3716,0.6233,4.0000,0.0000,1.5171,0.6000,0.0000
40,2012-02-10,0.6875,0.1056,64.6045,0.3744,0.6875,4.0000,0.0000,1.5171,0.6000,0.0000
41,2012-02-11,0.7024,0.1054,53.7815,0.3774,0.7024,4.0000,0.0000,1.5171,0.6000,0.0000
42,2012-02-12,0.7049,0.1051,37.7221,0.3803,0.7049,4.0000,0.0000,1.5171,0.6000,0.0000
43,2012-02-13,0.7745,0.1052,59.8240,0.3832,0.7745,4.0000,0.0000,1.5171,0.6000,0.0000
44,2012-02-14,0.7967,0.1050,40.1155,0.3862,0.7967,4.0000,0.0000,1.5171,0.6000,0.0000
45,2012-02-15,0.7329,0.1046,36.6131,0.3892,0.7329,4.0000,0.0000,1.5171,0.6000,0.0000
46,2012-02-16,0.6691,0.1058,78.0366,0.3922,0.6691,4.0000,0.0000,1.5171,0.6000,0.0000
47,2012-02-17,0.6947,0.1052,18.7800,0.3952,0.6947,4.0000,0.0000,1.5171,0.6000,0.0000
48,2012-02-18,0.6596,0.1059,51.0247,0.3983,0.6596,4.0000,0.0000,1.5171,0.6000,0.0000
49,2012-02-19,0.6274,0.1041,12.2962,0.4013,0.6274,4.0000,0.0000,1.5171,0.6000,0.0000
50,2012-02-20,0.6264,0.1041,74.5070,0.4044,0.6264,4.0000,0.0000,1.5171,0.6000,0.0000
51,2012-02-21,0.6832,0.1043,16.2746,0.4075,0.6832,4.0000,0.0000,1.5171,0.6000,0.0000
52,2012-02-22,0.6524,0.1048,16.8563,0.4106,0.6524,4.0000,0.0000,1.5171,0.6000,0.0000
53,2012-02-23,0.5631,0.1386,38.8478,0.4137,0.5631,4.0000,0.0000,1.5171,0.6000,0.0000
54,2012-02-24,0.4862,0.3639,23.2063,0.4168,0.4862,4.0000,0.0000,1.5171,0.6000,0.0000
55,2012-02-25,0.4413,1.6598,87.4665,0.4199,0.4413,4.0000,0.0000,1.5171,0.6000,0.0000
56,2012-02-26,0.5628,2.5647,84.3051,0.4230,0.5628,4.0000,0.0000,1.5171,0.6000,0.0000
57,2012-02-27,0.7081,1.9328,98.7453,0.4262,0.7081,4.0000,0.0000,1.5171,0.6000,0.0000
58,2012-02-28,0.7610,0.4757,14.5640,0.4293,0.7610,4.0000,0.0000,1.5171,0.6000,0.0000
59,2012-02-29,0.8435,0.1973,107.5419,0.4325,0.8435,4.0000,0.0000,1.5171,0.6000,0.0000
60,2012-03-01,0.9022,0.1329,24.0783,0.4357,0.9022,4.0000,0.0000,1.5171,0.6000,0.0000
61,2012-03-02,0.9447,0.1225,99.7235,0.4388,0.9447,4.0000,0.0000,1.5171,0.6000,0.0000
62,2012-03-03,1.0379,0.1355,120.7271,0.4420,1.0379,4.0000,0.0000,1.5171,0.6000,0.0000
63,2012-03-04,1.1369,0.1124,120.7438,0.4452,1.1369,4.0000,0.0000,1.5171,0.6000,0.0000
64,2012-03-05,1.1619,0.1037,102.7499,0.4484,1.1619,4.0000,0.0000,1.5171,0.6000,0.0000
65,2012-03-06,1.1696,0.1017,65.4575,0.4516,1.1696,4.0000,0.0000,1.5171,0.6000,0.0000
66,2012-03-07,1.1849,0.1013,98.5052,0.4548,1.1849,4.0000,0.0000,1.5171,0.6000,0.0000
67,2012-03-08,1.1393,0.1013,133.7372,0.4580,1.1393,4.0000,0.0000,1.5171,0.6000,0.0000
68,2012-03-09,1.2179,0.1015,79.1596,0.4612,1.2179,4.0000,0.0000,1.5171,0.6000,0.0000
69,2012-03-10,1.2582,0.1016,16.3696,0.4644,1.2582,4.0000,0.0000,1.5171,0.6000,0.0000
70,2012-03-11,1.2059,0.1068,106.0529,0.4677,1.2059,4.0000,0.0000,1.5171,0.6000,0.0000
71,2012-03-12,1.3668,0.1105,122.3826,0.4709,1.3668,4.0000,0.0000,1.5171,0.6000,0.0000
72,2012-03-13,1.7468,0.1058,137.8595,0.4741,1.7468,4.0000,0.0000,1.5171,0.6000,0.0000
73,2012-03-14,1.9561,0.1192,127.2302,0.4773,1.9561,4.0000,0.0000,1.5171,0.6000,0.0000
74,2012-03-15,1.9969,0.1208,64.9434,0.4806,1.9969,4.0000,0.0000,1.5171,0.6000,0.0000
75,2012-03-16,2.2430,0.1092,94.0937,0.4838,2.2430,4.0000,0.0000,1.5171,0.6000,0.0000
76,2012-03-17,2.4135,0.1048,113.7150,0.4870,2.4135,4.0000,0.0000,1.5171,0.6000,0.0000
77,2012-03-18,2.6574,0.1036,68.5256,0.4903,2.6574,4.0000,0.0000,1.5171,0.6000,0.0000
78,2012-03-19,2.8845,0.1032,103.0072,0.4935,2.8845,4.0000,0.0000,1.5171,0.6000,0.0000
79,2012-03-20,2.6838,0.1042,45.4775,0.4968,2.6838,4.0000,0.0000,1.5171,0.6000,0.0000
80,2012-03-21,2.9967,0.1036,91.9133,0.5000,2.9967,4.0000,0.0000,1.5171,0.6000,0.0000
81,2012-03-22,3.3254,0.1031,163.1694,0.5032,3.3254,4.0000,0.0000,1.5171,0.6000,0.0000
82,2012-03-23,3.8047,0.1030,164.6560,0.5065,3.8047,4.0000,0.0000,1.5171,0.6000,0.0000
83,2012-03-24,4.1171,0.1029,143.5300,0.5097,4.1171,4.0000,0.0000,1.5171,0.6000,0.0000
84,2012-03-25,4.3257,0.1038,119.3473,0.5130,4.3257,4.0000,0.0000,1.5171,0.6000,0.0000
85,2012-03-26,4.2871,0.1048,157.0939,0.5162,4.2871,4.0000,0.0000,1.5171,0.6000,0.0000
86,2012-03-27,4.9074,0.1032,173.9033,0.5194,4.9074,4.0000,0.0000,1.5171,0.6000,0.0000
87,2012-03-28,5.2627,0.1024,157.1728,0.5227,5.2627,4.0000,0.0000,1.5171,0.6000,0.0000
88,2012-03-29,5.5863,0.1022,166.7660,0.5259,5.5863,4.0000,0.0000,1.5171,0.6000,0.0000
89,2012-03-30,5.4944,0.1018,161.6047,0.5291,5.4944,4.0000,0.0000,1.5171,0.6000,0.0000
90,2012-03-31,5.5752,0.1016,145.8696,0.5323,5.5752,4.0000,0.0000,1.5171,0.6000,0.0000
91,2012-04-01,5.1668,0.1027,172.8792,0.5356,5.1668,4.0000,0.0000,1.5171,0.6000,0.0000
92,2012-04-02,4.6803,0.1041,177.3469,0.5388,4.6803,4.0000,0.0000,1.5171,0.6000,0.0000
93,2012-04-03,4.5361,0.1028,201.4397,0.5420,4.5361,4.0000,0.0000,1.5171,0.6000,0.0000
94,2012-04-04,4.5974,0.1016,86.2232,0.5452,4.5974,4.0000,0.0000,1.5171,0.6000,0.0000
95,2012-04-05,4.4790,0.1014,220.0628,0.5484,4.4790,4.0000,0.0000,1.5171,0.6000,0.0000
96,2012-04-06,4.8940,0.1013,216.3982,0.5516,4.8940,4.0000,0.0000,1.5171,0.6000,0.0000
97,2012-04-07,5.1795,0.1012,92.2980,0.5548,5.1795,4.0000,0.0000,1.5171,0.6000,0.0000
98,2012-04-08,4.7438,0.4445,126.9245,0.5580,4.7438,4.0000,0.0000,1.5171,0.6000,0.0000
99,2012-04-09,4.6004,0.2499,190.9045,0.5612,4.6004,4.0000,0.0000,1.5171,0.6000,0.0000
100,2012-04-10,5.1074,0.1045,207.1706,0.5643,5.1074,4.0000,0.0000,1.5171,0.6000,0.0000
101,2012-04-11,5.6532,0.1010,135.0597,0.5675,5.6532,4.0000,0.0000,1.5171,0.6000,0.0000
102,2012-04-12,6.3773,0.1009,147.9585,0.5707,6.3773,4.0000,0.0000,1.5171,0.6000,0.0000
103,2012-04-13,7.1978,0.1008,137.4018,0.5738,7.1978,4.0000,0.0000,1.5171,0.6000,0.0000
104,2012-04-14,7.2934,0.1009,132.5080,0.5770,7.2934,4.0000,0.0000,1.5171,0.6000,0.0000
105,2012-04-15,7.6379,0.1009,203.9560,0.5801,7.6379,4.0000,0.0000,1.5171,0.6000,0.0000
106,2012-04-16,7.7413,0.1206,28.8446,0.5832,7.7413,4.0000,0.0000,1.5171,0.6000,0.0000
107,2012-04-17,7.2949,0.1391,226.0572,0.5863,7.2949,4.0000,0.0000,1.5171,0.6000,0.0000
108,2012-04-18,7.4499,0.1019,207.9321,0.5894,7.4499,4.0000,0.0000,1.5171,0.6000,0.0000
109,2012-04-19,7.7071,0.1006,132.3983,0.5925,7.7071,4.0000,0.0000,1.5171,0.6000,0.0000
110,2012-04-20,7.9446,0.1003,84.3076,0.5956,7.9446,4.0000,0.0000,1.5171,0.6000,0.0000
111,2012-04-21,8.4956,0.1002,213.1378,0.5987,8.4956,4.0000,0.0000,1.5171,0.6000,0.0000
112,2012-04-22,9.6216,0.1002,186.8858,0.6017,9.6216,4.0000,0.0000,1.5171,0.6000,0.0000
113,2012-04-23,9.7180,0.1002,89.4377,0.6048,9.7180,4.0000,0.0000,1.5171,0.6000,0.0000
114,2012-04-24,9.8098,0.1002,236.6116,0.6078,9.8098,4.0000,0.0000,1.5171,0.6000,0.0000
115,2012-04-25,10.0247,0.1002,116.6029,0.6108,10.0247,4.0000,0.0000,1.5171,0.6000,0.0000
116,2012-04-26,10.5898,0.1001,248.9946,0.6138,10.5898,4.0000,0.0000,1.5171,0.6000,0.0000
117,2012-04-27,11.6638,0.1002,216.6550,0.6168,11.6638,4.0000,0.0000,1.5171,0.6000,0.0000
118,2012-04-28,12.6146,0.1002,229.7957,0.6197,12.6146,4.0000,0.0000,1.5171,0.6000,0.0000
119,2012-04-29,13.9803,0.1003,254.3451,0.6226,13.9803,4.0000,0.0000,1.5171,0.6000,0.0000
120,2012-04-30,14.9373,0.1004,250.1183,0.6256,14.9373,4.0000,0.0000,1.5171,0.6000,0.0000
121,2012-05-01,15.1106,0.1005,272.8456,0.6284,15.1106,4.0000,0.0000,1.5171,0.6000,0.0000
122,2012-05-02,14.8110,0.1006,286.9592,0.6313,14.8110,4.0000,0.0000,1.5171,0.6000,0.0000
123,2012-05-03,14.8103,0.1007,284.2271,0.6342,14.8103,4.0000,0.0000,1.5171,0.6000,0.0000
124,2012-05-04,14.5132,0.1007,144.4530,0.6370,14.5132,4.0000,0.0000,1.5171,0.6000,0.0000
125,2012-05-05,14.3254,0.1008,234.3728,0.6398,14.3254,4.0000,0.0000,1.5171,0.6000,0.0000
126,2012-05-06,13.9344,0.1008,146.8811,0.6425,13.9344,4.0000,0.0000,1.5171,0.6000,0.0000
127,2012-05-07,13.1276,0.1008,196.0963,0.6453,13.1276,4.0000,0.0000,1.5171,0.6000,0.0000
128,2012-05-08,13.4254,0.1009,279.9622,0.6480,13.4254,4.0000,0.0000,1.5171,0.6000,0.0000
129,2012-05-09,14.0852,0.1010,279.1932,0.6506,14.0852,4.0000,0.0000,1.5171,0.6000,0.0000
130,2012-05-10,14.7837,0.1009,260.5012,0.6533,14.7837,4.0000,0.0000,1.5171,0.6000,0.0000
131,2012-05-11,15.3077,0.1006,160.5447,0.6559,15.3077,4.0000,0.0000,1.5171,0.6000,0.0000
132,2012-05-12,14.4325,0.1006,195.9153,0.6585,14.4325,4.0000,0.0000,1.5171,0.6000,0.0000
133,2012-05-13,13.3255,0.3004,248.9810,0.6610,13.3255,4.0000,0.0000,1.5171,0.6000,0.0000
134,2012-05-14,13.6820,0.2605,274.9802,0.6635,13.6820,4.0000,0.0000,1.5171,0.6000,0.0000
135,2012-05-15,13.8680,0.1170,201.9222,0.6660,13.8680,4.0000,0.0000,1.5171,0.6000,0.0000
136,2012-05-16,13.4367,0.1344,43.1555,0.6684,13.4367,4.0000,0.0000,1.5171,0.6000,0.0000
137,2012-05-17,12.2321,0.4730,105.3984,0.6708,12.2321,4.0000,0.0000,1.5171,0.6000,0.0000
138,2012-05-18,12.0016,0.2882,264.2034,0.6731,12.0016,4.0000,0.0000,1.5171,0.6000,0.0000
139,2012-05-19,12.7566,0.1431,228.0661,0.6754,12.7566,4.0000,0.0000,1.5171,0.6000,0.0000
140,2012-05-20,13.9101,0.1219,291.6007,0.6777,13.9101,4.0000,0.0000,1.5171,0.6000,0.0000
141,2012-05-21,15.6626,0.1154,264.8422,0.6798,15.6626,4.0000,0.0000,1.5171,0.6000,0.0000
142,2012-05-22,17.4244,0.1166,264.3780,0.6820,17.4244,4.0000,0.0000,1.5171,0.6000,0.0000
143,2012-05-23,18.8339,0.1641,290.3207,0.6841,18.8339,4.0000,0.0000,1.5171,0.6000,0.0000
144,2012-05-24,18.2871,0.2676,319.0646,0.6861,18.2871,4.0000,0.0000,1.5171,0.6000,0.0000
145,2012-05-25,17.9419,0.1456,309.8277,0.6881,17.9419,4.0000,0.0000,1.5171,0.6000,0.0000
146,2012-05-26,17.7403,0.1132,253.5952,0.6900,17.7403,4.0000,0.0000,1.5171,0.6000,0.0000
147,2012-05-27,17.7271,0.1089,289.9150,0.6919,17.7271,4.0000,0.0000,1.5171,0.6000,0.0000
148,2012-05-28,17.6414,0.1053,316.1258,0.6937,17.6414,4.0000,0.0000,1.5171,0.6000,0.0000
149,2012-05-29,17.5146,0.1044,147.6401,0.6955,17.5146,4.0000,0.0000,1.5171,0.6000,0.0000
150,2012-05-30,15.9583,0.1376,251.4185,0.6971,15.9583,4.0000,0.0000,1.5171,0.6000,0.0000
151,2012-05-31,15.8187,0.1161,237.3598,0.6988,15.8187,4.0000,0.0000,1.5171,0.6000,0.0000
152,2012-06-01,15.6932,0.1058,139.0909,0.7003,15.6932,4.0000,0.0000,1.5171,0.6000,0.0000
153,2012-06-02,14.5222,0.1150,213.4121,0.7018,14.5222,4.0000,0.0000,1.5171,0.6000,0.0000
154,2012-06-03,13.8370,0.1124,267.6882,0.7032,13.8370,4.0000,0.0000,1.5171,0.6000,0.0000
155,2012-06-04,14.5491,0.1073,247.6588,0.7046,14.5491,4.0000,0.0000,1.5171,0.6000,0.0000
156,2012-06-05,15.1576,0.1065,196.9628,0.7058,15.1576,4.0000,0.0000,1.5171,0.6000,0.0000
157,2012-06-06,15.5839,0.1071,286.0960,0.7070,15.5839,4.0000,0.0000,1.5171,0.6000,0.0000
158,2012-06-07,16.4705,0.1063,235.0758,0.7082,16.4705,4.0000,0.0000,1.5171,0.6000,0.0000
159,2012-06-08,17.0116,0.1053,221.5533,0.7092,17.0116,4.0000,0.0000,1.5171,0.6000,0.0000
160,2012-06-09,17.8388,0.1046,291.7589,0.7102,17.8388,4.0000,0.0000,1.5171,0.6000,0.0000
161,2012-06-10,18.8659,0.1040,251.9908,0.7111,18.8659,4.0000,0.0000,1.5171,0.6000,0.0000
162,2012-06-11,19.2996,0.1041,224.7189,0.7119,19.2996,4.0000,0.0000,1.5171,0.6000,0.0000
163,2012-06-12,19.7221,0.1039,265.3744,0.7126,19.7221,4.0000,0.0000,1.5171,0.6000,0.0000
164,2012-06-13,20.0103,0.1037,253.2553,0.7133,20.0103,4.0000,0.0000,1.5171,0.6000,0.0000
165,2012-06-14,20.4864,0.1041,275.5662,0.7138,20.4864,4.0000,0.0000,1.5171,0.6000,0.0000
166,2012-06-15,20.0646,0.1047,279.4647,0.7143,20.0646,4.0000,0.0000,1.5171,0.6000,0.0000
167,2012-06-16,19.6701,0.1038,227.0091,0.7147,19.6701,4.0000,0.0000,1.5171,0.6000,0.0000
168,2012-06-17,19.8803,0.1030,298.1541,0.7150,19.8803,4.0000,0.0000,1.5171,0.6000,0.0000
169,2012-06-18,20.1564,0.1027,302.4245,0.7153,20.1564,4.0000,0.0000,1.5171,0.6000,0.0000
170,2012-06-19,20.2343,0.1027,237.3820,0.7154,20.2343,4.0000,0.0000,1.5171,0.6000,0.0000
171,2012-06-20,19.8424,0.1029,176.0043,0.7155,19.8424,4.0000,0.0000,1.5171,0.6000,0.0000
172,2012-06-21,19.6752,0.1039,185.4380,0.7155,19.6752,4.0000,0.0000,1.5171,0.6000,0.0000
173,2012-06-22,19.2073,0.1459,85.3536,0.7154,19.2073,4.0000,0.0000,1.5171,0.6000,0.0000
174,2012-06-23,18.9038,0.1400,280.4296,0.7152,18.9038,4.0000,0.0000,1.5171,0.6000,0.0000
175,2012-06-24,19.2481,0.1112,255.6502,0.7149,19.2481,4.0000,0.0000,1.5171,0.6000,0.0000
176,2012-06-25,18.8999,0.1029,223.1184,0.7145,18.8999,4.0000,0.0000,1.5171,0.6000,0.0000
177,2012-06-26,17.6090,0.1040,167.2540,0.7141,17.6090,4.0000,0.0000,1.5171,0.6000,0.0000
178,2012-06-27,16.8998,0.5771,214.2133,0.7136,16.8998,4.0000,0.0000,1.5171,0.6000,0.0000
179,2012-06-28,17.1337,0.7617,226.5580,0.7130,17.1337,4.0000,0.0000,1.5171,0.6000,0.0000
180,2012-06-29,18.1452,0.4281,304.5786,0.7123,18.1452,4.0000,0.0000,1.5171,0.6000,0.0000
181,2012-06-30,18.7976,0.1574,201.4928,0.7115,18.7976,4.0000,0.0000,1.5171,0.6000,0.0000
182,2012-07-01,19.5202,0.1233,207.6168,0.7106,19.5202,4.0000,0.0000,1.5171,0.6000,0.0000
183,2012-07-02,20.1782,0.1322,259.0821,0.7097,20.1782,4.0000,0.0000,1.5171,0.6000,0.0000
184,2012-07-03,20.1446,0.1257,129.2285,0.7087,20.1446,4.0000,0.0000,1.5171,0.6000,0.0000
185,2012-07-04,20.0849,0.1399,137.1840,0.7076,20.0849,4.0000,0.0000,1.5171,0.6000,0.0000
186,2012-07-05,20.8863,0.1321,215.3788,0.7065,20.8863,4.0000,0.0000,1.5171,0.6000,0.0000
187,2012-07-06,22.2146,0.1168,296.6423,0.7052,22.2146,4.0000,0.0000,1.5171,0.6000,0.0000
188,2012-07-07,23.5169,0.1069,278.9726,0.7039,23.5169,4.0000,0.0000,1.5171,0.6000,0.0000
189,2012-07-08,23.8130,0.1026,193.6493,0.7025,23.8130,4.0000,0.0000,1.5171,0.6000,0.0000
190,2012-07-09,23.7560,0.1010,230.4321,0.7011,23.7560,4.0000,0.0000,1.5171,0.6000,0.0000
191,2012-07-10,23.4357,0.1006,258.7808,0.6996,23.4357,4.0000,0.0000,1.5171,0.6000,0.0000
192,2012-07-11,23.3041,0.1002,275.7752,0.6980,23.3041,4.0000,0.0000,1.5171,0.6000,0.0000
193,2012-07-12,23.2219,0.1001,180.5700,0.6963,23.2219,4.0000,0.0000,1.5171,0.6000,0.0000
194,2012-07-13,21.9485,0.0998,215.1072,0.6946,21.9485,4.0000,0.0000,1.5171,0.6000,0.0000
195,2012-07-14,21.5182,0.0996,216.8039,0.6928,21.5182,4.0000,0.0000,1.5171,0.6000,0.0000
196,2012-07-15,20.3264,0.0996,218.0886,0.6910,20.3264,4.0000,0.0000,1.5171,0.6000,0.0000
197,2012-07-16,18.9496,0.1015,245.8859,0.6891,18.9496,4.0000,0.0000,1.5171,0.6000,0.0000
198,2012-07-17,18.1298,0.1106,159.3340,0.6871,18.1298,4.0000,0.0000,1.5171,0.6000,0.0000
199,2012-07-18,17.7263,0.4094,206.2292,0.6851,17.7263,4.0000,0.0000,1.5171,0.6000,0.0000
200,2012-07-19,17.4224,0.3909,106.1088,0.6830,17.4224,4.0000,0.0000,1.5171,0.6000,0.0000
201,2012-07-20,17.4220,0.4256,181.0977,0.6809,17.4220,4.0000,0.0000,1.5171,0.6000,0.0000
202,2012-07-21,17.5918,0.5641,216.3414,0.6788,17.5918,4.0000,0.0000,1.5171,0.6000,0.0000
203,2012-07-22,17.9301,0.6534,265.6306,0.6765,17.9301,4.0000,0.0000,1.5171,0.6000,0.0000
204,2012-07-23,18.3509,0.4296,230.7047,0.6743,18.3509,4.0000,0.0000,1.5171,0.6000,0.0000
205,2012-07-24,19.2852,0.2117,281.3027,0.6720,19.2852,4.0000,0.0000,1.5171,0.6000,0.0000
206,2012-07-25,20.8735,0.1868,296.2123,0.6696,20.8735,4.0000,0.0000,1.5171,0.6000,0.0000
207,2012-07-26,22.2107,0.2137,269.8410,0.6672,22.2107,4.0000,0.0000,1.5171,0.6000,0.0000
208,2012-07-27,23.1122,0.3051,291.1540,0.6648,23.1122,4.0000,0.0000,1.5171,0.6000,0.0000
209,2012-07-28,23.8352,0.2113,256.3259,0.6623,23.8352,4.0000,0.0000,1.5171,0.6000,0.0000
210,2012-07-29,24.4307,0.1473,237.3533,0.6598,24.4307,4.0000,0.0000,1.5171,0.6000,0.0000
211,2012-07-30,24.1531,0.1364,183.8293,0.6572,24.1531,4.0000,0.0000,1.5171,0.6000,0.0000
212,2012-07-31,23.6012,0.1270,254.1717,0.6546,23.6012,4.0000,0.0000,1.5171,0.6000,0.0000
213,2012-08-01,23.5534,0.1186,231.0994,0.6520,23.5534,4.0000,0.0000,1.5171,0.6000,0.0000
214,2012-08-02,23.3719,0.1124,279.3815,0.6493,23.3719,4.0000,0.0000,1.5171,0.6000,0.0000
215,2012-08-03,23.1606,0.1081,187.1902,0.6466,23.1606,4.0000,0.0000,1.5171,0.6000,0.0000
216,2012-08-04,22.9538,0.1123,236.2497,0.6439,22.9538,4.0000,0.0000,1.5171,0.6000,0.0000
217,2012-08-05,23.3217,0.1090,257.4073,0.6412,23.3217,4.0000,0.0000,1.5171,0.6000,0.0000
218,2012-08-06,23.6634,0.1065,196.3727,0.6384,23.6634,4.0000,0.0000,1.5171,0.6000,0.0000
219,2012-08-07,22.7991,0.1067,162.2108,0.6356,22.7991,4.0000,0.0000,1.5171,0.6000,0.0000
220,2012-08-08,20.9439,0.1056,211.2100,0.6327,20.9439,4.0000,0.0000,1.5171,0.6000,0.0000
221,2012-08-09,19.6859,0.1103,187.5165,0.6299,19.6859,4.0000,0.0000,1.5171,0.6000,0.0000
222,2012-08-10,19.2092,0.6919,138.4859,0.6270,19.2092,4.0000,0.0000,1.5171,0.6000,0.0000
223,2012-08-11,18.5198,1.2474,168.2113,0.6241,18.5198,4.0000,0.0000,1.5171,0.6000,0.0000
224,2012-08-12,18.0628,0.4097,164.5205,0.6212,18.0628,4.0000,0.0000,1.5171,0.6000,0.0000
225,2012-08-13,17.9441,0.2028,149.6209,0.6182,17.9441,4.0000,0.0000,1.5171,0.6000,0.0000
226,2012-08-14,17.8794,0.4198,180.3031,0.6153,17.8794,4.0000,0.0000,1.5171,0.6000,0.0000
227,2012-08-15,18.2059,0.3158,130.4408,0.6123,18.2059,4.0000,0.0000,1.5171,0.6000,0.0000
228,2012-08-16,18.6973,0.1654,155.5545,0.6093,18.6973,4.0000,0.0000,1.5171,0.6000,0.0000
229,2012-08-17,19.0911,0.1294,160.5802,0.6063,19.0911,4.0000,0.0000,1.5171,0.6000,0.0000
230,2012-08-18,19.4295,0.1170,146.2199,0.6033,19.4295,4.0000,0.0000,1.5171,0.6000,0.0000
231,2012-08-19,19.9257,0.1084,180.5952,0.6002,19.9257,4.0000,0.0000,1.5171,0.6000,0.0000
232,2012-08-20,20.6260,0.1083,183.4304,0.5972,20.6260,4.0000,0.0000,1.5171,0.6000,0.0000
233,2012-08-21,20.4339,0.1075,102.6521,0.5941,20.4339,4.0000,0.0000,1.5171,0.6000,0.0000
234,2012-08-22,20.1147,0.1042,105.6461,0.5910,20.1147,4.0000,0.0000,1.5171,0.6000,0.0000
235,2012-08-23,19.2531,0.1042,188.1217,0.5879,19.2531,4.0000,0.0000,1.5171,0.6000,0.0000
236,2012-08-24,18.9953,0.1034,137.1296,0.5848,18.9953,4.0000,0.0000,1.5171,0.6000,0.0000
237,2012-08-25,19.0998,0.1034,98.9285,0.5817,19.0998,4.0000,0.0000,1.5171,0.6000,0.0000
238,2012-08-26,18.8437,0.1030,74.4624,0.5785,18.8437,4.0000,0.0000,1.5171,0.6000,0.0000
239,2012-08-27,18.6429,0.1034,137.4710,0.5754,18.6429,4.0000,0.0000,1.5171,0.6000,0.0000
240,2012-08-28,17.8969,0.1774,202.7968,0.5723,17.8969,4.0000,0.0000,1.5171,0.6000,0.0000
241,2012-08-29,18.2996,0.1268,200.3851,0.5691,18.2996,4.0000,0.0000,1.5171,0.6000,0.0000
242,2012-08-30,18.6470,0.1052,215.4556,0.5659,18.6470,4.0000,0.0000,1.5171,0.6000,0.0000
243,2012-08-31,18.6840,0.1019,149.2399,0.5628,18.6840,4.0000,0.0000,1.5171,0.6000,0.0000
244,2012-09-01,18.7442,0.1014,112.4292,0.5596,18.7442,4.0000,0.0000,1.5171,0.6000,0.0000
245,2012-09-02,18.3816,0.1024,151.1421,0.5564,18.3816,4.0000,0.0000,1.5171,0.6000,0.0000
246,2012-09-03,18.1105,0.1021,129.3270,0.5532,18.1105,4.0000,0.0000,1.5171,0.6000,0.0000
247,2012-09-04,18.1324,0.1062,168.7875,0.5500,18.1324,4.0000,0.0000,1.5171,0.6000,0.0000
248,2012-09-05,18.0797,0.1075,139.3501,0.5468,18.0797,4.0000,0.0000,1.5171,0.6000,0.0000
249,2012-09-06,17.3177,0.3810,149.6368,0.5436,17.3177,4.0000,0.0000,1.5171,0.6000,0.0000
250,2012-09-07,16.4201,0.9215,67.7317,0.5404,16.4201,4.0000,0.0000,1.5171,0.6000,0.0000
251,2012-09-08,15.8237,2.2078,111.6377,0.5372,15.8237,4.0000,0.0000,1.5171,0.6000,0.0000
252,2012-09-09,15.3647,3.8233,174.7287,0.5339,15.3647,4.0000,0.0000,1.5171,0.6000,0.0000
253,2012-09-10,15.5916,1.4474,183.3081,0.5307,15.5916,4.0000,0.0000,1.5171,0.6000,0.0000
254,2012-09-11,16.3869,0.5132,179.5384,0.5275,16.3869,4.0000,0.0000,1.5171,0.6000,0.0000
255,2012-09-12,16.9125,0.3811,59.8064,0.5243,16.9125,4.0000,0.0000,1.5171,0.6000,0.0000
256,2012-09-13,16.5847,0.4623,38.6357,0.5210,16.5847,4.0000,0.0000,1.5171,0.6000,0.0000
257,2012-09-14,15.9617,0.3151,106.6383,0.5178,15.9617,4.0000,0.0000,1.5171,0.6000,0.0000
258,2012-09-15,15.6092,0.1862,103.0090,0.5146,15.6092,4.0000,0.0000,1.5171,0.6000,0.0000
259,2012-09-16,15.3659,0.2941,110.1094,0.5113,15.3659,4.0000,0.0000,1.5171,0.6000,0.0000
260,2012-09-17,15.6275,0.2167,151.1113,0.5081,15.6275,4.0000,0.0000,1.5171,0.6000,0.0000
261,2012-09-18,16.1923,0.1748,147.5947,0.5049,16.1923,4.0000,0.0000,1.5171,0.6000,0.0000
262,2012-09-19,16.1854,0.2220,36.3755,0.5016,16.1854,4.0000,0.0000,1.5171,0.6000,0.0000
263,2012-09-20,15.2007,0.3676,120.7695,0.4984,15.2007,4.0000,0.0000,1.5171,0.6000,0.0000
264,2012-09-21,14.6962,0.3048,119.1818,0.4951,14.6962,4.0000,0.0000,1.5171,0.6000,0.0000
265,2012-09-22,14.2484,0.1962,57.1372,0.4919,14.2484,4.0000,0.0000,1.5171,0.6000,0.0000
266,2012-09-23,13.7256,0.5243,99.2923,0.4887,13.7256,4.0000,0.0000,1.5171,0.6000,0.0000
267,2012-09-24,13.8891,3.5880,115.8815,0.4854,13.8891,4.0000,0.0000,1.5171,0.6000,0.0000
268,2012-09-25,13.3295,2.2461,45.7093,0.4822,13.3295,4.0000,0.0000,1.5171,0.6000,0.0000
269,2012-09-26,13.5124,0.8722,140.2230,0.4790,13.5124,4.0000,0.0000,1.5171,0.6000,0.0000
270,2012-09-27,14.2521,0.3769,83.7948,0.4757,14.2521,4.0000,0.0000,1.5171,0.6000,0.0000
271,2012-09-28,14.1708,0.2766,93.6628,0.4725,14.1708,4.0000,0.0000,1.5171,0.6000,0.0000
272,2012-09-29,13.9964,0.2082,116.1818,0.4693,13.9964,4.0000,0.0000,1.5171,0.6000,0.0000
273,2012-09-30,13.7913,0.2045,93.6376,0.4661,13.7913,4.0000,0.0000,1.5171,0.6000,0.0000
274,2012-10-01,13.5890,0.2006,116.9866,0.4628,13.5890,4.0000,0.0000,1.5171,0.6000,0.0000
275,2012-10-02,13.7586,0.1690,78.9506,0.4596,13.7586,4.0000,0.0000,1.5171,0.6000,0.0000
276,2012-10-03,13.9217,0.1632,82.8437,0.4564,13.9217,4.0000,0.0000,1.5171,0.6000,0.0000
277,2012-10-04,13.9657,0.1426,85.2504,0.4532,13.9657,4.0000,0.0000,1.5171,0.6000,0.0000
278,2012-10-05,13.7371,0.1348,89.9139,0.4500,13.7371,4.0000,0.0000,1.5171,0.6000,0.0000
279,2012-10-06,12.8220,0.1384,52.0422,0.4468,12.8220,4.0000,0.0000,1.5171,0.6000,0.0000
280,2012-10-07,12.0803,0.1694,86.6847,0.4436,12.0803,4.0000,0.0000,1.5171,0.6000,0.0000
281,2012-10-08,11.6124,0.3014,79.1726,0.4404,11.6124,4.0000,0.0000,1.5171,0.6000,0.0000
282,2012-10-09,11.1083,0.4563,50.4720,0.4372,11.1083,4.0000,0.0000,1.5171,0.6000,0.0000
283,2012-10-10,10.6488,1.9307,88.8632,0.4341,10.6488,4.0000,0.0000,1.5171,0.6000,0.0000
284,2012-10-11,10.2442,1.6478,67.9269,0.4309,10.2442,4.0000,0.0000,1.5171,0.6000,0.0000
285,2012-10-12,9.9629,0.8431,77.5410,0.4277,9.9629,4.0000,0.0000,1.5171,0.6000,0.0000
286,2012-10-13,9.6820,0.3134,25.4118,0.4246,9.6820,4.0000,0.0000,1.5171,0.6000,0.0000
287,2012-10-14,9.6373,0.1810,66.1586,0.4215,9.6373,4.0000,0.0000,1.5171,0.6000,0.0000
288,2012-10-15,9.9023,0.1264,30.6104,0.4183,9.9023,4.0000,0.0000,1.5171,0.6000,0.0000
289,2012-10-16,10.2564,0.1141,59.1920,0.4152,10.2564,4.0000,0.0000,1.5171,0.6000,0.0000
290,2012-10-17,10.4109,0.1109,73.4329,0.4121,10.4109,4.0000,0.0000,1.5171,0.6000,0.0000
291,2012-10-18,10.4178,0.1050,84.6785,0.4090,10.4178,4.0000,0.0000,1.5171,0.6000,0.0000
292,2012-10-19,10.7578,0.1021,88.7845,0.4059,10.7578,4.0000,0.0000,1.5171,0.6000,0.0000
293,2012-10-20,11.1788,0.1016,86.9074,0.4028,11.1788,4.0000,0.0000,1.5171,0.6000,0.0000
294,2012-10-21,11.4242,0.1014,60.6408,0.3998,11.4242,4.0000,0.0000,1.5171,0.6000,0.0000
295,2012-10-22,11.5237,0.1036,35.9092,0.3967,11.5237,4.0000,0.0000,1.5171,0.6000,0.0000
296,2012-10-23,11.1081,0.1028,35.2239,0.3937,11.1081,4.0000,0.0000,1.5171,0.6000,0.0000
297,2012-10-24,10.6758,0.1012,45.4170,0.3907,10.6758,4.0000,0.0000,1.5171,0.6000,0.0000
298,2012-10-25,10.0388,0.1008,13.2457,0.3877,10.0388,4.0000,0.0000,1.5171,0.6000,0.0000
299,2012-10-26,8.4851,0.6307,66.9403,0.3847,8.4851,4.0000,0.0000,1.5171,0.6000,0.0000
300,2012-10-27,7.5942,0.3136,41.3590,0.3818,7.5942,4.0000,0.0000,1.5171,0.6000,0.0000
301,2012-10-28,7.0216,0.1575,71.7492,0.3788,7.0216,4.0000,0.0000,1.5171,0.6000,0.0000
302,2012-10-29,6.6428,0.1148,71.0578,0.3759,6.6428,4.0000,0.0000,1.5171,0.6000,0.0000
303,2012-10-30,6.1085,0.1008,54.2144,0.3730,6.1085,4.0000,0.0000,1.5171,0.6000,0.0000
304,2012-10-31,5.8206,0.0999,60.3046,0.3701,5.8206,4.0000,0.0000,1.5171,0.6000,0.0000
305,2012-11-01,5.7932,0.0996,61.7879,0.3673,5.7932,4.0000,0.0000,1.5171,0.6000,0.0000
306,2012-11-02,6.3954,0.0993,40.6963,0.3644,6.3954,4.0000,0.0000,1.5171,0.6000,0.0000
307,2012-11-03,6.6177,0.0990,30.2113,0.3616,6.6177,4.0000,0.0000,1.5171,0.6000,0.0000
308,2012-11-04,6.6593,0.0992,38.2347,0.3588,6.6593,4.0000,0.0000,1.5171,0.6000,0.0000
309,2012-11-05,6.5408,0.1039,11.7274,0.3561,6.5408,4.0000,0.0000,1.5171,0.6000,0.0000
310,2012-11-06,6.4051,0.8175,36.3797,0.3534,6.4051,4.0000,0.0000,1.5171,0.6000,0.0000
311,2012-11-07,6.3134,1.2616,39.2109,0.3507,6.3134,4.0000,0.0000,1.5171,0.6000,0.0000
312,2012-11-08,6.7371,2.4480,21.9516,0.3480,6.7371,4.0000,0.0000,1.5171,0.6000,0.0000
313,2012-11-09,6.7641,1.3927,31.5100,0.3454,6.7641,4.0000,0.0000,1.5171,0.6000,0.0000
314,2012-11-10,6.6282,0.4601,23.8933,0.3428,6.6282,4.0000,0.0000,1.5171,0.6000,0.0000
315,2012-11-11,6.5825,0.1400,27.9212,0.3402,6.5825,4.0000,0.0000,1.5171,0.6000,0.0000
316,2012-11-12,6.7775,0.1124,39.1631,0.3377,6.7775,4.0000,0.0000,1.5171,0.6000,0.0000
317,2012-11-13,6.6002,0.1108,38.1042,0.3352,6.6002,4.0000,0.0000,1.5171,0.6000,0.0000
318,2012-11-14,6.4042,0.1074,24.2710,0.3328,6.4042,4.0000,0.0000,1.5171,0.6000,0.0000
319,2012-11-15,6.1813,0.1023,15.0224,0.3304,6.1813,4.0000,0.0000,1.5171,0.6000,0.0000
320,2012-11-16,6.0937,0.1014,24.0378,0.3280,6.0937,4.0000,0.0000,1.5171,0.6000,0.0000
321,2012-11-17,5.7328,0.1002,14.1266,0.3257,5.7328,4.0000,0.0000,1.5171,0.6000,0.0000
322,2012-11-18,5.2220,0.0994,11.6960,0.3235,5.2220,4.0000,0.0000,1.5171,0.6000,0.0000
323,2012-11-19,5.0796,0.0992,32.3858,0.3212,5.0796,4.0000,0.0000,1.5171,0.6000,0.0000
324,2012-11-20,5.0316,0.0991,24.2747,0.3191,5.0316,4.0000,0.0000,1.5171,0.6000,0.0000
325,2012-11-21,4.8774,0.0991,12.4290,0.3170,4.8774,4.0000,0.0000,1.5171,0.6000,0.0000
326,2012-11-22,4.6894,0.0991,16.3905,0.3149,4.6894,4.0000,0.0000,1.5171,0.6000,0.0000
327,2012-11-23,4.7533,0.0990,26.4962,0.3129,4.7533,4.0000,0.0000,1.5171,0.6000,0.0000
328,2012-11-24,4.7515,0.0988,6.4280,0.3109,4.7515,4.0000,0.0000,1.5171,0.6000,0.0000
329,2012-11-25,4.7312,0.0986,19.4817,0.3090,4.7312,4.0000,0.0000,1.5171,0.6000,0.0000
330,2012-11-26,4.7363,0.0985,19.3785,0.3072,4.7363,4.0000,0.0000,1.5171,0.6000,0.0000
331,2012-11-27,4.6093,0.0984,4.3951,0.3054,4.6093,4.0000,0.0000,1.5171,0.6000,0.0000
332,2012-11-28,4.6438,0.0982,12.3742,0.3037,4.6438,4.0000,0.0000,1.5171,0.6000,0.0000
333,2012-11-29,4.5179,0.0977,5.7357,0.3020,4.5179,4.0000,0.0000,1.5171,0.6000,0.0000
334,2012-11-30,3.8724,0.1254,15.6641,0.3004,3.8724,4.0000,0.0000,1.5171,0.6000,0.0000
335,2012-12-01,3.3054,0.1095,26.5201,0.2989,3.3054,4.0000,0.0000,1.5171,0.6000,0.0000
336,2012-12-02,2.8524,0.0981,23.7333,0.2975,2.8524,4.0000,0.0000,1.5171,0.6000,0.0000
337,2012-12-03,2.4111,0.0979,19.7436,0.2961,2.4111,4.0000,0.0000,1.5171,0.6000,0.0000
338,2012-12-04,1.7823,0.0981,19.8063,0.2948,1.7823,4.0000,0.0000,1.5171,0.6000,0.0000
339,2012-12-05,1.5325,0.0984,16.1558,0.2935,1.5325,4.0000,0.0000,1.5171,0.6000,0.0000
340,2012-12-06,1.1291,0.0982,26.5332,0.2924,1.1291,4.0000,0.0000,1.5171,0.6000,0.0000
341,2012-12-07,0.3465,0.0983,25.3737,0.2913,0.3465,4.0000,0.0000,1.5171,0.6000,0.0000
342,2012-12-08,0.0543,0.0983,12.7978,0.2903,0.0543,4.0000,0.0000,1.5171,0.6000,0.0000
343,2012-12-09,-0.0055,0.0985,17.1334,0.2894,-0.0055,4.0000,0.0000,1.5171,0.6000,0.0000
344,2012-12-10,-0.0057,0.0987,15.0143,0.2885,-0.0057,4.0000,0.0000,1.5171,0.6000,0.0000
345,2012-12-11,-0.0060,0.1069,13.4753,0.2877,-0.0060,4.0000,0.0000,1.5171,0.6000,0.0000
346,2012-12-12,-0.0003,0.1058,13.4150,0.2870,-0.0003,4.0000,0.0000,1.5171,0.6000,0.0000
347,2012-12-13,0.0103,0.1016,12.8510,0.2864,0.0103,4.0000,0.0000,1.5171,0.6000,0.0000
348,2012-12-14,0.0404,0.0993,25.4387,0.2859,0.0404,4.0000,0.0000,1.5171,0.6000,0.0000
349,2012-12-15,0.0389,0.0987,8.5257,0.2855,0.0389,4.0000,0.0000,1.5171,0.6000,0.0000
350,2012-12-16,0.0318,0.0984,6.6174,0.2851,0.0318,4.0000,0.0000,1.5171,0.6000,0.0000
351,2012-12-17,0.0408,0.0981,12.6934,0.2848,0.0408,4.0000,0.0000,1.5171,0.6000,0.0000
352,2012-12-18,0.0473,0.0979,9.8603,0.2846,0.0473,4.0000,0.0000,1.5171,0.6000,0.0000
353,2012-12-19,0.0457,0.0978,7.5532,0.2845,0.0457,4.0000,0.0000,1.5171,0.6000,0.0000
354,2012-12-20,0.0559,0.0978,10.0677,0.2845,0.0559,4.0000,0.0000,1.5171,0.6000,0.0000
355,2012-12-21,0.0700,0.0980,15.2343,0.2846,0.0700,4.0000,0.0000,1.5171,0.6000,0.0000
356,2012-12-22,0.0917,0.0982,15.5021,0.2847,0.0917,4.0000,0.0000,1.5171,0.6000,0.0000
357,2012-12-23,0.1003,0.0984,17.5163,0.2850,0.1003,4.0000,0.0000,1.5171,0.6000,0.0000
358,2012-12-24,0.0834,0.0984,4.5430,0.2853,0.0834,4.0000,0.0000,1.5171,0.6000,0.0000
359,2012-12-25,0.0780,0.0979,6.7000,0.2857,0.0780,4.0000,0.0000,1.5171,0.6000,0.0000
360,2012-12-26,0.0790,0.0976,5.6428,0.2862,0.0790,4.0000,0.0000,1.5171,0.6000,0.0000
361,2012-12-27,0.0874,0.0974,9.0714,0.2867,0.0874,4.0000,0.0000,1.5171,0.6000,0.0000
362,2012-12-28,0.1069,0.1034,26.3577,0.2874,0.1069,4.0000,0.0000,1.5171,0.6000,0.0000
363,2012-12-29,0.1309,0.1042,8.2736,0.2881,0.1309,4.0000,0.0000,1.5171,0.6000,0.0000
364,2012-12-30,0.1636,0.0977,20.2825,0.2889,0.1636,4.0000,0.0000,1.5171,0.6000,0.0000
365,2012-12-31,0.2043,0.0974,8.6559,0.2898,0.2043,4.0000,0.0000,1.5171,0.6000,0.0000
366,2013-01-01,0.2173,0.0974,8.0873,0.2898,0.2173,4.0000,0.0000,1.5171,0.6000,0.0000
367,2013-01-02,0.2297,0.0973,17.3490,0.2908,0.2297,4.0000,0.0000,1.5171,0.6000,0.0000
368,2013-01-03,0.2256,0.0968,5.6872,0.2918,0.2256,4.0000,0.0000,1.5171,0.6000,0.0000
369,2013-01-04,0.2372,0.0998,27.0122,0.2930,0.2372,4.0000,0.0000,1.5171,0.6000,0.0000
370,2013-01-05,0.3134,0.1114,15.4134,0.2942,0.3134,4.0000,0.0000,1.5171,0.6000,0.0000
371,2013-01-06,0.4467,0.1102,26.4223,0.2954,0.4467,4.0000,0.0000,1.5171,0.6000,0.0000
372,2013-01-07,0.3801,0.1021,15.4372,0.2968,0.3801,4.0000,0.0000,1.5171,0.6000,0.0000
373,2013-01-08,0.2473,0.0995,13.2555,0.2982,0.2473,4.0000,0.0000,1.5171,0.6000,0.0000
374,2013-01-09,0.1827,0.0986,11.3457,0.2997,0.1827,4.0000,0.0000,1.5171,0.6000,0.0000
375,2013-01-10,0.1601,0.0980,6.8723,0.3012,0.1601,4.0000,0.0000,1.5171,0.6000,0.0000
376,2013-01-11,0.1171,0.1176,14.7952,0.3029,0.1171,4.0000,0.0000,1.5171,0.6000,0.0000
377,2013-01-12,0.1543,0.1045,17.5518,0.3045,0.1543,4.0000,0.0000,1.5171,0.6000,0.0000
378,2013-01-13,0.1776,0.0984,23.9037,0.3063,0.1776,4.0000,0.0000,1.5171,0.6000,0.0000
379,2013-01-14,0.1870,0.0983,15.7609,0.3081,0.1870,4.0000,0.0000,1.5171,0.6000,0.0000
380,2013-01-15,0.1957,0.0983,13.7973,0.3100,0.1957,4.0000,0.0000,1.5171,0.6000,0.0000
381,2013-01-16,0.2105,0.0982,16.7918,0.3119,0.2105,4.0000,0.0000,1.5171,0.6000,0.0000
382,2013-01-17,0.2281,0.0983,17.5465,0.3139,0.2281,4.0000,0.0000,1.5171,0.6000,0.0000
383,2013-01-18,0.2520,0.0984,18.4758,0.3159,0.2520,4.0000,0.0000,1.5171,0.6000,0.0000
384,2013-01-19,0.2480,0.0986,22.9773,0.3180,0.2480,4.0000,0.0000,1.5171,0.6000,0.0000
385,2013-01-20,0.2520,0.0988,20.8487,0.3202,0.2520,4.0000,0.0000,1.5171,0.6000,0.0000
386,2013-01-21,0.2762,0.0990,20.3515,0.3223,0.2762,4.0000,0.0000,1.5171,0.6000,0.0000
387,2013-01-22,0.2657,0.0992,24.2064,0.3246,0.2657,4.0000,0.0000,1.5171,0.6000,0.0000
388,2013-01-23,0.2798,0.0993,28.8615,0.3269,0.2798,4.0000,0.0000,1.5171,0.6000,0.0000
389,2013-01-24,0.3384,0.0993,38.9719,0.3292,0.3384,4.0000,0.0000,1.5171,0.6000,0.0000
390,2013-01-25,0.4046,0.0993,33.6999,0.3316,0.4046,4.0000,0.0000,1.5171,0.6000,0.0000
391,2013-01-26,0.3809,0.0993,27.9110,0.3340,0.3809,4.0000,0.0000,1.5171,0.6000,0.0000
392,2013-01-27,0.3350,0.0994,19.9866,0.3365,0.3350,4.0000,0.0000,1.5171,0.6000,0.0000
393,2013-01-28,0.3126,0.0993,15.2301,0.3390,0.3126,4.0000,0.0000,1.5171,0.6000,0.0000
394,2013-01-29,0.3185,0.0991,15.6478,0.3415,0.3185,4.0000,0.0000,1.5171,0.6000,0.0000
395,2013-01-30,0.3267,0.0986,6.1553,0.3441,0.3267,4.0000,0.0000,1.5171,0.6000,0.0000
396,2013-01-31,0.2614,0.1095,11.6150,0.3467,0.2614,4.0000,0.0000,1.5171,0.6000,0.0000
397,2013-02-01,0.2815,0.1250,51.2701,0.3494,0.2815,4.0000,0.0000,1.5171,0.6000,0.0000
398,2013-02-02,0.3600,0.1085,23.1451,0.3520,0.3600,4.0000,0.0000,1.5171,0.6000,0.0000
399,2013-02-03,0.4104,0.1136,40.0823,0.3547,0.4104,4.0000,0.0000,1.5171,0.6000,0.0000
400,2013-02-04,0.4403,0.1014,31.8737,0.3575,0.4403,4.0000,0.0000,1.5171,0.6000,0.0000
401,2013-02-05,0.4491,0.0989,36.4534,0.3602,0.4491,4.0000,0.0000,1.5171,0.6000,0.0000
402,2013-02-06,0.4663,0.0984,43.9505,0.3630,0.4663,4.0000,0.0000,1.5171,0.6000,0.0000
403,2013-02-07,0.5108,0.0983,40.2777,0.3658,0.5108,4.0000,0.0000,1.5171,0.6000,0.0000
404,2013-02-08,0.5738,0.0982,35.0595,0.3687,0.5738,4.0000,0.0000,1.5171,0.6000,0.0000
405,2013-02-09,0.6027,0.0982,43.7498,0.3716,0.6027,4.0000,0.0000,1.5171,0.6000,0.0000
406,2013-02-10,0.5949,0.0985,37.3986,0.3744,0.5949,4.0000,0.0000,1.5171,0.6000,0.0000
407,2013-02-11,0.5634,0.0988,47.0300,0.3774,0.5634,4.0000,0.0000,1.5171,0.6000,0.0000
408,2013-02-12,0.5335,0.0990,43.6932,0.3803,0.5335,4.0000,0.0000,1.5171,0.6000,0.0000
409,2013-02-13,0.5269,0.0991,36.2249,0.3832,0.5269,4.0000,0.0000,1.5171,0.6000,0.0000
410,2013-02-14,0.5212,0.0991,37.4589,0.3862,0.5212,4.0000,0.0000,1.5171,0.6000,0.0000
411,2013-02-15,0.5279,0.0990,39.0388,0.3892,0.5279,4.0000,0.0000,1.5171,0.6000,0.0000
412,2013-02-16,0.5655,0.0989,52.2858,0.3922,0.5655,4.0000,0.0000,1.5171,0.6000,0.0000
413,2013-02-17,0.5835,0.0988,23.8138,0.3952,0.5835,4.0000,0.0000,1.5171,0.6000,0.0000
414,2013-02-18,0.5772,0.0986,19.5501,0.3983,0.5772,4.0000,0.0000,1.5171,0.6000,0.0000
415,2013-02-19,0.5829,0.0983,41.3782,0.4013,0.5829,4.0000,0.0000,1.5171,0.6000,0.0000
416,2013-02-20,0.6574,0.0983,63.2938,0.4044,0.6574,4.0000,0.0000,1.5171,0.6000,0.0000
417,2013-02-21,0.6853,0.0985,77.2722,0.4075,0.6853,4.0000,0.0000,1.5171,0.6000,0.0000
418,2013-02-22,0.6632,0.0987,52.1268,0.4106,0.6632,4.0000,0.0000,1.5171,0.6000,0.0000
419,2013-02-23,0.6881,0.0989,81.5577,0.4137,0.6881,4.0000,0.0000,1.5171,0.6000,0.0000
420,2013-02-24,0.7960,0.0989,91.1576,0.4168,0.7960,4.0000,0.0000,1.5171,0.6000,0.0000
421,2013-02-25,0.8666,0.0989,46.5988,0.4199,0.8666,4.0000,0.0000,1.5171,0.6000,0.0000
422,2013-02-26,0.9042,0.0988,47.0911,0.4230,0.9042,4.0000,0.0000,1.5171,0.6000,0.0000
423,2013-02-27,0.9824,0.0986,81.7452,0.4262,0.9824,4.0000,0.0000,1.5171,0.6000,0.0000
424,2013-02-28,1.1148,0.0983,75.8593,0.4293,1.1148,4.0000,0.0000,1.5171,0.6000,0.0000
425,2013-03-01,1.1709,0.0982,107.8023,0.4325,1.1709,4.0000,0.0000,1.5171,0.6000,0.0000
426,2013-03-02,1.1524,0.1092,77.2780,0.4357,1.1524,4.0000,0.0000,1.5171,0.6000,0.0000
427,2013-03-03,1.0413,0.1792,93.0429,0.4388,1.0413,4.0000,0.0000,1.5171,0.6000,0.0000
428,2013-03-04,1.0038,0.2714,116.1308,0.4420,1.0038,4.0000,0.0000,1.5171,0.6000,0.0000
429,2013-03-05,1.2199,0.1674,105.6828,0.4452,1.2199,4.0000,0.0000,1.5171,0.6000,0.0000
430,2013-03-06,1.3921,0.1211,126.7325,0.4484,1.3921,4.0000,0.0000,1.5171,0.6000,0.0000
431,2013-03-07,1.4174,0.1059,123.0375,0.4516,1.4174,4.0000,0.0000,1.5171,0.6000,0.0000
432,2013-03-08,1.4252,0.1004,126.3935,0.4548,1.4252,4.0000,0.0000,1.5171,0.6000,0.0000
433,2013-03-09,1.3794,0.0995,134.1328,0.4580,1.3794,4.0000,0.0000,1.5171,0.6000,0.0000
434,2013-03-10,0.8735,0.0994,81.0420,0.4612,0.8735,4.0000,0.0000,1.5171,0.6000,0.0000
435,2013-03-11,0.7920,0.0993,121.0184,0.4644,0.7920,4.0000,0.0000,1.5171,0.6000,0.0000
436,2013-03-12,1.0373,0.0994,119.3077,0.4677,1.0373,4.0000,0.0000,1.5171,0.6000,0.0000
437,2013-03-13,1.2527,0.0994,144.0143,0.4709,1.2527,4.0000,0.0000,1.5171,0.6000,0.0000
438,2013-03-14,1.4624,0.0995,138.7268,0.4741,1.4624,4.0000,0.0000,1.5171,0.6000,0.0000
439,2013-03-15,1.5633,0.0996,155.7791,0.4773,1.5633,4.0000,0.0000,1.5171,0.6000,0.0000
440,2013-03-16,1.4735,0.0997,153.2505,0.4806,1.4735,4.0000,0.0000,1.5171,0.6000,0.0000
441,2013-03-17,1.6640,0.0998,161.3105,0.4838,1.6640,4.0000,0.0000,1.5171,0.6000,0.0000
442,2013-03-18,1.8005,0.0997,164.9484,0.4870,1.8005,4.0000,0.0000,1.5171,0.6000,0.0000
443,2013-03-19,1.7783,0.0996,77.1000,0.4903,1.7783,4.0000,0.0000,1.5171,0.6000,0.0000
444,2013-03-20,1.5998,0.0997,126.0714,0.4935,1.5998,4.0000,0.0000,1.5171,0.6000,0.0000
445,2013-03-21,1.6522,0.0998,117.5720,0.4968,1.6522,4.0000,0.0000,1.5171,0.6000,0.0000
446,2013-03-22,1.6866,0.0998,170.2780,0.5000,1.6866,4.0000,0.0000,1.5171,0.6000,0.0000
447,2013-03-23,1.5946,0.1000,161.5064,0.5032,1.5946,4.0000,0.0000,1.5171,0.6000,0.0000
448,2013-03-24,1.7211,0.1000,130.5866,0.5065,1.7211,4.0000,0.0000,1.5171,0.6000,0.0000
449,2013-03-25,1.8416,0.1000,139.9760,0.5097,1.8416,4.0000,0.0000,1.5171,0.6000,0.0000
450,2013-03-26,2.0743,0.0999,185.7349,0.5130,2.0743,4.0000,0.0000,1.5171,0.6000,0.0000
451,2013-03-27,2.3634,0.0998,184.4567,0.5162,2.3634,4.0000,0.0000,1.5171,0.6000,0.0000
452,2013-03-28,2.5697,0.0998,184.8606,0.5194,2.5697,4.0000,0.0000,1.5171,0.6000,0.0000
453,2013-03-29,2.3666,0.0999,133.7013,0.5227,2.3666,4.0000,0.0000,1.5171,0.6000,0.0000
454,2013-03-30,2.0563,0.0998,97.5581,0.5259,2.0563,4.0000,0.0000,1.5171,0.6000,0.0000
455,2013-03-31,1.8752,0.1028,80.1456,0.5291,1.8752,4.0000,0.0000,1.5171,0.6000,0.0000
456,2013-04-01,1.6445,0.2995,61.1648,0.5323,1.6445,4.0000,0.0000,1.5171,0.6000,0.0000
457,2013-04-02,1.6178,0.9554,147.2830,0.5356,1.6178,4.0000,0.0000,1.5171,0.6000,0.0000
458,2013-04-03,2.3384,0.3637,207.0120,0.5388,2.3384,4.0000,0.0000,1.5171,0.6000,0.0000
459,2013-04-04,2.7154,0.1742,56.7978,0.5420,2.7154,4.0000,0.0000,1.5171,0.6000,0.0000
460,2013-04-05,2.6410,0.1662,100.7962,0.5452,2.6410,4.0000,0.0000,1.5171,0.6000,0.0000
461,2013-04-06,2.9194,0.2128,212.0558,0.5484,2.9194,4.0000,0.0000,1.5171,0.6000,0.0000
462,2013-04-07,3.3830,0.1451,180.8842,0.5516,3.3830,4.0000,0.0000,1.5171,0.6000,0.0000
463,2013-04-08,3.4641,0.1186,135.0760,0.5548,3.4641,4.0000,0.0000,1.5171,0.6000,0.0000
464,2013-04-09,3.5969,0.1189,167.6361,0.5580,3.5969,4.0000,0.0000,1.5171,0.6000,0.0000
465,2013-04-10,4.0429,0.1083,179.2999,0.5612,4.0429,4.0000,0.0000,1.5171,0.6000,0.0000
466,2013-04-11,4.6010,0.1043,113.4678,0.5643,4.6010,4.0000,0.0000,1.5171,0.6000,0.0000
467,2013-04-12,5.3742,0.1012,155.0994,0.5675,5.3742,4.0000,0.0000,1.5171,0.6000,0.0000
468,2013-04-13,6.0598,0.0999,151.8510,0.5707,6.0598,4.0000,0.0000,1.5171,0.6000,0.0000
469,2013-04-14,6.3109,0.0998,133.4352,0.5738,6.3109,4.0000,0.0000,1.5171,0.6000,0.0000
470,2013-04-15,6.5851,0.0995,230.1485,0.5770,6.5851,4.0000,0.0000,1.5171,0.6000,0.0000
471,2013-04-16,7.4251,0.0995,240.7045,0.5801,7.4251,4.0000,0.0000,1.5171,0.6000,0.0000
472,2013-04-17,8.4950,0.0997,198.9928,0.5832,8.4950,4.0000,0.0000,1.5171,0.6000,0.0000
473,2013-04-18,9.3649,0.0998,201.3464,0.5863,9.3649,4.0000,0.0000,1.5171,0.6000,0.0000
474,2013-04-19,9.8947,0.0998,215.7822,0.5894,9.8947,4.0000,0.0000,1.5171,0.6000,0.0000
475,2013-04-20,9.4717,0.0999,181.1236,0.5925,9.4717,4.0000,0.0000,1.5171,0.6000,0.0000
476,2013-04-21,9.4965,0.0999,255.6086,0.5956,9.4965,4.0000,0.0000,1.5171,0.6000,0.0000
477,2013-04-22,9.9697,0.1000,258.0969,0.5987,9.9697,4.0000,0.0000,1.5171,0.6000,0.0000
478,2013-04-23,10.3683,0.1000,175.9253,0.6017,10.3683,4.0000,0.0000,1.5171,0.6000,0.0000
479,2013-04-24,10.0959,0.1001,254.0140,0.6048,10.0959,4.0000,0.0000,1.5171,0.6000,0.0000
480,2013-04-25,10.4804,0.1000,249.2854,0.6078,10.4804,4.0000,0.0000,1.5171,0.6000,0.0000
481,2013-04-26,10.4818,0.0999,99.5855,0.6108,10.4818,4.0000,0.0000,1.5171,0.6000,0.0000
482,2013-04-27,10.1095,0.0997,93.6677,0.6138,10.1095,4.0000,0.0000,1.5171,0.6000,0.0000
483,2013-04-28,10.2743,0.0996,179.9768,0.6168,10.2743,4.0000,0.0000,1.5171,0.6000,0.0000
484,2013-04-29,10.4175,0.0997,139.4670,0.6197,10.4175,4.0000,0.0000,1.5171,0.6000,0.0000
485,2013-04-30,10.4959,0.0997,224.5820,0.6226,10.4959,4.0000,0.0000,1.5171,0.6000,0.0000
486,2013-05-01,11.0076,0.0998,275.2761,0.6256,11.0076,4.0000,0.0000,1.5171,0.6000,0.0000
487,2013-05-02,11.5345,0.0998,232.6880,0.6284,11.5345,4.0000,0.0000,1.5171,0.6000,0.0000
488,2013-05-03,11.9187,0.0999,213.3125,0.6313,11.9187,4.0000,0.0000,1.5171,0.6000,0.0000
489,2013-05-04,12.7166,0.1000,269.2085,0.6342,12.7166,4.0000,0.0000,1.5171,0.6000,0.0000
490,2013-05-05,13.0663,0.1001,279.0740,0.6370,13.0663,4.0000,0.0000,1.5171,0.6000,0.0000
491,2013-05-06,13.5796,0.1001,282.8920,0.6398,13.5796,4.0000,0.0000,1.5171,0.6000,0.0000
492,2013-05-07,14.7165,0.1001,275.1352,0.6425,14.7165,4.0000,0.0000,1.5171,0.6000,0.0000
493,2013-05-08,15.4919,0.1002,214.5361,0.6453,15.4919,4.0000,0.0000,1.5171,0.6000,0.0000
494,2013-05-09,16.2890,0.1002,236.8905,0.6480,16.2890,4.0000,0.0000,1.5171,0.6000,0.0000
495,2013-05-10,16.8696,0.1000,149.4905,0.6506,16.8696,4.0000,0.0000,1.5171,0.6000,0.0000
496,2013-05-11,16.6403,0.1000,173.7295,0.6533,16.6403,4.0000,0.0000,1.5171,0.6000,0.0000
497,2013-05-12,15.8976,0.1000,134.9673,0.6559,15.8976,4.0000,0.0000,1.5171,0.6000,0.0000
498,2013-05-13,15.3796,0.1001,154.2445,0.6585,15.3796,4.0000,0.0000,1.5171,0.6000,0.0000
499,2013-05-14,15.4415,0.1002,243.9298,0.6610,15.4415,4.0000,0.0000,1.5171,0.6000,0.0000
500,2013-05-15,16.1666,0.1002,292.5296,0.6635,16.1666,4.0000,0.0000,1.5171,0.6000,0.0000
501,2013-05-16,16.9839,0.1003,257.1567,0.6660,16.9839,4.0000,0.0000,1.5171,0.6000,0.0000
502,2013-05-17,18.2385,0.1003,262.7480,0.6684,18.2385,4.0000,0.0000,1.5171,0.6000,0.0000
503,2013-05-18,19.4957,0.1003,259.0343,0.6708,19.4957,4.0000,0.0000,1.5171,0.6000,0.0000
504,2013-05-19,20.3342,0.1003,288.2625,0.6731,20.3342,4.0000,0.0000,1.5171,0.6000,0.0000
505,2013-05-20,20.8615,0.1004,232.6307,0.6754,20.8615,4.0000,0.0000,1.5171,0.6000,0.0000
506,2013-05-21,20.6998,0.1005,126.9695,0.6777,20.6998,4.0000,0.0000,1.5171,0.6000,0.0000
507,2013-05-22,20.2511,0.1006,288.8111,0.6798,20.2511,4.0000,0.0000,1.5171,0.6000,0.0000
508,2013-05-23,19.9815,0.1007,193.5269,0.6820,19.9815,4.0000,0.0000,1.5171,0.6000,0.0000
509,2013-05-24,18.4263,0.1009,120.7403,0.6841,18.4263,4.0000,0.0000,1.5171,0.6000,0.0000
510,2013-05-25,17.7132,0.1150,124.6608,0.6861,17.7132,4.0000,0.0000,1.5171,0.6000,0.0000
511,2013-05-26,17.2674,0.1040,151.0503,0.6881,17.2674,4.0000,0.0000,1.5171,0.6000,0.0000
512,2013-05-27,17.2074,0.1005,124.1297,0.6900,17.2074,4.0000,0.0000,1.5171,0.6000,0.0000
513,2013-05-28,17.5974,0.1001,250.6423,0.6919,17.5974,4.0000,0.0000,1.5171,0.6000,0.0000
514,2013-05-29,18.0385,0.1001,270.1960,0.6937,18.0385,4.0000,0.0000,1.5171,0.6000,0.0000
515,2013-05-30,18.9114,0.1002,288.1880,0.6955,18.9114,4.0000,0.0000,1.5171,0.6000,0.0000
516,2013-05-31,19.5332,0.1002,190.5265,0.6971,19.5332,4.0000,0.0000,1.5171,0.6000,0.0000
517,2013-06-01,20.2550,0.1002,240.0305,0.6988,20.2550,4.0000,0.0000,1.5171,0.6000,0.0000
518,2013-06-02,21.0076,0.1002,264.9006,0.7003,21.0076,4.0000,0.0000,1.5171,0.6000,0.0000
519,2013-06-03,21.9452,0.1002,280.4815,0.7018,21.9452,4.0000,0.0000,1.5171,0.6000,0.0000
520,2013-06-04,22.1034,0.1003,212.6246,0.7032,22.1034,4.0000,0.0000,1.5171,0.6000,0.0000
521,2013-06-05,20.7284,0.1104,183.1327,0.7046,20.7284,4.0000,0.0000,1.5171,0.6000,0.0000
522,2013-06-06,21.2226,0.1019,266.1911,0.7058,21.2226,4.0000,0.0000,1.5171,0.6000,0.0000
523,2013-06-07,21.5169,0.1005,255.0634,0.7070,21.5169,4.0000,0.0000,1.5171,0.6000,0.0000
524,2013-06-08,21.3561,0.1005,324.9880,0.7082,21.3561,4.0000,0.0000,1.5171,0.6000,0.0000
525,2013-06-09,21.5988,0.1006,310.2664,0.7092,21.5988,4.0000,0.0000,1.5171,0.6000,0.0000
526,2013-06-10,21.6561,0.1007,287.3095,0.7102,21.6561,4.0000,0.0000,1.5171,0.6000,0.0000
527,2013-06-11,21.0764,0.1010,284.5745,0.7111,21.0764,4.0000,0.0000,1.5171,0.6000,0.0000
528,2013-06-12,21.2578,0.1010,306.0602,0.7119,21.2578,4.0000,0.0000,1.5171,0.6000,0.0000
529,2013-06-13,21.3162,0.1010,224.0533,0.7126,21.3162,4.0000,0.0000,1.5171,0.6000,0.0000
530,2013-06-14,20.6159,0.1011,168.5702,0.7133,20.6159,4.0000,0.0000,1.5171,0.6000,0.0000
531,2013-06-15,20.0091,0.1013,316.3846,0.7138,20.0091,4.0000,0.0000,1.5171,0.6000,0.0000
532,2013-06-16,20.4365,0.1014,269.1325,0.7143,20.4365,4.0000,0.0000,1.5171,0.6000,0.0000
533,2013-06-17,19.8241,0.1015,245.2384,0.7147,19.8241,4.0000,0.0000,1.5171,0.6000,0.0000
534,2013-06-18,19.8392,0.1017,253.2297,0.7150,19.8392,4.0000,0.0000,1.5171,0.6000,0.0000
535,2013-06-19,20.8392,0.1018,299.2220,0.7153,20.8392,4.0000,0.0000,1.5171,0.6000,0.0000
536,2013-06-20,21.8562,0.1018,260.8775,0.7154,21.8562,4.0000,0.0000,1.5171,0.6000,0.0000
537,2013-06-21,22.6466,0.1017,274.5795,0.7155,22.6466,4.0000,0.0000,1.5171,0.6000,0.0000
538,2013-06-22,23.6642,0.1018,307.3269,0.7155,23.6642,4.0000,0.0000,1.5171,0.6000,0.0000
539,2013-06-23,23.7950,0.1017,219.3988,0.7154,23.7950,4.0000,0.0000,1.5171,0.6000,0.0000
540,2013-06-24,24.0819,0.1017,252.3201,0.7152,24.0819,4.0000,0.0000,1.5171,0.6000,0.0000
541,2013-06-25,23.3802,0.1022,173.2275,0.7149,23.3802,4.0000,0.0000,1.5171,0.6000,0.0000
542,2013-06-26,23.5348,0.1019,217.5826,0.7145,23.5348,4.0000,0.0000,1.5171,0.6000,0.0000
543,2013-06-27,22.4812,0.1018,138.2741,0.7141,22.4812,4.0000,0.0000,1.5171,0.6000,0.0000
544,2013-06-28,21.6913,0.1016,132.5052,0.7136,21.6913,4.0000,0.0000,1.5171,0.6000,0.0000
545,2013-06-29,21.6962,0.1016,281.4045,0.7130,21.6962,4.0000,0.0000,1.5171,0.6000,0.0000
546,2013-06-30,21.3577,0.1017,219.5513,0.7123,21.3577,4.0000,0.0000,1.5171,0.6000,0.0000
547,2013-07-01,19.9800,0.1016,229.2135,0.7115,19.9800,4.0000,0.0000,1.5171,0.6000,0.0000
548,2013-07-02,19.9611,0.1015,257.4013,0.7106,19.9611,4.0000,0.0000,1.5171,0.6000,0.0000
549,2013-07-03,21.0968,0.1015,290.2037,0.7097,21.0968,4.0000,0.0000,1.5171,0.6000,0.0000
550,2013-07-04,22.2132,0.1016,283.5808,0.7087,22.2132,4.0000,0.0000,1.5171,0.6000,0.0000
551,2013-07-05,23.1119,0.1017,290.0631,0.7076,23.1119,4.0000,0.0000,1.5171,0.6000,0.0000
552,2013-07-06,22.8664,0.1022,258.1970,0.7065,22.8664,4.0000,0.0000,1.5171,0.6000,0.0000
553,2013-07-07,22.3875,0.1143,288.4939,0.7052,22.3875,4.0000,0.0000,1.5171,0.6000,0.0000
554,2013-07-08,22.5662,0.1139,307.5929,0.7039,22.5662,4.0000,0.0000,1.5171,0.6000,0.0000
555,2013-07-09,22.3547,0.1787,316.9839,0.7025,22.3547,4.0000,0.0000,1.5171,0.6000,0.0000
556,2013-07-10,22.2078,0.1223,230.1638,0.7011,22.2078,4.0000,0.0000,1.5171,0.6000,0.0000
557,2013-07-11,22.1731,0.1469,209.0517,0.6996,22.1731,4.0000,0.0000,1.5171,0.6000,0.0000
558,2013-07-12,21.6620,0.3680,129.5150,0.6980,21.6620,4.0000,0.0000,1.5171,0.6000,0.0000
559,2013-07-13,21.1814,0.4193,116.4915,0.6963,21.1814,4.0000,0.0000,1.5171,0.6000,0.0000
560,2013-07-14,21.3782,0.1924,283.6152,0.6946,21.3782,4.0000,0.0000,1.5171,0.6000,0.0000
561,2013-07-15,21.6024,0.1616,242.6990,0.6928,21.6024,4.0000,0.0000,1.5171,0.6000,0.0000
562,2013-07-16,21.1264,0.1736,216.6165,0.6910,21.1264,4.0000,0.0000,1.5171,0.6000,0.0000
563,2013-07-17,21.1730,0.1631,242.4991,0.6891,21.1730,4.0000,0.0000,1.5171,0.6000,0.0000
564,2013-07-18,21.5212,0.1494,265.3532,0.6871,21.5212,4.0000,0.0000,1.5171,0.6000,0.0000
565,2013-07-19,21.1565,0.1467,171.3661,0.6851,21.1565,4.0000,0.0000,1.5171,0.6000,0.0000
566,2013-07-20,19.5942,1.1556,226.8878,0.6830,19.5942,4.0000,0.0000,1.5171,0.6000,0.0000
567,2013-07-21,19.3603,1.6506,242.5993,0.6809,19.3603,4.0000,0.0000,1.5171,0.6000,0.0000
568,2013-07-22,18.7533,3.3809,237.7890,0.6788,18.7533,4.0000,0.0000,1.5171,0.6000,0.0000
569,2013-07-23,17.9221,6.0204,113.9060,0.6765,17.9221,4.0000,0.0000,1.5171,0.6000,0.0000
570,2013-07-24,18.3444,4.0933,182.4557,0.6743,18.3444,4.0000,0.0000,1.5171,0.6000,0.0000
571,2013-07-25,19.1540,1.6537,145.6503,0.6720,19.1540,4.0000,0.0000,1.5171,0.6000,0.0000
572,2013-07-26,19.8025,0.7114,181.9671,0.6696,19.8025,4.0000,0.0000,1.5171,0.6000,0.0000
573,2013-07-27,20.4358,0.3717,199.5216,0.6672,20.4358,4.0000,0.0000,1.5171,0.6000,0.0000
574,2013-07-28,21.3864,0.2299,239.3760,0.6648,21.3864,4.0000,0.0000,1.5171,0.6000,0.0000
575,2013-07-29,22.2483,0.1720,198.1337,0.6623,22.2483,4.0000,0.0000,1.5171,0.6000,0.0000
576,2013-07-30,22.7121,0.1595,157.3397,0.6598,22.7121,4.0000,0.0000,1.5171,0.6000,0.0000
577,2013-07-31,22.4630,0.1584,238.3358,0.6572,22.4630,4.0000,0.0000,1.5171,0.6000,0.0000
578,2013-08-01,22.0677,0.1576,258.3570,0.6546,22.0677,4.0000,0.0000,1.5171,0.6000,0.0000
579,2013-08-02,21.8259,0.1635,258.4283,0.6520,21.8259,4.0000,0.0000,1.5171,0.6000,0.0000
580,2013-08-03,22.1257,0.1634,279.7914,0.6493,22.1257,4.0000,0.0000,1.5171,0.6000,0.0000
581,2013-08-04,22.8405,0.1522,227.9638,0.6466,22.8405,4.0000,0.0000,1.5171,0.6000,0.0000
582,2013-08-05,23.4043,0.1490,226.4147,0.6439,23.4043,4.0000,0.0000,1.5171,0.6000,0.0000
583,2013-08-06,23.8179,0.1442,241.5325,0.6412,23.8179,4.0000,0.0000,1.5171,0.6000,0.0000
584,2013-08-07,24.3316,0.1404,240.9284,0.6384,24.3316,4.0000,0.0000,1.5171,0.6000,0.0000
585,2013-08-08,25.1956,0.1411,228.7825,0.6356,25.1956,4.0000,0.0000,1.5171,0.6000,0.0000
586,2013-08-09,24.8549,0.1418,187.0331,0.6327,24.8549,4.0000,0.0000,1.5171,0.6000,0.0000
587,2013-08-10,23.5918,0.1393,44.0864,0.6299,23.5918,4.0000,0.0000,1.5171,0.6000,0.0000
588,2013-08-11,22.2843,0.1373,192.5173,0.6270,22.2843,4.0000,0.0000,1.5171,0.6000,0.0000
589,2013-08-12,21.1282,0.1338,189.0774,0.6241,21.1282,4.0000,0.0000,1.5171,0.6000,0.0000
590,2013-08-13,20.3488,0.1304,76.4594,0.6212,20.3488,4.0000,0.0000,1.5171,0.6000,0.0000
591,2013-08-14,18.9735,0.1270,162.8538,0.6182,18.9735,4.0000,0.0000,1.5171,0.6000,0.0000
592,2013-08-15,18.4353,0.1284,177.8852,0.6153,18.4353,4.0000,0.0000,1.5171,0.6000,0.0000
593,2013-08-16,18.6658,0.1282,227.2693,0.6123,18.6658,4.0000,0.0000,1.5171,0.6000,0.0000
594,2013-08-17,19.4873,0.1225,235.7509,0.6093,19.4873,4.0000,0.0000,1.5171,0.6000,0.0000
595,2013-08-18,20.1703,0.1191,234.9348,0.6063,20.1703,4.0000,0.0000,1.5171,0.6000,0.0000
596,2013-08-19,21.1009,0.1190,167.3103,0.6033,21.1009,4.0000,0.0000,1.5171,0.6000,0.0000
597,2013-08-20,21.2296,0.1412,61.3301,0.6002,21.2296,4.0000,0.0000,1.5171,0.6000,0.0000
598,2013-08-21,20.7616,0.3281,176.0370,0.5972,20.7616,4.0000,0.0000,1.5171,0.6000,0.0000
599,2013-08-22,20.5326,0.3124,168.7586,0.5941,20.5326,4.0000,0.0000,1.5171,0.6000,0.0000
600,2013-08-23,19.7803,1.2921,177.5153,0.5910,19.7803,4.0000,0.0000,1.5171,0.6000,0.0000
601,2013-08-24,19.3387,0.9930,202.1480,0.5879,19.3387,4.0000,0.0000,1.5171,0.6000,0.0000
602,2013-08-25,19.1139,0.3640,170.0310,0.5848,19.1139,4.0000,0.0000,1.5171,0.6000,0.0000
603,2013-08-26,19.0527,0.2191,203.4885,0.5817,19.0527,4.0000,0.0000,1.5171,0.6000,0.0000
604,2013-08-27,19.2837,0.1584,170.5019,0.5785,19.2837,4.0000,0.0000,1.5171,0.6000,0.0000
605,2013-08-28,19.5146,0.1317,175.1326,0.5754,19.5146,4.0000,0.0000,1.5171,0.6000,0.0000
606,2013-08-29,19.8116,0.1271,176.3725,0.5723,19.8116,4.0000,0.0000,1.5171,0.6000,0.0000
607,2013-08-30,19.6902,0.1253,147.7988,0.5691,19.6902,4.0000,0.0000,1.5171,0.6000,0.0000
608,2013-08-31,19.5080,0.1220,104.1117,0.5659,19.5080,4.0000,0.0000,1.5171,0.6000,0.0000
609,2013-09-01,18.8769,0.1269,164.2030,0.5628,18.8769,4.0000,0.0000,1.5171,0.6000,0.0000
610,2013-09-02,17.2355,0.1296,27.3423,0.5596,17.2355,4.0000,0.0000,1.5171,0.6000,0.0000
611,2013-09-03,16.1779,1.6376,155.4519,0.5564,16.1779,4.0000,0.0000,1.5171,0.6000,0.0000
612,2013-09-04,16.1629,1.1077,123.2551,0.5532,16.1629,4.0000,0.0000,1.5171,0.6000,0.0000
613,2013-09-05,16.5461,0.3044,192.0768,0.5500,16.5461,4.0000,0.0000,1.5171,0.6000,0.0000
614,2013-09-06,17.1576,0.1564,193.8407,0.5468,17.1576,4.0000,0.0000,1.5171,0.6000,0.0000
615,2013-09-07,17.4554,0.1280,205.3123,0.5436,17.4554,4.0000,0.0000,1.5171,0.6000,0.0000
616,2013-09-08,17.6757,0.1167,200.3469,0.5404,17.6757,4.0000,0.0000,1.5171,0.6000,0.0000
617,2013-09-09,17.7640,0.1117,187.8007,0.5372,17.7640,4.0000,0.0000,1.5171,0.6000,0.0000
618,2013-09-10,17.6834,0.1124,49.7074,0.5339,17.6834,4.0000,0.0000,1.5171,0.6000,0.0000
619,2013-09-11,17.3710,0.1102,115.6273,0.5307,17.3710,4.0000,0.0000,1.5171,0.6000,0.0000
620,2013-09-12,17.2612,0.1094,82.7761,0.5275,17.2612,4.0000,0.0000,1.5171,0.6000,0.0000
621,2013-09-13,17.1928,0.1094,109.7374,0.5243,17.1928,4.0000,0.0000,1.5171,0.6000,0.0000
622,2013-09-14,17.1624,0.1097,62.4487,0.5210,17.1624,4.0000,0.0000,1.5171,0.6000,0.0000
623,2013-09-15,16.8319,0.1071,84.3324,0.5178,16.8319,4.0000,0.0000,1.5171,0.6000,0.0000
624,2013-09-16,16.4788,0.1056,59.1035,0.5146,16.4788,4.0000,0.0000,1.5171,0.6000,0.0000
625,2013-09-17,16.2151,0.1050,28.2643,0.5113,16.2151,4.0000,0.0000,1.5171,0.6000,0.0000
626,2013-09-18,15.5439,0.1062,31.0980,0.5081,15.5439,4.0000,0.0000,1.5171,0.6000,0.0000
627,2013-09-19,15.0507,0.1826,36.7359,0.5049,15.0507,4.0000,0.0000,1.5171,0.6000,0.0000
628,2013-09-20,14.6794,1.1918,36.5192,0.5016,14.6794,4.0000,0.0000,1.5171,0.6000,0.0000
629,2013-09-21,14.6344,2.1894,129.1961,0.4984,14.6344,4.0000,0.0000,1.5171,0.6000,0.0000
630,2013-09-22,14.5315,1.3131,66.4819,0.4951,14.5315,4.0000,0.0000,1.5171,0.6000,0.0000
631,2013-09-23,14.2523,2.9757,132.0235,0.4919,14.2523,4.0000,0.0000,1.5171,0.6000,0.0000
632,2013-09-24,13.6698,5.4314,91.6102,0.4887,13.6698,4.0000,0.0000,1.5171,0.6000,0.0000
633,2013-09-25,12.7513,3.6784,129.4384,0.4854,12.7513,4.0000,0.0000,1.5171,0.6000,0.0000
634,2013-09-26,12.3460,1.7769,118.9588,0.4822,12.3460,4.0000,0.0000,1.5171,0.6000,0.0000
635,2013-09-27,11.4703,1.3557,92.6303,0.4790,11.4703,4.0000,0.0000,1.5171,0.6000,0.0000
636,2013-09-28,11.4127,0.7638,112.1543,0.4757,11.4127,4.0000,0.0000,1.5171,0.6000,0.0000
637,2013-09-29,11.2170,0.4751,120.1925,0.4725,11.2170,4.0000,0.0000,1.5171,0.6000,0.0000
638,2013-09-30,11.0370,0.3087,97.6198,0.4693,11.0370,4.0000,0.0000,1.5171,0.6000,0.0000
639,2013-10-01,10.6076,0.2307,108.8292,0.4661,10.6076,4.0000,0.0000,1.5171,0.6000,0.0000
640,2013-10-02,9.9322,0.1888,101.9440,0.4628,9.9322,4.0000,0.0000,1.5171,0.6000,0.0000
641,2013-10-03,9.8354,0.1582,93.5053,0.4596,9.8354,4.0000,0.0000,1.5171,0.6000,0.0000
642,2013-10-04,9.6719,0.1378,121.3840,0.4564,9.6719,4.0000,0.0000,1.5171,0.6000,0.0000
643,2013-10-05,9.4336,0.1225,115.1991,0.4532,9.4336,4.0000,0.0000,1.5171,0.6000,0.0000
644,2013-10-06,9.6558,0.1193,46.0787,0.4500,9.6558,4.0000,0.0000,1.5171,0.6000,0.0000
645,2013-10-07,10.2290,0.1219,63.8364,0.4468,10.2290,4.0000,0.0000,1.5171,0.6000,0.0000
646,2013-10-08,10.9198,0.1253,63.1023,0.4436,10.9198,4.0000,0.0000,1.5171,0.6000,0.0000
647,2013-10-09,11.1189,0.1200,60.5995,0.4404,11.1189,4.0000,0.0000,1.5171,0.6000,0.0000
648,2013-10-10,11.1801,0.1189,42.0842,0.4372,11.1801,4.0000,0.0000,1.5171,0.6000,0.0000
649,2013-10-11,11.4012,0.1273,48.5529,0.4341,11.4012,4.0000,0.0000,1.5171,0.6000,0.0000
650,2013-10-12,11.4624,0.1409,54.9144,0.4309,11.4624,4.0000,0.0000,1.5171,0.6000,0.0000
651,2013-10-13,11.2332,0.1227,42.2416,0.4277,11.2332,4.0000,0.0000,1.5171,0.6000,0.0000
652,2013-10-14,11.1105,0.1235,22.6795,0.4246,11.1105,4.0000,0.0000,1.5171,0.6000,0.0000
653,2013-10-15,10.8940,0.1169,54.1088,0.4215,10.8940,4.0000,0.0000,1.5171,0.6000,0.0000
654,2013-10-16,10.5481,0.1154,44.9556,0.4183,10.5481,4.0000,0.0000,1.5171,0.6000,0.0000
655,2013-10-17,10.3782,0.1143,46.5839,0.4152,10.3782,4.0000,0.0000,1.5171,0.6000,0.0000
656,2013-10-18,10.1013,0.1219,71.2968,0.4121,10.1013,4.0000,0.0000,1.5171,0.6000,0.0000
657,2013-10-19,9.0515,0.2506,63.9667,0.4090,9.0515,4.0000,0.0000,1.5171,0.6000,0.0000
658,2013-10-20,8.5824,0.1293,31.7823,0.4059,8.5824,4.0000,0.0000,1.5171,0.6000,0.0000
659,2013-10-21,8.0490,0.1211,8.8856,0.4028,8.0490,4.0000,0.0000,1.5171,0.6000,0.0000
660,2013-10-22,7.5417,0.1145,27.1490,0.3998,7.5417,4.0000,0.0000,1.5171,0.6000,0.0000
661,2013-10-23,8.3108,0.1072,60.7775,0.3967,8.3108,4.0000,0.0000,1.5171,0.6000,0.0000
662,2013-10-24,9.2615,0.1070,44.5246,0.3937,9.2615,4.0000,0.0000,1.5171,0.6000,0.0000
663,2013-10-25,9.4408,0.1078,48.7796,0.3907,9.4408,4.0000,0.0000,1.5171,0.6000,0.0000
664,2013-10-26,9.5045,0.1077,19.5156,0.3877,9.5045,4.0000,0.0000,1.5171,0.6000,0.0000
665,2013-10-27,9.9634,0.1071,28.6215,0.3847,9.9634,4.0000,0.0000,1.5171,0.6000,0.0000
666,2013-10-28,10.4406,0.1067,57.2054,0.3818,10.4406,4.0000,0.0000,1.5171,0.6000,0.0000
667,2013-10-29,10.5434,0.1066,55.0752,0.3788,10.5434,4.0000,0.0000,1.5171,0.6000,0.0000
668,2013-10-30,10.0020,0.1064,48.1536,0.3759,10.0020,4.0000,0.0000,1.5171,0.6000,0.0000
669,2013-10-31,9.6106,0.1268,48.8895,0.3730,9.6106,4.0000,0.0000,1.5171,0.6000,0.0000
670,2013-11-01,9.2404,0.1124,51.1309,0.3701,9.2404,4.0000,0.0000,1.5171,0.6000,0.0000
671,2013-11-02,8.9093,0.1091,26.4696,0.3673,8.9093,4.0000,0.0000,1.5171,0.6000,0.0000
672,2013-11-03,8.8896,0.1316,35.2924,0.3644,8.8896,4.0000,0.0000,1.5171,0.6000,0.0000
673,2013-11-04,8.7343,0.2133,41.2364,0.3616,8.7343,4.0000,0.0000,1.5171,0.6000,0.0000
674,2013-11-05,8.5253,0.1180,42.2962,0.3588,8.5253,4.0000,0.0000,1.5171,0.6000,0.0000
675,2013-11-06,8.3624,0.1214,44.3032,0.3561,8.3624,4.0000,0.0000,1.5171,0.6000,0.0000
676,2013-11-07,8.0458,0.1371,38.9141,0.3534,8.0458,4.0000,0.0000,1.5171,0.6000,0.0000
677,2013-11-08,7.9681,0.1319,37.2349,0.3507,7.9681,4.0000,0.0000,1.5171,0.6000,0.0000
678,2013-11-09,7.6131,0.1149,6.5656,0.3480,7.6131,4.0000,0.0000,1.5171,0.6000,0.0000
679,2013-11-10,7.3278,0.1095,52.3602,0.3454,7.3278,4.0000,0.0000,1.5171,0.6000,0.0000
680,2013-11-11,7.0667,0.1083,28.9397,0.3428,7.0667,4.0000,0.0000,1.5171,0.6000,0.0000
681,2013-11-12,6.7294,0.1092,26.3929,0.3402,6.7294,4.0000,0.0000,1.5171,0.6000,0.0000
682,2013-11-13,6.5688,0.1046,33.9273,0.3377,6.5688,4.0000,0.0000,1.5171,0.6000,0.0000
683,2013-11-14,6.2845,0.1062,36.5653,0.3352,6.2845,4.0000,0.0000,1.5171,0.6000,0.0000
684,2013-11-15,6.0936,0.1042,14.9006,0.3328,6.0936,4.0000,0.0000,1.5171,0.6000,0.0000
685,2013-11-16,6.3041,0.1037,25.8529,0.3304,6.3041,4.0000,0.0000,1.5171,0.6000,0.0000
686,2013-11-17,6.7678,0.1054,33.3385,0.3280,6.7678,4.0000,0.0000,1.5171,0.6000,0.0000
687,2013-11-18,6.3641,0.1039,19.5174,0.3257,6.3641,4.0000,0.0000,1.5171,0.6000,0.0000
688,2013-11-19,5.9782,0.1027,15.5132,0.3235,5.9782,4.0000,0.0000,1.5171,0.6000,0.0000
689,2013-11-20,5.8469,0.1025,14.5432,0.3212,5.8469,4.0000,0.0000,1.5171,0.6000,0.0000
690,2013-11-21,5.8043,0.1052,10.9459,0.3191,5.8043,4.0000,0.0000,1.5171,0.6000,0.0000
691,2013-11-22,5.7374,0.1075,8.9916,0.3170,5.7374,4.0000,0.0000,1.5171,0.6000,0.0000
692,2013-11-23,5.7131,0.1064,5.7536,0.3149,5.7131,4.0000,0.0000,1.5171,0.6000,0.0000
693,2013-11-24,5.4736,0.1035,18.3382,0.3129,5.4736,4.0000,0.0000,1.5171,0.6000,0.0000
694,2013-11-25,4.4391,0.1256,36.0101,0.3109,4.4391,4.0000,0.0000,1.5171,0.6000,0.0000
695,2013-11-26,3.5161,0.2705,34.5324,0.3090,3.5161,4.0000,0.0000,1.5171,0.6000,0.0000
696,2013-11-27,3.5335,0.1217,3.2450,0.3072,3.5335,4.0000,0.0000,1.5171,0.6000,0.0000
697,2013-11-28,4.1937,0.1192,32.8237,0.3054,4.1937,4.0000,0.0000,1.5171,0.6000,0.0000
698,2013-11-29,3.9232,0.5314,27.0193,0.3037,3.9232,4.0000,0.0000,1.5171,0.6000,0.0000
699,2013-11-30,3.7507,0.1684,15.3425,0.3020,3.7507,4.0000,0.0000,1.5171,0.6000,0.0000
700,2013-12-01,3.6953,0.1224,9.0932,0.3004,3.6953,4.0000,0.0000,1.5171,0.6000,0.0000
701,2013-12-02,3.2392,0.4892,27.9313,0.2989,3.2392,4.0000,0.0000,1.5171,0.6000,0.0000
702,2013-12-03,3.0628,0.1820,11.9995,0.2975,3.0628,4.0000,0.0000,1.5171,0.6000,0.0000
703,2013-12-04,3.4576,0.1163,2.8081,0.2961,3.4576,4.0000,0.0000,1.5171,0.6000,0.0000
704,2013-12-05,3.4514,0.1145,16.8014,0.2948,3.4514,4.0000,0.0000,1.5171,0.6000,0.0000
705,2013-12-06,2.9576,0.1060,7.8208,0.2935,2.9576,4.0000,0.0000,1.5171,0.6000,0.0000
706,2013-12-07,3.4970,2.9502,12.9057,0.2924,3.4970,4.0000,0.0000,1.5171,0.6000,0.0000
707,2013-12-08,3.5906,5.6462,24.8883,0.2913,3.5906,4.0000,0.0000,1.5171,0.6000,0.0000
708,2013-12-09,1.7952,2.5299,28.6223,0.2903,1.7952,4.0000,0.0000,1.5171,0.6000,0.0000
709,2013-12-10,0.7415,0.7570,8.9452,0.2894,0.7415,4.0000,0.0000,1.5171,0.6000,0.0000
710,2013-12-11,0.9296,0.2407,8.3655,0.2885,0.9296,4.0000,0.0000,1.5171,0.6000,0.0000
711,2013-12-12,1.4589,0.1580,7.0052,0.2877,1.4589,4.0000,0.0000,1.5171,0.6000,0.0000
712,2013-12-13,1.7251,0.1310,23.9692,0.2870,1.7251,4.0000,0.0000,1.5171,0.6000,0.0000
713,2013-12-14,1.4927,0.1295,10.6849,0.2864,1.4927,4.0000,0.0000,1.5171,0.6000,0.0000
714,2013-12-15,1.3282,0.1155,7.0230,0.2859,1.3282,4.0000,0.0000,1.5171,0.6000,0.0000
715,2013-12-16,1.5414,0.1082,12.7944,0.2855,1.5414,4.0000,0.0000,1.5171,0.6000,0.0000
716,2013-12-17,1.8498,0.1040,8.2705,0.2851,1.8498,4.0000,0.0000,1.5171,0.6000,0.0000
717,2013-12-18,1.9777,0.1038,11.6490,0.2848,1.9777,4.0000,0.0000,1.5171,0.6000,0.0000
718,2013-12-19,1.7993,0.1023,17.5568,0.2846,1.7993,4.0000,0.0000,1.5171,0.6000,0.0000
719,2013-12-20,1.6656,0.1014,13.1530,0.2845,1.6656,4.0000,0.0000,1.5171,0.6000,0.0000
720,2013-12-21,1.9496,0.1012,11.8947,0.2845,1.9496,4.0000,0.0000,1.5171,0.6000,0.0000
721,2013-12-22,2.1440,0.1008,6.4528,0.2846,2.1440,4.0000,0.0000,1.5171,0.6000,0.0000
722,2013-12-23,2.5121,0.1006,16.6256,0.2847,2.5121,4.0000,0.0000,1.5171,0.6000,0.0000
723,2013-12-24,2.5023,0.1005,10.3415,0.2850,2.5023,4.0000,0.0000,1.5171,0.6000,0.0000
724,2013-12-25,2.6425,0.1005,22.9309,0.2853,2.6425,4.0000,0.0000,1.5171,0.6000,0.0000
725,2013-12-26,2.7002,0.1005,8.9458,0.2857,2.7002,4.0000,0.0000,1.5171,0.6000,0.0000
726,2013-12-27,2.9159,0.1012,7.9506,0.2862,2.9159,4.0000,0.0000,1.5171,0.6000,0.0000
727,2013-12-28,3.0898,0.1007,19.9116,0.2867,3.0898,4.0000,0.0000,1.5171,0.6000,0.0000
728,2013-12-29,3.2195,0.1004,6.0760,0.2874,3.2195,4.0000,0.0000,1.5171,0.6000,0.0000
729,2013-12-30,3.2507,0.1006,14.0303,0.2881,3.2507,4.0000,0.0000,1.5171,0.6000,0.0000
730,2013-12-31,2.8633,0.1003,26.1470,0.2889,2.8633,4.0000,0.0000,1.5171,0.6000,0.0000
731,2014-01-01,2.2447,0.1002,12.0978,0.2898,2.2447,4.0000,0.0000,1.5171,0.6000,0.0000
732,2014-01-02,2.0539,0.1003,15.5187,0.2908,2.0539,4.0000,0.0000,1.5171,0.6000,0.0000
733,2014-01-03,1.9580,0.1003,14.7722,0.2918,1.9580,4.0000,0.0000,1.5171,0.6000,0.0000
734,2014-01-04,2.0180,0.1002,10.1377,0.2930,2.0180,4.0000,0.0000,1.5171,0.6000,0.0000
735,2014-01-05,1.9770,0.1000,3.9145,0.2942,1.9770,4.0000,0.0000,1.5171,0.6000,0.0000
736,2014-01-06,2.1985,0.1003,15.6601,0.2954,2.1985,4.0000,0.0000,1.5171,0.6000,0.0000
737,2014-01-07,2.4318,0.0997,6.9819,0.2968,2.4318,4.0000,0.0000,1.5171,0.6000,0.0000
738,2014-01-08,2.7980,0.0995,19.2859,0.2982,2.7980,4.0000,0.0000,1.5171,0.6000,0.0000
739,2014-01-09,3.1119,0.0993,5.5438,0.2997,3.1119,4.0000,0.0000,1.5171,0.6000,0.0000
740,2014-01-10,3.2951,0.1360,4.9554,0.3012,3.2951,4.0000,0.0000,1.5171,0.6000,0.0000
741,2014-01-11,3.0982,0.8033,12.7974,0.3029,3.0982,4.0000,0.0000,1.5171,0.6000,0.0000
742,2014-01-12,2.9706,0.8060,20.4609,0.3045,2.9706,4.0000,0.0000,1.5171,0.6000,0.0000
743,2014-01-13,2.2391,1.9092,27.6997,0.3063,2.2391,4.0000,0.0000,1.5171,0.6000,0.0000
744,2014-01-14,1.8130,0.5031,31.5005,0.3081,1.8130,4.0000,0.0000,1.5171,0.6000,0.0000
745,2014-01-15,1.2467,0.1677,29.9070,0.3100,1.2467,4.0000,0.0000,1.5171,0.6000,0.0000
746,2014-01-16,0.7431,0.1123,23.3150,0.3119,0.7431,4.0000,0.0000,1.5171,0.6000,0.0000
747,2014-01-17,0.2717,0.1015,14.8950,0.3139,0.2717,4.0000,0.0000,1.5171,0.6000,0.0000
748,2014-01-18,0.2461,0.1002,33.5689,0.3159,0.2461,4.0000,0.0000,1.5171,0.6000,0.0000
749,2014-01-19,0.3144,0.1000,39.0015,0.3180,0.3144,4.0000,0.0000,1.5171,0.6000,0.0000
750,2014-01-20,0.3383,0.1000,41.5538,0.3202,0.3383,4.0000,0.0000,1.5171,0.6000,0.0000
751,2014-01-21,0.3717,0.1001,37.9937,0.3223,0.3717,4.0000,0.0000,1.5171,0.6000,0.0000
752,2014-01-22,0.4497,0.1003,38.4144,0.3246,0.4497,4.0000,0.0000,1.5171,0.6000,0.0000
753,2014-01-23,0.5094,0.1003,29.8500,0.3269,0.5094,4.0000,0.0000,1.5171,0.6000,0.0000
754,2014-01-24,0.4830,0.1004,42.8517,0.3292,0.4830,4.0000,0.0000,1.5171,0.6000,0.0000
755,2014-01-25,0.4735,0.1005,41.0430,0.3316,0.4735,4.0000,0.0000,1.5171,0.6000,0.0000
756,2014-01-26,0.4589,0.1005,26.1775,0.3340,0.4589,4.0000,0.0000,1.5171,0.6000,0.0000
757,2014-01-27,0.4486,0.1006,21.9077,0.3365,0.4486,4.0000,0.0000,1.5171,0.6000,0.0000
758,2014-01-28,0.4686,0.1007,31.5798,0.3390,0.4686,4.0000,0.0000,1.5171,0.6000,0.0000
759,2014-01-29,0.4908,0.1008,31.0375,0.3415,0.4908,4.0000,0.0000,1.5171,0.6000,0.0000
760,2014-01-30,0.5382,0.1010,41.5700,0.3441,0.5382,4.0000,0.0000,1.5171,0.6000,0.0000
761,2014-01-31,0.5361,0.1010,17.3525,0.3467,0.5361,4.0000,0.0000,1.5171,0.6000,0.0000
762,2014-02-01,0.5322,0.1008,22.0850,0.3494,0.5322,4.0000,0.0000,1.5171,0.6000,0.0000
763,2014-02-02,0.5519,0.1007,24.7318,0.3520,0.5519,4.0000,0.0000,1.5171,0.6000,0.0000
764,2014-02-03,0.5605,0.1006,16.2581,0.3547,0.5605,4.0000,0.0000,1.5171,0.6000,0.0000
765,2014-02-04,0.6150,0.1006,62.4283,0.3575,0.6150,4.0000,0.0000,1.5171,0.6000,0.0000
766,2014-02-05,0.7245,0.1007,61.9775,0.3602,0.7245,4.0000,0.0000,1.5171,0.6000,0.0000
767,2014-02-06,0.8324,0.1007,54.0438,0.3630,0.8324,4.0000,0.0000,1.5171,0.6000,0.0000
768,2014-02-07,0.8098,0.1006,33.7904,0.3658,0.8098,4.0000,0.0000,1.5171,0.6000,0.0000
769,2014-02-08,0.7287,0.1005,42.1383,0.3687,0.7287,4.0000,0.0000,1.5171,0.6000,0.0000
770,2014-02-09,0.6623,0.1004,31.8476,0.3716,0.6623,4.0000,0.0000,1.5171,0.6000,0.0000
771,2014-02-10,0.6782,0.1003,26.2310,0.3744,0.6782,4.0000,0.0000,1.5171,0.6000,0.0000
772,2014-02-11,0.6957,0.1002,22.2666,0.3774,0.6957,4.0000,0.0000,1.5171,0.6000,0.0000
773,2014-02-12,0.6575,0.1001,61.1369,0.3803,0.6575,4.0000,0.0000,1.5171,0.6000,0.0000
774,2014-02-13,0.7187,0.1000,33.8604,0.3832,0.7187,4.0000,0.0000,1.5171,0.6000,0.0000
775,2014-02-14,0.7033,0.1000,24.8795,0.3862,0.7033,4.0000,0.0000,1.5171,0.6000,0.0000
776,2014-02-15,0.6874,0.0999,42.3027,0.3892,0.6874,4.0000,0.0000,1.5171,0.6000,0.0000
777,2014-02-16,0.7343,0.0998,44.8897,0.3922,0.7343,4.0000,0.0000,1.5171,0.6000,0.0000
778,2014-02-17,0.8207,0.0997,62.2070,0.3952,0.8207,4.0000,0.0000,1.5171,0.6000,0.0000
779,2014-02-18,0.9049,0.0996,62.9521,0.3983,0.9049,4.0000,0.0000,1.5171,0.6000,0.0000
780,2014-02-19,0.9721,0.0996,44.5346,0.4013,0.9721,4.0000,0.0000,1.5171,0.6000,0.0000
781,2014-02-20,0.9833,0.0995,25.5364,0.4044,0.9833,4.0000,0.0000,1.5171,0.6000,0.0000
782,2014-02-21,1.0548,0.0995,61.5295,0.4075,1.0548,4.0000,0.0000,1.5171,0.6000,0.0000
783,2014-02-22,1.2519,0.0996,64.7640,0.4106,1.2519,4.0000,0.0000,1.5171,0.6000,0.0000
784,2014-02-23,1.3864,0.0997,94.1971,0.4137,1.3864,4.0000,0.0000,1.5171,0.6000,0.0000
785,2014-02-24,1.5677,0.0997,100.4271,0.4168,1.5677,4.0000,0.0000,1.5171,0.6000,0.0000
786,2014-02-25,1.8034,0.0998,102.6423,0.4199,1.8034,4.0000,0.0000,1.5171,0.6000,0.0000
787,2014-02-26,1.6558,0.0999,100.9660,0.4230,1.6558,4.0000,0.0000,1.5171,0.6000,0.0000
788,2014-02-27,1.5898,0.0999,58.0584,0.4262,1.5898,4.0000,0.0000,1.5171,0.6000,0.0000
789,2014-02-28,1.6818,0.1000,68.0215,0.4293,1.6818,4.0000,0.0000,1.5171,0.6000,0.0000
790,2014-03-01,1.7792,0.1000,53.6602,0.4325,1.7792,4.0000,0.0000,1.5171,0.6000,0.0000
791,2014-03-02,2.0792,0.0999,75.6962,0.4357,2.0792,4.0000,0.0000,1.5171,0.6000,0.0000
792,2014-03-03,2.3471,0.1000,80.7204,0.4388,2.3471,4.0000,0.0000,1.5171,0.6000,0.0000
793,2014-03-04,2.3655,0.1000,107.6251,0.4420,2.3655,4.0000,0.0000,1.5171,0.6000,0.0000
794,2014-03-05,2.4971,0.1000,53.1074,0.4452,2.4971,4.0000,0.0000,1.5171,0.6000,0.0000
795,2014-03-06,2.5730,0.1000,62.8185,0.4484,2.5730,4.0000,0.0000,1.5171,0.6000,0.0000
796,2014-03-07,2.6729,0.1000,88.1088,0.4516,2.6729,4.0000,0.0000,1.5171,0.6000,0.0000
797,2014-03-08,2.8175,0.1000,122.2912,0.4548,2.8175,4.0000,0.0000,1.5171,0.6000,0.0000
798,2014-03-09,2.9177,0.1000,130.7083,0.4580,2.9177,4.0000,0.0000,1.5171,0.6000,0.0000
799,2014-03-10,3.1486,0.1001,135.9844,0.4612,3.1486,4.0000,0.0000,1.5171,0.6000,0.0000
800,2014-03-11,3.5239,0.1018,137.2284,0.4644,3.5239,4.0000,0.0000,1.5171,0.6000,0.0000
801,2014-03-12,3.6486,0.1271,131.9414,0.4677,3.6486,4.0000,0.0000,1.5171,0.6000,0.0000
802,2014-03-13,3.7438,0.1075,140.6387,0.4709,3.7438,4.0000,0.0000,1.5171,0.6000,0.0000
803,2014-03-14,4.0070,0.1080,135.4832,0.4741,4.0070,4.0000,0.0000,1.5171,0.6000,0.0000
804,2014-03-15,3.9425,0.1181,54.4906,0.4773,3.9425,4.0000,0.0000,1.5171,0.6000,0.0000
805,2014-03-16,3.1571,1.8067,137.3839,0.4806,3.1571,4.0000,0.0000,1.5171,0.6000,0.0000
806,2014-03-17,2.8941,2.7790,103.6875,0.4838,2.8941,4.0000,0.0000,1.5171,0.6000,0.0000
807,2014-03-18,3.1842,2.1464,69.3644,0.4870,3.1842,4.0000,0.0000,1.5171,0.6000,0.0000
808,2014-03-19,3.5887,0.7570,64.3115,0.4903,3.5887,4.0000,0.0000,1.5171,0.6000,0.0000
809,2014-03-20,4.0374,0.6072,95.1328,0.4935,4.0374,4.0000,0.0000,1.5171,0.6000,0.0000
810,2014-03-21,4.6908,0.2397,127.6911,0.4968,4.6908,4.0000,0.0000,1.5171,0.6000,0.0000
811,2014-03-22,5.3660,0.1591,135.0522,0.5000,5.3660,4.0000,0.0000,1.5171,0.6000,0.0000
812,2014-03-23,5.9308,0.1388,105.9036,0.5032,5.9308,4.0000,0.0000,1.5171,0.6000,0.0000
813,2014-03-24,5.9433,0.1383,50.5928,0.5065,5.9433,4.0000,0.0000,1.5171,0.6000,0.0000
814,2014-03-25,5.5929,0.1621,40.3938,0.5097,5.5929,4.0000,0.0000,1.5171,0.6000,0.0000
815,2014-03-26,5.4916,0.1495,53.6440,0.5130,5.4916,4.0000,0.0000,1.5171,0.6000,0.0000
816,2014-03-27,5.8915,0.1234,139.2809,0.5162,5.8915,4.0000,0.0000,1.5171,0.6000,0.0000
817,2014-03-28,6.5334,0.1097,186.4690,0.5194,6.5334,4.0000,0.0000,1.5171,0.6000,0.0000
818,2014-03-29,6.8640,0.1036,189.1317,0.5227,6.8640,4.0000,0.0000,1.5171,0.6000,0.0000
819,2014-03-30,7.1895,0.1011,190.7217,0.5259,7.1895,4.0000,0.0000,1.5171,0.6000,0.0000
820,2014-03-31,7.1127,0.1006,114.3083,0.5291,7.1127,4.0000,0.0000,1.5171,0.6000,0.0000
821,2014-04-01,6.7078,0.1004,186.6097,0.5323,6.7078,4.0000,0.0000,1.5171,0.6000,0.0000
822,2014-04-02,6.4725,0.1002,119.2510,0.5356,6.4725,4.0000,0.0000,1.5171,0.6000,0.0000
823,2014-04-03,6.3536,0.1001,117.7400,0.5388,6.3536,4.0000,0.0000,1.5171,0.6000,0.0000
824,2014-04-04,6.1583,0.1002,208.4369,0.5420,6.1583,4.0000,0.0000,1.5171,0.6000,0.0000
825,2014-04-05,6.3996,0.1001,215.1024,0.5452,6.3996,4.0000,0.0000,1.5171,0.6000,0.0000
826,2014-04-06,6.9972,0.1001,174.0898,0.5484,6.9972,4.0000,0.0000,1.5171,0.6000,0.0000
827,2014-04-07,7.1817,0.0999,36.1108,0.5516,7.1817,4.0000,0.0000,1.5171,0.6000,0.0000
828,2014-04-08,7.2654,0.0995,84.0812,0.5548,7.2654,4.0000,0.0000,1.5171,0.6000,0.0000
829,2014-04-09,7.6555,0.0992,139.5841,0.5580,7.6555,4.0000,0.0000,1.5171,0.6000,0.0000
830,2014-04-10,7.5680,0.0993,82.5475,0.5612,7.5680,4.0000,0.0000,1.5171,0.6000,0.0000
831,2014-04-11,7.5019,0.0994,142.0337,0.5643,7.5019,4.0000,0.0000,1.5171,0.6000,0.0000
832,2014-04-12,7.8776,0.0995,134.4527,0.5675,7.8776,4.0000,0.0000,1.5171,0.6000,0.0000
833,2014-04-13,7.9558,0.0995,70.0413,0.5707,7.9558,4.0000,0.0000,1.5171,0.6000,0.0000
834,2014-04-14,7.7495,0.0994,128.6025,0.5738,7.7495,4.0000,0.0000,1.5171,0.6000,0.0000
835,2014-04-15,8.1493,0.2053,181.5494,0.5770,8.1493,4.0000,0.0000,1.5171,0.6000,0.0000
836,2014-04-16,7.4288,2.5107,230.7060,0.5801,7.4288,4.0000,0.0000,1.5171,0.6000,0.0000
837,2014-04-17,8.3739,1.0292,211.7767,0.5832,8.3739,4.0000,0.0000,1.5171,0.6000,0.0000
838,2014-04-18,8.9707,0.1842,164.7619,0.5863,8.9707,4.0000,0.0000,1.5171,0.6000,0.0000
839,2014-04-19,9.8768,0.1864,228.8786,0.5894,9.8768,4.0000,0.0000,1.5171,0.6000,0.0000
840,2014-04-20,10.8702,0.1571,227.0243,0.5925,10.8702,4.0000,0.0000,1.5171,0.6000,0.0000
841,2014-04-21,11.8781,0.1352,241.1848,0.5956,11.8781,4.0000,0.0000,1.5171,0.6000,0.0000
842,2014-04-22,12.7759,0.1182,229.3019,0.5987,12.7759,4.0000,0.0000,1.5171,0.6000,0.0000
843,2014-04-23,13.5097,0.1180,256.5435,0.6017,13.5097,4.0000,0.0000,1.5171,0.6000,0.0000
844,2014-04-24,13.3211,0.1141,266.2037,0.6048,13.3211,4.0000,0.0000,1.5171,0.6000,0.0000
845,2014-04-25,13.1409,0.1033,266.8515,0.6078,13.1409,4.0000,0.0000,1.5171,0.6000,0.0000
846,2014-04-26,13.5870,0.1013,267.8010,0.6108,13.5870,4.0000,0.0000,1.5171,0.6000,0.0000
847,2014-04-27,14.3094,0.1007,257.9027,0.6138,14.3094,4.0000,0.0000,1.5171,0.6000,0.0000
848,2014-04-28,15.0054,0.1006,269.8202,0.6168,15.0054,4.0000,0.0000,1.5171,0.6000,0.0000
849,2014-04-29,15.2816,0.1006,275.9649,0.6197,15.2816,4.0000,0.0000,1.5171,0.6000,0.0000
850,2014-04-30,15.3517,0.1005,261.4748,0.6226,15.3517,4.0000,0.0000,1.5171,0.6000,0.0000
851,2014-05-01,14.7373,0.1007,181.2438,0.6256,14.7373,4.0000,0.0000,1.5171,0.6000,0.0000
852,2014-05-02,13.0796,0.1049,272.4582,0.6284,13.0796,4.0000,0.0000,1.5171,0.6000,0.0000
853,2014-05-03,12.9246,0.1036,276.4396,0.6313,12.9246,4.0000,0.0000,1.5171,0.6000,0.0000
854,2014-05-04,12.5139,0.1017,229.5454,0.6342,12.5139,4.0000,0.0000,1.5171,0.6000,0.0000
855,2014-05-05,11.4592,0.1065,264.8379,0.6370,11.4592,4.0000,0.0000,1.5171,0.6000,0.0000
856,2014-05-06,11.6098,0.1061,268.8934,0.6398,11.6098,4.0000,0.0000,1.5171,0.6000,0.0000
857,2014-05-07,11.9613,0.1016,113.6854,0.6425,11.9613,4.0000,0.0000,1.5171,0.6000,0.0000
858,2014-05-08,12.5881,0.1009,208.0874,0.6453,12.5881,4.0000,0.0000,1.5171,0.6000,0.0000
859,2014-05-09,12.8033,0.1004,71.1701,0.6480,12.8033,4.0000,0.0000,1.5171,0.6000,0.0000
860,2014-05-10,13.0918,0.1003,200.6426,0.6506,13.0918,4.0000,0.0000,1.5171,0.6000,0.0000
861,2014-05-11,13.0467,0.1001,118.9739,0.6533,13.0467,4.0000,0.0000,1.5171,0.6000,0.0000
862,2014-05-12,13.4726,0.1001,207.5146,0.6559,13.4726,4.0000,0.0000,1.5171,0.6000,0.0000
863,2014-05-13,13.9574,0.1001,185.2430,0.6585,13.9574,4.0000,0.0000,1.5171,0.6000,0.0000
864,2014-05-14,13.7985,0.1002,203.8745,0.6610,13.7985,4.0000,0.0000,1.5171,0.6000,0.0000
865,2014-05-15,14.2517,0.1322,299.8435,0.6635,14.2517,4.0000,0.0000,1.5171,0.6000,0.0000
866,2014-05-16,14.4555,0.2807,285.7854,0.6660,14.4555,4.0000,0.0000,1.5171,0.6000,0.0000
867,2014-05-17,15.4223,0.1525,268.2343,0.6684,15.4223,4.0000,0.0000,1.5171,0.6000,0.0000
868,2014-05-18,16.1762,0.1136,183.7031,0.6708,16.1762,4.0000,0.0000,1.5171,0.6000,0.0000
869,2014-05-19,16.9801,0.1026,226.9550,0.6731,16.9801,4.0000,0.0000,1.5171,0.6000,0.0000
870,2014-05-20,17.5261,0.1007,170.3788,0.6754,17.5261,4.0000,0.0000,1.5171,0.6000,0.0000
871,2014-05-21,18.3047,0.1003,261.7988,0.6777,18.3047,4.0000,0.0000,1.5171,0.6000,0.0000
872,2014-05-22,19.3687,0.1002,296.1980,0.6798,19.3687,4.0000,0.0000,1.5171,0.6000,0.0000
873,2014-05-23,20.1990,0.1003,306.5775,0.6820,20.1990,4.0000,0.0000,1.5171,0.6000,0.0000
874,2014-05-24,20.7853,0.1004,289.8120,0.6841,20.7853,4.0000,0.0000,1.5171,0.6000,0.0000
875,2014-05-25,21.3083,0.1007,283.8133,0.6861,21.3083,4.0000,0.0000,1.5171,0.6000,0.0000
876,2014-05-26,21.5156,0.1044,309.7578,0.6881,21.5156,4.0000,0.0000,1.5171,0.6000,0.0000
877,2014-05-27,20.1692,0.9260,300.2056,0.6900,20.1692,4.0000,0.0000,1.5171,0.6000,0.0000
878,2014-05-28,16.7561,3.4455,211.3536,0.6919,16.7561,4.0000,0.0000,1.5171,0.6000,0.0000
879,2014-05-29,15.4332,4.0125,176.0116,0.6937,15.4332,4.0000,0.0000,1.5171,0.6000,0.0000
880,2014-05-30,16.1187,2.1258,215.3020,0.6955,16.1187,4.0000,0.0000,1.5171,0.6000,0.0000
881,2014-05-31,17.0894,0.5425,280.3134,0.6971,17.0894,4.0000,0.0000,1.5171,0.6000,0.0000
882,2014-06-01,17.2439,0.4101,236.1948,0.6988,17.2439,4.0000,0.0000,1.5171,0.6000,0.0000
883,2014-06-02,16.6886,0.5976,91.3912,0.7003,16.6886,4.0000,0.0000,1.5171,0.6000,0.0000
884,2014-06-03,16.7947,0.3879,110.1263,0.7018,16.7947,4.0000,0.0000,1.5171,0.6000,0.0000
885,2014-06-04,17.1304,0.2033,116.5048,0.7032,17.1304,4.0000,0.0000,1.5171,0.6000,0.0000
886,2014-06-05,17.8749,0.1496,262.5673,0.7046,17.8749,4.0000,0.0000,1.5171,0.6000,0.0000
887,2014-06-06,18.6062,0.1315,192.2360,0.7058,18.6062,4.0000,0.0000,1.5171,0.6000,0.0000
888,2014-06-07,18.9823,0.1186,306.6498,0.7070,18.9823,4.0000,0.0000,1.5171,0.6000,0.0000
889,2014-06-08,19.7331,0.1111,322.8675,0.7082,19.7331,4.0000,0.0000,1.5171,0.6000,0.0000
890,2014-06-09,20.1119,0.1099,211.1015,0.7092,20.1119,4.0000,0.0000,1.5171,0.6000,0.0000
891,2014-06-10,20.8001,0.1125,319.2496,0.7102,20.8001,4.0000,0.0000,1.5171,0.6000,0.0000
892,2014-06-11,21.0781,0.1190,261.9808,0.7111,21.0781,4.0000,0.0000,1.5171,0.6000,0.0000
893,2014-06-12,20.8264,0.1143,207.7159,0.7119,20.8264,4.0000,0.0000,1.5171,0.6000,0.0000
894,2014-06-13,19.7535,0.1288,215.3122,0.7126,19.7535,4.0000,0.0000,1.5171,0.6000,0.0000
895,2014-06-14,17.2672,1.4957,140.9708,0.7133,17.2672,4.0000,0.0000,1.5171,0.6000,0.0000
896,2014-06-15,15.6517,3.0038,253.5532,0.7138,15.6517,4.0000,0.0000,1.5171,0.6000,0.0000
897,2014-06-16,17.2508,0.9350,244.7473,0.7143,17.2508,4.0000,0.0000,1.5171,0.6000,0.0000
898,2014-06-17,17.2056,0.5308,248.4990,0.7147,17.2056,4.0000,0.0000,1.5171,0.6000,0.0000
899,2014-06-18,17.1211,0.4163,270.5059,0.7150,17.1211,4.0000,0.0000,1.5171,0.6000,0.0000
900,2014-06-19,17.6603,0.2763,211.8147,0.7153,17.6603,4.0000,0.0000,1.5171,0.6000,0.0000
901,2014-06-20,17.2200,0.2509,222.4013,0.7154,17.2200,4.0000,0.0000,1.5171,0.6000,0.0000
902,2014-06-21,17.0954,0.2636,239.3539,0.7155,17.0954,4.0000,0.0000,1.5171,0.6000,0.0000
903,2014-06-22,17.0941,0.2566,258.3677,0.7155,17.0941,4.0000,0.0000,1.5171,0.6000,0.0000
904,2014-06-23,17.0168,0.2853,286.8907,0.7154,17.0168,4.0000,0.0000,1.5171,0.6000,0.0000
905,2014-06-24,16.5572,0.5702,252.1926,0.7152,16.5572,4.0000,0.0000,1.5171,0.6000,0.0000
906,2014-06-25,16.4648,0.7758,204.7062,0.7149,16.4648,4.0000,0.0000,1.5171,0.6000,0.0000
907,2014-06-26,16.5022,0.7206,286.4964,0.7145,16.5022,4.0000,0.0000,1.5171,0.6000,0.0000
908,2014-06-27,16.9241,0.4867,288.9031,0.7141,16.9241,4.0000,0.0000,1.5171,0.6000,0.0000
909,2014-06-28,17.5998,0.2476,278.8723,0.7136,17.5998,4.0000,0.0000,1.5171,0.6000,0.0000
910,2014-06-29,18.0795,0.1644,139.4752,0.7130,18.0795,4.0000,0.0000,1.5171,0.6000,0.0000
911,2014-06-30,18.4019,0.1692,151.9074,0.7123,18.4019,4.0000,0.0000,1.5171,0.6000,0.0000
912,2014-07-01,18.8697,0.1852,247.7030,0.7115,18.8697,4.0000,0.0000,1.5171,0.6000,0.0000
913,2014-07-02,18.9270,0.1732,255.2172,0.7106,18.9270,4.0000,0.0000,1.5171,0.6000,0.0000
914,2014-07-03,18.6945,0.1514,225.0952,0.7097,18.6945,4.0000,0.0000,1.5171,0.6000,0.0000
915,2014-07-04,18.9123,0.1394,198.1566,0.7087,18.9123,4.0000,0.0000,1.5171,0.6000,0.0000
916,2014-07-05,19.9767,0.1340,288.6854,0.7076,19.9767,4.0000,0.0000,1.5171,0.6000,0.0000
917,2014-07-06,21.4293,0.1317,284.2962,0.7065,21.4293,4.0000,0.0000,1.5171,0.6000,0.0000
918,2014-07-07,22.7033,0.1282,281.7077,0.7052,22.7033,4.0000,0.0000,1.5171,0.6000,0.0000
919,2014-07-08,23.6251,0.1235,292.8122,0.7039,23.6251,4.0000,0.0000,1.5171,0.6000,0.0000
920,2014-07-09,23.9744,0.1198,296.7651,0.7025,23.9744,4.0000,0.0000,1.5171,0.6000,0.0000
921,2014-07-10,24.0196,0.1227,270.0100,0.7011,24.0196,4.0000,0.0000,1.5171,0.6000,0.0000
922,2014-07-11,22.6961,0.1257,189.1758,0.6996,22.6961,4.0000,0.0000,1.5171,0.6000,0.0000
923,2014-07-12,20.7580,0.1206,63.3297,0.6980,20.7580,4.0000,0.0000,1.5171,0.6000,0.0000
924,2014-07-13,20.4585,0.1129,120.4411,0.6963,20.4585,4.0000,0.0000,1.5171,0.6000,0.0000
925,2014-07-14,20.6691,0.1090,206.8430,0.6946,20.6691,4.0000,0.0000,1.5171,0.6000,0.0000
926,2014-07-15,21.6412,0.1080,264.9022,0.6928,21.6412,4.0000,0.0000,1.5171,0.6000,0.0000
927,2014-07-16,22.2054,0.1077,258.2824,0.6910,22.2054,4.0000,0.0000,1.5171,0.6000,0.0000
928,2014-07-17,22.8706,0.1081,307.6441,0.6891,22.8706,4.0000,0.0000,1.5171,0.6000,0.0000
929,2014-07-18,22.9961,0.1088,262.4350,0.6871,22.9961,4.0000,0.0000,1.5171,0.6000,0.0000
930,2014-07-19,23.3461,0.1090,297.2100,0.6851,23.3461,4.0000,0.0000,1.5171,0.6000,0.0000
931,2014-07-20,23.8202,0.1091,288.2955,0.6830,23.8202,4.0000,0.0000,1.5171,0.6000,0.0000
932,2014-07-21,23.8568,0.1095,226.2659,0.6809,23.8568,4.0000,0.0000,1.5171,0.6000,0.0000
933,2014-07-22,23.9033,0.1095,270.9685,0.6788,23.9033,4.0000,0.0000,1.5171,0.6000,0.0000
934,2014-07-23,23.6431,0.1097,269.9603,0.6765,23.6431,4.0000,0.0000,1.5171,0.6000,0.0000
935,2014-07-24,23.8114,0.1085,280.9207,0.6743,23.8114,4.0000,0.0000,1.5171,0.6000,0.0000
936,2014-07-25,24.4304,0.1078,260.8476,0.6720,24.4304,4.0000,0.0000,1.5171,0.6000,0.0000
937,2014-07-26,24.8963,0.1071,253.8034,0.6696,24.8963,4.0000,0.0000,1.5171,0.6000,0.0000
938,2014-07-27,25.2340,0.1065,249.9635,0.6672,25.2340,4.0000,0.0000,1.5171,0.6000,0.0000
939,2014-07-28,25.5509,0.1059,261.9885,0.6648,25.5509,4.0000,0.0000,1.5171,0.6000,0.0000
940,2014-07-29,26.3827,0.1058,261.4637,0.6623,26.3827,4.0000,0.0000,1.5171,0.6000,0.0000
941,2014-07-30,26.5010,0.1057,265.4455,0.6598,26.5010,4.0000,0.0000,1.5171,0.6000,0.0000
942,2014-07-31,25.7930,0.1056,159.7781,0.6572,25.7930,4.0000,0.0000,1.5171,0.6000,0.0000
943,2014-08-01,25.0011,0.1061,210.1496,0.6546,25.0011,4.0000,0.0000,1.5171,0.6000,0.0000
944,2014-08-02,25.0402,0.1061,210.3223,0.6520,25.0402,4.0000,0.0000,1.5171,0.6000,0.0000
945,2014-08-03,25.4577,0.1058,265.2548,0.6493,25.4577,4.0000,0.0000,1.5171,0.6000,0.0000
946,2014-08-04,25.6281,0.1056,255.8550,0.6466,25.6281,4.0000,0.0000,1.5171,0.6000,0.0000
947,2014-08-05,25.8358,0.1058,179.6413,0.6439,25.8358,4.0000,0.0000,1.5171,0.6000,0.0000
948,2014-08-06,25.9630,0.1061,147.3720,0.6412,25.9630,4.0000,0.0000,1.5171,0.6000,0.0000
949,2014-08-07,25.5037,0.1059,215.6925,0.6384,25.5037,4.0000,0.0000,1.5171,0.6000,0.0000
950,2014-08-08,24.9123,0.1062,172.5556,0.6356,24.9123,4.0000,0.0000,1.5171,0.6000,0.0000
951,2014-08-09,24.3717,0.1076,205.1965,0.6327,24.3717,4.0000,0.0000,1.5171,0.6000,0.0000
952,2014-08-10,24.3618,0.1061,179.0514,0.6299,24.3618,4.0000,0.0000,1.5171,0.6000,0.0000
953,2014-08-11,24.3636,0.1053,162.9502,0.6270,24.3636,4.0000,0.0000,1.5171,0.6000,0.0000
954,2014-08-12,23.5602,0.1052,216.9695,0.6241,23.5602,4.0000,0.0000,1.5171,0.6000,0.0000
955,2014-08-13,22.6394,0.1051,228.1903,0.6212,22.6394,4.0000,0.0000,1.5171,0.6000,0.0000
956,2014-08-14,21.6515,0.1050,109.0223,0.6182,21.6515,4.0000,0.0000,1.5171,0.6000,0.0000
957,2014-08-15,20.7769,0.1091,166.7243,0.6153,20.7769,4.0000,0.0000,1.5171,0.6000,0.0000
958,2014-08-16,20.3871,0.1893,155.2606,0.6123,20.3871,4.0000,0.0000,1.5171,0.6000,0.0000
959,2014-08-17,19.5338,0.5068,173.4588,0.6093,19.5338,4.0000,0.0000,1.5171,0.6000,0.0000
960,2014-08-18,19.2176,0.1793,150.7062,0.6063,19.2176,4.0000,0.0000,1.5171,0.6000,0.0000
961,2014-08-19,18.4580,0.1202,160.0468,0.6033,18.4580,4.0000,0.0000,1.5171,0.6000,0.0000
962,2014-08-20,17.7408,0.1112,175.8185,0.6002,17.7408,4.0000,0.0000,1.5171,0.6000,0.0000
963,2014-08-21,16.8635,0.1266,139.0915,0.5972,16.8635,4.0000,0.0000,1.5171,0.6000,0.0000
964,2014-08-22,16.6979,0.5274,181.1449,0.5941,16.6979,4.0000,0.0000,1.5171,0.6000,0.0000
965,2014-08-23,17.2416,0.8499,188.6145,0.5910,17.2416,4.0000,0.0000,1.5171,0.6000,0.0000
966,2014-08-24,17.8324,2.3587,143.9524,0.5879,17.8324,4.0000,0.0000,1.5171,0.6000,0.0000
967,2014-08-25,17.7801,5.0925,174.6089,0.5848,17.7801,4.0000,0.0000,1.5171,0.6000,0.0000
968,2014-08-26,17.0352,5.2113,173.2666,0.5817,17.0352,4.0000,0.0000,1.5171,0.6000,0.0000
969,2014-08-27,16.8026,5.9288,147.2973,0.5785,16.8026,4.0000,0.0000,1.5171,0.6000,0.0000
970,2014-08-28,17.0367,6.5147,189.2164,0.5754,17.0367,4.0000,0.0000,1.5171,0.6000,0.0000
971,2014-08-29,17.1470,5.8756,200.2851,0.5723,17.1470,4.0000,0.0000,1.5171,0.6000,0.0000
972,2014-08-30,17.1176,4.7149,93.9409,0.5691,17.1176,4.0000,0.0000,1.5171,0.6000,0.0000
973,2014-08-31,17.1419,3.7176,156.0396,0.5659,17.1419,4.0000,0.0000,1.5171,0.6000,0.0000
974,2014-09-01,16.8755,2.8914,157.1383,0.5628,16.8755,4.0000,0.0000,1.5171,0.6000,0.0000
975,2014-09-02,16.8487,2.3646,156.1731,0.5596,16.8487,4.0000,0.0000,1.5171,0.6000,0.0000
976,2014-09-03,16.7158,1.6752,133.6684,0.5564,16.7158,4.0000,0.0000,1.5171,0.6000,0.0000
977,2014-09-04,16.6495,1.2266,163.2951,0.5532,16.6495,4.0000,0.0000,1.5171,0.6000,0.0000
978,2014-09-05,16.7966,0.9288,204.7865,0.5500,16.7966,4.0000,0.0000,1.5171,0.6000,0.0000
979,2014-09-06,17.1687,0.8281,194.7912,0.5468,17.1687,4.0000,0.0000,1.5171,0.6000,0.0000
980,2014-09-07,17.5970,0.8143,185.5474,0.5436,17.5970,4.0000,0.0000,1.5171,0.6000,0.0000
981,2014-09-08,17.8337,0.6884,150.4982,0.5404,17.8337,4.0000,0.0000,1.5171,0.6000,0.0000
982,2014-09-09,18.3075,0.6607,131.0268,0.5372,18.3075,4.0000,0.0000,1.5171,0.6000,0.0000
983,2014-09-10,18.1566,0.5774,126.6757,0.5339,18.1566,4.0000,0.0000,1.5171,0.6000,0.0000
984,2014-09-11,18.2514,0.6452,168.5205,0.5307,18.2514,4.0000,0.0000,1.5171,0.6000,0.0000
985,2014-09-12,18.4865,0.5838,69.6974,0.5275,18.4865,4.0000,0.0000,1.5171,0.6000,0.0000
986,2014-09-13,18.7959,0.5631,156.2292,0.5243,18.7959,4.0000,0.0000,1.5171,0.6000,0.0000
987,2014-09-14,18.8736,0.4622,159.4723,0.5210,18.8736,4.0000,0.0000,1.5171,0.6000,0.0000
988,2014-09-15,18.0876,0.3651,179.6350,0.5178,18.0876,4.0000,0.0000,1.5171,0.6000,0.0000
989,2014-09-16,17.2275,0.3074,133.3947,0.5146,17.2275,4.0000,0.0000,1.5171,0.6000,0.0000
990,2014-09-17,16.8096,0.2774,169.9819,0.5113,16.8096,4.0000,0.0000,1.5171,0.6000,0.0000
991,2014-09-18,16.8248,0.2583,169.2757,0.5081,16.8248,4.0000,0.0000,1.5171,0.6000,0.0000
992,2014-09-19,16.6446,0.2396,133.4900,0.5049,16.6446,4.0000,0.0000,1.5171,0.6000,0.0000
993,2014-09-20,16.5286,0.2355,157.3561,0.5016,16.5286,4.0000,0.0000,1.5171,0.6000,0.0000
994,2014-09-21,16.5711,0.2321,138.5882,0.4984,16.5711,4.0000,0.0000,1.5171,0.6000,0.0000
995,2014-09-22,16.6428,0.2401,94.3257,0.4951,16.6428,4.0000,0.0000,1.5171,0.6000,0.0000
996,2014-09-23,15.1093,2.6407,127.6681,0.4919,15.1093,4.0000,0.0000,1.5171,0.6000,0.0000
997,2014-09-24,13.6194,3.3533,93.0158,0.4887,13.6194,4.0000,0.0000,1.5171,0.6000,0.0000
998,2014-09-25,13.4280,0.7503,82.6536,0.4854,13.4280,4.0000,0.0000,1.5171,0.6000,0.0000
999,2014-09-26,13.2968,0.4880,103.5265,0.4822,13.2968,4.0000,0.0000,1.5171,0.6000,0.0000
1000,2014-09-27,13.4556,0.4623,110.6667,0.4790,13.4556,4.0000,0.0000,1.5171,0.6000,0.0000
1001,2014-09-28,13.4965,0.5928,88.2325,0.4757,13.4965,4.0000,0.0000,1.5171,0.6000,0.0000
1002,2014-09-29,13.9716,0.5012,94.3111,0.4725,13.9716,4.0000,0.0000,1.5171,0.6000,0.0000
1003,2014-09-30,14.2844,0.5877,93.7460,0.4693,14.2844,4.0000,0.0000,1.5171,0.6000,0.0000
1004,2014-10-01,13.8694,0.6523,120.6979,0.4661,13.8694,4.0000,0.0000,1.5171,0.6000,0.0000
1005,2014-10-02,13.2267,0.4254,130.2851,0.4628,13.2267,4.0000,0.0000,1.5171,0.6000,0.0000
1006,2014-10-03,13.1337,0.3381,107.9035,0.4596,13.1337,4.0000,0.0000,1.5171,0.6000,0.0000
1007,2014-10-04,13.0846,0.3067,103.7735,0.4564,13.0846,4.0000,0.0000,1.5171,0.6000,0.0000
1008,2014-10-05,12.9840,0.2791,103.8057,0.4532,12.9840,4.0000,0.0000,1.5171,0.6000,0.0000
1009,2014-10-06,11.9142,0.2361,93.1748,0.4500,11.9142,4.0000,0.0000,1.5171,0.6000,0.0000
1010,2014-10-07,11.2583,0.1667,91.6259,0.4468,11.2583,4.0000,0.0000,1.5171,0.6000,0.0000
1011,2014-10-08,11.4367,0.1451,50.2517,0.4436,11.4367,4.0000,0.0000,1.5171,0.6000,0.0000
1012,2014-10-09,11.8259,0.1441,32.4748,0.4404,11.8259,4.0000,0.0000,1.5171,0.6000,0.0000
1013,2014-10-10,12.2214,0.1489,45.3384,0.4372,12.2214,4.0000,0.0000,1.5171,0.6000,0.0000
1014,2014-10-11,12.3755,0.1573,30.5065,0.4341,12.3755,4.0000,0.0000,1.5171,0.6000,0.0000
1015,2014-10-12,12.4172,0.2641,38.8155,0.4309,12.4172,4.0000,0.0000,1.5171,0.6000,0.0000
1016,2014-10-13,12.5126,0.3570,47.3879,0.4277,12.5126,4.0000,0.0000,1.5171,0.6000,0.0000
1017,2014-10-14,12.4457,0.3060,25.1917,0.4246,12.4457,4.0000,0.0000,1.5171,0.6000,0.0000
1018,2014-10-15,12.2940,1.2745,29.9186,0.4215,12.2940,4.0000,0.0000,1.5171,0.6000,0.0000
1019,2014-10-16,12.0671,0.9849,46.5327,0.4183,12.0671,4.0000,0.0000,1.5171,0.6000,0.0000
1020,2014-10-17,11.3520,0.4884,36.9747,0.4152,11.3520,4.0000,0.0000,1.5171,0.6000,0.0000
1021,2014-10-18,10.2805,0.2847,79.6748,0.4121,10.2805,4.0000,0.0000,1.5171,0.6000,0.0000
1022,2014-10-19,10.2143,0.1545,33.4445,0.4090,10.2143,4.0000,0.0000,1.5171,0.6000,0.0000
1023,2014-10-20,10.9832,0.1552,38.6481,0.4059,10.9832,4.0000,0.0000,1.5171,0.6000,0.0000
1024,2014-10-21,10.9471,0.2876,40.7770,0.4028,10.9471,4.0000,0.0000,1.5171,0.6000,0.0000
1025,2014-10-22,10.0570,0.1895,27.7858,0.3998,10.0570,4.0000,0.0000,1.5171,0.6000,0.0000
1026,2014-10-23,7.7572,0.1456,36.3523,0.3967,7.7572,4.0000,0.0000,1.5171,0.6000,0.0000
1027,2014-10-24,6.0122,0.1232,86.0290,0.3937,6.0122,4.0000,0.0000,1.5171,0.6000,0.0000
1028,2014-10-25,5.0474,0.1195,71.4295,0.3907,5.0474,4.0000,0.0000,1.5171,0.6000,0.0000
1029,2014-10-26,4.9552,0.1195,26.0527,0.3877,4.9552,4.0000,0.0000,1.5171,0.6000,0.0000
1030,2014-10-27,5.8796,0.1208,45.8821,0.3847,5.8796,4.0000,0.0000,1.5171,0.6000,0.0000
1031,2014-10-28,6.7433,0.1221,74.7793,0.3818,6.7433,4.0000,0.0000,1.5171,0.6000,0.0000
1032,2014-10-29,6.3903,0.1215,77.6480,0.3788,6.3903,4.0000,0.0000,1.5171,0.6000,0.0000
1033,2014-10-30,6.3278,0.2992,36.1708,0.3759,6.3278,4.0000,0.0000,1.5171,0.6000,0.0000
1034,2014-10-31,7.7567,3.0586,53.1081,0.3730,7.7567,4.0000,0.0000,1.5171,0.6000,0.0000
1035,2014-11-01,8.4016,4.6547,25.9275,0.3701,8.4016,4.0000,0.0000,1.5171,0.6000,0.0000
1036,2014-11-02,7.0924,2.0413,53.8087,0.3673,7.0924,4.0000,0.0000,1.5171,0.6000,0.0000
1037,2014-11-03,6.6636,0.6056,44.6675,0.3644,6.6636,4.0000,0.0000,1.5171,0.6000,0.0000
1038,2014-11-04,6.9822,0.3153,59.1661,0.3616,6.9822,4.0000,0.0000,1.5171,0.6000,0.0000
1039,2014-11-05,7.3579,0.4016,54.5004,0.3588,7.3579,4.0000,0.0000,1.5171,0.6000,0.0000
1040,2014-11-06,8.1027,2.2411,33.1251,0.3561,8.1027,4.0000,0.0000,1.5171,0.6000,0.0000
1041,2014-11-07,8.6421,4.0766,8.4195,0.3534,8.6421,4.0000,0.0000,1.5171,0.6000,0.0000
1042,2014-11-08,8.2260,3.6990,33.1955,0.3507,8.2260,4.0000,0.0000,1.5171,0.6000,0.0000
1043,2014-11-09,7.6053,1.7596,32.2301,0.3480,7.6053,4.0000,0.0000,1.5171,0.6000,0.0000
1044,2014-11-10,7.2840,0.6966,13.8825,0.3454,7.2840,4.0000,0.0000,1.5171,0.6000,0.0000
1045,2014-11-11,7.4738,0.4254,21.9872,0.3428,7.4738,4.0000,0.0000,1.5171,0.6000,0.0000
1046,2014-11-12,7.5880,0.4112,26.4660,0.3402,7.5880,4.0000,0.0000,1.5171,0.6000,0.0000
1047,2014-11-13,6.9996,0.3216,18.5830,0.3377,6.9996,4.0000,0.0000,1.5171,0.6000,0.0000
1048,2014-11-14,6.5459,0.2769,11.4802,0.3352,6.5459,4.0000,0.0000,1.5171,0.6000,0.0000
1049,2014-11-15,6.1168,0.1855,15.5900,0.3328,6.1168,4.0000,0.0000,1.5171,0.6000,0.0000
1050,2014-11-16,5.5320,0.1388,15.2899,0.3304,5.5320,4.0000,0.0000,1.5171,0.6000,0.0000
1051,2014-11-17,5.2060,0.1260,16.0087,0.3280,5.2060,4.0000,0.0000,1.5171,0.6000,0.0000
1052,2014-11-18,4.6359,0.1220,28.8841,0.3257,4.6359,4.0000,0.0000,1.5171,0.6000,0.0000
1053,2014-11-19,3.2585,0.1228,16.6163,0.3235,3.2585,4.0000,0.0000,1.5171,0.6000,0.0000
1054,2014-11-20,2.4524,0.1264,17.4712,0.3212,2.4524,4.0000,0.0000,1.5171,0.6000,0.0000
1055,2014-11-21,2.1654,0.1261,15.1746,0.3191,2.1654,4.0000,0.0000,1.5171,0.6000,0.0000
1056,2014-11-22,2.2890,0.1239,21.4095,0.3170,2.2890,4.0000,0.0000,1.5171,0.6000,0.0000
1057,2014-11-23,2.3591,0.1218,18.8152,0.3149,2.3591,4.0000,0.0000,1.5171,0.6000,0.0000
1058,2014-11-24,2.4840,0.1162,27.2538,0.3129,2.4840,4.0000,0.0000,1.5171,0.6000,0.0000
1059,2014-11-25,2.3424,0.1138,10.4812,0.3109,2.3424,4.0000,0.0000,1.5171,0.6000,0.0000
1060,2014-11-26,2.3260,0.1147,8.3939,0.3090,2.3260,4.0000,0.0000,1.5171,0.6000,0.0000
1061,2014-11-27,1.9208,0.1145,17.4868,0.3072,1.9208,4.0000,0.0000,1.5171,0.6000,0.0000
1062,2014-11-28,0.7163,0.1128,24.5669,0.3054,0.7163,4.0000,0.0000,1.5171,0.6000,0.0000
1063,2014-11-29,0.0147,0.1118,34.1388,0.3037,0.0147,4.0000,0.0000,1.5171,0.6000,0.0000
1064,2014-11-30,-0.0064,0.1117,28.4955,0.3020,-0.0064,4.0000,0.0000,1.5171,0.6000,0.0000
1065,2014-12-01,-0.0021,0.1112,23.1417,0.3004,-0.0021,4.0000,0.0000,1.5171,0.6000,0.0000
1066,2014-12-02,0.0367,0.1112,31.5936,0.2989,0.0367,4.0000,0.0000,1.5171,0.6000,0.0000
1067,2014-12-03,0.1060,0.1115,24.6624,0.2975,0.1060,4.0000,0.0000,1.5171,0.6000,0.0000
1068,2014-12-04,0.1488,0.1117,12.7839,0.2961,0.1488,4.0000,0.0000,1.5171,0.6000,0.0000
1069,2014-12-05,0.1677,0.1118,10.5789,0.2948,0.1677,4.0000,0.0000,1.5171,0.6000,0.0000
1070,2014-12-06,0.1787,0.1117,9.0500,0.2935,0.1787,4.0000,0.0000,1.5171,0.6000,0.0000
1071,2014-12-07,0.1972,0.1118,16.8773,0.2924,0.1972,4.0000,0.0000,1.5171,0.6000,0.0000
1072,2014-12-08,0.1864,0.1114,7.4581,0.2913,0.1864,4.0000,0.0000,1.5171,0.6000,0.0000
1073,2014-12-09,0.1914,0.1116,20.4125,0.2903,0.1914,4.0000,0.0000,1.5171,0.6000,0.0000
1074,2014-12-10,0.2188,0.1115,13.3526,0.2894,0.2188,4.0000,0.0000,1.5171,0.6000,0.0000
1075,2014-12-11,0.2323,0.1111,9.9580,0.2885,0.2323,4.0000,0.0000,1.5171,0.6000,0.0000
1076,2014-12-12,0.3325,0.1115,18.0060,0.2877,0.3325,4.0000,0.0000,1.5171,0.6000,0.0000
1077,2014-12-13,0.7408,0.1256,16.9547,0.2870,0.7408,4.0000,0.0000,1.5171,0.6000,0.0000
1078,2014-12-14,1.0423,0.4609,19.3622,0.2864,1.0423,4.0000,0.0000,1.5171,0.6000,0.0000
1079,2014-12-15,0.9765,0.6143,8.0054,0.2859,0.9765,4.0000,0.0000,1.5171,0.6000,0.0000
1080,2014-12-16,1.0128,0.4663,11.8293,0.2855,1.0128,4.0000,0.0000,1.5171,0.6000,0.0000
1081,2014-12-17,1.2020,0.3814,10.1022,0.2851,1.2020,4.0000,0.0000,1.5171,0.6000,0.0000
1082,2014-12-18,1.4474,0.9673,6.6481,0.2848,1.4474,4.0000,0.0000,1.5171,0.6000,0.0000
1083,2014-12-19,2.0615,1.3798,10.0155,0.2846,2.0615,4.0000,0.0000,1.5171,0.6000,0.0000
1084,2014-12-20,2.4822,1.5875,11.3398,0.2845,2.4822,4.0000,0.0000,1.5171,0.6000,0.0000
1085,2014-12-21,2.6076,3.1036,21.9891,0.2845,2.6076,4.0000,0.0000,1.5171,0.6000,0.0000
1086,2014-12-22,2.8358,4.3779,3.6973,0.2846,2.8358,4.0000,0.0000,1.5171,0.6000,0.0000
1087,2014-12-23,3.0989,5.0236,14.8767,0.2847,3.0989,4.0000,0.0000,1.5171,0.6000,0.0000
1088,2014-12-24,2.8427,4.5132,9.9012,0.2850,2.8427,4.0000,0.0000,1.5171,0.6000,0.0000
1089,2014-12-25,2.3630,4.4778,25.7422,0.2853,2.3630,4.0000,0.0000,1.5171,0.6000,0.0000
1090,2014-12-26,1.6571,2.9376,25.3817,0.2857,1.6571,4.0000,0.0000,1.5171,0.6000,0.0000
1091,2014-12-27,1.2726,1.5228,17.5179,0.2862,1.2726,4.0000,0.0000,1.5171,0.6000,0.0000
1092,2014-12-28,1.0319,1.1449,21.9578,0.2867,1.0319,4.0000,0.0000,1.5171,0.6000,0.0000
1093,2014-12-29,0.8964,1.0216,23.0209,0.2874,0.8964,4.0000,0.0000,1.5171,0.6000,0.0000
1094,2014-12-30,0.8341,0.6378,13.6382,0.2881,0.8341,4.0000,0.0000,1.5171,0.6000,0.0000
1095,2014-12-31,0.7719,0.4545,8.5880,0.2889,0.7719,4.0000,0.0000,1.5171,0.6000,0.0000
1096,2015-01-01,0.7268,0.4483,10.7420,0.2898,0.7268,4.0000,0.0000,1.5171,0.6000,0.0000
1097,2015-01-02,0.7064,0.4059,3.0308,0.2908,0.7064,4.0000,0.0000,1.5171,0.6000,0.0000
1098,2015-01-03,0.6718,0.5367,24.1323,0.2918,0.6718,4.0000,0.0000,1.5171,0.6000,0.0000
1099,2015-01-04,0.7135,1.1263,20.2102,0.2930,0.7135,4.0000,0.0000,1.5171,0.6000,0.0000
1100,2015-01-05,0.8155,2.4392,26.7318,0.2942,0.8155,4.0000,0.0000,1.5171,0.6000,0.0000
1101,2015-01-06,0.2196,0.9795,31.3470,0.2954,0.2196,4.0000,0.0000,1.5171,0.6000,0.0000
1102,2015-01-07,-0.0046,0.2945,14.6478,0.2968,-0.0046,4.0000,0.0000,1.5171,0.6000,0.0000
1103,2015-01-08,0.0084,0.2144,5.6517,0.2982,0.0084,4.0000,0.0000,1.5171,0.6000,0.0000
1104,2015-01-09,0.2121,0.2176,18.7910,0.2997,0.2121,4.0000,0.0000,1.5171,0.6000,0.0000
1105,2015-01-10,0.3050,0.2801,8.2286,0.3012,0.3050,4.0000,0.0000,1.5171,0.6000,0.0000
1106,2015-01-11,0.9800,2.2437,20.9038,0.3029,0.9800,4.0000,0.0000,1.5171,0.6000,0.0000
1107,2015-01-12,1.1527,4.0148,15.0053,0.3045,1.1527,4.0000,0.0000,1.5171,0.6000,0.0000
1108,2015-01-13,1.3385,2.0758,23.7917,0.3063,1.3385,4.0000,0.0000,1.5171,0.6000,0.0000
1109,2015-01-14,1.5058,1.1873,14.6123,0.3081,1.5058,4.0000,0.0000,1.5171,0.6000,0.0000
1110,2015-01-15,1.3823,0.8343,30.0152,0.3100,1.3823,4.0000,0.0000,1.5171,0.6000,0.0000
1111,2015-01-16,1.2856,0.6210,16.4708,0.3119,1.2856,4.0000,0.0000,1.5171,0.6000,0.0000
1112,2015-01-17,1.2250,0.5145,5.5252,0.3139,1.2250,4.0000,0.0000,1.5171,0.6000,0.0000
1113,2015-01-18,1.1843,0.4243,32.6562,0.3159,1.1843,4.0000,0.0000,1.5171,0.6000,0.0000
1114,2015-01-19,0.9779,0.3788,22.4715,0.3180,0.9779,4.0000,0.0000,1.5171,0.6000,0.0000
1115,2015-01-20,0.6926,0.3691,24.4421,0.3202,0.6926,4.0000,0.0000,1.5171,0.6000,0.0000
1116,2015-01-21,0.4560,0.3335,15.8865,0.3223,0.4560,4.0000,0.0000,1.5171,0.6000,0.0000
1117,2015-01-22,0.4164,0.2879,20.6127,0.3246,0.4164,4.0000,0.0000,1.5171,0.6000,0.0000
1118,2015-01-23,0.3939,0.2479,20.3925,0.3269,0.3939,4.0000,0.0000,1.5171,0.6000,0.0000
1119,2015-01-24,0.2678,0.2078,31.6031,0.3292,0.2678,4.0000,0.0000,1.5171,0.6000,0.0000
1120,2015-01-25,0.1125,0.1654,19.4254,0.3316,0.1125,4.0000,0.0000,1.5171,0.6000,0.0000
1121,2015-01-26,0.0569,0.1531,27.3006,0.3340,0.0569,4.0000,0.0000,1.5171,0.6000,0.0000
1122,2015-01-27,0.0306,0.1422,31.0872,0.3365,0.0306,4.0000,0.0000,1.5171,0.6000,0.0000
1123,2015-01-28,0.0420,0.1423,19.8841,0.3390,0.0420,4.0000,0.0000,1.5171,0.6000,0.0000
1124,2015-01-29,0.1123,0.1370,30.1293,0.3415,0.1123,4.0000,0.0000,1.5171,0.6000,0.0000
1125,2015-01-30,0.1103,0.1373,47.6664,0.3441,0.1103,4.0000,0.0000,1.5171,0.6000,0.0000
1126,2015-01-31,0.1844,0.1399,10.7674,0.3467,0.1844,4.0000,0.0000,1.5171,0.6000,0.0000
1127,2015-02-01,0.1294,0.1803,20.3032,0.3494,0.1294,4.0000,0.0000,1.5171,0.6000,0.0000
1128,2015-02-02,0.0424,0.2226,34.2323,0.3520,0.0424,4.0000,0.0000,1.5171,0.6000,0.0000
1129,2015-02-03,0.0555,0.3702,38.1018,0.3547,0.0555,4.0000,0.0000,1.5171,0.6000,0.0000
1130,2015-02-04,0.1105,0.5389,55.5794,0.3575,0.1105,4.0000,0.0000,1.5171,0.6000,0.0000
1131,2015-02-05,0.1838,0.4220,36.1517,0.3602,0.1838,4.0000,0.0000,1.5171,0.6000,0.0000
1132,2015-02-06,0.2173,0.2725,33.9040,0.3630,0.2173,4.0000,0.0000,1.5171,0.6000,0.0000
1133,2015-02-07,0.2554,0.2302,19.4095,0.3658,0.2554,4.0000,0.0000,1.5171,0.6000,0.0000
1134,2015-02-08,0.2952,0.4758,58.4288,0.3687,0.2952,4.0000,0.0000,1.5171,0.6000,0.0000
1135,2015-02-09,0.2860,0.7287,38.3735,0.3716,0.2860,4.0000,0.0000,1.5171,0.6000,0.0000
1136,2015-02-10,0.3258,0.3610,65.6263,0.3744,0.3258,4.0000,0.0000,1.5171,0.6000,0.0000
1137,2015-02-11,0.4130,0.2171,71.1816,0.3774,0.4130,4.0000,0.0000,1.5171,0.6000,0.0000
1138,2015-02-12,0.4924,0.1609,27.6031,0.3803,0.4924,4.0000,0.0000,1.5171,0.6000,0.0000
1139,2015-02-13,0.4942,0.1482,33.2433,0.3832,0.4942,4.0000,0.0000,1.5171,0.6000,0.0000
1140,2015-02-14,0.4887,0.1454,64.5531,0.3862,0.4887,4.0000,0.0000,1.5171,0.6000,0.0000
1141,2015-02-15,0.4544,0.1437,37.6096,0.3892,0.4544,4.0000,0.0000,1.5171,0.6000,0.0000
1142,2015-02-16,0.2141,0.1321,87.4511,0.3922,0.2141,4.0000,0.0000,1.5171,0.6000,0.0000
1143,2015-02-17,0.1716,0.1254,89.4735,0.3952,0.1716,4.0000,0.0000,1.5171,0.6000,0.0000
1144,2015-02-18,0.2704,0.1247,37.0873,0.3983,0.2704,4.0000,0.0000,1.5171,0.6000,0.0000
1145,2015-02-19,0.3061,0.1296,21.5169,0.4013,0.3061,4.0000,0.0000,1.5171,0.6000,0.0000
1146,2015-02-20,0.3985,0.1263,71.9217,0.4044,0.3985,4.0000,0.0000,1.5171,0.6000,0.0000
1147,2015-02-21,0.5626,0.1256,79.9767,0.4075,0.5626,4.0000,0.0000,1.5171,0.6000,0.0000
1148,2015-02-22,0.6835,0.1258,54.0116,0.4106,0.6835,4.0000,0.0000,1.5171,0.6000,0.0000
1149,2015-02-23,0.7451,0.1243,64.0171,0.4137,0.7451,4.0000,0.0000,1.5171,0.6000,0.0000
1150,2015-02-24,0.8426,0.1232,34.6011,0.4168,0.8426,4.0000,0.0000,1.5171,0.6000,0.0000
1151,2015-02-25,0.9637,0.1226,83.3062,0.4199,0.9637,4.0000,0.0000,1.5171,0.6000,0.0000
1152,2015-02-26,1.1282,0.1224,79.0597,0.4230,1.1282,4.0000,0.0000,1.5171,0.6000,0.0000
1153,2015-02-27,1.1772,0.1208,42.3636,0.4262,1.1772,4.0000,0.0000,1.5171,0.6000,0.0000
1154,2015-02-28,1.2833,0.1196,55.9100,0.4293,1.2833,4.0000,0.0000,1.5171,0.6000,0.0000
1155,2015-03-01,1.4177,0.1180,75.3290,0.4325,1.4177,4.0000,0.0000,1.5171,0.6000,0.0000
1156,2015-03-02,1.8429,0.1153,55.6153,0.4357,1.8429,4.0000,0.0000,1.5171,0.6000,0.0000
1157,2015-03-03,1.9746,0.1185,37.9172,0.4388,1.9746,4.0000,0.0000,1.5171,0.6000,0.0000
1158,2015-03-04,1.8172,0.1239,38.3285,0.4420,1.8172,4.0000,0.0000,1.5171,0.6000,0.0000
1159,2015-03-05,1.7944,0.1272,100.3230,0.4452,1.7944,4.0000,0.0000,1.5171,0.6000,0.0000
1160,2015-03-06,1.9341,0.1193,50.7633,0.4484,1.9341,4.0000,0.0000,1.5171,0.6000,0.0000
1161,2015-03-07,2.2224,0.1162,44.3465,0.4516,2.2224,4.0000,0.0000,1.5171,0.6000,0.0000
1162,2015-03-08,2.8782,0.1154,115.7477,0.4548,2.8782,4.0000,0.0000,1.5171,0.6000,0.0000
1163,2015-03-09,3.3294,0.1161,57.7231,0.4580,3.3294,4.0000,0.0000,1.5171,0.6000,0.0000
1164,2015-03-10,3.4597,0.1166,81.0790,0.4612,3.4597,4.0000,0.0000,1.5171,0.6000,0.0000
1165,2015-03-11,3.8048,0.1171,75.6410,0.4644,3.8048,4.0000,0.0000,1.5171,0.6000,0.0000
1166,2015-03-12,4.1036,0.1316,124.8252,0.4677,4.1036,4.0000,0.0000,1.5171,0.6000,0.0000
1167,2015-03-13,3.9776,0.1251,130.1514,0.4709,3.9776,4.0000,0.0000,1.5171,0.6000,0.0000
1168,2015-03-14,4.3183,0.1173,116.8018,0.4741,4.3183,4.0000,0.0000,1.5171,0.6000,0.0000
1169,2015-03-15,4.4532,0.1146,98.5803,0.4773,4.4532,4.0000,0.0000,1.5171,0.6000,0.0000
1170,2015-03-16,4.7321,0.1139,140.6245,0.4806,4.7321,4.0000,0.0000,1.5171,0.6000,0.0000
1171,2015-03-17,4.8704,0.1142,153.8298,0.4838,4.8704,4.0000,0.0000,1.5171,0.6000,0.0000
1172,2015-03-18,5.1022,0.1142,158.5220,0.4870,5.1022,4.0000,0.0000,1.5171,0.6000,0.0000
1173,2015-03-19,5.4540,0.1140,157.9440,0.4903,5.4540,4.0000,0.0000,1.5171,0.6000,0.0000
1174,2015-03-20,5.6379,0.1135,117.6661,0.4935,5.6379,4.0000,0.0000,1.5171,0.6000,0.0000
1175,2015-03-21,5.5088,0.1144,45.9883,0.4968,5.5088,4.0000,0.0000,1.5171,0.6000,0.0000
1176,2015-03-22,4.0669,0.1417,138.4665,0.5000,4.0669,4.0000,0.0000,1.5171,0.6000,0.0000
1177,2015-03-23,3.9673,0.1163,89.3317,0.5032,3.9673,4.0000,0.0000,1.5171,0.6000,0.0000
1178,2015-03-24,4.1718,0.1160,142.5959,0.5065,4.1718,4.0000,0.0000,1.5171,0.6000,0.0000
1179,2015-03-25,4.7248,0.1165,154.1517,0.5097,4.7248,4.0000,0.0000,1.5171,0.6000,0.0000
1180,2015-03-26,5.3675,0.1163,112.9230,0.5130,5.3675,4.0000,0.0000,1.5171,0.6000,0.0000
1181,2015-03-27,6.1007,0.1151,84.8629,0.5162,6.1007,4.0000,0.0000,1.5171,0.6000,0.0000
1182,2015-03-28,6.2656,0.1145,107.5423,0.5194,6.2656,4.0000,0.0000,1.5171,0.6000,0.0000
1183,2015-03-29,6.1779,0.1129,132.9968,0.5227,6.1779,4.0000,0.0000,1.5171,0.6000,0.0000
1184,2015-03-30,6.0956,0.1117,53.8327,0.5259,6.0956,4.0000,0.0000,1.5171,0.6000,0.0000
1185,2015-03-31,5.8236,0.1132,124.7720,0.5291,5.8236,4.0000,0.0000,1.5171,0.6000,0.0000
1186,2015-04-01,5.5207,0.2547,71.8777,0.5323,5.5207,4.0000,0.0000,1.5171,0.6000,0.0000
1187,2015-04-02,5.3624,1.7601,116.1731,0.5356,5.3624,4.0000,0.0000,1.5171,0.6000,0.0000
1188,2015-04-03,5.3664,3.5592,171.7188,0.5388,5.3664,4.0000,0.0000,1.5171,0.6000,0.0000
1189,2015-04-04,5.5493,3.1748,154.1918,0.5420,5.5493,4.0000,0.0000,1.5171,0.6000,0.0000
1190,2015-04-05,5.6877,2.9449,118.4247,0.5452,5.6877,4.0000,0.0000,1.5171,0.6000,0.0000
1191,2015-04-06,5.7125,1.3465,159.9313,0.5484,5.7125,4.0000,0.0000,1.5171,0.6000,0.0000
1192,2015-04-07,5.9634,0.4775,117.7491,0.5516,5.9634,4.0000,0.0000,1.5171,0.6000,0.0000
1193,2015-04-08,6.3236,0.2900,199.6277,0.5548,6.3236,4.0000,0.0000,1.5171,0.6000,0.0000
1194,2015-04-09,6.7637,0.2437,219.6030,0.5580,6.7637,4.0000,0.0000,1.5171,0.6000,0.0000
1195,2015-04-10,7.3211,0.1690,221.7542,0.5612,7.3211,4.0000,0.0000,1.5171,0.6000,0.0000
1196,2015-04-11,7.9531,0.1388,216.5608,0.5643,7.9531,4.0000,0.0000,1.5171,0.6000,0.0000
1197,2015-04-12,8.3978,0.1293,182.4867,0.5675,8.3978,4.0000,0.0000,1.5171,0.6000,0.0000
1198,2015-04-13,7.9326,0.1253,86.4111,0.5707,7.9326,4.0000,0.0000,1.5171,0.6000,0.0000
1199,2015-04-14,7.6331,0.1762,212.1980,0.5738,7.6331,4.0000,0.0000,1.5171,0.6000,0.0000
1200,2015-04-15,7.7956,0.2231,92.8240,0.5770,7.7956,4.0000,0.0000,1.5171,0.6000,0.0000
1201,2015-04-16,7.7948,0.2464,176.6573,0.5801,7.7948,4.0000,0.0000,1.5171,0.6000,0.0000
1202,2015-04-17,7.8664,0.2987,198.5622,0.5832,7.8664,4.0000,0.0000,1.5171,0.6000,0.0000
1203,2015-04-18,7.6974,0.9809,202.2891,0.5863,7.6974,4.0000,0.0000,1.5171,0.6000,0.0000
1204,2015-04-19,7.6850,0.6774,130.7121,0.5894,7.6850,4.0000,0.0000,1.5171,0.6000,0.0000
1205,2015-04-20,7.8408,1.1897,230.0249,0.5925,7.8408,4.0000,0.0000,1.5171,0.6000,0.0000
1206,2015-04-21,8.2480,0.8124,204.9425,0.5956,8.2480,4.0000,0.0000,1.5171,0.6000,0.0000
1207,2015-04-22,8.7750,0.3189,243.3282,0.5987,8.7750,4.0000,0.0000,1.5171,0.6000,0.0000
1208,2015-04-23,9.2146,0.1805,235.2403,0.6017,9.2146,4.0000,0.0000,1.5171,0.6000,0.0000
1209,2015-04-24,9.3528,0.1601,172.9433,0.6048,9.3528,4.0000,0.0000,1.5171,0.6000,0.0000
1210,2015-04-25,9.9119,0.1451,231.2810,0.6078,9.9119,4.0000,0.0000,1.5171,0.6000,0.0000
1211,2015-04-26,11.0696,0.1357,221.3994,0.6108,11.0696,4.0000,0.0000,1.5171,0.6000,0.0000
1212,2015-04-27,11.9111,0.1306,195.9063,0.6138,11.9111,4.0000,0.0000,1.5171,0.6000,0.0000
1213,2015-04-28,12.7434,0.1350,145.0756,0.6168,12.7434,4.0000,0.0000,1.5171,0.6000,0.0000
1214,2015-04-29,12.2447,0.2402,237.1025,0.6197,12.2447,4.0000,0.0000,1.5171,0.6000,0.0000
1215,2015-04-30,12.1862,0.1403,231.7380,0.6226,12.1862,4.0000,0.0000,1.5171,0.6000,0.0000
1216,2015-05-01,12.4098,0.1213,196.3512,0.6256,12.4098,4.0000,0.0000,1.5171,0.6000,0.0000
1217,2015-05-02,11.6043,0.1188,144.3767,0.6284,11.6043,4.0000,0.0000,1.5171,0.6000,0.0000
1218,2015-05-03,11.4177,0.1200,246.7032,0.6313,11.4177,4.0000,0.0000,1.5171,0.6000,0.0000
1219,2015-05-04,11.6272,0.1164,95.8213,0.6342,11.6272,4.0000,0.0000,1.5171,0.6000,0.0000
1220,2015-05-05,12.3051,0.1139,219.2748,0.6370,12.3051,4.0000,0.0000,1.5171,0.6000,0.0000
1221,2015-05-06,13.3942,0.1123,205.2552,0.6398,13.3942,4.0000,0.0000,1.5171,0.6000,0.0000
1222,2015-05-07,14.1398,0.1121,261.6538,0.6425,14.1398,4.0000,0.0000,1.5171,0.6000,0.0000
1223,2015-05-08,14.1295,0.1124,238.5646,0.6453,14.1295,4.0000,0.0000,1.5171,0.6000,0.0000
1224,2015-05-09,14.3181,0.1124,280.9640,0.6480,14.3181,4.0000,0.0000,1.5171,0.6000,0.0000
1225,2015-05-10,14.4262,0.1122,138.5952,0.6506,14.4262,4.0000,0.0000,1.5171,0.6000,0.0000
1226,2015-05-11,14.1605,0.1133,234.7154,0.6533,14.1605,4.0000,0.0000,1.5171,0.6000,0.0000
1227,2015-05-12,14.5221,0.1124,232.5790,0.6559,14.5221,4.0000,0.0000,1.5171,0.6000,0.0000
1228,2015-05-13,14.2651,0.1127,229.9383,0.6585,14.2651,4.0000,0.0000,1.5171,0.6000,0.0000
1229,2015-05-14,13.5401,0.1137,204.2551,0.6610,13.5401,4.0000,0.0000,1.5171,0.6000,0.0000
1230,2015-05-15,13.5103,0.3009,245.3875,0.6635,13.5103,4.0000,0.0000,1.5171,0.6000,0.0000
1231,2015-05-16,13.5049,0.8282,287.3098,0.6660,13.5049,4.0000,0.0000,1.5171,0.6000,0.0000
1232,2015-05-17,13.4601,0.4421,244.6613,0.6684,13.4601,4.0000,0.0000,1.5171,0.6000,0.0000
1233,2015-05-18,12.6311,0.4324,240.3677,0.6708,12.6311,4.0000,0.0000,1.5171,0.6000,0.0000
1234,2015-05-19,12.7839,0.3113,167.8310,0.6731,12.7839,4.0000,0.0000,1.5171,0.6000,0.0000
1235,2015-05-20,13.2640,0.2592,107.7912,0.6754,13.2640,4.0000,0.0000,1.5171,0.6000,0.0000
1236,2015-05-21,13.2993,0.3288,213.4712,0.6777,13.2993,4.0000,0.0000,1.5171,0.6000,0.0000
1237,2015-05-22,14.0689,0.2215,297.7278,0.6798,14.0689,4.0000,0.0000,1.5171,0.6000,0.0000
1238,2015-05-23,14.4585,0.1522,179.9347,0.6820,14.4585,4.0000,0.0000,1.5171,0.6000,0.0000
1239,2015-05-24,14.8194,0.1503,298.1848,0.6841,14.8194,4.0000,0.0000,1.5171,0.6000,0.0000
1240,2015-05-25,15.6130,0.1407,269.6317,0.6861,15.6130,4.0000,0.0000,1.5171,0.6000,0.0000
1241,2015-05-26,16.3010,0.1448,201.2154,0.6881,16.3010,4.0000,0.0000,1.5171,0.6000,0.0000
1242,2015-05-27,16.1401,0.1956,264.1083,0.6900,16.1401,4.0000,0.0000,1.5171,0.6000,0.0000
1243,2015-05-28,16.1153,0.1863,279.4775,0.6919,16.1153,4.0000,0.0000,1.5171,0.6000,0.0000
1244,2015-05-29,16.2878,0.1430,276.5771,0.6937,16.2878,4.0000,0.0000,1.5171,0.6000,0.0000
1245,2015-05-30,16.0862,0.1308,185.4696,0.6955,16.0862,4.0000,0.0000,1.5171,0.6000,0.0000
1246,2015-05-31,15.6328,0.1266,271.9219,0.6971,15.6328,4.0000,0.0000,1.5171,0.6000,0.0000
1247,2015-06-01,15.9167,0.1195,210.7947,0.6988,15.9167,4.0000,0.0000,1.5171,0.6000,0.0000
1248,2015-06-02,16.3788,0.1211,230.0025,0.7003,16.3788,4.0000,0.0000,1.5171,0.6000,0.0000
1249,2015-06-03,16.9520,0.1185,220.6588,0.7018,16.9520,4.0000,0.0000,1.5171,0.6000,0.0000
1250,2015-06-04,16.0997,0.1237,263.0647,0.7032,16.0997,4.0000,0.0000,1.5171,0.6000,0.0000
1251,2015-06-05,16.3109,0.1317,316.8219,0.7046,16.3109,4.0000,0.0000,1.5171,0.6000,0.0000
1252,2015-06-06,17.2840,0.1239,320.5843,0.7058,17.2840,4.0000,0.0000,1.5171,0.6000,0.0000
1253,2015-06-07,18.1844,0.1241,314.1173,0.7070,18.1844,4.0000,0.0000,1.5171,0.6000,0.0000
1254,2015-06-08,17.9547,0.1263,283.1242,0.7082,17.9547,4.0000,0.0000,1.5171,0.6000,0.0000
1255,2015-06-09,17.9696,0.1339,294.5894,0.7092,17.9696,4.0000,0.0000,1.5171,0.6000,0.0000
1256,2015-06-10,18.0627,0.1348,335.6829,0.7102,18.0627,4.0000,0.0000,1.5171,0.6000,0.0000
1257,2015-06-11,17.9923,0.1234,295.9979,0.7111,17.9923,4.0000,0.0000,1.5171,0.6000,0.0000
1258,2015-06-12,18.5774,0.1214,317.9402,0.7119,18.5774,4.0000,0.0000,1.5171,0.6000,0.0000
1259,2015-06-13,19.4452,0.1199,231.2266,0.7126,19.4452,4.0000,0.0000,1.5171,0.6000,0.0000
1260,2015-06-14,19.5782,0.1194,191.1959,0.7133,19.5782,4.0000,0.0000,1.5171,0.6000,0.0000
1261,2015-06-15,18.8596,0.1208,294.7166,0.7138,18.8596,4.0000,0.0000,1.5171,0.6000,0.0000
1262,2015-06-16,18.5837,0.1222,269.5465,0.7143,18.5837,4.0000,0.0000,1.5171,0.6000,0.0000
1263,2015-06-17,18.8304,0.1219,296.5887,0.7147,18.8304,4.0000,0.0000,1.5171,0.6000,0.0000
1264,2015-06-18,18.2716,0.1198,57.1132,0.7150,18.2716,4.0000,0.0000,1.5171,0.6000,0.0000
1265,2015-06-19,17.5904,0.1198,260.5618,0.7153,17.5904,4.0000,0.0000,1.5171,0.6000,0.0000
1266,2015-06-20,17.8229,0.1200,259.4862,0.7154,17.8229,4.0000,0.0000,1.5171,0.6000,0.0000
1267,2015-06-21,18.6761,0.1269,285.3380,0.7155,18.6761,4.0000,0.0000,1.5171,0.6000,0.0000
1268,2015-06-22,19.1304,0.1286,255.9541,0.7155,19.1304,4.0000,0.0000,1.5171,0.6000,0.0000
1269,2015-06-23,18.7282,0.1194,110.5350,0.7154,18.7282,4.0000,0.0000,1.5171,0.6000,0.0000
1270,2015-06-24,17.9856,0.1175,218.3770,0.7152,17.9856,4.0000,0.0000,1.5171,0.6000,0.0000
1271,2015-06-25,17.4407,0.1174,210.2105,0.7149,17.4407,4.0000,0.0000,1.5171,0.6000,0.0000
1272,2015-06-26,17.0149,0.1189,220.5475,0.7145,17.0149,4.0000,0.0000,1.5171,0.6000,0.0000
1273,2015-06-27,17.3272,0.1196,271.5837,0.7141,17.3272,4.0000,0.0000,1.5171,0.6000,0.0000
1274,2015-06-28,18.4017,0.1205,317.4969,0.7136,18.4017,4.0000,0.0000,1.5171,0.6000,0.0000
1275,2015-06-29,19.3087,0.1202,266.8426,0.7130,19.3087,4.0000,0.0000,1.5171,0.6000,0.0000
1276,2015-06-30,19.7351,0.1188,260.7227,0.7123,19.7351,4.0000,0.0000,1.5171,0.6000,0.0000
1277,2015-07-01,20.1974,0.1234,292.2700,0.7115,20.1974,4.0000,0.0000,1.5171,0.6000,0.0000
1278,2015-07-02,20.6875,0.1265,320.3918,0.7106,20.6875,4.0000,0.0000,1.5171,0.6000,0.0000
1279,2015-07-03,21.5314,0.1196,322.1110,0.7097,21.5314,4.0000,0.0000,1.5171,0.6000,0.0000
1280,2015-07-04,22.7092,0.1175,320.9722,0.7087,22.7092,4.0000,0.0000,1.5171,0.6000,0.0000
1281,2015-07-05,24.1013,0.1175,281.6969,0.7076,24.1013,4.0000,0.0000,1.5171,0.6000,0.0000
1282,2015-07-06,24.2381,0.1176,130.3267,0.7065,24.2381,4.0000,0.0000,1.5171,0.6000,0.0000
1283,2015-07-07,22.2011,0.1179,284.9648,0.7052,22.2011,4.0000,0.0000,1.5171,0.6000,0.0000
1284,2015-07-08,21.7524,0.1170,229.8844,0.7039,21.7524,4.0000,0.0000,1.5171,0.6000,0.0000
1285,2015-07-09,20.7058,0.1169,233.9132,0.7025,20.7058,4.0000,0.0000,1.5171,0.6000,0.0000
1286,2015-07-10,18.8884,0.1194,168.0121,0.7011,18.8884,4.0000,0.0000,1.5171,0.6000,0.0000
1287,2015-07-11,18.1226,1.4205,222.9277,0.6996,18.1226,4.0000,0.0000,1.5171,0.6000,0.0000
1288,2015-07-12,18.4709,2.1980,277.1645,0.6980,18.4709,4.0000,0.0000,1.5171,0.6000,0.0000
1289,2015-07-13,18.9706,1.0351,235.2572,0.6963,18.9706,4.0000,0.0000,1.5171,0.6000,0.0000
1290,2015-07-14,19.3108,0.6870,181.6348,0.6946,19.3108,4.0000,0.0000,1.5171,0.6000,0.0000
1291,2015-07-15,19.3939,0.6865,232.0899,0.6928,19.3939,4.0000,0.0000,1.5171,0.6000,0.0000
1292,2015-07-16,19.2747,0.6020,254.7023,0.6910,19.2747,4.0000,0.0000,1.5171,0.6000,0.0000
1293,2015-07-17,19.1275,0.5198,278.3377,0.6891,19.1275,4.0000,0.0000,1.5171,0.6000,0.0000
1294,2015-07-18,19.4459,0.4545,216.0432,0.6871,19.4459,4.0000,0.0000,1.5171,0.6000,0.0000
1295,2015-07-19,19.6850,0.3627,241.5216,0.6851,19.6850,4.0000,0.0000,1.5171,0.6000,0.0000
1296,2015-07-20,19.0637,0.3755,175.8031,0.6830,19.0637,4.0000,0.0000,1.5171,0.6000,0.0000
1297,2015-07-21,19.0157,0.3639,234.5780,0.6809,19.0157,4.0000,0.0000,1.5171,0.6000,0.0000
1298,2015-07-22,19.5628,0.3105,266.9266,0.6788,19.5628,4.0000,0.0000,1.5171,0.6000,0.0000
1299,2015-07-23,19.6792,0.2841,135.2773,0.6765,19.6792,4.0000,0.0000,1.5171,0.6000,0.0000
1300,2015-07-24,19.4353,0.2728,289.0289,0.6743,19.4353,4.0000,0.0000,1.5171,0.6000,0.0000
1301,2015-07-25,19.8663,0.2509,206.1350,0.6720,19.8663,4.0000,0.0000,1.5171,0.6000,0.0000
1302,2015-07-26,19.9826,0.2312,146.3747,0.6696,19.9826,4.0000,0.0000,1.5171,0.6000,0.0000
1303,2015-07-27,19.2427,0.2037,197.9473,0.6672,19.2427,4.0000,0.0000,1.5171,0.6000,0.0000
1304,2015-07-28,19.3091,0.2022,156.4836,0.6648,19.3091,4.0000,0.0000,1.5171,0.6000,0.0000
1305,2015-07-29,19.1012,0.2021,189.5738,0.6623,19.1012,4.0000,0.0000,1.5171,0.6000,0.0000
1306,2015-07-30,18.5952,0.1796,176.3622,0.6598,18.5952,4.0000,0.0000,1.5171,0.6000,0.0000
1307,2015-07-31,18.0290,0.1779,163.2014,0.6572,18.0290,4.0000,0.0000,1.5171,0.6000,0.0000
1308,2015-08-01,17.7359,0.1914,210.3170,0.6546,17.7359,4.0000,0.0000,1.5171,0.6000,0.0000
1309,2015-08-02,18.2657,0.1745,284.8433,0.6520,18.2657,4.0000,0.0000,1.5171,0.6000,0.0000
1310,2015-08-03,19.4401,0.1679,261.6495,0.6493,19.4401,4.0000,0.0000,1.5171,0.6000,0.0000
1311,2015-08-04,20.5257,0.1760,279.4520,0.6466,20.5257,4.0000,0.0000,1.5171,0.6000,0.0000
1312,2015-08-05,21.5837,0.1650,264.9869,0.6439,21.5837,4.0000,0.0000,1.5171,0.6000,0.0000
1313,2015-08-06,22.4924,0.1698,253.7313,0.6412,22.4924,4.0000,0.0000,1.5171,0.6000,0.0000
1314,2015-08-07,23.1550,0.1562,259.6341,0.6384,23.1550,4.0000,0.0000,1.5171,0.6000,0.0000
1315,2015-08-08,23.8197,0.1443,243.6163,0.6356,23.8197,4.0000,0.0000,1.5171,0.6000,0.0000
1316,2015-08-09,24.4146,0.1552,195.7078,0.6327,24.4146,4.0000,0.0000,1.5171,0.6000,0.0000
1317,2015-08-10,24.0284,0.1561,208.3775,0.6299,24.0284,4.0000,0.0000,1.5171,0.6000,0.0000
1318,2015-08-11,24.1465,0.1466,260.3884,0.6270,24.1465,4.0000,0.0000,1.5171,0.6000,0.0000
1319,2015-08-12,24.8088,0.1466,248.3866,0.6241,24.8088,4.0000,0.0000,1.5171,0.6000,0.0000
1320,2015-08-13,24.4781,0.1653,237.5700,0.6212,24.4781,4.0000,0.0000,1.5171,0.6000,0.0000
1321,2015-08-14,23.2460,0.1595,263.1683,0.6182,23.2460,4.0000,0.0000,1.5171,0.6000,0.0000
1322,2015-08-15,22.6967,0.1375,260.8633,0.6153,22.6967,4.0000,0.0000,1.5171,0.6000,0.0000
1323,2015-08-16,22.3109,0.1343,255.2250,0.6123,22.3109,4.0000,0.0000,1.5171,0.6000,0.0000
1324,2015-08-17,21.4038,0.1306,246.9865,0.6093,21.4038,4.0000,0.0000,1.5171,0.6000,0.0000
1325,2015-08-18,20.3984,0.1249,255.3527,0.6063,20.3984,4.0000,0.0000,1.5171,0.6000,0.0000
1326,2015-08-19,19.9503,0.1234,252.7702,0.6033,19.9503,4.0000,0.0000,1.5171,0.6000,0.0000
1327,2015-08-20,19.7784,0.1208,248.4062,0.6002,19.7784,4.0000,0.0000,1.5171,0.6000,0.0000
1328,2015-08-21,20.1684,0.1198,234.8085,0.5972,20.1684,4.0000,0.0000,1.5171,0.6000,0.0000
1329,2015-08-22,20.6510,0.1201,187.5628,0.5941,20.6510,4.0000,0.0000,1.5171,0.6000,0.0000
1330,2015-08-23,20.8078,0.1200,206.9862,0.5910,20.8078,4.0000,0.0000,1.5171,0.6000,0.0000
1331,2015-08-24,21.0323,0.1185,183.2966,0.5879,21.0323,4.0000,0.0000,1.5171,0.6000,0.0000
1332,2015-08-25,20.9197,0.1169,154.9358,0.5848,20.9197,4.0000,0.0000,1.5171,0.6000,0.0000
1333,2015-08-26,20.7424,0.1168,193.1314,0.5817,20.7424,4.0000,0.0000,1.5171,0.6000,0.0000
1334,2015-08-27,21.0408,0.1161,199.6817,0.5785,21.0408,4.0000,0.0000,1.5171,0.6000,0.0000
1335,2015-08-28,20.6779,0.1158,90.8630,0.5754,20.6779,4.0000,0.0000,1.5171,0.6000,0.0000
1336,2015-08-29,19.5239,0.1274,187.3605,0.5723,19.5239,4.0000,0.0000,1.5171,0.6000,0.0000
1337,2015-08-30,19.5132,0.1508,168.0803,0.5691,19.5132,4.0000,0.0000,1.5171,0.6000,0.0000
1338,2015-08-31,19.8429,0.2588,175.9271,0.5659,19.8429,4.0000,0.0000,1.5171,0.6000,0.0000
1339,2015-09-01,20.0752,0.3184,182.5162,0.5628,20.0752,4.0000,0.0000,1.5171,0.6000,0.0000
1340,2015-09-02,19.8783,1.6596,69.4826,0.5596,19.8783,4.0000,0.0000,1.5171,0.6000,0.0000
1341,2015-09-03,19.0541,1.4728,134.9910,0.5564,19.0541,4.0000,0.0000,1.5171,0.6000,0.0000
1342,2015-09-04,18.8756,0.6914,108.4236,0.5532,18.8756,4.0000,0.0000,1.5171,0.6000,0.0000
1343,2015-09-05,18.2279,0.3653,145.3385,0.5500,18.2279,4.0000,0.0000,1.5171,0.6000,0.0000
1344,2015-09-06,17.3645,0.2361,156.7832,0.5468,17.3645,4.0000,0.0000,1.5171,0.6000,0.0000
1345,2015-09-07,16.6824,0.9812,156.1908,0.5436,16.6824,4.0000,0.0000,1.5171,0.6000,0.0000
1346,2015-09-08,16.2011,5.0471,165.3369,0.5404,16.2011,4.0000,0.0000,1.5171,0.6000,0.0000
1347,2015-09-09,16.0213,5.7918,162.9899,0.5372,16.0213,4.0000,0.0000,1.5171,0.6000,0.0000
1348,2015-09-10,16.1025,3.8337,164.1587,0.5339,16.1025,4.0000,0.0000,1.5171,0.6000,0.0000
1349,2015-09-11,16.1570,2.1805,134.3621,0.5307,16.1570,4.0000,0.0000,1.5171,0.6000,0.0000
1350,2015-09-12,16.0822,1.1036,127.1372,0.5275,16.0822,4.0000,0.0000,1.5171,0.6000,0.0000
1351,2015-09-13,15.8158,0.5214,133.2405,0.5243,15.8158,4.0000,0.0000,1.5171,0.6000,0.0000
1352,2015-09-14,15.7282,0.2486,160.9247,0.5210,15.7282,4.0000,0.0000,1.5171,0.6000,0.0000
1353,2015-09-15,16.0336,0.1865,136.4074,0.5178,16.0336,4.0000,0.0000,1.5171,0.6000,0.0000
1354,2015-09-16,16.7648,0.2039,113.6044,0.5146,16.7648,4.0000,0.0000,1.5171,0.6000,0.0000
1355,2015-09-17,17.7012,0.2081,163.8859,0.5113,17.7012,4.0000,0.0000,1.5171,0.6000,0.0000
1356,2015-09-18,18.1097,0.2072,140.9975,0.5081,18.1097,4.0000,0.0000,1.5171,0.6000,0.0000
1357,2015-09-19,17.5105,0.1828,147.2203,0.5049,17.5105,4.0000,0.0000,1.5171,0.6000,0.0000
1358,2015-09-20,17.3415,0.2082,113.7477,0.5016,17.3415,4.0000,0.0000,1.5171,0.6000,0.0000
1359,2015-09-21,16.6842,0.6203,78.9714,0.4984,16.6842,4.0000,0.0000,1.5171,0.6000,0.0000
1360,2015-09-22,15.8301,0.7829,94.6889,0.4951,15.8301,4.0000,0.0000,1.5171,0.6000,0.0000
1361,2015-09-23,15.6419,0.3031,97.4368,0.4919,15.6419,4.0000,0.0000,1.5171,0.6000,0.0000
1362,2015-09-24,15.9515,0.3655,134.9990,0.4887,15.9515,4.0000,0.0000,1.5171,0.6000,0.0000
1363,2015-09-25,16.2477,0.3788,136.0757,0.4854,16.2477,4.0000,0.0000,1.5171,0.6000,0.0000
1364,2015-09-26,16.2758,0.9031,132.4886,0.4822,16.2758,4.0000,0.0000,1.5171,0.6000,0.0000
1365,2015-09-27,15.5279,2.1951,120.1051,0.4790,15.5279,4.0000,0.0000,1.5171,0.6000,0.0000
1366,2015-09-28,14.6720,4.5545,111.7744,0.4757,14.6720,4.0000,0.0000,1.5171,0.6000,0.0000
1367,2015-09-29,14.0855,4.2793,115.4410,0.4725,14.0855,4.0000,0.0000,1.5171,0.6000,0.0000
1368,2015-09-30,13.9105,2.0221,134.8070,0.4693,13.9105,4.0000,0.0000,1.5171,0.6000,0.0000
1369,2015-10-01,13.9403,1.1227,77.0424,0.4661,13.9403,4.0000,0.0000,1.5171,0.6000,0.0000
1370,2015-10-02,13.8614,0.9180,73.6769,0.4628,13.8614,4.0000,0.0000,1.5171,0.6000,0.0000
1371,2015-10-03,13.9022,0.8059,114.9705,0.4596,13.9022,4.0000,0.0000,1.5171,0.6000,0.0000
1372,2015-10-04,13.9137,0.7675,79.5786,0.4564,13.9137,4.0000,0.0000,1.5171,0.6000,0.0000
1373,2015-10-05,13.7719,0.8770,60.4474,0.4532,13.7719,4.0000,0.0000,1.5171,0.6000,0.0000
1374,2015-10-06,12.4914,1.1682,122.9305,0.4500,12.4914,4.0000,0.0000,1.5171,0.6000,0.0000
1375,2015-10-07,10.7889,0.7282,127.2641,0.4468,10.7889,4.0000,0.0000,1.5171,0.6000,0.0000
1376,2015-10-08,9.5542,0.4744,121.0277,0.4436,9.5542,4.0000,0.0000,1.5171,0.6000,0.0000
1377,2015-10-09,8.6018,0.4146,106.7444,0.4404,8.6018,4.0000,0.0000,1.5171,0.6000,0.0000
1378,2015-10-10,8.1034,0.3969,77.7785,0.4372,8.1034,4.0000,0.0000,1.5171,0.6000,0.0000
1379,2015-10-11,7.6387,0.3675,83.9454,0.4341,7.6387,4.0000,0.0000,1.5171,0.6000,0.0000
1380,2015-10-12,7.0746,0.2796,91.4959,0.4309,7.0746,4.0000,0.0000,1.5171,0.6000,0.0000
1381,2015-10-13,7.0249,0.2190,79.9474,0.4277,7.0249,4.0000,0.0000,1.5171,0.6000,0.0000
1382,2015-10-14,6.8110,0.1910,98.8261,0.4246,6.8110,4.0000,0.0000,1.5171,0.6000,0.0000
1383,2015-10-15,6.8253,0.1698,100.0141,0.4215,6.8253,4.0000,0.0000,1.5171,0.6000,0.0000
1384,2015-10-16,6.6091,0.1516,14.4054,0.4183,6.6091,4.0000,0.0000,1.5171,0.6000,0.0000
1385,2015-10-17,6.5560,0.1548,40.1251,0.4152,6.5560,4.0000,0.0000,1.5171,0.6000,0.0000
1386,2015-10-18,6.7197,0.1775,24.9261,0.4121,6.7197,4.0000,0.0000,1.5171,0.6000,0.0000
1387,2015-10-19,6.8877,0.2560,83.7055,0.4090,6.8877,4.0000,0.0000,1.5171,0.6000,0.0000
1388,2015-10-20,6.8788,0.1971,29.7195,0.4059,6.8788,4.0000,0.0000,1.5171,0.6000,0.0000
1389,2015-10-21,7.0265,0.1623,53.4744,0.4028,7.0265,4.0000,0.0000,1.5171,0.6000,0.0000
1390,2015-10-22,7.1935,0.1459,45.6972,0.3998,7.1935,4.0000,0.0000,1.5171,0.6000,0.0000
1391,2015-10-23,7.9046,0.1433,54.1642,0.3967,7.9046,4.0000,0.0000,1.5171,0.6000,0.0000
1392,2015-10-24,8.4268,0.2854,82.0880,0.3937,8.4268,4.0000,0.0000,1.5171,0.6000,0.0000
1393,2015-10-25,8.5311,0.2236,25.7430,0.3907,8.5311,4.0000,0.0000,1.5171,0.6000,0.0000
1394,2015-10-26,8.5735,1.0473,77.4668,0.3877,8.5735,4.0000,0.0000,1.5171,0.6000,0.0000
1395,2015-10-27,8.5479,1.2939,52.2759,0.3847,8.5479,4.0000,0.0000,1.5171,0.6000,0.0000
1396,2015-10-28,8.2363,1.0099,54.4801,0.3818,8.2363,4.0000,0.0000,1.5171,0.6000,0.0000
1397,2015-10-29,7.0081,0.3453,73.3856,0.3788,7.0081,4.0000,0.0000,1.5171,0.6000,0.0000
1398,2015-10-30,6.1855,0.3027,72.4800,0.3759,6.1855,4.0000,0.0000,1.5171,0.6000,0.0000
1399,2015-10-31,5.8363,0.2287,65.7366,0.3730,5.8363,4.0000,0.0000,1.5171,0.6000,0.0000
1400,2015-11-01,6.3830,0.1531,59.4089,0.3701,6.3830,4.0000,0.0000,1.5171,0.6000,0.0000
1401,2015-11-02,7.1490,0.1679,34.6852,0.3673,7.1490,4.0000,0.0000,1.5171,0.6000,0.0000
1402,2015-11-03,7.4736,0.1765,38.9704,0.3644,7.4736,4.0000,0.0000,1.5171,0.6000,0.0000
1403,2015-11-04,7.4974,0.1659,23.9825,0.3616,7.4974,4.0000,0.0000,1.5171,0.6000,0.0000
1404,2015-11-05,7.4632,0.1803,22.9278,0.3588,7.4632,4.0000,0.0000,1.5171,0.6000,0.0000
1405,2015-11-06,7.0939,0.1573,18.0972,0.3561,7.0939,4.0000,0.0000,1.5171,0.6000,0.0000
1406,2015-11-07,6.4380,0.1368,20.8199,0.3534,6.4380,4.0000,0.0000,1.5171,0.6000,0.0000
1407,2015-11-08,7.0324,0.1878,10.1935,0.3507,7.0324,4.0000,0.0000,1.5171,0.6000,0.0000
1408,2015-11-09,7.4926,0.5525,14.7773,0.3480,7.4926,4.0000,0.0000,1.5171,0.6000,0.0000
1409,2015-11-10,8.0534,1.4023,29.3215,0.3454,8.0534,4.0000,0.0000,1.5171,0.6000,0.0000
1410,2015-11-11,8.8059,3.9724,43.9805,0.3428,8.8059,4.0000,0.0000,1.5171,0.6000,0.0000
1411,2015-11-12,8.9577,4.0926,12.8668,0.3402,8.9577,4.0000,0.0000,1.5171,0.6000,0.0000
1412,2015-11-13,8.7710,4.0984,31.5040,0.3377,8.7710,4.0000,0.0000,1.5171,0.6000,0.0000
1413,2015-11-14,8.3013,2.2928,34.2550,0.3352,8.3013,4.0000,0.0000,1.5171,0.6000,0.0000
1414,2015-11-15,7.6284,2.2176,36.0712,0.3328,7.6284,4.0000,0.0000,1.5171,0.6000,0.0000
1415,2015-11-16,7.1617,1.9079,29.7230,0.3304,7.1617,4.0000,0.0000,1.5171,0.6000,0.0000
1416,2015-11-17,7.1972,1.2692,8.1244,0.3280,7.1972,4.0000,0.0000,1.5171,0.6000,0.0000
1417,2015-11-18,7.4518,1.0827,9.9665,0.3257,7.4518,4.0000,0.0000,1.5171,0.6000,0.0000
1418,2015-11-19,7.5233,1.0839,19.6589,0.3235,7.5233,4.0000,0.0000,1.5171,0.6000,0.0000
1419,2015-11-20,7.3355,1.3663,13.3845,0.3212,7.3355,4.0000,0.0000,1.5171,0.6000,0.0000
1420,2015-11-21,6.6160,1.6859,37.8477,0.3191,6.6160,4.0000,0.0000,1.5171,0.6000,0.0000
1421,2015-11-22,5.5835,1.4617,22.0946,0.3170,5.5835,4.0000,0.0000,1.5171,0.6000,0.0000
1422,2015-11-23,4.7210,1.5764,30.0830,0.3149,4.7210,4.0000,0.0000,1.5171,0.6000,0.0000
1423,2015-11-24,4.3149,0.8959,35.3092,0.3129,4.3149,4.0000,0.0000,1.5171,0.6000,0.0000
1424,2015-11-25,3.7308,0.3736,35.5550,0.3109,3.7308,4.0000,0.0000,1.5171,0.6000,0.0000
1425,2015-11-26,3.0481,0.2325,15.9878,0.3090,3.0481,4.0000,0.0000,1.5171,0.6000,0.0000
1426,2015-11-27,2.8760,0.2143,22.2248,0.3072,2.8760,4.0000,0.0000,1.5171,0.6000,0.0000
1427,2015-11-28,2.4643,0.1715,28.2845,0.3054,2.4643,4.0000,0.0000,1.5171,0.6000,0.0000
1428,2015-11-29,2.4257,0.1639,23.1627,0.3037,2.4257,4.0000,0.0000,1.5171,0.6000,0.0000
1429,2015-11-30,3.0340,0.2076,16.6870,0.3020,3.0340,4.0000,0.0000,1.5171,0.6000,0.0000
1430,2015-12-01,4.4004,3.2832,22.2849,0.3004,4.4004,4.0000,0.0000,1.5171,0.6000,0.0000
1431,2015-12-02,5.3548,6.4946,30.8893,0.2989,5.3548,4.0000,0.0000,1.5171,0.6000,0.0000
1432,2015-12-03,5.0442,5.7612,3.5246,0.2975,5.0442,4.0000,0.0000,1.5171,0.6000,0.0000
1433,2015-12-04,4.6612,3.7346,16.4525,0.2961,4.6612,4.0000,0.0000,1.5171,0.6000,0.0000
1434,2015-12-05,4.6434,2.0822,10.0181,0.2948,4.6434,4.0000,0.0000,1.5171,0.6000,0.0000
1435,2015-12-06,4.7528,1.2139,12.5755,0.2935,4.7528,4.0000,0.0000,1.5171,0.6000,0.0000
1436,2015-12-07,5.1870,0.9492,29.0168,0.2924,5.1870,4.0000,0.0000,1.5171,0.6000,0.0000
1437,2015-12-08,4.9796,1.6962,21.5136,0.2913,4.9796,4.0000,0.0000,1.5171,0.6000,0.0000
1438,2015-12-09,4.5567,1.1419,9.7158,0.2903,4.5567,4.0000,0.0000,1.5171,0.6000,0.0000
1439,2015-12-10,4.4728,1.0787,22.3574,0.2894,4.4728,4.0000,0.0000,1.5171,0.6000,0.0000
1440,2015-12-11,4.1389,0.7154,4.6925,0.2885,4.1389,4.0000,0.0000,1.5171,0.6000,0.0000
1441,2015-12-12,3.8704,0.9179,16.9016,0.2877,3.8704,4.0000,0.0000,1.5171,0.6000,0.0000
1442,2015-12-13,3.9239,1.6980,7.8404,0.2870,3.9239,4.0000,0.0000,1.5171,0.6000,0.0000
1443,2015-12-14,4.0343,3.7322,22.5271,0.2864,4.0343,4.0000,0.0000,1.5171,0.6000,0.0000
1444,2015-12-15,3.1985,2.2028,18.5040,0.2859,3.1985,4.0000,0.0000,1.5171,0.6000,0.0000
1445,2015-12-16,2.3836,1.1008,15.3720,0.2855,2.3836,4.0000,0.0000,1.5171,0.6000,0.0000
1446,2015-12-17,2.0330,0.6077,3.0475,0.2851,2.0330,4.0000,0.0000,1.5171,0.6000,0.0000
1447,2015-12-18,2.5533,0.5377,14.1623,0.2848,2.5533,4.0000,0.0000,1.5171,0.6000,0.0000
1448,2015-12-19,3.5088,0.4510,3.0435,0.2846,3.5088,4.0000,0.0000,1.5171,0.6000,0.0000
1449,2015-12-20,4.0766,0.3732,11.9128,0.2845,4.0766,4.0000,0.0000,1.5171,0.6000,0.0000
1450,2015-12-21,4.3122,0.2950,6.4335,0.2845,4.3122,4.0000,0.0000,1.5171,0.6000,0.0000
1451,2015-12-22,4.4958,0.2741,9.5880,0.2846,4.4958,4.0000,0.0000,1.5171,0.6000,0.0000
1452,2015-12-23,4.8070,0.2699,2.0835,0.2847,4.8070,4.0000,0.0000,1.5171,0.6000,0.0000
1453,2015-12-24,4.6519,0.3127,23.3568,0.2850,4.6519,4.0000,0.0000,1.5171,0.6000,0.0000
1454,2015-12-25,4.3809,0.2465,17.1067,0.2853,4.3809,4.0000,0.0000,1.5171,0.6000,0.0000
1455,2015-12-26,4.1653,0.2253,5.3660,0.2857,4.1653,4.0000,0.0000,1.5171,0.6000,0.0000
1456,2015-12-27,3.4924,0.2305,7.6534,0.2862,3.4924,4.0000,0.0000,1.5171,0.6000,0.0000
1457,2015-12-28,2.9876,0.2471,15.6703,0.2867,2.9876,4.0000,0.0000,1.5171,0.6000,0.0000
1458,2015-12-29,2.5149,0.2086,25.6120,0.2874,2.5149,4.0000,0.0000,1.5171,0.6000,0.0000
1459,2015-12-30,2.2345,0.1696,24.2493,0.2881,2.2345,4.0000,0.0000,1.5171,0.6000,0.0000
1460,2015-12-31,1.8998,0.1458,28.2615,0.2889,1.8998,4.0000,0.0000,1.5171,0.6000,0.0000
1461,2016-01-01,1.6722,0.1397,27.4601,0.2898,1.6722,4.0000,0.0000,1.5171,0.6000,0.0000
1462,2016-01-02,1.6313,0.1387,25.5135,0.2908,1.6313,4.0000,0.0000,1.5171,0.6000,0.0000
1463,2016-01-03,1.5360,0.1387,21.0932,0.2918,1.5360,4.0000,0.0000,1.5171,0.6000,0.0000
1464,2016-01-04,1.4778,0.1386,19.9692,0.2930,1.4778,4.0000,0.0000,1.5171,0.6000,0.0000
1465,2016-01-05,1.4312,0.1383,19.2579,0.2942,1.4312,4.0000,0.0000,1.5171,0.6000,0.0000
1466,2016-01-06,1.3960,0.1379,24.7117,0.2954,1.3960,4.0000,0.0000,1.5171,0.6000,0.0000
1467,2016-01-07,1.2503,0.1363,26.2632,0.2968,1.2503,4.0000,0.0000,1.5171,0.6000,0.0000
1468,2016-01-08,0.9456,0.1325,14.2330,0.2982,0.9456,4.0000,0.0000,1.5171,0.6000,0.0000
1469,2016-01-09,0.8327,0.1324,14.0849,0.2997,0.8327,4.0000,0.0000,1.5171,0.6000,0.0000
1470,2016-01-10,0.7120,0.1300,23.8114,0.3012,0.7120,4.0000,0.0000,1.5171,0.6000,0.0000
1471,2016-01-11,0.5386,0.1260,5.4084,0.3029,0.5386,4.0000,0.0000,1.5171,0.6000,0.0000
1472,2016-01-12,0.4942,0.1259,19.0185,0.3045,0.4942,4.0000,0.0000,1.5171,0.6000,0.0000
1473,2016-01-13,0.4175,0.1613,19.1878,0.3063,0.4175,4.0000,0.0000,1.5171,0.6000,0.0000
1474,2016-01-14,0.3840,1.0334,23.5883,0.3081,0.3840,4.0000,0.0000,1.5171,0.6000,0.0000
1475,2016-01-15,0.3774,0.3926,24.9068,0.3100,0.3774,4.0000,0.0000,1.5171,0.6000,0.0000
1476,2016-01-16,0.4091,0.1820,33.2995,0.3119,0.4091,4.0000,0.0000,1.5171,0.6000,0.0000
1477,2016-01-17,0.4495,0.1458,26.4154,0.3139,0.4495,4.0000,0.0000,1.5171,0.6000,0.0000
1478,2016-01-18,0.4939,0.1348,35.0427,0.3159,0.4939,4.0000,0.0000,1.5171,0.6000,0.0000
1479,2016-01-19,0.5064,0.1275,16.7772,0.3180,0.5064,4.0000,0.0000,1.5171,0.6000,0.0000
1480,2016-01-20,0.5017,0.1275,17.9235,0.3202,0.5017,4.0000,0.0000,1.5171,0.6000,0.0000
1481,2016-01-21,0.4946,0.1303,35.5405,0.3223,0.4946,4.0000,0.0000,1.5171,0.6000,0.0000
1482,2016-01-22,0.5369,0.1264,27.8268,0.3246,0.5369,4.0000,0.0000,1.5171,0.6000,0.0000
1483,2016-01-23,0.5328,0.1222,39.2353,0.3269,0.5328,4.0000,0.0000,1.5171,0.6000,0.0000
1484,2016-01-24,0.5082,0.1200,12.9869,0.3292,0.5082,4.0000,0.0000,1.5171,0.6000,0.0000
1485,2016-01-25,0.4828,0.1204,11.6932,0.3316,0.4828,4.0000,0.0000,1.5171,0.6000,0.0000
1486,2016-01-26,0.4619,0.1191,5.4798,0.3340,0.4619,4.0000,0.0000,1.5171,0.6000,0.0000
1487,2016-01-27,0.4370,0.1193,7.2760,0.3365,0.4370,4.0000,0.0000,1.5171,0.6000,0.0000
1488,2016-01-28,0.4932,0.1204,18.9403,0.3390,0.4932,4.0000,0.0000,1.5171,0.6000,0.0000
1489,2016-01-29,0.4976,0.1212,40.8204,0.3415,0.4976,4.0000,0.0000,1.5171,0.6000,0.0000
1490,2016-01-30,0.6092,0.1199,10.3435,0.3441,0.6092,4.0000,0.0000,1.5171,0.6000,0.0000
1491,2016-01-31,0.5940,0.1186,21.8468,0.3467,0.5940,4.0000,0.0000,1.5171,0.6000,0.0000
1492,2016-02-01,0.6628,0.1198,43.6445,0.3494,0.6628,4.0000,0.0000,1.5171,0.6000,0.0000
1493,2016-02-02,0.8957,0.1215,43.8927,0.3520,0.8957,4.0000,0.0000,1.5171,0.6000,0.0000
1494,2016-02-03,1.1737,0.1244,21.0067,0.3547,1.1737,4.0000,0.0000,1.5171,0.6000,0.0000
1495,2016-02-04,1.1312,0.1260,42.7445,0.3575,1.1312,4.0000,0.0000,1.5171,0.6000,0.0000
1496,2016-02-05,1.0263,0.1261,59.6730,0.3602,1.0263,4.0000,0.0000,1.5171,0.6000,0.0000
1497,2016-02-06,1.0214,0.1248,13.0457,0.3630,1.0214,4.0000,0.0000,1.5171,0.6000,0.0000
1498,2016-02-07,1.1294,0.1246,61.6373,0.3658,1.1294,4.0000,0.0000,1.5171,0.6000,0.0000
1499,2016-02-08,1.2733,0.1261,57.1858,0.3687,1.2733,4.0000,0.0000,1.5171,0.6000,0.0000
1500,2016-02-09,1.4638,0.1270,19.8085,0.3716,1.4638,4.0000,0.0000,1.5171,0.6000,0.0000
1501,2016-02-10,1.5862,0.1271,34.6702,0.3744,1.5862,4.0000,0.0000,1.5171,0.6000,0.0000
1502,2016-02-11,1.5578,0.1270,21.9465,0.3774,1.5578,4.0000,0.0000,1.5171,0.6000,0.0000
1503,2016-02-12,1.5111,0.1273,40.4480,0.3803,1.5111,4.0000,0.0000,1.5171,0.6000,0.0000
1504,2016-02-13,1.4909,0.1255,52.8674,0.3832,1.4909,4.0000,0.0000,1.5171,0.6000,0.0000
1505,2016-02-14,1.6045,0.1220,28.6435,0.3862,1.6045,4.0000,0.0000,1.5171,0.6000,0.0000
1506,2016-02-15,1.6837,0.1175,23.8141,0.3892,1.6837,4.0000,0.0000,1.5171,0.6000,0.0000
1507,2016-02-16,1.5972,0.1179,63.4992,0.3922,1.5972,4.0000,0.0000,1.5171,0.6000,0.0000
1508,2016-02-17,1.5025,0.1120,74.1105,0.3952,1.5025,4.0000,0.0000,1.5171,0.6000,0.0000
1509,2016-02-18,1.3672,0.1089,34.6081,0.3983,1.3672,4.0000,0.0000,1.5171,0.6000,0.0000
1510,2016-02-19,1.4728,0.1069,14.8161,0.4013,1.4728,4.0000,0.0000,1.5171,0.6000,0.0000
1511,2016-02-20,1.4150,0.1060,42.9900,0.4044,1.4150,4.0000,0.0000,1.5171,0.6000,0.0000
1512,2016-02-21,1.4274,0.1055,24.7584,0.4075,1.4274,4.0000,0.0000,1.5171,0.6000,0.0000
1513,2016-02-22,1.5966,0.1057,44.1590,0.4106,1.5966,4.0000,0.0000,1.5171,0.6000,0.0000
1514,2016-02-23,1.7465,0.1062,60.5439,0.4137,1.7465,4.0000,0.0000,1.5171,0.6000,0.0000
1515,2016-02-24,1.8904,0.1061,75.9448,0.4168,1.8904,4.0000,0.0000,1.5171,0.6000,0.0000
1516,2016-02-25,1.7607,0.1062,68.9170,0.4199,1.7607,4.0000,0.0000,1.5171,0.6000,0.0000
1517,2016-02-26,1.6496,0.1064,74.9128,0.4230,1.6496,4.0000,0.0000,1.5171,0.6000,0.0000
1518,2016-02-27,1.6516,0.1066,85.5476,0.4262,1.6516,4.0000,0.0000,1.5171,0.6000,0.0000
1519,2016-02-28,1.6847,0.1064,66.2322,0.4293,1.6847,4.0000,0.0000,1.5171,0.6000,0.0000
1520,2016-02-29,1.5971,0.1064,92.9302,0.4325,1.5971,4.0000,0.0000,1.5171,0.6000,0.0000
1521,2016-03-01,1.6252,0.1056,98.1348,0.4357,1.6252,4.0000,0.0000,1.5171,0.6000,0.0000
1522,2016-03-02,1.7471,0.1045,59.9858,0.4388,1.7471,4.0000,0.0000,1.5171,0.6000,0.0000
1523,2016-03-03,1.9352,0.1040,45.6594,0.4420,1.9352,4.0000,0.0000,1.5171,0.6000,0.0000
1524,2016-03-04,2.1099,0.1042,67.9303,0.4452,2.1099,4.0000,0.0000,1.5171,0.6000,0.0000
1525,2016-03-05,2.1228,0.1042,92.9725,0.4484,2.1228,4.0000,0.0000,1.5171,0.6000,0.0000
1526,2016-03-06,2.1625,0.1037,61.4977,0.4516,2.1625,4.0000,0.0000,1.5171,0.6000,0.0000
1527,2016-03-07,2.6415,0.1035,90.7543,0.4548,2.6415,4.0000,0.0000,1.5171,0.6000,0.0000
1528,2016-03-08,2.9264,0.1034,67.2742,0.4580,2.9264,4.0000,0.0000,1.5171,0.6000,0.0000
1529,2016-03-09,3.0594,0.1034,89.1828,0.4612,3.0594,4.0000,0.0000,1.5171,0.6000,0.0000
1530,2016-03-10,2.9601,0.1033,60.3192,0.4644,2.9601,4.0000,0.0000,1.5171,0.6000,0.0000
1531,2016-03-11,2.9290,0.1033,63.2256,0.4677,2.9290,4.0000,0.0000,1.5171,0.6000,0.0000
1532,2016-03-12,2.9154,0.1035,76.7813,0.4709,2.9154,4.0000,0.0000,1.5171,0.6000,0.0000
1533,2016-03-13,2.8997,0.1038,144.5525,0.4741,2.8997,4.0000,0.0000,1.5171,0.6000,0.0000
1534,2016-03-14,2.8795,0.1045,35.9851,0.4773,2.8795,4.0000,0.0000,1.5171,0.6000,0.0000
1535,2016-03-15,2.8446,0.1049,86.8840,0.4806,2.8446,4.0000,0.0000,1.5171,0.6000,0.0000
1536,2016-03-16,3.1114,0.1058,119.4909,0.4838,3.1114,4.0000,0.0000,1.5171,0.6000,0.0000
1537,2016-03-17,3.4662,0.1064,102.9995,0.4870,3.4662,4.0000,0.0000,1.5171,0.6000,0.0000
1538,2016-03-18,3.6185,0.1072,141.8026,0.4903,3.6185,4.0000,0.0000,1.5171,0.6000,0.0000
1539,2016-03-19,3.0163,0.1156,111.2085,0.4935,3.0163,4.0000,0.0000,1.5171,0.6000,0.0000
1540,2016-03-20,3.2509,0.1076,87.1195,0.4968,3.2509,4.0000,0.0000,1.5171,0.6000,0.0000
1541,2016-03-21,3.7161,0.1069,147.3040,0.5000,3.7161,4.0000,0.0000,1.5171,0.6000,0.0000
1542,2016-03-22,4.1378,0.1067,135.6670,0.5032,4.1378,4.0000,0.0000,1.5171,0.6000,0.0000
1543,2016-03-23,4.0088,0.1062,124.0430,0.5065,4.0088,4.0000,0.0000,1.5171,0.6000,0.0000
1544,2016-03-24,3.9252,0.1054,155.7244,0.5097,3.9252,4.0000,0.0000,1.5171,0.6000,0.0000
1545,2016-03-25,4.3819,0.1048,130.2987,0.5130,4.3819,4.0000,0.0000,1.5171,0.6000,0.0000
1546,2016-03-26,4.8102,0.1043,81.5632,0.5162,4.8102,4.0000,0.0000,1.5171,0.6000,0.0000
1547,2016-03-27,5.1666,0.1038,141.7912,0.5194,5.1666,4.0000,0.0000,1.5171,0.6000,0.0000
1548,2016-03-28,5.6124,0.1031,182.6700,0.5227,5.6124,4.0000,0.0000,1.5171,0.6000,0.0000
1549,2016-03-29,5.9668,0.1030,96.7308,0.5259,5.9668,4.0000,0.0000,1.5171,0.6000,0.0000
1550,2016-03-30,6.5249,0.1031,143.7083,0.5291,6.5249,4.0000,0.0000,1.5171,0.6000,0.0000
1551,2016-03-31,6.6701,0.1038,133.4426,0.5323,6.6701,4.0000,0.0000,1.5171,0.6000,0.0000
1552,2016-04-01,6.6872,0.1061,155.5201,0.5356,6.6872,4.0000,0.0000,1.5171,0.6000,0.0000
1553,2016-04-02,6.6713,0.1114,145.8471,0.5388,6.6713,4.0000,0.0000,1.5171,0.6000,0.0000
1554,2016-04-03,7.2195,0.1053,151.2715,0.5420,7.2195,4.0000,0.0000,1.5171,0.6000,0.0000
1555,2016-04-04,7.8846,0.1052,174.8234,0.5452,7.8846,4.0000,0.0000,1.5171,0.6000,0.0000
1556,2016-04-05,8.4345,0.1051,108.8681,0.5484,8.4345,4.0000,0.0000,1.5171,0.6000,0.0000
1557,2016-04-06,8.4721,0.1047,74.1341,0.5516,8.4721,4.0000,0.0000,1.5171,0.6000,0.0000
1558,2016-04-07,8.4053,0.1042,133.2084,0.5548,8.4053,4.0000,0.0000,1.5171,0.6000,0.0000
1559,2016-04-08,8.9904,0.1040,204.5376,0.5580,8.9904,4.0000,0.0000,1.5171,0.6000,0.0000
1560,2016-04-09,9.7333,0.1043,213.1362,0.5612,9.7333,4.0000,0.0000,1.5171,0.6000,0.0000
1561,2016-04-10,10.0099,0.1102,216.7194,0.5643,10.0099,4.0000,0.0000,1.5171,0.6000,0.0000
1562,2016-04-11,10.0457,0.1817,225.9443,0.5675,10.0457,4.0000,0.0000,1.5171,0.6000,0.0000
1563,2016-04-12,10.3929,0.1246,183.0872,0.5707,10.3929,4.0000,0.0000,1.5171,0.6000,0.0000
1564,2016-04-13,10.7526,0.1080,104.1428,0.5738,10.7526,4.0000,0.0000,1.5171,0.6000,0.0000
1565,2016-04-14,10.8763,0.1309,207.6155,0.5770,10.8763,4.0000,0.0000,1.5171,0.6000,0.0000
1566,2016-04-15,10.6800,0.1307,238.7102,0.5801,10.6800,4.0000,0.0000,1.5171,0.6000,0.0000
1567,2016-04-16,10.7611,0.1075,165.8030,0.5832,10.7611,4.0000,0.0000,1.5171,0.6000,0.0000
1568,2016-04-17,10.8706,0.1061,96.3530,0.5863,10.8706,4.0000,0.0000,1.5171,0.6000,0.0000
1569,2016-04-18,10.1032,0.1064,203.2793,0.5894,10.1032,4.0000,0.0000,1.5171,0.6000,0.0000
1570,2016-04-19,9.7518,0.1067,182.7509,0.5925,9.7518,4.0000,0.0000,1.5171,0.6000,0.0000
1571,2016-04-20,9.1857,0.2602,217.7809,0.5956,9.1857,4.0000,0.0000,1.5171,0.6000,0.0000
1572,2016-04-21,9.1122,0.8182,236.4192,0.5987,9.1122,4.0000,0.0000,1.5171,0.6000,0.0000
1573,2016-04-22,9.0442,1.2363,155.4448,0.6017,9.0442,4.0000,0.0000,1.5171,0.6000,0.0000
1574,2016-04-23,9.1853,0.9458,235.1086,0.6048,9.1853,4.0000,0.0000,1.5171,0.6000,0.0000
1575,2016-04-24,9.3628,0.7022,154.3858,0.6078,9.3628,4.0000,0.0000,1.5171,0.6000,0.0000
1576,2016-04-25,9.4317,0.5860,215.5765,0.6108,9.4317,4.0000,0.0000,1.5171,0.6000,0.0000
1577,2016-04-26,10.0619,0.2756,189.8107,0.6138,10.0619,4.0000,0.0000,1.5171,0.6000,0.0000
1578,2016-04-27,10.0836,0.1638,171.8823,0.6168,10.0836,4.0000,0.0000,1.5171,0.6000,0.0000
1579,2016-04-28,10.1165,0.1335,118.7518,0.6197,10.1165,4.0000,0.0000,1.5171,0.6000,0.0000
1580,2016-04-29,10.3863,0.1160,235.6430,0.6226,10.3863,4.0000,0.0000,1.5171,0.6000,0.0000
1581,2016-04-30,11.1576,0.1097,238.3531,0.6256,11.1576,4.0000,0.0000,1.5171,0.6000,0.0000
1582,2016-05-01,11.6586,0.1093,135.1305,0.6284,11.6586,4.0000,0.0000,1.5171,0.6000,0.0000
1583,2016-05-02,12.1501,0.1084,207.8781,0.6313,12.1501,4.0000,0.0000,1.5171,0.6000,0.0000
1584,2016-05-03,12.7512,0.1061,223.3030,0.6342,12.7512,4.0000,0.0000,1.5171,0.6000,0.0000
1585,2016-05-04,13.7095,0.1052,255.3448,0.6370,13.7095,4.0000,0.0000,1.5171,0.6000,0.0000
1586,2016-05-05,14.5707,0.1056,284.9558,0.6398,14.5707,4.0000,0.0000,1.5171,0.6000,0.0000
1587,2016-05-06,14.9489,0.1055,290.2208,0.6425,14.9489,4.0000,0.0000,1.5171,0.6000,0.0000
1588,2016-05-07,15.2372,0.1050,260.1149,0.6453,15.2372,4.0000,0.0000,1.5171,0.6000,0.0000
1589,2016-05-08,15.8431,0.1052,243.1740,0.6480,15.8431,4.0000,0.0000,1.5171,0.6000,0.0000
1590,2016-05-09,16.5610,0.1056,252.4734,0.6506,16.5610,4.0000,0.0000,1.5171,0.6000,0.0000
1591,2016-05-10,17.2846,0.1059,263.7955,0.6533,17.2846,4.0000,0.0000,1.5171,0.6000,0.0000
1592,2016-05-11,18.2156,0.1061,275.6286,0.6559,18.2156,4.0000,0.0000,1.5171,0.6000,0.0000
1593,2016-05-12,18.3613,0.1064,285.5795,0.6585,18.3613,4.0000,0.0000,1.5171,0.6000,0.0000
1594,2016-05-13,18.3615,0.1062,180.3653,0.6610,18.3615,4.0000,0.0000,1.5171,0.6000,0.0000
1595,2016-05-14,18.1682,0.1056,124.6364,0.6635,18.1682,4.0000,0.0000,1.5171,0.6000,0.0000
1596,2016-05-15,16.8655,0.1055,218.7941,0.6660,16.8655,4.0000,0.0000,1.5171,0.6000,0.0000
1597,2016-05-16,14.9752,0.1053,124.1104,0.6684,14.9752,4.0000,0.0000,1.5171,0.6000,0.0000
1598,2016-05-17,13.8020,0.1051,200.7311,0.6708,13.8020,4.0000,0.0000,1.5171,0.6000,0.0000
1599,2016-05-18,13.9283,0.1051,201.9290,0.6731,13.9283,4.0000,0.0000,1.5171,0.6000,0.0000
1600,2016-05-19,14.6929,0.1049,250.1575,0.6754,14.6929,4.0000,0.0000,1.5171,0.6000,0.0000
1601,2016-05-20,15.9495,0.1050,310.4513,0.6777,15.9495,4.0000,0.0000,1.5171,0.6000,0.0000
1602,2016-05-21,16.8139,0.1052,290.0464,0.6798,16.8139,4.0000,0.0000,1.5171,0.6000,0.0000
1603,2016-05-22,17.7159,0.1049,272.0417,0.6820,17.7159,4.0000,0.0000,1.5171,0.6000,0.0000
1604,2016-05-23,18.5347,0.1043,301.6081,0.6841,18.5347,4.0000,0.0000,1.5171,0.6000,0.0000
1605,2016-05-24,19.4472,0.1042,308.8537,0.6861,19.4472,4.0000,0.0000,1.5171,0.6000,0.0000
1606,2016-05-25,20.3656,0.1256,273.6860,0.6881,20.3656,4.0000,0.0000,1.5171,0.6000,0.0000
1607,2016-05-26,19.0495,0.7934,255.5611,0.6900,19.0495,4.0000,0.0000,1.5171,0.6000,0.0000
1608,2016-05-27,19.2661,0.2892,233.1253,0.6919,19.2661,4.0000,0.0000,1.5171,0.6000,0.0000
1609,2016-05-28,19.7086,0.1443,207.6252,0.6937,19.7086,4.0000,0.0000,1.5171,0.6000,0.0000
1610,2016-05-29,20.3353,0.1179,283.1838,0.6955,20.3353,4.0000,0.0000,1.5171,0.6000,0.0000
1611,2016-05-30,21.2240,0.1106,288.5964,0.6971,21.2240,4.0000,0.0000,1.5171,0.6000,0.0000
1612,2016-05-31,22.0396,0.1094,257.7562,0.6988,22.0396,4.0000,0.0000,1.5171,0.6000,0.0000
1613,2016-06-01,22.3961,0.1075,271.5904,0.7003,22.3961,4.0000,0.0000,1.5171,0.6000,0.0000
1614,2016-06-02,22.9489,0.1053,267.7444,0.7018,22.9489,4.0000,0.0000,1.5171,0.6000,0.0000
1615,2016-06-03,23.6852,0.1051,267.4208,0.7032,23.6852,4.0000,0.0000,1.5171,0.6000,0.0000
1616,2016-06-04,23.1855,0.1065,274.4538,0.7046,23.1855,4.0000,0.0000,1.5171,0.6000,0.0000
1617,2016-06-05,21.0126,0.1906,258.2620,0.7058,21.0126,4.0000,0.0000,1.5171,0.6000,0.0000
1618,2016-06-06,18.8323,0.4672,245.9961,0.7070,18.8323,4.0000,0.0000,1.5171,0.6000,0.0000
1619,2016-06-07,18.8856,0.1649,320.6640,0.7082,18.8856,4.0000,0.0000,1.5171,0.6000,0.0000
1620,2016-06-08,19.2210,0.1118,262.1275,0.7092,19.2210,4.0000,0.0000,1.5171,0.6000,0.0000
1621,2016-06-09,18.2809,0.1197,281.4787,0.7102,18.2809,4.0000,0.0000,1.5171,0.6000,0.0000
1622,2016-06-10,17.5891,0.1184,179.7734,0.7111,17.5891,4.0000,0.0000,1.5171,0.6000,0.0000
1623,2016-06-11,15.4848,0.5488,220.4368,0.7119,15.4848,4.0000,0.0000,1.5171,0.6000,0.0000
1624,2016-06-12,15.2344,0.7753,282.7735,0.7126,15.2344,4.0000,0.0000,1.5171,0.6000,0.0000
1625,2016-06-13,16.5757,0.2305,295.5998,0.7133,16.5757,4.0000,0.0000,1.5171,0.6000,0.0000
1626,2016-06-14,17.5589,0.1360,223.2304,0.7138,17.5589,4.0000,0.0000,1.5171,0.6000,0.0000
1627,2016-06-15,17.8291,0.1232,112.5134,0.7143,17.8291,4.0000,0.0000,1.5171,0.6000,0.0000
1628,2016-06-16,18.1911,0.1184,205.3778,0.7147,18.1911,4.0000,0.0000,1.5171,0.6000,0.0000
1629,2016-06-17,18.4891,0.1118,124.2690,0.7150,18.4891,4.0000,0.0000,1.5171,0.6000,0.0000
1630,2016-06-18,18.2144,0.1089,246.1668,0.7153,18.2144,4.0000,0.0000,1.5171,0.6000,0.0000
1631,2016-06-19,19.0710,0.1088,295.1300,0.7154,19.0710,4.0000,0.0000,1.5171,0.6000,0.0000
1632,2016-06-20,20.1189,0.1144,234.4595,0.7155,20.1189,4.0000,0.0000,1.5171,0.6000,0.0000
1633,2016-06-21,19.7124,0.1541,160.1473,0.7155,19.7124,4.0000,0.0000,1.5171,0.6000,0.0000
1634,2016-06-22,20.0636,0.1196,293.5507,0.7154,20.0636,4.0000,0.0000,1.5171,0.6000,0.0000
1635,2016-06-23,21.2397,0.1126,312.8467,0.7152,21.2397,4.0000,0.0000,1.5171,0.6000,0.0000
1636,2016-06-24,22.4888,0.1099,321.9851,0.7149,22.4888,4.0000,0.0000,1.5171,0.6000,0.0000
1637,2016-06-25,23.8197,0.1096,289.7004,0.7145,23.8197,4.0000,0.0000,1.5171,0.6000,0.0000
1638,2016-06-26,24.9111,0.1140,275.2613,0.7141,24.9111,4.0000,0.0000,1.5171,0.6000,0.0000
1639,2016-06-27,24.0413,0.1732,278.1678,0.7136,24.0413,4.0000,0.0000,1.5171,0.6000,0.0000
1640,2016-06-28,24.0063,0.1521,267.1410,0.7130,24.0063,4.0000,0.0000,1.5171,0.6000,0.0000
1641,2016-06-29,24.3119,0.1265,226.7006,0.7123,24.3119,4.0000,0.0000,1.5171,0.6000,0.0000
1642,2016-06-30,24.5495,0.1192,284.9511,0.7115,24.5495,4.0000,0.0000,1.5171,0.6000,0.0000
1643,2016-07-01,25.2595,0.1178,285.4526,0.7106,25.2595,4.0000,0.0000,1.5171,0.6000,0.0000
1644,2016-07-02,25.3421,0.1112,277.3775,0.7097,25.3421,4.0000,0.0000,1.5171,0.6000,0.0000
1645,2016-07-03,23.9192,0.1171,73.0678,0.7087,23.9192,4.0000,0.0000,1.5171,0.6000,0.0000
1646,2016-07-04,21.4497,0.1643,229.6847,0.7076,21.4497,4.0000,0.0000,1.5171,0.6000,0.0000
1647,2016-07-05,20.4012,0.2030,261.5923,0.7065,20.4012,4.0000,0.0000,1.5171,0.6000,0.0000
1648,2016-07-06,20.3544,0.1586,184.6299,0.7052,20.3544,4.0000,0.0000,1.5171,0.6000,0.0000
1649,2016-07-07,19.6541,1.1281,258.7688,0.7039,19.6541,4.0000,0.0000,1.5171,0.6000,0.0000
1650,2016-07-08,19.1124,1.8115,191.1143,0.7025,19.1124,4.0000,0.0000,1.5171,0.6000,0.0000
1651,2016-07-09,19.6027,0.9601,195.0470,0.7011,19.6027,4.0000,0.0000,1.5171,0.6000,0.0000
1652,2016-07-10,19.8215,1.0004,189.4992,0.6996,19.8215,4.0000,0.0000,1.5171,0.6000,0.0000
1653,2016-07-11,20.5511,0.6054,216.6699,0.6980,20.5511,4.0000,0.0000,1.5171,0.6000,0.0000
1654,2016-07-12,21.3297,0.4922,259.7728,0.6963,21.3297,4.0000,0.0000,1.5171,0.6000,0.0000
1655,2016-07-13,21.8292,0.4513,213.1478,0.6946,21.8292,4.0000,0.0000,1.5171,0.6000,0.0000
1656,2016-07-14,21.7896,0.5978,133.5902,0.6928,21.7896,4.0000,0.0000,1.5171,0.6000,0.0000
1657,2016-07-15,20.3860,1.2115,102.5695,0.6910,20.3860,4.0000,0.0000,1.5171,0.6000,0.0000
1658,2016-07-16,19.7114,1.2798,223.1585,0.6891,19.7114,4.0000,0.0000,1.5171,0.6000,0.0000
1659,2016-07-17,19.4380,0.6546,104.8573,0.6871,19.4380,4.0000,0.0000,1.5171,0.6000,0.0000
1660,2016-07-18,19.1224,0.8459,238.9927,0.6851,19.1224,4.0000,0.0000,1.5171,0.6000,0.0000
1661,2016-07-19,19.4229,1.3144,263.5379,0.6830,19.4229,4.0000,0.0000,1.5171,0.6000,0.0000
1662,2016-07-20,19.9298,1.8044,310.2664,0.6809,19.9298,4.0000,0.0000,1.5171,0.6000,0.0000
1663,2016-07-21,20.2229,2.7637,248.5439,0.6788,20.2229,4.0000,0.0000,1.5171,0.6000,0.0000
1664,2016-07-22,20.6845,2.4325,163.4299,0.6765,20.6845,4.0000,0.0000,1.5171,0.6000,0.0000
1665,2016-07-23,21.1871,1.3590,178.4383,0.6743,21.1871,4.0000,0.0000,1.5171,0.6000,0.0000
1666,2016-07-24,21.7793,0.7883,184.9481,0.6720,21.7793,4.0000,0.0000,1.5171,0.6000,0.0000
1667,2016-07-25,22.6592,0.5251,246.8916,0.6696,22.6592,4.0000,0.0000,1.5171,0.6000,0.0000
1668,2016-07-26,23.5766,0.4103,268.4798,0.6672,23.5766,4.0000,0.0000,1.5171,0.6000,0.0000
1669,2016-07-27,24.1646,0.3800,243.9056,0.6648,24.1646,4.0000,0.0000,1.5171,0.6000,0.0000
1670,2016-07-28,24.1716,0.3482,179.9646,0.6623,24.1716,4.0000,0.0000,1.5171,0.6000,0.0000
1671,2016-07-29,24.2458,0.3181,196.7834,0.6598,24.2458,4.0000,0.0000,1.5171,0.6000,0.0000
1672,2016-07-30,24.2647,0.2681,205.7672,0.6572,24.2647,4.0000,0.0000,1.5171,0.6000,0.0000
1673,2016-07-31,23.7095,0.2418,226.2279,0.6546,23.7095,4.0000,0.0000,1.5171,0.6000,0.0000
1674,2016-08-01,22.5792,0.2552,131.6037,0.6520,22.5792,4.0000,0.0000,1.5171,0.6000,0.0000
1675,2016-08-02,21.6588,0.2395,215.3477,0.6493,21.6588,4.0000,0.0000,1.5171,0.6000,0.0000
1676,2016-08-03,21.7429,0.2156,214.2215,0.6466,21.7429,4.0000,0.0000,1.5171,0.6000,0.0000
1677,2016-08-04,21.7103,0.1841,150.2092,0.6439,21.7103,4.0000,0.0000,1.5171,0.6000,0.0000
1678,2016-08-05,21.9191,0.1754,113.1101,0.6412,21.9191,4.0000,0.0000,1.5171,0.6000,0.0000
1679,2016-08-06,21.3731,0.1836,123.5282,0.6384,21.3731,4.0000,0.0000,1.5171,0.6000,0.0000
1680,2016-08-07,20.4093,0.1767,168.7666,0.6356,20.4093,4.0000,0.0000,1.5171,0.6000,0.0000
1681,2016-08-08,20.0271,0.1656,154.4369,0.6327,20.0271,4.0000,0.0000,1.5171,0.6000,0.0000
1682,2016-08-09,20.0317,0.1531,196.9827,0.6299,20.0317,4.0000,0.0000,1.5171,0.6000,0.0000
1683,2016-08-10,19.3680,0.1458,143.0150,0.6270,19.3680,4.0000,0.0000,1.5171,0.6000,0.0000
1684,2016-08-11,18.6972,0.1452,213.8965,0.6241,18.6972,4.0000,0.0000,1.5171,0.6000,0.0000
1685,2016-08-12,18.0491,0.1506,195.3243,0.6212,18.0491,4.0000,0.0000,1.5171,0.6000,0.0000
1686,2016-08-13,18.0208,0.1402,97.4508,0.6182,18.0208,4.0000,0.0000,1.5171,0.6000,0.0000
1687,2016-08-14,18.1856,0.1454,175.5163,0.6153,18.1856,4.0000,0.0000,1.5171,0.6000,0.0000
1688,2016-08-15,18.2875,0.5541,214.9759,0.6123,18.2875,4.0000,0.0000,1.5171,0.6000,0.0000
1689,2016-08-16,18.1381,3.9096,152.9771,0.6093,18.1381,4.0000,0.0000,1.5171,0.6000,0.0000
1690,2016-08-17,17.5978,5.3293,36.4177,0.6063,17.5978,4.0000,0.0000,1.5171,0.6000,0.0000
1691,2016-08-18,17.0539,2.6506,74.9005,0.6033,17.0539,4.0000,0.0000,1.5171,0.6000,0.0000
1692,2016-08-19,17.2500,0.8065,201.7010,0.6002,17.2500,4.0000,0.0000,1.5171,0.6000,0.0000
1693,2016-08-20,18.1543,0.3490,214.7639,0.5972,18.1543,4.0000,0.0000,1.5171,0.6000,0.0000
1694,2016-08-21,18.9605,0.1995,143.0420,0.5941,18.9605,4.0000,0.0000,1.5171,0.6000,0.0000
1695,2016-08-22,19.5853,0.1902,120.5491,0.5910,19.5853,4.0000,0.0000,1.5171,0.6000,0.0000
1696,2016-08-23,19.4446,0.1568,96.2931,0.5879,19.4446,4.0000,0.0000,1.5171,0.6000,0.0000
1697,2016-08-24,19.5477,0.1496,196.8158,0.5848,19.5477,4.0000,0.0000,1.5171,0.6000,0.0000
1698,2016-08-25,20.0379,0.1340,214.3552,0.5817,20.0379,4.0000,0.0000,1.5171,0.6000,0.0000
1699,2016-08-26,20.5160,0.1191,225.0346,0.5785,20.5160,4.0000,0.0000,1.5171,0.6000,0.0000
1700,2016-08-27,20.8477,0.1139,210.1541,0.5754,20.8477,4.0000,0.0000,1.5171,0.6000,0.0000
1701,2016-08-28,20.9761,0.1149,189.3050,0.5723,20.9761,4.0000,0.0000,1.5171,0.6000,0.0000
1702,2016-08-29,21.0240,0.1159,167.0994,0.5691,21.0240,4.0000,0.0000,1.5171,0.6000,0.0000
1703,2016-08-30,19.5984,0.2519,139.5264,0.5659,19.5984,4.0000,0.0000,1.5171,0.6000,0.0000
1704,2016-08-31,18.9165,0.2632,128.0109,0.5628,18.9165,4.0000,0.0000,1.5171,0.6000,0.0000
1705,2016-09-01,19.2949,0.1370,201.9520,0.5596,19.2949,4.0000,0.0000,1.5171,0.6000,0.0000
1706,2016-09-02,19.4414,0.1301,168.2912,0.5564,19.4414,4.0000,0.0000,1.5171,0.6000,0.0000
1707,2016-09-03,18.9615,0.1268,83.9487,0.5532,18.9615,4.0000,0.0000,1.5171,0.6000,0.0000
1708,2016-09-04,18.5440,0.1257,73.0733,0.5500,18.5440,4.0000,0.0000,1.5171,0.6000,0.0000
1709,2016-09-05,18.2338,0.1439,129.1092,0.5468,18.2338,4.0000,0.0000,1.5171,0.6000,0.0000
1710,2016-09-06,18.1930,0.1746,173.1418,0.5436,18.1930,4.0000,0.0000,1.5171,0.6000,0.0000
1711,2016-09-07,18.4216,0.1291,161.5911,0.5404,18.4216,4.0000,0.0000,1.5171,0.6000,0.0000
1712,2016-09-08,18.6346,0.1216,67.4979,0.5372,18.6346,4.0000,0.0000,1.5171,0.6000,0.0000
1713,2016-09-09,18.8781,0.1218,151.0165,0.5339,18.8781,4.0000,0.0000,1.5171,0.6000,0.0000
1714,2016-09-10,19.4546,0.1201,181.2173,0.5307,19.4546,4.0000,0.0000,1.5171,0.6000,0.0000
1715,2016-09-11,19.9221,0.1179,140.7132,0.5275,19.9221,4.0000,0.0000,1.5171,0.6000,0.0000
1716,2016-09-12,20.2671,0.1158,159.6448,0.5243,20.2671,4.0000,0.0000,1.5171,0.6000,0.0000
1717,2016-09-13,20.1016,0.1165,172.7580,0.5210,20.1016,4.0000,0.0000,1.5171,0.6000,0.0000
1718,2016-09-14,19.8098,0.1170,176.3356,0.5178,19.8098,4.0000,0.0000,1.5171,0.6000,0.0000
1719,2016-09-15,19.6145,0.1147,171.0945,0.5146,19.6145,4.0000,0.0000,1.5171,0.6000,0.0000
1720,2016-09-16,19.3855,0.1143,109.9177,0.5113,19.3855,4.0000,0.0000,1.5171,0.6000,0.0000
1721,2016-09-17,18.2506,0.1138,127.3980,0.5081,18.2506,4.0000,0.0000,1.5171,0.6000,0.0000
1722,2016-09-18,17.1154,0.1124,98.8150,0.5049,17.1154,4.0000,0.0000,1.5171,0.6000,0.0000
1723,2016-09-19,16.6744,0.1114,108.0971,0.5016,16.6744,4.0000,0.0000,1.5171,0.6000,0.0000
1724,2016-09-20,16.1372,0.1120,110.2930,0.4984,16.1372,4.0000,0.0000,1.5171,0.6000,0.0000
1725,2016-09-21,15.3272,0.1125,133.2588,0.4951,15.3272,4.0000,0.0000,1.5171,0.6000,0.0000
1726,2016-09-22,14.8701,0.1126,127.0885,0.4919,14.8701,4.0000,0.0000,1.5171,0.6000,0.0000
1727,2016-09-23,14.7930,0.1118,113.0663,0.4887,14.7930,4.0000,0.0000,1.5171,0.6000,0.0000
1728,2016-09-24,14.9219,0.1114,114.7230,0.4854,14.9219,4.0000,0.0000,1.5171,0.6000,0.0000
1729,2016-09-25,15.2533,0.1107,113.5355,0.4822,15.2533,4.0000,0.0000,1.5171,0.6000,0.0000
1730,2016-09-26,15.0611,0.1101,143.1944,0.4790,15.0611,4.0000,0.0000,1.5171,0.6000,0.0000
1731,2016-09-27,14.5172,0.1099,105.7709,0.4757,14.5172,4.0000,0.0000,1.5171,0.6000,0.0000
1732,2016-09-28,13.8353,0.1090,39.7665,0.4725,13.8353,4.0000,0.0000,1.5171,0.6000,0.0000
1733,2016-09-29,13.8891,0.1091,58.7312,0.4693,13.8891,4.0000,0.0000,1.5171,0.6000,0.0000
1734,2016-09-30,14.4664,0.1091,98.7462,0.4661,14.4664,4.0000,0.0000,1.5171,0.6000,0.0000
1735,2016-10-01,14.4121,0.1096,106.6860,0.4628,14.4121,4.0000,0.0000,1.5171,0.6000,0.0000
1736,2016-10-02,14.3600,0.1599,39.2583,0.4596,14.3600,4.0000,0.0000,1.5171,0.6000,0.0000
1737,2016-10-03,14.3928,1.6691,53.5832,0.4564,14.3928,4.0000,0.0000,1.5171,0.6000,0.0000
1738,2016-10-04,13.4555,5.5657,117.1236,0.4532,13.4555,4.0000,0.0000,1.5171,0.6000,0.0000
1739,2016-10-05,12.1005,6.9922,32.4021,0.4500,12.1005,4.0000,0.0000,1.5171,0.6000,0.0000
1740,2016-10-06,10.8756,6.0787,29.7800,0.4468,10.8756,4.0000,0.0000,1.5171,0.6000,0.0000
1741,2016-10-07,10.2881,3.8285,27.2684,0.4436,10.2881,4.0000,0.0000,1.5171,0.6000,0.0000
1742,2016-10-08,9.7026,2.4533,19.8066,0.4404,9.7026,4.0000,0.0000,1.5171,0.6000,0.0000
1743,2016-10-09,9.4171,1.2751,58.4300,0.4372,9.4171,4.0000,0.0000,1.5171,0.6000,0.0000
1744,2016-10-10,9.3741,0.7791,23.7767,0.4341,9.3741,4.0000,0.0000,1.5171,0.6000,0.0000
1745,2016-10-11,8.8285,0.4715,58.2547,0.4309,8.8285,4.0000,0.0000,1.5171,0.6000,0.0000
1746,2016-10-12,8.3764,0.3172,77.7936,0.4277,8.3764,4.0000,0.0000,1.5171,0.6000,0.0000
1747,2016-10-13,7.9947,0.2588,107.4783,0.4246,7.9947,4.0000,0.0000,1.5171,0.6000,0.0000
1748,2016-10-14,7.5265,0.2281,62.4889,0.4215,7.5265,4.0000,0.0000,1.5171,0.6000,0.0000
1749,2016-10-15,6.6901,0.2027,83.2552,0.4183,6.6901,4.0000,0.0000,1.5171,0.6000,0.0000
1750,2016-10-16,6.1398,0.1899,96.5200,0.4152,6.1398,4.0000,0.0000,1.5171,0.6000,0.0000
1751,2016-10-17,5.7591,0.1891,94.4160,0.4121,5.7591,4.0000,0.0000,1.5171,0.6000,0.0000
1752,2016-10-18,5.3753,0.1870,31.9145,0.4090,5.3753,4.0000,0.0000,1.5171,0.6000,0.0000
1753,2016-10-19,5.3626,0.1839,13.8720,0.4059,5.3626,4.0000,0.0000,1.5171,0.6000,0.0000
1754,2016-10-20,5.3946,0.1807,27.0390,0.4028,5.3946,4.0000,0.0000,1.5171,0.6000,0.0000
1755,2016-10-21,5.0354,0.1726,22.7068,0.3998,5.0354,4.0000,0.0000,1.5171,0.6000,0.0000
1756,2016-10-22,4.5485,0.1640,16.1703,0.3967,4.5485,4.0000,0.0000,1.5171,0.6000,0.0000
1757,2016-10-23,4.6689,0.1618,35.2226,0.3937,4.6689,4.0000,0.0000,1.5171,0.6000,0.0000
1758,2016-10-24,5.0350,0.1600,23.2990,0.3907,5.0350,4.0000,0.0000,1.5171,0.6000,0.0000
1759,2016-10-25,4.9898,0.1604,11.8860,0.3877,4.9898,4.0000,0.0000,1.5171,0.6000,0.0000
1760,2016-10-26,4.8562,0.2416,56.4415,0.3847,4.8562,4.0000,0.0000,1.5171,0.6000,0.0000
1761,2016-10-27,5.1227,0.1919,38.9489,0.3818,5.1227,4.0000,0.0000,1.5171,0.6000,0.0000
1762,2016-10-28,5.8731,0.1629,9.1563,0.3788,5.8731,4.0000,0.0000,1.5171,0.6000,0.0000
1763,2016-10-29,6.3122,0.6022,63.2277,0.3759,6.3122,4.0000,0.0000,1.5171,0.6000,0.0000
1764,2016-10-30,7.4388,4.8784,58.2251,0.3730,7.4388,4.0000,0.0000,1.5171,0.6000,0.0000
1765,2016-10-31,7.0167,5.1197,50.8080,0.3701,7.0167,4.0000,0.0000,1.5171,0.6000,0.0000
1766,2016-11-01,5.6917,2.2206,8.9450,0.3673,5.6917,4.0000,0.0000,1.5171,0.6000,0.0000
1767,2016-11-02,5.3337,0.8878,40.8681,0.3644,5.3337,4.0000,0.0000,1.5171,0.6000,0.0000
1768,2016-11-03,5.0347,1.7774,45.8920,0.3616,5.0347,4.0000,0.0000,1.5171,0.6000,0.0000
1769,2016-11-04,4.4807,1.5758,53.5476,0.3588,4.4807,4.0000,0.0000,1.5171,0.6000,0.0000
1770,2016-11-05,4.2385,0.6039,28.2104,0.3561,4.2385,4.0000,0.0000,1.5171,0.6000,0.0000
1771,2016-11-06,3.8095,0.3089,13.4523,0.3534,3.8095,4.0000,0.0000,1.5171,0.6000,0.0000
1772,2016-11-07,3.2062,0.4542,20.4775,0.3507,3.2062,4.0000,0.0000,1.5171,0.6000,0.0000
1773,2016-11-08,2.6609,0.4314,46.3340,0.3480,2.6609,4.0000,0.0000,1.5171,0.6000,0.0000
1774,2016-11-09,2.6244,0.2294,43.8810,0.3454,2.6244,4.0000,0.0000,1.5171,0.6000,0.0000
1775,2016-11-10,2.4459,0.1694,31.8419,0.3428,2.4459,4.0000,0.0000,1.5171,0.6000,0.0000
1776,2016-11-11,2.2327,0.1564,38.9625,0.3402,2.2327,4.0000,0.0000,1.5171,0.6000,0.0000
1777,2016-11-12,2.1581,0.1531,41.1737,0.3377,2.1581,4.0000,0.0000,1.5171,0.6000,0.0000
1778,2016-11-13,2.1946,0.1522,31.1764,0.3352,2.1946,4.0000,0.0000,1.5171,0.6000,0.0000
1779,2016-11-14,2.2681,0.1539,23.9558,0.3328,2.2681,4.0000,0.0000,1.5171,0.6000,0.0000
1780,2016-11-15,2.3972,0.1551,10.7474,0.3304,2.3972,4.0000,0.0000,1.5171,0.6000,0.0000
1781,2016-11-16,2.4144,0.1544,11.5067,0.3280,2.4144,4.0000,0.0000,1.5171,0.6000,0.0000
1782,2016-11-17,2.8771,0.1552,12.4386,0.3257,2.8771,4.0000,0.0000,1.5171,0.6000,0.0000
1783,2016-11-18,3.4042,0.1536,23.5907,0.3235,3.4042,4.0000,0.0000,1.5171,0.6000,0.0000
1784,2016-11-19,3.9280,0.1531,24.6884,0.3212,3.9280,4.0000,0.0000,1.5171,0.6000,0.0000
1785,2016-11-20,4.2344,0.1560,31.2296,0.3191,4.2344,4.0000,0.0000,1.5171,0.6000,0.0000
1786,2016-11-21,4.5073,0.1527,36.6943,0.3170,4.5073,4.0000,0.0000,1.5171,0.6000,0.0000
1787,2016-11-22,4.4265,0.1460,30.5925,0.3149,4.4265,4.0000,0.0000,1.5171,0.6000,0.0000
1788,2016-11-23,4.0177,0.1423,27.6702,0.3129,4.0177,4.0000,0.0000,1.5171,0.6000,0.0000
1789,2016-11-24,4.1911,0.1510,32.8929,0.3109,4.1911,4.0000,0.0000,1.5171,0.6000,0.0000
1790,2016-11-25,4.2099,0.3547,32.9740,0.3090,4.2099,4.0000,0.0000,1.5171,0.6000,0.0000
1791,2016-11-26,4.5846,0.2670,8.3267,0.3072,4.5846,4.0000,0.0000,1.5171,0.6000,0.0000
1792,2016-11-27,4.5436,1.4904,27.6428,0.3054,4.5436,4.0000,0.0000,1.5171,0.6000,0.0000
1793,2016-11-28,3.6903,6.0904,32.6371,0.3037,3.6903,4.0000,0.0000,1.5171,0.6000,0.0000
1794,2016-11-29,3.1053,5.9930,35.5625,0.3020,3.1053,4.0000,0.0000,1.5171,0.6000,0.0000
1795,2016-11-30,2.8129,2.6924,22.6770,0.3004,2.8129,4.0000,0.0000,1.5171,0.6000,0.0000
1796,2016-12-01,2.6236,1.2059,29.0422,0.2989,2.6236,4.0000,0.0000,1.5171,0.6000,0.0000
1797,2016-12-02,2.3437,0.8143,20.9944,0.2975,2.3437,4.0000,0.0000,1.5171,0.6000,0.0000
1798,2016-12-03,1.7284,1.2465,25.1571,0.2961,1.7284,4.0000,0.0000,1.5171,0.6000,0.0000
1799,2016-12-04,1.2922,0.6728,24.1465,0.2948,1.2922,4.0000,0.0000,1.5171,0.6000,0.0000
1800,2016-12-05,1.9342,0.3526,10.1727,0.2935,1.9342,4.0000,0.0000,1.5171,0.6000,0.0000
1801,2016-12-06,1.9722,0.3713,27.9768,0.2924,1.9722,4.0000,0.0000,1.5171,0.6000,0.0000
1802,2016-12-07,1.3196,0.2781,17.5650,0.2913,1.3196,4.0000,0.0000,1.5171,0.6000,0.0000
1803,2016-12-08,2.0897,0.2180,6.2928,0.2903,2.0897,4.0000,0.0000,1.5171,0.6000,0.0000
1804,2016-12-09,3.1267,0.2280,6.2081,0.2894,3.1267,4.0000,0.0000,1.5171,0.6000,0.0000
1805,2016-12-10,3.3487,0.2214,2.9928,0.2885,3.3487,4.0000,0.0000,1.5171,0.6000,0.0000
1806,2016-12-11,2.8570,0.2051,5.1813,0.2877,2.8570,4.0000,0.0000,1.5171,0.6000,0.0000
1807,2016-12-12,1.7143,0.2066,26.8999,0.2870,1.7143,4.0000,0.0000,1.5171,0.6000,0.0000
1808,2016-12-13,1.2960,0.1824,7.8044,0.2864,1.2960,4.0000,0.0000,1.5171,0.6000,0.0000
1809,2016-12-14,1.5627,0.1726,11.0928,0.2859,1.5627,4.0000,0.0000,1.5171,0.6000,0.0000
1810,2016-12-15,1.4280,0.1646,11.8119,0.2855,1.4280,4.0000,0.0000,1.5171,0.6000,0.0000
1811,2016-12-16,1.3466,0.1472,13.0718,0.2851,1.3466,4.0000,0.0000,1.5171,0.6000,0.0000
1812,2016-12-17,1.3212,0.1408,10.5011,0.2848,1.3212,4.0000,0.0000,1.5171,0.6000,0.0000
1813,2016-12-18,1.3044,0.1399,5.4354,0.2846,1.3044,4.0000,0.0000,1.5171,0.6000,0.0000
1814,2016-12-19,1.5487,0.1403,3.5760,0.2845,1.5487,4.0000,0.0000,1.5171,0.6000,0.0000
1815,2016-12-20,1.7907,0.1395,6.7731,0.2845,1.7907,4.0000,0.0000,1.5171,0.6000,0.0000
1816,2016-12-21,1.6997,0.1347,20.6960,0.2846,1.6997,4.0000,0.0000,1.5171,0.6000,0.0000
1817,2016-12-22,1.4668,0.1348,19.9094,0.2847,1.4668,4.0000,0.0000,1.5171,0.6000,0.0000
1818,2016-12-23,1.6454,0.1402,7.7511,0.2850,1.6454,4.0000,0.0000,1.5171,0.6000,0.0000
1819,2016-12-24,1.8281,0.1437,5.4581,0.2853,1.8281,4.0000,0.0000,1.5171,0.6000,0.0000
1820,2016-12-25,2.1163,0.1500,20.9249,0.2857,2.1163,4.0000,0.0000,1.5171,0.6000,0.0000
1821,2016-12-26,2.7087,0.1573,2.7949,0.2862,2.7087,4.0000,0.0000,1.5171,0.6000,0.0000
1822,2016-12-27,2.9258,0.8146,17.7195,0.2867,2.9258,4.0000,0.0000,1.5171,0.6000,0.0000
1823,2016-12-28,2.7847,5.3768,23.3440,0.2874,2.7847,4.0000,0.0000,1.5171,0.6000,0.0000
1824,2016-12-29,2.1925,2.7922,15.8837,0.2881,2.1925,4.0000,0.0000,1.5171,0.6000,0.0000
1825,2016-12-30,2.1605,0.7089,25.0620,0.2889,2.1605,4.0000,0.0000,1.5171,0.6000,0.0000
1826,2016-12-31,2.3206,0.2551,7.3895,0.2898,2.3206,4.0000,0.0000,1.5171,0.6000,0.0000
